0.7765123747568172 0.6874435108159913 0.10552658470732512 0.22242750361479346 0.1179667693512173 0.8719821515231464 0.8731411411000526 0.8479941515880182 0.23922110280717546 0.24469526578710354 0.9902260621337078 0.6030538536002962 0.36871860100503695 0.6865409830526433 0.8050706275444456
0.11280045308945885 0.9646344863110384 0.9451373755765241 0.5549590527659697 0.3984942137178821 0.586060122561466 0.027996725633102515 0.523033904443566 0.6061380598924293 0.002972970550711662 0.9597668359429786 0.2738044312503143 0.3234194886985594 0.03354794072588885 0.9049746732742837
0.9524374261318722 0.8775263427005452 0.4108432931859458 0.5728067310337696 0.21207032941643644 0.31210931868731484 0.5756192229059225 0.766749777399929 0.19373767005985087 0.578578265034522 0.6680256557227486 0.9194543313914385 0.1251032654022689 0.8450825726755751 0.14812046017391844
0.4619725617111281 0.5270426330526893 0.7259408845295396 0.413657791762032 0.9165613934852824 0.7212210833563484 0.6649491938084339 0.5033109853309015 0.6735303020199364 0.31716501369763783 0.6679099030773396 0.4744723611330678 0.5151528519197797 0.623925332816685 0.07288939120963833
0.3269981911296246 0.0834497162220097 0.47928315140584454 0.07112501482733113 0.40774376001530677 0.6536900693949483 0.8185500318924893 0.24716659392512785 0.0754601159398467 0.7717474133023113 0.41536630305921307 0.49375207462937587 0.031600619691341314 0.5409849473293995 0.6185024358970583
0.27508025848566675 0.12981187252693416 0.6031343390920738 0.5815202905351632 0.36155823243549834 0.6653603299037276 0.14767135279375287 0.43625250968901763 0.8397649531399453 0.11547230993321034 0.6054804453193288 0.09640973494139637 0.413286391519319 0.052541807304381516 0.03513962077279431
0.8942271202509909 0.7532418773139142 0.48438695945006227 0.5939459314298973 0.05091320142618927 0.9317353073938128 0.18921268850707285 0.9008409971859743 0.06076525288212187 0.7771289487750854 0.7076635131091943 0.5446851590612822 0.4291676864631535 0.3269514394170273 0.5303271905834746
0.4688676848270791 0.8462906028096484 0.42241602683949653 0.6762762656606504 0.4720296706027438 0.8011582275836016 0.8879388645157841 0.29671115378941615 0.6047153054986103 0.8448575103198266 0.6697111731320728 0.1574955225968353 0.8130563595699343 0.1970094176327466 0.7692935959849965
0.8553500250740611 0.7831334330511247 0.15622692648952963 0.8013644511828595 0.404698546751186 0.5734471869744692 0.8231347450839059 0.5291683411211447 0.3956365132254944 0.2879710180536472 0.9736282658601125 0.7868752632274051 0.268217874667371 0.7385466776813288 0.5303999538910683
0.784974197109734 0.3742339200745992 0.7729224854652835 0.9723634829575792 0.9129899415606073 0.40488361252057214 0.7035233748676271 0.19445714162612038 0.8032252667712124 0.4512114390264538 0.062081124868466286 0.7844099219046369 0.5998950787222395 0.43391589296401445 0.7265415983343516
0.4184051113782571 0.08993279044272195 0.8901076265068041 0.3192058005031211 0.09417762782816375 0.5949137981512082 0.13682345448178523 0.6588496475317097 0.21793303143799758 0.29795461913796795 0.644578404648068 0.9646072355837385 0.14057801948496274 0.9851102782234078 0.048965068513493804
0.45569078759910253 0.5991029703973975 0.01770673702128789 0.6042857784506858 0.968560218513603 0.6605596341610684 0.7202094854410606 0.040429693975425174 0.22194331574255566 0.1889278774011387 0.2676426359864623 0.7226835735902065 0.4001479929287455 0.5592673897820656 0.5872380331854379
0.7338916597606452 0.7963956662710164 0.3289014617991791 0.7509070939141598 0.9993562216437356 0.3604449184155495 0.841981902304129 0.8282924437980175 0.8570973732409003 0.12856327629744158 0.29163559571190734 0.19457064368629362 0.5395672192810963 0.6789438650002547 0.5929944018029939
0.8428411103815803 0.8776394902743196 0.9519530884696995 0.53076225255203 0.3378505767260275 0.16367325094142782 0.0021343761002222683 0.03657438882759534 0.6659662584380461 0.5176749329830542 0.5076819582517919 0.1242555975635562 0.38572535673757447 0.2890601619563187 0.15313808538694884
0.9651855073803568 0.1639520770746804 0.996243085685633 0.3223555499255779 0.821330863442496 0.9943479968418834 0.05725740493954745 0.8913073700966286 0.07010629180313155 0.13862513363095652 0.0968403242801702 0.2941134449411217 0.35307611138737616 0.10466532793642103 0.9288866323144704
0.45069386779928156 0.9596120909452213 0.7818538300535728 0.4079070380998522 0.5907473671608111 0.916973085961096 0.19064882323385324 0.21910131856944537 0.4862924889849598 0.8998740296803521 0.17161242627604167 0.3338836050106415 0.11379795805272652 0.9954636291906758 0.7385436162351904
0.2961731968710438 0.306967977161144 0.5637316315239983 0.7510164559855769 0.7244915160255294 0.5325372820498883 0.9187175717137785 0.023541935885743825 0.4158818944365398 0.5239695966657778 0.32249531259522135 0.9817355741237545 0.21989562591753609 0.14174247277912078 0.8317586483549425
0.5002867840561757 0.4143641547924545 0.49394044109650637 0.8659348118808703 0.6131900729078084 0.6594042252946897 0.047167275693068555 0.9761046614142089 0.3736128167044659 0.732078681143358 0.18532776957501462 0.18560977549689184 0.258937291983552 0.151362903168603 0.4326176652189013
0.44607774614709095 0.16593000799192037 0.4915429964282878 0.34710040926161456 0.2066992230062693 0.22165427125549297 0.6518984260933002 0.9125375692509268 0.829941639721398 0.3476568128398837 0.6014985554546626 0.10867943017329995 0.6034854652878257 0.7581228794557148 0.15016901268784755
0.22401113987097132 0.39602166656883175 0.3471086828717629 0.11016022901556588 0.3899886150081583 0.5836491945648311 0.2256235211279336 0.8077772817735024 0.7620879234987088 0.7339639763384207 0.5062487033810897 0.2802066263482793 0.7505306692590366 0.6765319195846776 0.8011439158586222
0.6500018878604862 0.7123367658587717 0.011290067744672005 0.79870599020339 0.10816735348819839 0.5563956570664477 0.8105217587534039 0.7148089853763867 0.6565044872935446 0.78453522964992 0.25540308236344533 0.3764686066820079 0.2608634280068485 0.5941077943581285 0.2147192783063958
0.18893815608697073 0.3491677135152752 0.8014003826548399 0.3212020134271357 0.2616569450794578 0.6515572382607786 0.5102168537572398 0.9300390530429168 0.524136507545847 0.2247211102301877 0.6462673243939195 0.4544600529018503 0.7497839675460026 0.1284682452883099 0.7055403649606804
0.9649037782668267 0.023825649752674427 0.6298106934778979 0.32362177844814866 0.6111232144475831 0.340908541569673 0.9983105696117555 0.5629631854444744 0.38068681162681917 0.6986209460340966 0.9261686667153273 0.13639291738881254 0.9426858951283303 0.2650879595456236 0.35750887714892476
0.1377001111076407 0.8420594296061503 0.9419611357625147 0.04353947400636904 0.23391272508738847 0.10779908879005518 0.9185362424674907 0.4537486841397903 0.6889285263945972 0.41739926595105914 0.6183966085988581 0.7680184695497339 0.03444804099157073 0.32026789162170244 0.7768940119048398
0.5505174282369018 0.6816964580337074 0.6644158964128853 0.25594267507963386 0.3634594556986599 0.27621159859141375 0.2935943629944613 0.60201665692924 0.01729253742413528 0.13801317349304953 0.2861501190494704 0.2839040479833711 0.37360725594449384 0.7007584783330014 0.4922221511264764
0.00868664720827994 0.618032568240882 0.4660279788636611 0.8925027976033025 0.5075766185264219 0.7026116420730514 0.6226738774216991 0.34963882000833746 0.7076565326655441 0.22062806965935566 0.1462035600592161 0.6524499289606975 0.26123312180284697 0.3215789682302782 0.8894586987287841
0.3634926075115109 0.9914286522892206 0.3999679088159971 0.9033903937603145 0.8720999884739921 0.9307986339573134 0.19881749582999542 0.9855191816184756 0.22787927544356334 0.27917796582748877 0.6572777223952371 0.24370819201273408 0.7837496553574985 0.7876222198342526 0.3014329185024399
0.28416674163303235 0.4129560124403384 0.7872242619213551 0.22838660984620518 0.48514063123634055 0.08109445622693323 0.32475115787994435 0.7659302274785784 0.7015343536116501 0.8520378194909387 0.6414597764334757 0.7035781734371008 0.6607499479521947 0.9857504513448117 0.53711375556697
0.58547810623394 0.25631563773024535 0.6463334358432206 0.9981388097997617 0.9316823715051022 0.923417152795655 0.880243076958428 0.8370170703589925 0.41149227045842596 0.28923297558727634 0.9474763617455253 0.9894352803047572 0.931064371862917 0.3310145717828826 0.7926197078771666
0.5463659890695599 0.3171938006148126 0.34614091268023606 0.42800780480435585 0.5601746009419096 0.7801665364437226 0.14091660795957883 0.2678418674112494 0.15700952614747632 0.6207989502076304 0.9786709732322927 0.9999673373817196 0.5121462563439784 0.7102598955089537 0.9927553355418139
0.41111346255415016 0.8006210247104333 0.11599639506874815 0.9663243597805483 0.6917478459426889 0.32240295335463953 0.8730614883698458 0.6083266930179094 0.13830147071968213 0.6195181283100265 0.3073685036388938 0.7139185666278447 0.843370775843735 0.5519531017061441 0.5058734148571282
0.8875541033880674 0.9186048971224425 0.9798290805899819 0.49841254139737623 0.828294178403911 0.03033814071367935 0.9112524611211826 0.4669003842717122 0.5294152358566445 0.5446287941910708 0.7184113325794226 0.8298183223640148 0.12818844163132448 0.3762174265776881 0.29890134622536646
0.36340150919321723 0.5567385508892531 0.7150191099489407 0.8649289775301011 0.615658407090055 0.5911811876380877 0.16411556930351 0.37995370987621646 0.7453329893181492 0.3737756037199036 0.4648149555860661 0.5304950451934898 0.5751472781056906 0.9916201640988671 0.9071984409941884
0.5202442802282315 0.08713767857373578 0.2354556066593414 0.7286742901248386 0.9042849593798165 0.807625376174134 0.23343134609611815 0.2884118972465768 0.14313997528238076 0.5303378603042658 0.25722824764153485 0.5721294857435079 0.5495275557733896 0.6084246741890145 0.6317208891023695
0.6295609177574373 0.825121971405268 0.6095876186567083 0.34440122810656215 0.8760288983198922 0.44027965837249516 0.4732718136260776 0.6470747045568231 0.7999026761296132 0.6966044334994741 0.43484075098284924 0.6698786443167267 0.5093207502970382 0.4303906934845929 0.8888849960982257
0.8264622533823213 0.72441012351412 0.9643964844760028 0.052290795649236665 0.5792063995326646 0.2753353982792527 0.09606340670032365 0.7574211690149346 0.954650292246672 0.9018623317225788 0.6222133695562717 0.9567392616332017 0.05183130013749737 0.16672264263751246 0.1434171394253121
0.5524293030143164 0.6700335031905147 0.5929175620476458 0.6656432514935404 0.9780482096131546 0.09747933023179722 0.7141998907623571 0.8224597080415325 0.5539664268287304 0.048787495556557925 0.5883256108996673 0.377975793406897 0.014333770120321443 0.7165602420751572 0.4642675853741083
0.03887420071619552 0.7605325376271801 0.911251058688305 0.7174355549594074 0.503298838657823 0.33455641318399465 0.3035039494465538 0.8710483279267102 0.10502705530488432 0.32548052350417545 0.8544435939173547 0.5071551414812712 0.3732693370118757 0.4231645922903654 0.621935526023165
0.13740559442497513 0.32160354710238526 0.6155574173239733 0.264624030612688 0.6515180284032578 0.3039649233730597 0.5894478080550101 0.7305946758294453 0.790498689758366 0.8312769083269114 0.23923334955787612 0.8137975496918004 0.20201532106374387 0.8292222461793587 0.8142553493506494
0.4889061723823126 0.026929830420516443 0.43581746886148176 0.6424742585531782 0.19407623310257338 0.638847409015654 0.586868429395259 0.5567371521710244 0.5211073645522494 0.11263972604614159 0.3180479730829324 0.11961476312434449 0.09380007443445404 0.2332524677817318 0.9242517577391564
0.4937626688940575 0.767839178710948 0.372708227637373 0.8600512462354832 0.3369872931579131 0.6693243425079695 0.3610679941199194 0.5394780361367008 0.4146744042919813 0.004106588525429333 0.5562155858967245 0.9990367302577854 0.7169639501769325 0.016379904464494666 0.6776812106513349
0.7247586757850696 0.7440320631056676 0.9525150341233327 0.6113214612334282 0.8122717868488929 0.2800670966988772 0.3949123139407865 0.31452535662036774 0.028276875862835782 0.41500370476051673 0.8706890376607859 0.15571701279351102 0.2724842206268564 0.7928050643764651 0.21130635280659216
0.5072770822411931 0.400978184238421 0.06606012571262443 0.7417791319391039 0.177607126123964 0.3651424491566061 0.3188893150314479 0.011902018314355223 0.3159121943682224 0.144691485836835 0.7836286787380689 0.4469633714534691 0.752378546405629 0.009018975488696457 0.5214890049865427
0.9917081449504296 0.346775365825563 0.22798694788684903 0.8633628912150676 0.548849833092482 0.8101102094553555 0.47144428288957707 0.3141796071805414 0.7722202712350158 0.636820229118559 0.7861769781588877 0.31268393524965543 0.5646861151014164 0.2390822303360457 0.21965641252419021
0.708241519120025 0.45224844157132704 0.11017629387693129 0.8718664199419802 0.06725049795914573 0.8582824128914218 0.8604396704117883 0.39965342572794393 0.9539649609754302 0.18566188866732714 0.2671985350578825 0.7724585241577957 0.14401290359835128 0.5295539493395058 0.05916726701521624
0.38395424259686284 0.32361763576727964 0.7899561152671957 0.01615639673249103 0.46102245297352606 0.2035081625026981 0.9305895393272199 0.1065315371369322 0.07967463384986972 0.13373104616839093 0.1395491940559901 0.8077180063296941 0.996929101180799 0.2440518506872712 0.6871521332181026
0.45914626794078406 0.9383242972762552 0.8543621261323894 0.34771330366356135 0.4823861131931868 0.9426611014610963 0.4004832939102493 0.3545178135480006 0.5698179768781867 0.8587313114345501 0.4029860148191152 0.9910476267271975 0.49104209021791945 0.11320339002292423 0.07012013140312368
0.0865593503986436 0.9953273467546931 0.42450051631404784 0.9706764894662187 0.8803992463372398 0.3987537301105575 0.2244206681177917 0.8385788150325417 0.9469806779698834 0.8363028087400769 0.1674115399304853 0.978230413668756 0.13213774214205376 0.8320038381422616 0.2568279496557261
0.9281167540177225 0.7416085542831646 0.7943428821721586 0.7981632515351265 0.009891950306277875 0.543690323602275 0.2794953454875688 0.6011601802500939 0.14115301114557355 0.5006474759589971 0.38154312377067223 0.5958705317721136 0.8223334692739306 0.5272432985282594 0.40668917760793166
0.30214776611297023 0.5216231935522296 0.9898043409689932 0.0675842131550165 0.39771976048371804 0.7765488173006735 0.10551631950988583 0.794231488392789 0.9669037373605028 0.20682525774862837 0.8791888791511762 0.39953725825018815 0.8801892775768048 0.29031551493268337 0.7235157353638655
0.26042626354872445 0.15432892966409595 0.1924122817407763 0.4488963210373842 0.3795427357160299 0.07324095687982302 0.15888209185743563 0.8801730208211258 0.1779095239699766 0.3119416017108575 0.9831882906229698 0.9601783918366963 0.635519038225384 0.2988893793716343 0.8415367009634362
0.8337748723497441 0.444681438054663 0.5765375222318472 0.352363732387007 0.07110894466151618 0.17005724489195917 0.9755544700400086 0.06171337877328675 0.885090950786583 0.01965267055752662 0.005087026017953855 0.681926548764625 0.9256503868954656 0.7226580941240812 0.9796043008179377
0.3182920404909946 0.9921057469143878 0.18286107577789346 0.05227488641742517 0.6067854303956172 0.7950274298565579 0.030467469731332852 0.5054938717015312 0.15574883807152995 0.720260513404601 0.9305150850253915 0.3610897943075223 0.9353409105662213 0.4003140101810001 0.5226666850340562
0.6159066097505487 0.29081252996928564 0.7821118808236817 0.16501993341501964 0.18286908986864647 0.06914135619681261 0.2951400248398055 0.23367388325330407 0.9233042267119792 0.9432836772379585 0.6703131532772493 0.590143187692831 0.9932056638132775 0.39427944326826503 0.9374237356641419
0.9703125483585706 0.09429178672642946 0.9686726499146338 0.1378246108171991 0.4714755487804607 0.1201225626393666 0.3671856165724706 0.3290364778410194 0.018103765025852647 0.11820382602340873 0.6403126548635628 0.5292590749564263 0.6723433832891839 0.4509222369122625 0.26747481388037675
0.35230577412440167 0.9218381101246643 0.5313179662833408 0.17860416389318778 0.21726890795411524 0.6253291141539273 0.5341161236070053 0.8405026638403872 0.18226282612167066 0.12558358341855658 0.038102243551998316 0.37504694587132337 0.6478808884807457 0.14955585758269385 0.6428411215354586
0.3022874004475834 0.40354116240336657 0.5072859441855034 0.2209022293067423 0.9087159549921776 0.7486850821717084 0.2738923843177591 0.6161691649801746 0.4294538300564824 0.7108322732350962 0.09311745166077445 0.27947456044103447 0.20283727146954222 0.7037837696990709 0.4762347551511966
0.5447160894810136 0.7068552585016615 0.32180469130457034 0.48673044306387914 0.9917728132055716 0.9191203989639003 0.3494071543674143 0.9990209694614128 0.6169560470504756 0.7555302134878653 0.48139256430949895 0.7985719929813645 0.3373919429917407 0.4375031969741643 0.6941016659941228
0.1511345520301518 0.6926478063247986 0.5136497431540549 0.686360335241496 0.11041578239324501 0.4750779328008985 0.9189656705454092 0.31739723290275856 0.7563538266885863 0.41977893415646017 0.8931116118829548 0.5090493452637282 0.7602674583677497 0.015708343293952765 0.7990687688634432
0.6508599422869304 0.15850263068860027 0.9614345890359066 0.8844378671645525 0.14921289306106822 0.9828000224940998 0.7821505786281029 0.8098746162532544 0.3954360956948435 0.443459046984525 0.6489966322755047 0.3326317931113 0.09284597534242145 0.6904749553832943 0.4974035535246366
0.8779043197015982 0.5789940873425142 0.7881782286964012 0.12807957127670444 0.8566505977736047 0.5069158027897338 0.43050572706532575 0.09242964282986454 0.49578960505740866 0.007970208863388839 0.0968857662801581 0.8136097933220432 0.6351500957225178 0.24889950239786063 0.8028200190109941
0.5750824723532206 0.4152745973936527 0.11702481565292999 0.33459750031242785 0.720453866605506 0.031157606388336423 0.620035242060838 0.8741764507899715 0.6515374098928682 0.7592238561232786 0.4706148764595208 0.2181225209880302 0.9860024787015795 0.2783292327644804 0.24119285307260996
0.373592517072897 0.541630620706643 0.9002931070127481 0.4203893786331576 0.17470498156636416 0.651116303276572 0.7014480613403267 0.6802705514761999 0.7042398036606353 0.6795130769520968 0.7039187891363846 0.6723136479361801 0.7284616829315779 0.5158397617455149 0.1938191871020405
0.7100234241474491 0.05696261455377316 0.24102586964121142 0.9832826875516727 0.7674290478769319 0.7247710788544947 0.1362892165473738 0.9242179331017313 0.3252307797362103 0.16057659283554904 0.6892027432469676 0.26390788149744915 0.7301540206130518 0.05277026424039699 0.27912171920407636
0.4960476527217138 0.8981076801738297 0.45410313210516107 0.7793065516846295 0.20554237575267098 0.38803301634167475 0.776116110040706 0.3999904847576393 0.031363238265041615 0.10086762620993606 0.7160963027956836 0.7148054887497012 0.2789865033966683 0.11683931047614682 0.8321668463423374
0.9623936404339931 0.9024164930310936 0.4743422565797557 0.43621812736643606 0.3956956352732246 0.5455204750591461 0.014938307680596674 0.7097402945656752 0.6633219358400483 0.08337982578350989 0.7715644605702623 0.4642187275383617 0.9505758176374065 0.6365882448572325 0.7608169222800346
0.7656049236250724 0.8821124468303415 0.34490447692332027 0.45522111376367147 0.7214776022453532 0.9938812826593414 0.28139395634912634 0.6576862078120286 0.08986019175314308 0.9189137889864512 0.7641692509868231 0.9778817100667182 0.010261955973052572 0.29968223563988106 0.980067310064997
0.6190626389731138 0.08036228178752869 0.839169477964749 0.2730764341676363 0.7239090774524838 0.20585877574232048 0.8334536199255483 0.6700539594824958 0.09923476424056643 0.13635137124643582 0.9905256753619954 0.21725087893305706 0.7419585175784378 0.36673655405715766 0.3332222369346103
0.4833872993592725 0.22252141473366327 0.13143692497124138 0.5085693687584775 0.14849845014641605 0.6469715790592026 0.5478931698097611 0.8814977265562378 0.9424977756416015 0.6152275691968675 0.5760971740142027 0.3778035449631636 0.3233803735591039 0.3205705735897072 0.3525459660235276
0.15939335041167757 0.19221616281789478 0.6942042618347379 0.6298488736687968 0.8642652486583816 0.6305593905113149 0.2887605587872992 0.5073203501621728 0.32434295632532817 0.11562682617749731 0.4159188042443561 0.37324391410265956 0.3861931227213955 0.9195742969580896 0.9058442189456479
0.9960932613595824 0.702820580584711 0.431427377590641 0.7399413878001031 0.9998486157203281 0.13915030006864781 0.9536987483079552 0.7234568369555844 0.5376476291328888 0.739468403235553 0.12045101794143365 0.3107545538034181 0.8383623199686603 0.04200938486107331 0.4595410497517818
0.6736267811351311 0.4422940561746793 0.8940400419821926 0.7790074905420203 0.11179164990643287 0.36503141318593824 0.8202053109598636 0.9960406273046355 0.9447684692558685 0.1326161701617954 0.4275646838726924 0.7466994080463708 0.09561040994482839 0.6165149695244374 0.2926625099972857
0.615517996095794 0.6795132856619555 0.8634956462086321 0.26913889877783603 0.10636975053196085 0.04410824507538469 0.663358247405014 0.17880276554779984 0.5394340179872557 0.8732855553299818 0.42657329274832967 0.40475198402068024 0.9038370066951589 0.16268513748440983 0.05423039689684661
0.992039820685631 0.3215149446809399 0.10252914762351739 0.8743025228447361 0.47955137869203757 0.18507416561051582 0.16226059790264913 0.391082664634951 0.83616700365533 0.22089940347335968 0.9614912398958322 0.5487511045296289 0.5549542577788797 0.6984878596364182 0.8330508538643433
0.44538305878782847 0.17104422951412257 0.7579637100592563 0.3364694767963221 0.9503080411592999 0.21201134545213707 0.3599537094551096 0.3640125585826822 0.47558412576631925 0.8639905903185171 0.675481464377299 0.8964288542684392 0.2314511997135087 0.44242982505068684 0.8282644176986989
0.9118592693357098 0.6559797490319562 0.09328872035061697 0.7777740746696612 0.4288943182255046 0.35073235176639206 0.018660766709815424 0.7886466845009033 0.17355684367389534 0.7771074354313743 0.920207216011833 0.37050812849567505 0.9000255484532292 0.17213577404355962 0.28445807683081736
0.7920031263476953 0.9662042184102643 0.6278522601853932 0.5959473192311826 0.2737959652987292 0.36778026790261265 0.04496657410606186 0.5573146958138205 0.747535636645051 0.06820562284675535 0.7194085857820406 0.9199204047861943 0.6312558684555141 0.1270718848203708 0.6494249998341691
0.5841825490616008 0.41640628742057995 0.8256405049331832 0.2612561952887107 0.21576198119470213 0.9876878216248459 0.7158283666741059 0.14302323352777624 0.7418824470630534 0.5040921286208522 0.27773757198976035 0.5493066349577583 0.7414889467412262 0.3580212696769153 0.6608579074502126
0.8930004748109538 0.9236101638926014 0.19909008127874606 0.8053589341169151 0.1763762352773729 0.6002060859677047 0.26019123880212525 0.09242823512766729 0.32989299942197503 0.3029449271871125 0.2556281096492794 0.5564009530890354 0.7251421045309299 0.4677681980149867 0.9345987270891414
0.6064653518736942 0.7074151545385345 0.4167666904976344 0.9680390399516045 0.15201758369019835 0.8537372883451816 0.7038039539035599 0.22281195113931718 0.0032783525987791773 0.8038076126410352 0.2584882646153287 0.6344532927720119 0.42757304125651496 0.9341413371364237 0.6625078815905017
0.8281645313704724 0.7817161516699257 0.8498093139502393 0.3230086266148501 0.35746654658833854 0.21222939611863367 0.6535223631762875 0.2696066578475168 0.9309068961033823 0.517662755969047 0.2184090096602267 0.7947937588860303 0.2794389049444278 0.40107587655496935 0.23868734327635655
0.1819059642360168 0.3805671882496303 0.5057771301622236 0.661532947761665 0.32049110592911734 0.6000816517902626 0.8237059354346169 0.2137962496243575 0.09582413837816828 0.9381777535285083 0.2933838378813034 0.12882482974317233 0.05748399373384805 0.9739876981298434 0.6631481096518763
0.8514968020240274 0.02131892995393203 0.2910238591100649 0.9854210336747986 0.4536742446896498 0.9397922559797974 0.13576230368132958 0.4290574502376655 0.7276357742486952 0.5876135255677916 0.8125704161381815 0.44935152004297607 0.44165005924265344 0.3527252405149285 0.8504100798339695
0.739073172270138 0.03970325287990639 0.6971282040692589 0.2902232432720675 0.7989437647890624 0.14649453035742732 0.6576936266143006 0.5366345670336952 0.41224925031571813 0.5991660868149354 0.09402370451447006 0.09358108428431089 0.7858285557485586 0.3688350589059214 0.25858608491483115
0.16070669835571016 0.6284637947873836 0.6578466501430319 0.6637628099139873 0.5058345517754239 0.9777378528524561 0.662769194598225 0.15111708386819456 0.2485582859337544 0.15771406161128076 0.97850335773992 0.5300961171954145 0.19096830690057043 0.8523321180833786 0.3854796091060638
0.1465523141920123 0.11375704317005109 0.9132025506088913 0.8097690786321409 0.26587844437187613 0.01942275892712164 0.18552213938805984 0.5750350576427211 0.21121765518180546 0.649018899416008 0.33212106733757574 0.6756036257104355 0.7841219720048375 0.7248714380565356 0.3631917855673702
0.6915335019906504 0.6131980873086377 0.27891450002729024 0.3380388519972267 0.1394167872187233 0.7256925774028973 0.11477025827398124 0.49522789447182036 0.5067439740246852 0.8176329443515002 0.9214255516257881 0.8888007784279262 0.9530178923333599 0.4100553766886428 0.8073352483422954
0.46076353035807927 0.6774031068529501 0.3220133357946583 0.05600758509713066 0.3638421663905954 0.2505484284132927 0.6654759257246198 0.7176044834159572 0.26354089469081754 0.7873226220507393 0.8728886021255889 0.24581541455445977 0.2948263815188856 0.6975535904770892 0.10508310248108577
0.765240922051536 0.32630011879483667 0.8934643632111379 0.7553873580922484 0.711747320904731 0.193511326550042 0.755349556158938 0.6652002037929874 0.526732082255975 0.6031000810807621 0.8611385458894625 0.09696005361052351 0.8059643649081262 0.48075131859795595 0.47084212083043886
0.4723502865394098 0.8046431197881334 0.6384777827230651 0.023482000429813077 0.37674873404047504 0.4825410297301971 0.7705403145151057 0.4519533892827342 0.3553420552249409 0.33657911569508214 0.95235214884221 0.950372457730421 0.581990594246102 0.1129036500313908 0.013003061062988208
0.9388127174493408 0.5688426016676805 0.11651344177237799 0.37957893063072257 0.36193494663092884 0.7028614626426503 0.24371231350351452 0.2502401244871598 0.1308677884509516 0.5448432019157888 0.05113766075252357 0.24306255312323422 0.47179689687067217 0.5071655488758732 0.14484320598784917
0.988933189951976 0.18007267954423933 0.7384244686467248 0.9238900757799984 0.4893314275881053 0.2952479790481941 0.7862774199739154 0.2451271978431827 0.4436169207072731 0.5103085434856083 0.8842269971158419 0.8893184679334538 0.1654828489121658 0.707460910452614 0.5137429185958363
0.8035008752886684 0.1545235960787279 0.3731936789355431 0.23003382526023508 0.9704337116703661 0.8664038702963031 0.2869296977813367 0.6079448764587362 0.41322668610770796 0.7339065424826582 0.8004388294813356 0.5638710620913434 0.2817101720331846 0.031174119171245906 0.22928124014091944
0.24024006089601946 0.18683797875467356 0.7447491502517044 0.36290434434280816 0.10103275911304221 0.9503896405474991 0.2175571925204336 0.8666167856973237 0.8799735131025626 0.7194654775907964 0.965765095591384 0.39651501798707234 0.5474362671400197 0.9587444081774575 0.7334866327722194
0.5775395453519796 0.5177766936675788 0.17820126386367985 0.5465964784975726 0.6051892640686842 0.9057146673432337 0.37995628442302065 0.25445257855591685 0.12302432351054082 0.7585554672910776 0.11515684240966728 0.8071159057368362 0.20093862718574873 0.8404519303013773 0.7302674514969308
0.30569593339954537 0.6932859983119789 0.7255742603283238 0.8518709241092685 0.6847389093447024 0.9912939823945303 0.6689676526554689 0.41005971679681996 0.7381154984632697 0.20080252512037966 0.9670427881366446 0.5327239436591287 0.08365270739205422 0.0742146122376377 0.29405727101465295
0.45651797065394706 0.5767950539474224 0.6046491391848982 0.806611320790539 0.19501493524016433 0.6298679135415702 0.05063645907427594 0.6450940141144647 0.08053465844315233 0.871056125841747 0.3012997218428797 0.8291810555027926 0.4533572864564501 0.5859990605833649 0.9148158244240191
0.44389909637267055 0.7105110218814515 0.42494299797165724 0.8670518795117316 0.4434354525588431 0.6460497158307973 0.9296805519223322 0.03262465665040393 0.3617860934689697 0.5157116429283758 0.5370459667784708 0.6872315284811992 0.7124992893666123 0.5410784056357423 0.849523988162733
0.8679537955533491 0.8841858317303195 0.6318284250950941 0.12856942114115355 0.25733385512659834 0.8941311329668621 0.9494069259185303 0.16252331139917653 0.3673803971530819 0.44925835034635675 0.5614103593109032 0.8885506329178259 0.19125624338897962 0.38185603776034993 0.8432098591470668
0.4068139453275347 0.16325573587122677 0.6768976199961664 0.4718151719012251 0.3151357287558567 0.22177997208755285 0.9884441315439394 0.826706589972072 0.6136921577181009 0.005369599941155934 0.7545357780765449 0.36333934338672436 0.7818190641249235 0.7284565644829895 0.7631418593590403
0.057251445203892026 0.012800979826726344 0.08134776782589892 0.29615283978449325 0.33018233488736426 0.007552209351544881 0.578055227578482 0.7840618984218204 0.9643364026300403 0.17438882732985828 0.13593852070539247 0.24089832486912122 0.3869019057217895 0.5596288058623636 0.3127275541498227
0.6171378952403723 0.36416268043179656 0.34254716480979286 0.5493444925468504 0.607730796558599 0.5830160088085624 0.2682515694699158 0.9710457685291859 0.3830504926736975 0.8174373587707086 0.9633333956289722 0.7847564312182256 0.1724818940383709 0.3784082741195116 0.6816876616552594
0.07707078599142647 0.6235307756859464 0.32805147196319506 0.6616852521644111 0.8652446133649994 0.3837507134252359 0.5021926338469473 0.9409186833294539 0.5826062252065451 0.4084474321874232 0.7302955961542261 0.17103300980211422 0.7901645535654944 0.08403530487802391 0.7676939877762909
0.7026915343800112 0.7977948149704889 0.3750837949686995 0.36226921444608495 0.9695155835957334 0.05123307085991313 0.8525068651179895 0.5662005295810987 0.9898765052430133 0.5952132378203879 0.6410110983722445 0.8731404431867328 0.6267070321550016 0.6584310923979771 0.03583365376997538
0.012144580377964953 0.09803855323437616 0.4226218591969786 0.7819642423677892 0.26191184258023725 0.11475932650251497 0.33588924984978796 0.7834600712364356 0.9623676471158307 0.9371284055524383 0.9095253475074111 0.3161261369055115 0.4953488878732033 0.5878682437405294 0.7979126855776885
0.6537479041636247 0.38212645527963507 0.4371994044324473 0.10270073060873852 0.38622709057661075 0.30272742777669726 0.3839678483855701 0.26530138498406575 0.6073854071800481 0.7804956660322562 0.8970565650017722 0.6158489313181893 0.5808653239059409 0.9950560283747676 0.2525605180700672
0.6321219677451361 0.4544707575798974 0.6878240943299031 0.40474400718557346 0.2285260368978761 0.08645491484407952 0.4064298346528574 0.06258837134958972 0.9430875151159736 0.07167617002975635 0.39790019028896995 0.7087768522321473 0.7195106654950101 0.6112075324549813 0.3051719745570841
0.49425246571902237 0.09170150757785533 0.9558986640789199 0.44748339917383895 0.16902428910006084 0.969763602528885 0.7725539757939516 0.8724187428369066 0.46868594395122265 0.8993222786498297 0.9308040472230901 0.5558573634493174 0.6661495809013289 0.6201359731481537 0.8894120155331205
0.09580498446292962 0.3193875937190527 0.985303917574549 0.07267014355469892 0.9970614258050036 0.5985133962677825 0.8189821610025643 0.37070659258205385 0.17590580311365644 0.9593216186347108 0.08837031727291855 0.17193558488045857 0.6274566126621057 0.34544697344235975 0.8448338810137093
0.14154887871126431 0.29309078355493934 0.5475905401526736 0.7493782034200538 0.2968604551097107 0.041282236695041274 0.8258009431689243 0.639291355618635 0.7984799181501318 0.33244715887974496 0.4095868124033384 0.5156256696737437 0.2757049185296625 0.5768596629567893 0.030676504446856656
0.535288128830735 0.43518594376286157 0.41442808908024187 0.21452973412754706 0.07686237528287887 0.1638323090355932 0.14609907166652147 0.6592447270699604 0.7158858028678984 0.33009069189322093 0.32888216154486183 0.6642940220900467 0.9931575948309149 0.012142684272250404 0.10996587400719182
0.23656071226882924 0.18875443448021745 0.9372316977229715 0.2201206152284686 0.19743601174387593 0.9247824328040228 0.5032431205888432 0.6725627406514795 0.3422784971349283 0.3114956431370254 0.8718264242259599 0.120678332033061 0.4623238122708303 0.5242625343000267 0.2717612817550741
0.5164836981980913 0.829173143572892 0.1529639819410511 0.8319345285599516 0.18142500028959485 0.563277836255414 0.40075735869862195 0.9752081126575218 0.6520963351932038 0.1603761582296105 0.2257432136475327 0.6476227820798434 0.6956825311312564 0.333627829951752 0.8169224146642017
0.431796243077883 0.7034085803696312 0.24423060219022386 0.374933452438007 0.8990383592184706 0.26500522950631666 0.13959250402590484 0.02841060525816619 0.3916200943334146 0.10317610222908058 0.39567205924133597 0.8584059255853276 0.79479731689245 0.7042785547517397 0.968888389921963
0.426169074081466 0.7576040578142472 0.9199068447541443 0.30304167993053444 0.90368086117421 0.25209425535075713 0.5337932630483216 0.807973731161717 0.8916876192678682 0.3226251479798461 0.28941859191319996 0.12923764158588535 0.2765855167841792 0.369939244515999 0.15595071452446274
0.5618340570780211 0.025355058798111396 0.3392159996603892 0.6736060980966077 0.12611135328319711 0.6468479819590879 0.7369286102331095 0.0642558318555505 0.020215419655004285 0.15807980021995738 0.488254843193336 0.419074057126986 0.3910142914393038 0.7857834638962755 0.26495561232136455
0.6822539029079864 0.6242116206002775 0.3063306629681779 0.06304842409850597 0.33829170937447806 0.6444021749987752 0.8812289350486976 0.4902672884694781 0.6800675131091574 0.03711172969725707 0.4807545714479313 0.43521441886555434 0.28592614193075105 0.15740243294752787 0.5048826807097391
0.5332737268376757 0.8661897926418071 0.7734141694086908 0.008527070218023458 0.11876918689729088 0.9530095970849021 0.20825133784461902 0.017204900945526513 0.15851619786869764 0.002190182187717604 0.3899133911080219 0.7795918547544096 0.9988275219414421 0.35159782170327203 0.6965069294690492
0.4450354504590346 0.6261998344769234 0.1379892822987704 0.9927656786800003 0.5769459620344307 0.5413203399118479 0.7125752421429176 0.7939442289327273 0.11708529543389512 0.2766980287250491 0.3153584611290725 0.06444021662588506 0.9011265089483342 0.05013686957414587 0.7692634534083589
0.7610386512895861 0.5924576293811744 0.039433839276735716 0.7373012102893126 0.864461533731552 0.9490552577001239 0.28809714143590304 0.6494890381493538 0.3079441989483881 0.6673550407725115 0.3075453318655038 0.7509716925890327 0.9078498990181075 0.6573974400966733 0.02816148287727971
0.8487672861657001 0.12887238117211397 0.49512903956133214 0.8697406909606722 0.24178740437275614 0.27516553516416153 0.9705910379307595 0.3512831352371508 0.007257748060431668 0.48877846432321326 0.10482807460520982 0.8407497044956527 0.2863919401080407 0.7580631441629747 0.7437025415750205
0.757309933480968 0.4631480968498616 0.9912608863789031 0.8534002522335428 0.7817775566969469 0.16212383570766098 0.0942630350867264 0.9402658533790679 0.40534179746463794 0.8051223578317084 0.9065804478263725 0.5967072679532259 0.4523673595158013 0.060648394665403615 0.79584486443338
0.035260156821085964 0.049949908365475415 0.8965700177726623 0.6887052838254337 0.6145054113592009 0.8850776184711884 0.10340804880458454 0.3247704204894235 0.7833832913462746 0.4896640436230256 0.09419202156256146 0.5602881328909305 0.5745503872105608 0.7243809069438784 0.5065479714542572
0.6195417378554443 0.762776729514952 0.5941341004230033 0.6336598619227324 0.29448170581676714 0.07098153706761079 0.02118989257620485 0.99297297913996 0.22690066809401077 0.35435855483164236 0.22637231832005034 0.4049844185161765 0.5724989606665121 0.5221425099243653 0.9244172803899305
0.7991920894266826 0.5424761255915945 0.06692055922970619 0.6264822533842987 0.5902503422652234 0.545824065200699 0.4629938544731741 0.9609753766925635 0.8746068678584492 0.9142854251666501 0.3681456574171622 0.07328076859828114 0.8863723059482049 0.48198065140010293 0.5172744696772509
0.8456221289571718 0.12089986457697177 0.6129959230650038 0.4317020872355469 0.8902195026711092 0.2855298333021863 0.6227632552138208 0.5845675725523077 0.012059442603594706 0.769179504531769 0.9228530276973822 0.4605705261822358 0.11201167221452868 0.6359361857877004 0.6338385685431791
0.02742782926042886 0.3066902498864901 0.24253736678575677 0.8571810674317125 0.49676018346613815 0.37837093021809376 0.455598309815163 0.27462246364552245 0.8937257778039648 0.5364405117977235 0.10167464151179828 0.2523630594432841 0.8775705714418962 0.8712681283174859 0.7217234949522708
0.1673391710997444 0.45936576373948446 0.8120524121217026 0.9212532904022878 0.24420591908946798 0.7485547401210189 0.3621124599240636 0.6084294255370933 0.794168802485615 0.6265336289582756 0.8782549320017444 0.19462882574712526 0.38059690794292356 0.29334047743940417 0.6852630924799868
0.39541370089925443 0.10138966597398968 0.9626305165144636 0.8722182802229139 0.6146206883875737 0.8743581505226327 0.5904656687616133 0.2042778031599064 0.020238947820371056 0.3394211710991847 0.4150488303815635 0.20169806209561836 0.32797628298458625 0.7502048166910131 0.257384117135675
0.08730448041440197 0.9968900251192374 0.01767413598905132 0.9869468844818854 0.48427577390410503 0.01118525430612416 0.889713822108196 0.2917979060200727 0.4580220131267404 0.6732594514435035 0.10311433057693675 0.9091782426167087 0.7391017516733058 0.8653001151261167 0.228208904482038
0.7704728369646942 0.7385367203507801 0.05021714637140329 0.8414456741902943 0.09353209737713031 0.2725466173257931 0.8774194294599735 0.6074685331241804 0.3156928377028787 0.7506407912475299 0.634921159797665 0.829819330822061 0.9024409206314982 0.949167939578157 0.9464898479938163
0.03816272561756662 0.48950996999389074 0.3918383889992879 0.05102514443103201 0.21997490441273015 0.5203118007245625 0.7893979514828929 0.721083236685241 0.37592517695166294 0.5259459550246962 0.9525465514205416 0.3784391644211412 0.1807200594056213 0.4616372444988397 0.08535858747969338
0.24680515813987702 0.6649668866895037 0.06130162964353303 0.3908761918672674 0.4452999451194726 0.9986547018480528 0.001042432968026974 0.47621049397551674 0.7709909392909731 0.6531375628629363 0.7727306759172476 0.13140035551555151 0.5448068366171536 0.4460461282573035 0.5604243585756739
0.6744417175237836 0.30234571164614554 0.23234095090728446 0.08523361260179196 0.2043151463698808 0.29957976742768677 0.29476121046884285 0.338339780714886 0.7845027469738144 0.7731842627477485 0.808210537695157 0.3572285176777259 0.7914003087086698 0.6461954088033166 0.10516198643281649
0.7167978670265214 0.40519393403582427 0.9019275693987393 0.8529516523207525 0.20485470150811658 0.4951850943942123 0.1625578633060094 0.6688710157489061 0.23061379404998117 0.9572115588506575 0.10351165013482311 0.1452563317379999 0.8751654495933909 0.8977261389843008 0.21075995656073088
0.734312326013169 0.13447977824108492 0.9272589747915084 0.04536551063720218 0.4511972783776885 0.828366225843889 0.2254033431511513 0.6180916469776705 0.8939347632523924 0.8529095799631333 0.9701288085141693 0.6966139313254237 0.6500070021754485 0.9392545373010585 0.1861400129583024
0.8688515355135499 0.7620235799701477 0.8482127204976477 0.06016267183479307 0.9681618335717459 0.5586484070805061 0.9780177096670071 0.2954536503818931 0.02961792320343859 0.8220067090016316 0.6916548495616646 0.1334945179139042 0.29131608553522814 0.9590833093578492 0.2805447820239353
0.25774355076944333 0.8806355996988916 0.5721618919776056 0.3729603320147191 0.9124840163692599 0.7326012679901269 0.582144752872955 0.7684089116641963 0.2192214272591887 0.9759744603665429 0.8486308796265216 0.13331337948368494 0.8537460276422284 0.49242543251015525 0.05191975023274553
0.7286763111479907 0.9588913008094767 0.6051166045695469 0.4546471781889515 0.35701398185312294 0.4111826182955145 0.8852522904268033 0.044548411829473444 0.013698130861184321 0.33398516643392295 0.8786276774098768 0.4748831940949567 0.3069448525905941 0.05542361561051157 0.1489359170773401
0.165345860693202 0.5710416742687071 0.5462602049052542 0.4105690106963219 0.9038234672453551 0.7390056950086555 0.7410823145254626 0.6808744768159207 0.298153215574549 0.46371666623202534 0.04556423678805299 0.320306794802771 0.467069956806229 0.6806709363777674 0.7632321788205196
0.5486387329284529 0.4308237197883934 0.7908535501820119 0.13707546373481294 0.5263743677950486 0.7644856153722152 0.9088273487505405 0.19451109743681771 0.3727322875089012 0.21075046960356703 0.16898949726280366 0.6086227245189407 0.5550440546565634 0.11408271459682184 0.9120475916528434
0.34425928370481274 0.9291391142720089 0.7343418271598111 0.6841185891479109 0.9444926162129201 0.33626472494742443 0.7255620314854417 0.37245611785393784 0.9310971921044864 0.06931508349095561 0.3243508450371503 0.47466243133887265 0.9421296707323688 0.7096212707592876 0.0824090827778251
0.45234360403103546 0.910349458376278 0.805279526322667 0.2989650482292838 0.35551750218553013 0.7981358551978182 0.612972344663937 0.6614538667929694 0.42068613147360434 0.14772151327683036 0.6574632173343317 0.9865625355676982 0.14333524856905377 0.9799755937855286 0.17642258186961035
0.3688000691951919 0.4047254649073345 0.3806346597315725 0.6129689044502287 0.4900410220195833 0.5931914942571151 0.4497926614755543 0.19428554942552245 0.3210303634176951 0.30176651302205937 0.15862627112880534 0.29190063847254744 0.9546257466533512 0.10680122402640513 0.05674512501662987
0.6976935647322093 0.8505935610367134 0.1363484007399287 0.7042210569695072 0.16941833686911068 0.3430626814303277 0.6224348997799558 0.1642645548562226 0.6005109018696319 0.8642804439982303 0.3979453783691619 0.8856798971553318 0.9511735434090378 0.9721032710902189 0.3466929156468509
0.8286459441256436 0.6412063864396258 0.9336940116386112 0.14435364750238755 0.7430321389749522 0.44978287049332377 0.3141869530244068 0.23829399811449525 0.09537423805359613 0.09334165156548146 0.7466206540261737 0.9059205001682549 0.25879813374270455 0.5599953167293695 0.8182275160413244
0.4040341358292847 0.22959408126140624 0.9673314953294927 0.7982084986551046 0.6757720969644794 0.3148077655886542 0.18020959641915046 0.7534099417987351 0.8170721654908149 0.947128872577832 0.6761323217186159 0.4508591216437783 0.5211958410967545 0.02652148858371739 0.17799785977457505
0.32990360154265175 0.017698188693534234 0.9624552803412781 0.3875152469201101 0.7417388928206278 0.6013340093278198 0.8962599450739266 0.7472920373872655 0.600398176256238 0.7067412814171098 0.4200397027080839 0.5355796667727833 0.5668160936955584 0.6263445297058887 0.47674880806734254
0.7548889567983167 0.896368776355457 0.3917724251502501 0.025442743978325022 0.21416406838139446 0.12033038317386091 0.043185231800604074 0.48638442135880133 0.9239306807621026 0.8029761149447465 0.49625932251492844 0.9425979157863152 0.42480982954576807 0.718600414734486 0.48317807771390964
0.5676272453144484 0.9520160436863294 0.9265082033189072 0.591828944419367 0.7736710886526655 0.40193467725346577 0.3870762022813794 0.256509289812075 0.12992874905647456 0.9115999177987939 0.9582700113203492 0.663794285342208 0.18790659727128012 0.4878717202509236 0.8395424332705124
0.9288218163910382 0.9685983620892326 0.5303361780724668 0.7888267789269205 0.5701015984593276 0.01586653247872949 0.280430570479707 0.7283786334173087 0.2650562225846538 0.6010165805925659 0.1990210092180652 0.6765079208683644 0.10385422213726858 0.8754692201369276 0.0256366844596303
0.2947831042934217 0.07569654458556063 0.5116005061474036 0.8047922332030926 0.7240772926030123 0.319569276955329 0.6462333677224883 0.47830495511765214 0.7978661730391157 0.7505771125318713 0.746928128186287 0.7372415464756703 0.16747606654876845 0.03332369495757037 0.35813405021704103
0.7031044376529367 0.3515194296310422 0.515406544853268 0.5524274863728523 0.6650953975062028 0.2305449182225644 0.6569454207125269 0.3114766510134348 0.5387696215388005 0.047967124231017455 0.6961654037174476 0.9920370167523566 0.9311210138455895 0.549631227289955 0.7764064321463962
0.4941951902024281 0.6981152291094816 0.496905930669015 0.526533647315275 0.7422434488452645 0.6629138830077326 0.42198786651916753 0.1345736814978109 0.6129811932076975 0.7265102881085816 0.15913927093771962 0.28350403334945995 0.5019032222498601 0.947222622680347 0.38186973812669
0.9284740753687516 0.304649435276217 0.29146813827214757 0.10361259301637327 0.7863378106307939 0.7092540208939007 0.6654679096502711 0.858234325034904 0.5812300040016329 0.3441466924400962 0.5260081714773099 0.06675581925299956 0.5440190841147583 0.5075223711495311 0.8381113656943826
0.917952423979432 0.39882144189957447 0.9156097823028664 0.3984459282765421 0.9430390074454503 0.08636373579712664 0.15053371568696372 0.5755308984589612 0.34843555895470146 0.7718309287542134 0.2628792711354624 0.33126771542690425 0.08564776222532644 0.26393960717633724 0.28973124455726795
0.9830584626338325 0.5835859066592683 0.8323278178765183 0.2858749145680528 0.5417457935396325 0.04618462514973043 0.5519538033495158 0.8340095303013263 0.6178369406098072 0.2269754335950791 0.7260479148304483 0.8992391413077389 0.8269506645378865 0.6323022732997474 0.643263623284249
0.3237695689502662 0.3451518769577523 0.17616015843860044 0.910024647595755 0.219655012246726 0.7658165453009166 0.41217547749692984 0.8656672818067938 0.010600953339457542 0.691894609455618 0.6020360083699973 0.13582830074170604 0.8982445397078933 0.5609162964121456 0.04471741896868242
0.20863050316572895 0.08399802647054677 0.044813164301103825 0.2871423394404802 0.028569328278156503 0.16445394075339537 0.9926020935551007 0.06444699519885932 0.9946057403076006 0.7365158978058095 0.29120676533229617 0.07681953750993897 0.4218221361047152 0.39783198497470695 0.20816802851830363
0.9999132278845301 0.48009951112770066 0.008772522028779317 0.7497206303677629 0.4471267921867266 0.8586254306808205 0.29410751150084147 0.3186910242106057 0.9545830684590988 0.9216448069982064 0.605703341553626 0.4888969268401794 0.4434265273569329 0.9187155769915353 0.9419726705239264
0.026206123988200658 0.029098855663765577 0.8918345342233989 0.1254746699654986 0.38113858218671337 0.49354136466817744 0.2821490251789729 0.3769779715294487 0.7538725620465476 0.21381151946183863 0.8805720422039348 0.39246181848540507 0.4897416796092122 0.8493903047209364 0.6894702563647455
0.4289452390449353 0.0017867869371445133 0.6304961359551724 0.46669534716040095 0.8356986120284241 0.6366530378098727 0.6610099948818502 0.2085812548792806 0.9293050572832824 0.9010987034013528 0.2521556221234379 0.5951311275498691 0.10420427459707671 0.24860933861478496 0.9368675971086774
0.46846909898442946 0.5947646778346276 0.18908741633992376 0.47981925700188655 0.744734675342586 0.36059399530252767 0.8293134846696205 0.8943714152739802 0.76994737183141 0.1537128451231108 0.0778526154505561 0.2052419745805042 0.02197230397561023 0.9443793857234429 0.6553050801110769
0.454485475002244 0.23356837962127752 0.5317675510353179 0.7392781004189727 0.23841079466525406 0.46560201717091954 0.3463652665550421 0.5431809622675082 0.8843543123650643 0.3948616924454501 0.1628732404919797 0.37892330952436426 0.22876465735926932 0.09750918530396102 0.6855487781913363
0.785821999289521 0.841844484824067 0.9070558532124552 0.7423534570179805 0.12149950800688036 0.4590339007448231 0.5048532048735217 0.1299272010390249 0.6052825064470565 0.3259085466761371 0.26143904580990196 0.9883254724339868 0.18058655121207934 0.14060555056639124 0.9886814630757959
0.9526207558775246 0.7199986375547733 0.286678218457456 0.6855153369398477 0.22788273326256003 0.03524678200247089 0.08932083285898684 0.5641666947922385 0.16471658379908927 0.8739716497768326 0.8991927384300848 0.6291124243375968 0.8744519436435465 0.5861920147039639 0.9106109665633745
0.3476243147644005 0.9162401536917512 0.42558274845018806 0.7546687903314662 0.4985974685591964 0.11273038638360922 0.5141599788128404 0.0728776694240848 0.11546570050662497 0.10666034895310783 0.3436952984187759 0.4732180625658048 0.5493568739924406 0.3576103391875961 0.31315668882112846
0.49802450126706144 0.0702437181571598 0.8963345186505871 0.2087011904740903 0.49191890007293015 0.09669666333187332 0.3034963441588049 0.7212204651854822 0.5480453214906709 0.09894687660049661 0.060299767167956264 0.06616688862422215 0.032148245614627924 0.45531948253595744 0.6304219119443558
0.5213645272828603 0.536576141329097 0.05869820089581468 0.3758165067833876 0.23073623735948823 0.5000799666355948 0.2675343962191584 0.6833718283946634 0.9353537716194003 0.14431669987591722 0.8750151134867946 0.485070986803101 0.38794560679079104 0.8242559954070058 0.130355964982529
0.6912161012208378 0.08297239536545886 0.3672276644472705 0.4877867346026442 0.9244424586174469 0.5916079556399396 0.48413652017087516 0.6816486975803155 0.3416621839055832 0.22943858198024625 0.8764102834613138 0.9301245401483124 0.2617418020621597 0.004422067960905385 0.23353536442055955
0.5554731235570147 0.7786313578892311 0.7936221713915439 0.9185741763465413 0.07524295985708995 0.5328273693091913 0.47946296987653425 0.7728469335966154 0.8667898698250444 0.33846572402196073 0.33972207538631616 0.13599985768766365 0.8365258912564747 0.41900467050417944 0.330210162189303
0.8739707545746491 0.1356778005529402 0.5913721536904233 0.025059204215515662 0.9349020601012311 0.8559356153629505 0.8566159628487664 0.8867694590838029 0.7118402926981785 0.8112225963836642 0.5045089875081483 0.22664141919973124 0.2811003710933129 0.9659200822059798 0.02022598736520964
0.6859451656370853 0.4064617811604988 0.8052319888151276 0.7931224354749772 0.319156895737167 0.05190300252225566 0.9599752085590502 0.8708101758118229 0.39281834710164953 0.02936963572986373 0.6959340183119337 0.7761381908234198 0.827051569584996 0.3231103643810276 0.45701798461472054
0.7103515645361077 0.8014880046335958 0.578404659008553 0.511814226506639 0.3026151295007937 0.42334771391725046 0.22004443288552222 0.8947269947286063 0.4342526706788896 0.5126307539685298 0.6747212570428476 0.2557484416321816 0.5654668831765229 0.4978592678762235 0.21151027910952613
0.9370064991465343 0.4229684706587695 0.13553593347644877 0.9859297905180974 0.5795871793024837 0.8688579267554571 0.26746034572236066 0.9755960387253673 0.8307301379474263 0.2642668928123977 0.11227176044994269 0.6292805590273869 0.2693479080009452 0.6656800055394936 0.6510633743140591
0.21621733891365935 0.4969208884038786 0.7475229715704632 0.5116393353970642 0.058795473592756164 0.45117155157112177 0.43151550576545605 0.381962922943903 0.05931275357380439 0.39152313582732046 0.8214530079896786 0.390570329260042 0.1902538041687728 0.6781993067059522 0.1914939587399641
0.08020136778895093 0.9075963997562126 0.42092334753868965 0.45669483186658844 0.5706248478573865 0.7679380051533511 0.308526229686215 0.7664477086045421 0.2576129541905017 0.8827737621601678 0.44737554530763224 0.6046405177040641 0.9272455990432038 0.22704635581290056 0.8343876033093514
0.054773239425504716 0.4782021531517958 0.2341273131037107 0.16948776042736102 0.6939278807243113 0.5394246855179154 0.5556780088647655 0.07273462021572419 0.9164042288947699 0.14651300192894878 0.3423779179519212 0.4129258977361796 0.35599675502196193 0.2974392605429077 0.9102971915746212
0.3773552966959005 0.4753028913913637 0.6466450941355756 0.19772837734313498 0.1164908723778394 0.3211166706237243 0.816312227932276 0.9885828455157833 0.2826972649447368 0.9068753573148022 0.804573006093948 0.48099534206863503 0.5487259000971529 0.676291775085968 0.7526543502340594
0.41356939881622923 0.23954824608714442 0.02671776319882113 0.8964252048327583 0.626735929593613 0.5402094844880669 0.9264495791438153 0.8725439092212282 0.632985620141965 0.3527308146884137 0.2470991347927689 0.6753785613626554 0.49727521101971217 0.7666908851330678 0.5503195732087915
0.46810023045075366 0.08769722589079276 0.28096760725126024 0.7175874321453272 0.13982489460923597 0.5465406069043071 0.3682240794377032 0.992408078161768 0.9704072830662496 0.6531600482840796 0.7090730415200884 0.716224682415681 0.01546569198640324 0.6026100238385041 0.43945645820670765
0.28247545919463835 0.8564437038554169 0.6077892495660716 0.0526281088765701 0.6076578749206112 0.17399148414383514 0.647879345515923 0.17622864774512637 0.7239222077084922 0.197675359880235 0.6321518444837668 0.30529425449296765 0.9346316708024961 0.4610016398918664 0.22575586432508254
0.7136414824640882 0.3424896698444385 0.44796664222893623 0.5928877405854098 0.1889225722511727 0.45924902813199264 0.6558214537182988 0.3527839452002891 0.9407467219402971 0.03668233643677521 0.3184671789024136 0.11526629774030295 0.016614932590919174 0.22040627911812338 0.5358721503394103
0.0651089489703035 0.8270172756385736 0.6213172270954999 0.8371295558870719 0.19828436892663315 0.9288926667981129 0.9238088123935996 0.26825062654561516 0.9781858335995536 0.045753715511030024 0.2056072459549526 0.9405147716796727 0.3762119817744055 0.41312967176589477 0.23097327864992123
0.6011747559497213 0.48863864682568625 0.9295829514409185 0.5971842131589404 0.19554164761553505 0.1804921370002429 0.26640583441086507 0.7636233294068521 0.577950711819787 0.49717706781790416 0.04320545486396632 0.6734683378604263 0.49883610715235815 0.905900845968237 0.4119371256870211
0.8898842185949416 0.7461185433864574 0.7814764572290394 0.9085472408113626 0.911790008169484 0.8513370158476045 0.9348735631386489 0.22923862845828813 0.6086833139885968 0.08443211062949396 0.39792747640826265 0.6674730160589539 0.519670194441026 0.555814532434612 0.12390453051941364
0.30817660330303365 0.09876216854334086 0.12032996311066468 0.7411614594758991 0.7172163683506849 0.8566660342400011 0.4349571784476366 0.0059250334200535715 0.7870661917875725 0.7487068186951509 0.9605529325815839 0.1402582025242748 0.6036837992616131 0.08918730677969988 0.9176843293096342
0.812566913259603 0.6849705558082507 0.7344024141609279 0.207565121791214 0.12054183955600695 0.7077882297993762 0.26969061104002623 0.09133967123130737 0.5702175825973084 0.888358015286208 0.46031821299864173 0.9844342752884574 0.7098715066765634 0.5099688185623416 0.2816570820212433
0.06742255780322726 0.7737728657859643 0.7022734671021498 0.43102966486439287 0.5408279985777137 0.4183328441321146 0.4680528631143491 0.3417600942616016 0.2585131012021987 0.3919937539544559 0.12617992484890939 0.36938334055345057 0.1627817592687646 0.7702366130264098 0.7936163189204721
6.291670539687599E-4 0.41404723898968254 0.20837339026878976 0.2646270359838362 0.6477113041026415 0.3588952781398945 0.517330781781506 0.6619991013844786 0.8336162895218702 0.5125983788332455 0.7514207392566314 0.5329022892989209 0.34850099101495113 0.5456133257119952 0.912132083504599
0.6411314743644205 0.26297094704528556 0.858321511951563 0.31826678675805464 0.567821508520374 0.5209269430145531 0.7042471969764359 0.6702835408868144 0.3743275640471623 0.2028301044495131 0.9792161666459474 0.8454998956508737 0.00381465042937168 0.44965061935532 0.7323932747552192
0.5008441758630483 0.8022025772297573 0.4684292858864151 0.1748644428962145 0.631136335276618 0.5244633319523312 0.0022943892218736384 0.46240467866471957 0.3334170206791044 0.4588697554379053 0.14094134209748388 0.8113005664390864 0.1616323638463617 0.8496463057781083 0.37199629032467496
0.569572507019077 0.6210217146504395 0.6275733235544317 0.32934857560146513 0.7106677339203664 0.5478440084123342 0.5684489885755097 0.7814515315683425 0.8426727207986033 0.34761810873257315 0.390913665553699 0.020755030562811694 0.23331914202449888 0.3238409738385931 0.9779934625341927
0.9648469002116064 0.5395350801617259 0.6191869461206333 0.8608212914886956 0.9605449531598352 0.9000188604140434 0.6124805645863619 0.33834516606105147 0.49409481880788697 0.8002901602740881 0.9672737951289339 0.12343526953316664 0.7537936108106387 0.6518991359088694 0.9116484456280843
0.20365241868368122 0.2657725939467158 0.3409510282966798 0.743902876262765 0.6840428734900486 0.6293368709564653 0.095830391234629 0.005071805930836004 0.7396751375540509 0.715173788349503 0.8999854816467509 0.23676646054438744 0.4472365591528259 0.5579057203099713 0.332859902273289
0.7516118327795281 0.18785903216500632 0.5738774744067072 0.16053534741699393 0.3835966970722522 0.5174442972247543 0.6657318793988959 0.21737566301443434 0.7569411870404155 0.8861113590012538 0.2372419058291393 0.12093898893590749 0.21462555432601804 0.3549898008656638 0.13503105839108354
0.14465162330580417 0.18151317156850644 0.5064345599903475 0.05822864117193727 0.13621327348566648 0.4020395618330316 0.07283887673695977 0.032769599249401815 0.7144305180291288 0.18872854362970803 0.41957430605958623 0.13396360374988092 0.10315128872144386 0.5453354017872935 0.9091878490186711
0.7591214450832813 0.8682003908433406 0.7872063878698212 0.3468376065626707 0.40144123836245504 0.5116918904451562 0.07148255294883621 0.16105068014993285 0.057020950777419865 0.34782147070548297 0.07106520186689536 0.7092377815535088 0.10877770545494203 0.3352177939606693 0.8787993716906656
0.1140008793277848 0.7742183491045106 0.5731592286399102 0.11212049904034882 0.3341223376506284 0.97842007034608 0.9824377924745387 0.10344886467525194 0.7532243084256128 0.8192437961844665 0.28638002709693966 0.007905222514395849 0.4294400154783655 0.6287169140585059 0.7835098371210621
0.6374601878504378 0.2910393861480457 0.0026864156162309527 0.5605657481650957 0.8394190437411886 0.9858030717800287 0.0702572265249699 0.7330612102762306 0.27718241681939226 0.7960408671388609 0.7051945706184504 0.02030332869036855 0.542513025745727 0.01650151867462135 0.3433836271047317
0.46276168482374835 0.6310766158238943 0.4590232721756181 0.5636034333278104 0.371905804633462 0.9468157024462072 0.2956249882715547 0.6132860206744851 0.6661062959184788 0.16575248962525835 0.28084045164137694 0.6165964009662789 0.5909209044771663 0.4861070762636004 0.5044489078620277
0.28908217381247536 0.44806392338429246 0.019156159612243706 0.2173573807589605 0.6013064205754746 0.36458342893637674 0.33404632470381235 0.9462411083869239 0.9832912671860915 0.32224758858535585 0.4598147300220714 0.06665055701941358 0.3422633622474728 0.636867821861346 0.9691600534023439
0.23964493300171286 0.3781069310133419 0.828263252503703 0.12104441657188925 0.6336131355430172 0.42409406134381156 0.35379707272914307 0.4229969533700252 0.6507955421329094 0.3148756334439786 0.9918928474987776 0.3890283876745473 0.9571210163423183 0.5893808790593671 0.7566640948435838
0.7153551113338796 0.9743249975588426 0.673187055390548 0.10076826242655901 0.5736702337192556 0.6349164588097894 0.5530853198664744 0.8208221145193801 0.23048841950755627 0.12341308267960749 0.8559824483150066 0.518192095550349 0.7411298180880153 0.5313649531118405 0.1749426818558324
0.6877001185132244 0.03819831133364371 0.839039627773465 0.9470872732250495 0.5077617086563171 0.3369473881354911 0.40324205047166717 0.18123434556479456 0.18769954480026563 0.413716859750374 0.17859481311682657 0.8575745867723693 0.2914528512912967 0.9786622304166399 0.22870615769413727
0.8773436400566825 0.8016287035429527 0.0602876507895419 0.6940035391400532 0.027364958616932666 0.8138187850389025 0.04683247109608013 0.27461370734256096 0.5425016310714008 0.6583309419873469 0.788350759630793 0.459520284342141 0.49846972122561717 0.9349617057426828 0.9533616278206821
0.18733267166764012 0.44812917979292455 0.41616300288097263 0.6552378768406565 0.35935060719174994 0.4262834033245225 0.02493192420580226 0.21603896847478343 0.6422111073699244 0.6911813860859404 0.12597967210369942 0.8192840236801837 0.2952555711766145 0.3453317383913652 0.18221208756370366
0.718199081933829 0.3368565428338798 0.2839007125931452 0.42328099374236805 0.6122619414624731 0.2242952864816976 0.7558815091892045 0.5489415963854419 0.7824076491806174 0.3633827235515409 0.19138516431580743 0.6471784239721369 0.5840455416898785 0.1868679145133505 0.8478184632657151
0.4455383283367861 0.9370791849784025 0.24477992225462397 0.25837742518832196 0.7338359859084228 0.5234085243039206 0.7352002765957771 0.42819953806751265 0.29737350146361463 0.5049331498691619 0.17056497929578618 0.2166817658536183 0.9820428638476395 0.7088646774375715 0.422446435408807
0.3688856231431683 0.5761558864084484 0.39219483599063687 0.21686739155661627 0.214614288874028 0.03857347670886524 0.8934557350349335 0.26255038304269296 0.14066120984312547 0.2286819829296105 0.7074468825880667 0.5861077271817492 0.5598934224420162 0.7009916106556738 0.7773933429808824
0.32102912228255387 0.2502470442314476 0.31560793045160085 0.08903818979267375 0.15142449815217773 0.6173763703864168 0.38555433033529596 0.9724612857771815 0.8468325655708209 0.6466120665623842 0.8328997456644324 0.8699560343887595 0.8410059244593444 0.05304813896593252 0.3578725392869868
0.7120841146257024 0.6054360986760507 0.41299108831280984 0.9386180815836126 0.45906789537114256 0.6474825952332167 0.8656692580274711 0.07398397601199413 0.8109687387371918 0.32332246448446544 0.3110140058357861 0.057693616800777 0.5676390835874477 0.2975375723446394 0.8974883476345011
0.22949513627739038 0.6282246811419648 0.404009089614062 0.9933533816059114 0.5873494854034959 0.16003258640942475 0.8668898896811003 0.7654259383156446 0.36444815401532427 0.037870015306381455 0.32577692067178565 0.9512960803629984 0.17582686374484224 0.2574972887830326 0.8758079116598181
0.404135807797396 0.1215692729509864 0.6606284379623258 0.38125727283322053 0.5136457389706812 0.7970700872883385 0.9739506612265044 0.6503087351452886 0.6623497729846075 0.5055546358470386 0.8609242634855468 0.6690328693239994 0.46336172004358833 0.09402748076409506 0.41266260511734865
0.9841998375648744 0.6439127439450154 0.7410501948611571 0.26298150303523715 0.4974091497992934 0.08834145481955358 0.7132241482018886 0.30274616585789105 0.3871192671482834 0.7349136880888034 0.5769814326515352 0.7899328973692945 0.6105124359825149 0.7327518923857278 0.6032629433298975
0.5043617819085734 0.45373064513974937 0.5083192293430903 0.13488973497989876 0.47984586375976723 0.8968708611962426 0.16531664036009508 0.4999100233670314 0.7615411155547395 0.13922914924888752 0.9475158210849808 0.6489310522928164 0.5825708310421559 0.49063445098082403 0.33096478980874156
0.07042103533422162 0.331536753416512 0.9763148897500695 0.680166897258105 0.6951937282837598 0.691318811464364 0.42559073082024335 0.30224798714863665 0.43976424105506196 0.3696039939308481 0.5187896761329387 0.16379120120660073 0.7579911403672768 0.912874093150902 0.25213188309225965
0.4969316340575659 0.07139702485193411 0.1981211662775667 0.5469336378679727 0.014468674299726203 0.23078584380321876 0.3303485516708504 0.27732991121879036 0.47816677069039604 0.22525172502956292 0.838954407405793 0.8198180175646798 0.9200798133084129 0.19940130398664013 0.2623836209873788
0.33827585548528805 0.9036487243889866 0.4655871809980695 0.4379733788855176 0.4097099071823428 0.8294851393772668 0.6051774243535701 0.07270625091397187 0.2688395110545019 0.4401689227227359 0.9413623767117213 0.4606241408133568 0.9037259086725674 0.3590508142131984 0.6357262151885987
0.5339452564336087 0.4700057447974386 0.7099658114860447 0.411788222098161 0.7874654037268919 0.007890303449035074 0.6079267259592233 0.44094381823505635 0.9996140358287596 0.2439437497082052 0.5852816117658133 0.2397138159014105 0.08857435340493225 0.33875437678759 0.8234831176275181
0.5219350014257301 0.8881660853301869 0.8019654750865777 0.3975306704407383 0.8255034178779448 0.1057284259702721 0.43773301054328395 0.6083124307375597 0.39050676331799106 0.23302957780505817 0.10652947439743188 0.8774859519610113 0.20406043651623051 0.7212691015124156 0.2933148103078963
0.6102020868561461 0.3468867517693418 0.3025270532127483 0.9574463121333329 0.8928898951567635 0.7776546378672827 0.9425543097136776 0.906301947449779 0.8864847828275779 0.4733231885913234 0.5435867193168352 0.9824420025574169 0.29989580294424734 0.40720875499676257 0.1809050612107187
0.6832362578310274 0.3841725960855069 0.19122239959856258 0.3531515817450229 0.4422355545976375 0.47474601102984104 0.33470084520720234 0.4539535016719499 0.6931672635537625 0.22728085743653736 0.9794801277008371 0.4311923579931095 0.010286954208477916 0.3420931599430601 0.6593387757065569
0.39029748823280386 0.07291908421362225 0.7527483186750886 0.1016628998182939 0.71923081914783 0.9373717702299099 0.9663707941469201 0.3401626409792826 0.1653691460396296 0.1160119263639885 0.4863597735852794 0.4396959307415016 0.17827961078223997 0.26113867780680045 0.022619500798124137
0.9477319470215609 0.7474224970936271 0.830394678084791 0.5000772201050864 0.7817134249345408 0.9101048019176943 0.9708061673549307 0.7131748938618081 0.6375532837404807 0.08254743288106348 1.4475184483253578E-4 0.8421862511997616 0.16172781155687632 0.37571736996828475 0.2871546511804417
0.9466235741969297 0.06790510461195798 0.09761550296079768 0.03629156099044539 0.981663292833182 0.09877407917602055 0.7150000717274646 0.46797021338713196 0.8454335575815483 0.23471575958030366 0.6500642023994875 0.15191960168606855 0.4581705926509533 0.8331854548740874 0.4213757518505292
0.7990962673324836 0.8986652044365355 0.4461507818960265 0.8034259678329863 0.6467077268052325 0.17908461501684525 0.907656691077795 0.875423427133975 0.6812494482232294 0.32616882284199644 0.9095662379764542 0.057507857239145754 0.33606069535625005 0.05496470876347792 0.6907511228586303
0.49134828000179165 0.972755818846822 0.4706756566077769 0.6534837163026687 0.41212847337782055 0.4099891592580064 0.9148676362436082 0.6905079452972468 0.48021202615957903 0.9983637234801993 0.2841877966929848 0.7572437420855944 0.39331835185245 0.2568944765239497 0.8929146884819074
0.7558057320977787 0.483829812178286 0.8842897181494941 0.22507403320970665 0.11099366310131398 0.4208897851531458 0.037414669131870526 0.7275176083129284 0.513138667397885 0.5832396683842084 0.12965347269782723 0.1322772235587497 0.1786660409198101 0.14628269851643383 0.04348741544866863
0.6646692341918696 0.6364614449049801 0.4356511571047793 0.5744581398900589 0.8930399480634299 0.48660441994165304 0.6395925266098355 0.12778693938008123 0.906705481444604 0.7977594925689789 0.5437792788996957 0.1742724371889226 0.9705543490242045 0.8104917857605166 0.5546865057107617
0.7386902763326375 0.797944700303451 0.3960003204598238 0.9114696733298842 0.2417705862541314 0.1079425445805563 0.28323908445494095 0.6513147401698371 0.3459299197188438 0.18861079652716395 0.41212265751069765 0.5895218250943602 0.0652864526564273 0.7749739677883468 0.8964889429638703
0.3031218543310996 0.29208849945622084 0.6684461912045089 0.987719286553902 0.8656161258229722 0.06453800850642077 0.17392561251711147 0.11839168647790366 0.8704660580857704 0.3550922354208734 0.6114210427928133 0.5750701166504338 0.10225124158476184 0.8936786169523855 0.8709917675435118
0.6003094412012986 0.06695138507797516 0.5568589290649243 0.22294491974957087 0.756181424491982 0.47659797167605844 0.15183103027885592 0.369649153390195 0.19510478511731277 0.6985797454745974 0.0032571840044289813 0.030987115840479307 0.07848790073392331 0.1261758475823639 0.6112606825165795
0.19238394642872603 0.7596700554868923 0.404428678977514 0.7905327752492946 0.5125119380430301 0.5048733361804931 0.4542587545356934 0.12334441416483033 0.28718695497312996 0.46435367885574197 0.2777613680340072 0.2633586567161441 0.7966351367772851 0.3256666656370967 0.5989157724073637
0.6124906958465759 0.8252229624961347 0.581939654651528 0.4964748937811514 0.1596647129601646 0.6359079052405084 0.6302689882840978 0.3195936897212487 0.8181678982794358 0.7060807187614873 0.9788366252014756 0.34179334683403373 0.4274035137988802 0.08713443131276999 0.6860685878608566
0.8051468883385932 0.6951967573393105 0.3370096908619812 0.7811325216910784 0.2341115593867682 0.7484084087318889 0.593129376656128 0.8222995342614488 0.15722174550340084 0.632463097311881 0.5025500475059897 0.9381713306528919 0.6648961228902266 0.054500152774278554 0.40682176566340644
0.666500465147747 0.5529007516105872 0.9002073112861452 0.39096169796949676 0.6563080226601932 0.153549748348091 0.570998229244406 0.5491110404809835 0.8312297028759981 0.34051366174926734 0.9860468331485442 0.09385911982674211 0.925497837637189 0.6081452535155387 0.1727933218940768
0.7418819957296071 0.3986930147699371 0.5725209464385934 0.7298874668324968 0.14545784903053793 0.6113765272541012 0.7189354352078409 0.08813703486658364 0.00758450560984536 0.8009401496848302 0.7293765094312257 0.4178805746916937 0.9178392099931791 0.8354873986415223 0.2635450290468
0.2353051415072871 0.8767846601586413 0.9432864961483868 0.6382756011035235 0.24558152126539246 0.9386391517884239 0.6163116183313387 0.45275109680869374 0.7272905424685837 0.39509308178254676 0.6686161812874521 0.840694217304707 0.8104662327430365 0.44756780537837226 0.993757970835904
0.695758036251069 0.32968246000310475 0.3708771356916538 0.9102225609456475 0.9126262474602008 0.543961961300431 0.7581657993490698 0.10976840411288724 0.4138735014279902 0.9068876689073797 0.5551629916243125 0.1308428001804769 0.4914246394496715 0.24314819819338618 0.24120367338718363
0.9676955339757397 0.7814913166123763 0.14185044747200104 0.6951338556058835 0.8955423529840412 0.013152837604387901 0.1122845772897042 0.9961305387402875 0.8431082385315262 0.5232879475065135 0.06442725006619954 0.6526307389135447 0.6761058690525216 0.41435264958570517 0.9743214670562567
0.5269783919483269 0.5686819989938049 0.14653850110066846 0.17357234512861275 0.02906179241775919 0.2345907909339895 0.30213501455614367 0.5625497872082251 0.9891282087370603 0.16582961876340174 0.23745855709056674 0.188490919381055 0.9881267299346156 0.1836995807838393 0.34649956763453926
0.05254627702847725 0.8233440529976936 0.5457292527962441 0.7004783312048871 0.7139155269586215 0.21776228680325982 0.5716272796416554 0.8987896891135728 0.24457031197989165 0.8434816034149852 0.25240537170052113 0.06935489965882757 0.3546624364270018 0.2227152149708912 0.5890402117989394
0.09018885147477185 0.056568771290088415 0.09427719110700827 0.47051937651549613 0.2690293948668274 0.06462391084252461 0.3891490066686988 0.7458424701162848 0.9141648707229038 0.23794497117499136 0.045623579475494114 0.7705259430996566 0.45713481967411473 0.7653529514740695 0.5126904083769552
0.11538606191464962 0.046768046438206534 0.4642480397208083 0.9397389745107142 0.31385119368233727 0.8240610996675201 0.5193963987813346 0.7313222673399351 0.4937813587498935 0.4086896406061864 0.2229389343553715 0.3576352657818257 0.49074924389307706 0.4804835796187714 0.7935328691145336
0.05452880958177486 0.57196369244233 0.7229868658879404 0.15038939597203693 0.32129175538864063 0.2134930961629795 0.8112609503213595 0.5970717858084588 0.9300995266054934 0.46817268851639393 0.5723805130157693 0.7302700182853424 0.4979408146899996 0.3375564054605926 0.9246092365572819
0.5303696180575342 0.5399980304966125 0.21850039548901157 0.7100317381543274 0.5134837935368509 0.3228716143259984 0.9334420212013522 0.07545791441114369 0.028719742706990403 0.7667021514711412 0.07316448078681037 0.6277039685487189 0.26980130567979577 0.10715809167776835 0.3818139877552995
0.191894229874377 0.3367719901927161 0.021421451324850183 0.69616288700688 0.6352164100468856 0.7313537011929557 0.44671747264541284 0.5145887658310833 0.8836023457506011 0.9986382525120208 0.37559841937302063 0.61596592872858 0.9550952265764057 0.8381400631377967 0.4991058024604431
0.2746424093150234 0.5612032323426952 0.8988404454258586 0.6870995615904938 0.5249023353498138 0.5863288379101436 0.6457049684320147 0.9444562287186093 0.6167895268984698 0.5454018022727328 0.1392570016090714 0.6625028209045614 0.27489542132094114 0.941133323844484 0.30514283160177913
0.6969668862302433 0.6226905768077207 0.2948473017729001 0.287223955981205 0.04688723387671867 0.6672055241712993 0.5086344481798171 0.7755851502619361 0.6833441790280719 0.052343644344697626 0.13161340664448107 0.7799473587279986 0.3825315522984628 0.38383501836137457 0.049372417286877135
0.1793268458045374 0.25460797385349077 0.8048168258695482 0.09320419168522465 0.5203827866734605 0.027927444364515663 0.6582523508294004 0.07453552157015197 0.959748045512956 0.047664776132739894 0.010877689308340432 0.7899922206165024 0.9497383830388242 0.37851427962013495 0.5330909219776823
0.6138292738008663 0.25218761134065903 0.36305529100526135 0.7301759869710827 0.39699500726695547 0.13175778484416534 0.4805410750929906 0.8024795634412337 0.5258868275523065 0.12792439649345333 0.3752825670755504 0.4756357107836229 0.15889608759346152 0.6339390476140084 0.4794621970243378
0.9866603693287955 0.8551272077536035 0.6214228405280764 0.7421267901746549 0.03771297119246564 0.037217020351344 0.2408457850816721 0.5942731183162805 0.9365506546305641 0.9889676208824806 0.7009988617542071 0.4293534090903721 0.33117579729664204 0.37854651874175205 0.784666953928647
0.5591922226128283 0.9159047453286394 0.6192959372288264 0.593062501190577 0.8172203401773311 0.23706222770695984 0.7327328445836191 0.6281813149892416 0.7240950966925739 0.25873221744232344 0.7621097394094712 0.12009335881864214 0.4051909104542699 0.6624727822361914 0.19994600261425388
0.5852830531108524 0.2551075926633344 0.9496288632389864 0.3392280370166082 0.9625052838350768 0.6812584425618877 0.2908537658769115 0.9355157249049424 0.3142245349460312 0.1267636620523308 0.7246762791363147 0.07598210863545918 0.00455647140525961 0.9722891188368384 0.7454273983129935
0.6914515073241301 0.4687327390207695 0.8471345636572136 0.5405666888027829 0.7187914146514394 0.1744611668486905 0.3417889906223436 0.13842531727902763 0.5235512170257881 0.1421553895092359 0.10733543980092797 0.509609097147841 0.8265313326550604 0.4388592713195407 0.8515015540041547
0.22878147136540739 0.043004138014758664 0.38979314179487323 0.7968155126784394 0.6482730236302099 0.6395981596759261 0.8618002808812751 0.7532423168858853 0.6609407196153521 0.8413949961184265 0.8645740673149277 0.07583829031908351 0.03692611174145255 0.7805786769464471 0.8883972942450011
0.42737626450238375 0.007439473886576731 0.9680151358903156 0.851226703811931 0.44655807110546564 0.2384217662356659 0.7904295053597867 0.26330807986402904 0.1343446557357475 0.5879145150593609 0.5883869958941866 0.23410776202701367 0.014098607381449968 0.07319318201768532 0.7540732418488634
0.2441987662909465 0.8956474522134197 0.2871963265143104 0.20290821135642734 0.18384103063005397 0.3790407758837089 0.09851005782167932 0.5193172232491106 0.020346751608917857 0.07068756668381138 0.8451430089063366 0.054521736504468454 0.5979234735639924 0.8527249739683423 0.38955402331640065
0.2630013490782741 0.49653914835215185 0.4458830761866963 0.34087142513195257 0.604317890895928 0.580454890234963 0.9367747987943922 0.4699691249230318 0.4082811301709144 0.8524227413290602 0.9024538770864651 0.8440412744379604 0.20397498282653326 0.4961473189900849 0.2582481084153744
0.4895439428742778 0.1469522381386993 0.5374618865217572 0.9792888306279384 0.45584890103082365 0.34394437686862134 0.3837705617651479 0.40182191018194335 0.9966809024896821 0.07072284925402772 0.6116606637515529 0.8972997047194715 0.21238663299234417 0.10628659157304388 0.7641899134864861
0.3304169593399735 0.9033098364835532 0.6653399906728429 0.5922053462056376 0.8616683107803389 0.5730241811894575 0.7010644657496292 0.12815242195521015 0.3356687888986569 0.48990126442293547 0.6714759665273374 0.21618353676751356 0.7083927911798419 0.46646828886453684 0.21519961428057766
0.6389780374695739 0.709651076004642 0.5482363641956212 0.5662816753014389 0.779536190708568 0.2115395678638381 0.11715675181208662 0.9526987557743282 0.8353116873410026 0.5792575965102335 0.009589287870152896 0.6695122031157823 0.9623989715408864 0.6176071237629727 0.12464329040085931
0.9951556189242107 0.36909268671362305 0.5946493211721934 0.6559784615316887 0.6281318396111832 0.30098873490560674 0.22340774759869952 0.5186292368850846 0.8614352408474193 0.06389760279920897 0.41317259969535736 0.7621429163564483 0.2833040575195135 0.716191967276528 0.063873734056338
0.7622986012202296 0.3954464164226875 0.8288130956960915 0.17015472528728415 0.765900044639453 0.17367313322441347 0.7590108327922387 0.026194013479060585 0.9266125756845287 0.26090897034116667 0.21299459213362593 0.37798332512705435 0.31454079078537756 0.17884352309544882 0.4830236922493809
0.9566877403049617 0.5082196168386064 0.6720217673510829 0.6360673376625079 0.9448756086441139 0.2849189615498656 0.056963203511569915 0.10401576992206152 0.5768208069505201 0.6136377090168152 0.23893799084964196 0.5795259742051734 0.2547437774492488 0.6248902855615203 0.8803172309185103
0.8569366459755071 0.2747717751097023 0.48236470201345516 0.056953627654499184 0.2742888979139305 0.4995629938920335 0.11375822678688563 0.6228379310016616 0.7103405854151036 0.08895328802957081 0.5715732153987825 0.4183157114600057 0.66956367091093 0.7056479215141984 0.3893819510006309
0.4034376976475772 0.8484660162604667 0.4498954482810593 0.6750461883924945 0.7755564341739011 0.7181796897035571 0.14524427162616027 0.8396035169784817 0.13907084802854508 0.08111053296413351 0.4968970383212652 0.7990094410697256 0.8352592827588936 0.26354436149760874 0.07484152573835401
0.20564999694891073 0.6114308348583491 0.5914573428837506 0.03585129933392217 0.7675174673882715 0.9111637205567295 0.06337919236751832 0.9916130669089342 0.9951668902159788 0.20118874806359677 0.6820098671034747 0.45465201898453045 0.7800487140533704 0.9155143695535171 0.7353917181310223
0.8493900909051604 0.05253925719565489 0.793679831601827 0.4287903314570751 0.16258675533551803 0.3939664986535316 0.6175610710028759 0.6600398979543709 0.9255753737778417 0.8841566621065241 0.6099437018016166 0.4039588429816171 0.3701227612933943 0.6545019924470933 0.04811614594412528
0.12554496859070108 0.28040321459209017 0.58627819509502 0.9670251345169302 0.8770090931280197 0.2754925783943012 0.3449153690789363 0.17907503186640694 0.25030905890270916 0.9999519502887263 0.4731537737947993 0.22144112982267372 0.15469693708820598 0.9744848568493445 0.5794914924529722
0.25680649039608594 0.4678938382437241 0.6643150261434567 0.7530582707718773 0.39972080116873143 0.9698583258412695 0.6598473334032039 0.21202622268809035 0.41831870381935576 0.6097165207000578 0.7323370262487495 0.8498941676662414 0.26992432671066746 0.07927235599063254 0.9267075909826321
0.7824598102407286 0.4691075521749394 0.8706194019111889 0.7843209678604922 0.21801958795536625 0.858046995644312 0.4807261896661036 0.250418300720344 0.9743134347700129 0.9515932173654585 0.1924690344038178 0.8141130479675209 0.7479575060078966 0.66321504174783 0.9094378107284866
0.9532329801128361 0.8055852172675964 0.8830513985717827 0.8509416279382807 0.011970900056946343 0.11064266397795353 0.07557885737423453 0.5239929746698756 0.2262185432145457 0.025762007897306316 0.791945575991573 0.28065059453884866 0.7296220039187803 0.6378621953740073 0.7508105110659448
0.941952519612966 0.022810952298371157 0.4416031514068566 0.9315660781951101 0.42377274275001076 0.5689182245064032 0.5865465688091599 0.94511143770583 0.03528634364844985 0.8904201947308985 0.14435231648989655 0.7998828744073602 0.13732918235129798 0.7854926831121202 0.8845665899964589
0.06463651657118408 0.1457904021783416 0.05649076783248563 0.861034030544912 0.34451779485530476 0.44427719820358946 0.448825495667892 0.705693246859438 0.9332411289113912 0.6306426803270155 0.335424066833903 0.9024908199447316 0.48174260130058644 0.6635696685495178 0.050124350462487866
0.4713763816906693 0.5324568963256621 0.8982546952534749 0.6727687618421352 0.4308172619870282 0.8084093783062993 0.7043376531415636 0.49942624401831137 0.12699819291755565 0.21760308644237647 0.3445746845923108 0.3930855216741378 0.018847422334274944 0.6357191830702381 0.05935307669774492
0.7033267124975955 0.790258466829564 0.6639391413072518 0.8499985813714565 0.4678922822298639 0.7243515743316128 0.7237351785042723 0.2829272746195237 0.16474279542482884 0.11934714694535753 0.04676517342084008 0.7470452967126413 0.370096439615096 0.1515987708686356 0.3455469846042859
0.9884019166899005 0.2961158977317585 0.9985608060978969 0.2093763989226345 0.4189522691016204 0.33131989001391626 0.22294144084503398 0.5599918245898367 0.6503883513578023 0.38746076456008927 0.38901932181996735 0.822777868574551 0.9393477940835037 0.06852364669863809 0.6330779476067512
0.8218392977155213 0.7469119384807991 0.42066702540086565 0.4421386868088504 0.7910656076020963 0.41315620492896843 0.29633782951716203 0.20864997431658883 0.3083456160035237 0.0266171374607731 0.17145939534578836 0.22351669463685075 0.4063806517058566 0.9288921871586815 0.5915035262775812
0.6458303383497882 0.5910838015232046 0.9361901049090884 0.2904227590614541 0.644887171716078 0.0073419189382673 0.28250060294551893 0.4258327460530916 0.3485579432163334 0.5319559720398535 0.4931547699415627 0.3044984860320875 0.4517996074429014 0.14486450161584363 0.8828978475115892
0.43409268815555313 0.3400758798824338 0.5322940700974295 0.13919868675437397 0.7303582101323387 0.36467984607989745 0.509269370115898 0.49937121039719445 0.23322058405365642 0.47042900601332227 0.5139551410056701 0.35918480394455454 0.7410612507123595 0.7209286252454835 0.12259075235295691
0.7609923456751233 0.35927523912649584 0.39257733538479234 0.26131750734581505 0.1010057855023333 0.077402049817763 0.21571379593240936 0.5499877842809331 0.5682012271298614 0.1385318519034695 0.02978127541296649 0.0030842062356434274 0.2814365684535639 0.14535369096797157 0.5891126289456912
0.13416607681807569 0.826716625419889 0.559125962009822 0.5069151121049466 0.3627994930756887 0.9131419634428513 0.4910139858742657 0.3572607355851547 0.5067160553110738 0.16392965460600328 0.45965306721585153 0.7683650709524785 0.0569853368108747 0.6379950949943233 0.09446009766349328
0.9351631506464033 0.8802738584963699 0.5379363580086114 0.6011300066782533 0.3551680177951575 0.9698035837695662 0.7018632418715016 0.17391829874745734 0.7488246345566 0.8754114072058964 0.8993657392159006 0.43872441980362487 0.06404706112008063 0.4831502606288618 0.6560171648458611
0.4416547648487189 0.184354928983394 0.886161645842131 0.31615955838311693 0.6596586236917633 0.46100054450756645 0.19108832686747323 0.3203202364263722 0.0029938617618017194 0.47170531492822576 0.23808520179123338 0.22145980045596214 0.8036937939056868 0.4721003703148824 0.3775249970777296
0.7933536163218071 0.33987008713085465 0.8506928558428504 0.6427850394938659 0.6947605303391103 0.5326013056160729 0.5241561507581809 0.8860399807509547 0.5446336307259134 0.07032011637217939 0.6169684587134768 0.702774795548916 0.9364800639945954 0.36502688889904256 0.9579012541444555
0.26077084186414334 0.874077874868718 0.42532076484539105 0.895585008991495 0.4706076919446879 0.3461098650172665 0.9431541497611853 0.6863570412480406 0.2872616843211514 0.2738758616479363 0.6343796506777454 0.23982185387621635 0.31617170634220115 0.8640961627272898 0.14757374397009948
0.32103179916772273 0.3121815965443253 0.47792084754245945 0.6612843628948198 0.4029219866861492 0.6060576357348427 0.4876109620972122 0.6267643305812501 0.23861001945847304 0.9708188004994649 0.2339590087991834 0.981416688294085 0.880397826844624 0.9489060974874604 0.12036837449833981
0.5575914655795504 0.31078904196393264 0.20125708001107645 0.08361190619115688 0.3420380071883564 0.07056250700983469 0.010639828407659535 0.166642529802017 0.7032310319130446 0.2699186291872725 0.6741405156071959 0.6854290744399837 0.6969520612783752 0.15094200308156602 0.15348740780878023
0.5296435576141008 0.08492304596213351 0.9331001722515928 0.016932854881579584 0.466126279719686 0.7569515390576359 0.018225309187316463 0.40270487697602475 0.9244075629020905 0.8339624441723013 0.757401577575225 0.46157776167938147 0.6351663632913512 0.8474543765349054 0.8894081945457629
0.4949012394341805 0.6653571359472711 0.040332742047848424 0.44884409572884376 0.7944662060388853 0.847838505258411 0.014736598657158928 0.41178717061557135 0.011874217570861267 0.3386884187388788 0.6643892064874922 0.5978174172712352 0.7376172307448335 0.05199217829136338 0.5721672788434145
0.37945976422104255 0.8538626299933223 0.01974124539090505 0.8279974113075996 0.5635792150742426 0.13997836387650064 0.30358236291926655 0.5278523302534823 0.4039873301818274 0.5561213404896783 0.9455081924340327 0.051533839285652805 0.08049542068083126 0.6077518461508266 0.5861817652455926
0.5850932500944932 0.13687692382129446 0.20272540374289982 0.8024393024324796 0.2531542590086835 0.30867746636085946 0.45265302440014565 0.919616869456089 0.6570670164991609 0.8915379974942057 0.9415092916131929 0.039698339129986215 0.576736696321468 0.3016727580567552 0.08700725134818021
0.2928835138221746 0.0871334157408361 0.7623706277727993 0.35404783258771644 0.8680268234846605 0.3649047808132819 0.11386460343310467 0.2445910842302894 0.20649865120416233 0.016176140880338696 0.5886412683999329 0.18458459175105224 0.8543725805148468 0.8435379965653659 0.020237897475254174
0.6561247855233145 0.8594443627374463 0.5883837086416256 0.36080238547109866 0.18181462934918413 0.27243830870825314 0.33417498267634826 0.5711667525980308 0.05832155325256416 0.26586039082517465 0.9368766771723143 0.9169121860208014 0.05742717903588679 0.6193070434775342 0.06071616691861681
0.45488027885213456 0.6654005064930212 0.8366415059897033 0.14058723383785898 0.02681064001291711 0.815315057214412 0.9583005107023042 0.8668318407899841 0.3902630811689157 0.4819689354887001 0.21109580234300152 0.5937975388478545 0.2117081335703942 0.9553567394441421 0.9982265638379416
0.41048235419440704 0.5226461949433556 0.0861806706438859 0.3738204075916556 0.479742960918487 0.8968430503014636 0.3056774012350405 0.06917205080844957 0.6519559792225638 0.0452450641488642 0.7620765491967584 0.34195057567677134 0.2896864641097391 0.7448643428862352 0.48729529878382016
0.40499738612011826 0.7018314118386904 0.01890094638538642 0.11001317072745986 0.9579388342289398 0.5788705726140109 0.26759541413259136 0.26505958580898725 0.3926890179510619 0.3452706472089939 0.612781507138824 0.5140863747965295 0.5730197302554679 0.40075291186444206 0.06383580924950905
0.28878594948925995 0.6987259985981522 0.809048787696114 0.23869730802822997 0.0954555350082098 0.6565174199347488 0.11093165588205245 0.2808564797531756 0.9784961542119388 0.43261707900441704 0.5877268992345592 0.30169022699026493 0.03047500593700425 0.6161512063507163 0.4821673486165595
0.14724538152435285 0.5576679580921164 0.7577643047804299 0.39537403552733374 0.5395501202965994 0.3625389885753455 0.3644963380974836 0.32190701941806044 0.6747592642898994 0.4884014388152368 0.6098096909049495 0.5592450896710656 0.17391586121130154 0.6865459197727517 0.4167555972702055
0.03371690393224336 0.8768380946719433 0.8124080671040237 0.4326209301665954 0.421820242472564 0.34561722164608377 0.3348888375888478 0.5549981925601385 0.8140303983614728 0.10143843946419062 0.15172889963841474 0.09207261567427028 0.5676125702065686 0.5569137241698705 0.9438778652835317
0.34402231298438846 0.42561692508506255 0.3258417520899616 0.3730879540580383 0.37777893994869327 0.9411499461560675 0.09328662525675413 0.5295010348986633 0.033997254471286875 0.7391783599328222 0.5110941645729237 0.16978695161135382 0.75293461169308 0.17253756771694861 0.6474403582944765
0.451429734715588 0.6350418399103365 0.48447915359060956 0.36373379503033776 0.06504812338034649 0.26241961747920406 0.6770071912542972 0.6181698878101491 0.8941750834992594 0.19889487352431656 0.9024163727488784 0.10246194205178816 0.59071072175251 0.7593245619962949 0.3448595182508123
0.8067498191476082 0.7443014487580466 0.5928343278207422 0.23943592013282478 0.07741437713888888 0.645187970321913 0.8600526536832639 0.888205881989882 0.4835018119106673 0.992603180961993 0.30100117534362303 0.27570124098150817 0.3396889054032606 0.2845903695625651 0.2881545851039725
0.1609154473457891 0.04719656608975531 0.04015122053286724 0.038284347415881825 0.32842070805932555 0.5087857111720758 0.4509219647960071 0.5170525313482285 0.018174333693910305 0.7499463256891769 0.5371154334819361 0.2119229928636942 0.4217398065026996 0.5356162936200172 0.39125539693879474
0.8718096424780946 0.5320626574465427 0.21024453385093123 0.6332690568373172 0.5159820793288571 0.5646048395765807 0.2087377400449434 0.7717923351012181 0.5001011117411622 0.6295560606894118 0.6868086215452278 0.7690816536292239 0.19385808385515435 0.3280037178500801 0.5014681493566916
0.7407153871944101 0.8725432328232791 0.469357700072756 0.3358823328556393 0.386306518990709 0.7539704502763755 0.16299061992105868 0.10753984163759911 0.4437377523410584 0.7225365353129635 0.12396701656287779 0.9246536359842531 0.18696910850556936 0.1737955228390553 0.15090064599253417
0.7629462483005592 0.7462569124125499 0.5857794340017369 0.38339165508883233 0.7234448390716011 0.8196625868232107 0.8773988645555852 0.1271604850209298 0.20163903674681094 0.1660184849267322 0.3496083694338975 0.746908713129111 0.5493306544829224 0.12205667279136623 0.021622483456254393
0.370101701026764 0.8427314311044993 0.27019670599247303 0.47232109139680223 0.9192814563049899 0.18384097221657225 0.2985260951933033 0.8760829422910926 0.2961825773314205 0.5568642904007882 0.04079756867765516 0.7826389063029919 0.37783795569688683 0.6374041829436786 0.6618051259130548
0.3321370313122669 0.8530250274530494 0.10939092810030437 0.962291048233886 0.019464398594191468 0.8268177029940066 0.9831876548726655 0.8175740203275714 0.8259705848071326 0.5516725188758179 0.1280371077028234 0.8353784917086216 0.5220908569004534 0.6053925762372344 0.7329912123983287
0.4208838988045578 0.21096745628881675 0.3294757046900787 0.6926922355858806 0.5708015661250818 0.7310195947095132 0.36576851773935937 0.9778502430808218 0.8833263386891418 0.36451427026734007 0.685011403843868 0.8949884018520532 0.4670989247170446 0.40954128452091265 0.5877736338409162
0.7660044969810765 0.659853785975047 0.5643976302320236 0.7764419006747849 0.9653229848927947 0.726216977948313 0.7462379795277014 0.7463398603966902 0.4408888845230494 0.9941569889881934 0.9199496764396738 0.42472007780279275 0.8149815672861126 0.21088074253942857 0.7485615767218218
0.19828356837504446 0.9118023592610609 0.25150610717077804 0.3930986954910308 0.21304724129428576 0.09101715441145519 0.6976314011005873 0.587645209201472 0.10479193309015133 0.07991146739410115 0.21796109379673267 0.19448045922313628 0.1239896066633781 0.09154185480322996 0.1294363891311352
0.804503939974744 0.956020985341669 0.8922444492396914 0.9948581621688036 0.589767076856494 0.40565953721095716 0.1390876171233475 0.6217787388421492 0.5377807160466077 0.514211862508142 0.7463324968609184 0.3674784184158896 0.40136929869499915 0.6083681961714535 0.2596919071027327
0.22613139970493312 0.18319400723760104 0.24173127472621248 0.2181540158063271 0.7768047030310798 0.7406685710297702 0.9831555328045153 0.265364807573486 0.7047233173359982 0.14484348340207143 0.5304426520478588 0.3360385473103531 0.2732731936556072 0.7559352499314386 0.6836039882300581
0.5875936708107993 0.8205031470835511 0.5885296702065879 0.2988138908501994 0.8731862808703666 0.08142584850206169 0.4310888936024183 0.46234216151884366 0.4595416796464358 0.8962068996383171 0.35724412340088363 0.7731684410615606 0.3814596421846561 0.6543699970529183 0.7204572868428704
0.8036445461655765 0.2945964540234607 0.6464359836295933 0.45898626290762634 0.519485510917316 0.9391030279284553 0.34695125428527285 0.5546902290605941 0.6835339127327966 0.3589249923988078 0.5366517115613579 0.7870630564860869 0.042155929643517887 0.8350471052971147 0.08654608740958236
0.502984165683854 0.39879220192340104 0.08569128582904217 0.1729924583778477 0.9830279103628401 0.516099780057958 0.6624536509359737 0.6703803529343336 0.1267743277067237 0.15628643681484555 0.6285927078813909 0.4768200084000106 0.6024150087386352 0.4686520807163548 0.5441576079563585
0.5682797977683102 0.310050362368409 0.36401589849246785 0.5023715107548218 0.6479009595472768 0.9934251689919231 0.47762293506710973 0.46266216429390306 0.3597590880415418 0.1014515758037492 0.8152865299226033 0.4079577617212393 0.17012972803663673 0.5487198046654678 0.20193806216388144
0.9173434193499135 0.18435533700486384 0.8532985231749957 0.20741923698602605 0.5898996553908069 0.36369938755191966 0.24047886189085343 0.3112661338499997 0.3815207327446153 0.8341127031397515 0.6927165232296861 0.686398118567613 0.3237379754957195 0.2376263123805542 0.598879328787894
0.13103945136215778 0.2820489719457133 0.36712378396919676 0.6100079892569059 0.3588647060268968 0.3809804256295988 0.6465352980949595 0.5441502505489827 0.06927357415412083 0.47408920708652524 0.37103484608787063 0.6994294588605579 0.9628648176401092 0.5693323865699971 0.005610972813656634
0.7323608124924851 0.14159276916401475 0.43371360035053586 0.2554202667250506 0.33752958122258103 0.138754130690126 0.6958402145019547 0.0676221949709912 0.32509743124579416 0.1608671689974157 0.6410012245011505 0.20193304109404042 0.33420448816712633 0.9916685031002056 0.5506035707148703
0.5159251388718454 0.34318633438576296 0.407868052764389 0.8762806398898815 0.6511374684490419 0.34162666613759485 0.8869656315756734 0.7587125767156646 0.3773520247305542 0.014617874170940737 0.8493473541095331 0.402176091181615 0.4549301036934039 0.05620361383651662 0.6700441452046695
0.5980665311996559 0.5088910082058876 0.7768285565044253 0.2199479070307272 0.25411263904013204 0.07345539293401282 0.9987224994977244 0.7519464011071433 0.13073010948199737 0.662064029669121 0.8434973809390466 0.5343502434529933 0.11193746799214022 0.44542217668329787 0.9078372142995077
0.7521510587314756 0.245483506159615 0.8789085778013114 0.4960126591282088 0.8460627139234934 0.47531291668098974 0.4107273375425825 0.03205379001904274 0.6399621538733239 0.45922255336520135 0.22346977287602898 0.5097652295312731 0.3192607826469742 0.11553782352781816 0.8142927835188389
0.855370763701298 0.5659002647283343 0.5748652679326263 0.10270882118121116 0.37542479457035116 0.9300819925561993 0.02645336731064707 0.6700221257649609 0.04173046489329235 0.8245026028120258 0.5434210759021566 0.6807344471020627 0.22535542470726266 0.3637825335930678 0.3470894964902763
0.013783159939225409 0.6334377113593571 0.6399380457415816 0.12787865359478368 0.1402630488448655 0.6253263372393377 0.9241622004676006 0.9787084918719479 0.3243225621281248 0.788701836674215 0.7158431773030549 0.21656904346598427 0.7952143854892997 0.6416744636693936 0.5216633675966914
0.8689017042775602 0.641018886176496 0.593458736775203 0.7407859850980725 0.883660140430406 0.30834859350319954 0.8440748165910215 0.05655067063225494 0.18539566164011845 0.7573802361162253 0.7326287769140668 0.2907630651267068 0.5444386331730982 0.5178509306254157 0.15407513269160655
0.7635775661730516 0.8522240714829391 0.11919278249384391 0.05596710452862108 0.8201369463476967 0.8030359506241938 0.6267707530558657 0.6995508400671225 0.3345457810669895 0.17092165242497281 0.30622645903538814 0.32366239573921873 0.6824194665290747 0.84025412674931 0.759220430954445
0.08523669979125259 0.8851642177789524 0.49939623871838035 0.22640395629477517 0.6668404394292922 0.3723076410670265 0.4391482008877996 0.13724101366168662 0.7394913859997158 0.08261342408850292 0.21113541183468765 0.4013394902851012 0.5481288026817471 0.43037818705403963 0.9960210891428612
0.3822405359073564 0.2474511979701578 2.2175400825563685E-4 0.4074037529283685 0.9721532168699506 0.2574386313531841 0.7018471070212633 0.11448737269228837 0.6949113666379415 0.8307292206125491 0.5156597379691994 0.10508717135985801 0.3044680753879302 0.22812019463617617 0.8908003083716224
0.6302621098872172 0.917532797203019 0.38381613430103145 0.31905872210854136 0.8728403062492944 0.3214946715171947 0.7086480113247414 0.601301729983833 0.16433108075475056 0.7325650842669499 0.7273388190988004 0.8474600339360289 0.13819361270518882 0.9441111244142086 0.5749921740838219
0.3067852425765033 0.5521585782224009 0.5014413751538862 0.9883333193854139 0.7120009949846434 0.6382760030394479 0.26684355518873726 0.31883180629544994 0.9391363249258933 0.7465890131191948 0.497463544728016 0.26768812767360206 0.43424400046872036 0.736809513051917 0.34865377667086206
0.4967672603318376 0.038870028395675105 0.04209876764634923 0.5367082150548461 0.0049140332499999495 0.5580549493024838 0.5800321840708377 0.7474403756220734 0.17568683536587648 0.6578114777414259 0.7180541545904308 0.2608495010355075 0.7003970681215845 0.45343716254566646 0.31420542966670795
0.17715951637823968 0.15944475022915106 0.4556848022500075 0.44863220754454813 0.5758042242686587 0.9052904010214691 0.3787271853879106 0.8373621745834875 0.916471306899216 0.03200638039595649 0.6820173039701091 0.07706019666339436 1.0644380577995438E-4 0.6392018386157021 0.6175586181892009
0.8079518336389615 0.8478187491168863 0.30221681660058486 0.9847645857307518 0.6018302748427233 0.9269169044933987 0.6458329113245971 0.7570002748304792 0.8830386044027191 0.2558447047744721 0.18534952157617401 0.23706325943951945 0.4725454245205575 0.05357430372210659 0.1467258080194671
0.4232749405515597 0.40870926806343033 0.7640536080762554 0.8065907475416133 0.8235173373369222 0.5430530578366491 0.4825940890346151 0.0032745020867414043 0.041464871068303544 0.03534665191891195 0.038624064145707515 0.8616164387707325 0.07742435300395223 0.2795224776003946 0.24802136703774424
0.4471564001755616 0.43561041690488045 0.980425029857053 0.1382786995327212 0.019417542640592034 0.8103481120113626 0.07112236553920681 0.2710440309513664 0.789340476141224 0.33560799668946195 0.9114838303279279 0.6391170833929731 0.6025301629204567 0.12544342610373227 0.7409547213443862
0.9987724413700357 0.767828437567406 0.10731351277653078 0.6719358015152956 0.9133186145713352 0.32982673946859065 0.9559397531585908 0.6049012327219785 0.23009171541626328 0.4442850140394098 0.27225770861563425 0.3223658467456241 0.19062102184900853 0.15702451673510442 0.020189879124626997
0.6760386862301736 0.8824932792361336 0.8097136090775575 0.6333795239768615 0.21997682140386698 0.28148123102526856 0.500067477787409 0.13468948384507073 0.8622793469566726 0.7037913590366132 0.5093337401791002 0.07318382079300367 0.10883872046096854 0.0908243429510408 0.3765382372245074
0.0764745539847167 0.25489273055305917 0.18263126678092112 0.3468162034039679 0.3407296027839013 0.4435970635945883 0.301287513438099 0.2502557642228739 0.43630204538242445 0.8555649862522474 0.1616952376977001 0.47803261792072205 0.39385509417235776 0.41929728698762814 0.8548645164140103
0.6142155408388609 0.15402088470743358 0.3396520834180442 0.9075123404442311 0.45447513048584587 0.11304589751467131 0.4299808519285083 0.11185750557513474 0.597028138569092 0.6775388990058445 0.7032831320116052 0.6407787311694901 0.5265030619326033 0.45335245439413185 0.9287097675390645
0.8160422103932206 0.12801272143623255 0.9367922787278634 0.8919700369744052 0.781094183721425 0.866572193686217 0.35076306625344 0.9116755283266561 0.24495259744016495 0.44610139154637285 0.5741237514180288 0.758379734956115 0.41002163663082636 0.622603379524045 0.9494386916638118
0.4990487243021028 0.17419159796493 0.9877110865510909 0.12247570658057094 0.9469253698491962 0.7063755773574628 0.9616465456759596 0.9662159337689206 0.33522564473500605 0.5346738805331197 0.9387386543877845 0.0728043818468943 0.5528323947882874 0.3576456989570499 0.5139962950970288
0.2587841883322798 0.7811281854421352 0.8917069641894023 0.9858361500074698 0.022121671332300585 0.6533361582418689 0.20146216374478398 0.8779154844815065 0.9139434629837644 0.12121311991011419 0.1248170458340575 0.05212173359447403 0.3435705694513953 0.05866711831647076 0.6010084099251102
0.09512289299268795 0.4223490243583915 0.25784711120331527 0.9372256212069934 0.05248317773431621 0.06994037149503896 0.8804796990085287 0.30828829024887294 0.25720138853053687 0.7561490037434466 0.6157038006296767 0.07388328062109473 0.9536296983103332 0.9320284265492498 0.7653815062188594
0.8191530688855848 0.6530827179622206 0.415921378697397 0.22883897013574117 0.37696693020160077 0.6740487068034088 0.7432539605618903 0.8912187011980196 0.4739952816387982 0.11776511107062582 0.7633166475211925 0.23310030066814458 0.0577465292007292 0.6090235787549763 0.571930876896253
0.07377406297300926 0.8080150676487056 0.49242020462559843 0.2058120254495308 0.23652773092343615 0.8137277804087629 0.8158686113845562 0.39260531294769896 0.5815338279962238 0.9049657318407895 0.35604529006846597 0.04998402333506846 0.29040096107519875 0.6699769461872004 0.14453760039812724
0.1578644801828547 0.5061797417095685 0.7582844368372935 0.4388171900489116 0.0897051706379296 0.43358996433931885 0.673534055781831 0.8487622164291734 0.48202288655248504 0.7864623432094165 0.8935143440060791 0.37730422179017287 0.2456712592057574 0.032865162725085995 0.8198206987930827
0.4628763652795449 0.37809237178000143 0.23311189535357812 0.7559246760583455 0.7216919639257667 0.8226655774618133 0.3918232415916788 0.8399486630109181 0.9794828390618461 0.7394418682122079 0.15244315285932042 0.6172346706924914 0.3551798733795827 0.20096607190211613 0.3510848793781063
0.7278358871631104 0.6131184945645516 0.5075535785045643 0.4163102391725706 0.0053477859368837866 0.7357042081622245 0.028301868266222385 0.8524208663150624 0.1360355024964376 0.6850743180956296 0.7172815051793114 0.07606792151489183 0.9110024321626189 0.620144056786281 0.2287653649541227
0.6894624489025086 0.01918479881807278 0.41452636725671255 0.8610185539421604 0.8681953388215269 0.2752455243638142 0.18116648896695264 0.3950861000858562 0.9176527092375669 0.15397989636729204 0.6511341053657865 0.2631788386998861 0.20923870294509594 0.5116348689061979 0.6768670099125247
0.3806728208431551 0.6460945701073786 0.4145824748570378 0.8342622605414727 0.40640089607446495 0.5277290799923101 0.06707701361765828 0.08336189166465802 0.157829621213596 0.18395236159138395 0.9323651531687448 0.7139823898907423 0.40087853421364583 0.030731496496802846 0.27520641895932907
0.35048810930757257 0.25855292695385546 0.7640626369452233 0.5189012675429376 0.6190106160892681 0.03822535896972157 0.2526816039553125 0.006212541897970381 0.19076779078222028 0.3643151119361626 0.3164106892229759 0.9811055448914594 0.3067375156305775 0.12127908384819885 0.9841663177936715
0.8670206976688002 0.5617928112669757 0.86124120431958 0.014129238720902326 0.20743202257086868 0.6805066334837878 0.011252210690517628 0.42830438861835185 0.9557335369186972 0.2521861204859749 0.4270849658991026 0.564675213708181 0.1540352418562878 0.909297730095963 0.5836351055361335
0.6823833888752509 0.4242385936369969 0.23129603740366056 0.9664105274027289 0.46884098276909736 0.10980116331278555 0.7349710641155164 0.03425764684617849 0.8924094825533965 0.3528889574306383 0.6727796461812453 0.46038581093542597 0.7202563263006267 0.8691538536553208 0.00222904774069721
0.22691605912988255 0.6782256489419732 0.6911627416177213 0.812231594908877 0.5475939744942081 0.668037468236964 0.6915443103379425 0.6964512874969434 0.5239706099670708 0.6768553166742141 0.26820781210036493 0.04901461725373568 0.9022693556224111 0.015239194774621101 0.1765278683440441
0.024559533611652085 0.29132111874404554 0.3017273249357195 0.12717817119724328 0.9524479071744881 0.7263637244442859 0.17576661213764544 0.43333589231669656 0.3240686327465374 0.5191658284362984 0.06543834105630308 0.6872678877019849 0.08250967429291323 0.9218495392148341 0.4624023689909017
0.17384866788743247 0.8354796719800005 0.2499503577873624 0.06370916545298477 0.4873492430192933 0.7852100920295093 0.7596662455940039 0.8286061712124535 0.6078752027930896 0.6231718781862584 0.7549129632200838 0.46819122450658657 0.5151209324909111 0.37279094374215516 0.11171576888778723
0.1367422730719573 0.2696465461652786 0.17994905092172364 0.6506320306175005 0.12577937686574647 0.375672865103415 0.3489081119194115 0.5623137694565611 0.17539154155810333 0.15442864205588958 0.5003972047240913 0.39698234668457155 0.6120872071009351 0.8033738104718966 0.5889534019320469
0.9655025199605656 0.8984042472885962 0.7941611244175265 0.658209355396817 0.8679063456994265 0.33674134198422334 0.27098783279448757 0.6356714207112844 0.26463201189576924 0.6083497689637772 0.15102816645983008 0.1726340889315393 0.9364065162869314 0.5481506727447442 0.6999261555525577
0.5202285606508948 0.6406152171452378 0.05701961066653782 0.4578678586558056 0.6992035421673262 0.26516524597962465 0.33540711543314206 0.5255405233114125 0.7688895185289912 0.30526408964751406 0.6856398221120821 0.3843260122522766 0.8298977840165878 0.7441983701552075 0.9749739045036636
0.6213641605039361 0.5054582730867794 0.506112255258869 0.4774491242926381 0.1576610637242596 0.03790123380711374 0.26694865096157827 0.2198176121629276 0.8362068927409055 0.8096391820281178 0.5591307737452542 0.14529915099564117 0.5171057907628643 0.052107740491629584 0.7862254155656906
0.37864040268408883 0.14801050817868122 0.7414749507137893 0.9757433605650713 0.6269326541550737 0.6306928803149636 0.19653042866090742 0.8413967507005806 0.28286864718020843 0.6883705594095512 0.6920174834916233 5.469233873658386E-4 0.11059646349409502 0.3534495749765 0.47977251042873204
0.9982402518788437 0.4890540131547739 0.1416308994722677 0.9703878111428288 0.1261441660850119 0.06364501116574173 0.4558687139291533 0.4697154894997232 0.8928587465986473 0.3143435194016313 0.2724572940090897 0.7873814853652855 0.4014941225980735 0.9867907871667384 0.7015614915797864
0.23858078512496006 0.8210673400878484 0.5526746184182066 0.5857963212104805 0.04577564122473521 0.6001870232296219 0.8666581844317129 0.9029988552116203 0.9135212693116359 0.06465767392108146 0.9693516702444108 0.3731256408034528 0.5974939024277824 0.5650497804522898 0.5492966746997593
0.33424740869893843 0.6178987077387853 0.3959460813315101 0.921659966748652 0.6489020895938717 0.8777855911179682 0.2954881466105518 0.5073097219065796 0.12960625930653513 0.8384035902947309 0.4520115519038507 0.7031736926250923 0.731113871083223 0.07657511157502128 0.5939721807743011
0.7232557839760813 0.5470509353960268 0.5031734385458403 0.9200299883046869 0.45941381076021726 0.4698427676789333 0.2571383047946765 0.3380708312595533 0.6619773850815661 0.22539073010385502 0.30606590468888606 0.7251108241988724 0.7725125339043386 0.37774315710881046 0.08226139746000649
0.6944420848073286 0.5545147359102587 0.8140456509671641 0.06224298026459796 0.662042314644691 0.26254015423926214 0.16634348588721204 0.05803933483107537 0.84118513713706 0.46626007026582383 0.6043492635071577 0.13022227900741312 0.16235193319501695 0.8031509598329637 0.4420769888940862
0.4554694414388256 0.014960313159257943 0.8720089743769458 0.041283631097857265 0.1855521963967507 0.13808771761056937 0.19920397231960507 0.5659475090801721 0.3199967148222679 0.9492836311480335 0.7105649144995224 0.24455266148161037 0.8812665154040458 0.09372727408398573 0.4240153018509568
0.9307368561822157 0.22916713577914183 0.020401731707633042 0.1415532168288034 0.9179001293144962 0.18027522374796634 0.9476203191337098 0.7638979356139461 0.15965999804574138 0.7085449650929891 0.667153626249329 0.47710081706773644 0.27557840943149325 0.3948476411432704 0.2543712977030672
0.4676454206842706 0.9803741434596275 0.46605056666899913 0.9012255595075254 0.01103790700797913 0.8648745701941701 0.21834392895173094 0.7695680236787462 0.7486155927869232 0.7782481367598947 0.8548750027130527 0.9742052694480707 0.7182779370308723 0.4135996902474065 0.2843515799094868
0.5482629186169641 0.23707084898647046 0.08279834976682576 0.22512721818000414 0.5178416336238312 0.04703197522496305 0.0814478319810712 0.03838277407473045 0.01861289174908154 0.23043072099715967 0.49119733485063277 0.07437070832613968 0.7239163206066431 0.27651378516982417 0.7441309001016118
0.957289131614868 0.7220841613834639 0.33909343340021103 0.7827614768438554 0.1572054493389503 0.38013329398966866 0.1627919583588856 0.1891956919496135 0.4015499050392528 0.6616281278305773 0.3754827920542375 0.22832387034280321 0.9640514717890947 0.8284328993479797 0.8454452174418652
0.35242916680260594 0.6355900893425649 0.4492350375523746 0.5839759023438339 0.3483987271714496 0.22929040077007512 0.16213624009036431 0.2376771890066115 0.9737585760753001 0.8012843958073889 0.6942709004624451 0.5593690087760135 0.6240435629018333 0.3789210966013409 0.22832659494192242
0.37254694834546065 0.30155220598505605 0.8798037094920949 0.32400472045295026 0.45153684381082504 0.9143253852479898 0.07788581681789086 0.25187375435379866 0.42797141885908174 0.7242275161557903 0.9269598792950277 0.7777316575370128 0.30394224844460505 0.5842969767652727 0.28722290666222006
0.14750776780929709 0.40315617441207396 0.4580724331787078 0.11720546807168686 0.26589886130761253 0.6236520261269064 0.597390038564473 0.4912024164499381 0.8363481655872425 0.6691104963252912 0.6701864410420357 0.38144436384997105 0.5356397207615298 0.5305155168580735 0.07613062437092477
0.004601077708000889 0.1332951395012517 0.8659034344848319 0.6654473988114934 0.6738098572684241 0.8341233521457746 0.0831618306967643 0.08508399671645095 0.5202723584540468 0.021688574812424588 0.8693165081858353 0.01641063061613446 0.15256618314010473 0.011125002819817431 0.6294724286900668
0.6399344910565323 0.3071683945942302 0.3816416339009573 0.7995498930485665 0.7650462853765166 0.8102897363862471 0.9522241108346728 0.2791848488944768 0.19660694590584804 0.7189699275899742 0.48845474664128374 0.29463797549409376 0.0752214442746092 0.3384865041347166 0.784035973893635
0.8462841537416768 0.12433591808391942 0.9234800395426565 0.8475164770982488 0.5212306219281391 0.9648329063471724 0.2618016336547849 0.5428832831079766 0.8588380826818975 0.9165888760855584 0.01293868756457972 0.18209739716040285 0.6453964539023384 0.9964973462688523 0.6269777002749704
0.24831401910479323 0.4839325087105445 0.14374961301959233 0.9054136870242077 0.6404434441784993 0.7361043199393008 0.05570466294801657 0.7817175428014033 0.5728716008218574 0.46536298154519296 0.40146825839508193 0.697424586740476 0.5385745728503215 0.3240392627412826 0.5953410714405465
0.02860831253985019 0.5495239112065323 0.42173918702663427 0.7585839290328297 0.3779559127286032 0.20519551369604694 0.08840919482060838 0.9754880026737672 0.1892627748022091 0.008157067801869422 0.10265794904888403 0.4585264505354564 0.06401553066821619 0.7451243962112086 0.3943985589199117
0.7774031772212182 0.36383402471287074 0.6825405549863579 0.4506015067342859 0.8781034056606829 0.16789489426885906 0.7876457137653389 0.653925178809749 0.22059002937915373 0.4210602149893038 0.1791697721149661 0.5662171327428781 0.9975784567433562 0.1562871159682141 0.5361940216327024
0.7323565991833992 0.06186179563141192 0.00399501792800272 0.24939208533672053 0.9246341772316449 0.8859476529962711 0.8114191875538487 0.6857741672203712 0.8738422170939519 0.6053063468959959 0.08658069494163945 0.056223130240457 0.4404752962568137 0.955319677285909 0.15435463732110555
0.02452483876082079 0.8679172577843361 0.7020584884219346 0.36621950332913666 0.37725904332205806 0.22921739034127686 0.9883062887277291 0.44062288430272356 0.785831373095329 0.43003509852106747 0.8687851436280971 0.027499799534444258 0.9350912278637784 0.16255915356133022 0.1923292956767414
0.8883313601159706 0.06739393081252443 0.018683881523659518 0.9037906747437499 0.6622335446017944 0.2966299059136809 0.5654511686567387 0.7847503080074189 0.0489170240413237 0.8836578510862958 0.5617441803707969 0.6296476000803356 0.38096065466180173 0.03274244355759193 0.6524447407131668
0.8627295064011296 0.9806929917011911 0.668011735683864 0.8147432064897975 0.6412599533436868 0.4010771927288307 0.07961296194192213 0.551015993516849 0.5617196104799203 0.6353471339207084 0.29116000743300174 0.32366267028775175 0.1882644777609238 0.6467432097224429 0.49322937770195363
0.009521175261379855 0.7565013356588967 0.117548403392008 0.9120760514127488 0.21495576117912518 0.5706769376841537 0.14572668710096393 0.038404169187100656 0.1374396306512723 0.8086667813263526 0.727817261436255 0.2279420955607404 0.2854300406932435 0.6766889416108997 0.2583396795926266
0.30373497488484436 0.7755606319513245 0.11445651123267186 0.9488167298946484 0.9394822295341392 0.11465230151231598 0.541522179303761 0.023623102961747522 0.2839115514028443 0.34377023545380114 0.456857193380248 0.7852199114514606 0.49809468126438616 0.17253156822522664 0.05624578732420393
0.15793619824017102 0.620774936640609 0.26409455707814244 0.41586559754834873 0.11731052577205581 0.451189653185213 0.14473665772619693 0.20546348489265998 0.4911071099108547 0.9445356211817096 0.30665564102579157 0.3408252738527875 0.9784725506281178 0.9521390834432907 0.9486043483836809
0.4627766339740875 0.8753007510348624 0.006556327668757356 0.4561961438414974 0.6387424331806463 0.9167253291285145 0.2512443583994749 0.1621947323707883 0.22292930670763 0.8517601171371584 0.5451062235438728 0.14682905995774753 0.3824869729203013 0.8504602247774496 0.23412834918060343
0.839149465006469 0.3995417450475226 0.6105774379093037 0.07549247239067292 0.9626690165474948 0.49278492295783705 0.07853535684168145 0.3239580891624503 0.9320098207748821 0.5673385267018813 0.02865145520431922 0.04597552457740628 0.15200084967176808 0.9979087694501604 0.35488437108858917
0.3139042043734699 0.7966502773227644 0.2777776508731712 0.8209868215010458 0.050874193998296624 0.5526422950211384 0.12497177488370848 0.18779559211235164 0.9462434360516775 0.5004841273202866 0.42698647790737887 0.0904920935777801 0.04226725688885247 0.7761566318974991 0.22673249115874106
0.7740179965977586 0.30451047910300966 0.9070972492671459 0.8049114590620018 0.8114326359474815 0.7316970607186551 0.7485717039531979 0.7978157853737865 0.22784992905582513 0.33510534903363975 0.7599664998764815 0.20458709131098085 0.03169433509962416 0.6232822442158357 0.9552615949182375
0.08425673151242585 0.015367051534792231 0.06476264266562337 0.2379186728538446 0.7204311004519144 0.8290148041794385 0.36964510868081446 0.9876470922599361 0.04027327792504998 0.7539457394133292 0.33028877854847927 0.7049865239567138 0.11447147369819388 0.3063379567978728 0.39206024245461535
0.23937122445634673 0.6361744088862243 0.7872380497010704 0.0869736196289832 0.627317993416302 0.37941203954759595 0.16144853274547388 0.9562307210102908 0.8496061910923424 0.7713096877685549 0.19575466021781707 0.6120826311470062 0.8797948201333414 0.8774425811884197 0.6160424915564192
0.14509782143109695 0.241147964009083 0.29596653503523873 0.15321192842828024 0.16983590926444847 0.9150170885115256 0.6836999800690283 0.7393897896406731 0.42009078981079073 0.8509545285384856 0.8961215681764507 0.7887994757542733 0.9542801067352302 0.5173094925583616 0.013286234330852187
0.45174574750314545 0.7122227419007205 0.9007844528353453 0.8449522152307161 0.9655242151732328 0.3764598816960357 0.11440604438162716 0.8607501393033558 0.7426670086777616 0.2344390641757309 0.30559165748117956 0.8750147427519066 0.6347875035964599 0.01229491823751172 0.8694690191617659
0.23093836300231663 0.8893887364795776 0.456624447797612 0.06733281260212598 0.6749950663252026 0.6773513442865391 0.7775684370304595 0.026098930783641783 0.5901225473677268 0.7104189980487877 0.9346748555928934 0.7518436444568953 0.764938685658334 0.3908500302346848 0.14643422069278222
0.228991188646952 0.41630847365646895 0.13950664651362787 0.9350408003928711 0.896440243460984 0.7538656876683499 0.034003369824309404 0.4798476623897925 0.7928961031788526 0.9776336023511109 0.6551391201326018 0.04614785487305528 0.445901797164181 0.23367728625009854 0.08768802726259384
0.7803274674728691 0.1425384195593169 0.717759346374938 0.3507261637692296 0.21810112141721916 0.5644908774004742 0.813260386039051 0.14302273912674623 0.4394541350472595 0.8961524734880739 0.8771640228961185 0.6806258245045178 0.9220793511752352 0.4216676082698445 0.04669569263091633
0.5766242151782086 0.7945115736025348 0.3152893347681637 0.22924314798492285 0.16716907691764005 0.3708254929939435 0.7991538963251162 0.2594764153642243 0.42318950714324166 0.5606780297505555 0.09355226350295498 0.0601229076481854 0.6038391839708694 0.9916395476547551 0.617004027271611
0.5266434651079337 0.10556133323818073 0.4551724681376198 0.7069164945043723 0.7710935067578321 0.5397620670728613 0.5932801877222678 0.7263378478056759 0.30674312772721957 0.9324326711290147 0.57976291685178 0.7982898907760173 0.7325681027377926 0.08066399242200673 0.9181812643067575
0.5663928145480925 0.48551409169555315 0.5238465781123601 0.37804273012748124 0.3189704295148664 0.2684741223836674 0.29145278014872933 0.5213895343849531 0.5335511957536617 0.8332095199535843 0.5746478119778021 0.23388139442721956 0.3996570838469713 0.8999828102405002 0.7355788061055417
0.167629826839504 0.1599984320814889 0.12946063470100966 0.6160423230973838 0.027455568932051144 0.1736699668832965 0.22748345673573833 0.9363320996812833 0.18790386910284151 0.4496693071857145 0.45958815342244697 0.6854209155307333 0.21526730689561668 0.025036368366345596 0.0797084897688577
0.7952315467180338 0.4870291639291957 0.9691378673559893 0.43626760524924224 0.06460327435148006 0.2505550222336417 0.9840986920547443 0.8089156916902208 0.25266282128209105 0.1435238327066638 0.5411074205924716 0.350455052222748 0.49665866443403206 0.41050402114370566 0.24330064844494503
0.8610338818328366 0.7259210032134418 0.7932442246150261 0.6381569492254205 0.5054791626046101 0.5414595798627484 0.3466624089964031 0.015807822735934174 0.999678035956947 0.10981428913827751 0.23818087276507816 0.8244000205950008 0.2382061235467 0.9801245672461959 0.9249689911270109
0.20961915890062088 0.8129404882449142 0.37498494013349903 0.9718196636803998 0.8427127012647261 0.38118355633306666 0.42850636053749214 0.17179905972517306 0.6398251891971434 0.3818641201511066 0.04910368746324778 0.5624740173241675 0.19518644752545067 0.1696696309339012 0.5698817965125805
0.39243463329765194 0.7516696170389994 0.23950405508438966 0.11609417916066023 0.08599463855812683 0.31446226159649593 0.8474537740518885 0.6669995218475738 0.7783652271661724 0.07707044763568416 0.9994838302831441 0.11854314498250196 0.04926288310549032 0.6736027344813351 0.4753750556422277
0.26364195349642816 0.06982537129812172 0.897256641023393 0.2829525723109957 0.4984530934778767 0.4958740828380407 0.43215764648623245 0.6964445214268283 0.2358576746734382 0.08997533391173795 0.8341768171735986 0.8228492145884082 0.4614933900620177 0.23541701502023527 0.4660797687110023
0.4614780257705392 0.6030202885575621 0.21713097658091052 0.34333633797634733 0.8743802163330975 0.8999062690660392 0.3877559422869793 0.8791470655115069 0.9691452736463732 0.7588704559154471 0.11144938554573924 0.33071861778325096 0.31061678407151316 0.15922363610423484 0.6837212366245103
0.3435474718564805 0.32434179742093827 0.03269692269333091 0.26247613789874835 0.3664473225831453 0.032117928434477694 0.6839514595989586 0.21361496197699537 0.8672824232265571 0.6687898528585217 0.740812988103205 0.17396073559419534 0.2178454808587449 0.5694859310939351 0.8273774811448076
0.5649376299139605 0.836045602550732 0.7877746397000689 0.1384846439365085 0.25234631181953016 0.6745478160199785 0.0077597871440968635 0.360658752979498 0.5407424806294134 0.42723295516826465 0.4469219876776991 0.9324666493662283 0.7153399713130901 0.8883225693314935 0.6115537118739992
0.46634535064134275 0.9000233770479078 0.7437404288606732 0.9629237419576457 0.2643026900142813 0.086969802111861 0.7002590412736258 0.7798460611679218 0.25149607617672665 0.8115426419566665 0.2652053036773122 0.7621172794449033 0.32454604200725135 0.09553515128138856 0.6779770830014247
0.20932582153590662 0.06554302896871089 0.9625051122035303 0.46434793367763394 0.930825158974475 0.008056867445613514 0.040856060550639395 0.8355148775997333 0.3952021903741819 0.1580607626926137 0.5134846877257838 0.686069608851431 0.011361388976565134 0.27053233104151997 0.9472282830405416
0.2585511012378854 0.8483838883676691 0.4615964807866052 0.3410094482839484 0.6369631283721636 0.5476102634865437 0.09642601452756827 0.06849029109906535 0.10761784117492301 0.6579342834279199 0.5347176222425156 0.25921175722662604 0.08289211381963502 0.13408443635154643 0.23841264722827116
0.5616080035275784 0.7219605618845684 0.277708811616472 0.9504328952241213 0.16194968593080394 0.602295601373052 0.9723681025481492 0.13855451763794302 0.39518429041184855 0.7967011609747316 0.6660805583801311 0.6651430730652046 0.27680563435132177 0.4928737702473832 0.18885168079149672
0.6913258451670395 0.8092985442581726 0.8559606073364611 0.1576606271092008 0.15327799013426446 0.9723688911058426 0.17931142833043667 0.41766433573690454 0.7586512608338295 0.8930835023078744 0.4945972255488603 0.6959193446096809 0.3427755678304336 0.810207956374966 0.7196952836569235
0.40271044338166884 0.597114623909373 0.09644486950097231 0.11121702211733275 0.30561449091620196 0.6365595987701222 0.7829391251746651 0.25828127249964217 0.6227162709128792 0.6074947330746149 0.7423303681687139 0.10511221442922158 0.9339331171267783 0.555172246088815 0.9297975640626173
0.5222683228913367 0.19319329498393334 0.06678365990866897 0.8559542631146778 0.7597841568385341 0.039252818311179105 0.7857175165309632 0.7711169839548397 0.7102346678951716 0.5492240943894233 0.7528444197292958 0.8773838764054316 0.2857070855341366 0.5564289283164549 0.6722720293308485
0.2531242538729106 0.3698929607775068 0.6629774571879286 0.6218640875842574 0.07389393936477096 0.7449887946467227 0.11751388350102832 0.43291948111839096 0.14445534887082556 0.11282062677588045 0.7998584966813533 0.9487583815105575 0.7184954525547196 0.8305845832925562 0.6568149465494043
0.6385646296638777 0.07579852247635777 0.2638214130432409 0.0672004982567328 0.5906843796537959 0.3510449831937026 0.7227205487563846 0.7791965001460048 0.7386835617740353 0.6640714023697747 0.7925745938130755 0.2594044032578524 0.2838172071001306 0.6883409441352021 0.49518279647952823
0.5205333177270226 0.6691660905051624 0.4125378027772312 0.12522802333447747 0.7534322719129938 0.1335472472543654 0.9996126720986006 0.794128396186377 0.3792209540335719 0.8274067117296203 0.3282709150487907 0.683591352060767 0.45856107107040966 0.7082540488927862 0.013809065342355709
0.7620747665740102 0.747649357211227 0.949800449509136 0.4483688263605844 0.2495854570796765 0.07430297230564564 0.39681295473303946 0.6750927400322445 0.42972337005223693 0.12254637417044878 0.6767995509246368 0.7163287672407421 0.5026045736320692 0.16039834969012046 0.9399910920362539
0.31294587689895437 0.04827433290354388 0.7230968411710565 0.8406876652898786 0.8999862837277618 0.327447201058943 0.7727877745437914 0.29588871383079784 0.04329429113246275 0.08488771588805921 0.39574408780743997 0.7612274311456804 0.4924256678057275 0.7404722029684646 0.6694693231211856
0.24958212149093717 0.4670556810406479 0.8539483859391438 0.9345796134128908 0.08433787499403078 0.7872677003640115 0.5316362122156877 0.34014730828911033 0.42712458194288216 0.9825186107713123 0.006790057512526371 0.19622747348710834 0.9489578208403606 0.5697412265903844 0.9700685295187008
0.36357892250867596 0.6240614031762638 0.277958085767515 0.35253523816775756 0.6381295151448679 0.5172516921515055 0.114944580792266 0.1708400360857938 0.8465246722119464 0.608615365266689 0.8208944327175859 0.7327070269245081 0.15913781292539086 0.15331373393429815 0.4347032240928499
0.97058209301055 0.9482092175457204 0.8096988419507684 0.41040129051565466 0.9222692541033286 0.37132039180634246 0.785527058894058 0.9644298131625083 0.4096118509519041 0.7441986242326298 0.5499088621133321 0.10886935693884181 0.7797509633474582 0.6818866260148971 0.2377337167412702
0.13139305598163098 0.16822011421942884 0.933600485059864 0.7336613344695184 0.11963173480984746 0.11911177668936523 0.8141385420408314 0.5643720788470106 0.4958013120249838 0.5547780561210187 0.14349292519628853 0.1506204985369335 0.42685760430747177 0.026004031599897615 0.6463541685749226
0.6747377596671558 0.4061075834363832 0.8933191010565883 0.8344889264965255 0.8045803988752742 0.2641198938304494 0.5910883277412734 0.4975093182398056 0.7815242553772216 0.35994184713319277 0.4082519945434707 0.061342096751471176 0.9279538719939081 0.7280439070451299 0.28305842451585517
0.23874407049643798 0.4587996776000619 0.5120770987379545 0.9538616672297779 0.5925003562967225 0.5920260440704758 0.10344236245554939 0.4340319408674215 0.8594799755148747 0.3445758595258217 0.020835333948144852 0.18625381722385992 0.14251333266226107 0.07312794063971939 0.7163438105770058
0.5599629697902339 0.3670944495581794 0.773125728018634 0.17433966687801394 0.02539961563044857 0.7212003305556381 0.38488696052644544 0.3813201905254878 0.4887329025404207 0.14905868714197834 0.8722057629018409 0.48801904195149404 0.5049368247000724 0.3534845710044606 0.6367101653591097
0.7595200217174921 0.518575820874135 0.17644501662610035 0.9103393103563571 0.21477150791214117 0.3573833535027182 0.6738003806859065 0.12865675695832435 0.19381341717567224 0.07949453624017055 0.6777101213583556 0.9293172065455053 0.9591923987703853 0.9324198758084518 0.14897912212661935
0.3428560143117406 0.8374551533645345 0.620323611899752 0.16166064162276517 0.9470720818979746 0.3372738894429509 0.2958973637226199 0.9335206426582561 0.24162674205464107 0.14267199050220347 0.6940955437587308 0.9185068568059753 0.2660821390605531 0.8729817866169883 0.6072261096042829
0.6111560998672636 0.5324548225426602 0.025580694339310095 0.46436662214941704 0.3779111343975222 0.6724613337458332 0.573116104550161 0.12280218667304676 0.32660854654338767 0.8099847222702917 0.2738427670865101 0.10515822566418609 0.9529373146242599 0.5608915652220269 0.871861681220003
0.42312794318468494 0.06145752774625923 0.7351816564803105 0.013462256525299643 0.8171703896530549 0.24880709893642583 0.2705534703939596 0.8864347214321173 0.711282428426657 0.058013931433533616 0.6618201211567352 0.3011329117539554 0.4329232887286588 0.7653698868171396 0.16721219563218437
0.1752321257975581 0.28039826345752616 0.6451114272263105 0.3704556229063305 0.15854091304223694 0.8334834684402413 0.47219225579268 0.25661383877903066 0.4398891420116797 0.49780111561170315 0.9697204143803468 0.8200353829765002 0.6150293771914509 0.6494306219222827 0.8851732534438534
0.36434955388671997 0.8626522942023429 0.9034679246150711 0.38829129782652916 0.07730443613263804 0.5750309925333862 0.9687214412055736 0.5235919272637973 0.16734285465417087 0.02047328324195352 0.27046034480672176 0.5217327525787961 0.8341635786456191 0.5766748583048495 0.02410659976668006
0.8764930748980155 0.6121169824577529 0.5672304040092921 0.7249894544548109 0.22793169851542971 0.1731350273189568 0.7579740240923415 0.08275725444257798 0.25731778217302315 0.5049981804164196 0.12548371638799294 0.27376807000189196 0.9957208320964213 0.491092340663856 0.5969997519295391
0.010757324452075223 0.17568473889997693 0.3094112252964164 0.07916992739176154 0.33630699189921953 0.5142002954618 0.7414106951196835 0.2424489147857367 0.23511765997931944 0.1052287582986361 0.43542348337908854 0.20864380979906094 0.12981121439157606 0.42131956044162755 0.40469389606473405
0.5010106061819771 0.07596845491855864 0.7764025868855804 0.556693983658018 0.35947180921354793 0.004332597275466865 0.48562590675687045 0.8482342239653944 0.79793844172825 0.6715861130929983 0.373148393419125 0.7399831113873371 0.5863843743603455 0.07583502454165725 0.7250853558750172
0.9843615177603242 0.6772345900655858 0.9689109747009871 0.26234515040472917 0.4223799741409966 0.46379332563610876 0.7548286149801221 0.2168830432966805 0.38783754367369283 0.6578519320500354 0.502211747223926 0.13493818499463173 0.5214031402623823 0.5042803422375532 0.018228689283414923
0.6021084660539551 0.2824521335104768 0.5123204080141062 0.9325534424299046 0.6876569116198306 0.21313109405890074 0.8764628456334976 0.5220964685084605 0.5392325062403885 0.0569772523865667 0.28420416800948234 0.5707246115533937 0.2242274627723978 0.16351883032724612 0.8636437545858645
0.9029170966740689 0.6102819579259761 0.22063515957172108 0.6107952942939566 0.35628034500887373 0.8049860440117312 0.24805674629945507 0.7546509797027572 0.8650716121768878 0.43361831671600626 0.9582368894533444 0.16745073331814175 0.01535729810530373 0.8237993198307996 0.04492802262746187
0.1082731550807966 0.9021590493989563 0.987226641263556 0.6951476856857012 0.2999784523440502 0.369916784436216 0.14119852817391598 0.6368207185514858 0.5826979891098996 0.7498247512971947 0.39642095542181655 0.33223499713435445 0.16147930148891787 0.02107265289776028 0.1526327883264854
0.5065510634426081 0.7713590241925251 0.9177515139322492 0.6898724548314674 0.06095586984611945 0.9200505441722949 0.8791594014136124 0.42074863524438955 0.5616539388968703 0.7365975078255358 0.898469293549736 0.27786668115547497 0.9187396640292821 0.8537574995068773 0.2631978319149396
0.7506014164068089 0.5730968473067365 0.18254547027050327 0.9006402834358216 0.15669595010827198 0.4948224459866378 0.3992795352825844 0.54241346868634 0.8367053830944685 0.5632738006715072 0.45863624187403107 0.20447511351192205 0.09309329334924654 0.4466893192622261 0.47063668372100176
0.5424646348440141 0.8608279706160755 0.9284351051975626 0.8351484829121799 0.4869367787247849 0.29261413333226893 0.7372807692728324 0.6144028578793743 0.18903634037965977 0.6694354942657077 0.330709542505245 0.7421903688025006 0.7143884589786682 0.3058720331375707 0.7531196656647465
0.8178123655643629 0.11145594521377733 0.40969542025779426 0.644874990048487 0.9135299067002133 0.4503411884653674 0.1765345243108699 0.7135147656988486 0.03616560177720152 0.1789871455726444 0.7529424756753492 0.49503394431109105 0.6266776761447507 0.6759582300428022 0.08498570491334245
0.030997042529545604 0.7559404153847914 0.19245855260645195 0.08451413665771101 0.16634990742937905 0.48062820074120116 0.47097174743946235 0.9915613649381742 0.5331454490904327 0.16001518750056343 0.20388267395538495 0.28886200635480874 0.9270012572673131 0.4026663851039006 0.15266844467091223
0.033263204637424826 0.7059578081528504 0.7114100055109349 0.186722230282809 0.008845463789813657 0.04550850943973861 0.8256450526833568 0.7206003540415188 0.6778582828945475 0.36892350632543747 0.22195220119919035 0.029459446118993537 0.508113506561331 0.03859140504533798 0.22713995164852807
0.7046768833240571 0.8892700600206196 0.4419541221451063 0.7222724059346153 0.07512494156073035 0.5154813845938289 0.934712082782234 0.47188849541364 0.7642945195571977 0.8081670305485965 0.7143281370363177 0.6995374286316145 0.6794422590510463 0.6802080149226819 0.5884604488328649
0.6489182846065944 0.6361602180971421 0.7016554817669985 0.7758060306524351 0.5193262361065136 0.5102444357175346 0.5170805437545305 0.33093812985094007 0.3447720719489282 0.2784652692441807 0.18598253002953524 0.5200722148498416 0.09805519997574541 0.5608187672522112 0.9702123065596535
0.4912972192946474 0.5442350007775377 0.30906505268225426 0.9761554862943373 0.880659623520858 0.1423589716795055 0.0998360322503894 0.9744604257771838 0.574590060877889 0.5999705030066435 0.08532168811912633 0.6663842170193637 0.7095136584053079 0.5218330082135471 0.030520419849026648
0.6433692596369631 0.13108630173545766 0.9624712460537577 0.023265491554148143 0.2952522761961691 0.958351509272443 0.5915445199351334 0.3817165562419079 0.9625459491294459 0.6022134218210293 0.6117312537578069 0.0037313738432973587 0.6995234970003441 0.5729730643053338 0.5307172744299485
0.9035095823394759 0.1173744628919633 0.6782772031018802 0.3820454343509796 0.963126858398269 0.9104899604018432 0.7606797494544094 0.01399734818095355 0.9900547601070571 0.8339741113712741 0.9531180693977246 0.6213427671723226 0.016487370401563117 0.09676767903622374 0.5409575796474714
0.7817054760928235 0.40227295473006885 0.3623090715917465 0.9108597976804822 0.8764595078445252 0.7104756457377026 0.8074465022758809 0.7395806041606766 0.9254825616217301 0.5130677921371204 0.9803549758454839 0.5299068073538542 0.5457585518432058 0.25398117279284416 0.519499917700626
0.8362909917849108 0.955734452049525 0.047721293515008645 0.14822890446806136 0.03934604404177977 0.6905012342237535 0.8239757628142762 0.7433618286014013 0.32621200514727033 0.9672823702887302 0.5421239279075548 0.6911889775772176 0.6129101933958714 0.4463778022925886 0.29428215290928816
0.19057554313222147 0.505150206679625 0.469625010899846 0.9914952363317694 0.6404098486852675 0.03565787637245377 0.7266029209442791 0.984910955063939 0.7574222857121345 0.8389429593294627 0.6982188630707358 0.41225167630844906 0.610440332315482 0.6285275987422071 0.15798215687873385
0.27962314583385517 0.32843459295216304 0.3270077507695043 0.47318271608553353 0.2896774751622434 0.8422494312802963 0.9659214117568439 0.441356255905328 0.2093735665497778 0.6537013608166333 0.5202492477390959 0.9218328727799319 0.13405507393306937 0.29076685419056414 0.17147452774459793
0.5778286752604407 0.34929226361153887 0.8038706578024948 0.10348072103257766 0.6314550190597127 0.6179112110242332 0.3858246688333278 0.8271674063524984 0.6521834757179042 0.6268595037916366 0.9567565120524922 0.2025155764042813 0.0487192675288014 0.017035130571589008 0.3454058616123564
0.7809361454252767 0.11489910247407042 0.8889310184506084 0.5194558989445024 0.8260859075768372 0.19214452446938102 0.9279247932957403 0.17010626242440807 0.38793790830571406 0.7541647796073828 0.32526946804756274 0.8398823978432172 0.10274367996257472 0.9940183331418969 0.4843177312838066
0.6977164023775908 0.9706271544910543 0.799305456876093 0.09623862869400346 0.011622364576876265 0.22290117071205162 0.8381786630224568 0.5454625660237923 0.34682884730336494 0.5327992638692577 0.8470219218953019 0.7623163889918584 0.526020304392068 0.24616689209768738 0.11006356697745612
0.5787875405654367 0.42837790974469037 0.012757790856296136 0.5518517407854796 0.36308267892423307 0.7753994633126547 0.1841330352506675 0.8254354218620931 0.2096221521858077 0.1540176623514693 0.6107612457542735 0.2722581246213869 0.24333914174612004 0.6613238234669413 0.01877090712825369
0.6541855031792514 0.6606284077968723 0.72024467107805 0.9759062133462744 0.1137519600904554 0.9740159032337827 0.8118079151899152 0.5665905690930225 0.9056254975267051 0.5535977065169193 0.09717143816916862 0.2876025048820501 0.0604542432505808 0.9655226143184941 0.161380698519903
0.34872077000155455 0.2916720238440882 0.7962697747855195 0.40085708508780227 0.5167970119094144 0.13650438576438761 0.6211993077278644 0.8979096214226652 0.8770656131520962 0.5343305809230704 0.526829725499125 0.9781014218335036 0.40210224867809996 0.7887211482121769 0.12852379017501991
0.030091129714017173 0.016694102142780665 0.1338848208288268 0.3387396292940883 0.5826086571332071 0.9259860355041114 0.9319221243460345 0.2357315055996414 0.07951411599360936 0.33461896773702693 0.8641979456758532 0.25856084081755903 0.27142685870017547 0.3261782427661002 0.3483083446227965
0.6115043302308006 0.6512020982732141 0.5951206600173818 0.8115319858451846 0.19942331165084337 0.90056970861572 0.9274514428025693 0.38231984092196125 0.6353843616354753 0.8865409955917634 0.8117732133982295 0.023291347304134402 0.8627980209669778 0.3487265065671684 0.328930919994855
0.1223688823472765 0.7165692146767452 0.05249806033248672 0.516327995438503 0.08309709392076936 0.31122903125858314 0.847966913842652 0.7320910725692091 0.5108567612709951 0.48874475988567845 0.7710388419849743 0.15461148823127768 0.17859792775114347 0.684681039447429 0.05034650257489415
0.4445938724697649 0.07388050424340031 0.4786117799180092 0.6426479134308665 0.769593567796797 0.47842432574092564 0.7831592212844191 0.709319416870057 0.8451259623502952 0.21203594572013762 0.0957627403699347 0.2678601376384496 0.38178257181684216 0.8846918181711859 0.48825697858110595
0.10486451578763212 0.34439052542312365 0.24372301023873344 0.04156487495265282 0.9207081089873097 0.7271029431341629 0.47746000885100603 0.24628840953318765 0.5912310291359506 0.1274101421346464 0.6423598868659979 0.4847058781575151 0.3779926588670328 0.26241237265422934 0.2175533894419046
0.08566131284277034 0.8962101184010408 0.7122970301761482 0.15891196389943085 0.6010583979608349 0.6582821119251697 0.5988142216224432 0.7241501679371334 0.8911472851295297 0.05083867924721153 0.6106467253371766 0.7711421554902669 0.3255197930635817 0.6745469814427754 0.772921513614718
0.1935453946488318 0.9077049533055529 0.07844133832283673 0.6247115922595775 0.6509885105230199 0.4134829672353867 0.0543360509830626 0.016228969118559866 0.7754946876824835 0.696512834348768 0.821917241580037 0.5665103045558436 0.5914755342534852 0.15959508053422256 0.6314002998234828
0.932749142074563 0.9735448487022427 0.015867692786389886 0.5381775942923173 0.43402973550394097 0.5845655526243173 0.3714598978171151 0.3626707161743191 0.2450690194967401 0.8857573505916081 0.34960504478548193 0.1386404084178242 0.3296752870235583 0.49135615487936757 0.4459403731475733
0.6744964780458477 0.5189831509921825 0.3522313975949466 0.05569785052541587 0.20468869316376204 0.6561260906953631 0.9960301561546104 0.6457174465819358 0.49204959792121783 0.5268598704641492 0.32583232347750435 0.3576895892639127 0.1569980452107348 0.37475102657182147 0.2849641529197444
0.9237616444897356 0.45580230993142723 0.15989652035688273 0.032531976135344864 0.6516182132568635 0.2076403438391281 0.3617423437184557 0.14240216510236103 0.8933732587246092 0.07898346705290049 0.04942014386870741 0.7377669808527229 0.8510869141732929 0.9738695297680405 0.14712258236493547
0.4041003260100595 0.7914478820653625 0.8499201450676583 0.30738990566899294 0.1852215231877513 0.7431381758139206 0.8824956439576572 0.5717813953403615 0.9603491064318183 0.5326231124966271 0.5331709070711012 0.04625729676360746 0.024440655442579673 0.5775873969519736 0.743753649077957
0.14769825924478308 0.7497792053973565 0.20196292807723348 0.17335658999126768 0.5883405852101191 0.7936801940042353 0.36247208871812586 0.12357299382781017 0.15650775498769132 0.43535734810663684 0.5838358802418635 0.5555953127737514 0.5248696800860787 0.27440003852679173 0.5882730868104104
0.3931544651590986 0.7715630430670828 0.703978339575078 0.574643450821917 0.1264476049490405 0.034857550036677454 0.2838065406567617 0.353564043721302 0.584760221534691 0.738654354780868 0.3810594729455995 0.577054713180571 0.6292780795649786 0.12395472888356096 0.22185052230437818
0.11474532088785072 0.4326236342312918 0.40053844511918035 0.8015437676729358 0.22340348628577722 0.9579398695760807 0.6934428484554184 0.9390871895608526 0.5325186577157708 0.22788488197005874 0.100435359142787 0.12871792046450548 0.02590457660159151 0.9826880207044015 0.5995235597587719
0.7418039536684056 0.1377588193397532 0.36645879922613944 0.2496486289595088 0.5622517794593995 0.8013448570373255 0.3522282014247222 0.11305928183848857 0.6008226957158028 0.7894383243994265 0.7187409458517637 0.5944654095660438 0.6268648892536467 0.9679059193959453 0.5258069305393346
0.4399216253563766 0.8803825386202555 0.14726193898096906 0.20005843561694325 0.4674926036118767 0.983027014110869 0.06177413151759448 0.539249422224865 0.212104220810031 0.15350950660622542 0.6316665686172216 0.17077160306112615 0.05858511827421742 0.4510984626379668 0.07119466419631248
0.2588516587983529 0.10975574626622842 0.920279128291414 0.5938432866503675 0.5449327556872142 0.9905229077976822 0.19031663697720758 0.4356256394407917 0.12703245580889788 0.024289772772324247 0.295378430645699 0.6684376598412529 0.7364084112662553 0.734592639413854 0.22403502467512937
0.8076484510671817 0.6536522414607988 0.42272740858447 0.981373536395494 0.5315843719219332 0.8213709916127374 0.6512303903252773 0.7526208998174421 0.9252909083836858 0.15690451614017653 0.8234291741115873 0.09408906627013125 0.5369326859551287 0.5460666184679565 0.6908817126579228
0.9454178994362701 0.1924190527892803 0.5076862744667465 0.543372215373786 0.656505461805197 0.9523187834500803 0.05876484129035264 0.040235183494033655 0.15317991314227652 0.814854186287595 0.8813537654246676 0.12712932512706743 0.8275808100790307 0.7697415136479069 0.49479681593041747
0.24898575453765004 0.7323822210200128 0.5898711480027985 0.7707696271249725 0.11770563358383945 0.18240321904209023 0.31129734505679496 0.7935882333756439 0.6222841451845893 0.9228166083116759 0.696734280840979 0.7645480027215041 0.07938975825605055 0.6100797809230124 0.10373132832160359
0.3765928097379653 0.9140284519881493 0.4698760864538143 0.08592723614257414 0.8444033685590611 0.03277505878363218 0.6457690440890004 0.7442597358483481 0.5650332997708283 0.6061543896556677 0.9329361054543577 0.3147327678966969 0.20550983753786667 0.7121077490221533 0.30326224853340433
0.730321239422207 0.8663556141203467 0.30908028441313784 0.8712379840320565 0.9268189549355548 0.8537769146422255 0.3051179369354706 0.7245205955454144 0.47591223908545044 0.508302652420394 0.06846303370733842 0.34868115193306637 0.7234881442408385 0.48394789392277626 0.5854896665644442
0.21257411220853883 0.9871631970633591 0.8495140061307868 0.6134215181611279 0.4489303555298557 0.5242444502832524 0.39242746247607097 0.5981264573005959 0.4641885840706602 0.91981176136788 0.5455578079522915 0.831383344475234 0.7422439219282714 0.264336617617122 0.42874438033592477
0.3073686159014566 0.068706869140984 0.991229167788641 0.5993009636739908 0.004711487148573945 0.8954295828652308 0.5269321189041536 0.23955571986387902 0.8683181682759673 0.5894707312805457 0.9696561593864882 0.6745239464291961 0.5942669833819199 0.8663339908757749 0.8575788411028662
0.30909892843399445 0.43142828997370886 0.794229558295654 0.713304532219556 0.30168660528228 0.6050638839584955 0.3742720639335051 0.4586106119773794 0.5499977435138993 0.6405129557464547 0.8509420357457123 0.9819807326815495 0.8547509222534535 0.8191726517192203 0.5878026710227452
0.11115300161846664 0.44832855921343695 0.23433317302576173 0.5553772237311813 0.9938876822374729 0.4279673112648955 0.43102854570231475 0.2212566383842618 0.4223850923370104 0.016853131841807367 0.4119163914030203 0.9069211598271896 0.9502610239684888 0.9915304750716445 0.8703008472888576
0.48142349203533596 0.7457142551197973 0.060324096884675216 0.8717648345574929 0.5989953385710072 4.960635686851456E-4 0.4550110783845336 0.8474794142699417 0.5558031919774994 0.37151954405140486 0.5067695053171049 0.6851092498612122 0.24049315341598676 0.3704218450745982 0.5174697077339947
0.9073349034647594 0.5838289533177649 0.8361202328020546 0.8086626057946366 0.4133645448125861 0.37464077822005626 0.6263782092871722 0.43315905590704884 0.0254086039128828 0.3024675959811791 0.44662569318105183 0.6678831029901057 0.12994309772242485 0.6116884773238204 0.2977525806408087
0.0717208536603704 0.0326884075345798 0.8076035554934285 0.36932293869001 0.5883762452783871 0.2565822639583005 0.4418388436380968 0.33063223362163996 0.90178356849813 0.9036269710411449 0.12261284004913509 0.879257846810965 0.010415800673316045 0.3743424537668235 0.5448180655546538
0.0952286876321291 0.7768672665576352 0.19265860343966412 0.5155331333997986 0.618666792745511 0.030377356175352643 0.41943165477923094 0.6624965358354602 0.9197303762849063 0.652502007568758 0.15437073174851668 0.7562364107334082 0.9619141942500002 0.9599281558964333 0.9240130061878735
0.35096494054711425 0.37323951731662264 0.6134655803343045 0.33248644201513045 0.7550102298267763 0.8345930504602291 0.22853963744909556 0.21215151376583108 0.1784722529544771 0.7704500667122115 0.840047418083893 0.6528144474411942 0.2739539081804262 0.584444160615165 0.3832289639227048
0.7110560880341493 0.18563179279191522 0.6207223032507293 0.39224432978513946 0.3053223921109758 0.652595979385084 0.7517503530644969 0.18943585249490202 0.7877733747285403 0.6743015299570165 0.9942109494149062 0.9407949538199449 0.9504901177994304 0.7391389978685755 0.8368622672863347
0.08694085544006835 0.7714894183090047 0.6415450240131886 0.027702486634287204 0.8239585179556195 0.03509886941097662 0.4687381076239209 0.4125115499132608 0.5047314765393132 0.07159544139970653 0.42507912639193346 0.04281836963841945 0.05894478966689265 0.25261277595297793 0.7802195111226511
0.17856802984479958 0.7887222264997171 0.5516741459810061 0.37661485903295255 0.9992402076718987 0.18690079328796794 0.43330888806861223 0.812645172057755 0.8068968750055424 0.7462348886286275 0.5695626031541443 0.6294974100883614 0.25561304365302306 0.08036127490821665 0.39931205687910554
0.5731298657685377 0.6739721840682843 0.06114541874570334 0.34364807024526023 0.27705192119948674 0.8607831641063188 0.09206849894125013 0.569690719093172 0.5173170823551527 0.8289031572624378 0.08360350470934752 0.5555529436302634 0.5280408952138181 0.8480268168198446 0.17406817101645133
0.35077013390395817 0.7339196653670912 0.7945291282237323 0.7482311722873216 0.3493651338931829 0.6556398317953609 0.25492556125238197 0.8459873020907014 0.5968190248726263 0.6747318922390655 0.04923960845604014 0.6247065298034038 0.1375702281617035 0.8063370613569942 0.8415450533245136
0.14140045825209635 0.6762660009555186 0.6215186632917342 0.2871757530212087 0.35463925435672494 0.8738412568459344 0.9851642134047264 0.7295733844994674 0.9111908444127392 0.9286021792606163 0.33118878114218786 0.8044694809841295 0.978643561868355 0.7028429586153451 0.7836634759869673
0.43507487526747735 0.1128119883595684 0.5471258397978512 0.5506578010771251 0.609176264348148 0.9075154053128043 0.14720620437771748 0.6669978811730333 0.017516061337727207 0.9643567937352725 0.17268584028278888 0.3428073522772569 0.10255824369114075 0.5414197700488838 0.24182930273169934
0.8866110638266479 0.31771983970685413 0.09233973586883504 0.7335797181157868 0.4149467010185073 0.42937349797284985 0.7909945200349454 0.27566195941551463 0.3348423337178822 0.5074040882249843 0.0520989764783385 0.3167627531107339 0.8911831502647447 0.8448279851627671 0.004277118328362417
0.051128620673995706 0.9079037839107795 0.42296094189511424 0.8497241041103453 0.10552452159249948 0.22010727774561445 0.6958463909410939 0.0533600721572427 0.8213471444298496 0.19362538722881883 0.40613316618668194 0.34441604537048764 0.6687887609517831 0.15919940576852443 0.8643179178343282
0.5846819698566186 0.315299029992421 0.5503743492500429 0.6242436690381071 0.660185531812418 0.13719321683752594 0.027363595431002086 0.7699736320176156 0.6868597438902689 0.5111077983903763 0.893555183724069 0.09263448007043817 0.985796004438079 0.05110525482266892 0.6669950890958972
0.2805512138809019 0.4799688707882239 0.06758126977383361 0.7560963839820353 0.8719714696548836 0.39185742263282963 0.9157301396914208 0.8069880376880286 0.12690372214044188 0.3801774178925914 0.5741744268299096 0.43933038719969897 0.16307111400462193 0.5439773288749673 0.7484675481169808
0.7680891013986263 0.6707082250432841 0.04364055088420693 0.029528871427530357 0.3206727125353215 0.2719053628668322 0.44087513685427937 0.15367289750291513 0.7020037231032623 0.12243113941428296 0.24356128532287558 0.20874518345586524 0.63450666452875 0.667441012842886 0.5563661657025194
0.7099798688704165 0.8056609089487815 0.5572057213113271 0.18432428243822407 0.8295444945460366 0.2926799521699106 0.6049699185841261 0.014121469926827501 0.7053400732652946 0.20204311424924992 0.32627880980865476 0.0066083606452204124 0.6774753993759484 0.5610193095493154 0.03758590099878756
0.6741098312867977 0.5049363364244761 0.42898719580630174 0.7116824390372993 0.4873844410649948 0.10032258430311214 0.658269386542415 0.7884653180168388 0.25962816337188865 0.0871256331322472 0.7273629021340325 0.9217868612089916 0.18870500830695158 0.5318733332782182 0.5938622711118792
0.20660658335359183 0.9038265088553633 0.5325682726658877 0.5700349744625292 0.7753911247437822 0.5591912012957758 0.9551982386302624 0.8109239042290557 0.7786858744903398 0.7446338876320374 0.5016991655952534 0.12301520334031268 0.6720075788643612 0.7421240251812591 0.4656021947195944
0.45092335411792106 0.4196844717750663 0.4469913173770518 0.9856977956876994 0.5802107744801063 0.6959964115244305 0.09404571715816179 0.34340229262233724 0.3063715759012199 0.4149445749807117 0.781298227480046 0.8661127644358012 0.5631748835897566 0.9522065845835267 0.6677777348822925
0.29668835856641895 0.7779756457038496 0.23630941920365023 0.6369784612320784 0.06829761391565359 0.027266214603038685 0.48077931034855814 0.16376133325479802 0.7842227915355703 0.4026549537321563 0.7050041117567707 0.10007210957141122 0.3438137880426264 0.36562322379927137 0.3487703812403816
0.1036273845253598 0.5786358823457808 0.7688252187243276 0.2239136750414873 0.47375970654163346 0.9669571175573872 0.6523597422700875 0.7662477127725241 0.22990116161712937 0.9800725320030927 0.8853570839620296 0.05191393474210981 0.37072441137004974 0.8805641730968117 0.21638787647518842
0.3245200167196045 0.38574888118513095 0.34044727435353994 0.32061511998557257 0.8429122524169624 0.2562592214098698 0.0762546407145922 0.9872746969936832 0.704153299938685 0.378671882773156 0.8084629918428888 0.6779835844208192 0.9222536896756149 0.07102481850238529 0.24426587794165056
0.3045388963785213 0.4504310833693659 0.582054711589655 0.45555047526615 0.22428551656875895 0.02314935714745614 0.8123645044068001 0.9780360953238092 0.13179352624100726 0.6639146566962435 0.2784737635786151 0.192884372786709 0.737500868965452 0.45578290050942283 0.2030828783857661
0.06869241838437312 0.867141225440904 0.7037599114000578 0.9986720375996094 0.13963213521266138 0.890190261013846 0.9317513477868923 0.8265936024577815 0.6745997459578571 0.19122826557595163 0.2514465237887634 0.36010701847145765 0.35259210630722937 0.7350307945026489 0.5164968885937397
0.3573434810992091 0.4011270547232786 0.6443632966550856 0.3325760828889168 0.1589772133419407 0.07737707454820053 0.10886948048305745 0.43238551895292543 0.7654185659855216 0.5757872372466079 0.8741074395241466 0.14439544887867428 0.7196342980827839 0.9312993829592039 0.02170149962948764
0.6850888615932955 0.6242384024180221 0.2539067135788612 0.744741883599849 0.7867011397306686 0.7552864334252548 0.6781140698899542 0.34697855498246366 0.7359255945528554 0.9002452828656388 0.7399810005769759 0.7500189584779645 0.24378166504541088 0.24389955107339734 0.5047760703130559
0.37965444234226275 0.6928184329057552 0.8534941101779815 0.6598726503573095 0.4206033669627106 0.21505347808361497 0.0732026090945036 0.9603678536569499 0.07837337288295643 0.7425231933007926 0.928049430425455 0.8690077345983175 0.6676094512257541 0.6420471297019633 0.45870298352449423
0.9673537885129126 0.058207823078156085 0.7967861170966696 0.7610959755300943 0.7317269955296115 0.25364099337730317 0.029399704982645325 0.38861858408367644 0.5653173196630528 0.6503517817842303 0.5750855570987163 0.6896686572447297 0.5569482501058844 0.8327396978291791 0.9075098952931895
0.5996324511586165 0.2973373744270795 0.5951760131101098 0.5966144346503166 0.3839085836121424 0.225295788223293 0.25064859596202327 0.03451197283143237 0.8373765933089504 0.399160135928855 0.1850512272711896 0.8041596689412955 0.48575110651704556 0.2928535675436226 0.046796557729431254
0.18522471491834447 0.405550934213579 0.20132245871947385 0.9233455470884445 0.7925348735277943 0.38195232990152184 0.10669805754253403 0.34941045618497446 0.6247318356661975 0.25758385264358796 0.40438334002936227 0.01600273602497415 0.8642224697718307 0.4903601692131345 0.7173671851699277
0.6051607895852914 0.6142498605260837 0.1347403855420155 0.1374193272053703 0.2621070315287113 0.384881504744487 0.688336339502283 0.6234214061020803 0.8347474486162395 0.5469400832986607 0.5045845405449058 0.9599404906721852 0.15984119113453843 0.161377479763119 0.7622354595955659
0.6332536296450695 0.35583150045051615 0.561320250539487 0.3037017656720278 0.2173830441397172 0.29424369195209643 0.8149904398536219 0.006847508200691688 0.37930355188256604 0.16471949091922278 0.7299330525270766 0.7385879703676357 0.4103348167126899 0.3231716835419485 0.37245745894479565
0.3537100056342143 0.2698333411943459 0.4182065015842329 0.17092677515239696 0.6486113020818403 0.487649889592087 0.12787570186160868 0.5475058679433927 0.6571959260596358 0.913420372299631 0.7069840681130639 0.6802050801392279 0.1849529608142606 0.22360877338803986 0.944592304699844
0.43553350205792074 0.017283855488184896 0.30132367728013243 0.06201923399601694 0.7318018565499722 0.8094331291506545 0.08927995444606929 0.5435612397777859 0.594092143156431 0.26791645258387675 0.2828800407049 0.8853112259868957 0.9441372243672477 0.8671285907868396 0.2782397599009717
0.7718730153626182 0.7318303813722997 0.00985364556877788 0.11908623594850087 0.24643163042629768 0.3598113856144878 0.2366879735095745 0.7968059898806537 0.026553417517152234 0.47855227290891045 0.8169265552148546 0.1495235011879833 0.2362546685874949 0.13659220264020666 0.8122510778700001
0.7789421697166559 0.4742909257874409 0.9590479661031799 0.494598718779361 0.8577804764986665 0.3192835172591255 0.4972527743460622 0.8208783392780212 0.4359885038830218 0.08421368321045386 0.14335250133548105 0.5197405080125966 0.8705311252173069 0.8759791907483266 0.03591562759085021
0.22939695180845332 0.30137558730812897 0.7901217265748042 0.19608909840693756 0.04052333844673284 0.6754234363095877 0.37649804227723593 0.7285592357570196 0.7445696194909287 0.6804773208595859 0.34858137868570793 0.29755323382919263 0.0653396599520839 0.09293564697731926 0.8772442593954659
0.24534353386590635 0.16049244102264415 0.4657593027136513 0.7092873670061388 0.6591935608773029 0.7196551246038471 0.7873558492975221 0.7816434933378601 0.41241047750440196 0.0571278564230413 0.727378911441279 0.9640995629747737 0.7061462356211827 0.6996990783078807 0.3520414146549773
0.05654395969723447 0.9208159945742883 0.10387925842705137 0.7393931215542473 0.1911600479337272 0.6494784410159294 0.30189980948144546 0.7541144946411854 0.3456512770012846 0.6302494888856658 0.47211336849934704 0.3517305877184428 0.760497109394026 0.9207979628390964 0.6569704553683199
0.1737497714109988 0.6714031197930375 0.06519720735280066 0.11053643637385047 0.8680842544445919 0.9175223727607192 0.19188452759885855 0.04755224515337464 0.5232107087192885 0.6666902135743527 0.9512056968690455 0.8873309068933235 0.839880394164162 0.7108270538473901 0.9519993315180438
0.4383211071158868 0.18079070759690896 0.5278296662554641 0.8889016253662567 0.8529584714922589 0.43648071048033643 0.580683917281572 0.8655292381277767 0.5974636707861662 0.7248152018214827 0.13019705171135765 0.5134242005859403 0.12753590222873745 0.3017735808651344 0.17466109749418934
0.382621499881 0.4384294736557385 0.7028609406800778 0.997923366747846 0.7369264387158114 0.1666898613799518 0.05731066581065303 0.20675379369982072 0.3254655781771697 0.46086506812952877 0.7213491274786503 0.06906323982523399 0.9218014791660949 0.4097970323529997 0.8621452194758206
0.42644050965096547 0.4228781183740654 0.4196366371046165 0.39066796839132834 0.4476405798976606 0.08229035410144381 0.5645156680680974 0.6895282766825729 0.01406967820975702 0.015847453012335033 0.6008470895354866 0.9109814714677649 0.5839779021549792 0.462127222738289 0.03151499942336444
0.230619073654586 0.9689832148604348 0.40669372708161866 0.3337542220186037 0.3338805197782121 0.5747155413770044 0.08587853117756084 0.22330851804194563 0.5853657357914447 0.3067830413716941 0.5745011601149018 0.6174958507010131 0.7850324401163562 0.5239271759515018 0.13163232384943446
0.7810976280646825 0.15071274633357257 0.13214705667699933 0.2294783675765899 0.9915284622928883 0.1829853371087249 0.15673765719891208 0.22269374265694408 0.9435317184420055 0.3662913856729958 0.9036005142255944 0.42890323397921115 0.02868531084047321 0.23928351100825296 0.126849663912733
0.9859433496770501 0.5712910834330328 0.22774905166823856 0.45664940953216593 0.22730852096456167 0.07976062079804802 0.7750500725586273 0.709385184209132 0.4745139891310418 0.5813987353149674 0.7278743436224157 0.6016817105180228 0.08356439731039578 0.14852569639549318 0.6391932594715114
0.8204482477371638 0.3024430852531774 0.7951675295601967 0.6356735893148246 0.36304308652581063 0.9975142454618275 0.026083560587181864 0.7633923816387543 0.5548151115088441 0.588956054516542 0.45368880294637726 0.27355524325968583 0.1756930803593354 0.5988199240979666 0.06346821415141624
0.13901986236878316 0.6831580765312919 0.060037378667738506 0.9047688032958826 0.20277867749793754 0.6058482674718051 0.6606726550684405 0.21139463903723854 0.7511555337372815 0.8002093396658677 0.9049455758229341 0.21521893994653818 0.9773231299940645 0.41201817529070994 0.7610261090910975
0.20606613571673182 0.7548495415826432 0.06527087163200884 0.2353282211961094 0.7124065732342775 0.3763335033072205 0.01284091658458264 0.06400747856592981 0.029944798264675887 0.4287899660822414 0.7264769863510041 0.24459329196493207 0.7089720219123578 0.7752988754661693 0.678124049089539
0.44416314914941735 0.02639190318818918 0.6915314612859373 0.870215376480576 0.4151931294061354 0.914618558941831 0.5661204082667248 0.00949741413516314 0.4261950490169737 0.2970839039695118 0.21544126541202768 0.08711316857680385 0.37147737476221077 0.2888812608424244 0.786224492569474
0.5270840252811833 0.6628440266873725 0.26111072538817426 0.42351869901754147 0.9959941825161852 0.22577073238703793 0.3387811457623998 0.3668776146507856 0.42859527541676423 0.9235763884909024 0.5046623848618341 0.9042444059905358 0.8172137176463746 0.5153323264141951 0.1152708752384779
0.6608590737575332 0.8372566450925695 0.8167299242033849 0.3002102399912543 0.029615655641979877 0.4367767597257518 0.07785258645195936 0.4123781195282703 0.15964801256679206 0.10497030719729017 0.7177756934888354 0.42408910561554103 0.8115240726035835 0.6526464899139021 0.4631438548540344
0.9229530179484989 0.5602806597329414 0.9871208032982144 0.6263517005072264 0.15138654701369636 0.2816315987190987 0.5446486694981982 0.7286812694682046 0.35492576704621825 0.5920343728833012 0.7554298961848898 0.9247249304958085 0.5570454658987339 0.9299015081208688 0.1593786549586944
0.7166500026532435 0.7619809095973531 0.26309455260808756 0.5652672731243513 0.26033767451477074 0.5020864274014429 0.9869403765366979 0.9515170864430985 0.16015482187040908 0.5925541411929297 0.43736066562853004 0.6438226455734255 0.025094772627891393 0.9338557329313412 0.5853072970275969
0.6729603709546848 0.21624886475313865 0.2110583340671821 0.9015477978662216 0.11554638924315896 0.15404766445605622 0.37920579887061034 0.08494663808224756 0.6511726068219403 0.27343721398166543 0.8952446321808155 0.33273969992606256 0.531264098897528 0.21613176561558478 0.7595137044275229
0.09790067352164422 0.6481646758720354 0.1313120531074602 0.5636052352572216 0.8265499468815447 0.41737200061580326 0.01961328994724343 0.9064445207592188 0.9974580448636291 0.7415072765367817 0.8999752345233808 0.7367237630378313 0.8960470184125467 0.41151896097917284 0.2049017305740789
0.40736551565833923 0.9468948549873577 0.9187836466649101 0.21690480975643356 0.48647970569568866 0.10160003294309383 0.8011816857337114 0.5473844549700784 0.6593173467244762 0.7329638843608322 0.32688877162107466 0.6289216289505112 0.3770132018507232 0.7218009790821559 0.5315392869745543
0.9429393812086312 0.2604488067015216 0.9392888702325701 0.36758074448902656 0.23691223934104721 0.6513561211345786 0.12561988744229502 0.9990532079063346 0.29878219802337713 0.11782112214316665 0.24481979453596558 0.08069102180530097 0.95096445035927 0.16763611743157014 0.7559492108223299
0.19715918341364214 0.8023042970160941 0.900488063613831 0.8825053534976052 0.5063995173123436 0.9535716834092893 0.8387595477872433 0.8846935503550232 0.030477158441338248 0.2905576635773721 0.7167583230726879 0.5433389942823529 0.9679808971778078 0.21856254101092376 0.5794797070442669
0.5495611520681525 0.8639455518458413 0.6930430364157568 0.1445461558777449 0.2609348183263369 0.46642842895088377 0.1834115121858243 0.014756474362811467 0.33271312519545626 0.6232860484875372 0.7704574407000803 0.9937167505082255 0.061789431216846324 0.6283612932169719 0.9225875095501249
0.45331394834501393 0.8914269929503297 0.013205240170205745 0.622057561172853 0.4293323457939553 0.4163860909243361 0.8986220753000135 0.41959605813362766 0.8803017273364249 0.40093063885747016 0.6697393652528404 0.6842950378876939 0.3347055960028993 0.7762974205100637 0.9189703087208864
0.7853717494323648 0.9729667469001678 0.319562775067611 0.31314829617640105 0.19337991996067272 0.043166285531939796 0.7324429551581676 0.2842784971885358 0.5206768775720949 0.39324156200470406 0.13641645023595672 0.2177651215884242 0.3344287250669926 0.8174475880782404 0.5796574990830684
0.11763685191069784 0.1701628338366732 0.8611551738076462 0.011621745741201117 0.5652075989678984 0.5498530942037271 0.7055983967193755 0.3227271358557099 0.15577291023056317 0.9657501987905915 0.7629731751956077 0.4694237084391655 0.4973575189595276 0.7296455118017785 0.6523274950964795
0.4090483983129418 0.2861923990361115 0.3069840560955678 0.29797293498291955 0.5542120636087076 0.9355146671017225 0.25621820736764656 0.9946864910093659 0.7230674937476258 0.7274475014978805 0.17602060881150972 0.41776036396120186 0.10965895744961607 0.48213095477086343 0.12645147777017196
0.7209969175394212 0.6276554258198944 0.2939389129336444 0.834901361511411 0.06203437758339536 0.09112059478730661 0.9715317552034644 0.6236079114312942 0.1219286688783836 0.08757542459940426 0.4366576580912489 0.40277113526502295 0.444705427110886 0.07145941622480512 0.48603011327632895
0.26176828414941267 0.7126352132317135 0.16019899556559236 0.0012732568137548972 0.1606963054807259 0.3942742959637132 0.35044304547528515 0.9038402018046547 0.9754460473986422 0.5548523848962191 0.38862658919384274 0.8949742774333623 0.6817392986924468 0.00237733193681966 0.32787592840932545
0.295196564756107 0.7770359478645553 0.3578667566741859 0.8823694627248935 0.10346760408794686 0.13394556691769433 0.08440446848452698 0.050620363936733304 0.7330849613472726 0.3547535873009945 0.9872598061278072 0.12074880280061728 0.7495425243619047 0.353899708972908 0.20609619828561188
0.09366272159722966 0.3349913886734197 0.3337218861516379 0.2603344207285494 0.7641682111769275 0.13460623911662117 0.5385063985786464 0.2800259640498778 0.18538143422113074 0.6020754172129376 0.17286073102968258 0.15712947111750908 0.00841627039745474 0.9545965805372929 0.6526527960913936
0.9858738541071151 0.23717297031625806 0.3721741113835788 0.920236209083582 0.8259293477086829 0.267154896757974 0.13167859241548197 0.9004085432787642 0.51839814969573 0.687591815748665 0.9530425875354935 0.29952535916491274 0.012174092993661234 0.21775004098303663 0.9531309151563271
0.8574196677975957 0.41701090206457847 0.3211609152425704 0.25223796584591196 0.8502532079047608 0.7896768832186354 0.49560103254065146 0.4588284879687553 0.11215235523067968 0.4808636318198708 0.9720089236420558 0.9700522991138919 0.09445768533857024 0.7230546929579028 0.5721246139264105
0.26872757778284817 0.5136434145305196 0.02334976821493684 0.7724900841605646 0.1719013168763729 0.9524392254387505 0.8402788291995378 0.6015499086888382 0.2917596548032846 0.3734130594497398 0.9699295855385895 0.85694347844153 0.8065748584165945 0.8802511155815632 0.04425099710405711
0.271680973024389 0.007539937978498057 0.21919663064085682 0.5531842468492995 0.6807477264264933 0.986755393501868 0.4515866179966198 0.8423119193278747 0.9437825116121975 0.26229751027408454 0.9481514397985835 0.6090052561032984 0.3648270538395929 0.09821088440136971 0.3567195009202192
0.5225879848078598 0.6167457129908119 0.7704324768528079 0.4771949656466059 0.7278250721070577 0.7257656770027132 0.05406818685526571 0.04115400995143548 0.15608267322731129 0.5006898969057239 0.7631071778084483 0.23813060549374176 0.7647958335427713 0.901685968304759 0.2605733255022258
0.45664047774793115 0.053418804754368554 0.2351565340491517 0.4752769956110672 0.11521729411781179 0.4628218665409016 0.7340473147864424 0.1107446998756052 0.6472129378365313 0.5551381154040109 0.03705177020514949 0.4125677316580295 0.6728391713503877 0.1923524844641641 0.31552142373668923
0.07232583214683153 0.14290511203888967 0.28446385743737956 0.3134938289569802 0.5894050250331337 0.770931736780619 0.06184133997287511 0.3641007418928939 0.6864434221536344 0.3838005635925744 0.24143333493150454 0.5247212834087943 0.1798027655164458 0.9158205015879494 0.9027785633645572
0.3335958688009979 0.04337738794687962 0.6470738697556436 0.36730615588956006 0.3322187573430705 0.27221636882796085 0.9441283598550864 0.8832017162897275 0.42067841486078605 0.5518489777686117 0.19967865812910457 0.45815471614395675 0.31721609841992005 0.6698671136390497 0.8874083822750327
0.7535922791245028 0.8786256241966289 0.06823302819803734 0.6493387569882955 0.5565429422915545 0.8047173528717148 0.9279441161399671 0.11515765110651122 0.9790633658258193 0.2979227732948111 0.7021010876774048 0.7164989967615802 0.20019980146272542 0.5782157407613331 0.06908985112473864
0.10386886164333653 0.2617454516051273 0.7638797922075444 0.8645010256690956 0.8998916521770755 0.1565935679106446 0.5202509836092248 0.6685756985241554 0.4297756890316755 0.20727579979577615 0.051418320430480335 0.37537986900762566 0.7583748163466393 0.5223132871673155 0.4639650866000423
0.25057362551386675 0.8329483253257819 0.13929849990982168 0.2671853834835013 0.6965561040960605 0.7816990911886126 0.31616358421489965 0.7908129942292628 0.18693035646843215 0.45039526757253623 0.31588072130308464 0.5991499097521849 0.6066471508798396 0.07285860978706071 0.9448791446601462
0.5595842290511319 0.5398501334377435 0.5658278288706 0.051751863476193094 0.0838386088958486 0.8843591338666053 0.31468302095816625 0.17036506751455927 0.20189174612383687 0.5398926503846733 0.47374335633696885 0.5002716321135315 0.5513670663011183 0.8165442761454218 0.7433261759500378
0.4573692621059028 0.06928452259517248 0.6406918838807523 0.3054836949819578 0.09903341641402563 0.15842261213983178 0.5974329299152695 0.10130818479948955 0.8304933335928407 0.36713970524267614 0.3418025599609251 0.9149248739748234 0.9330092873883288 0.16935497597241356 0.9354460090604552
0.7927669175481831 0.6194480625530898 0.26049094717020305 0.22108025550566723 0.17145442764118612 0.5191424040804706 0.8955313078072734 0.43399427848927974 0.7135752676643965 0.7214596921488813 0.1869489576405946 0.8680014193660972 0.25789261824709986 0.7662938253913709 0.9531113306882062
0.5626707798636646 0.4789802901257181 0.2597335232208805 0.6618706205749288 0.659329676678816 0.821013697239451 0.11444932819776099 0.24939946649066413 0.2852423492471793 0.02142070287228237 0.7668806210324298 0.11093286216019915 0.5685344259146262 0.07232352415159704 0.1070928047608235
0.35792960314133315 0.6608470799938745 0.7811787225248124 0.27221443948906754 0.5152676007441668 0.45036827837237636 0.18674979160263805 0.9006524138128001 0.1924391735785318 0.9848031723153057 0.9625226262195403 0.9218230845988008 0.9043139520086539 0.49200926770569675 0.5969010936428417
0.4649256932374256 0.13988860954863258 0.28543623891498704 0.5779964947420108 0.010323896338215177 0.981544000248281 0.772174520754906 0.030551123126520086 0.4783900397004376 0.06268240097177125 0.24333059008404623 0.25351288061132204 0.553206212250932 0.4182182416906899 0.11961099689688548
0.38900415340849204 0.17230453217802455 0.8302481890504938 0.8494113515804846 0.01690516177061785 0.7786689844929132 0.600327256554415 0.712370322461329 0.8139981571006542 0.6275096015970053 0.2901298630842841 0.3682632441596173 0.5425955555033838 0.16785907639822306 0.863875514614769
0.10927318586513535 0.5408017842400205 0.27783078430492447 0.8387512456258149 0.4230924533950019 0.5750350093389748 0.9224167985210374 0.5036637592151967 0.6549702529581224 0.38516142594488256 0.6239925176914759 0.0020062241831575456 0.26873788804401055 0.5035715619651182 0.9882348455036366
0.09072615016594421 0.4500052842986709 0.9617545784598707 0.4119486552636903 0.6858320109613383 0.569137979925871 0.31140284701843723 0.014336694537273376 0.8835785434122735 0.3272870934775086 0.981805934832243 0.7795355626387539 0.006921381396898463 0.24565913730181455 0.3712696233433801
0.8757811408557103 0.36843394635303583 0.5263763336820484 0.2275221136463792 0.1253544047016687 0.8637305059236204 0.21269253371638286 0.8105460418435034 0.6394987255545186 0.21354151924125553 0.006993580256137832 0.05100172773028799 0.7037884034352322 0.657938188470172 0.0669250537168844
0.4183833462509814 0.10196670882418613 0.17280542231785867 0.5931547784040188 0.4952766203047183 0.2000620119456773 0.8265133272935093 0.04669080173857176 0.31756282969699645 0.27762848545116026 0.7238396332410363 0.3893404418369697 0.38514075542184556 0.7892473893106766 0.09454624028543557
0.8278094500579493 0.8737146922548201 0.4669641329277767 0.47561514622108725 0.16010467896200886 0.9854229999460558 0.4331252037294393 0.6090006182020935 0.9723176905407466 0.5645587778004314 0.783117907068812 0.630855550763361 0.614530618675646 0.07435994864767337 0.4188055732846977
0.3635420385264305 0.09650001393290675 0.7818235894933225 0.26598911470529063 0.038337542990173556 0.7869380515917394 0.5297250818162186 0.39301552359580105 0.5745993638291589 0.07462492495893125 0.7884996739810479 0.9626927222456679 0.6202523599937405 0.9552498960193512 0.775370578327393
0.3959591367511628 0.9188154118236671 0.8447930926474109 0.30408388538887476 0.6032957049919265 0.20978468274041706 0.7884235503888144 0.6858379618116724 0.6486568080521801 0.7920428559019571 0.6333036112033128 0.44047047763706026 0.7507357418698649 0.08406475210912834 0.6643535104739077
0.7966938209023176 0.0976697477039713 4.2063722025975636E-5 0.6639443716579514 0.9611454988942116 0.5538279996907981 0.727650653366217 0.34965133546009297 0.9182468929693909 0.9711158385112447 0.5410364675553192 0.6686132784097579 0.0863406080726058 0.48226678296729997 0.6116962677904269
0.4827093039538095 0.5003026852623653 0.8498835008047044 0.39028249433964113 0.7656760203141331 0.3168027499210231 0.6725279349612402 0.023961839299671328 0.5514541792589048 0.3456120942312656 0.00794928077553625 0.446809596992082 0.522467078281434 0.9988355478506515 0.7635784605129403
0.23482281125549953 0.3071969258262969 0.5196699808820932 0.025705940103250002 0.05248713925586901 0.26833999941634645 0.603269156523419 0.35129945749537783 0.5344336801312284 0.8059849973686257 0.55452014058473 0.9302068599119674 0.7435740258129867 0.9746732098757577 0.9410145003935363
0.44052862627658806 0.926202618077205 0.5188633440197902 0.2942228114535902 0.3662333208735953 0.14490771817776427 0.26823765724870463 0.7878582155485147 0.5236288389149609 0.5117336483220706 0.20245030454571367 0.979641241675601 0.5520907630656173 0.1668883567399242 0.39433260678957627
0.6411545712177272 0.16448867239213794 0.8523921626963896 0.4712346427449434 0.4202030203215238 0.024040192521172066 0.9154148753414476 0.19609556193317823 0.5810706361407154 0.21686135035529996 0.8426503491506828 0.2630002144203927 0.35029311669829555 0.4232713074657265 0.9749287467993631
0.426392983600128 0.4590409289104064 0.05594837765316152 0.8803685495222234 0.6387840546742516 0.31793417631620535 0.8293231610007269 0.974722044593142 0.9586975626543502 0.8860877206258941 0.4521340215648224 0.3691690185650871 0.6087746177765381 0.7034109365721999 0.3938589406791162
0.5986659136142193 0.7133589062856557 0.7436634152344658 0.9657768867528848 0.8380580970472369 0.925556160524988 0.7154945560922944 0.27870098720690384 0.4485155913039409 0.36567313190885353 0.18967103433649446 0.9919648644998597 0.21345324757738937 0.036105487256697044 0.462923430261738
0.1520323123407118 0.42094845205706943 0.15215838581457186 0.38231928398694426 0.8341398597214633 0.02877107772415377 0.6339474870134681 0.4487965327550705 0.7466708350730298 0.508491178964242 0.3414419515265894 0.3944682675200114 0.43549815163273153 0.6067327767384474 0.5028755394602438
0.08553555012091318 0.23432273773613632 0.18449230480251677 0.18616549571427798 0.04112225487542198 0.647073097034359 0.4995428594736814 0.5936431977068382 0.07807222921324453 0.41972088544493547 0.7822964126119153 0.4223146903096616 0.5927255053976859 0.16140608424925473 0.7220978747827188
0.5250331724782822 0.7729170033583246 0.008554911675341725 0.528776409130451 0.6323793339946008 0.5969178004559851 0.4907121561040779 0.5633811433494519 0.9507101673450283 0.8207652648949544 0.45309902515717226 0.14237967713781396 0.03875020425702502 0.2814054965914824 0.6184465750641941
0.011199653242779273 0.48326355220542616 0.7502973723289789 0.12944377579973054 0.15584489995981055 0.5437592474694615 0.2606046735833424 0.20317838383836673 0.0754196326362444 0.11684625336835952 0.30082891620190966 0.850238050895877 0.37374532693082496 0.08276874959291658 0.5187124042070865
0.46367748043078394 0.5448568013212488 0.339816078396457 0.6114672052547063 0.9668476957849619 0.1250151762088556 0.6067163110261949 0.8918626530213508 0.12412117900034936 0.9629777235995516 0.378785757200219 0.6144304150302063 0.5648367992524207 0.22061499589445654 0.2605215736775167
0.522022689395635 0.0483268425600617 0.8575684653486442 0.26548791009288997 0.23018559146324202 0.506677940988858 0.7764925233859432 0.5737609649849734 0.005286663676143388 0.44191643221654153 0.5095266872730714 0.6678612466481628 0.21206161632580578 0.3255978362671893 0.3119952588029655
0.7300168167446167 0.20722225405404893 0.7513195813342725 0.7959335783009612 0.6767640198060298 0.7379938113640414 0.22446432498338342 0.7838908230242303 0.23130704151633164 0.967926951076893 0.6385212553914519 0.8925618728975442 0.9897215233566038 0.09705577390436182 0.6836211923734361
0.46615153223831196 0.5240015680040991 0.16944989481803374 0.6604603004382148 0.8709761103857661 0.18311315805832484 0.06843538153579298 0.4315770442235982 0.8356594756201723 0.4026319193464729 0.8882357347873072 0.5319850526828336 0.47538138749635317 0.014205966279086435 0.8405106555033898
0.7824543588080446 0.8739881331515561 0.25800011336213446 0.6052468820832313 0.10127243877652836 0.6143769336007899 0.9444404062858535 0.5676821894518265 0.59410503522855 0.44541684254962377 0.4859930079160323 0.6964199011635979 0.41661665736610454 0.352770782201309 0.32537497549866534
0.9126179300115558 0.3507987466548754 0.6613347111155354 0.6235086355294145 0.6761129546271673 0.5134936405170519 0.4386116371633543 0.938695669901432 0.17156700841605754 0.1243902616782393 0.39118957366218843 0.027900449233588365 0.9162000409327302 0.8008078549629019 0.650594259418682
0.8316967473643859 0.830398670412892 0.41787206462831583 0.33013888290546667 0.16634597163665088 0.8134684392593502 0.17522729160618755 0.5009947631972042 0.639638729916533 0.6490222809507615 0.14521840081323545 0.2835584091496871 0.8315460448745037 0.6279757496345652 0.24251315107273896
0.07929184204193418 0.8363903585921257 0.6218452928209032 0.25142715948941385 0.5785650470557322 0.8501607189299835 0.4650226221593934 0.2747504835265927 0.07163027641223507 0.6047602496249858 0.4119249098658547 0.7266657726747494 0.7627102098195839 0.10038849008148021 0.1233972430819591
0.7823857466548624 0.24128306350469875 0.26792495816411976 0.10646965593108426 0.018427192434728124 0.9999996093608484 0.9050945469852644 0.7825484687607058 0.8299780094164285 0.9052682156230485 0.4733592504385197 0.3913476754078725 0.0956025792403905 0.8243961934216277 0.11689483301044357
0.7513429674638549 0.4745696686062453 0.1922766943862665 0.5706753128963307 0.4922572836389433 0.6683767267747986 0.16096220953868445 0.46160176859528446 0.7510635059152391 0.955582876837902 0.11706760906272329 0.8747766768945411 0.4802166004858107 0.31785226719109017 0.7747964738852579
0.9564381516711765 0.45530380758839284 0.5151484356153258 0.7564868706480291 0.7557335502114695 0.7890281206054658 0.539309464509718 0.557923552552958 0.46942523638516687 0.2594169929991589 0.9777727635003973 0.062265735448189474 0.7467854159145922 0.042374703558084814 0.9530072005737102
0.3142907172032583 0.7363515454202465 0.502173230164369 0.46824967069562495 0.09575533292823568 0.11187729928334467 0.5382032321741503 0.1864319537989677 0.9530290771852081 0.40172833418792786 0.6122832851018937 0.8967229598305795 0.7197534998292051 0.5641362711245921 0.9880519380149312
0.18190059120526914 0.2501351896331431 0.9001382845440385 0.9024439209145837 0.08980612978582159 0.03258008236886678 0.07669374626480019 0.35897803723548394 0.9334236175028102 0.588729229266046 0.24438335375285047 0.9835615745630762 0.6966654929156653 0.07955715518893625 0.9772605255362098
0.915741474518443 0.9067347091705287 0.33804608645756395 0.036838348899888906 0.02181049083798947 0.2489729154482846 0.6270501176985007 0.7678603263055598 0.8109015450476359 0.6463931400481356 0.781315750969816 0.2704161003244764 0.31118167558125054 0.0036344243692818523 0.034226228235107015
0.36112844438886005 0.8204820953322413 0.3238652318519111 0.752688940138063 0.735551035240355 0.8841785719956007 0.44720098742477243 0.5076865441438126 0.6745814190606276 0.07286200579530022 0.23049093694728529 0.393364410855762 0.09960667493815323 0.13331630637976 0.5908675530879111
0.2741277462392683 0.7742642471435408 0.8685469614111041 0.4692419922620654 0.6870743686324929 0.9751139982990717 0.6660800718521687 0.4349669029940748 0.4561898828063551 0.009181353163049688 0.9384787439186911 0.34917795283900854 0.685083749972605 0.5432465153885228 0.8659994591478855
0.23186417272063076 0.6866465786596712 0.8279172729570328 0.7385385510848755 0.23650589571108593 0.5808601564255231 0.5489383903620653 0.8824946830311688 0.4261587349775312 0.7460935879551994 0.2188537569139376 0.6279002412679141 0.8661507806009746 0.044570283610784855 0.7340518821354667
0.022151014219424003 0.401099248930604 0.7592922586261915 0.9653892576800736 0.028889971502331635 0.3677420122589632 0.47755942240307203 0.025000389897169684 0.764077715538326 0.410118443063909 0.7353239435987924 0.15756699441943667 0.9160085073356187 0.5099229003681615 0.09696992773437219
0.04123326015628459 0.8720076804450967 0.3223937705791545 0.4867118149007319 0.6515180874579555 0.23177229265771582 0.9168890908224265 0.01065519494563194 0.7409887988665792 0.32579408009032385 0.061340184363580574 0.21266606366454488 0.4181258883403114 0.07702966951270418 0.26106225452396004
0.6925454638281304 0.27072132494461987 0.04496016490123633 0.8649413418876553 0.2816090240950301 0.972317648953937 0.7734083733865199 0.6858052341658586 0.5186211185690038 0.334609103603309 0.6269586088132126 0.7468252560959937 0.9981362118529917 0.3243899155186648 0.14555077591650056
0.9620850171029625 0.27365061585443795 0.6505488989614239 0.5727965793853357 0.7869910826324549 0.3895698074743943 0.1447739624599832 0.6207927844497406 0.13298971242453805 0.788848418772312 0.30904363417311387 0.7226826164529696 0.1310928731983122 0.29726043371594024 0.08364728688592493
0.9939429672536154 0.6500056842653045 0.12060998681142787 0.10138941262802259 0.8743520464455545 0.8271867097129713 0.30779398841420225 0.4367976202465751 0.9548180298722858 0.2549612951398229 0.9304792815554921 0.13356802338754248 0.806726560537178 0.8788475482650282 0.3092592699906098
0.5991456045560926 0.7261907867494491 0.11154332938036882 0.9765056372033091 0.2922513855735448 0.18156469120869934 0.14356188204934073 0.7077331199365191 0.9973323736893978 0.4098070441837919 0.9402925281115676 0.8761461782196731 0.37932389841290004 0.04575922517092046 0.9553025150250007
0.5891388715647289 0.4427784777060615 0.8881276951996037 0.16098420898436494 0.5508695380130658 0.9813292783140011 0.9069377582363546 0.6001918460625234 0.36163476230644764 0.09662004053625972 0.37945189850662264 0.29630052876248003 0.012617798552129189 0.39024784222802444 0.6050228994756647
0.0241595008297264 0.6636883298080728 0.4879287305423625 0.9940780966169886 0.14070047374262606 0.4022824867734055 0.1420106175054655 0.4524079800690367 0.4015012550769964 0.5729929648190477 0.2766216801601792 0.8891587527439562 0.44839381572667825 0.44035092929412556 0.9891566323814545
0.36540496045307214 0.4432446767894862 0.4013832297210247 0.7024675094503349 0.8699052411752753 0.14432531969274898 0.6998793302737589 0.37403928301265066 0.9596203241182403 0.5742283787128711 0.6109047804134736 0.9115949250399284 0.5347990911208613 0.3120755377408997 0.3619487472782368
0.71898861548696 0.831915644206895 0.3578009122172413 0.6361954333507387 0.6019098630204305 0.3124657281550153 0.46258419978896737 0.36376021823185334 0.09983508345274716 0.5016087826302493 0.7970453520901474 0.648333386809035 0.6788276994360358 0.9878672336277833 0.837602855969199
0.09952531116830199 0.11920155273356103 0.7335720725781852 0.39143625142388927 0.5453091754312933 0.8627265490824938 0.5654700053953959 0.7517824757273687 0.08430831261295169 0.045969612763945955 0.21588367510829198 0.07783481502239131 0.7042771808638286 0.4395280644919226 0.5670439520030838
0.22730271072913555 0.2409763337584 0.5373264074188119 0.8146885575455575 0.43472870972242894 0.2807434041926088 0.595811956989305 0.11174921542892036 0.42494904066537653 0.7204136173206305 0.5097983058422572 0.8789249640041386 0.7786228145399691 0.08984525593787718 0.02987034622236895
0.37616658513540935 0.6255436075410012 0.4151561826767841 0.9756776780023808 0.3175730865329591 0.03148709806839123 0.35488025557941894 0.7801084506231935 0.2819283361449487 0.7656365908383338 0.5766031592270953 0.9112488199064964 0.4220818742517849 0.4881678589841243 0.858239061095096
0.4621975836422111 0.5086051099935027 0.7813638769855038 0.19596108714303218 0.4732197625898624 0.6566301897906229 0.862668494734725 0.27989996635410364 0.35638687135540004 0.1795055489268741 0.2643777339599006 0.0590772746738748 0.12976551062343933 0.8888789135007711 0.24220635463990003
0.7586403539027975 0.036380095869593454 0.8180447268770016 0.1837561326984244 0.6353186774382823 0.522589734826434 0.7838698545730746 0.8279515221055299 0.9611218908072537 0.48118332761805716 0.4223377523065469 0.6777976720137467 0.2106523218178581 0.12641039787391517 0.33372795777300646
0.5913541492364233 0.194005409575832 0.8613304587764202 0.7556745343051331 0.169607815743541 0.9250837602310076 0.022276285331195522 0.7458229405996131 0.2249662258007623 0.34425183714280594 0.44089209972543486 0.20053242230162494 0.3103829145441549 0.6246095580523541 0.35112012197094167
0.16204667821458452 0.016664413282548862 0.682765419410137 0.2866745857121997 0.7737824649066547 0.5042982500469099 0.6878402925054264 0.2639548808262582 0.9318625976083637 0.5261799228325598 0.8165355521743938 0.7260150548252228 0.1507458268864279 0.018906327919338328 0.23745017505259458
0.43511935971647697 0.4117831971838777 0.1928417474791546 0.32443322006672826 0.7445791283681213 0.7957565940697531 0.9349517395059297 0.3966095913454508 0.45497928252161235 0.5139321245881572 0.25343959248789416 0.8618186598067207 0.7655671025932714 0.5468871848143647 0.43950855782037757
0.50055676711716 0.6684903501195004 0.47634698112649365 0.5991125981644755 0.7691162121450995 0.5017351903307828 0.2524925307792558 0.21634704204931343 0.42346493603636526 0.2760291778866155 0.5776789652144331 0.450170251144006 0.4695126733223419 0.8216379226397911 0.3072294020912846
0.9374354002726814 0.4307609571338482 0.7628987309411004 0.7689460074899955 0.977751734923315 0.19093556490358088 0.8214980776540862 0.18520715141147814 0.10948301948229289 0.2170521974057883 0.9739142014795816 0.4449950406548412 0.2512297506008757 0.7974672677383728 0.5441100604845558
0.31792587200968936 0.7794316949146762 0.039817187620565186 0.3994757084183085 0.8283302429312881 0.14026530445019625 0.7653516102691063 0.036183570737040927 0.9146586094314781 0.8528005301722809 0.10901697869165405 0.489534128768636 0.6879631738753827 0.05041970935808926 0.5887488792883475
0.6855331313307917 0.5729335548106463 0.028791375425278987 0.642782952512722 0.06185622489055442 0.3659411422440294 0.6212297826636184 0.15039561240090504 0.029520277923220428 0.7767725688386578 0.6060606316302165 0.24933772404483012 0.12099529509789775 0.3342100152290237 0.7656527780017737
0.8423255351716805 0.4761543626057486 0.6303423742263021 0.663063788868857 0.5453050748163633 0.654373683122287 0.7544677417007699 0.6797873242603178 0.4718076371366373 0.6292582570863846 0.42467456450316 0.3668790557346905 0.17056533855875688 0.22188333665654003 0.7636649552367191
0.7017761865475381 0.2376578912189894 0.15910534860808379 0.8851107148361629 0.41441615729781 0.6098124399089626 0.4054106834293759 0.4578086688069888 0.14879759166592144 0.3120807522889688 0.40993391265285084 0.19712883957035254 0.8599167554331745 0.4809688653406905 0.4346921267908558
0.7967254939474258 0.5110513129691003 0.8131965743308269 0.18574514392192898 0.15820741511791037 0.8326524572842519 0.20061478960711232 0.5559061833912285 0.9024406123594084 0.6316453257745117 0.20341149173736228 0.40579117551119326 0.05338326505262314 0.8987269774057705 0.18658755490067658
0.9594089747145556 0.47382871669981586 0.7512898615084651 0.39878571793111206 0.5711593603215137 0.10215968249804919 0.0708884566104746 0.007907867573750615 0.33301875977365625 0.29019302184058826 0.5467046941078081 0.12455657586450397 0.23385882424823923 0.5744205874776507 0.7202583167990981
0.14218899158212828 0.35725615367252295 0.02642907745136669 0.5416460174683038 0.3019727723916491 0.9098158706633723 0.9230076233063802 0.8938829453710956 0.2506848341085398 0.7089461887293259 0.8524289392922535 0.5194594552690668 0.5015957467763337 0.12718422338284463 0.5306158779332769
0.7920142234168948 0.13113377622290845 0.38958845308422174 0.5393825120265693 0.8160648541580173 0.7482246276806344 0.5513765013679465 0.9186647245326272 0.40902542225720917 0.7585538385626868 0.444901351726379 0.04563216483303001 0.6222797518049838 0.21260102377948242 0.3782231135189993
0.5158002048607253 0.5918685942888823 0.0741461019452423 0.3919472836579788 0.8047366205139345 0.674387222961482 0.575049832168317 0.4366649593597415 0.333684697167149 0.019979721932482652 0.43246193564272095 0.920244236237219 0.18840073346884845 0.9618548683739286 0.09621220775276518
0.6923858632001956 0.14773071686067807 0.8605377878940247 0.8669909159784572 0.6832708213860806 0.8669272242856007 0.331110627337576 0.6800272577670986 0.09379129893984273 0.03043462897167426 0.10298421680054615 0.5843252040421966 0.2467703068589484 0.03984653183265974 0.11428233520011888
0.46411841834589085 0.9517397279796423 0.33496678533492574 0.8267087396632131 0.34705700441287546 0.510260451191005 0.7593812305843186 0.16180650543658281 0.7227408314264638 0.2944322505879553 0.4766742753167036 0.9058080194689703 0.6555650897530646 0.1681550307986205 0.8194011517110129
0.9078133544619942 0.1174461482931276 0.8888676158952259 0.11015249753623213 0.9048233650258912 0.8888466778876941 0.02690350277220621 0.9325255290063307 0.34719367546331037 0.5806206682588664 0.8702680896968044 0.5495417488559007 0.16936358079060432 0.8145510858154188 0.24455483339478457
0.16802816662200792 0.053254333547951394 0.3670534548623141 0.17088293466612337 0.5297053584653824 0.36551933195700936 0.1283713206053746 0.8091521668947455 0.8732023892667222 0.614868144952603 0.05869033062509099 0.1895755907534764 0.6559451982555403 0.9719754227119536 0.9329495920434278
0.8223640291899108 0.5508414067615308 0.12202483065324676 0.557730310790958 0.3936007068755829 0.13991126867064008 0.47872686774817874 0.31645357008234165 0.40475874858196015 0.41549095046531215 0.5786890231869246 0.353220429245926 0.7939774171449927 0.6693610943772007 0.2963053263035613
0.4409790217826747 0.289128212841433 0.6011297613089931 0.3718716072442596 0.5963053903809037 0.48586502019509636 0.509425785400195 0.6294219948837988 0.8009354943366411 0.41826708584881545 0.24293498811759784 0.17582081242749614 0.769288380075634 0.695347462300373 0.18303841610854643
0.81893341617885 0.5615711929518101 0.11361387890340946 0.905787934397869 0.9202389885557938 0.9836589405742808 0.024032596583127952 0.3281815255465681 0.90603597995532 0.13779308688752367 0.6311602308334895 0.08217701110481912 0.7014318171886642 0.19224457770753967 0.8328727605673826
0.5796093840427107 0.42259596831586965 0.4234389512144533 0.1710342183247402 0.732153743346899 0.7652955246708364 0.8506420275833789 0.9566127412287183 0.5727019413509741 0.6615209285584168 0.33115702741288877 0.6571645199870585 0.08799842777281819 0.9410490217327924 0.8130846202332864
0.19027143883273623 0.4171061534104126 0.9310789652558938 0.553050047633082 0.8534311885214851 0.19625138545725163 0.15461676591825946 0.49790191320528554 0.23906348497545027 0.2378212677019642 0.5470717869433898 0.702239641009364 0.632709623539353 0.9197662058627929 0.9005688918932884
0.6077278612272441 0.0731669994584061 0.6313840995641578 0.5667683001991161 0.24550729315665532 0.4652138346715443 0.3724412619715136 0.8015245027657517 0.9396137768881265 0.8787439276763565 0.13481073788589826 0.5185044449449968 0.8871683019241796 0.44254511813336495 0.009285586689685599
0.633924779228603 0.07020231120780829 0.04661885257764442 0.05495092860472295 0.6308560115992562 0.314334878183259 0.4038528845834407 0.8444757109939924 0.44908195611791957 0.9511187015925232 0.890022953843122 0.25591107523982526 0.31529024566551267 0.4637246931629714 0.980513143043954
0.5200591441408511 0.6684102942078505 0.6997356129041111 0.03280904559665865 0.7522025146701753 0.9062028835332054 0.7201710434622878 0.6257316245897859 0.19796134227633178 0.2817455811212304 0.12046776698607153 0.659544059819263 0.20527117875038625 0.9122465815360554 0.7069908234937627
0.9454773262453642 0.4979520171316515 0.527659117814626 0.7417524405054301 0.06888528675948424 0.6710646070706585 0.28285715107538745 0.578366945873973 0.8971529149043977 0.9542272809644392 0.6846727468683196 0.40387252564232656 0.22164650854411538 0.19629312925861075 0.4438838226253369
0.9739008109199089 0.672408092086264 0.7132635315848136 0.8522809013917353 0.6827779429136843 0.22496028512780097 0.11104089155668373 0.1062296757552853 0.04549178614148175 0.3305025009052627 0.4455999089025975 0.8506859998068175 0.6850617951890674 0.9439427746547343 0.1153833896107348
0.10140859954757975 0.21669927453760818 0.4986239705926957 0.694204891558584 0.6181536198052816 0.9992477152867587 0.18226716110652819 0.507667472776152 0.7479251068103954 0.5847441910250042 0.7055687022997293 0.13208382782327455 0.73489333715799 0.8385444162285532 0.12305210856234816
0.15211029561259026 0.5023830311876688 0.12530573128095368 0.16518946719248118 0.4517832897009699 0.9523719383438588 0.6602237400791093 0.9714713074948136 0.03337335323701307 0.8992295423246707 0.1102698276460905 0.07601814489580538 0.8594488581581193 0.8569648107201591 0.7967785795267994
0.9904905249771723 0.4957677707323378 0.033040605048692995 0.39858546694110264 0.7534688446605714 0.3960921464574223 0.046852032937103494 0.8840167520650676 0.3711383061816417 0.5147473185574937 0.08725429537167895 0.5103852722939769 0.16102784045336394 0.5587236173625247 0.4510654238040003
0.12124719348065238 0.6287167911984881 0.5983452421998047 0.6632579577132367 0.6445263971718239 0.6568364952881732 0.9440076046918311 0.669592558219802 0.6487147516733611 0.4663583400703174 0.16621105764054167 0.9137358769211883 0.049708170966804466 0.022073607164677767 0.8870950891578935
0.46344426914565284 0.5774396271387873 0.29733500376585653 0.5039039596680998 0.7341831291131284 0.40932247727496984 0.0875432550751436 0.3182914361830258 0.7735918304967778 0.4566179572054935 0.8675265265371196 0.6400984954207445 0.5164924115760144 0.1501935798890226 0.5248745252904767
0.31021451896773056 0.8976798258412548 0.2137396276109561 0.6694531350732729 0.7443593960625441 0.21851991062803444 0.8353630572688421 0.6187392038380325 0.03809996511600988 0.7034213820707526 0.8525796818479232 0.08927983552579699 0.893141300930818 0.7535361061595212 0.05107662756600695
0.08649388243694556 0.12590959829466175 0.007581601567420826 0.4442194491183856 0.47819790012355434 0.3016699764860735 0.9534685775855417 0.44812872613183685 0.26165258615532594 0.6008993587452149 0.4994557006686644 0.19625375387623034 0.5895900781878453 0.3693609208649554 0.6098420766275772
0.8477213568148617 0.20759618379056755 0.9293029305877964 0.8377479934277888 0.6353403948510039 0.07338593597237808 0.13643206812588937 0.3463228347993764 0.5719932801429198 0.577924979809761 0.8557872479768758 0.7997581316147032 0.1882481149728219 0.9690131076295975 0.9993664755373614
0.3267733023369719 0.4093759032335984 0.28986048808113474 0.01933654763243664 0.611780434480864 0.6965594661576898 0.3883512268067446 0.7828812237107771 0.052722937892854205 0.8749320015834448 0.32710285328874134 0.5682204021990394 0.8396232035203827 0.6501845594052733 0.8300943882283192
0.5160592250411286 0.7541621621557059 0.675833764239531 0.2385500171188616 0.2467029607498703 0.4681536694869667 0.17484227553173726 0.8169286927014799 0.5102995667603824 0.12756510216627248 0.5421360913381243 0.14928511746208406 0.6761488085364998 0.04877508691900656 0.058664815230981326
0.7969307770551166 0.5867431511220421 0.4250477104995488 0.8330015982611435 0.35023797185037464 0.8031822625195116 0.04374240574344179 0.3530822457432784 0.5005940836148081 0.5508295942979284 0.14856723626114632 0.5785335310666347 0.7829272600329626 0.7375559990684649 0.7462223125043983
0.33314288557174265 0.1948885099540768 0.2616417814271781 0.8530696395186005 0.8673729058829173 0.9856895921864842 0.45238550999138516 0.40500427195290833 0.8524260876680823 0.5257602009747359 0.8936941362560527 0.8124908292579354 0.7402159651639216 0.31780142946269885 0.06940548444792238
0.43276875642447654 0.3777035531007099 0.8904774444317045 0.23882123377655884 0.5525182792333432 0.9994083305505977 0.5279005276569596 0.7019044117406962 0.8268187349472577 0.23850543015286063 0.5312291264812833 0.1458225237298264 0.5040191327682921 0.5947720420934621 0.98311286325017
0.07799365900115729 0.18118090008025445 0.8767473383143691 0.7913816711153634 0.4455197114258598 0.2810409410939899 0.49582190083406563 0.12529134752895865 0.41686723680810167 0.9189826671713968 0.13157481798391846 0.22580109142391191 0.9588830927368299 0.33729158586776886 0.21052690961967846
0.9707727276210629 0.28070869301967893 0.6240113271773625 0.8445813229936694 0.5066461585045972 0.43588292032894804 0.00500435909396868 0.36077374323903544 0.7200585107640726 0.3749009529762608 0.6003617528134528 0.32055587679347086 0.31603914459854165 0.5227219862313767 0.17009449031956136
0.9746878862912459 0.7938269290427142 0.5191959561369436 0.039078420777189815 0.4289167552757215 0.6670199153030663 0.10510604169960236 0.08751360841715339 0.40596894519261606 0.8616812668227677 0.2624996763390528 0.42069855959588387 0.38098769705769353 0.3441904309374437 0.6252079339979242
0.09070794353987344 0.04039654014329219 0.6800414563580849 0.8639294576998097 0.03260234230403147 0.4682723411007147 0.40545508173523614 0.2199817904858361 0.19908709183690765 0.19966263525795724 0.8055850759120885 0.6127992757012691 0.7300764790153723 0.29688365325334154 0.9362635667619461
0.7784836735253423 0.8774089771508344 0.9026869436504907 0.500643694745323 0.7101896841143371 0.3199973595634674 0.3032842427635949 0.4977625831471648 0.265854731120179 0.45098783973610346 0.3945714072378539 0.39696122830165825 0.18475833297445632 0.19604019813317364 0.5864941887863603
0.9602622681201446 0.9116232742545616 0.9306309979785202 0.6033501272827895 0.7342202553952989 0.5654475574944491 0.1043202033970062 0.3419220916665089 0.6634239063071377 0.1099819026999801 0.25121107159404743 0.9346909466062757 0.23974264035623383 0.28374521369974937 0.16837221862818352
0.43197615528835587 0.09457518005555754 0.12969596869662847 0.1777795091443346 0.06470487322480634 0.965770836619373 0.028154821087257864 0.5523748925572505 0.8786112462400122 0.5265589760544045 0.9812996865425071 0.3831280114897371 0.6410198369160814 0.6507358645377185 0.5235316276773062
0.391525803092331 0.312968147487378 0.30652215267588 0.03923605083691317 0.4507039398863977 0.052274677895537525 0.42091846656468557 0.45794050129777186 0.868473691527455 0.6672614365940727 0.7370505718802766 0.2665968341584557 0.8067859203685412 0.6761898516567203 0.8989095145423092
0.5296921209087998 0.5647140430944954 0.6440721987314687 0.7410565095364241 0.1401190727934688 0.8358259491893906 0.266371069532894 0.03527600087709715 0.8372136772809764 0.46585435774767303 0.74820155002971 0.751824770351521 0.6230939015130285 0.6828643525228885 0.3880020982625719
0.22983884480245675 0.08441010234999358 0.24965522037629972 0.9162417701097466 0.5196237777248227 0.7838444365870886 0.49692365933047244 0.0625829902704228 0.5589687486519106 0.32417259535419596 0.7357535962911002 0.029020669169979474 0.7762877635533416 0.9074287393972953 0.11928776294682997
0.03186987108869288 0.17530646200189692 0.21268996588914746 0.6259744388280398 0.8420759512146444 0.9491765145685449 0.19822398614229053 0.47057255694874955 0.30117271209278995 0.1963134725415332 0.9972198674594145 0.9141368933539741 0.11931544466668775 0.36591876297930126 0.4210484198894455
0.14049433890461027 0.8721673416360384 0.6480595783856862 0.7099754342111234 0.5942614601895215 0.005019790588910555 0.6413454768343866 0.07847705400464511 0.9342422346238498 0.8253776980741592 0.2806536065578874 0.29078405914935923 0.5460843187770936 0.9193435715148409 0.18801941355128238
0.9720073679379339 0.37936092905337293 0.16248485343596375 0.32172323317053575 0.6111743406140281 0.7267848254321952 0.5124711358369862 0.04176705046354612 0.2447316423994813 0.44704968076875906 0.06861892298952699 0.4843506543166667 0.6225474510305097 0.047832960700632365 0.462583689349791
0.443619263284066 0.2531715714066489 0.991784435198452 0.5047901435911675 0.7958698471338922 0.10108940919413745 0.5658622394708445 0.152793424607213 0.8695668290835784 0.8659319248964847 0.6631685888456981 0.2906153478252087 0.06393196888911279 0.7120800705205812 0.8664752696459277
0.5122014012532766 0.4495374003532412 0.03682926446287815 0.2939193314051223 0.08749609447010809 0.04624513273350861 0.3662555474891642 0.7698871521496032 0.5562350299418997 0.9669995573640642 0.7501519569214798 0.017895170192776755 0.9424047046506699 0.640394653490993 0.09087998646990114
0.7373139006201139 0.41142164203635656 0.880600726953021 0.6857077937354222 0.6220714967313218 0.30243453126715314 0.6601501436906667 0.8881831225886458 0.6070115876563669 0.8597545117947353 0.05924519334683398 0.20131560256597636 0.8863699563713675 0.6602704651918314 0.014665754372132467
0.303819799591453 0.5388726285605032 0.6878071352289141 0.17201798332487384 0.4803966746934438 0.9152482051191565 0.24073635600110466 0.3569796055980823 0.6780077049991929 0.29648537882778847 0.3757524974218682 0.9243614399280355 0.942322849057834 0.7149560455196108 0.388575119765719
0.5182188129617248 0.3019995149641024 0.24556355318555467 0.9114433187553442 0.5819103936749003 0.2631769202024339 0.5203644736108611 0.5676180254026824 0.29391646049726927 0.9525459300873078 0.6976513667606052 0.7647095126438148 0.4733922761054675 0.6045821736169178 0.625273502139412
0.1314996101142647 0.39884644199329655 0.5270055060363633 0.4780107348134591 0.30702932951448914 0.41399840498873397 0.8982566934113612 0.7201055677235412 0.2760739927113527 0.6567827669863918 0.751757722968935 0.846597124522841 0.21173015885897062 0.24063283816846626 0.28394934267535543
0.9908900369767996 0.8336892365122255 0.7415893651935788 0.1865757414940571 0.15102976195944373 0.6198753970411123 0.9004447050084795 0.048413083805328716 0.4834458502472102 0.8194757913843393 0.03604672489060878 0.9976146111742602 0.8404628100841117 0.10699362835814341 0.7840506731820885
0.6630723528897537 0.4866678999404168 0.8898054803556754 0.42482160016032144 0.22167153576218535 0.7192637946041766 0.7358063109727814 0.24485348211878644 0.7680403118975422 0.9388238021027702 0.1230769635056903 0.08798599585826061 0.49437444546272535 0.5694052155202601 0.7301103120709477
0.49586301458830184 0.20014264060524178 0.1107670829156987 0.7829843308269369 0.611491881286597 0.4649550259288925 0.5204758968687583 0.5549713274006124 0.32542596439496063 0.4126038931740107 0.06997329721631895 0.9744246003052042 0.981007386938128 0.3702623127214185 0.7962181987568345
0.43838480521786594 0.32327050460727624 0.8840525821230862 0.6793048101229885 0.3522008399644695 0.27552144939146517 0.4906734703268669 0.7164973536224954 0.6195601937289065 0.5582721558567277 0.36450145419497826 0.13441122826733565 0.29267686148786354 0.12712251715814893 0.4605576632985856
0.08360922217992861 0.8589850948011385 0.8993470430638115 0.0559591581120058 0.2936710403481143 0.18853979437900936 0.263357902583192 0.6559494076472826 0.3318325447181618 0.995425418703552 0.42087888168635657 0.07532940364095964 0.304581207639259 0.776826927859193 0.6985800109979784
0.13208773472864632 0.06913228868702748 0.5850179065827417 0.5840859191010935 0.7972540131311843 0.2805005547401308 0.6603727792874369 0.3906854883346369 0.8334771757751817 0.8899198776658481 0.9076109589725435 0.13573404555359603 0.924556106503894 0.03165366394742675 0.43283306687157597
0.4296538238746206 0.04912718989232945 0.5877770144075369 0.8755105170232564 0.9156022779358433 0.3839395898900173 0.10430105648151955 0.06744134429173454 0.07429150149467667 0.33562576799455524 0.1470489948122361 0.6297868527920417 0.014107121399165923 0.39460122614728876 0.6319821925833429
0.47965505696068866 0.20358781139984028 0.3807040813706368 0.14221396475286763 0.8592986203996964 0.9714916618845362 0.3074116437183959 0.7527375878046539 0.42384663598147987 0.999089004302508 0.5299478104962876 0.42393432208052373 0.12759047888080766 0.95998597653435 0.06232131619174097
0.5962160038130809 0.1341967546052164 0.9246964902552904 0.9493119408269591 0.22069635065362114 0.7428205416749388 0.14034497583798322 0.36164795098301294 0.09457327180510755 0.3699449981709765 0.32029580134960034 0.646094832552314 0.034944743204164075 0.9558737475190159 0.6341698546933383
0.9069016100717706 0.12106880370595108 0.7751550499790096 0.1756222365545167 0.8210282094841803 0.9626177795100739 0.5218176535577251 0.8034196164139494 0.29680332320840064 0.7102661182814864 0.713150098564566 0.9007696322363967 0.2741388964112206 0.3149896751258988 0.9098566634757027
0.7785186456981875 0.43415422433080486 0.36374374281497945 0.9857749355241989 0.15974848210758097 0.8370389575427082 0.6717264408355687 0.6969410946107812 0.4264668318430369 0.5392107257370241 0.6952223331860397 0.09764109756238337 0.08349958937434365 0.054300236737996554 0.7440611943847997
0.9301872384131052 0.200358374681175 0.11722244037818541 0.919014872193458 0.9755109184132665 0.4287694673818513 0.5865696764725924 0.6769954658224938 0.493264691549508 0.5617154094453805 0.4777888511057181 0.9357056324971484 0.30297723918616526 0.49925390249428137 0.05808143858916137
0.6694325944709272 0.7619074025906073 0.917043037524416 0.6536912658738748 0.018964562855178668 0.8805946055367222 0.8954158731561225 0.3212225241593405 0.04114948318259126 0.08370418258879031 0.2600115640382843 0.8168558118623397 0.3574029851967887 0.6716184990466624 0.4093838439920344
0.3608075951297228 0.12551308357496427 0.8673255193653155 0.9606725813510686 0.5391043576972496 0.9553773133614464 0.4435086174785735 0.6313370833767081 0.31071971742962823 0.6168475724272696 0.3163425853757331 0.3931149900218981 0.4953490496801862 0.6466464947803215 0.1653526693322669
0.0837838966722333 0.3055729293797036 0.2513588387996615 0.09279474998063042 0.34296714182683485 0.45688707553198016 0.22478987847964815 0.5713667048197233 0.9501393565091861 0.14005316881445085 0.9505222644106341 0.44566195537748177 0.3861514273202199 0.672451661935853 0.9442915906619681
0.5506285306415656 0.7140083105502394 0.9585935596152723 0.8058401560627737 0.5893979913491256 0.680297619228145 0.9846758225291904 0.8961975028465359 0.27320011892335583 0.2755805386851481 0.4480404495061032 0.533875013818328 0.3676812739538089 0.860221122779236 0.2796247806720831
0.012251447519580516 0.2127954757382693 0.3615437134360435 0.25596647547970197 0.28046498626412963 0.4875389025420006 0.9788723921113478 0.11705365069715712 0.7014164608019048 0.4761502297517334 0.2949207896527304 0.607286817738667 0.9030276891167682 0.8590006970824632 0.6851638501238723
0.6390463392217334 0.3726876698316117 0.09924910094077877 0.441238065872784 0.34183489616751284 0.10985864164999992 0.8254391913484574 0.08008039955090696 0.10469210866580358 0.3481029098432432 0.22056745776962616 0.8974297760163444 0.8455538117809043 0.08533056425051488 0.3197519337692841
0.9424799892848544 0.6484560104260241 0.919857219254544 0.29148338354457726 0.2398859976827854 0.5979597648126369 0.4798998288369536 0.23154227266371263 0.26599031627512026 0.10989935417773344 0.5554278863380029 0.734016318768702 0.3980498325767037 0.30853371463756407 0.893826327800035
0.5204549851110799 0.2984079407669631 0.03240651761274216 0.5046155773901942 0.7060487523734544 0.969970086536863 0.8646975206416366 0.2335128669341726 0.8608229485283545 0.5250061559754888 0.17857446425057577 0.3124086446591653 0.8841868721855174 0.5462157548728233 0.5640306727700627
0.5693705193817941 0.8527810279444306 0.2871577483988087 0.15992096815711598 0.9915761513934762 0.4244167592647169 0.8585586820439233 0.3533841861448821 0.37411611311596704 0.08500359410678637 0.9776790122170937 0.028568039868192008 0.8588962130842327 0.5107122674393053 0.8198304257138659
0.047547641822092035 0.2704080729157091 0.5842217038507397 0.004301042222840223 0.9285566641107739 0.28892597457468605 0.15175070328787554 0.7713597761719571 0.7501256128034914 0.6667268117113264 0.4366764100204993 0.9626750338075257 0.15444908284900072 0.8892191143035814 0.1358927384668498
0.5043970282094765 0.9492799416611192 0.9104061977279626 0.6166643888344375 0.7103171301622301 0.2148750546226611 0.8508976051387608 0.3045827068857079 0.8719313148811995 0.010993952427262088 0.8367219421274154 0.3073319720041724 0.2828997761854025 0.7486780480338744 0.47848349640733556
0.5543256068701892 0.05730736101086553 0.042514847041070114 0.8429435453351117 0.24887406207252738 0.8442953651245071 0.39131795681178616 0.1528973497213818 0.22739693846389186 0.8160475858910073 0.34863058507159095 0.8662556393017171 0.8992941002363445 0.11177862335466637 0.9391862421569598
0.23152939867928124 0.8014417481625672 0.2572863377190272 0.9534375342611654 0.8944554905461407 0.4428811702384464 0.9477938993006468 0.40949003764121406 0.639289640358568 0.038119108089081255 0.9812218688449678 0.9102550192456431 0.8883324490753479 0.9315608769813015 0.059693660344273924
0.8433613384314258 0.1545433086600102 9.481858365031348E-4 0.6389929014280925 0.37234319755638934 0.24463580255393735 0.09427579287404408 0.9988544605811688 0.9498474748369214 0.643837706450792 0.6025122586471636 0.23138550433643035 0.6470802636006722 0.17853729020547138 0.5995520137078559
0.9005765715101839 0.93843929742278 0.7493269583252324 0.5911769548150129 0.7127770638311727 0.7062555065829507 0.6544944750481958 0.8064080864579385 0.656173545970013 0.13779304272067283 0.7828005640733591 0.137478710900671 0.7167230614194997 0.8751342752177165 0.7444212811012042
0.28876233671702134 0.45865801916505866 0.24830244834059534 0.8302223817309978 0.4303402268354015 0.4695932998566915 0.6729512187342159 0.542071842009615 0.6684950295219906 0.9134298457316811 0.3261771833726621 0.3206860618627294 0.9432683636110177 0.20866373026535534 0.027487849573125
0.012544064582366676 0.5423216669500623 0.15537309275374767 0.8466838127050336 0.5636931819717623 0.280691720117367 0.6710699923614034 0.3363911027493106 0.40580894193249073 0.537633327254866 0.663767786512932 0.4442056368186268 0.008660437964199463 0.7645931624610516 0.4700290964260936
0.0978885573011371 0.11317222087914192 0.7824608481077603 0.7164230744437118 0.17677769273990607 0.23056213411116933 0.17159432626019122 0.42473538136551114 0.08355712146032324 0.09557415282744253 0.32471855754907075 0.6744375436163221 0.4127530267444045 0.8956139633578479 0.2806478793389494
0.16033706573809192 0.27580104812848494 0.2626341041487732 0.2858841242465734 0.5389935136798079 0.6872565468440157 0.21090489311754845 0.14149394691843775 0.5443996229491149 0.042695791721724996 0.431345971344405 0.7842706851513308 0.471591082841332 0.12608288602567275 0.6118827535191343
0.2240370753235872 0.7762621261294114 0.2728536698269528 0.7433307225296878 0.9130475762790438 0.21912845424124205 0.2846941148878749 0.6916001867837401 0.858799652014864 0.19569308446985956 0.44296790778652106 0.6695522712920116 0.30816571294831696 0.6352346267738547 0.4999739507095169
0.6256271134925983 0.6286084336358982 0.1272516855609157 0.8406911116112497 0.9814030566138193 0.09134410166619422 0.73926094046056 0.10239462197244731 0.5965359646400265 0.6216700477318405 0.32676095805816874 0.4155043673588116 0.31706549766098546 0.22327361194874729 0.0043372698525596665
0.086252461677505 0.971865827782792 0.706192127280095 0.84629889588304 0.9802335264676135 0.22205549596216234 0.5521943189037226 0.8158998100552574 0.08562857473997387 0.2394720169502268 0.23670587663301812 0.38411403592787285 0.7358684355988906 0.7928543996485677 0.0930025523136071
0.29209586887200667 0.7537310178826554 0.9541669240536699 0.8522467056624909 0.43587152302395415 0.3423418418405014 0.30253557992807534 0.32204401520018444 0.9074726916156207 0.893274442431727 0.19955881792179997 0.2765489616739516 0.8136359082725515 0.007924007496625585 0.43729184819856515
0.5227492789722957 0.6113561269661193 0.9355535713783609 0.3189945306568235 0.28041106060366905 0.3489972136864087 0.31988919162214235 0.022770035337750127 0.4672676232571028 0.3823253334086725 0.6158668559920425 0.9195124515689214 0.21638727803484403 0.8467461292621737 0.7891104274066654
0.3691189392226939 0.9692558776938591 0.4101901318423411 0.9429464821828863 0.4027120738577219 0.7859625686015431 0.6055049126841031 0.3312387749187551 0.6136569098621721 0.09297807732829211 0.34687698782673426 0.8100509005355369 0.5264460598127901 0.9493663539410861 0.07171995463706571
0.1571232771496054 0.690065345250317 0.053872641040664915 0.3176298490775744 0.8453762066741426 0.7512417179024099 0.13818180422608517 0.44342257247860906 0.7951278808231129 0.8030141810601827 0.09574284739272176 0.63393232086719 0.34944270234318453 0.3753572838279442 0.1809068589105607
0.2901640474021756 0.21800160206569208 0.5371259825617997 0.8797272949748403 0.3995571143682841 0.4171127925002931 0.7123800255729217 0.6016230572359158 0.5055311474662663 0.29695814624867756 0.9791844164095481 0.17020627810078792 0.45114936235570624 0.5918963327389977 0.8152720339107095
0.20192853588990367 0.15864865081053747 0.05562125464609735 0.48249380754096893 0.8528004445564423 0.32474972985399597 0.6502000517241209 0.500769906286637 0.08629149533236669 0.06107474635518251 0.4464920840782074 0.9522957450963568 0.5696181505376081 0.1896637874855559 0.3631768425827939
0.6780447294308153 0.540980291015208 0.11549586355748342 0.6225946612155696 0.781148988115836 0.5069072759862641 0.9410838358775426 0.3338316447913563 0.2355286952773844 0.4267264137574688 0.7626270692922069 0.9269559486820651 0.8131791788156486 0.12026850405624057 0.8928694030131741
0.2570396583470491 0.9898143308633415 0.9952766123605221 0.0927242332524425 0.0725766018845273 0.9661042044184224 0.8325854330368877 0.7618926252372831 0.20013363411650853 0.4505327438379054 0.28999059408760886 0.4381142116962635 0.23554864823358035 0.38994197610946935 0.989828666026766
0.8853549647698153 0.7517161088098385 0.4051171250258939 0.5406401314096313 0.5131495862119391 0.03397645825601281 0.29130629473052716 0.6098892690376635 0.8624811540621347 0.13635312730659233 0.5773579022254866 0.2125662565105937 0.41799355912656244 0.6153571136034013 0.8021975345300927
0.7095986012599377 0.06199714022479952 0.6428053729365081 0.8636553769019174 0.6203505433179549 0.07264211592553271 0.32507657871021645 0.5221941200555645 0.24509025834677511 0.6867975696843859 0.963453345298874 0.9008766030359197 0.26615686797864135 0.8975889147467213 0.6786777587543854
0.6129512071313774 0.9506604842478553 0.33720986196950364 0.2925724689704663 0.9697224217448528 0.3128997444035325 0.8075396929417967 0.6105569326299273 0.5739126696682146 0.6112836641679409 0.26426042023415985 0.2811147354330308 0.48751097135108046 0.8523955736471029 0.834582135056277
0.22174439771547938 0.07814269148877517 0.553938471869919 0.7543497368459745 0.195652679613868 0.5942839962974603 0.8786531645153544 0.9472175228342049 0.4994260908198105 0.4971833852901444 0.39290157447045826 0.3367423365281742 0.8791425094373279 0.5861422075292897 0.1264595288925946
0.881660625689078 0.7308620891433645 0.9938444026521197 0.3141647734216114 0.7552779056009336 0.36116210782438574 0.19971574207108667 0.18541743584006765 0.05181380206963926 0.5843582862503541 0.3118308752551534 0.43413195583530473 0.8957099446917653 0.21528040516314362 0.0016763096936772692
0.5495908099133766 0.8543215242930019 0.07994758647470257 0.6411162398131306 0.017752025416688855 0.11007800288788405 0.01121451969026066 0.38719700734474216 0.5129142565860295 0.935112005078869 0.9224368606002886 0.1879656386841334 0.5912441946138718 0.6295199573601123 0.45943051560564485
0.941266053962167 0.0705232398103044 0.23383168387190778 0.919475790171955 0.32851662002776205 0.2345717699971055 0.006930433684161241 0.09584445203189218 0.1667609404334115 0.23616053150109007 0.8725790798226828 0.4573039550364473 0.47482325415525883 0.5888207305185615 0.7808716297231757
0.6042796396960318 0.8331890163522425 0.4358158677558318 0.20534425380194776 0.25683250753657694 0.03226969703700977 0.3636393424244746 0.8021429437711804 0.12433657727938507 0.4500007475657247 0.8877546774653989 0.5945600510425746 0.8827163632746832 0.0772598019014088 0.37989505831672654
0.9144153494463532 0.14233171528109712 0.6183821206482327 0.12909221463197462 0.7311713891356586 0.7280735722436539 0.634088772636756 0.432704906882746 0.9303372682110478 0.8129612734719897 0.2654322122285375 0.09906935492955571 0.5646289045361125 0.44750774808751514 0.6799032885668224
0.5099957921541497 0.09451754673136681 0.8093465205546124 0.014632287548025147 0.4391862462621331 0.15921315524906043 0.061090077728818026 0.2566561315646527 0.15175072254848676 0.4747923272061104 0.04911646643466161 0.1965126175394527 0.9203502899219765 0.04309559599479862 0.20195697538934732
0.3189617525258228 0.985097276795802 0.9731818425609943 0.8941846513911245 0.2534233415513969 0.1571942621234853 0.8665427246893094 0.23017985108731698 0.19675897952907506 0.7203948112921186 0.897943306239773 0.6718757515823199 0.5423156320630264 0.01972138779115362 0.4356694153724183
0.18556285647190152 0.8016871482433555 0.14347617208917318 0.28812639787474237 0.61505876713158 0.7894391830405459 0.40243312422304933 0.4381479034758078 0.8020253686509091 0.9560817004469847 0.8892006917339849 0.43203729850141537 0.5689426984942582 0.7008627029630428 0.26109616103455013
0.4272785801240079 0.05622499291606131 0.4734958515929507 0.03147434592630105 0.2710176797423006 0.06219105266671465 0.4827232032010791 0.0773048484891522 0.8808288005902558 0.9730776736583312 0.8696542764285091 0.7748934553267296 0.6299450253076718 0.5900114947208981 0.2751106212147325
0.16099528494961357 0.40104606476602245 0.6608309551481238 0.832745197536241 0.7831682023643708 0.46586020495051683 0.2068768744664642 0.7534940088386846 0.4510672979079877 0.3722517226120323 0.7983467207024326 0.8319571461797189 0.9294821174087629 0.5761288654880711 0.7765337574595355
0.40159528122867294 0.7242705418772313 0.6424216146036393 0.0472496977829131 0.49316645994596753 0.5039440053206276 0.4575427601927987 0.4769548913257199 0.20961728572813232 0.37251116366977655 0.045159494664581135 0.11159787128249354 0.6206820771405102 0.16328814637126554 0.2577671117786505
0.4078916546601059 0.8017317317439211 0.158734923069627 0.8284701596920343 0.41773120430317345 0.9939537296800921 0.15797959272237594 0.01054076358481082 0.39868307593404295 0.24673400166028103 0.6115433311820759 0.3067377978908682 0.6369547118250807 0.3181495058430064 0.6218802826974408
0.5960345212787688 0.3639771939999432 0.05577045093515265 0.9686989850402475 0.3023163682613089 0.523712413229308 0.957509532822621 0.9596324140568385 0.1177749537709849 0.805021429580302 0.12104483742838124 0.829676221168308 0.19313796304216713 0.791908097315893 0.33038186220274446
0.6169156106211112 0.6375390035089264 0.30417792559668544 0.5994099574925161 0.9274134976485426 0.6327454662649414 0.0020293885265573186 0.09484631737321136 0.7687335560447496 0.4596262501596483 0.11032047357081942 0.9947508383030937 0.6794236497438886 0.25915587000288365 0.6817313385862119
0.5038334961408296 0.7108868749540797 0.40591476644455793 0.16276867847972332 0.9430655714096869 0.42841833176557287 0.958960315601178 0.15253563739207432 0.5586442777721395 0.9897882556265808 0.7731069109466435 0.15141637417779574 0.45415033815028916 0.5326028274903464 0.5030672140217399
0.7853018685300805 0.8397765732377129 0.5557760505328349 0.9135714213368967 0.4607097107997964 0.613794480942315 0.7157975641687057 0.620494743556785 0.6571269106980171 0.1439655396123689 0.4750826692934028 0.6311878473664049 0.09513203801633852 3.9219344453000904E-4 0.3375425347803366
0.8266188778789981 0.8323289327667979 0.30634325979355514 0.9856141270316987 0.8335996796202634 0.9338510428087424 0.319876989076994 0.49334086672062216 0.5722831607260656 0.7401720018029257 0.8366244735707238 0.931696697596706 0.13228241454545941 0.9121847813471236 0.012885081309076063
0.10519773412386835 0.5301766856612058 0.3719876996294982 0.24822430905388448 0.8629472358022858 0.33183294900178095 0.9775430545657845 0.838054125775269 0.4126111127774119 0.08488632584410816 0.2703499386121515 0.2092144142296476 0.33242320011330606 0.9998861946706131 0.9174997909937279
0.6853633309689909 0.5241702246549751 0.3430293965824309 0.5329593945990442 0.8940237580279085 0.17920885796895403 0.559065491835192 0.40765332601861426 0.12342145462932752 0.9399182976833019 0.22987345869994436 0.30389341242514734 0.1647903293041305 0.8305935040077884 0.5923731226491102
0.876930293296045 0.43460870002148255 0.2046356740349552 0.4888488270932779 0.4748780477791019 0.4612698764605079 0.9089984937598555 0.30342663168871453 0.037989771613336165 0.1419790217753104 0.10219960198866684 0.6503606191732283 0.569238376514394 0.5282081023754802 0.6788089752244918
0.3229479915136688 0.18038369349230565 0.28182866921818295 0.051176930914634045 0.2863063471468441 0.03118310190375595 0.35908244991430105 0.118266472698625 0.30291119437145275 0.5741299129710797 0.9258377823403688 0.6118058581616406 0.1167051959322456 0.3930800454039606 0.985119795832583
0.6515790769921258 0.9897549724939428 0.581354065509313 0.7066907565704686 0.26452340188881074 0.7848455792582644 0.04337851417701588 0.9884962554007471 0.8264049270084448 0.7180664590898442 0.32365655040160035 0.3510820499380525 0.8701941004183643 0.3673567953658955 0.567834959571571
0.8686253336049136 0.47186549095792707 0.5161426042398285 0.0028608655010237127 0.4740132903620753 0.47219694742830653 0.9356113972153887 0.8866980464704113 0.6404407817143523 0.1222451442953244 0.2648349864347934 0.22279954268122648 0.13828833429047516 0.3505264137387085 0.7348643146828079
0.6605094806526292 0.293580283312324 0.7415325915239993 0.601084856315841 0.909793906388376 0.9331122610893974 0.4880637677983912 0.7975350530772425 0.6871767811315747 0.991376261525203 0.03396123245537064 0.507554031004647 0.6794839409643115 0.5757004701197141 0.8591751938261762
0.057039236430499574 0.262974337166588 0.13856005820658146 0.875704057318998 0.7797585873415297 0.7476645561474629 0.28980454290211544 0.20079271854784386 0.2785756634282657 0.7301288996567195 0.6965858289653143 0.6528797615299198 0.8121109351669846 0.7327843501683214 0.46506071693347406
0.1761343933288957 0.3732752561932777 0.6836457050534048 0.37548020362852474 0.5410259401801267 0.3942771221064485 0.9477632865059207 0.35106729827963634 0.09121980969948762 0.9121179878331055 0.5600317465787518 0.5811240783802726 0.011196000906721237 0.4592550180492835 0.02878548057965402
0.79009749280669 0.5743372386094396 0.9060241168090198 0.5805721599184075 0.24687298404767832 0.09783573716002836 0.9745802233311628 0.9987232665737281 0.24235363299857238 0.8786188811916184 0.16852620891932124 0.27181606681230797 0.9284217783770135 0.2135960738643411 0.41806549037188234
0.11284898653773912 0.6076691237608806 0.717880022182701 0.8274276118519297 0.03592822369189086 0.7908203973441944 0.5462378902416639 0.5294801675016514 0.0844904558938323 0.5975645535453217 0.7958787451429697 0.8018543473873497 0.4935625729179115 0.36654682312412334 0.3227856329568096
0.2795758049051751 0.5382866443514817 0.6615638397092488 0.43915229119678845 0.3111060340527476 0.5719140214157038 0.21354311714422225 0.47608549769434494 0.24786418554742273 0.7886997424271852 0.7216771152150434 0.993586310653477 0.731712589241415 0.5606047305265384 0.8521215028610488
0.4989246762589057 0.8505540923737474 0.29143962357889086 0.21895612872623982 0.8948732307912682 0.36910261417100254 0.6080611003108909 0.6096459369034102 0.520868125312206 0.11005300759302594 0.36545746074831775 0.22602887265573457 0.5730161307250933 0.9602899648256366 0.381037754474012
0.2518960414621507 0.8929685119226582 0.9074399882812603 0.03316411244021322 0.6295192633770403 0.6010342199810091 0.9739844942116871 0.8599446718967108 0.5300193655612545 0.8155062018228605 0.9093159364660492 0.07653010418693684 0.6362585061975395 0.7480261850381456 0.024533431819401152
0.49263391250277433 0.021978214791088302 0.7939151765188668 0.6104376494904047 0.6567231111000569 0.10719409596456875 0.8467478059347897 0.9660996761928102 0.17930198658838636 0.89739747162384 0.9580512608587572 0.18354180176109502 0.0949392532672858 0.472902825132968 0.6358598613303243
0.48348295241006456 0.8111641290804535 0.4847194149239822 0.5299589271840343 0.07776499781083013 0.6620845939841822 0.23461414504569633 0.9870027464713814 0.24599047545505348 0.3355569972357805 0.7695720427302002 0.9752927670987194 0.5570664575614042 0.4749628471051399 0.3046498573753781
0.17685412792773003 0.9407630340295614 0.570125598762584 0.20325689947103542 0.6235501279476744 0.6200592278479499 0.8466258548664446 0.6901868018533458 0.11432544114807208 0.7519630091269481 0.23875122964661033 0.4502628744377801 0.7922709528849579 0.9926564140361964 0.6885426860037278
0.27424831606836775 0.6830541880006156 0.10223039837879566 0.9518760274976686 0.9537121887437099 0.7003612247661919 0.1349386163655265 0.8122440719787906 0.697831021702918 0.6093475348747924 0.7228130848240275 0.10388104635871498 0.4476444937008085 0.7056961347021385 0.45364871467243717
0.22809800878638464 0.5970732717827211 0.5157341163549287 0.368777905399683 0.9101737195636213 0.7950459311424225 0.6521591892429438 0.16172049160100554 0.7888731154960522 0.6993710011941449 0.07027979091139358 0.7457082139104682 0.05664093858292785 0.7805288625561602 0.3612739656261179
0.47624706659160876 0.77574564405484 0.53234803775149 0.3918239034427454 0.4642948290523915 0.6841242626442284 0.7365687822793474 0.5535839318455835 0.09629556369927439 0.2744067389565674 0.7495862658914638 0.12129222579749621 0.08922601009354392 0.6805732262961629 0.13220465061257813
0.7349373613498281 0.15197423140207034 0.43892605737030255 0.3270224544077258 0.8192427054259197 0.5987832837321052 0.5035332373509256 0.5031087076182537 0.8328332136119087 0.06615832569220204 0.9910278640459861 0.1339179673172377 0.5998004987643276 0.821548757284054 0.005624024923684856
0.35193244304390403 0.6179842131672187 0.02028074364222754 0.5524360319648239 0.6323071783440898 0.16113833754585238 0.6666308683805364 0.985665256663691 0.8978343882564157 0.19625366146344236 0.9655940093116995 0.6579441897122583 0.708831456313044 0.6226585332768089 0.21381416907446626
0.4381052476425644 0.804096502484505 0.10612174473202507 0.3713096960441953 0.5468671559684936 0.8928644152785975 0.8290330033487985 0.9800397443590227 0.7234092384335116 0.26273506512472133 0.8068381478970682 0.15102141763346555 0.08053001385309755 0.46483503591148745 0.03125734835414695
0.9286225559016156 0.13206323190218505 0.06501254093451603 0.5924168196873665 0.4588179268940773 0.3834509580680724 0.20865483625617598 0.10487535662425984 0.03761172240011612 0.5648499929028047 0.5367564416263686 0.21662928918555824 0.29649226785076965 0.05587436443346461 0.8121550948842117
0.7155302710322877 0.493700139123633 0.302053207850839 0.4673918071486999 0.7641527589597209 0.12325343812551004 0.05531005829771485 0.16944080374590376 0.09199873959427285 0.828089768419596 0.0842459687816054 0.4115929799902758 0.5530292781538336 0.9093467387044669 0.5947353282743653
0.08906725688765915 0.3168642095932621 0.5607185939674953 0.9773202866712476 0.9924615714653121 0.10359218342953502 0.32498902179472955 0.655115669237906 0.16194569156709704 0.29498557500184686 0.1692557419243922 0.7444132547370655 0.0851363156677265 0.4590159844757301 0.0060252002175031905
0.9599006743705077 0.7928841040001272 0.8099174122445228 0.4492709033035799 0.6973866484500393 0.009741553589555751 0.39264623215575967 0.08771211728890238 0.5091512762592599 0.6496696637226907 0.3284383069793263 0.5819842850600297 0.25051591825265307 0.11258006544372712 0.2872652256337226
0.44803622259145826 0.020954615274629163 0.03359884135076541 0.4633432120593667 0.4760034253896763 0.6490448774271208 0.36447697133445767 0.7214500592967614 0.35197099612526783 0.8777826532733723 0.925361517259143 0.25465625739732567 0.19945307836443493 0.595262495592534 0.855180753591599
0.04817930539915494 0.43808085681454667 0.42545101202229374 0.7101854169305797 0.6794202275650255 0.5689042724420061 0.7447576904941029 0.3127275323163343 0.5008443638584522 0.23887714768122315 0.7223340575285337 0.8361469244289896 0.050218911784298825 0.2115092471612634 0.2955088191356542
0.026675116841122448 0.6118219315916847 0.676333179530496 0.08649268732103677 0.9095548060127967 0.21258871350461694 0.6667478137687305 0.14246378327029707 0.8041128081891018 0.9787635706678247 0.22396390310825265 0.038370745011336416 0.9813127686822449 0.7014754932557098 0.3441921197584277
0.3202670256173279 0.8373534975875929 0.6637591629406555 0.6768770351130754 0.48671691405908013 0.028167512336653933 0.2668932331363111 0.4036955344339489 0.7067900098231203 0.612213909461042 0.7605297908539652 0.7212013644849274 0.2553875754861743 0.8827479395650967 0.42894057858364765
0.8744121511873081 0.21012082723471837 0.235789690420235 0.9148068395338114 0.7442990271003413 0.29868747401439033 0.11630247231913093 0.9723314509040363 0.5790531525946394 0.911669843878846 0.8126312746295127 0.8330533739498279 0.5771674976479444 0.2029041467568934 0.6280401320404806
0.5405962108922998 0.67978615404368 0.8880470679679545 0.7482268470892055 0.06468402746677782 0.11043785584614574 0.8216925342554381 0.9449819972161712 0.7401093509535286 0.9121839284553134 0.6843679501603439 0.10869880460159687 0.5929396120305161 0.9753755600645566 0.1429658546535627
0.48622910471594905 0.41410012899967463 0.823628694869324 0.6616434831604949 0.4156197453849886 0.01957290237640219 0.7312897565197483 0.7349491235446247 0.2955531183118447 0.9968025164152752 0.5825782020932913 0.6909111415232944 0.5048542902466308 0.3785016182398123 0.2507577072842052
0.3690514971425558 0.9962160468015475 0.10790025496660405 0.17509987214115807 0.9167627443151273 0.3283332207645069 0.863584855791116 0.24407028332269276 0.6672136946543101 0.9719251488709368 0.7974238792362858 0.05507928681446628 0.5629255356263595 0.8276658574091245 0.005679521265987253
0.11430496423386527 0.871386878667559 0.02782934437034057 0.10125543240244606 0.5645092299987312 0.0025527667538602916 0.25849703639543176 0.08413266783612794 0.584432432472365 0.08279897376112344 0.035463455404380895 0.8173974860752737 0.6902655168738819 0.5658799632893777 0.5945150477802684
0.8078660130197923 0.7878632707844634 0.568664913910408 0.31554636594197816 0.6631624676815501 0.9737759641722715 0.8079032130864842 0.8900167073309524 0.5512092305811843 0.7638407388737857 0.9839970447644869 0.7625395202039235 0.22343867514202076 0.639988561319831 0.20873560618783737
0.7299357533170603 0.679637854633863 0.5490859517656561 0.6061717168816881 0.9648717665782013 0.3501893027071338 0.26204538285838463 0.5292982595430232 0.14624086741087172 0.7505722632373549 0.3071019201743427 0.9299086908810992 0.8247372131896342 0.9233404479140856 0.5280680561155414
0.29500193093885674 0.629609637508405 0.6243939740828843 0.1865423059551622 0.22031912982651902 0.4313718262025489 0.13321465449869574 0.9264616150928238 0.13007569222530768 0.11528464989780729 0.7708354289847736 0.8500515839137227 0.8716790009659562 0.19171542953245346 0.6946660878849235
0.4161423980762553 0.9151988078199612 0.07201779761902649 0.30589958172981213 0.8649825301094883 0.6695834758786827 0.472365157420393 0.6530736373152264 0.3980966038732324 0.9910921172108258 0.07300949163042858 0.5444655777598555 0.3973973181440118 0.30413924801049064 0.2567267279733281
0.6923480784974768 0.5546757825780889 0.8807250003851714 0.4777485263501612 0.10373659437079341 0.9007588066726936 0.731850483309033 0.5712696412782693 0.10510982179963357 0.3730352126685079 0.2527945601803402 0.10365914462689474 0.8426864055746304 0.7407178153426722 0.23385492805912167
0.6847925882371246 0.8351931488998882 0.4191216564020258 0.0991327205045992 0.01646150819315939 0.17266044973517303 0.9474028308346747 0.2681664782257336 0.33460556861076374 0.25263347037406225 0.6786167656897492 0.3486981649966232 0.8181518131821051 0.5242882099932296 0.5366185586096212
0.4635801458087293 0.48353450523035857 0.5712937082936522 0.5312421759311118 0.39080859900483833 0.061508145002190706 0.005862812251685057 0.09135927775007258 0.35289597238619463 0.36165508383250056 0.06928606064481557 0.17483273135014776 0.23027034141160074 0.6700287070314067 0.5383439727335225
0.5450434815525429 0.6931181308242159 0.7966616725313789 0.5223454826096935 0.5655840655816224 0.24706085584331372 0.49220816724824457 0.002141011996439013 0.3578758134148273 0.4702852363387747 0.08677786412000799 0.5103110148604932 0.19088066067253007 0.7832209670211324 0.36905879451392154
0.1808316576351957 0.527742996741206 0.9365882494486052 0.9201147112806233 0.5068713460617903 0.24111076470949477 0.029612647464846487 0.34378247880036394 0.5369733153024455 0.12704922451728995 0.2774323719843107 0.09438302653288033 0.9127307173797315 0.9968744178974525 0.9351989042377487
0.8924997333837495 0.10516277614833769 0.30689831077439955 0.75609892381181 0.040865794648235365 0.44235151894069613 0.4979906916286684 0.11150177760495084 0.3049423171904967 0.03750070503351821 0.9600277492202745 0.4336635194790244 0.40655731522830085 0.5244297679944823 0.8107106213354659
0.9548948695342483 0.5940151804347277 0.5866172277931099 0.48390189929961813 0.8118270614350981 0.19837486240523527 0.6262598261751567 0.45954182590701376 0.4593865852753456 0.5631345878009345 0.5614147607406178 0.33536979513856746 0.9963152953363557 0.24334951661486093 0.6621444487570881
0.8400913317164495 0.442550349484352 0.9102481744649356 0.540684348535279 0.31829431334884795 0.22850367505629077 0.9687021863685686 0.8960064562440754 0.6793325418846208 0.15725809188807038 0.49744343902956434 0.3797518845697989 0.7955587539392516 0.8829234989806235 0.7557111247974173
0.9983585160698634 0.8597030252889182 0.5118730478881498 0.1650509427582405 0.7953102341328366 0.2668571307259423 0.2783056703239515 0.3712772494671268 0.16778676595441278 0.17343876046967344 0.3715584596722674 0.7191482199939638 0.06359374626188796 0.0036742627421295637 0.8998181846100632
0.23109332436821417 0.4771051913773108 0.8235518442187242 0.663358230682993 0.9713709448183634 0.11705127139847826 0.6828622685124195 0.8801539578227574 0.49832366275726037 0.8543364067563014 0.7378571584415905 0.25770560492143835 0.959937455695891 0.5746739248921521 0.21021942803251192
0.8371247481919523 0.27170004467510755 0.3586754324173591 0.012454938022635198 0.849016646642664 0.7307929372886302 0.49113397423549343 0.1754775598341396 0.4154178223748285 0.36694058977436017 0.6615927055401493 0.05107483014220293 0.30802410763220645 0.30777933883506914 0.8598909187133118
0.6301046453857174 0.1301714691740794 0.4453975251511504 0.8932323732729154 0.21668827601640162 0.22850849487360125 0.7307376188509526 0.15542110209532112 0.12932837882201975 0.36002549746295065 0.4938402237350916 0.2642623222674767 0.06179509608116318 0.6410823355781982 0.2904482539845271
0.4497272474304157 0.22978735190161437 0.5873032461422363 0.9092798478131523 0.1233321492905659 0.45379058060002475 0.11668375948314713 0.3393163261128166 0.8882838596910971 0.8842157831533668 0.232981026732078 0.6927415783606018 0.3602951173802583 0.16181957021429694 0.7324359690835592
0.3067076843047838 0.5605749821837038 0.4245682552415857 0.6841015487754736 0.5058909957227599 0.31535083119494633 0.721523478237772 0.6225286506494946 0.7978419667467934 0.050380543045641546 0.07499070478724967 0.36128733061272955 0.5944206146724421 0.6042642513405136 0.6440865529501214
0.08677754651649339 0.9051492996312 0.2009673977656552 0.18604370399179126 0.92401057864854 0.8321029680234803 0.519817788773746 0.2859879649904894 0.47951851717178473 0.1109963314436031 0.8803413711035656 0.6315845539723611 0.961275574923826 0.3894164429908853 0.9196525535530484
0.9458654891142088 0.3514923955812751 0.410688352594369 0.7817168439297676 0.05971428130911327 0.7653698847506665 0.7806501378181618 0.7606550296479285 0.00489723875427317 0.567376746212615 0.534653479204928 0.5443594805557557 0.9391958416465955 0.036340759498582065 0.29339392051060165
0.6900452128254115 0.177107915554491 0.3716208386500255 0.39871521141019006 0.729959081660229 0.5927497634108176 0.6148529047294696 0.05432003915144812 0.3533230570195548 0.18600544372008565 0.6252401494218586 0.16135960575790842 0.43968828504191204 0.6586334088242123 0.5910836087898396
0.2351624581891818 0.32922860310055224 0.43395450350673215 0.6862265603755437 0.5169033199122711 0.6071036001147424 0.671910241742253 0.3873120800604888 0.1528002329199155 0.8518728962199184 0.4806930646617936 0.6562304554621836 0.10346889590241948 0.2520449975654637 0.7068154508572977
0.6618585632891656 0.26735107420140547 0.7301954009243699 0.3973983521823612 0.9661712493439019 0.1546732644516916 0.23069032402243528 0.27162353548245977 0.13203001615113463 0.3321814826778946 0.12490426770625196 0.31270824834631195 0.5234320802996276 0.7739359185846754 0.2669205470888607
0.8974252082894563 0.6637282368381653 0.19973961200287327 0.09305598719757635 0.7171046006338924 0.8932955510197076 0.46031310412632065 0.3001526146793084 0.1122187379254953 0.22537694814936748 0.03711715838258811 0.060430152376165336 0.34206458105707394 0.23727618270980622 0.7647639313978091
0.4347955093296313 0.7417227357058647 0.5538239151489144 0.9552464284768039 0.6318561108601293 0.6803862759415436 0.9810062351264847 0.2057550164937535 0.02648637827670708 0.7283162767170858 0.6298744603030444 0.30563897983719435 0.39964747352833185 0.46409503165818655 0.43433095284569234
0.8231097278087792 0.6902625062426213 0.909512785832589 0.31111250531544565 0.14857205297509668 0.6603006729472031 0.6663363702704757 0.83626952530811 0.9990081917126412 0.26582558703661996 0.44737383974609335 0.7196655110239971 0.6466288837651976 0.1996141562397441 0.8436621570568166
0.5474980817129026 0.4250446024285095 0.025054724011127738 0.8502691739636181 0.23256952653435492 0.3874993462448839 0.5563839662928276 0.8851160648422624 0.3630108220393031 0.3442478335513819 0.6569239225811623 0.7783890235075667 0.1723905624911657 0.8899471709780213 0.4248324076973482
0.48452453281090613 0.16761565742164952 0.4469716205897757 0.8149808401195691 0.07441533214296725 0.5457585220141383 0.7968497345574753 0.10592591639577531 0.9023994957013659 0.40692061761949294 0.049560691947267976 0.262542697998436 0.7107577577136396 0.4274701053654304 0.5092170155924267
0.16773813652766711 0.8338594461351194 0.09646710823574911 0.43469902086948675 0.9007658752199548 0.5947609562443041 0.8378166611052613 0.2650957649088589 0.7250148375377596 0.4489744577795881 0.34166659579948244 0.4823464640144163 0.21474508095650802 0.4232892735620791 0.2107934370551109
0.9172650904284999 0.9980967122900919 0.9219419779648922 0.5911965127936503 0.9701700113256805 0.9227987223007934 0.028095140828870768 0.8008465391015414 0.9136299440388503 0.06135623476736651 0.01549947194158996 0.09651211720658559 0.17237587561376577 0.8640965061067993 0.9033773101886776
0.6258135221687801 0.234218465050419 0.9413050576832588 0.5369799897908435 0.30013013594045457 0.6358487731847188 0.409785570847476 0.8569355323951224 0.7937142864715511 0.2886897197078643 0.47452797212468467 0.7324172075609029 0.1253407999955929 0.2625046015695355 0.9327714034367525
0.9763274177424593 0.3110482257280328 0.028257828604065005 0.5855998275953521 0.935105812475675 0.39000421252266726 0.07676263472578093 0.121309814590004 0.3514340300113058 0.7202539502671419 0.7759388799027859 0.8951416059409589 0.03502398495494463 0.8170875011993733 0.30704373233729965
0.17156613081307082 0.24484061785402078 0.16398788188731073 0.5290268660881238 0.8181719059663332 0.5855237504344659 0.3645989567939387 0.6602006016271673 0.14429803305612632 0.6514383106246592 0.723878035950376 0.7377049601900115 0.5629100694777802 0.6136956631528487 0.8475753933053035
0.9177863922429083 0.02081808836378629 0.4386533246394577 0.13140893739045834 0.8136980190266772 0.6901872130115129 0.4508141536870043 0.074778909190505 0.23306808731222317 0.2433923673048537 0.5087100209628415 0.1985943810022227 0.8728731733057203 0.14362146303665513 0.14926963732462262
0.9727594564324941 0.7576905614463172 0.7752312903706394 0.6743335187892989 0.5660939007320116 0.46569426546483306 0.9107136067396315 0.3023936181978998 0.41993938950832854 0.4768978954489457 0.965229073773511 0.189298987827079 0.616429293257793 0.29943642139911963 0.7250192848150787
0.3335832513454391 0.7633760955371666 0.38221813888323064 0.752607925285191 0.12523303318141332 0.6499576342761204 0.2060674333774576 0.4695542587450563 0.5711313815597019 0.2408593321534218 0.36051747695501624 0.9966232785900699 0.036073796954317006 0.6712567826047583 0.8597015473908585
0.19158872252950243 0.6751683945270653 0.7809990391083762 0.4283304622513937 0.9664863583540859 0.6015962703928588 0.38357978816742977 0.9975325632032686 0.8889870646898403 0.23312210028354008 0.9039603172008386 0.19037233484838811 0.2766601484176008 0.19140843497457238 0.2390342958268865
0.14815193720531694 0.47824934108132355 0.5901021558565549 0.6955014970023363 0.6511397113468288 0.8026853458854666 0.5408251062415107 0.6421435175949506 0.12115856537345127 0.6044104843564173 0.2306147330258035 0.07697180471291354 0.7585058824172327 0.3626921276535525 0.9800253744430971
0.654444470304957 0.7619662717110965 0.20295389059441316 0.2780141690415574 0.843924599767088 0.30821697706097884 0.19975440900247465 0.9079000017092135 0.7977804312548561 0.7257151951865379 0.9738953716866724 0.9280977905211799 0.1960027585812647 0.08819533002615298 0.5502424878530234
0.451994915682839 0.8039432120488581 0.27419362953538606 0.17819355519914892 0.8832497468419918 0.7307520524022888 0.3915561988266322 0.8333305829506774 0.5059573754005182 0.4083218827709123 0.3496761587650359 0.4166434877113898 0.10354078085870233 0.12401932461643306 0.27724399543943234
0.24681525643124635 0.58589056937036 0.5352141204126096 0.4295847395865282 0.30140918807753714 0.4411895124932391 0.9695909951035397 0.20719461871314426 0.8044013109914192 0.19702330359223308 0.47245637410454533 0.9158785959629641 0.18035173524517567 0.9747919320571867 0.5007289279636067
0.9389297172863564 0.09961111486335561 0.6521009045483093 0.8830290732277953 0.06307956954930138 0.32430900215599934 0.10972522274705343 0.1662592125522825 0.8024893870925018 0.3314736691456155 0.5329033914115923 0.7512932870213808 0.698838768860944 0.23748312117523995 0.7611321099836781
0.28387057377759384 0.7406096324389263 0.37714984007614283 0.23629757149180453 0.6115149798059855 0.24095110879188486 0.0010924556755057546 0.18589193899237944 0.2432785054867519 0.7410504316349443 0.9466497653257938 0.29622886729710973 0.6563329351636769 0.76472387389246 0.8104436193295891
0.27998502847244977 0.9819113288053026 0.5399811906420948 0.10479884944754425 0.4230595217804656 0.5728270072839545 0.12460539783857283 0.11558038479311639 0.40765619627879157 0.7057744257196586 0.7253294778754286 0.695608499120899 0.45165904230314613 0.2038426014525231 0.38398035758089655
0.025665462915853365 0.07878377399629832 0.07814908073327487 0.6189993393412989 0.45420796117257156 0.6396535671371312 0.3822277960239553 0.05703782675997704 0.8872513608631909 0.04086069923377589 0.34878202442531614 0.5668655566270667 0.8414934065623796 0.007239933082517025 0.5356392388226388
0.9166182366984554 0.19659671006855473 0.6019933841198144 0.1462217168613048 0.5154500053671596 0.8866505115567137 0.6599711354722263 0.9095731930602707 0.37194569503013986 0.2561842947500069 0.25132513509192256 0.9059582171932379 0.004186469250314073 0.5727069102465214 0.28591910070120163
0.506277992374164 0.6701518177277225 0.23559688133914036 0.8932899491212055 0.15702222291324464 0.9521798958290904 0.5502706280711377 0.2686212762878464 0.08720395969966177 0.4254970999057809 0.5469073701281747 0.26210323049589757 0.1397000282407277 0.8683667844726121 0.21461077364735126
0.10721692135199412 0.836647280548924 0.23019662936136953 0.6947390938118759 0.3328956630879658 0.4770203352843454 0.3639824319533004 0.43123685933536116 0.08517993779329802 0.5342439524646092 0.3507557882492299 0.01115313440749377 0.7958961042232601 0.8726693172814904 0.09624183776726569
0.4451327521695315 0.3790537897781935 0.33397001064806886 0.7637225754905731 0.9355181777555361 0.910070398181099 0.05799026243739591 0.5221399872285438 0.7588018863559166 0.048595463578034126 0.49730447190554605 0.03476263489671705 0.7495198739421217 0.3026217891792532 0.4607236835764592
0.09127815797464756 0.014279522897631458 0.599733978113653 0.6782110106474795 0.7949633310338898 0.9274652899009552 0.5307594071871209 0.3181447809214636 0.7566223628043929 0.1642686950006167 0.06175043550185122 0.6075948314361457 0.8182730844703497 0.5120392660734748 0.4721411546235681
0.2072536440243855 0.9321000454942477 0.4675559004923563 0.7700853231247411 0.27489075926732365 0.9539821072664603 0.1756685688590197 0.8603971469072643 0.21467544524291649 0.2759415820984187 0.09386282972881077 0.29617958713086945 0.9544391536422432 0.4181510260203509 0.8776502260504738
0.5321399231572763 0.2189259437311637 0.9286724883120842 0.3732903019808298 0.2157555390663375 0.6743053770428599 0.19789346627457527 0.2772002424610378 0.20186767686929896 0.00769918726020824 0.08466284815008895 0.9755109446444697 0.6569441378965811 0.9751995803289091 0.5724187950237574
0.31257904568468253 0.8311669985367676 0.20283336413633557 0.026140155093151374 0.5538663784845456 0.819664507951355 0.05715281134126471 0.004741549614052376 0.6064497772395504 0.9086209404579743 0.21561107413442793 0.9985717158754461 0.6395256891250022 0.9076622872076483 0.6616055610295444
0.9079634592017679 0.607625771586275 0.20682911176527385 0.7050504848043946 0.5563229198243268 0.8208610001495007 0.16461291231223285 0.28656537178667363 0.040034534907910535 0.6293634500291966 0.8329456064669165 0.26184330679200174 0.2574976952894028 0.49319669705780345 0.9556959951743189
0.5824893913403542 0.5308994254086458 0.19435684533257314 0.6391415395928207 0.29059600237791583 0.8368673294118643 0.714088408013998 0.08604721790498426 0.026548370224278584 0.7959352384269535 0.3465900958184721 0.3093978824761152 0.31303057065825335 0.23579387591372292 0.9492879404548576
0.7974939828902364 0.2229281575423896 0.8395871813276605 0.8402039832174136 0.6890353052065367 0.16480092868967877 0.11805452832353824 0.7445506892763074 0.13498077538779985 0.4268251408949626 0.7031080797201009 0.36553303930296255 0.17338688865086538 0.8085814629903442 0.7504729970537812
0.6084412909832022 0.6240910193268678 0.1397917522350337 0.06030834333742219 0.2224692136249562 0.22202040662590672 0.7360834801470673 0.37726440930743854 0.6412944194999964 0.45107115273291465 0.8740882694571177 0.21522225183227417 0.10130844110804826 0.31491594376165244 0.1816564512950074
0.46699965847029734 0.6954862968618332 0.5867634277853253 0.43369729625705555 0.005597047801511379 0.881236407304061 0.9170054825849014 0.6201298015719785 0.4610958635275475 0.10217368782376512 0.5458538250316101 0.30965700850390565 0.3661111194615787 0.6066097532072788 0.26748042652665516
0.27155171463056416 0.9027387385012702 0.24965633158724432 0.7228408640596454 0.03736963161910778 0.5552273654064397 0.051188816255497205 0.06027358062485422 0.5854812174002354 0.07514351009570786 0.5485191848008208 0.4961321248348014 0.6135410807416359 0.2995879866168142 0.5304784548997684
0.33212159387867546 0.92748957559838 0.5280602804044326 0.5687107792114757 0.5416742992563001 0.320408310130761 0.35985719303335617 0.872332911804623 0.1246142285637647 0.940527615359733 0.1214304952180495 0.3837137179462419 0.04752326676469876 0.5549105494542964 0.27191785379570166
0.7059810767971946 0.7366368404442336 0.30381487482324787 0.4651003328301657 0.40696377026272856 0.7707603339298104 0.5104605487308524 0.26732830278853503 0.4796285889147669 0.6336118614960905 0.8619071041883476 0.8834975919238742 0.2556738495185249 0.1281608561794707 0.808972151135008
0.6269457532796966 0.8667924904686571 0.3299462129703161 0.3465979808266947 0.2841781989102896 0.427218835009199 0.762021701973431 0.43080062090772553 0.9716225407420634 0.4715255057733072 0.8110902839480634 0.1643119230398683 0.5591485929264165 0.8232378726021545 0.2725534423066587
0.5402516656013097 0.2438810888506786 0.992685322182367 0.31161503813774194 0.9716435933776033 0.39787010141331003 0.40661004776083653 0.058244001517808286 0.05431554264833194 0.3844744957496954 0.2574057449149686 0.5157135471681387 0.011700639830854676 0.640851929560256 0.5264599839301629
0.4555994511214667 0.05228270357388343 0.9577383152056481 0.7839257664156463 0.49653289472914774 0.4339061375322727 0.5527386455679328 0.6963493269328975 0.6196687645963224 0.3738967623435493 0.22964025837826052 0.7839326394201396 0.9607430701892251 0.06991646716506417 0.6437984944436396
0.8608107056007439 0.8367583266065736 0.00370162114607675 0.4524338751130419 0.7645755830664022 0.6147488332940441 0.38831133858198674 0.9187190108774191 0.43538001753116784 0.21074270911491777 0.0892383687397783 0.35982244129798313 0.14030592065040726 0.7189509078051477 0.600712001309257
0.6816157945255829 0.655283637644308 0.9143779027452101 0.6907488070133816 0.12653940176124656 0.5147003305201407 0.14646279115687721 0.1419838959517007 0.27616111941614274 0.017936659201303273 0.44702324018165174 0.6100413922537237 0.29625152819693445 0.5424231055649186 0.5126893517258577
0.9971800787465711 0.3897382631543983 0.854408325374141 0.5901781031050475 0.8961761114948721 0.43169108944176626 0.5314839016277425 0.1921733890326126 0.597881591325976 0.8005281158844755 0.31501111120564385 0.0022402082465375894 0.8756244306183593 0.49092333515078346 0.19594711616699179
0.2891167531526807 0.26059102597895223 0.6964339472344856 0.30416948738982674 0.6438907817483827 0.8045605589076318 0.18365538902923217 0.21924922103297195 0.8779817739737132 0.38983557023184034 0.9447510923667751 0.1497247884583417 0.47551397620574887 0.4909404423978818 0.811492934625132
0.5382801683338772 0.08057966363115154 0.9186359076978642 0.9414872639975824 0.04183240306775571 0.11805583212849224 0.48402436564591256 0.3460509314007103 0.5083853050153948 0.7960519184304442 0.708996849232638 0.9192401248477019 0.5266073438949286 0.41872963900799154 0.6789999095373332
0.7488245727238583 0.3594438629744452 0.15015104831227577 0.885076361919149 0.8425382073680825 0.5896747352102046 0.11297366082969917 0.4343610777005097 0.7867267011460465 0.6031804677818668 0.9802269656425732 0.32168907108461187 0.26955145012350945 0.11478134269090778 0.024067582027559542
0.5497001379788893 0.8471980937735293 0.3018656210758299 0.9223250112064724 0.7608003887826854 0.8090776388439755 0.7526242886640843 0.4918138100843197 0.7015681479933195 0.5067965127233147 0.35856183066878644 0.9168021205513643 0.27866763451608767 0.05171099917514732 0.4850534275182694
0.9716901919395572 0.1850608379058487 0.85717135815382 0.2390712316710326 0.19886745873549283 0.07628451769993949 0.10409901307069425 0.41980335310986894 0.9958798259240331 0.058785558646307745 0.8423295580913689 0.7857411417056916 0.09045337842670986 0.8157848633531333 0.10519410073866065
0.6009116097614806 0.9375849212629669 0.04086605066954707 0.1110992270686475 0.03328381820128723 0.1598233348816661 0.9754623006953436 0.35340605382013046 0.8699790414248405 0.2700303496139377 0.7536408681644987 0.1386974505025923 0.18676664476987992 0.5653228884215241 0.946061639674787
0.923561511535079 0.06342881335282047 0.2615635501093674 0.1647121318265512 0.6213083319470551 0.17192890289822405 0.6496798691409267 0.8409988562700207 0.902576998773011 0.08092003340257825 0.2982566633372864 0.3220003780591807 0.39757736957507483 0.4179814826197915 0.10126033365520903
0.24316509121592278 0.6227515570929583 0.6100726786776401 0.2754176823902076 0.7304622000680691 0.4009286939068738 0.7830457852526669 0.24868614275342682 0.36097185866862724 0.5215850033226987 0.5426594938606988 0.7494161760408455 0.9681266349781663 0.39661141940292344 0.7823880750136093
0.305220707805802 0.3162927427996839 0.5070287631431829 0.36742169360477395 0.791230543537859 0.38910665716080184 0.507380993737683 0.5296052420206471 0.6293289806623179 0.5369586968778314 0.9570746214440331 0.07466427689555222 0.7331224082344178 0.01124211188091273 0.7817223710680637
0.05091891149733152 0.3178181529346802 0.4764626475117475 0.7325884485948111 0.3577874355752635 0.2498449530805794 0.9360300843730429 0.3085205876384193 0.8827332730951494 0.6979649680350206 0.1335298257081683 0.8322946840021762 0.14691033432748934 0.4657910659625988 0.8984992545230198
0.6320856330913365 0.11261361730128605 0.5350363130292359 0.09421008621228633 0.5688178239843418 0.759743185519716 0.029487658335899725 0.7946842993191875 0.47143738209054376 0.27384136263016934 0.021608881919630507 0.06914845052030427 0.3946875223473997 0.20486444009540927 0.34684253922489316
0.28435663247978227 0.9977572486572155 0.7537020911794103 0.8650946742723026 0.14869018718511673 0.7572131409129894 0.42255868263629937 0.4145497982544383 0.8166677445860048 0.1739122756719207 0.625662756228181 0.03987809845220147 0.24847644873816233 0.6111342317220076 0.49837211884187727
0.9450604150622579 0.6763614256767959 0.9099585380103349 0.06559411007206717 0.020471286919101495 0.46818709922338186 0.46795322774809345 0.13454128079969274 0.7245236836786555 0.8982110218761594 0.03852959411670531 0.7621951490717874 0.562093594013098 0.33608655050064973 0.11085632465668427
0.9144518308428775 0.3951064746966496 0.14733816447123227 0.36401658881170307 0.9817750355139493 0.3450817868253231 0.16202921896287248 0.3541292253241468 0.14528317132486745 0.10309582696132469 0.9130688324393028 0.28944595820549446 0.19754953913039364 0.0495369368353874 0.9715806666932804
0.4759735731905901 0.31399543563394394 0.7041917649416444 0.613983656228554 0.7749612873585974 0.44360776334810215 0.6766145154606679 0.7439106736286591 0.20363057479750724 0.4418149775595024 0.46739616878965395 0.4618179587122839 0.631815308814258 0.803705387002934 0.18286364904488206
0.9261146102288494 0.37971809206927065 0.8723747778704734 0.46890403445677153 0.18186831446150986 0.40577846598504685 0.695041103010581 0.7440220438816494 0.4466192007560693 0.6886871905995676 0.2786656244474852 0.11740364377609147 0.9375616820492527 0.35387021578192035 0.8571719110332996
0.2146727528673179 0.7003290243126475 0.07230475977792539 0.9239548201053189 0.5021914081856931 0.056843436045992735 0.2683193380062566 0.2062241319003254 0.6001688398933401 0.22817008960988006 0.7130680643575439 0.4618283117001478 0.5055080028594264 0.408040375771334 0.1516594184425305
0.9645557933699478 0.6072326276625379 0.06368646553814916 0.714457820947844 0.8105126444808259 0.8705021286148737 0.5228551641212394 0.9968660786459415 0.7260271134301183 0.5896352199610905 0.9693465344790171 0.8569358601986246 0.886632896049037 0.6662276317458666 0.8141483554922597
0.17644164997608136 0.3670350212982134 0.4553630809281336 0.03521485788001244 0.058593677586592174 0.23356298643698636 0.8410808779428041 0.4861642500552815 0.1943539617285026 0.9634682858546344 0.35167756352047974 0.36264613907643684 0.4193580602310292 0.8295244218099034 0.8060840582940856
0.9848569047635716 0.8047355891157885 0.1237390352086718 0.1944737152289313 0.8056572058256821 0.9776601299022655 0.6105899204560982 0.2394211074650685 0.08597239678660973 0.7512492698250849 0.3980473786923464 0.3583447971360796 0.9926336987040638 0.5584740567049445 0.49374795622009826
0.5536322771263117 0.9685437219085544 0.6310263191914378 0.674035101245172 0.09375843459013 0.10102733567759636 0.34163158243407454 0.9351847350968363 0.716873620044421 0.8714546396496677 0.6370839240772487 0.7189848509129079 0.4877510665526432 0.10770020802871683 0.02931871984456258
0.308939632691832 0.3696476737764205 0.18072843786761295 0.18312773571525687 0.27872088628079295 0.03454635112441251 0.4875722387207041 0.7416607593816436 0.6410902729892137 0.4284115621280581 0.045198174466110186 0.6646460364861356 0.3933678269160723 0.13250464879278434 0.5832282062277354
0.019302076272770474 0.4846239541353571 0.61746890017452 0.8682145105288952 0.8602014464026939 0.840123421486243 0.07380878641922417 0.11814041275826415 0.5618865640545743 0.9701511471945683 0.620551475134803 0.27304726782337274 0.7268268987571859 0.8632019777935072 0.3432932756645001
0.5761633030421118 0.5813454035022974 0.31761745320962553 0.793497260261571 0.3896372794773253 0.593431709142689 0.6011041788192155 0.2928226731580249 0.4199564329839247 0.8988981345963388 0.344170616241536 0.6294307414883269 0.5603544358050715 0.006124146930088781 0.8713699364693693
0.5076254886989271 0.3709918484842275 0.16467334561254598 0.7533383593231303 0.41785212144630623 0.8124183674265625 0.7293568475016905 0.22297044669921962 0.43099008130403227 0.22380204276272664 0.8288552524446933 0.24067348453866166 0.7890412241307315 0.6946379880307788 0.6568011390468688
0.4164955836179709 0.06372837569561918 0.9171251261798022 0.7432624449928806 0.701022771573832 0.08518280638986409 0.32612619736588433 0.635856719078325 0.742292967614981 0.8048141147156143 0.8346030863181957 0.5222649321652604 0.07257522932932114 0.7496191516705576 0.7546457358394988
0.4597027023202982 0.8367149568671738 0.7496015175119919 0.5576895413528361 0.041945918789018544 0.6028468980439153 0.1756364957315577 0.972242915994642 0.5307965868860072 0.9066298153126707 0.012030902521851017 0.5434231550434544 0.7064142895158265 0.5717574659476663 0.706191241714637
0.18582493167206826 0.9497270039334795 0.5223532095928077 0.8872272270533224 0.4497231685319918 0.3601745384914923 0.7569557414289864 0.7259825366365533 0.19033746267396157 0.03332704358620253 0.3891565190155445 0.9208980205343913 0.080863016113778 0.9754596504884518 0.1765496992215264
0.0372771294390164 0.9421985067077093 0.51595373173511 0.7575078502721105 0.2019369389022706 0.1757785323185469 0.4934340224481164 0.8943977467139704 0.9608930007032644 0.6806448807532439 0.9378404877612424 0.382202442125571 0.4446390074194775 0.5118667249208477 0.4481719385822963
0.9231171598565919 0.8537479598379188 0.19464752479834546 0.9744285177752041 0.19053825494560972 0.6769339954570847 0.0469316882711438 0.2523183676057532 0.5099660143927406 0.9843793794717518 0.08305193832668523 0.7105834891250181 0.06969340795646972 0.6010441916969768 0.07193365391889928
0.27333818384496766 0.34075506107800513 0.9578413597175823 0.10559994955823016 0.11360362703301519 0.4334614155345421 0.9429725539070052 0.5971974474451415 0.07925970907724322 0.4469454906356082 0.13138566340229096 0.9724890211669165 0.20892572067438953 0.4785005948498997 0.35722782211583615
0.44473689236818226 0.4828195485631651 0.8510890594625229 0.7123324988623301 0.1701255532455339 0.7124349038865767 0.29025394636555446 0.703192740704741 0.7693509159499253 0.26291422324576286 0.23576667829705955 0.4795375733561069 0.6707281413735695 0.1232849585924064 0.2086956187184137
0.7595413896472549 0.9811480095251518 0.6922653257102338 0.17118186780718525 0.3198615309455187 0.6234371984038878 0.5311348794663142 0.11406032655094134 0.6931122398005307 0.2921552675677881 0.250204364979252 0.6865652503655506 0.021048086139308975 0.37458733740825123 0.6417083659701813
0.542711914773884 0.8486431187438305 0.35966790560790873 0.14948330503140117 0.22054626590365078 0.012417183217362071 0.4147982761970468 0.7745822261572431 0.7933074005761646 0.6757738899546945 0.7489959058965727 0.5560174166031702 0.23564837796864102 0.9947792168571208 0.10054124944908871
0.8371100826991553 0.43341248549662936 0.8597239333384833 0.18826392190024233 0.6304664099091498 0.03206423354671617 0.6509767706411166 0.24783639829422055 0.5283874772933667 0.8667251892487157 0.9720496711082888 0.8379205317283409 0.7705601921693871 0.5458667373027698 0.8784600357266661
0.9457380116258772 0.2771649799727246 0.8710635454586612 0.2078894281965833 0.04761332175298516 0.6830755677558208 0.16681242184385747 0.23530219489337012 0.18726343916361898 0.6676149002855634 0.2672737651391638 0.026100908448509097 0.3230858383703835 0.16437000877992003 0.860893365228821
0.5410608820954051 0.16542227487131522 0.35685870605709913 0.12921489001549846 0.758698285205532 0.4757529115146806 0.7183788213840303 0.13279386596824494 0.823892367812691 0.3320016978062148 0.7381606349416753 0.1949766171974825 0.5059947463229052 0.1776102463127054 0.39098193241609425
0.613408253396974 0.05532397683089929 0.5667645764551639 0.8536940903866186 0.38948610124745864 0.8838567844245138 0.3941349578537572 0.44964662920083454 0.3075758573988454 0.36409194753792773 0.05471635029307542 0.310787208737504 0.6186601394662051 0.43947678024369907 0.4178329231111466
0.7872522908225497 0.7871895675199294 0.6704500978057761 0.7190969742449461 0.20555351110275266 0.24525925425209805 0.802069625961252 0.47508936421930426 0.1790035702924806 0.8648341917144492 0.9323561414669995 0.3077542899638145 0.3078141533672324 0.906599340747958 0.8849001524560114
0.12897906613439525 0.771338326786221 0.5331108435939951 0.4449416537540226 0.48055489353911773 0.011217889138460446 0.5842777885116754 0.7050471148298358 0.9506920542863871 0.4317361489259378 0.20480359077594557 0.8846718815099831 0.49548894550422695 0.8024649684424341 0.08606981248027401
0.6373105820787738 0.18223147052663569 0.8383342972840977 0.5390446602569375 0.03960192553060682 0.34112510451632794 0.25354154143810714 0.35015161139086304 0.1686683437111669 0.3630395847376431 0.43825688473172575 0.3886343961543941 0.4171351853719797 0.4130716207954943 0.7908702162728299
0.23180614108220066 0.4696880078211598 0.14320828552828446 0.6535636534213127 0.6536723178960164 0.17069061633546068 0.08210025498385976 0.7452836607227381 0.6827684710176094 0.3493009026072491 0.7559302034479932 0.9637247556232641 0.07665543694734489 0.03668486032795493 0.7515888722472189
0.43672702340027636 0.483366205979159 0.4093441056670579 0.8718470411111986 0.7435275172263991 0.26420005349742726 0.223235584241953 0.25193929532357995 0.2975957288967169 0.9376116507012168 0.4652766311015829 0.8079508538835742 0.9853217177812609 0.4705433923583727 0.4419923185215543
0.6696262886927382 0.28861472811566335 0.19140205621004802 0.5494763744315799 0.3136949523789393 0.2845094180508104 0.9279812771470906 0.5245008687885614 0.9585344289347477 0.11116543779043209 0.083983739018475 0.06352374850179032 0.40697059510146394 0.7171856379792682 0.7593980455427973
0.3145077943605358 0.9312384726810413 0.9699668155197538 0.6928368962300177 0.8958783347041895 0.9826054346768642 0.4888362960232854 0.7580451058542688 0.7776109594796801 0.4778841932929102 0.8900165882478493 0.9821368555474598 0.5713551010941504 0.16604038519613862 0.48299936257892107
0.5697240769201004 0.5196626883373384 0.1103252306158704 0.8416990581715778 0.2149483522722636 0.7488058784313534 0.6348408815661121 0.0887957502073159 0.06253124685207612 0.1553313285473038 0.17917276848243424 0.177965526352457 0.0393089373682276 0.633412861786171 0.38069887801537294
0.9362360796570539 0.919318987171109 0.21822819373698 0.36141397919258544 0.13749395918192842 0.4083578777078125 0.12000008951368113 0.6345817578155458 0.4182094942088149 0.7380310143080433 0.5540052056218476 0.2662555802578982 0.41773363250386186 0.7446664812111744 0.7337692574541042
0.927684598224033 0.12806095191295164 0.17506721697516814 0.38783028818866894 0.25684864380427586 0.0717414754002198 0.00892661777826409 0.6848661405367822 0.5108417764436533 0.5916631011903704 0.9168346657092525 0.5076464974545533 0.8355511752826025 0.23271609431303775 0.5831532569653229
0.6031837188761764 0.6050543829570517 0.9228889980039935 0.5146407391587859 0.25462075478500434 0.19038444542009025 0.42013581952902845 0.12855738352420076 0.7698085115049987 0.2057895248888567 0.2813920159403439 0.36808499086681734 0.2621892028687719 0.7503393312912962 0.43140700056912684
0.8282456109447265 0.9115161477777279 0.4137079932040404 0.2615991105509816 0.3921056091656898 0.1351046276495368 0.8471892241362957 0.07292876584941355 0.6749028317668142 0.874722478423951 0.5144762199332639 0.5918237520404281 0.152837041780998 0.5098928535535435 0.8314653202207327
0.23448062961792548 0.7136137554159605 0.7452965468574227 0.2803190811900511 0.7724045609904417 0.5074349134325498 0.18812387568817257 0.24025088961813512 0.060839005071600005 0.3999801119130677 0.23064170036854237 0.21596970313857133 0.5317763709892089 0.03302430884075758 0.2839042861732801
0.8644505850783761 0.22452901410844028 0.48368934986050816 0.3704508414311748 0.7216723125868127 0.2293794473815125 0.7799280486151419 0.5769971829633922 0.8131911101911894 0.5536178239825046 0.07769142079085134 0.8925423744229987 0.395894788552827 0.5843133252381206 0.1343309186746633
0.5129756340348406 0.9230095250754522 0.5184556852499665 0.8231394708295852 0.7801829299466925 0.9504067553131509 0.358641703565613 0.8255361155981156 0.5418162205720545 0.10948532253863352 0.3312710279337213 0.3102512031216086 0.8673032357866279 0.46037974662121606 0.8742543000613447
0.362970308138552 0.7363386798730318 0.5089726497946669 0.6625257828442046 0.16524669471992437 0.5280130751273517 0.9221655721774941 0.4921921257865052 0.43809355494823543 0.8818980002448512 0.5080889353445148 0.22793715832402728 0.4635192749241156 0.7768221257516151 0.34140909566422384
0.4333424789427448 0.07636999446034642 0.47873526428072843 0.008615916128075995 0.7500723001244151 0.37919546483387223 0.3459723600739154 0.8241518907025958 0.569409737145716 0.5744561504709662 0.3483934065249644 0.5254698237406007 0.04842180391073503 0.23124036903831435 0.5562887028697592
0.39358267857143303 0.06306818032577532 0.5077625533007335 0.7856041148620638 0.9653962703368487 0.26185866456728935 0.3362647501743774 0.04795372341415893 0.505091081100472 0.986203422838095 0.34354522950704813 0.4470522279008867 0.1840469729957669 0.4573884604353069 0.32818990160352246
0.6876133196598947 0.48228086824876326 0.29514835163630193 0.4446831400058303 0.4184238651406904 0.6690935516951163 0.12909755781998733 0.8549268693150036 0.2182187911894412 0.34659895810981345 0.7918198287169267 0.49929803761732183 0.1511443218149604 0.9470355918228888 0.3412052307580754
0.8122259371392793 0.4680123256263179 0.7632361923917964 0.9496627624939405 0.6613728164443591 0.21021234517949838 0.5613585267499095 0.5191259374894396 0.5248527103129621 0.1850614517019551 0.07595659959987056 0.7333073816275645 0.9375245037226371 0.02453681669008345 0.7196981514108549
0.14244820741767494 0.5352474341852126 0.8137494464109298 0.6535110125067386 0.7908461446032767 0.6050885402460998 0.08118201725192153 0.9576673447698251 0.8437362831456563 0.9098230113890398 0.7796272270989232 0.020291267850747752 0.64763669227991 0.6966700902250449 0.2549279246692916
0.41700202818453525 0.667060740403065 0.22305880875283213 0.09903351475057809 0.49388163715862843 0.7805366881068952 0.8363191235376246 0.21455178753282955 0.585681989699331 0.49016426770471755 0.6295459929470641 0.37988922400470004 0.30216336645488284 0.7014772139998656 0.9624850782875574
0.09723683607699174 0.5976830871910318 0.8641692085363293 0.6841406591270537 0.5300724414808892 0.4026286086764712 0.42928075283919154 0.7229076603642148 0.8925150671491344 0.44001721290644535 0.7747324593106749 0.8203813334823254 0.7397802087153652 0.47656015554602926 0.978630015798729
0.5765999380951898 0.22714971795359007 0.6647157798069178 0.07855485488200065 0.6473267339738433 0.5542834042348483 0.8207331707658798 0.7450939360419937 0.8880799385102203 0.4923640006337284 0.45341365615114815 0.619150388992491 0.4749701988063133 0.10348090381335528 0.1092950854169098
0.9151169901354962 0.5490070299664439 0.50482227114893 0.1321892416764031 0.27578211086600146 0.7283871810068833 0.8046592910890311 0.24848008839257607 0.2798782208705153 0.9123793796102468 0.14276995864029662 0.48431712752162337 0.4494708723373063 0.16077164496273166 0.10486451365271443
0.7968140225748234 0.08192611539246264 0.07444861396348879 0.6487382722798358 0.45858981556352174 0.7399828354094969 0.025518128367323922 0.07929142150922774 0.6734667081780429 0.7734955260646031 0.7895080679669139 0.5402203172707497 0.12086423150400472 0.8177025032236497 0.6175052681749239
0.952097724584124 0.1274071090870853 0.8154131530437313 0.5527108923295614 0.3197244805313699 0.9464898277549857 0.7442970874758486 0.8437373528474627 0.8560485073425568 0.19001819225210237 0.8954974258172814 0.6360740245373774 0.4256115314658556 0.8012741818222741 0.2460785952860718
0.7335000347694811 0.3973975913238439 0.08382739515513027 0.19535944424050256 0.11282461374480435 0.11512179754309693 0.20864247645267553 0.6939700818533804 0.048186355333313724 0.8424118315043287 0.3100090969257737 0.5845110472911744 0.15524485274848665 0.22099836089803893 0.7506469833128262
0.7939820272188195 0.4009494922417116 0.9919449874693993 0.38731538810051214 0.8706860963857894 0.1411716508046772 0.9731127027320956 0.7004830631237647 0.24210526111873365 0.5463384932887838 0.06046677101952602 0.4650911099198961 0.48528151086125515 0.3543074506667705 0.32649931542157395
0.23416764755757336 0.8475266699213853 0.7500730261868422 0.1259541656765979 0.283029972248214 0.23282420952126737 0.3134980201075178 0.48720480759052553 0.8190365295555765 0.8780738339580966 0.39911362476686685 0.9670503887474201 0.20032714731519186 0.9833701605752805 0.01613415460170331
0.5773585808504915 0.626716911662167 0.6317949708028369 0.2621835877800477 0.35389853925658477 0.2668856028497232 0.43674168641864586 0.6308329351693199 0.6308707748269096 0.06823108454833338 0.4885803551632151 0.060898779660120694 0.10905548867009696 0.5592315345522884 0.33750954595681004
0.4245550384707678 0.3611639258753011 0.7988879907927593 0.9457315834862199 0.2616615416280188 0.504892811852806 0.25379567718832186 0.7696258887680796 0.9593144062557901 0.3923445352959052 0.7906182704230905 0.3913846974794747 0.24847516366423072 0.8138907547652791 0.16021662165898753
0.40961422382823376 0.8436364508827007 0.8952209551969751 0.3194097444509145 0.6196936464100595 0.28683477555310144 0.07823132853801129 0.6873222244276258 0.8672228919722623 0.5739208879427822 0.8195735568474058 0.9654990744640788 0.3416802141403744 0.938851427899433 0.4150972789372499
0.4644456017367823 0.4924481028601262 0.2508658569941482 0.16408371632877805 0.9739760106175116 0.1956568386090335 0.8397650797605861 0.4240825663749084 0.09073177264233856 0.2778328095549778 0.20610911596614212 0.9753276046792281 0.573456539780875 0.011128174044781614 0.9960031818380575
0.5131211725320759 0.7350914060467527 0.7349478465591889 0.8242429031833434 0.017241369493296133 0.10048111521621672 0.33007814399638924 0.014940817740890844 0.20934002521078943 0.5594575643945765 0.8739613287451423 0.09535842393360494 0.3024635387079666 0.0272943167968539 0.4395484174229025
0.9265187420876093 0.7712426116144133 0.18800213018025524 0.6652026997732297 0.6832766821890642 0.926961300594279 0.2406618623703325 0.41941452693598313 0.506875717543283 0.6686293473427777 0.694967889887764 0.611627688204335 0.5446211301168127 0.8993465428387898 0.1693817886632748
0.9592662692438717 0.2641510946776463 0.746660995630936 0.8337724921255076 0.3110904034370521 0.3838893551770649 0.9062882823825191 0.6081454913629607 0.948297988490518 0.49661408889494485 0.1404715393938225 0.48004081336958404 0.137328717918207 0.47967919548912785 0.2054274210557272
0.33540522670661543 0.09211574761786356 0.08327613790567923 0.25673639082373556 0.5112216128027111 0.41856947323073834 0.667225974271787 0.0872001084988675 0.8729041292917018 0.06036690648843135 0.9171421606915782 0.3886026465767314 0.5954450469148199 0.7426592467255733 0.5124072200644689
0.5969763254108962 0.9845252217783164 0.9190989852363387 0.14125733240196325 0.7803872658442761 0.6122770818148069 0.2676276558858083 0.962370527905094 0.45891929061244785 0.7621153147347977 0.8517535774530484 0.597705665519418 0.20844955897127293 0.6780271280502865 0.16658863161602666
0.007941606173813565 0.3929726253400262 0.39594047346332073 0.4227018563998456 0.14971624432312092 0.3946444078091952 0.9982652264574831 0.5858866748979656 0.1429681568279635 0.2663810496220712 0.9774288979025212 0.8872279380422576 0.7870338127696875 0.8187620764742226 0.020204819265458474
0.7453937142698802 0.6557560004380788 0.7711510300629896 0.9318577210805719 0.3018659660955687 0.6747097043809142 0.7463612050624631 0.6076076361424908 0.05986327309701123 0.0377539058635864 0.5688576530749138 0.9286400416023304 0.4389977863736748 0.5554693448716888 0.5384011951694453
0.21086672195821932 0.41024789936663253 0.04464300698679713 0.09420395661875669 0.36686800273998543 0.7596167850577881 0.16581291960449152 0.5590800060712602 0.25492396458601774 0.9438863360070857 0.19498740790484625 0.45873889763678255 0.7837687327997217 0.9481648699359445 0.5760048927113662
0.24828384608601628 0.21767829108024384 0.03246646642066453 0.741602045262719 0.14614027019464737 0.783729041290217 0.763348072372278 0.6141091711354618 0.17505490463285922 0.12154094270688853 0.2666704610756917 0.40079398444391534 0.4404688781749988 0.33554520127775156 0.20883760749598024
0.7842257270928933 0.13848348284734957 0.4107938705024049 0.6164082418040387 0.3746336280838234 0.7788000614737514 0.5355540924333552 0.2777625036682626 0.3390853455471545 0.6324306012152235 0.43740766928982 0.13554566729768935 0.4514119465671319 0.4696390062009981 0.18430189359574012
0.7748997819004709 0.4171584368567003 0.24048741973158871 0.027975173783296725 0.840033459593047 0.21943981409357693 0.4685258856836104 0.7744067856199601 0.9704687656682455 0.40443412670251233 0.7775777502132563 0.8544171421608281 0.6383434165976218 0.6793461634703837 0.15223727022206524
0.7372714882570951 0.08943564335590892 0.9310262563602657 0.24460994411719827 0.5811159644717178 0.4431178335902478 0.7900307526430547 0.28299003866307026 0.04630242711102717 0.8902345135986873 0.16276211054313627 0.9125842492283142 0.01113408202884969 0.8429387756070136 0.7334279357478992
0.604053790156268 0.5242912873623834 0.836811162416817 0.2979103345165116 0.1025620452293673 0.704172898690207 0.9631229522807035 0.9332378351949842 0.7581783691362007 0.4526154746342296 0.6178959290690101 0.42920437180070825 0.4779030887691784 0.788928877630226 0.39444899350812646
0.11278095738761207 0.4702425391507209 0.329913768680811 0.017411648749014574 0.18131737007289728 0.9151771705913551 0.9425027013629902 0.318722855161385 0.9271326858399113 0.18553000879509496 0.8778932059861858 0.38992333452654315 0.7839452069593049 0.27015621848209703 0.7595179576498533
0.2100881308657223 0.9546937017492226 0.6050393296607252 0.6419235291081132 0.24503545999643772 0.490653486471343 0.6052933156545832 0.9836055941319473 0.7409869320047748 0.08335274343312737 0.8092335789850927 0.7840756784382953 0.6946431995635396 0.5036451354249943 0.6950947502848642
0.32391025414287156 0.7716781790310892 0.5763979260511539 0.9116362351531396 0.9162602246300802 0.7669441509288041 0.8146044282453675 0.8757913795522523 0.8292749526088612 0.5522190332979621 0.3533328467564921 0.4336796281232682 0.07112207580369356 0.8411162187012969 0.621774166353291
0.5557155058555198 0.04276006293069734 0.5158161709294281 0.27075359984020686 0.8422119184427603 0.15834806558526437 0.7065686530881876 0.23342180328295992 0.9527897199212523 0.40915321531568793 0.2924527844066451 0.4384432771905665 0.9410691880914724 0.5040430184822308 6.717512240241863E-4
0.6178512342769255 0.8755336030018606 0.658125995497597 0.821697752617183 0.8558398476619798 0.05811852976338039 0.3208313084333252 0.02887195432108225 0.010115885045245188 0.6139949738475976 0.1356940070599465 0.6936032450250765 0.9040338640162862 0.2191787252754137 0.20633938037585753
0.2210985411060702 0.23559006430424723 0.2570114906936998 0.3066362980592796 0.09659686543201962 0.4784523008128263 0.7502246157799878 0.017716183613264658 0.7283678237105364 0.6605542818369489 0.0022092119906081953 0.9005305885039365 0.0012747574497553593 0.7973844578199778 0.999281285084099
0.719847217793648 0.9134916201749649 0.9299510422051679 0.27514412728406845 0.4240604111436428 0.4590017548022962 0.17150670171115745 0.11941450892867644 0.054918909314267794 0.7397958128763595 0.9024672703407841 0.7239931353131944 0.012250505267913825 0.14422503583093305 0.2695616304406895
0.10422380759789474 0.13098905621561718 0.3117554764666596 0.4430996183758662 0.40620041367806725 0.8412867026284432 0.5194072386607969 0.665348634228218 0.5172438022035004 0.27722011153411175 0.07145267520442877 0.9833590409071219 0.7334857838048257 0.5755764589189662 0.25148557835831753
0.7011815493057684 0.606660904917851 0.7634312294415301 0.40476345052006457 0.00927065708638819 0.9916209485045958 0.5717065306980862 0.7587631088028596 0.952969745056788 0.7467510211489795 0.23162535985250254 0.6611798230254881 0.8873253537878428 0.5013802878106006 0.8119535712089428
0.01713823101762324 0.8320793018261691 0.39744464573087035 0.937147755412441 0.8411734713695914 0.6885392749035265 0.7370719637299269 0.7900045249608245 0.0045789706627021864 0.10912986752193954 0.023425768729738228 0.14713206478849583 0.4550071580195645 0.9207774349510183 0.9690560121437117
0.8215426019771807 0.4127480593801591 0.39488415576143254 0.6641706972680136 0.2938902197137403 0.3068999757735087 0.3294978330128514 0.2466554928671898 0.5023551378804312 0.5046851564294976 0.8633856811332012 0.09633296309766859 0.7309025206751684 0.2084531183838113 0.17707208912467776
0.7878668024086578 0.28661982852318757 0.24745246137022836 0.7525014335571667 0.7798808023041955 0.1890639722335129 0.8752419585240461 0.6608391653962794 0.09227585373814962 0.40802536966479763 0.09864997227351935 0.4270255417996821 0.029393280015324375 0.2808432952172125 0.5104809651155171
0.3800480822237283 0.3435856688113319 0.6163828041383166 0.07570654336208382 0.03950030775103719 0.10192134533011565 0.6500106891302739 0.8296675934235026 0.011846139722729188 0.9181623936332188 0.45238385287597327 0.9868532126271309 0.07391053486221566 0.14282003090354656 0.614590794368103
0.5301113744655089 0.6064687559071211 0.06600548277289231 0.03316253968881677 0.9526847372546949 0.3074080464384875 0.18095826866674125 0.40069697973511376 0.4592547171212027 0.16178729018154225 0.08054838511099138 0.5713161402994527 0.5972158893665568 0.9752217434919479 0.6147121114348696
0.3149031589890271 0.9856911800997549 0.387370941320492 0.5236961855363143 0.10004199649155054 0.5373385914691025 0.17391044802786904 0.8801482267636362 0.4528095077748324 0.3267879283199385 0.8182189916452463 0.322506228899492 0.12704618862213124 0.04958616844385222 0.788113874016397
0.24280326654186968 0.791458292123901 0.8368184363325208 0.6883200006609217 0.8039180691813683 0.1898805850085734 0.04311098173751915 0.4759585770436897 0.9044659563293922 0.763256023419033 0.5095116094479057 0.22419354186231077 0.9839389713497212 0.5353641943811205 0.7177817151347496
0.4982750221061494 0.866367649488711 0.659058218056152 0.1989237502770177 0.26857133183994253 0.6776913163125405 0.3957452728576051 0.5363064511115355 0.42678162961462807 0.24018792934938915 0.4580729841540099 0.31253942958967507 0.39437374027576244 0.24672795017698268 0.5842605661165865
0.389288023219287 0.016392766086706145 0.9482815185437006 0.93223975079552 0.9805077860559893 0.9191378817593753 0.05002192507976444 0.3827475496297509 0.08211770154116982 0.7768061447131488 0.004532281540302385 0.12273925039336964 0.9549200381035579 0.48005368779617674 0.9150367696556657
0.9439663084000931 0.5226133464934073 0.0285264905179331 0.817241361825491 0.5362912410268851 0.7430350826332748 0.07976409288309094 0.19528365445351448 0.6812870010231133 0.2383086468066964 0.47848143448685054 0.2054548746803272 0.6588959675840935 0.7283588818701398 0.7630856808691777
0.23077150840993899 0.3683994526600014 0.10229946520172828 0.6003859176893708 0.07013807034332498 0.6346757367972421 0.28348413311227993 0.3348059776308906 0.27775650384432415 0.9217008291906226 0.396553378602741 0.355011360341416 0.9116017535854405 0.2074728806772025 0.128596526151593
0.7787135649158933 0.2241971672509332 0.08801787008005124 0.5915890995047676 0.03551594388895507 0.6345875094086054 0.2728603120716684 0.43955364354497106 0.28801753666134466 0.6573211980755045 0.5103198333921445 0.47143158966702514 0.272992134400199 0.33241778166486213 0.6382208052915409
0.4594429649717059 0.06731215226559517 0.09971039431331674 0.894078369713578 0.4827493515824327 0.4873877133899194 0.9916172276474744 0.8385516302135056 0.6175250681089389 0.31624337948255543 0.48030999808402985 0.24693060508170916 0.43708017828227896 0.3189566157270245 0.3084114923086201
0.10565024812009982 0.409468345699724 0.05503306965897348 0.15676840553487847 0.4143018508453653 0.9450513775394532 0.825395878001818 0.058509564384717994 0.8383378392463064 0.5427814579054369 0.7020175846437504 0.05551387460249302 0.38364381076998744 0.21150108630538522 0.4798247064314326
0.7115762976682493 0.17137651185500535 0.10134986196884266 0.5633566255401119 0.7459742271389862 0.07994496408655105 0.07040644557494735 0.2547622284501828 0.23180084992519523 0.49073668713883456 0.7329824967185213 0.6450688367606058 0.5153457840518104 0.6251690022462723 0.38852543777898163
0.32726000411855627 0.2559678089614651 0.9928708301457578 0.11387500119386718 0.4475501963260635 0.7603180887565685 0.2842778416183305 0.21665811964580084 0.1903454964191379 0.0904368998984666 0.6356497453544115 0.19389574608703808 0.652731788220238 0.26216021800802813 0.5704953953664191
0.317433881267972 0.205932882046989 0.21843754397229453 0.07861782316336174 0.9766008114119111 0.8640326771686122 0.1615752577602626 0.2324681275524556 0.9485307995918589 0.8843573794110374 0.25908485582068497 0.4602231504465413 0.8378842710528064 0.8092647424234113 0.699729093298458
0.09597908679332401 0.030233262580817044 0.42568946800341767 0.5695227907786645 0.10967928122093051 0.6371698058443259 0.6666451983738944 0.041859815621827834 0.9828712264521438 0.07623440165609185 0.30798490018183444 0.9316012005103975 0.5411143496107526 0.12505038581468209 0.4240734424971214
0.7498738113637863 0.17983650752426195 0.5165893373029627 0.9576272744026632 0.014492724564997062 0.32766413488973267 0.4012816483630893 0.4318281596339454 0.7203350095921769 0.17972695627791113 0.2917254103677339 0.7869189293888266 0.5546559260065147 0.70316524507343 0.4270357204541737
0.5588412560502025 0.6542535390402221 0.6680439716440555 0.8464160521336257 0.13407677180797006 0.44455084457503513 0.989104604160099 0.8453214915795858 0.6127045150149462 0.3750796507128007 0.9772621661740749 0.902624026116913 0.8907890428141342 0.17151318926457448 0.19448155105311904
0.61347757147971 0.9335655548062781 0.561309867223876 0.481643685382522 0.640120806430072 0.8524893901592862 0.29819358964386933 0.38623874271402947 0.20164434915758744 0.32206918204229884 0.710110804027748 0.655199892790631 0.16378777349922058 0.0765045418005551 0.9259679564424014
0.6779183111402415 0.3611213052215603 0.7115003114657986 0.398367616449372 0.7654558513977503 0.38650610374131933 0.783231657136886 0.3327252589690345 0.9341991016380149 0.716515748219595 0.2442849250598199 0.15756277844673905 0.42567461555625097 0.7065410861424837 0.5855017933619904
0.22643909026057674 0.5389718368655405 0.6855893430686284 0.6630050106547148 0.5288918862402384 0.4781970545497223 0.10832737726442687 0.08128567482601767 0.3059290816584833 0.8246077882475592 0.48070866929712097 0.17608421367415095 0.11502230450070605 0.9315537673645928 0.5655614268092812
0.09489785271553641 0.07021860476623798 0.010077776884614753 0.19580602074196685 0.20829974729991452 0.6949013854839838 0.9240050409229875 0.8755071605867256 0.10185583782502194 0.06789475543040446 0.7455775400437888 0.23275670676968874 0.6962776001767708 0.7180200117484674 0.9361655379268257
0.3034214584874696 0.6225501372672458 0.02787718435775499 0.6113154434384084 0.5710791039159696 0.8391266092889723 0.7445380959859191 0.7253694505141368 0.6660053727459919 0.6198816661370562 0.563001880770177 0.16811932789221173 0.634863591353578 0.4643681316558693 0.6476780940758285
0.704432872932823 0.7327875272390356 0.186022606536974 0.3878259447185416 0.40751835883675713 0.7608370884693176 0.41931729226014713 0.6447929488267614 0.7374691070811021 0.07434594857656118 0.05345710302270956 0.24206005795426455 0.6989560637405313 0.5214686797595465 0.6480721618765333
0.47351433425046163 0.5754137956808937 0.7362744344555354 0.7154580233392157 0.961034443110583 0.5817912380318254 0.4070232464905712 0.8642670433801758 0.2793880723175656 0.40391539576770497 0.36779980689080194 0.19115591273506083 0.3846049093335687 0.9997424799307425 0.6204690299177172
0.9797463021589223 0.031402271665727954 0.22624795431850286 0.6839563867614121 0.7203565718914156 0.045904975280580795 0.8254329676971804 0.9891454867158367 0.6993146882407023 0.5318150080549526 0.053901884965647184 0.39022379141750174 0.9232633793028546 0.8313504962628196 0.772691455776989
0.24709751787724632 0.9417207124201123 0.33668756542750655 0.12750934253991875 0.9485342949285437 0.21026061678291397 0.0533030323188487 0.04426599159443645 0.19198270740133982 0.9970290910506322 0.15352933466089225 0.6407602743703297 0.8135561581918688 0.4769142095042488 0.6267979742138122
0.3126063816272513 0.4704572571510942 0.5805386206208961 0.5324609029613174 0.6899654098076229 0.01815911632821765 0.3693457741678825 0.29174414843895324 0.8813718861606297 0.9959474404652316 0.19340172774944453 0.9173014831402017 0.4219225276694675 0.23696811020825215 0.6551367368886802
0.07200050842422812 0.12532002979544277 0.2527123279564796 0.4501019588588332 0.37298679103806576 0.6027422258213563 0.7069117848129165 0.48491824302818465 0.41273684910545916 0.5562332529761975 0.9901045112271435 0.2829455881083003 0.5557238407133074 0.08028931652437232 0.6336717295128657
0.5798034640997526 0.687484338323336 0.11253932886688411 0.06093458538301755 0.18372355569180343 0.7422887880119524 0.8628961984237026 0.9629390351239177 0.6298183890555819 0.016282019884744536 0.5202817716513664 0.4078461235274242 0.8927003099613988 0.9848740462667244 0.787004619381709
0.6453840161638748 0.43848754861837336 0.5863262217025674 0.8230967640834754 0.4516069711716372 0.19508522159039177 0.7078910059071974 0.9963916669393725 0.774245755124059 0.5987305140980579 0.9165282266323072 0.4288525397908197 0.3852232733685118 0.7351435083146791 0.31313458917995873
0.7056366762814033 0.2244473544338096 0.7352259397312982 0.7573871170699382 0.2706077407068923 0.12778280011305487 0.008102301213809948 0.6097157854960265 0.9704850191487029 0.6721434113702538 0.5983989527312946 0.5675837395252035 0.9295447223883885 0.9419331259999915 0.9400085004975426
0.13516864447361177 0.43776515809966765 0.12360592196656839 0.5451884440187641 0.758702037133089 0.8175343648452223 0.9689015947605093 0.7156944764425175 0.6841376710277942 0.2975150562238871 0.33235474919143027 0.19175035439426735 0.14948431471588353 0.7669883392884087 0.18496291524088182
0.7650080473779866 0.6110521517292631 0.9099745278754054 0.7334388391011318 0.2732532185501103 0.321026125565009 0.6256553809727212 0.5332608500585705 0.0674627084088335 0.7231935579493705 0.8300993448576166 0.7737748641294444 0.9959223075511514 0.8143176202265134 0.7040174067805848
0.23488998505954284 0.18546462473120984 0.8305621303305536 0.2022537208798626 0.7674490078301266 0.41648846081939117 0.36153717311928124 0.17294234809907505 0.5331442866815642 0.6862725047900545 0.2689492296836292 0.7477371600811621 0.6548884286761293 0.6341980749115427 0.5925037174879185
0.7592492172615216 0.3748380702687497 0.8628466808693064 0.9626212980806943 0.8178020763743002 0.29480864622161806 0.8305403028715583 0.9076941633129159 0.3368422259515218 0.782606302508973 0.9137434602100126 0.8430220226957187 0.23481841527486524 0.1678430817570593 0.44184774518279557
0.4592317698864993 0.26107001773324434 0.9220898684899991 0.9922113201163029 0.6898988218330451 0.894241454000466 0.6207608552024584 0.999927051180246 0.43125221275522074 0.5439660358937072 0.11791257008374467 0.7846449132868835 0.7112597614081431 0.35003904875761904 0.03017930133699731
0.42587546607835236 0.06105313478131491 0.21802679656606505 0.3223557767271762 0.5285531960617025 0.42856747580624865 0.8562346763648917 0.5146774039677053 0.8122396307161267 0.09243373475935568 0.4861837530434644 0.7906370110215111 0.6301980556033697 0.6835760002175607 0.5872224124699208
0.07421626095812339 0.9786730491547067 0.602630563319851 0.5056254243949535 0.96669899371526 0.29205957733963206 0.8332169617147561 0.009510156255989388 0.28577295008294945 0.3362482108540962 0.3942557293790222 0.9031256754586805 0.8334149462050381 0.8102841424219716 0.448941431052265
0.6275472066428802 0.9340941544987845 0.8455797900148088 0.3936437837239528 0.36953491818141637 0.23111684648303443 0.45227180200043005 0.08692344286881282 0.5762928202526516 0.20647538880574512 0.10391519938380256 0.7470135649487393 0.9310897861035082 0.8983525782261014 0.07455894670637708
0.9455316725371878 0.7831814165608001 0.33047266877779946 0.846348511328493 0.5558512221767666 0.7451981637170086 0.2387783038769027 0.8911528000997087 0.4764754189037699 0.6721413063726166 0.783452353977886 0.39631441835900383 0.4429207519388033 0.5183555024756965 0.06809254530446529
0.05247361291116348 0.26603113529261924 0.6323226313969396 0.45288570086186564 0.8505179255274757 0.3903080624763632 0.8938486569842243 0.844917729199869 0.9450611240891472 0.7527557995776942 0.7241912792984051 0.3762942355669764 0.03345655864330355 0.5409051636103503 0.40690365743284584
0.13953597136706042 0.3722015454613612 0.5980932837416092 0.34564457375910596 0.939752327526651 0.5066910862069247 0.9047404581915295 0.8549335996508929 0.3443849837243971 0.025630913314309223 0.7762801701866936 0.8308051984569543 0.6638531401625903 0.16802084609703605 0.16156141289787584
0.18054274847049312 0.8802205876042645 0.9084717268026513 0.6999570336557324 0.20414983249449525 0.9560440939267933 0.22572035291669357 0.0010760835842428262 0.21494334124749925 0.4018517693204354 0.6195583663141898 0.9478915093682795 0.5626281440721799 0.45823839792404786 0.5829929715593694
0.6922594376732777 0.8794413138909927 0.7573550968666418 0.6593082489553601 0.4112195462095338 0.8084290297217792 0.8686084650126165 0.9177983254498394 0.8231309115401196 0.6926468774547867 0.7046740388352568 0.1672943707452046 0.924610875005027 0.7050499768619454 0.3664680273839419
0.9932093218785248 0.4024094508536139 0.6810667562381607 0.6395099969689767 0.7516759915170242 0.6987651130698537 0.4793259378027006 0.019148551452271678 0.9834552766196439 0.7644522110562573 0.04073372487660587 0.8384109734140109 0.32064329838020267 0.12064457231859593 0.44207382392886085
0.7997767467032811 0.850807370429086 0.9688831137915433 0.1475302628203945 0.9709643339103807 0.07603264727920422 0.7378503485868673 0.3500091348490433 0.09485911750988496 0.0584625992374006 0.6363178313416943 0.7638620456381413 0.8849998338569961 0.07926825575514407 0.4935474539768211
0.48159064497574944 0.830579927881222 0.1545824133809076 0.4115908509920646 0.5393380393891032 0.9187089885074998 0.04978701350215742 0.5283457263397426 0.6494497293784001 0.5967187889233234 0.012642677072900343 0.4958916607717808 0.15311296965545074 0.24358743852228792 0.30610230617570566
0.11554247887374569 0.622060214121909 0.39709411231757963 0.7632504952574359 0.939215507321227 0.695548775016065 0.992106071757729 0.00966340728634163 0.5461331992665971 0.677305414889059 0.905438632144935 0.7025849786319392 0.6345355214667796 0.13685113692805917 0.17401763447437768
0.12166631128432548 0.029996596637820838 0.2605982118463651 0.35561349913224816 0.7126175461351796 0.20510228065159064 0.9803373456202896 0.6352045853946265 0.732972585020358 0.9296602088525536 0.9702107276941382 0.4450667547679724 0.9782683364979459 0.226277059910442 0.44799167592144407
0.5629750524514594 0.6772925353709174 0.8930528163072408 0.3424696580261132 0.8804428756281116 0.03665490184768605 0.47330489269152987 0.7959648082984513 0.2917123699872691 0.587788502803661 0.701649867309064 0.1594736197736769 0.44424936672295834 0.4435894643917925 0.13643405829165423
0.6076731784551587 0.4127852425089178 0.8072550182556381 0.9004184368206718 0.25198864881644656 0.71148671422596 0.5924809464237025 0.1947878266350288 0.16215464920598976 0.4426242139236787 0.8120317895619643 0.525967424503204 0.02017821998481506 0.7951480414736688 0.4707979131154649
0.3903949654034762 0.2253370510762014 0.5528709146675316 0.05980583012461205 0.49930981930298524 0.14482409189956724 0.7494945178277994 0.38924906302403506 0.49378514572202914 0.8618752030324907 0.11650636914747936 0.42145912074205916 0.49964293768055623 0.21169388048760662 0.5100131101575114
0.9688369661906935 0.8025556545501548 0.11521323546705187 0.0738645304355533 0.6071177075075188 0.38555300824199923 0.22171205849966724 0.4989624508614575 0.9209418263218832 0.06431534881694612 0.653528340928896 0.3724371979763038 0.24655900667610464 0.4800502706415498 0.20959039662775947
0.2754135239464235 0.40559107868957023 0.26541247551733593 0.7292118881064414 0.9843770142366677 0.5341329437371684 0.2858409689660303 0.4435740443593251 0.8586911740500994 0.00307142887606604 0.9768523747640627 0.04954458334873424 0.25560403295833467 0.5983538093508766 0.4472422957113876
0.9289596610466215 0.6041227152417141 0.5840393600682561 0.19881141434096194 0.40622159287756265 0.5904229349211151 0.006318526440486916 0.025146837925227206 0.1880417133719232 0.7599999946653613 0.6132863787500461 0.8951532100052173 0.16138415351563373 0.7255564360314959 0.06310800993371513
0.40144232085530174 0.5391433124341589 0.08466094199058771 0.6723154511810627 0.6593537706567851 0.9378136670394632 0.09750170287456494 0.8163274997091691 0.37929350615165225 0.34738775879163575 0.15259719070307198 0.23588446092616755 0.20324136185230746 0.1109445899153072 0.05711556641265181
0.9259425854941414 0.2956918238955242 0.9698669079161478 0.22849367554009425 0.9876735645069125 0.6099577640346316 0.9503527021226564 0.9353351478031879 0.8095665733017412 0.21267952844752835 0.3678630682855043 0.8381066505425923 0.21023189545988596 0.5425468009116354 0.5083743590184636
0.21393987328364983 0.7233559792088806 0.5036543522689424 0.6087800453808746 0.41488639710695574 0.03436075464340105 0.849576687695606 0.6035135558157844 0.30526132073273404 0.688670060833418 0.4011610528278504 0.7304401704758564 0.6512507163310645 0.5830887445280513 0.25920217149442226
0.49629286311541876 0.6947470164166596 0.4246508966404907 0.3225758341945977 0.6904030690446942 0.43341560169759286 0.2953955904318173 0.10307306571984975 0.10520429565443357 0.4502845425733589 0.6968799308869202 0.040090299208579205 0.37296285121436157 0.4886892981477964 0.9648407248334384
0.2614950539466512 0.8604166868002115 0.3521920817940346 0.7422676656970767 0.011400906370256148 0.8764796951547744 0.12413595732428628 0.27825286363466994 0.7712492682302745 0.5428956086021666 0.14778173650310122 0.6803322467157314 0.43751007325036084 0.5537020811487521 0.6855152514982004
0.8896369708801085 0.7874767333836576 0.7065920597524851 0.6844019059581806 0.07102370578767159 0.8640456828811454 0.5277361464248932 0.615403895188957 0.3144546843430104 0.841034174770333 0.5313564008522841 0.9248648728066572 0.029249733769474817 0.3925045761280894 0.656318157724665
0.239405936180899 0.17943442712243474 0.5827270352452096 0.20423352836655118 0.09916584436755704 0.5562593222401244 0.817826793957504 0.16704643012583897 0.6593572359537918 0.6130678066513573 0.4558263403612475 0.17679565490554572 0.4963998912479014 0.9980407209105697 0.2587065623803788
0.4362291286778277 0.38243117259483717 0.8119481015779918 0.9882754288367567 0.8961689926898315 0.6507826782850094 0.7908896397169779 0.0970464040083 0.63400382688564 0.5650512469794872 0.06810723675429009 0.6459930309393425 0.8574104768686227 0.9256816762930609 0.9043042243541691
0.29296052546397755 0.20838544486252342 5.172602102713197E-4 0.7925078291048203 0.4386785106155534 0.07489090750499827 0.7495637123524929 0.6413628906961745 0.3917338124281464 0.4308986572548483 0.22925088466195098 0.319845952101354 0.7195260296937351 0.3203405202377978 0.007765390658344806
0.70674133079357 0.789142499608993 0.4764508796692415 0.40056737857860314 0.5298213133750689 0.8702535766490174 0.7252136848087188 0.3439923385236746 0.702524917455559 0.07154312308735333 0.7601024079932638 0.7648791995157205 0.5700310221829233 0.8128531488713588 0.5950284508917856
0.3754539809175177 0.46197284245819537 0.49713563605931954 0.503389662877445 0.9252381995177038 0.2156430824665626 0.5394685003121561 0.5333375435561621 0.07553956716550847 0.8813899695175642 0.934807138967309 0.7528579424066179 0.22712220947790096 0.6510059297813441 0.10180640817421382
0.22298695248257272 0.82794205633509 0.1602631170489196 0.8269624850208429 0.32345991089984616 0.9153727477256298 0.7083501850867462 0.7514879971804515 0.46231836708701424 0.9061360245176876 0.6098175506849203 0.992747712909188 0.38947604060237473 0.9371897422437259 0.8487391150390997
0.17274623154833768 0.30397171343073415 0.3821158205501607 0.4401502441117723 0.33807321590762096 0.6956132714617989 0.5200895321744762 0.4204236812052652 0.9988758673362679 0.3939439929160935 0.7183001408384894 0.1860959042632544 0.7888420254847637 0.6109382026094267 0.9037327607237977
0.979758779596902 0.053841982739456284 0.8585607904059963 0.5465094807940079 0.6819823715855019 0.013790260173778601 0.4983008646721987 0.8545278365256531 0.709836679603825 0.010453699376523073 0.33701661451360376 0.38792252178643405 0.745431294554974 0.7533454083875167 0.1219056473064557
0.8419168065445625 0.22199400295577143 0.4065087576589327 0.007140251435499456 0.3179177546618136 0.9803604134910009 0.8209090861584749 0.06568533422137268 0.005249399534589028 0.275348527462557 0.21031580515362325 0.7020416005488267 0.8297066594999483 0.35934389673771794 0.09297025885861987
0.3851346487199957 0.29015179256001533 0.19952199969975282 0.37700029199898044 0.4652959868810511 0.4006646159995578 0.4954867736841402 0.054455322010777185 0.9652594333890543 0.38329626937801997 0.05570521903811654 0.08700028839211471 0.14232238141996667 0.5152658269128418 0.7639697363338309
0.7157212463134779 0.30729802342767754 0.32447792830779976 0.8212217038437831 0.6081584534837193 0.8556117702417559 0.14852846617059334 0.6834206593667216 0.9675980255287698 0.7168705572665761 0.9249048840579304 0.1327460904887383 0.9728165079513729 0.4614616787416308 0.9638763117677898
0.21726901354698935 0.6908867590147574 0.11621295533117382 0.37060797957537706 0.37333359835032165 0.9113184768404665 0.33587363583724783 0.7293232911176487 0.9052393510561958 0.18671939148553707 0.9531516160740521 0.6398764449373707 0.13841676359334631 0.7333286451616854 0.08726904053703965
0.7058867742609825 0.9851404473875267 0.7441866727482931 0.9294749715343276 0.6136257354163954 0.36592573766068115 0.09837094731964335 0.04368053611862266 0.01213633321148 0.9151057940925955 0.4116404121542837 0.5213583315289346 0.007603561056410246 0.6656883458152989 0.8669956509052114
0.6120744660681326 0.2187839294836208 0.9564422430834897 0.2880761956327108 0.5144982704921413 0.5053408092771292 0.633266149505574 0.4739797653534966 0.8574610923425535 0.6772218084995952 0.7272426085402315 0.9010030647272983 0.026612546484016564 0.7207530673706767 0.18338286435902662
0.5149673861773015 0.8994484853820168 0.33591451740735134 0.8869189153676215 0.4872061690423779 0.7399622459684331 0.869299528363829 0.18810126581758468 0.48795633822279283 0.9738967142800746 0.048551004631176786 0.3618120629987357 0.24280867545147178 0.31655188311100113 0.276605128671192
0.9549049267689835 0.8810370082822446 0.25732826889066474 0.6278634188526125 0.7720346009396241 0.8590394595652318 0.2186642440550648 0.10345227632942999 0.32984088193446925 0.04779015519368046 0.8017510070036434 0.14901851358904328 0.9697025711169956 0.9101123934251455 0.4073856974755792
0.916048621734924 0.4608797049284581 0.5617495356082133 0.17755016186463357 0.25648811860556675 0.8487126440368621 0.9096237325681297 0.641778665011448 0.9804768496953661 0.506649085299737 0.9913356194648473 0.672105263586808 0.4783048749001326 0.8362212414234023 0.10187403482660895
0.3513572336464633 0.410232803156634 0.8256971157983749 0.28666692625753676 0.1417884277739685 0.8016094039249086 0.7259811943431865 0.30452031679707636 0.3045221789563326 0.54575835699971 0.4314416975528974 0.21965493575929862 0.8650003938937653 0.013395323850701413 0.7636928306496994
0.3689652752225072 0.5456119400854781 0.19487506169634417 0.7479622361489892 0.5687890074306278 0.9939001632233857 0.5603581866798428 0.14452533132594114 0.07488948038729604 0.32322527147871316 0.6130250422734507 0.9517897606227959 0.9900174484415266 0.4524849839850078 0.9317547713661114
0.33296478017347064 0.5253328546800297 0.982472298495992 0.3522251202208745 0.43485200343853925 0.7651310229733645 0.37867652604276825 0.819178784395356 0.8651452307134103 0.3587318575128261 0.043810037211467145 0.3576406512430973 0.17372932759435744 0.8690551544885905 0.45806967240357177
0.5571592763255236 0.5438186708553877 0.34431825016829665 0.9411185467315041 0.9406853072598389 0.040378150684792 0.04745716578857717 0.7470002392800713 0.5984882951263345 0.18612073819116082 0.17728616723666624 0.14167419901598344 0.5075528261695492 0.3394776254039653 0.8460745030738146
0.8325877017808571 0.028183436616794344 0.3342877907974183 0.540133405467012 0.620675988668379 0.17208727815570968 0.10755641258238402 0.7831706092016998 0.42740930404141 0.3699922673262047 0.5894820895469531 0.7465831873085778 0.9129814496353287 0.6318978795005195 0.9590552540873469
0.1065243253009126 0.7464617724218878 0.18934421302163384 0.47888103208882926 0.5344929134631521 0.21470828754570281 0.936624776026019 0.5144819656130575 0.8263594635858831 0.26406691372775193 0.24665665725951336 0.016186903924095053 0.8241558562506643 0.2573578997491137 0.02726180477547968
0.6958148770653836 0.9656202144635044 0.6983772053205952 0.20490108907348004 0.3657130941882446 0.508402270856082 0.9271172121588375 0.17544282741846884 0.4243110946982066 0.21899935115056102 0.32113780063620967 0.14533596219974199 0.2702034427326563 0.5909058986115059 0.8519949230027047
0.7015974726290645 0.5058758734766213 0.46212490234460724 0.9403611687359622 0.39531220180963855 0.1525406884679522 0.23910251074490196 0.4294484857293849 0.6008830075804988 0.739149138547803 0.802311905989478 0.15357054553935878 0.4220576858745442 0.05150014166912342 0.5681263549906544
0.017158137240456117 0.9557981236516415 0.5314656305593184 0.11228520525080943 0.7192683930121241 0.7963470320135562 0.8017053325163278 0.22217098213002717 0.2596039982218825 0.26438518512524656 0.5578447360574381 0.23827978798404315 0.14428640903612366 0.47996292009157226 0.11794130408578851
0.06968066503400605 0.7731027678121271 0.06292713575530806 0.24816657456277535 0.3239248468771291 0.8346729340581707 0.9408551249560034 0.4939821754048308 0.5787785072969978 0.6619601213369092 0.47204523200383797 0.13769011298316436 0.941317711373111 0.4077743046946223 0.8499034374256621
0.0760891419743841 0.6893378340134696 0.5883950725775142 0.5451039542866029 0.3660699907198135 0.9706939254123604 0.013166320763775441 0.3631911620101357 0.9213350550852484 0.24810261160871616 0.368892476357889 0.5478292426763918 0.8600279974900003 0.4200999275734445 0.7600919512398718
0.24369472127267122 0.30091199320061246 0.3232638096508039 0.31964020858891273 0.5480464009527718 0.984835686056665 0.6264742425739455 0.5990618404814934 0.32629628628288077 0.9585779741817022 0.9648971758833984 0.8237068046743059 0.944443837798644 0.6997643226584942 0.5295437822712498
0.255273390050871 0.08002538775538681 0.4843989310564051 0.22766935975826474 0.8426162647799212 0.8132690709889444 0.5026581283396258 0.9599412023775257 0.06150520844488583 0.27143560030627056 0.21394265890129172 0.5222182505879195 0.34497605274003673 0.2018628429968361 0.6987875876672741
0.1329497267643931 0.7881426817025435 0.9830229622286007 0.3130803414468204 0.611613862100196 0.8748144830123353 0.7479381985458309 0.7791386811788599 0.7892817804522766 0.8179913603521535 0.49059197734974447 0.9585524916360166 0.8193060989017777 0.7322839173359634 0.2535100819605448
0.9432942741545571 0.6742973439710448 0.2635339231135744 0.7534757347118681 0.774455086109766 0.26496555036794867 0.48938585374564203 0.0923824464055556 0.05206427056548468 0.29706876506769886 0.8742875692809505 0.5215161640016848 0.9348025862879806 0.1946236102127099 0.8133743668491261
0.5800984552168088 0.5450204146161657 0.16069779888668245 0.8319174139367848 0.31271095502027246 0.592323663272682 0.7215180747070947 0.8204938553611182 0.6852603874354305 0.10809211776348382 0.9052913667294149 0.7807627900768361 0.7654330026568308 0.5436462074835515 0.5440507934713124
0.4327076377573149 0.7111254759489049 0.1263796779184987 0.05500245271913373 0.6914321435554 0.11912919622984175 0.291027715923471 0.45726304152081143 0.4600735085038865 0.826383791160575 0.20734085893141674 0.31054187596900584 0.4051232386659399 0.827404049581052 0.9107873325108033
0.7242356260761531 0.381422385944137 0.5740246444615845 0.3095074876387215 0.5785678120650115 0.9563245465311461 0.5573951323467764 0.3885958206404493 0.6238191062441389 0.0459966634865413 0.7371974232605415 0.2618878056047642 0.17935874930749685 0.02155428824823069 0.07934626817851542
0.3317796316517202 0.7411011912341465 0.768704030097461 0.19097348830721705 0.7092114340024922 0.9241765821595425 0.09179338494314304 0.8002844247066841 0.2187954750249349 0.8170170751967314 0.5416435282049262 0.6189150674173001 0.7681725621057464 0.0037258179186898666 0.21626845140338946
0.9457072221443421 0.5960315018307151 0.2235089622351608 0.3345595032580758 0.2233576198723276 0.9298280762767748 0.8791151594759176 0.41524110779488344 0.6431867841590468 0.8820913358905342 0.3806414262960305 0.7068804440166436 0.8083117471628448 0.9933067838137765 0.6167279095649845
0.1094599174958627 0.41179629911617344 0.689717459053266 0.6820783603007283 0.20399809214359876 0.8638910870960115 0.06598574073696584 0.358407198595714 0.16393120320155796 0.811265603917692 0.8255097305608704 0.7453280325640274 0.26044391703287684 0.5311721998804816 0.9152903072645496
0.8683624889249154 0.3936649226727805 0.2547721957926473 0.3775958374806071 0.05316259345743912 0.5826185803144699 0.5763929502650001 0.20727379849607508 0.34820351412070893 0.6290519233373373 0.23927345527211075 0.5514094189240113 0.3026180213723856 0.23373094207642697 0.7533955359045749
0.41713340620860584 0.9615077856989857 0.6885287496668614 0.49728685078329793 0.16373256417247428 0.027980828589081908 0.8936027771384188 0.18322022644641 0.4468181177221531 0.759328265472023 0.8561863597908689 0.8240240645578134 0.9551585689906938 0.3141680748997302 0.015995477744934594
0.6297564179948794 0.2348854194985266 0.9480470007118615 0.71197879861076 0.5837853856056248 0.13113137457635649 0.6669063911937281 0.8561150078703118 0.8003569407878526 0.8937626529910654 0.6909813426202045 0.4121885191517016 0.14952055531888375 0.7917180279127318 0.3561168365249757
0.5909512439426389 0.05032211298494471 0.1595694602321237 0.8851488060777667 0.7678039151273724 0.7794624636112633 0.1602701334871247 0.7989114026276912 0.005108138542081808 0.12015950075174431 0.1896575070507388 0.604596915493353 0.7184659576211814 0.6847397693982183 0.7711308363075426
0.7986076541246931 0.46478077482544977 0.7845260489039435 0.9930236308347121 0.15170417668197866 0.0496399235420355 0.2918748209720975 0.026543447741553705 0.7061676238683644 0.1525356960784895 0.5417583113274282 0.028753010511463506 0.9078584823394088 0.4506683264473069 0.9540730171327388
0.7829179337347285 0.8204674442076754 0.7855507048075899 0.7228975571969583 0.7576481554846016 0.4249193518127513 0.26136161108577793 0.6152100516827017 0.8766116228018005 0.593803543048837 0.2899703146067123 0.6491156088693677 0.1822002739476677 0.44886987315022386 0.5047825061863797
0.18042295117977136 0.7493802415892282 0.4590420717674767 0.15403329508038843 0.7164478820001118 0.660059152588123 0.8170651281093402 0.05388067880188707 0.5972116391285289 0.5836557173586815 0.34481760990674537 0.4326283067940847 0.536739684924763 0.5261578026292314 0.42048275203979946
0.02963366668977485 0.90095675023911 0.6078068179372329 0.19518755294892765 0.6259341782914845 0.5137123596129957 0.30864823519090656 0.6723824167709042 0.7783502477516566 0.7287603459785581 0.48153895672506586 0.060147997126964836 0.9048006805889568 0.4830550604663383 0.5738044048503387
0.17478014919011098 0.025792901016345793 0.05551557541786034 0.9215894195709955 0.5734180267523623 0.40552646294547057 0.2954488948282652 0.6850487365375335 0.5241439085640914 0.05577524251648125 0.15611165692859208 0.9778743187548742 0.8838982105753114 0.5666901766815767 0.47142924382964846
0.011258475812254254 0.44771646194877657 0.010890814872270616 0.04768021728167526 0.6202432701168548 0.35720953465066163 0.7306909516568184 0.3069928011736266 0.36950797218369624 0.7118721819054379 0.663029449208423 0.9157896244724976 0.545998463651033 0.613719345635376 0.4826547662692514
0.05885555826484423 0.7374033813885428 0.4939135301977978 0.2513375707672437 0.2784930304499338 0.36833398204241197 0.7194602712207845 0.449362704223083 0.08826769959241243 0.5201657845300248 0.1587139187424479 0.23527848057944656 0.892136916535708 0.5958518362990327 0.5963483712503012
0.5308573483554657 0.0922921955650895 0.9076191429384064 0.6316129871590473 0.06044908141320515 0.6528360588773126 0.06331089333318007 0.9681070450194669 0.7873838486608399 0.8014527512342271 0.10623934742583929 0.8089704741025213 0.28480916231938536 0.9975211479273793 0.7237650379836373
0.4083026428351769 0.4543215050219279 0.7726576969373055 0.4814203859152383 0.6977850868021809 0.6629795088278024 0.5584655678885876 0.9622465431672236 0.3068980316594747 0.8077625433468052 0.1563061573004365 0.895114282996891 0.2257846130452078 0.03626513937696274 0.07519732424784087
0.8411514451370027 0.8217308005222488 0.8533938138624421 0.5664824066298257 0.7740005597209723 0.9133933596544617 0.12605991268039018 0.8177026029870579 0.937482398346498 0.1313216179207355 0.06133832123213945 0.43314494829624506 0.6933419789383853 0.848983452270695 0.5782886799521259
0.024826793132116998 0.6821061123711073 0.555419821770938 0.6196121438839008 0.4652164869128308 0.5116823319486811 0.6588159091257814 0.8565433235520519 0.11177995541619856 0.3611808677377919 0.3596917019747964 0.9288536149642574 0.10348092112832641 0.3415430392180585 0.41307794166065415
0.8315688485230452 0.6506521291348105 0.1899108927392703 0.3109583848048687 0.3109804191621386 0.09219390581569198 0.8912742836732929 0.6594227597530108 0.1647558760311929 0.3778453780123532 0.11878356747036822 0.2993890995453221 0.15443148526788575 0.5483128507078813 0.9632172779712433
0.02541808853932148 0.833295727532817 0.732328570654539 0.28244581247965883 0.5940564013148679 0.9686493808660646 0.15725288190896647 0.14333386853752383 0.08130950323284103 0.3946543220196711 0.6786209842932379 0.2513758294397249 0.5482593018737917 0.07045973884988488 0.3740750133120213
0.9674596083874109 0.4045050198901634 0.8380211720236029 0.8184114799067015 0.4965066480867214 0.8210208748901336 0.875003921344786 0.7590124806572368 0.09933661328128396 0.037187175187887944 0.12038975288611065 0.044718853134002035 0.7269574158645722 0.4311663396212341 0.013881175057512296
0.8262419546482579 0.3055824896898607 0.7784587574904528 0.7349254937211831 0.24250019102302356 0.01102892177738446 0.21038798832002137 0.7531563867806893 0.03480542939802256 0.2627515224616549 0.0024284297212868733 0.9092775528181427 0.7896130699988398 0.8406195665568942 0.47170310288329154
0.4338900581476762 0.8005893908633834 0.4816444181185001 0.9436426372863337 0.2814907078692701 0.862038060013368 0.5492179055700784 0.9597113825135467 0.9078461985857694 0.6582672627054696 0.8840227991221462 0.6412698850999061 0.1511736504287955 0.7972677949462249 0.7436282075417452
0.39905767773435497 0.19103500143169483 0.9521115181682294 0.8168847524883538 0.9834437546101836 0.6535797542177184 0.01976870913922868 0.6595850735608506 0.2075068133011193 0.8077458903987541 0.6845817012812737 0.5394577100478787 0.5431708268306962 0.45425689725368235 0.28242178209085667
0.601413477488969 0.1900361835885097 0.5477279429205936 0.40159448520914 0.46806479236741894 0.147209800318723 0.8119221615512062 0.2278486072599396 0.8758906522192734 0.2803529253481868 0.609173165802252 0.24338224202109238 0.7140209308828198 0.36932806696449527 0.10721793821743608
0.5235289407403901 0.8804655198027804 0.6462415674849094 0.35015945834010276 0.539846080340227 0.6997151163244452 0.38934196747690586 0.18500585028458516 0.07461593399753508 0.25599263378260095 0.7251483741487873 0.12120929713489059 0.5793099816081896 0.88803482721669 0.9093470564848426
0.10785408978165101 0.06835540759352476 0.2641363541046917 0.006408973695766096 0.901620240152 0.4295818051597585 0.9102890684879311 0.06854435327068598 0.1683753040928968 0.8540154967522622 0.7996017386581102 0.6265250949333349 0.7122238579478618 0.9402278300965051 0.6277862155339198
0.5480693327381834 0.2580705312481367 0.9122325712059063 0.697348296496363 0.09389705535760673 0.027228958648634727 0.3049669841333936 0.9122226839889807 0.3072293420585973 0.9403358498057348 0.4176801252518404 0.24494294523181726 0.7094179345574736 0.6578056177425233 0.8130907494046987
0.180039283649696 0.642556130542113 0.8252878464703873 0.14896656281390597 0.060208340006508765 0.4993358167216623 0.8300661996468318 0.6688154094931635 0.9659006435060861 0.5110794836522099 0.09406421692930667 0.749668223259501 0.7443229686853792 0.7267904601074884 0.43009960643963574
0.0074724712065856735 0.07045479729296478 0.3092282985326914 0.2702556850052671 0.5944039676471151 0.9705289646084386 0.2984304421310081 0.638714858760783 0.48744396261865397 0.06752862199028653 0.5487654421423672 0.5861255034560641 0.7638574997925498 0.9186042625158868 0.6325170559809782
0.42855063915287783 0.08674829933719375 0.2059155555834884 0.12116240899211794 0.5412728183763947 0.882653689674329 0.21525510113674928 0.8049215662098684 0.6462065824719945 0.9831836216823213 0.9909119347131564 0.09182030584384793 0.5013961530811327 0.8239951108194513 0.7905850882731331
0.039421272189890555 0.652052921287031 0.6469341978801142 0.9807580432488936 0.2155431729154783 0.43481325617309974 0.5349651560475385 0.3107974204665227 0.8587017244947674 0.740374591272417 0.5245467139979129 0.5831402496696217 0.6146700720939376 0.13439339831095531 0.48640383145582244
0.09728591428467692 0.46247029722604693 0.8125059500276686 0.9431822319913763 0.886910376439257 0.3112720783601727 0.5225587870633993 0.5012626749794101 0.6922718063939978 0.149088081365073 0.02561269861624349 0.11405042052256897 0.8141786569082511 0.5548204335647807 0.8870107596822161
0.9653447280459162 0.48114197200534925 0.8471259503699308 0.3897767345740941 0.3639321155906825 0.12793646018284188 0.13673227442977143 0.14483765414835315 0.6743362525280626 0.031645138878587664 0.07325130861306284 0.5360406523402448 0.9736964803585454 0.08036505753611567 0.13319981393544722
0.4826599810706582 0.82103593524882 0.060102260563844156 0.8828516048468698 0.12806805944404331 0.252719096888004 0.7369865586486636 0.7677097381451979 0.9704696105269561 0.8766883541990761 0.18478726098636944 0.6298008754238347 0.6400755526834836 0.7281071623097805 0.26181364143022157
0.33465857096732987 0.9968190509125036 0.3703275753822757 0.8766345450209801 0.6017756751299652 0.473693304940214 0.5776380550856671 0.698653808829304 0.3754706273456927 0.6230170197954413 0.8200371999606033 0.2674292561949201 0.8475264591924173 0.6364097715894997 0.6853175556473702
0.03372480383280152 0.5486245830497067 0.20398661481228264 0.3200332745095341 0.7256368326273673 0.7625110052880935 0.45425729578739993 0.9484638902123155 0.5747372811410039 0.88499497608175 0.873442396361765 0.5374761083838427 0.36002790939962503 0.24929563364027363 0.04139482939858552
0.7152240087205991 0.9316011059496945 0.3699149882474724 0.741042488964428 0.12291750785944489 0.8612549172985515 0.5191308959864596 0.49924343871054944 0.4814281092312023 0.13391116225794142 0.043366531334352865 0.8991721248049535 0.7882892549873223 0.34153653788597715 0.8511078565829391
0.06783181752601519 0.22568890167804134 0.6703696148279402 0.059704187609745496 0.5870146245659217 0.5563395717919047 0.08260635738608135 0.8753010772357069 0.7020071117008466 0.011651675478035695 0.4853000825324346 0.3983189173250181 0.10956642533453587 0.9354234797065467 0.3520819314975431
0.19630472009589173 0.795167897739654 0.7363015670342161 0.2174105405562028 0.16664813509109555 0.35925206873457927 0.0235534745035072 0.6984104918637281 0.42356802177035624 0.02317540182736244 0.15323414378012168 0.21596095307952023 0.6869380752625912 0.03779558770180658 0.7956165532709387
0.38454758826411317 0.9249362619129784 0.5310990494002977 0.549795633753281 0.1194919547211839 0.8081648917336466 0.9260044360230314 0.07766430426693904 0.8705248600073079 0.8698035767048286 0.9354529159227932 0.7069990589050597 0.03227082823816951 0.13452079226227298 0.7991223767053677
0.9621816119154324 0.5050632529406153 0.37828383724629555 0.8645790721153261 0.021122429771312623 0.5836109253961549 0.11187125784554253 0.8354073615371815 0.6682408740384472 0.8363878830070737 0.8428058166095092 0.009834059024059538 0.9158954757779629 0.4052210690806214 0.16358974411997285
0.6155908551601116 0.10044770827265415 0.20240073610504994 0.7385389624316593 0.9102349853666989 0.924180733529819 0.8117407780889635 0.3171759823646746 0.060874524255005724 0.610584307157249 0.5103676659516471 0.48905599134697786 0.9432212962800245 0.06805586223752136 0.7196178750250609
0.013064463346123212 0.9071212294488729 0.715856888227624 0.3662757381439664 0.203638540181597 0.24418846003484718 0.4162027627617739 0.089484698716352 0.03702885650367527 0.5628955923451835 0.7776533017443649 0.9640171660526485 0.35263206785730905 0.5274499422187174 0.9475102725722003
0.4271889078801586 0.7675889551652699 0.4490112615491332 0.8947172796449164 0.3945562667213448 0.6972564142917951 0.031283631995746686 0.09979643778307667 0.1286355370435559 0.17982635477785236 0.167240634377943 0.5146452914899117 0.2852355259443503 0.040278098482637636 0.05971899308632267
0.6325566055720584 0.7035961796848265 0.2970150748623507 0.09584346522381415 0.5176125282444062 0.92937707403618 0.6139508440190722 0.8437211413289822 0.6826438075307282 0.1636418329409255 0.03147330932600034 0.2595706611519938 0.7762340318200778 0.3163357732240284 0.17163018324079382
0.6944282928305766 0.1417872972734746 0.10935537570654197 0.6060426574028785 0.5717991369080261 0.4454674688668927 0.7221603895402481 0.0994687400464832 0.6710984343897038 0.7348558842168823 0.30198023682092334 0.9976010273060242 0.796454603611351 0.48646344008042663 0.7710186403638537
0.11459848215562252 0.23642198057450992 0.42777211312065555 0.7546612028163101 0.09401551270794095 0.8273780366494541 0.17827006938250323 0.1275429704677984 0.36620568600949777 0.6218562318869295 0.04398350661916428 0.6284339293747255 0.5059414415834406 0.13279225746547463 0.6212975779768208
0.23025269125883685 0.005905598018953295 0.8756381227229864 0.2183973152154064 0.4681190836152265 0.22487387517988078 0.4625248590412152 0.4864495801866522 0.7262092839126555 0.5438224086849247 0.8161313939361904 0.06768470139383054 0.5632775695996508 0.568857749198175 0.16564370860278332
0.5138269774396407 0.5170607171579248 0.5567811284185444 0.3631645967572634 0.20586100348948955 0.4693830994550954 0.10726303180717722 0.7161614734176444 0.5149109563387787 0.5766311408276962 0.5650175701827133 0.9700158915138781 0.984048043222873 0.9743682570273544 0.5060310533219138
0.29446490402141845 0.8821312130537519 0.9502123945276671 0.1438125136918712 0.12870127887164018 0.08332475745943935 0.04570024940832762 0.48479822570607467 0.5221258497344216 0.8597256044979303 0.595713267856642 0.5864566362714712 0.1712221152812896 0.8395725129839661 0.543142888132399
0.3273035227960738 0.6977495247394472 0.0797976987024791 0.9768230632874222 0.6849520541458896 0.8394284832981259 0.9292213773981598 0.7323607495156361 0.636485812747218 0.13151690272323968 0.11747817898370783 0.5683454502975164 0.4448571263115044 0.3461544100196632 0.29480338455667876
0.8845217653601688 0.2756775104568454 0.4260770191234775 0.06909665627152095 0.6838590053957123 0.8006803424119324 0.9002815117581014 0.4392192092110402 0.4970548565992676 0.6873005893109067 0.8014457237075909 0.4072698516456662 0.2858607321077058 0.648230058530863 0.9183868719291065
0.4676245351457248 0.9207183321142606 0.030471218843173498 0.8115670276036804 0.6168125618866127 0.6885486500930228 0.7603257607584527 0.395631737724063 0.5058422707056301 0.4281357621563554 0.8289194923366442 0.05019316282676756 0.36537770536388436 0.31339988901746296 0.4022776576996183
0.1585473119338714 0.37420687364744454 0.008955279572506192 0.0706302948894898 0.6937399380048995 0.2127315257925506 0.9077003391003957 0.7135403339342559 0.9723735474886193 0.6457470509728002 0.4267887425969059 0.9506115152047921 0.9787733667873066 0.11257039274173386 0.886182256708237
0.17194727304830837 0.725607630863132 0.46761311802751937 0.3230868688694394 0.69819604650719 0.9617837428572026 0.2107852540740922 0.7059261078814335 0.7069318555858342 0.1644179650551827 0.7746552452719114 0.4031066477828077 0.180283757493939 0.15890386073774487 0.6940801270460732
0.434682668186673 0.27814166289274356 0.899580315934626 0.7740587801488842 0.9891274313922997 0.22192955834853945 0.9132270869271649 0.6928509440182188 0.9227719076508085 0.9858521019842893 0.6585921338359128 0.8299429693123764 0.4760715863068308 0.8356839289889516 0.5873818240893965
0.49223072972338366 0.23871473132227727 0.02958538519485099 0.0056212150033488895 0.12682935059926115 0.47468632286205836 0.8010922655465501 0.9290186763332383 0.5552077017136284 0.27875388814966595 0.08134155774493712 0.0019453182585832396 0.7408859984461957 0.6774428149621963 0.28575889815777666
0.20686640382096133 0.11172220387842668 0.7104203198888797 0.8898474952252342 0.5295385513224011 0.9978538399805036 0.7323088171094024 0.4493826948581877 0.9650128927830143 0.31764905720436465 0.660301076464049 0.18223016925185453 0.2504610602039222 0.24656148625688523 0.659551003766071
0.22216966507660096 0.4930675793570226 0.23757130472419885 0.8061653153627957 0.17952057267919075 0.4247082607723711 0.42693453509872126 0.5967234983392253 0.6990295594754227 0.3598615160748322 0.1552517336597743 0.783604250720668 0.2923943865576909 0.059175572229815065 0.06140582726866928
0.9069986008655047 0.8409623937249228 0.6083410798315381 0.9657084571804728 0.06734166653291351 0.8135558323770263 0.11039545039358167 0.5486328880987993 0.9359959358167825 0.42504091693148105 0.45931196464566626 0.6528006929125352 0.7373710459129185 0.6731706055174517 0.713702360131786
0.8884286563253577 0.9522666027996135 0.4343959134324664 0.6216895250996742 0.1062310280715052 0.7900755806581904 0.573754653824794 0.6614823134973241 0.2168118589182768 0.05658824609474411 0.3296097849830695 0.5569115698775527 0.7818705095188186 0.9044873589123729 0.07092460037432291
0.6031631716973093 0.780083305013872 0.0952273948418847 0.8929253691029744 0.29517008107063025 0.9593126623502675 0.8238420175359137 0.41641626886513583 0.6896019723648584 0.2268343161798131 0.862325399597911 0.5866758205877997 0.651118130031715 0.6005628125702659 0.7625849409070354
0.22977752049224054 0.6345251896975608 0.34679343946094066 0.1265640563033722 0.6173419829619741 0.9367079811609367 0.06376894411952105 0.4989855088324672 0.31514168937461606 0.415678911635854 0.6354178765018529 0.26726741474882654 0.14664341215410193 0.5188168853714213 0.17590020503971038
0.06351533372855611 0.1894878030346947 0.08834432755558064 0.3131357975465743 0.5550956912125289 0.34106933761045277 0.819316666376872 0.4182794346038019 0.1831471015109265 0.13879391226044557 0.4338754733950454 0.6781457426432338 0.3624879239220222 0.20125587958982383 0.6052434599881554
0.22887614657058597 0.8917299191004012 0.8684896497902796 0.4159150225716173 0.9216794204150945 0.8390091941536088 0.3626156662943778 0.6667238362208383 0.6752657219938627 0.9665976265211605 0.06461443900950348 0.6669446300239441 0.7846340843741214 0.8367590441716733 0.3086260727221557
0.23031334402580816 0.002161477712854576 0.10156632667614329 0.4320874944502834 0.47782604241791493 0.6844809536006214 0.12099710108634976 0.6881825899743189 0.7054040884245316 0.8074258780443474 0.9764771958948906 0.026495878821655383 0.012989012465861927 0.19135547778553197 0.15114236646814727
0.6784230924174018 0.6113573724105059 0.850466743689846 0.6334411040103215 0.945806914823734 0.7239226699813925 0.9822362934385022 0.9673019647311931 0.584429921215562 0.7830175440118775 0.7469251798636639 0.8199409953009321 0.6984110302081415 0.18362618645366602 0.6521185744007965
0.9674863391149287 0.11721527596162917 0.2022636545714912 0.053561144710456365 0.20894855160432435 0.8139016547137756 0.8146751696966688 0.011088407399326039 0.6106665169125612 0.04139688507600159 0.053254807869020815 0.4972430149396708 0.6562112006972671 0.5129979418661333 0.23356019905200842
0.7462041714523204 0.3308298292790832 0.13396954355974033 0.8490256645804146 0.3519474944285148 0.9048658198848428 0.5030169864233722 0.1839533491049149 0.5770914699065589 0.19719062368857165 0.645579406814524 0.7270882573707891 0.2176759768517571 0.3975353245537493 0.21530149672184284
0.28155938806344794 0.2841574374544795 0.10571185518467985 0.7057068004791662 0.26169648425845493 0.7051935963312531 0.10606437987360362 0.05100930213163013 0.04320753601350458 0.23833120187908663 0.5370940274388104 0.36316390600413795 0.3904294131944689 0.7804974273407977 0.5390506563693165
0.4516710050521239 0.922840342539756 0.3112363303255532 0.16638771993716883 0.20331384932359686 0.3027495643297178 0.7729197474842325 0.3373275471734154 0.8609218819866766 0.3270557104861367 0.29470157046086143 0.8593857029246079 0.7334170382563059 0.38819278720166783 0.30077304044924547
0.11755502845170929 0.893814290972303 0.8328583198722124 0.2085164241255354 0.8409513458130415 0.9775113132478466 0.5918454448273689 0.618442511193761 0.4740744243489786 0.2801170251796069 0.08027693322446516 0.1253374689580382 0.07043913441782312 0.9722319284488605 0.7747657529028453
0.1388328130190991 0.2991838250033083 0.3980077283978577 0.06250359046966503 0.3916518538371766 0.10936380156418934 0.1049779053899853 0.9270048892379161 0.1350748405431872 0.8319900009321369 0.46456441733963183 0.7862109585825244 0.3737040698876005 0.0164741471974873 0.48583054528021885
0.33088478868179994 0.8753991913704586 0.09599324196367043 0.699462889581614 0.5247043582248702 0.10729251975129117 0.055388074891026706 0.7946309625643444 0.022188246119128396 0.695082292032749 0.6355615228102804 0.028285637392877372 0.13656421847846723 0.4803419198148966 0.24994470481843833
0.29462231400744043 0.1469180118237272 0.759371545128667 0.7114497752570238 0.1418490686189846 0.1724358022836927 0.8271576632150371 0.0724302316454104 0.9540632655671427 0.06128098603752408 0.521295679500266 0.3655211682508023 0.9779549454458666 0.7426218866309712 0.06326879670963148
0.7998332756489768 0.867219019522195 0.2725537574776886 0.12826672742971656 0.014825974697623256 0.9419723579240836 0.3681352326665881 0.7397654933682032 0.323286656289549 0.4161359449290548 0.5684856596945911 0.281379728738421 0.4851948591982559 0.432656552859362 0.2878663732976007
0.6460374133988994 0.44585109067470596 0.8646060370175427 0.9328957315447124 0.30131617598933746 0.6445024263000633 0.48961080829013615 0.9445237695242986 0.8398192299459525 0.9537976790847084 0.3257278371931708 0.09511983765748211 0.40475824689868956 0.045757453713372476 0.6287977263120551
0.6220019301401613 0.2334495557131241 0.996544985472555 0.29446955496939775 0.810964074389855 0.4452189366375776 0.24017604495093559 0.18250591840334718 0.45683407664118536 0.11524939078466945 0.5604072994370688 0.18664100114570492 0.22282065009237562 0.6221954118011488 0.6703940289812947
0.71017856776971 0.2963855663827193 0.2349265286650376 0.0713101632533083 0.5756803790285462 0.8966029090729285 0.9125511383100978 0.3039745805842835 0.2965102228422284 0.1264442907472284 0.33191213776639406 0.41162935557802316 0.06866240145003355 0.38315517399186005 0.22803327800771067
0.41736764976979945 0.8032176582464783 0.04086422410822543 0.23553563499021413 0.8863096314812855 0.012933713326186758 0.4017940686240886 0.5528316885281822 0.19047728570678812 0.3908914330477997 0.975918481914821 0.9159441803907443 0.9234197307969821 0.4747820353555441 0.9936374353061461
0.5650855518128461 0.02199307844512466 0.8773342880647006 0.6820181754408375 0.114673140534577 0.5442993956497546 0.18154535877725098 0.24237703961718815 0.4962441372134003 0.7256420348453312 0.7487925128664769 0.6554530713456531 0.4337736334772988 0.8884550507121027 0.36856713740284586
0.4101514224810763 0.23218771710818475 0.017517059844752603 0.8904867148196512 0.002810693768007577 0.012403361410427971 0.3283602968311723 0.7224040974135036 0.5861751592937962 0.9100149696072426 0.9546384712338383 0.3528481133487381 0.4607296461319381 0.16978729838501516 0.9593173574888804
0.8616926930933417 0.1957805062837027 0.5144032662518314 0.2349045775101194 0.7198667098195475 0.04364393194710736 0.64345399958087 0.49953590440638274 0.0470803596039725 0.9675281779965952 0.22744784400798868 0.5185876203236606 0.8959574189576351 0.042173969826307056 0.30165418148417233
0.8855852899978256 0.06162822427025727 0.20604293063931012 0.5358862967127207 0.18153153576466918 0.3777505494630139 0.3448211043541397 0.4588677343232038 0.09837669494077439 0.45309101770051297 0.46823083673486543 0.3496144821299674 0.16020751563207558 0.3272129507017305 0.30562131548024196
0.17330519772676933 0.004831270722325809 0.5794808387605463 0.9905337544594899 0.6354003021266545 0.7987836664715746 0.012505848056976077 0.6304148908181508 0.15531019623116826 0.25039052465797385 0.14932068608811966 0.46487800377444133 0.3197013999719208 0.8583652765131644 0.4329858551836858
0.004387934886530109 0.16556911146944786 0.4875252433090752 0.19799440271664315 0.010972879382818768 0.46449318011576646 0.09856156361357826 0.194755133595234 0.4335421145954056 0.03203392887525269 0.4753992986535307 0.6915989241429559 0.4426157369527888 0.9700132019007932 0.09153537708074366
0.9531673293872103 0.5227489098949029 0.6644648859122898 0.8358443125605627 0.19970520073650821 0.17565945400078498 0.30832856863011904 0.17869215116875725 0.9886951904716573 0.16304459752577916 0.695498882013466 0.5008018741014953 0.3284341095079022 0.37529889011739326 0.04163196856436446
0.7301640988327716 0.7325663376645646 0.3508221250305349 0.6271500611738805 0.13638894997128803 0.8552535547707475 0.19033240869980117 0.1291733841515672 0.11724626390724746 0.3085731600552225 0.1115763488335576 0.6116488775590155 0.07874335391608311 0.7569030652642114 0.1720547346962361
0.276732924897245 0.05794030853825971 0.4074635836717151 0.7508585923834045 0.2455255558834093 0.5668051762118417 0.5718519308080257 0.22543736698846495 0.8325416735185938 0.24576254227460115 0.06031837839734955 0.905097035418583 0.0058446667030874755 0.3071904206911351 0.788697431926489
0.6902529614788083 0.9835563658684894 0.4219724198256588 0.12732167019591467 0.11493897230632033 0.20749661661832564 0.6563132644532305 0.2019091980626483 0.3997997023420683 0.25599451860179845 0.3013775445042326 0.5683307929871455 0.8937714728674221 0.6104528256840874 0.9549130610946657
0.42632595724655253 0.8148819657501137 0.5740358325202479 0.011871724737233746 0.8116515735355784 0.5140763122733596 0.055890086550902995 0.8001424355402272 0.011811092818374891 0.5807038523230641 0.38059650792009947 0.9578621132118533 0.7874256083772679 0.9842757555827485 0.7600912874154653
0.2903725242563028 0.8494730987069415 0.10433118480966364 0.5740825308468767 0.26774181957794585 0.44203541008071434 0.9387251901632288 0.14502786664384215 0.5278719696968386 0.810857102995303 3.7897193387692596E-4 0.26502815679946023 0.23556407842828297 0.7999340489216972 0.41350921391765205
0.33453087567277284 0.91451549179588 0.8115140206604657 0.5025799423608794 0.6065260307674074 0.41707440073032387 0.88930526412591 0.7306968968891007 0.6949566364501387 0.025678578301696953 0.7403533189544037 0.1888908144433492 0.2023548050653622 0.2902569915968337 0.09796043979109648
0.9637129657246793 0.04925317711608235 0.09747452654840527 0.9461856657408241 0.6177923601866467 0.8467111334326696 0.6405512739731318 0.7758785165001286 0.7064809638487302 0.44333390157243957 0.412489864370026 0.22286188383906236 0.7234396534223081 0.59945156758593 0.08089541952648738
0.15079550940820918 0.1189944737237355 0.5936646244878958 0.11917474783134219 0.48441416131461645 0.06731856807902092 0.4507511527362239 0.36675252514976975 0.8732492195279012 0.4719730128431089 0.39497016661621254 0.2700441921171415 0.5716063207473039 0.2940648792876023 0.07908470274415824
0.41627617990267873 0.7574860697654877 0.6632585184707815 0.11696693254757418 0.11384677050710701 0.8812984790183621 0.3891022343748257 0.4564371714448523 0.19577115766021014 0.534635838696878 0.4286088018037867 0.1690274646047285 0.9268567346354923 0.7600334445398618 0.5857553241308753
0.3046491529700813 0.8806060473469052 0.6845607691511489 0.21954432615700636 0.5616836110708076 0.9184459301925232 0.8532502505229755 0.019494215931467718 0.6568039201491149 0.9517336677852503 0.6627852045695474 0.9709043843724747 0.44387408639366255 0.9960918412462709 0.8515313888975115
0.4769663802650984 0.027562309486948045 0.13797562455135903 0.08891214825165461 0.23076902260182663 0.3448429646960566 0.42497771265884676 0.3252900748018279 0.8374725734121272 0.9463514967230146 0.3642272805493958 0.7129327270931873 0.37540282291718463 0.9995955026347331 0.6673415233599178
0.5893037262759273 0.05454284705583945 0.8573140832277899 0.1157394604449703 0.2258350666858424 0.881877182471717 0.886817020824422 0.9367293799717817 0.7884997432076878 0.7752687805169722 0.6399236788014043 0.8786329595032869 0.23091879035166119 0.8810267620809082 0.858161694355218
0.25231030471467963 0.6464001352434784 0.9450484671621634 0.2541732446694791 0.566802363236793 0.9422211944969021 0.4633968835068011 0.48781704867461495 0.028407979636000946 0.5676309560532463 0.9954002091167808 0.264242330086244 0.09536506214359441 0.4264615587270577 0.46083768987728546
0.021250616481864215 0.48440629443219063 0.03590307130958126 0.4625014294808477 0.24454984631976096 0.5108121393047362 0.4549098591748424 0.6764017367639847 0.05204506599599823 0.4101845206773348 0.498870210320263 0.13410880833258654 0.32209801224040824 0.33801703747335954 0.2815858442938868
0.7852009848130059 0.3057278762655775 0.0722385201429776 0.18127086592670238 0.07251617407003841 0.35901421214500073 0.05425842265351111 0.914195151351898 0.3788793920655278 0.1595018177274401 0.29564439861901404 0.5177599702560386 0.11120610422121624 0.5291969290289219 0.8504134711765812
0.6942083409196349 0.8763576654583592 0.7767827681679248 0.007020424324344021 0.14683691838988355 0.6728516257122178 0.29297178613348673 0.08947776630514948 0.25248929662145925 0.27350612377228456 0.9854507423142399 0.7736440619013871 0.6572759643950248 0.0063244381103341185 0.023664165454715724
0.12256824743905137 0.15687912821413297 0.9544020452538098 0.2787205534507383 0.12387972501630717 0.5284652563052727 0.19036541653222838 0.789994592502931 0.37256506267731704 0.8181420923148477 0.03682778745425663 0.5675384397731867 0.6840740315038196 0.9560609442816966 0.5015743765277665
0.04820306542671249 0.8455491477904059 0.4706792739643838 0.9746657768403347 0.5634107982043088 0.41707449935455787 0.5043623081654683 0.9943745223534465 0.2478086891539779 0.48019116628955305 0.2944168786225151 0.38984691649045855 0.9205712466249804 0.49752802789961725 0.7768145100139151
0.39060852369310584 0.6049108299166283 0.9952485665924232 0.9942748703309733 0.35650818905597714 0.5163922988053883 0.6091154377663781 0.5460448805810939 0.6264221116264306 0.5469379794481689 0.14532671134685493 0.40362257467308904 0.6100162342695782 0.49894807415620634 0.6988783767073252
0.03483926337710319 0.6540914310977898 0.582750596374811 0.5450604698334426 0.928127243035748 0.4035127601364227 0.9806339168021688 0.4737944997975152 0.28946446682847715 0.34645064418294613 0.6020043152551402 0.4718723551686066 0.8964019807359391 0.9846382169129841 0.506749591967252
0.17475778989595292 0.836743221514007 0.6015757904381692 0.8576795002162153 0.30746372388877186 0.13385931118901462 0.9150899431864358 0.6779519267232662 0.4131196213927256 0.06628776005355974 0.9953812272659479 0.13568371990569672 0.5281950674832396 0.3261763987013312 0.7056710417962057
0.5554835109370037 0.10494724687264034 0.02929842407481964 0.5797849769567925 0.8654331132572869 0.40451157818024597 0.9887784330323889 0.4894861874599641 0.7280833925229688 0.7881558536095965 0.5953333785826204 0.6740991617802952 0.17531900672224732 0.8195707263589489 0.1087463994748128
0.7059407356043702 0.16948621147348497 0.8576701915196049 0.15845584560637382 0.7473017271250662 0.14696614734504465 0.8672273538890026 0.7755552533095563 0.018199192701813027 0.26541598244468434 0.5037726272918426 0.33416494490084203 0.7388458352263912 0.7721885323562786 0.139533132529171
0.36704901295731396 0.9367595740756638 0.6389806648963715 0.388792978125142 0.33851656102634176 0.4156631071294872 0.3665493859254614 0.8639064951836656 0.10705894714571462 0.8717995083096007 0.6533739615322652 0.34729738957123724 0.9908403022318852 0.6130168197557165 0.4434312562962208
0.30012900252857067 0.061070960631351534 0.586950785586877 0.7207904467857067 0.6449315736592618 0.5314590673248927 0.4568617349085413 0.30252277649591386 0.05732485630406725 0.8863486741711841 0.27715823144683216 0.7964603692397909 0.5810753663290182 0.6958170698841455 0.9153661976999965
0.8366280245893215 0.24107939512495102 0.9029182213259819 0.7432794021188454 0.6867102073752669 0.47046443443757313 0.7364230222641294 0.2772533227954954 0.3107049745143483 0.5908531276429609 0.30182125033976603 0.3860811393832204 0.04995553860200164 0.28893559217779896 0.33401439580266123
0.4046171518269086 0.11703915973391021 0.01784734007909028 0.5570420121168862 0.9922894438662987 0.21953215940632154 0.5184517881414151 0.589349079700339 0.8578702501944382 0.7604589140820659 0.2034776615960452 0.3575151939040421 0.5353488611814833 0.22727184520667332 0.9765632899203729
0.5370309286784153 0.2404788128717461 0.5774982449833485 0.16861172138656721 0.6256206404692082 0.46354734063457015 0.6567290677295269 0.6654610306215926 0.8727750077935712 0.3611416803796317 0.9434138151820621 0.9737273778053342 0.43857084007380964 0.19816348361138614 0.20496469341951495
0.9257784579243786 0.8355191958795452 0.06106937179562033 0.9709621254134044 0.960147392649836 0.9190980397364248 0.8142915527702647 0.08179325636721346 0.43029837904674617 0.43578815715977093 0.8040196626246292 0.9548432772956299 0.19250714267664548 0.4118467851279747 0.12700134542187236
0.6253996877075241 0.8027205685552783 0.4717160221260117 0.3767454493196212 0.06571729711640706 0.012611532031128414 0.5118782504077761 0.6554885331869161 0.7632320279168413 0.8966468633527443 0.024134018195143936 0.2975117486523807 0.047699764871034 0.8648371835869489 0.7616926972328041
0.18787204232302257 0.197076220028799 0.019939712943776833 0.3721293092826926 0.7803376109762247 0.9232423641472147 0.8032363485448955 0.08317622708385963 0.9192947846164741 0.4412192792287829 0.6396104995309039 0.5204811879477206 0.3526195348104597 0.9593052536762555 0.34049881345306254
0.2608781735915734 0.38598366502958414 0.09260713801267983 0.35239394621852116 0.7803811102156755 0.47379227354711073 0.39872689849712317 0.5489278342159798 0.04302503823561832 0.667925421868553 0.9619033059078552 0.15616474161258798 0.09484248576579712 0.7526837632707618 0.7106981497945168
0.5735865476180763 0.6766779643005738 0.5828144268282647 0.9443547547005419 0.30735279595117737 0.05020682534839649 0.6112198166228736 0.36424644232539394 0.9677710165889404 0.9434390489647873 0.8439286952050606 0.7593709968042758 0.29951314529495565 0.7651522996796424 0.49213549796593603
0.37863650361432866 0.5109662330758983 0.01211349585625443 0.4045903751949834 0.9377230433850451 0.7482070604737552 0.09861081249026715 0.9583488620317218 0.1545938536140784 0.41944125710310776 0.6747335561523781 0.46186697401910504 0.6852680832179168 0.21735028046076466 0.8680003050774985
0.28165363603287075 0.34025734745070424 0.10963967432166033 0.7823504633455007 0.8421694780347252 0.5021062485158418 0.2721849194199225 0.01917801505701966 0.3683869521051688 0.7357668387839447 0.9245219008071792 0.9470006897306842 0.7414038406408922 0.6860758674989502 0.2940310192521006
0.9395213098067184 0.1197285088940726 0.490392477172509 0.4830152417379202 0.8262528563974982 0.0423318088725142 0.09949342838400133 0.8419742596327616 0.35554213767399045 0.5742872766034235 0.09611173932673367 0.5627281656546408 0.5567413938142949 0.6817975699420973 0.8280440510652756
0.5966458793230636 0.5064414268657155 0.4306319976600349 0.9315403276586547 0.6760849915078856 0.15309320283034467 0.7904762407774403 0.6107295926868254 0.17125117918606336 0.5350097656653159 0.7974219176870592 0.3601235650031631 0.750037249028278 0.9386538080650806 0.5778007637707095
0.16977975869427486 0.3250027873498633 0.2872804182245319 0.26879370836717675 0.6364940985453321 0.5695078723725641 0.3244188884313789 0.1847230753250323 0.8194329357841552 0.3641148706848373 0.9623410170249059 0.6726611137460611 0.12490237046422648 0.8947246887466742 0.5025778183231534
0.9769661923704163 0.982493004958057 0.7655148977198742 0.3037103811373808 0.08958337841470865 0.5836262420229913 0.41259920549635465 0.8710750222578044 0.001423135589200597 0.4935682028990719 0.3084286230747153 0.27368624258145824 0.9898588177577355 0.5192656996243068 0.9323070754102493
0.25559593296599414 0.5783591035548459 0.8178982973283871 0.24899498048970892 0.4020706502872913 0.5864996557614542 0.8648291413197154 0.4852264895951445 0.24538327376290103 0.25207312199807264 0.5646765543414398 0.32306714312592544 0.2506789904243474 0.7517446023275419 0.48551744796339136
0.23939078081070675 0.20929031363239314 0.5726754557442874 0.9237724281053633 0.6123556410048341 0.6850389083122761 0.09476509442043646 0.26611197242040696 0.388611359963558 0.8084771213320805 0.4316369851845616 0.9047615030712002 0.5590701891412547 0.8946854059537472 0.04822176985182014
0.7838728968892287 0.4264272760985989 0.07215613167455637 0.9237666932630744 0.5071686563355176 0.6642161832940117 0.3534585419659242 0.06132728429484202 0.8208539501874635 0.46503785786355 0.35279332596427093 0.95827382992173 0.20083111186592706 0.6547023157223267 0.16120962797072635
0.24707164545066806 0.21954001701697579 0.5093743170026905 0.7271711534808325 0.09157060941221984 0.3452870189490218 0.15441543923573253 0.4583224152757728 0.08126643573032877 0.8357136981126216 0.8464669283179563 0.6597196077468883 0.3044719552621761 0.4270965320490355 0.1444189605621895
0.8544555905892532 0.0010641942320031017 0.5924570329157537 0.9602637039062782 0.9945215472184772 0.696448528285296 0.2440009573805112 0.7474310179820572 0.06291260521404252 6.090090017434324E-4 0.8891949279644834 0.6320571686607448 0.5923986070807811 0.31958906813434584 0.41482675711876926
0.12173874660434614 0.18204511921140043 0.5714748511280975 0.8696861524645649 0.13667510269040384 0.17948396315052062 0.6249286786676941 0.8440402373217842 0.49970471486954526 0.3150966437731184 0.5855477091092168 0.30286840697998485 0.694591835294546 0.22368809340224616 0.24379885666028633
0.01985952422274384 0.6560220517222911 0.4698920746965879 0.9680077048656183 0.08046370668673253 0.5901161871142835 0.9054638949773179 0.07685588667912946 0.2748299157372207 0.3408742213783019 0.9297799013673278 0.2580677490260861 0.5852501008410965 0.6158121310072058 0.4992773990503727
0.9134437369303244 0.3877686838530102 0.4631558682712944 0.5372329406056381 0.40512468589188566 0.4339063796878938 0.7533089760730814 0.7321902402463966 0.05394749030184831 0.15598589903429938 0.05891105418275788 0.5815141786162414 0.39797928454109854 0.3483355892943034 0.25065660148400615
0.9359601900384247 0.6577939594991867 0.8166874789680949 0.3301447960502404 0.23181359274932134 0.5747813021497318 0.1593738490725154 0.5063825519975442 0.05906612688582602 0.7897554236404687 0.446466369682899 0.2891647256459223 0.7072626480705276 0.7113560877501215 0.19679073206112463
0.4204070060940043 0.8550633576624228 0.3872128297344005 0.7177885307541397 0.7936083996415213 0.6252322882942941 0.23556842351205998 0.5694873972546749 0.12197185492169016 0.8136759984105282 0.6210347316837788 0.6413797443850545 0.007313222812335485 0.21932098941816802 0.16538061565955076
0.08979863719373438 0.23474026806971637 0.6510322023102819 0.37272825808381294 0.17341961460372746 0.5721847438644682 0.368438956382818 0.6182603756464269 0.8458052163694251 0.08922284279119796 0.42544892054862715 0.8005181504900416 0.8164488136178821 0.02621969804217228 0.6283947554239376
0.9895951833287742 0.6755628052158155 0.5426867052458242 0.5951719765267264 0.21701051360235868 0.592896053326841 0.25284026380451474 0.7073907083098712 0.1477692911555809 0.047153505264491136 0.3167038168468177 0.5844782061453846 0.7510970433684518 0.020130980593283998 0.9966953638359172
0.07683306545969648 0.24355941291504501 0.09846654590619353 0.012494593510967489 0.6745455116625043 0.5167563521014297 0.9659490942946044 0.7310857384500923 0.6588635747082345 0.9815057254445396 0.8406140812786165 0.21422318775428684 0.2854972614871739 0.2614085514957095 0.5133950392186912
0.4121686738059963 0.7820183956574955 0.45091398097250524 0.7788886602746701 0.34040081710346326 0.9660272335817027 0.71647918364472 0.2138306653965767 0.905098718114547 0.8464206411049049 0.8641454851601414 0.455168231135076 0.1535531534895287 0.657011542286784 0.12282902602294055
0.357153872660652 0.11726084194943143 0.389912890368589 0.7998506118512964 0.6656753802794745 0.08830803043404445 0.045513321558005804 0.6537056891724783 0.13807445765753623 0.12375198095998319 0.4965360975610973 0.7988027064559736 0.3579966444881645 0.8080599967842901 0.07558702911198512
0.7078736448154123 0.8473536611071352 0.8202674543523553 0.7387605765301657 0.4099881905368866 0.4612685141322713 0.6503677130374311 0.9322881519209256 0.2955785509780421 0.46691299923762664 0.8885484284049665 0.09487599960796045 0.03460925013790317 0.15343586970691514 0.8712403986351893
0.0652947379696186 0.9900023702872396 0.2977192187489365 0.10954649370135494 0.5329461142391486 0.16565540471154738 0.31948987914710825 0.8484698403590494 0.06854704880374929 0.16686549820232865 0.49935124980708845 0.309462099041121 0.20273483895775213 0.8707002423268559 0.20459068839901973
0.6541640137453356 0.48231154171669177 0.5048320471654035 0.6701556164423812 0.47381239662203245 0.427009643948808 0.6155793423432727 0.5159819997815637 0.6566385370775485 0.8340752451356533 0.9693746300933807 0.8468963800194487 0.8146854873231351 0.933628721202599 0.7766059767056824
0.4776030717766234 0.06182243455838787 0.4846772799467377 0.7527548711510819 0.5528060378992591 0.8263366132313594 0.019817991058508566 0.4389804694852376 0.591304988913708 0.5543341376462105 0.0960830464274044 0.8927759052722566 0.7729435945221363 0.6142831595815964 0.5900444575968454
0.32904990267862677 0.10857710046580527 0.4483842831147343 0.7872080902962122 0.5429630124114542 0.9857658619534104 0.03305427402305583 0.25889193732394866 0.9780739063294056 0.46668979861939097 0.00866136348060853 0.2941972793070349 0.1168288938628147 0.6298185423969095 0.41775152579762276
0.9603453085304708 0.46515316882997726 0.1931603767509662 0.8513565573896618 0.7015659537203495 0.7788795205618511 0.6344530528603499 0.9445770311412163 0.7548899986721448 0.3369768450520957 0.03244753497605468 0.5854839371674798 0.5606090322560714 0.0050169489475823115 0.89347566682958
0.9054848788979993 0.7758324920744827 0.5520449840744198 0.29878147476870853 0.10465232897106158 0.46148456549718453 0.18499548878650696 0.810634791574703 0.4321124391206347 0.5062482549357465 0.5470223106171835 0.7090352019715174 0.18944519411055716 0.37537763639225386 0.48958728325964973
0.2958530677037423 0.4541477537248866 0.8279634336243458 0.7728796235135399 0.19954379372965547 0.3305645015040318 0.3331513605963886 0.4751134994496562 0.8411102809502298 0.9272891523875082 0.5339764624746799 0.2984790931735831 0.4807775988462487 0.9328952057034222 0.25689075963887464
0.14799771852038968 0.5548833630284463 0.615953449217905 0.24572588492351655 0.32925949040260505 0.3337756279036972 0.3106461141901107 0.01074595418323887 0.4619972543394275 0.2840498962257899 0.9658888708430963 0.9266105018391831 0.738677993608041 0.9022455422324893 0.13372397444512296
0.9874809942603475 0.4707692655073955 0.20216103348755154 0.8518489745789182 0.43316847126062674 0.9600644204921456 0.484236401214597 0.23549654214063265 0.7971345427723048 0.6084273969951144 0.4929905541373777 0.23548404260311406 0.7953210040120426 0.8365443300991783 0.5772902417268599
0.9421009915712003 0.8741984683774293 0.820745361867084 0.008265825427669182 0.0186058457248095 0.1670875401804479 0.2766872957995553 0.180979208004992 0.3334542119823941 0.0697209291325267 0.5196638474927894 0.028487308106808662 0.6269822403142749 0.6391782371864153 0.8135365492105875
0.6107339555563329 0.09612085172631823 0.5447398614417048 0.5837569257563556 0.5057425326596581 0.10981773785663096 0.35487009564179817 0.41467597526129574 0.3268697568293324 0.8781954974395044 0.5314534631385274 0.877314061093394 0.4174211620564775 0.7900764883416626 0.6205732019251741
0.14099132150259608 0.5327169635904655 0.3063554238673988 0.7785335778001755 0.01069415663588591 0.10973695590799804 0.7508037200958428 0.9524930187880672 0.5017812218907366 0.5457612478881855 0.0752397874408387 0.7469884573617024 0.31460778444801096 0.7599632891147012 0.6926019655100291
0.25079515076861203 0.6038746820784398 0.1957007459411898 0.7693119898013933 0.8729811603063375 0.2509840326831858 0.3362882112713944 0.9474183462369274 0.542678746693715 0.4424111554328556 0.7533257279962846 0.327360898116449 0.46400966761915674 0.7330778548749006 0.6841953348366824
0.6837990312449523 0.9857650778050907 0.9309395215386518 0.14412734479841371 0.3097977899419456 0.04485510043994245 0.0774745851596148 0.6182770673196484 0.5887675063810273 0.07320690989784095 0.5184919101408316 0.4505416474128442 0.378904672220739 0.21970426316358183 0.5606474971937212
0.14838596140328453 0.5614822994423723 0.23192573699817653 0.49128931558495725 0.9567350957659511 0.6521907602181113 0.36685270965931405 0.8027250333099362 0.2190308696203367 0.20383092606969988 0.2553823683090828 0.3067343263111775 0.2398377451940078 0.8390129075434354 0.7323947575228489
0.4511236040268676 0.5909238339632972 0.1431161102437929 0.262287690081365 0.5573481007242551 0.06153055733442592 0.32061660169616124 0.7393063574600248 0.8867023981926017 0.7435843448901466 0.4719905455089882 0.12265950392081049 0.41230714496399 0.06389289798898201 0.5837534578461617
0.5783274736840273 0.9250964689545104 0.9279066691395785 0.840796302859604 0.5426317789011644 0.6342366886221059 0.5234165863370853 0.6680318625395076 0.39704988987541745 0.7358842303623179 0.7475970223783417 0.9874654866889613 0.24942274798487563 0.5189163554910298 0.6670925953815295
0.5371565435775195 0.6536169997294418 0.45224568195068837 0.8983865617659131 0.7401380286701994 0.9678677316358971 0.35555509675398367 0.3044769095658124 0.5342136507049382 0.45144141468348753 0.1937676525705696 0.9439265199737217 0.7776530496051829 0.1299233351933331 0.25529074842569344
0.7796414531809527 0.3311575033346733 0.9213471490148317 0.4750522392545211 0.2572716718109731 0.6830700292879879 0.5085490146489249 0.445571351816485 0.49691670725959636 0.032655224866521615 0.9675421627474818 0.22278471003352007 0.5068584624448753 0.07537601325358856 0.21737229231871968
0.3780737850935896 0.524331936025922 0.3444455762895082 0.9438279107995494 0.8739170688422164 0.3158840256202202 0.8545350443041685 0.7675440417350096 0.24781639022701252 0.02865951393926769 0.9663681117676938 0.07645174586517944 0.27762379729928877 0.9739923240085702 0.8450362488493522
0.12318975817043287 0.771121672385007 0.5459694606645039 0.6202190955589699 0.7000088458142162 0.37368554681677946 0.3301736624437498 0.3730965200836245 0.9468635246929706 0.3200853164822547 0.34160047384139924 0.37259023591146445 0.6227995950600189 0.8699575267930576 0.2457837987233089
0.5626744739063889 0.4764104486026982 0.761207769309147 0.3634537383493558 0.16284674234229857 0.18804872560015684 0.3915784890031613 0.23658899959020552 0.38545149294806635 0.7246441663903155 0.5958448182097844 0.5425157050822149 0.6964005458764843 0.8473926910727787 0.8245767186650376
0.1827431548156666 0.7499363781454911 0.9432454826409605 0.25013307946095975 0.44451621478705694 0.11343536001405752 0.3130412144549404 0.8265292824727215 0.23560336405269988 0.1648498479130983 0.5422884802530065 0.6120469837819373 0.5266279886183419 0.09323965297123116 0.6050194752951029
0.7269306982058132 0.30029005722714974 0.7619449051642626 0.9068003238575415 0.16324320938019465 0.503113987621186 0.30430367997244434 0.559897093172923 0.28992734326151837 0.7228979960805467 0.7134197369123731 0.8017609820495224 0.3033491723146814 0.5738287000480213 0.3603369814152172
0.6174100976070651 0.06207383377383768 0.06126452310544783 0.329078846331042 0.30694912756920345 0.7143513979218932 0.5194797767660508 0.6923625180364291 0.9513824806884132 0.2777676693144284 0.06820104040906572 0.3683992533663818 0.4730405677047017 0.86274034583341 0.9175559917033564
0.9970438116490276 0.26135287445889965 0.5450182928833373 0.26609418160343434 0.3526575606383002 0.14036521818514136 0.9870678625074851 0.9828282232625538 0.17140110611559278 0.7913135081068728 0.784206868634707 0.7417829349293913 0.9122743705464579 0.6117291889020748 0.168573409120243
0.7863291728795355 0.8940729990841516 0.39196690504283604 0.14249311331017356 0.040617741128365914 0.4545321706928013 0.12070786806875355 0.3325354101024218 0.8567184943044484 0.2632797752195034 0.6929070800457062 0.856525237955894 0.2886080850395787 0.6868231213822571 0.28681665511133225
0.2780039968270912 0.41793939995973806 0.151644571080485 0.7011311510288419 0.2861094476546313 0.9215646863930241 0.78058279525827 0.9989652512533224 0.08357127566744527 0.7670730230716356 0.18802875883863157 0.39228798405495824 0.5914951974098703 0.6501426076101683 0.21106611657025764
0.41860189731705566 0.48683550668880626 0.5462966838863036 0.5265377907473677 0.11106958498350161 0.7769321676256472 0.5396913617309914 0.5581221238243717 0.043953847683086744 0.08521527003987883 0.9128525994373377 0.8128534519729317 0.8471521916557282 0.0731559098277117 0.3338185841484643
0.8031231253118005 0.02677026876561739 0.4557701627695808 0.860932924405522 0.00804941189667785 0.7030926086377073 0.8814575374738356 0.4005731203010948 0.9072052661467789 0.1829738285931296 0.5416839764746195 0.19938764018579225 0.9800455968168672 0.1205865223596535 0.751994315641337
0.9301542792691432 0.7059760837591178 0.3886272180063761 0.9030666675361431 0.9391614255714605 0.02285816240088212 0.6814948378607105 0.11899732165176191 0.26305285955598545 0.4058457649996151 0.30262089241465573 0.6797315546383743 0.09436576540034147 0.7138010582025518 0.5500443502944973
0.765532128900536 0.4775308683635773 0.2171382256955462 0.6074882075672973 0.3636037945572329 0.15089255723269945 0.7687955230112703 0.8726089786690514 0.24046908083230278 0.6153457269080127 0.9091379733059524 0.20975427553418124 0.7284164293508261 0.7064755692632038 0.8059436896121082
0.7014777781189352 0.7003193084954366 0.17462526468593864 0.3222295962202454 0.09122479630861269 0.5143503912159381 0.03610567426068845 0.17752270477882515 0.2590160699418481 0.8985926488345123 0.7488001073511065 0.12228553487604166 0.7526210049618562 0.7152744526685936 0.586706652322155
0.28055538661679147 0.6086259131480899 0.29533375871525336 0.9404991427136323 0.332458732370584 0.44096708662019535 0.5662416498738594 0.6549772413656567 0.0061138921329525475 0.04891198108373762 0.5094929320180269 0.9293148855880828 0.42753630402940324 0.6021363854583434 0.5788982040358592
0.7523060120816665 0.23751248420506843 0.7974594915589749 0.586787236791574 0.32234446325586297 0.026010503231613136 0.24996235019813362 0.22246146122258847 0.4106653199622703 0.5575457739698148 0.7806300081732751 0.8057089938931042 0.16641294541047336 0.46502327941768196 0.19332087758244343
0.09792264456850264 0.43339047154353494 0.5749284756479136 0.595781679312493 0.9943373705686364 0.25088492661562933 0.7933404299075929 0.3125899143568931 0.7031312596044332 0.8447502755240057 0.5300932658927179 0.9623199485764021 0.5806092982864274 0.0799708243744891 0.9675120661383304
0.32689297177869503 0.13641692430606367 0.04221558528125813 0.09050271762519235 0.2279851615506996 0.8487063003906584 0.1434339573021738 0.28637506067247775 0.7435323014264832 0.3364049803227783 0.90533159366753 0.4956315502644253 0.746783214440729 0.12421319301905986 0.364604799444603
0.34905430734557275 0.9310185576938519 0.7056824839925655 0.8651005834639022 0.46177572511016174 0.1949654683152633 0.8607051181917731 0.8546086913026659 0.0716186173661979 0.5071026286852115 0.21597018109614596 0.18778106573740982 0.5068442925103633 0.14146435014908032 0.8504188054599064
0.35171305342746184 0.5475476143498748 0.48321640874262284 0.3424573992321346 0.9770097636113931 0.6052904823173818 0.43919057384003213 0.0316649010006933 0.974700509805503 0.7871660545977686 0.8567282762786049 0.4249556033274392 0.6481523960452106 0.333338160332592 0.25359867806082104
0.615636955073906 0.1691741829664486 0.6212015258193386 0.592419938384871 0.3035270340746419 0.8787899799039441 0.9146600155831972 0.7949266725601526 0.5052738396712063 0.9757014413723933 0.30362210707213266 0.18459071136578897 0.32624485281340165 0.2892465676613166 0.8266635787793134
0.07051633331128537 0.22883153745037565 0.9987019810416702 0.598909876062637 0.24119525046601142 0.07674072835988466 0.35706450571710147 0.8775413846409816 0.22362033300342066 0.8608206789053348 0.7049871999690233 0.3889268391307984 0.7814216845601624 0.41919638615880883 0.31933404709365554
0.9142416988181772 0.27510238219550187 0.6529659998318927 0.9308563375131784 0.0845293712278069 0.18811538676306083 0.7084351223173351 0.06678297880976469 0.5715156825092136 0.33443678369470364 0.3478442376011672 0.7266562106537974 0.3770873314278219 0.006455642202175871 0.26276976564248755
0.28353282202494756 0.7221976911720908 0.5964133445111828 0.39785615401287744 0.9177105035765822 0.11506439576864713 0.030290779186918804 0.44726326160468977 0.33642779424363145 0.5388745282801196 0.689954472634465 0.5621895385165783 0.010524973101937785 0.34081551219171646 0.3675383023101485
0.9650580409741334 0.6678428160008636 0.3271002685599884 0.19544987399181635 0.6044291701456802 0.32317466797698935 0.7727580268269766 0.4260561674112028 0.20443041410779195 0.6958766246591005 0.5403126281257936 0.39701598230777857 0.06346979474019965 0.46877969590971946 0.26807246834941445
0.011391595374799612 0.739226518712245 0.4758366130138667 0.6366073394850095 0.5860856638850876 0.32038887811404726 0.5709755246063096 0.05108942789410753 0.9778134827387354 0.3303357118828373 0.6269211945675036 0.6875266354897888 0.4827349798488658 0.43393482666434846 0.8402841495247759
0.7425187969280268 0.12403481353530321 0.025857792683307346 0.2780063653228655 0.899018113945053 0.5911527639411439 0.4672873541222199 0.3902924200797887 0.4746773609812134 0.2750311824934243 0.20762043035414812 0.03644237571489073 0.45472034771708714 0.5556597015500572 0.27874587220700775
0.42254376015421713 0.6278713767140113 0.741361945785123 0.6817028640388689 0.2337669813662293 0.3417312959872585 0.833682928831092 0.9990026062351547 0.15904949269590363 0.9730900035631044 0.5973997592660514 0.16062221186351922 0.9522414470551774 0.06901602305560706 0.25209239802047057
0.6676562761928001 0.15132602660694738 0.2561662099924601 0.4698753854721429 0.7348386713254784 0.5861154969106156 0.43860962387673375 0.2633053779753405 0.7516227239483118 0.8448641976603933 0.5085610479436711 0.7781434622668748 0.18123570295771474 0.9415276459925236 0.7797720340960878
0.9675652093809854 0.5180988561050777 0.5279370291021827 0.6199277590496023 0.6175757940262555 0.20623178469832149 0.12894680079896426 0.3062505716150157 0.21780073581378712 0.48473603730159687 0.04365203230990822 0.9576119712842862 0.7274883425437525 0.9711794191495996 0.7520619736400408
0.5068067458916413 0.3734723289344807 0.41967913209584273 0.8941544398261025 0.06824418884265249 0.23500821777195768 0.4977083909384289 0.147025543934305 0.729163398072778 0.5198112344742367 0.6141276953193883 0.6158875432916648 0.7465806327573568 0.1162866146152074 0.8006687700976816
0.6759572764465694 0.3675286113063917 0.21885814983753138 0.40007511415749486 0.5548164764430901 0.006749208741002932 0.5664645546834984 0.8463305022182281 0.32861431345576375 0.3138523872745943 0.10870721609195522 0.1358825222156187 0.42052150394039856 0.7410560711651565 0.7197969992423063
0.6834954910732218 0.13613447753165753 0.5829726251542315 0.9173620429740779 0.13234316216866704 0.24806735735510532 0.1015099545452125 0.4113421103122611 0.3451784705718275 0.15075806465618868 0.2718063468909806 0.7076097038123599 0.24189396509939554 0.6465544779194499 0.8892195849803264
0.9216216061328979 0.36851320504343377 0.9954352184990589 0.2627428316538932 0.41931905822590854 0.08363013488098514 0.46325887872958205 0.48682121625759844 0.8956585632613426 0.030539666508999974 0.23722472868500788 0.3313943574871381 0.025569555566905544 0.1267793939514823 0.24226649345450268
0.11909199795049352 0.8777989318951158 0.6475292420306394 0.08839054665030488 0.5688613098834275 0.8690170483288574 0.10529180549501227 0.106508359165007 0.4769057806364313 0.15372303473352866 0.5355033888280926 0.1891022866089631 0.27866772037433085 0.9949024630146912 0.48620165701409224
0.9421030591279737 0.9896873114326865 0.8410531297023397 0.4796027679014473 0.47564605738027954 0.7585232572544798 0.5471099992478794 0.964417521473634 0.013912557113410107 0.281521283414506 0.419963582527627 0.8099622514970212 0.38805175103717404 0.6270683797353814 0.5436806077630683
0.20659682453876826 0.39121743927766495 0.5960724379837402 0.14519951341670945 0.4317491108272431 0.9210431266763507 0.6057583721720391 0.5981876043239058 0.3167611309446273 0.8124182539637614 0.22547296768505865 0.03091069480006725 0.4070194888088059 0.2722167780168514 0.9160431857249329
0.40338016275396826 0.7463083220580277 0.8676689878340057 0.22833333658165955 0.34970631852293765 0.9360503971747028 0.09135650939253925 0.7019984688244361 0.043501119445382375 0.6210781086371869 0.6283487502776345 0.9720329966555439 0.8373373572864723 0.835802752506352 0.5847891715921802
0.13856485536124685 0.45168540622575015 0.7081270284976744 0.10227812919174828 0.28444719930064943 0.04441271242183609 0.8631723105618115 0.9786881319353712 0.13555133155416943 0.5788453576834601 0.4948689931111193 0.14358667005790737 0.25026586628385306 0.5265550755850118 0.4806841252049966
0.0952309292268837 0.797558863799734 0.09044887455586115 0.10323800223145452 0.6961371292993503 0.9370612184310378 0.8144031211387841 0.9122873242566785 0.045517101713155816 0.04998093546943072 0.6575971437658032 0.011529023519993964 0.49941327421617787 0.5862600444568465 0.35486626228347085
0.5869062085517865 0.2931524034073755 0.09123672047363685 0.15880777005114877 0.8065731868775423 0.6357774094746846 0.05417716663428673 0.8650377159849459 0.3174038630267626 0.5924060302062375 0.5813936980202016 0.35890981860708226 0.43890402806231754 0.548003575433736 0.5382659931733897
0.7901729665782914 0.8126147108045855 0.5548466017782407 0.7273354438373469 0.8814567652468559 0.703570387409499 0.40599305276978714 0.8737427214556683 0.8071391272264609 0.37010210224366635 0.8483636026029948 0.6746312309255004 0.541064039765311 0.9192526758794389 0.9515781112328626
0.9357402980604139 0.564741745219911 0.8472971836537176 0.2824800653943026 0.8662633911745495 0.35207685353701 0.028338628340415006 0.20032054013754608 0.9321484985639018 0.10233551142147856 0.2586756070313736 0.28386334184752426 0.27836910816404015 0.7799749746815765 0.5906147571240579
0.629210801563748 0.6222961212888358 0.63812468223498 0.5966278561320881 0.515939602382954 0.6931521976020373 0.051920611214655854 0.39322972261688083 0.7291746791474311 0.7466318591507769 0.6685598457651677 0.7236796533735398 0.6465186937588777 0.419122044909068 0.5928555067235498
0.6495859456847553 0.05129294306109433 0.2025598810317908 0.5702369672073871 0.43371897539571 0.5173355550195915 0.11881501053370724 0.903553654855095 0.009815864958271914 0.12564092641593594 0.7515865452670278 0.14570538238747333 0.02988535946190274 0.21941429166082183 0.6541553011428727
0.44703587871587336 0.8554986347846109 0.8816537199500134 0.2929342245204042 0.8045904137199089 0.016778259493867465 0.828161250038862 0.10961105685764305 0.35975233129503414 0.6012739425453424 0.4489237684756098 0.9887788956030988 0.32143746376929905 0.754640409596779 0.8020934824785078
0.40330224289573435 0.05393952808826452 0.9760091360265519 0.46733665790651246 0.7762672276418744 0.3616833873430547 0.17317257388762397 0.2991085800276576 0.14621635656176946 0.027557677460546826 0.5061756019332327 0.28545158576577 0.051470038217772074 0.21716154281492128 0.8926358714507445
0.9142022558630805 0.6596882920773147 0.44821513599307605 0.6740910854232407 0.6760326690730811 0.560427739123483 0.44254694200543676 0.34989794347538417 0.5925400213736645 0.3113006945667862 0.32748561279094346 0.4736838395986894 0.9476375154571587 0.7824444997989128 0.33414738522889365
0.7770792631576913 0.7217890920564907 0.5793609445255219 0.3520249872498634 0.3364350936644035 0.5811689953253829 0.34078714497401275 0.4424472168997252 0.13045575856447877 0.6576167385921758 0.5061109625250916 0.6878934164126151 0.6501558404500184 0.7702967675959582 0.22594506009297988
0.5598096553631181 0.31727396708481015 0.18626143630166414 0.4498262809559451 0.32448951445708674 0.34325461826985926 0.4946546681882418 0.8666073669180583 0.8747441311770933 0.3181352120416744 0.6780830358014924 0.2959605502107292 0.7745024071064655 0.25715193763989863 0.004720103994523717
0.33351373974459053 0.2341446992695676 0.052604729517176985 0.9359981664986797 0.5374915163264408 0.1962881827331413 0.2794982140904406 0.847282045816668 0.21133489365755476 0.7049061305609923 0.08570210930364053 0.9927070733905212 0.884625196282291 0.25507692292647555 0.4608509395502183
0.8104034873194113 0.9237391674153 0.8763234281011125 0.522929566629908 0.36061837448192047 0.31401389309067684 0.2894165139210394 0.5874678417818421 0.4167847921203728 0.5468013739517457 0.5946814999703179 0.6914937752758915 0.4883776636140591 0.7176449184391664 0.5992595334141797
0.9328716823879005 0.8444342207516703 0.39591015481824343 0.0714407861481895 0.45537792028569246 0.4279064832699391 0.5615557618784411 0.9220994663235826 0.16084358442868174 0.40355187334867726 0.9213302127220451 0.5564256535561005 0.26192021498239515 0.9658576294035003 0.21453231354378077
0.41356244715614643 0.6025007115341711 0.948533079030497 0.6975754424157345 0.017421125508478852 0.26755483268970415 0.7233934842212029 0.856946080570712 0.6988609390010231 0.3801145562519417 0.8539979372142656 0.5417495352602447 0.5175848119336515 0.14037172883152582 0.9781930483901327
0.12988702654414563 0.8115152711466598 0.10032644182455741 0.43375276615637826 0.04600984674782138 0.23207995677616733 0.38715169869543575 0.21259449526139096 0.9347478772840769 0.08574969120386045 0.08941602575152674 0.931590007500557 0.05931137797903252 0.29533589524681336 0.3025325281329433
0.6417790601438568 0.043416514856593924 0.3189689058887608 0.3932793869776843 0.4628327668089496 0.9035865188191566 0.9203421428060233 0.8879630518690725 0.2259026476328274 0.4292322807615253 0.7707213863681283 0.014772820339167714 0.5355302482835352 0.35951717276005035 0.4813826246137327
0.33810074572617144 0.9200816778337845 0.478863041153472 0.8145558221028113 0.11107862953622094 0.03021024130228067 0.7070555147098555 0.5016159320552531 0.9423096748850502 0.16613896588992116 0.49525854447491025 0.30917688733304227 0.12374904971457323 0.7670951032418435 0.3558493535361352
0.7369080033175078 0.49891461075287613 0.8800161034996157 0.15183696161101445 0.005306473173418924 0.06408474738681758 0.03968725465022993 0.8507286560586029 0.7973236436164269 0.5898678926917635 0.4387588148353202 0.808060459319851 0.5546568847373953 0.4265039617203127 0.7436306833952705
0.2874093309769049 0.9976828424655874 0.31348498873852026 0.42098101794257115 0.8465561978586941 0.937421984895755 0.4525586976701289 0.9797543769947726 0.42357053885697626 0.37858837064212114 0.3229052794154248 0.10471436950439528 0.4419389984408839 0.374692717033669 0.7182541020387869
0.2602043660187279 0.02046172351897846 0.08933077070217188 0.2679340709165571 0.9765492699189758 0.421491959685271 0.042203159774169 0.2673272317756342 0.696570275417692 0.20019586191833838 0.5740770374374046 0.9879223692201408 0.7559734732765038 0.12786115693395772 0.15181343427392535
0.7631417106760585 0.7989126717869428 0.853884732982123 0.2527492734882052 0.05334032455387139 0.6888149124824282 0.4439208153590889 0.2171356394109054 0.38185428262770504 0.7645977516210481 0.38577300796607594 0.63799956435101 0.5037008554119448 0.11369462334271119 0.3899651130861451
0.5697091429203812 0.4195094669912537 0.38584527858883466 0.3285268808381634 0.07968717173088546 0.87948971172805 0.5553962660995901 0.9533828934957818 0.44213139634827914 0.8357188979576307 0.9548960690142345 0.6148338698906007 0.5782645353459605 0.8957579127083357 0.8490583144979701
0.06097156959153727 0.18455057952660303 0.20658124799540523 0.7957055519911866 0.5404698890658187 0.35847820448657064 0.3550332287105441 0.04909535871688442 0.8540463878367441 0.4309263690997912 0.8094991458668916 0.3010692935361383 0.7039898402187298 0.1447908690607529 0.1472066948273888
0.12675455499324106 0.6765014014031929 0.28146492073990015 0.8125493991086404 0.6040870186569055 0.4581979514606239 0.3299309467050767 0.434050520086565 0.7102136459205544 0.43597832768546196 0.8176345160416707 0.7910625216729068 0.26287111759898263 0.6585542543680855 0.47797582863722365
0.3660234171783697 0.3711267109097479 0.24829957296823857 0.5161679264824658 0.04406816719842277 0.5874062521044487 0.7436731346296168 0.8533749651578207 0.9290199773936453 0.21152388453021287 0.5253216065511243 0.3784579528887133 0.433262371749513 0.48746584677888516 0.43307078849761693
0.9173193330621943 0.7687201231336 0.7549714629885304 0.9163651683839271 0.8417521853432675 0.7171532139424626 0.9704920888520301 0.5773170353306597 0.9828631752969057 0.09019480818880554 0.3958983458903972 0.7633781572408054 0.7885534047224154 0.6030407292429498 0.668345571604875
0.9457484750559152 0.47020448806651105 0.9804243483262124 0.9109952856972273 0.9799878697507817 0.22063175275332936 0.9894876938040345 0.02183080986815633 0.9868987612116218 0.4535304959026948 0.7513856641401917 0.7865932272990979 0.5145984894670559 0.41405498002198515 0.12193734559651204
0.0019037405132047436 0.8468025388151987 0.4408342695262516 0.15136451323264044 0.36592677053125444 0.8076904739408927 0.6216429807787303 0.6341342782215132 0.4964678759243617 0.1803290784872289 0.5781087791681336 0.5421492097449954 0.07018926902384293 0.9034775080145159 0.6392530208290711
0.6980049402356118 0.7416648284931533 0.5407019400100602 0.7193246499387437 0.3897618114496455 0.19728559076150354 0.12607793206910523 0.8023015767842214 0.7546536550033492 0.42656582196936776 0.38236094262041953 0.0535979044611119 0.6663832351706845 0.052188822774495325 0.4803563804975516
0.22892942392697768 0.5491308099742814 0.35017036219464115 0.9623227528630438 0.23095378799378408 0.01112839250020381 0.4128074445268861 0.1875922783677484 0.376215913319205 0.4416291378500343 0.7596182285682835 0.6751960767320778 0.17809317732589391 0.7473277693271616 0.5852688277403825
0.016130953897814826 0.22584896364779306 0.21776452247163514 0.748521145035464 0.6070080724010503 0.045567556911540796 0.10397154859561175 0.5525254903617868 0.3171741711712218 0.6656566562812984 0.8705975573664133 0.34432022489226066 0.3429979628175951 0.9777689815695566 0.23897260295178024
0.9701904168980735 0.9258660567800537 0.8834071452986496 0.07705199921209316 0.16357571956104944 0.31453409938528054 0.6471413146895902 0.911904493949674 0.013507701463716715 0.33783044251341376 0.8392825995987766 0.34138650061956444 0.7640949793662214 0.22031105950574326 0.7440187216863356
0.9038709907392253 0.329364475586972 0.8213164396948137 0.13343400061125033 0.02837581664601707 0.07280516391428338 0.306982410805298 0.8634980131166374 0.5321630437409824 0.5972508465063264 0.37510796181175243 0.8350226393766652 0.7588576384719293 0.5182766771635583 0.5443861495023143
0.4807508693553656 0.8573596591761224 0.45307362173929966 0.692353720468678 0.08915448831633521 0.8903016435343658 0.7468039914474078 0.9805184531901142 0.9561822953756307 0.43052884092379484 0.7797304487972652 0.5404738359896349 0.568114267486098 0.05505643126233528 0.05094953006239056
0.8114121817969728 0.7618414194856197 0.6781849487170267 0.6183503469941516 0.21729952064656366 0.08330474733444548 0.978931179575826 0.8894574738509557 0.9510765493089398 0.3704911410298164 0.27265858699513124 0.2041070739581744 0.9936016852669114 0.9242980258033892 0.05276796696574981
0.12744321354414712 0.1366540200374553 0.4987425248400482 0.08553536597327072 0.8805114602566546 0.7021651432633598 0.7414048954869834 0.37966103652286776 0.8757650823259197 0.8539507551599269 0.6456605890051553 0.5718197461046649 0.8960889386762353 0.8835643745980348 0.03816839048540388
0.27047923730557255 0.058484410759511496 0.618496819777436 0.1182473613929822 0.6824802702431902 0.33734873684467936 0.1487972182502031 0.5901880533525999 0.4103481056791135 0.08732021816250479 0.39729234955786896 0.9852087546359388 0.6530323276266373 0.7019506542627558 0.6689328058771054
0.3566808404120616 0.168747456937693 0.27200475393437296 0.2063962820894153 0.6504113212783486 0.2658148210435979 0.8659759147841392 0.951929725257323 0.7011853772020749 0.7758811063042109 0.8454462252748902 0.1695132485156966 0.987435133323023 0.43361696326063304 0.4492082912833112
0.3167810763836143 0.9878151768512022 0.3379747311801171 0.7326048577419763 0.5727355360512747 0.2266293321630215 0.2023112536977304 0.8323317327790698 0.7251422523324255 0.8694677045087155 0.9141582627721504 0.44198858783444617 0.7005959330156409 0.03607607904597343 0.5201493159141182
0.3299506982042133 0.8805979066113375 0.8343951017963926 0.1275889754306173 0.7086747054115949 0.48858792740017765 0.48786960851911376 0.371376311616315 0.2733395388477142 0.7557244830040342 0.8275431042291197 0.03347149046263398 0.7677634694636035 0.27730943568464506 0.851116524784344
0.12182064900338929 0.006827051703566567 0.9571041810181892 0.013064107131739333 0.21663109372298428 0.38717030561733834 0.20338627214736227 0.403063410112115 0.1741149470304646 0.051722746918292484 0.588446978825015 0.9944109353513296 0.3412965166907912 0.03866242262701869 0.01233172165015195
0.6997581609149296 0.2802046530304797 0.9416905864928471 0.5219768475661926 0.05841744365570822 0.6257483642678179 0.8360465083883847 0.3284982994823449 0.9976513068937753 0.10880035723162673 0.4834769534977429 0.2382381754198971 0.2597720039284447 0.9644895699745932 0.11941336507758471
0.6672781730036257 0.7675434978902842 0.915430521985442 0.4468987654193245 0.644479108996344 0.4122905648447228 0.6705940841319207 0.8143460917993498 0.7247082914171118 0.49228545111083644 0.41275015515291025 0.9379980513117618 0.5317675845854105 0.30339503466452944 0.06089003414293492
0.9449978159067053 0.7296365270490923 0.1896365508059843 0.18876240623387908 0.959269435363912 0.5809967195738551 0.6982036504757703 0.3566335401115198 0.9299452013971766 0.8936051203359796 0.3516883707196694 0.27060883075398234 0.9108665410818169 0.07793535890643133 0.949639330392949
0.6223295664732876 0.5397243688470912 0.2436077840489641 0.2422595274584498 0.681584861910111 0.03669352772798651 0.7474806182717713 0.28096239637252884 0.7153560450289953 0.6449548815942258 0.37287631937267085 0.7436677253132755 0.08903651066011653 0.06928837671526167 0.3672680177216603
0.05713380571164306 0.46904732968163154 0.13395852948794984 0.8948536283595284 0.1942858253671238 0.890794825807201 0.5774037149133158 0.07079592074470797 0.6114151969348877 0.5818935088396946 0.6287789896002096 0.6355086401000244 0.9082875237495499 0.3378039340990049 0.7701917851150062
0.500220446197742 0.44361211910386056 0.9355115836338301 0.8785085662252781 0.8491499978776537 0.3189894048162395 0.5405995867726185 0.7618995666874723 0.21897686031077346 0.8563664000768935 0.31404495595296333 0.9588282758261333 0.9928945834422779 0.9371954384023583 0.4572936227835931
0.5509804852918381 0.044384115357761766 0.3459042090181559 0.7476473611069626 0.6566677698280319 0.8449468241504527 0.5659501430354001 0.21072128260076117 0.21752879665280267 0.21038831124102653 0.31364589534344467 0.9527075028574562 0.6688908021235961 0.001845552010433682 0.46310659601503845
0.33240735649964603 0.09294306091023385 0.5206016944274731 0.9150838986315224 0.591470652283709 0.4939130545649466 0.03983415921474276 0.3931157879171643 0.78100734872763 0.9057247999846295 0.9017933355629264 0.11233495324934561 0.3237135054780824 0.14515842218797081 0.875510841549748
0.7594432863627799 0.8328799618486271 0.1573186874333372 0.017987675519646307 0.24677293437411107 0.8731285391862443 0.06525956561587998 0.11091447309946256 0.2590198034664766 0.1924474328177188 0.23190050479042612 0.8553271482585454 0.6981483679947869 0.5810739731221357 0.8699098084132
0.398203194205658 0.750131281627879 0.9199992427825343 0.9940190574049114 0.43785543533963056 0.4466011378405689 0.17034583884318388 0.8002717323519356 0.10908120394743448 0.2751557402812972 0.0245964995716359 0.8779983806277715 0.08437712087793425 0.6039726129846069 0.6916281819593805
0.01284946640466511 0.8441304740238939 0.4295520884850341 0.8197321646894044 0.7230064666153622 0.866550488042972 0.2308229318583176 0.8752778156053276 0.0857304620105599 0.5672035682070523 0.5185077808871413 0.389404163007361 0.8576967159397965 0.17836926315189505 0.005560612648363383
0.3610996743006132 0.37010310222857623 0.40003359134464544 0.1926516320855809 0.7622573441835486 0.18832838152679876 0.5771899664979883 0.5620899054366478 0.5287692680840055 0.06595664512896737 0.36221769794911973 0.5042374077714632 0.6414503132703632 0.294272246364505 0.3064607728222293
0.562382512163026 0.901558308398568 0.15086926044149795 0.5917306239367194 0.5752052154784761 0.7879038371499393 0.7848079738670692 0.16030839900852778 0.8203799465878472 0.34601977464518796 0.5407909205818302 0.8311238296373565 0.31852642508588525 0.4045868219057407 0.4211188880488125
0.6001390187679101 0.043632676046287955 0.5402887387507792 0.1117271360424611 0.2145673807408447 0.9042385533023521 0.1194960089759095 0.757391136482833 0.2834097144416853 0.00908230972101598 0.4336552092180702 0.4612296629703292 0.6408899988379915 0.9115763563680124 0.4149858694847698
0.30492276223181614 0.4147265178429236 0.23939311678617192 0.6700650661340805 0.5386007764145001 0.26777407294600397 0.35860530443173844 0.601104837147455 0.47314960047206045 0.5794254385075736 0.4962391465997896 0.19820559447335506 0.5227171104061783 0.9122617267783772 0.050763823402061314
0.6805940983737349 0.7914936228560053 0.969792464219324 0.6569530778354508 0.5408317244259633 0.5763793528806486 0.39272811475052694 0.9397205000804189 0.7032053109340105 0.165940444168601 0.1640792525545025 0.7909431804890034 0.4459891061067204 0.35609402757139597 0.09747819794353063
0.43395239050604195 0.45699328354903745 0.1742522029186736 0.8684702375407959 0.5022847337179766 0.8927906563668618 0.406193807348198 0.3151234933922058 0.8524507092775354 0.5942401889320221 0.6537216438015339 0.2821577733185361 0.8548916650513312 0.6744023101838567 0.816202270754472
0.1118945338298244 0.462960509167043 0.5396671861824577 0.08537423207217343 0.995681359273303 0.44667543193001513 0.030894696306975944 0.7703497175790279 0.7910460751480795 0.7961599358880552 0.7785900176097669 0.5285240756112323 0.5826874120663953 0.4490965758398334 0.05461670060230139
0.8681459030634415 0.21951031931802345 0.17718588339958796 0.37267462724946887 0.10959029845856594 0.29526556197669485 0.6785159327442007 0.8407472567951806 0.34491640343774843 0.5569553762951092 0.6659121337966928 0.8009492394900678 0.3190797086518221 0.5230178421229288 0.015751116342800797
0.605681588824133 0.5712083606269656 0.17240446362205275 0.8473859503532541 0.47372884821583394 0.6206423072873072 0.9260172024652705 0.7402450268957215 0.24590825195479593 0.4599722964693961 0.7835724935579419 0.16382987086871048 0.5171087560493507 0.12610592122480802 0.4018112924721896
0.5952523374152178 0.060033025504559356 0.6604259603560638 0.10407622445014353 0.7296145730271063 0.6756830768460936 0.3403959028566197 0.2966279070985903 0.6504503150838987 0.6066061905909937 0.6675065504549441 0.5336742163955026 0.8206091640393384 0.43114462495808004 0.2302463507258008
0.5209384199407573 0.2783801904718122 0.9204091041936897 0.2258176226066264 0.6766926114451925 0.47931517605894025 0.6844224247938191 0.12060932340512664 0.47953536724614987 0.8111253653559978 0.5598566401955148 0.6569768556917205 0.7237935520944142 0.9271905823893605 0.5990130332236034
0.17266765850615629 0.9762803054778897 0.6936326642644015 0.2081715055504565 0.9892708906990938 0.9822418336282115 0.7255699148074058 0.4531619456102747 0.4473584429245896 0.5036785456962353 0.20008295780062557 0.8009868755841834 0.01852362836209065 0.08982643270124624 0.8765867895702232
0.59855147918018 0.8083127238395869 0.57743664158773 0.029717266013858157 0.4030333342227541 0.6790841206354326 0.697593170824473 0.30550525770661807 0.8731509798313596 0.16811808189013588 0.026159063040963604 0.34852473692568275 0.3065667643212825 0.35384031422008133 0.6565445218372065
0.41586601148860247 0.06588626018374011 0.8318101850373587 0.3963403269804049 0.09319870533566099 0.07419303232695473 0.0021649974756011714 0.9934630530055194 0.6588537360240978 0.2807837796922502 0.941499549655073 0.8828087565869253 0.6037669960493863 0.49874597088717765 0.23470003756394686
0.21101454607836878 0.30829203274745964 0.29824630326427903 0.2760399626336264 0.4447781182647278 0.9013028778165826 0.702874794209897 0.7138852815159579 0.6972873251952895 0.8826719429784278 0.2811162868098708 0.9096444110597086 0.017663553352462613 0.1771227650677174 0.8509972933246714
0.50913840923016 0.27992368151486025 0.9056203716662975 0.42318291405279285 0.4833553085332871 0.9808177037609548 0.30987706628612377 0.1962749833044457 0.28559179172018945 0.20999991400720297 0.9462148343706892 0.3877893385046758 0.09327461881520926 0.2913436944044847 0.47694017924655285
0.4352664080355746 0.455292739477989 0.11081121155584395 0.13055053702306774 0.6341962113925538 0.049460867032295464 0.944140923762112 0.1765063523321163 0.5929150055640421 0.6697735742486999 0.6767174860302682 0.5659661891686463 0.9793579078809721 0.009398661485207072 0.6683400199621776
0.22679698747744814 0.9105277023525248 0.28289727578505075 0.15720650813436277 0.3693347912008259 0.992767465323767 0.23994721709701305 0.020283278804925642 0.5587863796215244 0.4594003191012751 0.6628855019556151 0.9113306270554362 0.24082547591283932 0.07202675764539135 0.01167430075986331
0.28320665054373517 0.8688514607673934 0.4527464556563764 0.48243486043460915 0.5676732096521727 0.7745429950560379 0.29679788233398907 0.37948145631834185 0.833779718499774 0.4477523125642525 0.47858563218454053 0.36582789507147384 0.5750011770637525 0.9474507300638143 0.4087922617943519
0.8534272200195521 0.8856598033857905 0.7523494103898989 0.12624728708277289 0.5219448514324292 0.17875969252211554 0.47798376547653687 0.515453532400505 0.7136541469156029 0.7702165395563073 0.5364639679682176 0.7291466099677533 0.24208264735934149 0.10856565392107886 0.9957579861828727
0.36499053673154414 0.9733261876851943 0.16458299000470733 0.6072875466654087 0.19648877296035483 0.39148718009331496 0.5118556649446742 0.21378183387042382 0.29041663389150085 0.24348251203145477 0.927189787885508 0.5237473357525239 0.15655747155492206 0.27350529895080367 0.9188452351659658
0.5445766316469912 0.17025174025440482 0.0037141914628571193 0.45093834903057184 0.8032330666123333 0.884244345739313 0.4952626570560399 0.27395520329367906 0.8516117769492614 0.0035429504568729175 0.032569800361463064 0.6941696208858072 0.4530922428495793 0.7354751703035836 0.7137736444577051
0.3188617092948065 0.2774613002960994 0.946860665069453 0.0015962363866145468 0.2995842856772385 0.8932994481169593 0.06118949676202756 0.39138971299118674 0.8623259107361982 0.3400877696282767 0.9109255606789929 0.4869210947898035 0.4612711291021573 0.5867063763629916 0.8235295836723886
0.939492421874219 0.7219598361285281 0.7386598366261403 0.06452364918822717 0.9022828753370958 0.44999933589204333 0.943278592183268 0.38689514131476177 0.8793371791211224 0.3730843545488052 0.5603098443313101 0.8433647993177545 0.10741503603987712 0.95693135648774 0.314725390309762
0.20652006279013002 0.8989543132372443 0.5898358852928218 0.8292375465947481 0.3115416020381503 0.6956904480617775 0.6659123371415715 0.14592905249234223 0.38722728752144275 0.9350133832235921 0.6136777299761581 0.5895662618197389 0.9732444968097707 0.21493219894731574 0.7144924969165679
0.5995794610252257 0.3350182746909852 0.6585571601875829 0.634472509274104 0.9633577722924486 0.38238940705864066 0.8252973059907039 0.9538387195689636 0.22042074715213156 0.9741529718266255 0.9935115238660291 0.6192718474894401 0.875192120205245 0.1478144499664963 0.1481393539455762
0.16769142340917276 0.4555158814488055 0.25237713605029843 0.5468774465859628 0.7739797200832108 0.38471858931370506 0.1817014400121495 0.30975635812376123 0.660523222996566 0.09693566834983858 0.9069524089135753 0.07951134522232162 0.1730453018836291 0.8185842244981704 0.28887911642069586
0.4339302470634747 0.8750554383126703 0.9632781487759969 0.714146218400513 0.3964001152391299 0.3423422451983067 0.1431458875981304 0.4446635233850904 0.08716391563776238 0.9492887492012811 0.38642505929350357 0.6948373039034064 0.2853369560098442 0.830389890268821 0.2693723582524896
0.35889264457996517 0.43052247375156705 0.3732042816881055 0.3199410611888436 0.9988931554406746 0.3829044281633672 0.053073165929460986 0.23134258987270595 0.17381089219556733 0.08198466384999326 0.15529143141900548 0.1355226486608544 0.44097570681488507 0.09667085960197985 0.9470173162085115
0.4297464879208237 0.39346002302046956 0.9432106775053725 0.15905840535565863 0.42390220364451525 0.9104315218260863 0.9625062950685352 0.21677357743457026 0.3817942237618447 0.3922326703967992 0.4946330074073737 0.5196821073426681 0.3666142927327095 0.12792273128206444 0.06592445608645314
0.2109721725542535 0.668940577922327 0.10024461009121943 0.3127759615267338 0.30095338593784204 0.49502968116095647 0.4714548332608236 0.406356734786505 0.7125987993778491 0.02383060169613871 0.7131823586873438 0.8137106620413695 0.802673860337745 0.9030638389464198 0.8444578304337453
0.3332645617840573 0.17855103161333852 0.7478723831240999 0.5242818127608845 0.47655152087389285 0.17866076747333082 0.22996603254437975 0.8085767796518207 0.4329965665015344 0.21363057843734545 0.900843943895918 0.22609474351005143 0.05090038112994144 0.27551591944789233 0.9795950991106401
0.4538281307458648 0.4952963262073873 0.31412799282678905 0.9539396285180572 0.27969905626817937 0.5021446664636352 0.8523150579299451 0.9925884661196364 0.7287778775890427 0.4383674872447769 0.16615575204805633 0.8476630644500099 0.19900901117291248 0.6985160033310492 0.5913738660366319
0.13783029735987884 0.2033981442417757 0.32140222608461166 0.033886293076890506 0.645972345125255 0.8478420520263988 0.09381493545170105 0.5602469317708483 0.5396253206059146 0.48725811746864856 0.8234792450802829 0.022850963598713636 0.228083940864665 0.09739798513541176 0.9097087989359672
0.03511585649244897 0.9069845085610881 0.7757056578747432 0.8177376505383457 0.2534563149003888 0.7093416228979966 0.44180722222107327 0.5715084444536533 0.8457227503326711 0.7814287287860264 0.24669607464572452 0.9197330942470059 0.22987383886416957 0.5325564659169735 0.4194038664400003
0.4013300478871874 0.6520054048896838 0.7697166906693228 0.2809238969502055 0.13888223550401657 0.9394596871335512 0.4212244006401078 0.9373804524640974 0.8225487463765238 0.8125903478614952 0.07790361062914997 0.7279142238462643 0.011901673817845904 0.4678601989902913 0.6360274190656752
0.8474799780997839 0.5794497078998773 0.7553001519105123 0.9131365436226647 0.690729880631411 0.8471479830184261 0.164959828166376 0.22602465802382887 0.3703820160421394 0.725983542660727 0.009830986349150583 0.5695928543059992 0.551950359980851 0.9587647659833469 0.6468276304063275
0.2159397989803935 0.2164388487185568 0.38753159736998755 0.31275704471110743 0.2649680068897007 0.21357917069411037 0.019543159550127642 0.16881850712285829 0.9209507936364887 0.5004178858261685 0.549588063045525 0.4450176356320187 0.04391881175628787 0.7735355053396494 0.9114017907768164
0.15498541911532926 0.8303883309247798 0.7979066874972427 0.3772646236824322 0.7120436818628254 0.31486871766671676 0.11138673785881814 0.7023928152872274 0.9189589519585349 0.7517492710133449 0.9410370538624905 0.8195243156459204 0.22667945209246998 0.8365809225439763 0.1059778486832933
0.6291400463136473 0.8614504693830136 0.15643120114763154 0.40118382594365076 0.5020503623931437 0.405055994731767 0.22090595871583318 0.45761408726167885 0.21361532088557889 0.679534886077117 0.91859451030485 0.3562954025376729 0.16265684064032793 0.3355725528204859 0.26810977147410253
0.33745309620927666 0.8931596556697404 0.37286967621164857 0.8885581151395316 0.790511625474446 0.1331468159216519 0.9311420343287173 0.7011886562598239 0.3367627250203219 0.7926552122500166 0.08200602245743438 0.992135047930085 0.22372562812846342 0.62152466209522 0.024857018180237778
0.11557722979391061 0.4387009289200471 0.5177543933845806 0.04394853553212119 0.7973145083916569 0.9187456497436572 0.7984685380187002 0.8192322287079125 0.21065573340742516 0.9852737498278679 0.09807235079920729 0.2001197992238537 0.7396958971611342 0.6637133881000516 0.9419694006738433
0.3491801451333655 0.6194628960451152 0.8621278718666028 0.4592490397894774 0.2418858803554811 0.448082095921268 0.4774348409274033 0.144042833436256 0.8688755968245723 0.9030206626469414 0.3738338452465695 0.05278728745541161 0.12879923000030047 0.8616371915947887 0.8352799031206755
0.3334197334935223 0.32266591406605316 0.525676873820202 0.532316284694952 0.522572808675556 0.3647149887531166 0.08001572331098039 0.26330727365954143 0.6181223978783642 0.31018253724938927 0.8778723738703389 0.7310873672272825 0.5369827931062516 0.5669371745216885 0.13786914876448175
0.39827055930715305 0.20183201486703262 0.2058107808786097 0.6627386405536081 0.027939629957626444 0.1654890345660116 0.1135508774010523 0.14513619888684925 0.8611619427258562 0.3779540480555571 0.34267355844062153 0.212932242256349 0.508754757822764 0.4286618461111288 0.9040967240289539
0.4845230633198111 0.5419499204832766 0.3552873186983675 0.4212856527765244 0.554112327722744 0.4550840266408298 0.9004812760548206 0.5187439073482343 0.007579740334618612 0.14316683038594802 0.9192038175143011 0.5530345391696577 0.28146747638754166 0.28815726274305764 0.4918616223668747
0.31111793241569097 0.4207788736660346 0.08000297908771004 0.18224449275096255 0.5986441893240274 0.5656981069850571 0.5119760367531565 0.7942954850346201 0.2199395306454528 0.3030033726524638 0.08456327567456157 0.9280382319769661 0.7117780050099936 0.8548606756333748 0.12814776648844972
0.6125239275168916 0.33463072176303654 0.44584872836883016 0.11194263828081408 0.3024495898668301 0.24793721269331848 0.08847995792261443 0.24511667752530097 0.5651384727817546 0.5000444535063814 0.4581467766291242 0.39577660842945395 0.855861861049866 0.44881083067155103 0.49033568345908785
0.8544480058303181 0.8820217807311367 0.49547407402151156 0.8261167981934817 0.750923313491687 0.19050165378485884 0.5622335623855915 0.25632960132737126 0.9968217411771436 0.7775326803490705 0.573098821119963 0.8705502376701408 0.47093290648476904 0.716711153749949 0.3079080031018927
0.7038396100005694 0.7903919604741975 0.028342306519146265 0.3910215013892395 0.29243554984532805 0.417961033385032 0.2720745093809934 0.8490470293454041 0.6989666650823472 0.04416828069118106 0.6348271713100714 0.62605489350072 0.24842898554484105 0.15278219640488389 0.6073043864867864
0.6800929445432297 0.4280812399720362 0.42907547305912397 0.6949258079162259 0.801412698528995 0.14757808653070248 0.202559615564759 0.9927950118157081 0.09066961533755347 0.8300751794962613 0.42934744785681866 0.8693648543050148 0.11446178769389348 0.6107036344814257 0.8140276879767957
0.44974807367714587 0.11592364303658442 0.2557255502350426 0.5469121953508093 0.06716114770267978 0.29969150328394945 0.2838467565040401 0.789743133081155 0.3597774789172935 0.1334110356300704 0.17057632013523638 0.4814234675186837 0.23030592793837068 0.812056636512701 0.4471870290839667
0.25506146714414224 0.45689947591370106 0.5166854918933593 0.9677446127003009 0.2585958084745775 0.34653737060085177 0.8658500988368927 0.6108381264586992 0.4534946493898845 0.455814284449215 0.005744546939719819 0.2070572714917045 0.5294989789969612 0.06910774919331664 0.1142617689269404
0.538927175696345 0.91810632700789 0.820385377051231 0.704490055823349 0.8469245472861864 0.513468241516585 0.5724515440982381 0.004779405158862771 0.3933639993865331 0.616601110004108 0.426222873031863 0.8653588398696852 0.28535650206315577 0.30728649881059156 0.5226606261743703
0.09558836658835579 0.9387065795880983 0.9177637592454324 0.1212771525620513 0.8712802182046129 0.27652899432050526 0.5332945813973161 0.29167284024841156 0.868125816209379 0.9995289462927882 0.4769047410170094 0.43834889124488974 0.07511631621440384 0.039305160268087946 0.5490862654736502
0.7940801982798318 0.8209462761178012 0.6116977718953395 0.3879684710265475 0.9634220472042897 0.40674156793417604 0.12411860719662438 0.6914437575959451 0.5754629851096295 0.8800541413272455 0.5589638823797513 0.19996032119537988 0.11372562117465024 0.9079176542740041 0.8546248519694768
0.27717029500155665 0.031155919516298813 0.4108600293082654 0.23627498906384214 0.6453488090280248 0.32943081846520017 0.6051200184089786 0.4105269154612522 0.3334758585423281 0.8843528150508025 0.3669167284601831 0.031215918667145126 0.17809903544941452 0.9328896493515192 0.3804724759138314
0.8679815537366089 0.280572535368403 0.30245571201047705 0.3605912128047881 0.6649822953669388 0.6689937536486343 0.15932136579990352 0.7509456958899757 0.7639923720693541 0.039135431476117866 0.28057509638701894 0.6908289853001287 0.18429455610449708 0.8558983657863403 0.11285277852766595
0.7159764208428648 0.001195833208629038 0.28528558930198034 0.17108700578512626 0.613166956293272 0.5456577685186182 0.39662589482857247 0.6518189193602606 0.0836630599964866 0.15944675616955817 0.8257512053572531 0.4881537201033308 0.3871510226527186 0.9833741104167717 0.6220583848263225
0.45723021954819043 0.9356943524395454 0.5306092797022557 0.3158632827101847 0.36611394873230196 0.8863148297708301 0.602714038954469 0.33718085885995996 0.7883123039261412 0.1411672339790483 0.4429596408474059 0.7930419611563424 0.30064901089648377 0.8058756212066318 0.88965227082572
0.2676841613080069 0.6790250111615546 0.07944989629068899 0.6916071823165666 0.7484299057532489 0.05163098794957088 0.7533038593250286 0.07857511572523912 0.9997928509122662 0.5794664494024393 0.9822467459364537 0.1413393356083824 0.7093287655917787 0.836559366601426 0.7569223801417629
0.5693650832195883 0.5109745234528587 0.6960687050222147 0.5550211400801329 0.818297597095887 0.5550953442508374 0.1934923828549443 0.9776918476865384 0.835269327639663 0.6391865740429814 0.5344912298382242 0.7879323009973598 0.056889908719953475 0.03915324793861974 0.14237908644156594
0.6593382338407386 0.512957962890416 0.08831699392378067 0.3991182637313885 0.11644266619046773 0.5183464679746522 0.23977666021754962 0.5236985217984585 0.6019789623022912 0.6161786106245507 0.8174751894174083 0.8530665043081553 0.3417519346437575 0.14732452038060806 0.9123023594934884
0.6433124998614864 0.6944039865264906 0.06441326583014229 0.9117890677413675 0.39260925387234313 0.9712138499626304 0.3829690473734053 0.9654259501634769 0.6024378128246046 0.2901675238739183 0.9679440593457543 0.2823648318276354 0.839923396909065 0.8888924205164302 0.19083498475952054
0.5342392506170458 0.9416443437880532 0.46264745342175095 0.3607337703850131 0.7930656170909556 0.20806528188614248 0.5164132671511655 0.7320776984023162 0.3726642352906544 0.47778543753605074 0.42422804751553234 0.32252766113362497 0.6617651068159865 0.042081882926933156 0.8742668358448554
0.7363176577643792 0.5379404665197103 0.4627663659681739 0.644762530427637 0.6815826578641528 0.23373265398846987 0.4901635908314649 0.20371948624663716 0.8945857880995783 0.5898218678731466 0.4430579026256317 0.4544716333884027 0.7394303090705072 0.47480590467907224 0.6087445247120632
0.05948856017302928 0.8387554791740277 0.7771393053284329 0.44886016183378963 0.1664346021032569 0.7090796121226912 0.7820072645405508 0.6554571086011347 0.03333811900532013 0.5238678877715214 0.9343850142365102 0.3918241564864062 0.0038284758445242817 0.8080661016908534 0.9592605537041847
0.3738466180327785 0.5187512081923173 0.0797562957957908 0.06097543529207439 0.8002363119493232 0.3670723699027245 0.19775328398860625 0.45586388616231566 0.5237525229122755 0.17683501742746333 0.448376258082697 0.8058483856999895 0.27057278661204487 0.22603266244243403 0.2102928473375687
0.21537521578049046 0.16126236892802992 0.013615234288806288 0.3732474581969014 0.3300509424887398 0.2643297082828763 0.6724456014806816 0.5546498001583148 0.7325667414882397 0.42214474814853165 0.2288757736463165 0.5574135518407127 0.2699744037459584 0.1290354393485783 0.9177132702858563
0.4430987955263316 0.1661043530216647 0.8126675406431685 0.24670032218607008 0.056326623954806365 0.7738923694508134 0.4723512406645284 0.27122950887148467 0.8295978306510753 0.6046085258337048 0.26170759778984565 0.58787151527734 0.22206175682755647 0.834458359832354 0.2681666482620223
0.8843917373334339 0.2014457219777568 0.833752675181902 0.43805823537275834 0.4942845059070824 0.7652688940862182 0.38981915448962845 0.3235955975625787 0.2954550924403849 0.6156295368193657 0.2020554599659239 0.08684069968269248 0.46553085466656674 0.7512673861279912 0.9160000094323567
0.9857797656480736 0.060385247909225837 0.9212681065470831 0.43302318788569083 0.3889259076679753 0.1178090907327044 0.5966900963904005 0.4832183003564169 0.21740532273876056 0.004865785882825491 0.35955813752271715 0.4812984474139208 0.5972726467001916 0.025318178302630723 0.3830829532079226
0.4987813544321581 0.4198392281518757 0.8826167508121593 0.9826287989321545 0.780471557738192 0.4540886318603352 0.45429014156654535 0.053866357267716714 0.6092252945912812 0.6327913587504301 0.47518049912940563 0.5827114601656516 0.4802105821867261 0.14272046474848188 0.1498181348314308
0.31106466468751603 0.484350651139718 0.9894090000356631 0.41833093202160276 0.07303058356383019 0.5203666974586704 0.7781788246674253 0.5856360693196225 0.27820996946402354 0.4558112443072859 0.5557094589015352 0.2902627387815453 0.511821856579335 0.639710790832949 0.6902052714594908
0.33700637382749443 0.2458264425677702 0.23291266625625417 0.9332574101611193 0.7467164921763487 0.2108843663851394 0.6669576231910466 0.002786774780130563 0.4868715611839771 0.06590147378452216 0.16827627756373187 0.2539931456452038 0.738196081749333 0.6200723421859141 0.6917339292166945
0.2640241926253226 0.2254265874761051 0.011749985337904056 0.7960252925691724 0.44611795800335585 0.09443478098106806 0.9291333800221536 0.9631465467386635 0.13026095545740912 0.053267608926087395 0.16967791752416417 0.6151492038780335 0.8999428354583371 0.011265845629363946 0.5782989509949561
0.61360692422789 0.3583785140225224 0.24827374340748398 0.6788513671524585 0.34070233810192263 0.9126067816005082 0.2250545575722409 0.11903366811689742 0.5555682101738499 0.6101641441025615 0.5063779853773681 0.38577753548377247 0.09549348603026342 0.5405711525399519 0.9098470377789541
0.11634944799302227 0.1488312211973436 0.8226581505826057 0.9163835459359302 0.7298036907903729 0.2649223769620719 0.7387959306221784 0.5823931078115585 0.03409093077868297 0.4860754851740222 0.14838602682382662 0.6789818189444664 0.9260405033945884 0.9876192921923647 0.9155045579931417
0.550198530932668 0.29459821266186226 0.3942715891705981 0.7193823062489797 0.23012825236378887 0.7621159806605509 0.5045442802857841 0.28144321196652755 0.687763517341124 0.9541534703835495 0.49963122963374285 0.7389120421101457 0.6789324673050318 0.5751660543238896 0.8392019934604813
0.6225412125342686 0.5761634877129004 0.6856173010758069 0.9537510232702605 0.6547963766743239 0.7202186431845702 0.22546847231610956 0.5316286002642596 0.3748782130052455 0.2911282717638024 0.009661483590965081 0.6686063941021575 0.4182483518633834 0.43191266793721705 0.13312580159948295
0.39880678641544076 0.13086513978461445 0.37477614579322127 0.9660039473486831 0.1580519602136422 0.08212514691249129 0.6174122281416082 0.6942040824104739 0.5441653660456802 0.9555444354211723 0.7761590125853689 0.6660526176214068 0.3334843109905825 0.24250318565616868 0.6030959282300091
0.6427333353083032 0.08881955247009743 0.14191644427532746 0.7957746284383582 0.418364109549478 0.851323814436293 0.07748220214854562 0.6511279042090945 0.17497600694125137 0.3472081797539497 0.28419780040889353 0.31920263518296765 0.36832366413494577 0.8599713826170816 0.9871244315554825
0.39771410302032295 0.902369980610403 0.4197841402680512 0.7979181131568905 0.8750202051039079 0.8434524251652008 0.24389663365575143 0.0884355887198367 0.97696647689962 0.9495517830580149 0.4254144114585544 0.2657614879854048 0.3021536766458194 0.8457486067776783 0.7125138030095824
0.06929331704980157 0.7405312862167316 0.7638669786386582 0.8461456315494884 0.2380587236102747 0.061822696621974815 0.3824683451429457 0.331501134645832 0.15522977758217826 0.7331378719126731 0.4527734046520612 0.7069917985693494 0.36683680493704207 0.4792326880143718 0.5767529702419352
0.34422078285411084 0.1929745451582464 0.33422400905924854 0.7155437696092228 0.5634001194753638 0.00233161475332222 0.45017222613841223 0.7495085284675406 0.380894798846485 0.10466381846241946 0.7257942697142891 0.6856738717077544 0.5190512484905905 0.6308704613822884 0.39767129872305007
0.9139441802676289 0.4031938231027249 0.21662258024793035 0.09666746934368387 0.2504025644072466 0.7466505151221887 0.783030263272041 0.5138770997348269 0.3741753855160741 0.9818945269981282 0.2166257219503125 0.7432696324344326 0.6637498232381669 0.23436576257783048 0.29097808458710206
0.5723030717263552 0.3692984337736368 0.7552623129126331 0.7435442400217003 0.4771283504041163 0.5194791673949547 0.7305687919293545 0.023899855326226183 0.8456080179010259 0.9543421948723944 0.16581518969877562 0.8632832110907085 0.9992254666199167 0.4003905145753385 0.1095358613772861
0.48042390297754256 0.9140609465204331 0.5595037736454166 0.82312538486127 0.9349173478071116 0.15136349224600232 0.7703500727938288 0.6307643477240295 0.8669451813892826 0.39984849119803434 0.9190740112906157 0.09031470718331802 0.6209305966069215 0.2047028143922811 0.9254630421576069
0.814560982156455 0.5407568015153686 0.912380696365411 0.31145918191433897 0.7419000348879087 0.04546597413785758 0.5956252120420482 0.07079584209147294 0.9065586556869781 0.9468947571646963 0.7397515867715531 0.30170514711859864 0.7906452038395344 0.354491947118614 0.7690805400658524
0.8390537636599434 0.15381737771720505 0.4276024727651281 0.07151085419391423 0.4279302352211213 0.8310754250054271 0.1817915449213373 0.03957252148220203 0.817620561307485 0.3651662266110509 0.5333211035239348 0.7879027896490209 0.5230729068064344 0.4973105429346425 0.7746805171013018
0.6299397706649571 0.9003660252260052 0.4784420620059199 0.7141119840277037 0.10072871232499414 0.6133608382756226 0.8828734954420945 0.7833605985033231 0.2980888295736346 0.5306278177025915 0.10728168128666127 0.5204174909395758 0.5809892693929244 0.5849073137296159 0.020129980782064294
0.9678144698403808 0.21183470640712332 0.15177411384551542 0.2901231526979866 0.6920664699676725 0.35846264185262633 0.059841266281000505 0.7670158489604773 0.32614836461528196 0.9820058701203883 0.4317526818409836 0.9140732384880607 0.764430664125928 0.5283752466365479 0.17337740302159876
0.6987082011187309 0.3982887091151598 0.01396957018427325 0.07803344232755305 0.5362963797886313 0.07063810719667096 0.050320679554714864 0.1932323598600344 0.8518967657924322 0.7489389922187979 0.5877337123216613 0.3093500302819806 0.575582313086603 0.26875006097720544 0.6745837351736509
0.1727934769187256 0.41931145402144054 0.8837031548890286 0.326781882306421 0.3006470637273003 0.0967478570476451 0.7728073931645079 0.6810252854650534 0.0794460885504551 0.7421626248616696 0.1022817482442594 0.9657972195671772 0.1676392014504413 0.6605294999624823 0.71665310112016
0.46568450313987597 0.08946586650989674 0.19815011973723984 0.04264706812498753 0.5774319934526511 0.307388299159409 0.9616231237885855 0.32943660269815445 0.2602545467797287 0.9908823115059252 0.8326974556224029 0.9201035821045851 0.6682786360546759 0.16130478352024613 0.22752663824113895
0.851706819752655 0.5195881564283409 0.8857197603067316 0.8310673621516977 0.7151398047061489 0.804198823675312 0.7169797248671474 0.6008424495018704 0.3709995339473211 0.7623892544032564 0.6330218471613813 0.17901482167976335 0.8139779740275997 0.67516653219752 0.31525364606956074
0.9776953060316221 0.20582579461411554 0.9002467094178647 0.7240663455033813 0.10963411776423371 0.8557277078885692 0.7597817851056853 0.5789284067886167 0.024922364098861616 0.7169674766813956 0.34016672385238267 0.5311756655982198 0.18405586482862302 0.7900499107448696 0.9996108033486178
0.5295284017723935 0.34869138058846016 0.6749861202186959 0.3957601438249275 0.12153023957424991 0.10365036801643601 0.39923725104511887 0.14350917893377113 0.20851731556481357 0.03720337651403671 0.5628514848941278 0.792240458997296 0.07739038987384528 0.601393710676505 0.7886172642084772
0.672084176326075 0.3693768138387098 0.050136073678969884 0.44259589873774163 0.300389484670586 0.014133115352077175 0.010052508708854657 0.5991845573602602 0.4624525376709693 0.05695306355056873 0.177484127534406 0.26490081215503214 0.7846462472361195 0.737510188271964 0.3548439750802579
0.9463682380596107 0.6034497692551598 0.14047778250245446 0.5404529429671072 0.7505217483426461 0.20047589417344458 0.2315335568392859 0.06822713688123416 0.338840916496124 0.021447516192683813 0.11666979246500864 0.8570615521730839 0.2224577257743423 0.32617447003584465 0.9183946178893715
0.674481736474945 0.08127526182857714 0.8269349654969038 0.7493233368627736 0.9451114829108854 0.017771768592357406 0.2642661188448099 0.8818232426101401 0.04173102418818875 0.9149548421222673 0.5420208025696285 0.36178948735302185 0.18517746136894464 0.35796840920887696 0.9976486958949314
0.9952930826609024 0.04906453451069237 0.9001449975901125 0.6190116240150787 0.8487569673545658 0.9162765575658827 0.806834597787085 0.5356442376319634 0.1464793450450077 0.7664173289243844 0.7941302754283412 0.9102234286674439 0.7237383368781196 0.9868713865501718 0.6946502581826207
0.43511045887002886 0.9993751980173915 0.49486173027362335 0.4288246751408271 0.9991822760042616 0.768668246694297 0.9338645321116082 0.1376747336515617 0.7317695099438771 0.9854731528473055 0.26496802434748357 0.8418608228609599 0.5533702197443052 0.10201949012398015 0.512239500797186
0.5318152948505366 0.566910334425523 0.465417620970185 0.6408901312333306 0.16506452473078648 0.10867298578182272 0.7318436424435308 0.5480052462839573 0.6493841844030848 0.04462067373665912 0.252534939194871 0.9278326997610481 0.5242206017794759 0.9456855693110358 0.9101419938378362
0.337099951881077 0.7178500203805781 0.10470526045184947 0.9396470401484028 0.13055581386166148 0.4540367469334837 0.9680320191270678 0.854973558443079 0.0629105673212349 0.1094903831491113 0.4464462689756361 0.7205751425809833 0.2605734735870777 0.5822111352371186 0.7428555020008225
0.6567059771709353 0.955064420913026 0.5208512961719658 0.7883621407054734 0.6477395269546237 0.8397022407803637 0.5865104459594973 0.11363511627965761 0.43481577648112335 0.1621489636302027 0.770920209152216 0.9991214409594891 0.5172617932898115 0.6976162046926995 0.678764407646203
0.04548576367821355 0.06164418077361655 0.5610159289564606 0.5969186038870182 0.8847675593071821 0.8229759274640306 0.4110645755800445 0.11968295109692761 0.613096781001439 0.01951485861105695 0.9753264046459544 0.07662040653505364 0.6674107839221862 0.47075405884641597 0.9824080243227497
0.5184024613070207 0.2914664975809428 0.20761953967236368 0.525992735139748 0.5561025874389885 0.4405439117724963 0.19455370484894707 0.6051302772668281 0.9206673549152604 0.9595879507801358 0.7650781285172306 0.08617359433620031 0.2118341396550052 0.13613760489232396 0.8655922139151119
0.6139809725714109 0.9395529750068672 0.2772429178987126 0.22657927441424908 0.06347876585368362 0.6260096906713918 0.7886717663096838 0.13605500136076765 0.9674060413919389 0.4326363948925246 0.3450598619103843 0.5770077327397083 0.9820393222831223 0.004033945918830328 0.13125931723723394
0.10874372917238606 0.8599220746690329 0.47952115996533284 0.8079923309662246 0.02146496148754684 0.5871000907460352 0.9130632856095945 0.8090183287255059 0.9740707485059272 0.31209072278575956 0.6636223580907809 0.8123741467050177 0.5370888786155759 0.44479011860731577 0.6705107656623585
0.7448491203540456 0.8058057548258524 0.8357494473022001 0.9121180252799225 0.4767073476082656 0.5230791567132211 0.2597276913823017 0.7614207175899621 0.44277227170901856 0.9569813693082941 0.5221548433933938 0.39797350806884046 0.7863393043976294 0.11533450970712722 0.38311616057975384
0.913619294964379 0.2639839878594499 0.7473636038984721 0.1506948596501454 0.2579447073981973 0.07218539839555627 0.9821078787032941 0.2339865300232692 0.7095469899728793 0.9607849210428445 0.3838934393586354 0.16582608171470348 0.13046659444795827 0.4836531955591278 0.6670860685396365
0.6062434979769991 0.8636796986476335 0.003538837618290769 0.30550586857739137 0.6198923989602173 0.7673332286948901 0.11592454436078392 0.7962997943017003 0.08417080676065358 0.5444443508321668 0.4858173740588274 0.3937327015319264 0.42948118343307773 0.22307558669153327 0.7017520145136987
0.7152706819248462 0.0390523960139858 0.36953537799310665 0.6428869506662115 0.7404952979094648 0.5429734716304022 0.375943320075544 0.027925426712625434 0.3728012491908601 0.9295654869672169 0.9535383702167604 0.2686942581432189 0.9144933822184395 0.866944032462611 0.7843968332644896
0.48656538957688844 0.5178143143847529 0.878601967217729 0.13676708374025615 0.5665066464769364 0.9175964575730079 0.04906801313902953 0.1330157322897676 0.4213994971087923 0.5256478067656444 0.749174091610776 0.2742200982027194 0.21836337678276263 0.27264372711222773 0.465189964370078
0.7717302661927311 0.17917776757799764 0.42021155277736455 0.19206114439602107 0.21356333712028264 0.7084942965305732 0.9340591509962357 0.008211944074564048 0.10228152186404771 0.026383550839839676 0.9084119599986032 0.38785278768500864 0.8410446688140147 0.1858619360556698 0.9626876149959684
0.5264564488315748 0.8158170161011162 0.3413960305127245 0.49325125471462705 0.45604583823892675 0.3242470024602433 0.4009834601161011 0.15625845863915733 0.00916093932071027 0.23552779594185602 0.7422605405719966 0.9820070237470411 0.7538505477890561 0.4305858804255178 0.5021886884658108
0.0768827934145544 0.8667598356500229 0.2682331918607943 0.060223336875474875 0.9558987536765173 0.5373623168059767 0.5504581231167209 0.7264703137313956 0.16699077704073506 0.9036103390334752 0.7188196552607306 0.3191864396810211 0.017647393766450636 0.707755803539018 0.3039473412440583
0.2700826572217997 0.8951149986299499 0.830818499609661 0.971439862098807 0.13123934413353278 0.8833341514347228 0.6151568441519645 0.8599931026954336 0.87404535172905 0.12292632701788864 0.4168214025758652 0.29137829801342763 0.1684235947613325 0.6349650010669542 0.14284915322708225
0.3469295763705216 0.9097078374639402 0.1349285186508592 0.6233821830018504 0.25148949934027365 0.6208864770669634 0.7001468542481021 0.5444716004430878 0.9833000154899477 0.999531350757413 0.022217676530924213 0.32465374894802557 0.03711550065998315 0.8015802171331351 0.37528196906333156
0.7568624739055814 0.8078535658295647 0.4582442991221287 0.36171295346804533 0.4569676326797415 0.6333883726931026 0.30766265175618335 0.9586864794897956 0.16120692081633758 0.13763021750284832 0.08952754584277667 0.38226471779964755 0.6970041401750134 0.14882431922848904 0.3987560953039192
0.8100396448819885 0.01514407281752217 0.13304054220359574 0.12338553494252158 0.05904625445168887 0.016000315574961732 0.779115462769931 0.5022200752375847 0.9025698570345049 0.028489577310651937 0.09884623569762552 0.32936002556329824 0.8276357335917087 0.7076514213876919 0.16502585464239317
0.005594669945370612 0.6843837291533843 0.8052303773624915 0.39994784670534145 0.590741986627741 0.8591939609543959 0.7373627267663905 0.148297429460718 0.7463703964986985 0.31534443087974473 0.12444749875060801 0.12088582372256729 0.4749385176780053 0.0881449028604685 0.5105076548496444
0.17947267067019024 0.8592411510107223 0.5959057650602387 0.28282357500206956 0.8479612683720967 0.5851508161458453 0.43376471607624645 0.4073484630865699 0.8815399827332782 0.8909961119553472 0.15430780023074675 0.9713907274169743 0.20288241507465654 0.7285192448359231 0.90708580614813
0.6822757534039188 0.5233080225818957 0.3432071910826111 0.7085408599816477 0.40917577679945805 0.006843501303206989 0.18589207867025526 0.5445220690424594 0.5750230978964587 0.4064153360867897 0.05286812855323886 0.469483556511208 0.7063984560419313 0.20394166822967041 0.6183740962344811
0.3596214746465197 0.7315130545460512 0.419881559613975 0.07114149655324864 0.0016216173813677903 0.6798791756020984 0.9228388615018143 0.39581096187451104 0.7543524822372918 0.28199080649666153 0.26610615244021085 0.9503697899678092 0.10775334924465796 0.5933125400097327 0.3055743049041547
0.38236618228242425 0.08133034961616781 0.17410143862040206 0.11222138948402138 0.5995069503316123 0.5540883161931704 0.545062712957344 0.9824343005737702 0.46434638215450175 0.29838956524591 0.6085675840907441 0.6707054087608973 0.11812676240528053 0.7021452478616714 0.47613713458551776
0.3217852936033401 0.355431451892264 0.9069088152653589 0.6751233429392903 0.9631620206674414 0.2691637319875959 0.3638554494619757 0.020994710868801225 0.8337766343273307 0.46446573661249213 0.6152946327617842 0.5363605869140541 0.2711728872385789 0.5005436070193865 0.44627827277305365
0.6738445838321472 0.3568191772893232 0.8609665437656229 0.41902982080141715 0.7571444392347276 0.02812903925291743 0.6758589047196976 0.20233433166812265 0.9930920420880454 0.9057460235265323 0.6235060417709448 0.03869342989741087 0.6272536486821141 0.6559475255948921 0.9242463609409255
0.15396331177583866 0.8165875537644794 0.3105616569282209 0.10612316224411578 0.9073577332152537 0.5749022666375961 0.600579574152912 0.26962214877127777 0.004112124912063919 0.7103353248516509 0.024685684446511424 0.9079212578504617 0.14876922606404142 0.01879917352426075 0.0702164088394337
0.949431387690467 0.10396010141713352 0.1233175065986365 0.7315975128726853 0.5810083891298992 0.23771944315092253 0.25640117036155796 0.2300993180790143 0.5830678126587437 0.2917870082880022 0.9710904922408237 0.6287879707917962 0.3619357613589417 0.2840119719466109 0.236016308544984
0.8578396648648536 0.6001204746224653 0.16989060859193383 0.6208093149305833 0.5179246331117806 0.46179135615898603 0.13143188032237263 0.3104135833445987 0.7131557094013588 0.5886030363424981 0.13595963200750105 0.5003365946026034 0.08013646189912216 0.7001042267622763 0.7131239442569623
0.3195951203414834 0.12593186737801754 0.47332231896181565 0.7353086261103996 0.804092172306213 0.965324468763187 0.5177163302813861 0.3547855883001123 0.6003874198802072 0.5565073121450161 0.6845424008260693 0.1503808637236489 0.018299767977412174 0.5744045564136716 0.6537777160709055
0.9670813790764651 0.7705073640733091 0.13209952148414394 0.7271000522555614 0.8939255449816836 0.23828676293003404 0.6633885964327672 0.022021697658013872 0.3186845598334592 0.3847599165143182 0.4132695058820697 0.8101285453898797 0.022255655692423937 0.5004935845997849 0.1482102361626101
0.5714758943858492 0.8313525929769285 0.8110231819824134 0.8943348628919146 0.44754513851588185 0.43499250457999217 0.6018486681607195 0.7392015588048473 0.16676561378416432 0.5884424742694083 0.9236774657226013 0.9916364780687923 0.18945929635203285 0.07770338294854806 0.12916553960312271
0.2841269182695324 0.7731657364826616 0.4982722268413613 0.4621343199594822 0.5235659632889781 0.8946575044933271 0.11383863012023376 0.6712180172440966 0.9486800207161175 0.4815574927251096 0.8037350315943144 0.15212198626048035 0.9362592431564445 0.20432085287070667 0.38237415330692803
0.43614988999530757 0.6133508052917533 0.15844616563976488 0.37957172414328477 0.9373834225722885 0.7788630003268144 0.1271319691355277 0.7075657523240259 0.7468754046353214 0.11556808425095755 0.7561961028736195 0.508708614066385 0.9194432266888529 0.1822802025657545 0.895927260756147
0.8772216181809088 0.13712660003601573 0.21602435340082904 0.5686393027139972 0.07906614054214922 0.8530995779194233 0.34530077417134797 0.5060508157691836 0.3558990951860015 0.020804006855009494 0.41808896402386586 0.9672136955346986 0.3922452083837613 0.29529762047370356 0.28202379103966235
0.5955662413474911 0.04943191913888756 0.15728671339069888 0.019215970365021984 0.4027876176582157 0.025497128332659602 0.7550402836727578 0.33447753767453325 0.577482648566367 0.6871944161281514 0.385358114946163 0.023252776779829176 0.7083264122067009 0.4383834915306375 0.44199316366838337
0.20434335093536216 0.18415108488177445 0.6385087627487095 0.3484038316862653 0.792556025290093 0.9875576316814698 0.2655322522102034 0.4614393947243799 0.5076900284082062 0.8339875705480392 0.22960138247536666 0.18353762804647722 0.5688207060829568 0.6247910376140452 0.4868962516647717
0.5532407547628153 0.10662437601667007 0.4806790628405393 0.8775150930964213 0.3973119304364594 0.2415290881620351 0.2010496112581972 0.916920450087866 0.7224615963303914 0.7217648143189074 0.8550285564649133 0.6073830277899889 0.4006690668695688 0.9929253409277019 0.3516678824246978
0.7040240322876827 0.35931151241188386 0.5794438341740794 0.25959574087585435 0.7694706243719056 0.4257893707759103 0.6984224215434918 0.850513753175344 0.7818038401307101 0.6960629780684688 0.09754576673916482 0.32628905780856465 0.022391772353104744 0.797492682412036 0.21134728513021728
0.45599005642273804 0.4633650369504311 0.6986006000342322 0.8638859788544306 0.3970659150220649 0.8989058370184215 0.7818491591569109 0.9109307020721148 0.30397236142850903 0.6201857175451247 0.740257745862093 0.41103793642671704 0.4378968921068539 0.5207012701851093 0.484655890854345
0.14244803004926587 0.882838767057563 0.1369212274397631 0.6555971773018576 0.5415141500113005 0.6461504484869526 0.27857225118153994 0.5224355369653162 0.42841700901376933 0.8757485151560119 0.5835548379807945 0.021791556359185504 0.20720752715787194 0.16155430474495303 0.5443949245211419
0.43861298250148195 0.5797590384826212 0.40532515745978837 0.2963007570056463 0.765260605180373 0.19699901906152462 0.5408896274204984 0.7313087911929553 0.08752674359336765 0.08583004261767846 0.46590089233475773 0.30866593539122256 0.44122060194722235 0.13643825744764482 0.906574493884618
0.2685103788374027 0.45893088869652987 0.4122271514976671 0.5784781549326249 0.8240766268714894 0.7838029119705167 0.5534029872752098 0.9292926556816345 0.3070645465629812 0.6656440200246677 0.08527765422989741 0.953564726886157 0.1714764669022274 0.3743974522332042 0.013643879428678396
0.05482408439164732 0.2231404081114402 0.06700149099491282 0.6921161766351653 0.6970386949971801 0.4353015287741424 0.5258775725049747 0.5801208344567857 0.6352333705593747 0.23507768361256798 0.7507669497888552 0.17525657640640624 0.8441992493693893 0.20123962194131695 0.7303626759624274
0.10003698154881235 0.8745721393673924 0.7006899197437692 0.8461599138057591 0.05056472454141603 0.2571601198260074 0.10917901509470884 0.2681743844336776 0.07347672967580332 0.749252216701224 0.9112107089105196 0.3906549361203012 0.4275383604764028 0.6707411567765932 0.15475367758432634
0.8256431150939838 0.10755403783440187 0.3132451355896153 0.4482893249111396 0.723209284788125 0.960800375985198 0.42201498203290344 0.9308908699202997 0.21942076197253724 0.2099772985736763 0.048264649612222654 0.4204418684490716 0.6265749717830232 0.11171167801798776 0.6486644914095939
0.2507673946455137 0.5749561330301546 0.4259367409722864 0.16908847655739823 0.1453641685927457 0.6913515234178227 0.34900996319265143 0.9913078142346962 0.8435808076965997 0.5567891565429819 0.5722210974236527 0.04417540993107927 0.0945128837235083 0.624435738814715 0.16738071057476034
0.08494663826552495 0.064541849391888 0.4983202318804718 0.0724694180447345 0.1417340439512067 0.16636084690602382 0.4745246420125907 0.052866300776230224 0.3746944529808919 0.8104943132067308 0.5287108352702855 0.14746432258066478 0.1613994656955171 0.6047329129571064 0.9973278817277044
0.7740200224940961 0.04094073150398603 0.08256848481492907 0.04457188229825382 0.8643730728097457 0.2616740780807473 0.1286287619293257 0.6331460302243853 0.6277108819699841 0.06910741786228247 0.8872747942397654 0.12409578637269558 0.798842658463507 0.5432889147916758 0.0899387002185068
0.8194705063209 0.5184854475005279 0.7491541049172908 0.41744331440447635 0.7312886925494843 0.3138551530064596 0.1986413947712028 0.7254586979446305 0.6112621476818869 3.9317347052292284E-4 0.13998762146999155 0.7044159798936663 0.8079590271128392 0.7092495099385044 0.9874662871718263
0.8196111583006704 0.8315639264544706 0.6601813540826829 0.2839331812845727 0.18289740508465502 0.601118656043715 0.7458160932175347 0.948895603411717 0.3442772924404245 0.22510449812335032 0.47076583088082624 0.2064223133474159 0.8598705719632319 0.8234529641341211 0.2978703732355089
0.5100640158723969 0.8921478563701974 0.3375488003482867 0.9938840885280935 0.9860545994440749 0.02898379577403354 0.4945157977019572 0.1382116870647626 0.4014158551573501 0.9699979073485545 0.09305171365644682 0.5608363786492853 0.4301892206821559 0.7218151121601449 0.5603061563594004
0.10937359126538548 0.038870173689861565 0.46829223940145637 0.2927713509303218 0.810221811672727 0.14122236301678692 0.33742036728227265 0.6388820179958867 0.1850719816419112 0.28299971150257563 0.873527744052861 0.506997950310772 0.21157506393133085 0.008707057101290272 0.14157117692383236
0.489668383594399 0.1757572027663442 0.7353805574708749 0.03971861827062495 0.08355487140068829 0.45381040899026126 0.41247150997032656 0.5770891776333277 0.05411518681242444 0.08217632910634998 0.9822682151827005 0.5854311351143662 0.24512764703708567 0.8273789663300354 0.6718921835031578
0.5766826837563015 0.16536171536203725 0.3508521460494387 0.4457568145428499 0.23277374262292894 0.49817759796769445 0.979045719890271 0.5264779528457809 0.31969195734139866 0.2745634647919539 0.5353846177811967 0.7525772900630829 0.6547491691752098 0.8260962681736722 0.668192356065108
0.6829215177831929 0.12414959965359196 0.7915380493542737 0.11748164597987731 0.7806910806715567 0.6473744573241778 0.38925664428211837 0.4035520936759026 0.7137744523946018 0.41556189129950016 0.8873859788000429 0.4916248541313416 0.7938354029609196 0.6929754329744944 0.7046176924814943
0.0892832484162186 0.8429018052125253 0.9638178355670104 0.8567428885334518 0.36727698535982367 0.32417658565335783 0.23106165856343575 0.5275383626481486 0.0592870262918791 0.4028730002970393 0.8296316500277464 0.3873195013553826 0.09253701365696021 0.7132273905420564 0.2031882206533303
0.9084573770302111 0.1286764003098111 0.9994449141932159 0.7119253790482086 0.3343851855197978 0.6531493105353982 0.47118481513794763 0.688210557057408 0.14709482653718609 0.5413022131389614 0.6682933948952743 0.6375576032261264 0.8478517673132959 0.350773019143486 0.8648446077550137
0.6943386962590152 0.6168321825541514 0.9422423392674714 0.5591497012825122 0.18480464272636554 0.9496136640470051 0.41441788100981325 0.3942486251845674 0.4243970173885433 0.6819266355701842 0.754160816789191 0.9324979577871875 0.6820003869951241 0.9088006454938492 0.048953032532554897
0.0682213158458409 0.5806956874511878 0.1802162120777292 0.586442655683851 0.5039898270879356 0.07274115527734171 0.012599282209776574 0.6745944724899993 0.6389518087405962 0.5259203981599484 0.19397193120981693 0.5560108676455244 0.4217327265568911 0.38906166826198885 0.5802997836527608
0.3612780976668277 0.20577731740437988 0.3664462982966652 0.08155298318526916 0.648731744698659 0.41160797751861433 0.023988468224937387 0.3182238896573887 0.7118240302242681 0.8483248532721969 0.27448240867937346 0.9925216902177025 0.5003150285138627 0.8757746989589287 0.24487712876440004
0.3631905256294272 0.697798843336044 0.19916678628787376 0.6154531085627698 0.3388738519788532 0.22561460278195167 0.9795163339306716 0.6389392413213505 0.6121752649977942 0.20198162478508064 0.11614694170108031 0.6970223621518807 0.9450413182284224 0.17523665603224592 0.011585374425303718
0.432365765449073 0.18581988460523124 0.27134055209811514 0.864533419081791 0.2061675050237266 0.8493226514712866 0.7483609249018806 0.5532032102102817 0.8744526927713495 0.12344828754310166 0.33442562834052847 0.469154159394486 0.650708579512036 0.9793983124723377 0.6406818981868948
0.24087064504940026 0.12813542532891875 0.6572449822540644 0.8870845129188671 0.146671826141478 0.3716992714400027 0.17458658166708652 0.15637552462663795 0.15814602815774692 0.35833816843100197 0.66325244456211 0.4004071039639524 0.9781540040659272 0.9430861897647819 0.27749638852797454
0.46299832710399824 0.14154676037531455 0.9595444779412109 0.13684361850893667 0.45480548626708117 0.23209515476405962 0.025042295649555735 0.2677334183867177 0.9182248312914432 0.5357305194138878 0.1139951354547617 0.7903255771823474 0.35413546013575903 0.9980462656419238 0.9873809766577066
0.660315706025531 0.8473295483237024 0.1831127459722074 0.12191994578172516 0.12033106880222177 0.7237655871386361 0.04100895194116916 0.8694568184540882 0.6414548843718835 0.40031991871598416 0.6830761166758432 0.19520925021362945 0.542653723380587 0.8465005119984699 0.03674980670814787
0.4929596516643173 0.6643594540718223 0.3676263006463618 0.20592889581406615 0.655931757438724 0.44218329504405207 0.740264280535948 0.5981913337477314 0.7940076655067594 0.4777163093317417 0.08325546197528644 0.39676770556563334 0.7311047761558656 0.2355974827449301 0.23145045017609922
0.7530359811424591 0.6909463074091577 0.809506610132154 0.7943135920656371 0.15440162903752164 0.3851231606796903 0.7944661456557702 0.5278446607660601 0.7827792452999631 0.05425882727980713 0.17881257147946517 0.12580521081987694 0.3204934614800038 0.881253180246904 0.8264244634242031
0.045026424963022005 0.5832681023389644 0.5949950589853528 0.5582709841278292 0.519614236866888 0.5640745099120416 0.013597600964613488 0.062071088550819886 0.4901560816126106 0.9569612508668458 0.7381243349580139 0.8598301938992771 0.7765734805563426 0.9965891812034846 0.2009381240553031
0.34524787831989345 0.45705318708878206 0.49704716218877665 0.7972190892314158 0.46646643599058135 0.08052862252750814 0.3026256023858561 0.8838617003073805 0.9743569331706933 0.03647286171019315 0.9735762953415242 0.016875290696985235 0.2825158118107969 0.13330317447834406 0.421488610095763
0.9165765291097681 0.8923716854013972 0.1954859415210375 0.3817638380703757 0.2992758073946762 0.025278497641932574 0.2794705946604923 0.06477104744890538 0.8948245078486229 0.573198025863673 0.9298694301995617 0.06261889155805034 0.6813032534119182 0.730550839367346 0.7498397343510581
0.6050801597341416 0.611295977297566 0.7020417282521918 0.4434135707688327 0.5560567803989923 0.8786082925446791 0.6947421684294761 0.40255983998084666 0.12107476645526116 0.0799530891952479 0.9974385535279199 0.8580515326840683 0.09665041307850386 0.463039778931183 0.3262322689329843
0.5907515926437527 0.6339698893512129 0.820668364347948 0.7726031674195804 0.20871811592749034 0.9121770689763042 0.4898429993848188 0.6286258020637002 0.03557019360013691 0.8206647299892794 0.3455841639540089 0.08375312688226022 0.726843832763461 0.7351168426277795 0.6410322262734258
0.28855995301556836 0.8336067912343682 0.7386506393090402 0.03859981385115574 0.5630642696232315 0.6663903292006064 0.18725900950379937 0.20134376371510543 0.5907215693430883 0.9775345635531687 0.3478550397668414 0.8693922608456927 0.28391365081525266 0.17633369307820368 0.9475725514929462
0.4331759269057427 0.6327299888762197 0.018905774036686918 0.8645775177755206 0.6333767847577915 0.2560663536568384 0.9735016778787601 0.8634970988964522 0.16692195108387464 0.5625418931704701 0.7520057796528047 0.2326746654872922 0.6590138763098627 0.3984623998561494 0.8196712178207064
0.41581048986678804 0.6731023966079563 0.8110343175739121 0.04767058451808759 0.24714953943725615 0.17386848411725708 0.08726000474160645 0.056832494301133574 0.19722928605658296 0.13270293489295415 0.5424222060379101 0.21597388076298107 0.11530218843556439 0.7708280761844151 0.6267913956252973
0.7045256237686887 0.3148984826617246 0.2721240444284143 0.7951666790062094 0.5266901179305976 0.49059757271112314 0.665885518000038 0.24108754988098946 0.8731564729657181 0.8769265057561585 0.9791487772964174 0.036030111936520726 0.7664395797196006 0.2644068722094519 0.6888932051838162
0.43362795960411127 0.49719766416919664 0.9731219809713952 0.9663348646412467 0.09993475158280063 0.9614218678394982 0.6507786178062824 0.19869471354860735 0.8129717718649306 0.6421811646108175 0.8100883738688253 0.7982372544539555 0.7382804982057827 0.6446440623614966 0.34939596371448733
0.3640399500451874 0.7319265827856491 0.8893885152552047 0.910832799793334 0.8488676406963048 0.2483786031917008 0.29654968266174386 0.8218761101628266 0.5016903878284306 0.33791091407767526 0.552145100567201 0.5390452302161899 0.00579696536854668 0.9066572008194032 0.8379548897034675
0.9665683212839701 0.41312054027539435 0.8821670302494032 0.7276247752175149 0.7582043561027922 0.1873072215775271 0.17829525229244436 0.30419791219380554 0.7270067186536414 0.9112216536971394 0.3854798494492825 0.43807085447690897 0.7856664023684773 0.9889988595845496 0.9259407239188086
0.0794082789228655 0.41917413895614586 0.9784143621706259 0.008058658308564781 0.3653398662045967 0.5518929825946179 0.026260041933085065 0.09016971911587823 0.3198017727655855 0.8127332287675483 0.24757605326451793 0.7212375849141919 0.9326744809629671 0.6249746084431784 0.7890039080747397
0.564342333969241 0.44490759179638517 0.25138108728350517 0.7471896210300131 0.1286510559884726 0.737611429568434 0.9106055927646725 0.07508008714298564 0.23651202307817343 0.8256339384709832 0.3474837268405653 0.10211948169039753 0.5345409449146507 0.5899312045901396 0.7876669086836227
0.31876704397615785 0.42104422306465106 0.04807806783995472 0.03614656520039439 0.6314214613452197 0.6068508394728901 0.6585552284464419 0.5895734812639474 0.38075089354219727 0.15260074480724373 0.38198744043149857 0.02387710768702911 0.03459236406755717 0.23276462021351718 0.4812973367649773
0.591541498012316 0.6159974700323175 0.06514618096564373 0.33277779470114954 0.9169963088180999 0.6076661053817507 0.4143447857826269 0.8413751776998415 0.9139325948015085 0.28592379986613636 0.8286325492845432 0.40601474743300414 0.5649546448602555 0.1805619587297611 0.30192732124612065
0.7645884578280673 0.0018310324630422814 0.6312749378610032 0.36601832138506096 0.46326493815587 0.4037092006852139 0.21709155404436142 0.7129291194219898 0.14106964276952394 0.5910097744073676 0.17211271068883638 0.32327821399462653 0.29822310989207057 0.8343180631269957 0.769031062656413
0.7337242371768509 0.7255138419867384 0.32044219891908277 0.05132260254468313 0.515060033884554 0.31202128386334693 0.9219083167661821 0.22566417202373268 0.2522452276645444 0.5197939403941803 0.4015154086395357 0.48804479815909196 0.31864464799240944 0.41662624910823365 0.9501736437691094
0.05020291780815245 0.5189658379133841 0.791867102736484 0.004101386596523704 0.6574359235523178 0.23886543705362773 0.5452318897138002 0.616558218588617 0.9444918054249247 0.08392136489393398 0.23487921255404787 0.2696423710753899 0.563167566717673 0.11664347558283827 0.3985521310318808
0.903282668186259 0.13340229604165244 0.7074227434070604 0.02037315562864761 0.11140670614181147 0.7190678429605617 0.7037947741776129 0.3059211691437137 0.9093686321204058 0.7103230369968382 0.0921208302874923 0.7495074426722776 0.21207113032864233 0.7063122882461896 0.5767655513136142
0.3301071002192405 0.17881816254672278 0.2351529488681301 0.5340770104167009 0.5561913568233412 0.8787862594860069 0.9225703080295818 0.611952205879982 0.9947450403402804 0.3101040737923586 0.026202675820229504 0.8404963431711697 0.8660427407337906 0.665881025141332 0.08951348727264141
0.49526189056871384 0.26329627711692516 0.8821277423206509 0.8374112059887363 0.11177960576786838 0.5650749589886273 0.9253626232028359 0.33509190716549797 0.9885699624861051 0.6484394617099805 0.9818001314715546 0.8622835336083439 0.23555050428706292 0.5820189196733657 0.6953680547281282
0.9169848115097787 0.9257309040039963 0.5808001516208036 0.868402921774213 0.2559558790690156 0.19031407355814944 0.13818675788609414 0.5867236273269245 0.9036318800397625 0.1607984612276766 0.4159251226432952 0.5598855584697765 0.6167944950707497 0.5064028272612879 0.16878323637309034
0.5777686255793996 0.3792511312640825 0.9411117346592192 0.7084074101621053 0.3762544637415425 0.11893446330185464 0.4818665974741355 0.6695710563026949 0.877599317873507 0.9892502410951602 0.42790299178483815 0.6320685205435559 0.7252110225026419 0.23716468117469425 9.626473681991765E-4
0.9727965431383301 0.2678897241096261 0.8924368006601381 0.3370839436156262 0.6751041080794652 0.6651940900494463 0.25556537598860085 0.052902063339330896 0.20628175906433588 0.5834452297194783 0.43643436661571633 0.9228663517678094 0.9890991037449602 0.03098378689311565 0.0013041001847553524
0.29850863029727515 0.4395894696726108 0.2416453437878019 0.12271029674724054 0.7768734026380721 0.02081895630891173 0.15702241103384484 0.49499680583305405 0.28244675519233853 0.27116690460501713 0.9809319027905665 0.6776215759739344 0.16539800583273412 0.305682785793563 0.4836088977141044
0.45904024258840337 0.13867426252447812 0.8603750602345048 0.21849899538647377 0.29588506512487656 0.8774644459557512 0.551825027865601 0.5811231710054924 0.8753214502420166 0.8867768280785554 0.6583092233095941 0.6873406043017204 0.37287817644194254 0.8063493288474839 0.39365170443136777
0.3774363925824 0.03371131281147133 0.6668397181688618 0.3413175307003946 0.2628126952301876 0.2921765199330194 0.7372183631379147 0.4437975190388489 0.6236636234004627 0.7627477143271049 0.5105135037791119 0.7011232069178986 0.13886536880942213 0.08473454688345339 0.06353510447077404
0.5223901731294593 0.8834148961824166 0.7839152707090842 0.4959299756745562 0.4954573466987914 0.7641020365625709 0.02611545897755918 0.4048978977884502 0.1925279452800711 0.5807012367810753 0.38092709593634244 0.3841241475614491 0.5131080854931903 0.19782121451489387 0.4881767595154376
0.3489613163974963 0.9808769816323657 0.8916515056621765 0.8254155545499787 0.08461916196638697 0.3572924663540139 0.7961975899012114 0.6116175885170606 0.7900982959517086 0.9122944216063436 0.5151966795331989 0.2504378386719196 0.5478297698439177 0.7012574495624178 0.38875860287342323
0.6157941660448054 0.5874592397208462 0.23738375494100905 0.6078776902300609 0.9132026882820911 0.9319411315297113 0.020015963706067175 0.3553125057204607 0.8122093886788504 0.5150844050406755 0.48188836279570935 0.4179329267977382 0.0384247858388953 0.14191876650988233 0.05212477982081121
0.26348438737896707 0.6380833430608683 0.7267256908502164 0.1968298699231441 0.40382180844935534 0.683712436181082 0.08830631766737196 0.4954097571352374 0.9770164163197125 0.2764101630422401 0.20803411386013293 0.038297253196944436 0.8723407504066271 0.31839559178703336 0.2634669053219122
0.6905454580955116 0.39498849901539446 0.6789084190353208 0.9387694881389171 0.055793251548450384 0.42148750562310944 0.05719988648361418 0.4829248335820292 0.2963947333640461 0.23211551021728316 0.058270399048753085 0.7376879474602946 0.3180438661333932 0.7232304204599729 0.7401730745789357
0.8894634764796733 0.21101492429210977 0.5002775083131987 0.16611737314781216 0.012764339288564908 0.2551777714545954 0.4313386245686627 0.30027020161285656 0.5676358158332881 0.24223691685927784 0.6014390398402168 0.9230663125794891 0.8894050477889156 0.3461814933166173 0.2494296408960931
0.11000382174318157 0.3663438382895179 0.2817230314781596 0.19211392407284789 0.2173148796318115 0.43930787985865394 0.03053664534724243 0.4443902796045477 0.24856520798177384 0.777143017620204 0.9864102285264615 0.22953176332111525 0.938150703359493 0.9826252793715518 0.972945668557598
0.34032766690038263 0.8808231608711821 0.9659281269777751 0.2212448300716634 0.8596620706703815 0.5607911537483838 0.6860868405295705 0.06005214960896499 0.5782060564968678 0.18960644377238656 0.3056566593397442 0.767115051385846 0.057252953701341314 0.8489600392327432 0.9297376760868109
0.758061975993558 0.17632589472565197 0.5526762193862667 0.007766167900643661 0.04788740115492096 0.1780399255470635 0.4916072240709719 0.16494867839517602 0.710171709271136 0.6768016885424379 0.9057945380311344 0.6999415289706281 0.880453460046636 0.8332814912528602 0.7401777618571782
0.23635507257439925 0.7027101886995634 0.9131943651303938 0.48329542366229183 0.0478887595140427 0.5016930741898656 0.7467775948859253 0.362836370310861 0.39037935190999384 0.37889999227034077 0.18445484371023768 0.3775645709030535 0.7687712950296403 0.37626040617433376 0.5045272847878758
0.4820538957761489 0.44299501713351264 0.32914458122271284 0.8703348435366498 0.6088340128086761 0.6339651289377426 0.5390988577715374 0.35718166006539875 0.11196180863971517 0.8293873065462254 0.4367475538816953 0.773421194204533 0.6466979290948296 0.3087891438591275 0.4765913293377617
0.48544873138361877 0.4618808640087474 0.508166958660992 0.6079705725011058 0.7229499628174181 0.5747560067061169 0.12686664107016277 0.8002520461667875 0.38860590898009895 0.32243064686092493 0.9427937978204647 0.2653354576343686 0.22555665669095548 0.33979033619176 0.14677461458580732
0.21686594736660936 0.3062768329204788 0.10062556231307762 0.6328656107716951 0.233077617211205 0.19811862987927442 0.7768823824238305 0.08863676870441839 0.548982277309697 0.8336285043828217 0.3203641764849936 0.9179294250302419 0.8936562973923987 0.06784607885702088 0.3518760652792069
0.998316669003794 0.8096682634724048 0.14014515732019184 0.6547176697707259 0.026470619760954106 0.7442282933895268 0.7747778077989196 0.8125933770619271 0.7368673012938722 0.58542952816365 0.45213503045421055 0.8064241515316729 0.5927368831509765 0.7319914045339673 0.46183799232747924
0.19020852013305523 0.6428930783382257 0.23120293169394324 0.7091262479811138 0.8029943223523007 0.11405251405737837 0.997303608680403 0.8876103382375238 0.8421872075915662 0.9654808743235802 0.631328710551732 0.5543081552075734 0.5228356873581987 0.07128004465204907 0.903484426493647
0.8469856331001695 0.4781969242088555 0.9153560002296243 0.5304077347980126 0.06917428024490369 0.5188007843855938 0.6850847936049699 0.4822047114743284 0.1348392139148018 0.3603948724167626 0.4319196330231134 0.6879502490572657 0.9125232903306569 0.4555661015107938 0.5306591700663147
0.673370971193818 0.8378943263599288 0.11949940800229408 0.013823783191890038 0.36072245030689953 0.7739739276417126 0.7272477065222285 0.48356241994487315 0.9884106716607663 0.989927965866692 0.8780514593409405 0.2107401868829517 0.8666969911717708 0.30215062844399276 0.07166012128252952
0.7193325527868641 0.4758645930367339 0.8754750345048786 0.6222722340106699 0.6239791401049641 0.23451382898119166 0.9176955049691041 0.2476243071011227 0.7395263866217932 0.11819262156805765 0.5171874560592815 0.013923311737720878 0.5136149071285111 0.1923574422397697 0.1712634162147798
0.0917313760211621 0.6468441585067758 0.03869911300665985 0.13200416524263658 0.08357534555989332 0.3597734448729961 1.569763305203642E-4 0.5566562466436762 0.5209680208011501 0.14199470519120916 0.14748414533172127 0.5912886208735636 0.4966918650392287 0.9757393212826461 0.8790151687382431
0.9392523962710818 0.29761009223055546 0.9649578031942432 0.10532698230943438 0.17008958760238957 0.3339341277382978 0.020537353413696002 0.041772816777279176 0.009888100304992542 0.6227903538126791 0.7532995162547403 0.7344078347347631 0.1206818732661803 0.5770934606379235 0.00864589538926952
0.5786144518471253 0.42434660418085113 0.875147043619755 0.5401972959083713 0.2547741738371996 0.8555430421273426 0.742057372986683 0.16449757761551453 0.7016219757494431 0.5386114619771193 0.06095892317624663 0.3648304968870165 0.9754581828833436 0.7749224259986746 0.3502154575769212
0.7194239431277711 0.10218221366257885 0.9000403491324276 0.7921737486491326 0.7177931201503487 0.3191510277635893 0.024158639773739332 0.1797116376091059 0.49870011773645817 0.4251547444263636 0.9046153966801508 0.8587357622447542 0.794184557003475 0.3093407039590981 0.7159019606183444
0.4879487090840283 0.8963459076873911 0.1137062086024686 0.28042650497638155 0.7116189528265043 0.7770350800552881 0.8988195206559546 0.40239766558329215 0.6467516986317753 0.5853394540556366 0.12871743261134194 0.3075439198086285 0.422971974225573 0.6237217129103733 0.7684672715975263
0.8329866794436024 0.8815960984756894 0.5608997556312306 0.2966694576522946 0.93443597006767 0.9397812839945139 0.0780314255147978 0.47521680164243474 0.281979724381923 0.056307327076887015 0.3644942714722511 0.2899149085653072 0.20108871925646554 0.697458487933397 0.8805272497957264
0.07810774294767997 0.9820613605742288 0.6946375442127759 0.5862278180260254 0.49324088819867773 0.6289834076668146 0.9097582668737944 0.39987410605299534 0.6213349285786467 0.44837993793217357 0.6801263254973365 0.993269217863122 0.26062942265914335 0.4880879979134103 0.10143317652416783
0.15778016571058973 0.10319780135791956 0.7284799151154207 0.3256510792274474 0.8819716094511036 0.316122261406789 0.10101928925184345 0.7000314807950729 0.9702102950169945 0.809856781862252 0.8632326331235398 0.7540737925194057 0.5013430314748825 0.30269555838247664 0.5945315631929188
0.7532442274513574 0.6775277405784927 0.1428031145452905 0.09392197722905793 0.7813901907855998 0.6455231836800748 0.7330513647899761 0.7584881587846101 0.08820806178589435 0.6862201617301247 0.3189483570610778 0.6006410369129902 0.7437875920416809 0.762922925592131 0.8462316608862085
0.9224722455478237 0.4791696220835835 0.7948665506079919 0.5722396517863244 0.80715595169528 0.9600176220505755 0.17968251194518692 0.12396149232333309 0.010193035975103237 0.6399183180439625 0.027000958663107144 0.7357072351891152 0.5373934474022475 0.7704902431570412 0.2851050889205088
0.4706273034745396 0.18184353421509003 0.1073930453585179 0.4435295779310515 0.3328502867891381 0.5587080495977964 0.3444950914557534 0.776721278665124 0.3107969364297276 0.7245663385233574 0.3328698238755535 0.15735723735867357 0.5572673423891037 0.2970854414675781 0.6969567465099775
0.31264163696083114 0.10818709752029065 0.10118343764023763 0.5471359498016094 0.022879616632931254 0.7694377085985686 0.7594379156299591 0.6061295631853685 0.16885277426127854 0.05998512513763954 0.31734667513845305 0.2160574929100958 0.7229974538799483 0.3895599021641549 0.9481485585263435
0.37363905489439786 0.7491136343946615 0.9704307787482923 0.017264546229690092 0.1529458558660053 0.22630892301951588 0.3153534989733162 0.3030201541176015 0.6182755248711778 0.045108160733981384 0.5575646817044909 0.9681622618432454 0.6041300999774979 0.8371366285064662 0.24373067701596196
0.9557850357572207 0.5449464504844425 0.39451046415280955 0.6970494581281377 0.8436305731025315 0.8741409705500597 0.3110451473749877 0.5252435028949636 0.8323323721568331 0.3801937716938729 0.13461895353649445 0.35696986119088414 0.4660203878701179 0.306912990877902 0.7585055737678886
0.4302134771378542 0.887808855544412 0.9156824023930117 0.999215461210369 0.22751819383848781 0.9180387991469651 0.6894109827313971 0.3093634652534588 0.9554493953513241 0.009749300282534845 0.3510661678980158 0.3563057271973503 0.29947120752355694 0.18370310251111177 0.39408698749444404
0.7607659830102601 0.5504598840086323 0.3743931423987472 0.8776374649737541 0.6343976546460989 0.8953647874453844 0.22880904077966202 0.8265741767785613 0.6812050051621082 0.3920666604609563 0.2913433259436822 0.694166840205916 0.5349730670427768 0.9072725428057611 0.681069294285787
0.9950236894146952 0.693332072398801 0.08632522614008631 0.8217236485853577 0.39633871605541293 0.878809968143441 0.24509482664630955 0.5200788051318768 0.2674907824838646 0.9082015502840831 0.9266585731569116 0.704991030003563 0.9311896019647709 0.1838107893709513 0.7492640877093906
0.4372628867553322 0.6337767622788547 0.7335983367729818 0.0871108442311006 0.37955863393172673 0.5579550720068585 0.32199354365704225 0.07177302673405839 0.7759645805082609 0.038132449558727854 0.5291063279766487 0.37962660811281046 0.13238631486075714 0.5067315260706845 0.8533014822321471
0.27943188431221244 0.21182736704976057 0.599229846154042 0.8305736056183931 0.4542625190684749 0.6626948343423104 0.2763592768449302 0.8838882851023325 0.1832607143182311 0.583629552691022 0.7838081819676376 0.11663126702419868 0.5712370896467297 0.5949594461880438 0.7629329423410459
0.5465341358467737 0.6479234990284577 0.5347265651518056 0.8504003463272106 0.3399212724955418 0.3237253080436219 0.7263398989993419 0.660345738370643 0.45084976362918894 0.38510965447002043 0.8752574118132981 0.12954638192343304 0.6956903873699969 0.9403040006465169 0.04370252237929706
0.8242734644544953 0.7009241532339558 0.9847699087752256 0.8252715870799678 0.956899754717195 0.3504058692889266 0.04595442520669002 0.7953908715667234 0.5410048595342677 0.3280722982151698 0.18811209463042566 0.5489325254732317 0.3256331898084379 0.1030494340853616 0.010528121879884167
0.15290121524217914 0.892524396635767 0.23633955478613355 0.6562637119357321 0.6399541329387133 0.5745499878158301 0.20174582881420056 0.2635825299365646 0.24761902087080934 0.6592536042589673 0.008418278633546383 0.7385070774359551 0.4684262918242279 0.6783070529662101 0.7883818375326777
0.2044923750294111 0.6177726850790799 0.451857512634827 0.16963351835071683 0.9939935523606931 0.5491859539666615 0.9561561956435585 0.6938725624432915 0.5867432081599054 0.3507609242005364 0.013522185964277789 0.7576537680490334 0.47084300011007785 0.34188973969662073 0.26560956061681507
0.5567307687542379 0.5053134365076836 0.45600976701385487 0.884109767416052 0.2955829940484733 0.9965347638584251 0.14294461994611796 0.9974356915422384 0.4875956962852863 0.3660507280756108 0.2535157510728324 0.8675971395597564 0.5160903628894771 0.9834963533651976 0.9794525322129428
0.4383924927415558 0.7523776849676862 0.4659496146019859 0.8132313615091323 0.9942045748567987 0.4342337142036147 0.5037962724265628 0.6653255597210489 0.31810311456386187 0.1966746223852729 0.0632359735271587 0.7304488741231768 0.9186205459407968 0.6166332727405981 0.6368468558819859
0.4297278598067342 0.6064812393993538 0.38411685107800075 0.06616499739912851 0.7723392153387075 0.9457290777606588 0.7446514717257109 0.3440238828852671 0.7780002332624645 0.8781119362138897 0.671296268083592 0.7194387412873408 0.18080163575795793 0.1252456101522893 0.8192356873190144
0.37410869379343337 0.4952240794616619 0.8099942700998153 0.691936351296078 0.9171496703247346 0.666780802442378 0.10666793917662143 0.6050795253824028 0.9534595550311504 0.9525806960515348 0.6290520954823687 0.9729591058872393 0.021156171287389225 0.38120742703081945 0.695948347350965
0.16175937836948007 0.2648180514381312 0.12666216884837245 0.575819033212591 0.6551051959831466 0.31379653228820725 0.3977185356312217 0.3052930962305972 0.5595023331285868 0.9686571685008185 0.9918903248124369 0.7007040825377949 0.5407635454144509 0.46384754075849766 0.49231401168777134
0.7374956820402285 0.1272415141345976 0.27097700043801054 0.19619965846075416 0.5592440246427122 0.9416667546890102 0.6346339728258996 0.25510518248344416 0.9962099905593684 0.8306155166345255 0.29145445596906494 0.18014083125480462 0.6227489718948241 0.04910835723518325 0.11319517641657273
0.8193121028316459 0.06356965510367596 0.6275677236499081 0.7358534267255722 0.14956073627780098 0.47074710772828665 0.7993384036254074 0.5894151031464818 0.7426655524860228 0.8365599102685118 0.8992021091669489 0.12660112703345894 0.5620155265728788 0.08163505325634068 0.4567934787847757
0.4640217901640251 0.8263701251506722 0.6635479994076172 0.30355155242538867 0.09543745000602533 0.03707269631443466 0.7879400769099745 0.38781740992623537 0.8143630418896065 0.9067844926750511 0.17237867438229593 0.649915019767918 0.4920432647417129 0.8506587696461309 0.712600367125889
0.7475290458886028 0.8968638732301462 0.9049753638768466 0.3314408083011222 0.6414199444349107 0.3125538811689166 0.4236084404886399 0.7526695322274707 0.05249313465101857 0.31507259087399764 0.6693010204114265 0.9351115033233581 0.5834657360831969 0.7018641214217005 0.4645717852058757
0.42685182319330384 0.8618507318541033 0.23220145422387894 0.3961811800991335 0.9549837216966837 0.40570516019558767 0.5336310827276993 0.6774354733891689 0.1532739528842837 0.03956541297059524 0.2570680698669665 0.6642087795564002 0.44828412757622726 0.5952193030930316 0.32188093383451477
0.19341462099987583 0.7739002681941852 0.32044122276683273 0.8823441540437551 0.36676064260878294 0.9648869517286636 0.888542840364374 0.46812595661576273 0.1379709950630429 0.39199696243022986 0.15256917859024488 0.6040173923317393 0.07826270828827853 0.6443302909968833 0.8201955553935985
0.09789812272901444 0.9927144153182889 0.8390520173332837 0.03885798545273078 0.10097330667700077 0.6392663602099298 0.44424107931209655 0.4753763713141037 0.990605320109239 0.6624432035815607 0.33755697182615985 0.8503055037736108 0.10360250881246857 0.9954920452201441 0.1915752240852603
0.04447653597389245 0.3566167501379903 0.40747992272689615 0.17605655869914805 0.8336673802606682 0.8303405556697434 0.5759964474402473 0.39807858597114765 0.02706745583142245 0.4654833793039471 0.05145903835281129 0.46287298432407753 0.2861786004820024 0.12104589758195994 0.7456194428506023
0.03137569071772084 0.18302031755489623 0.3792001226572408 0.12472220115006316 0.27491046792294194 0.11998484299379164 0.646122516486388 0.11686697387894429 0.6830919926551556 0.5784129708930003 0.29441557581795486 0.853477984201081 0.7679467633283298 0.7889392818179749 0.8202935421363731
0.7563864193155482 0.8254160644471197 0.32388089121490093 0.24749583128020047 0.15488170617259223 0.06481765974129772 0.30042151596927635 0.2999317953308036 0.5711903680508835 0.09750810635335883 0.8530680752671213 0.1863486055540824 0.04819222678579882 0.9879009683570941 0.2848346677063527
0.1928539857549605 0.4097851260892129 0.8131607249430972 0.8388343979724614 0.6629137882038676 0.14216144238317985 0.9523058050998545 0.34543694822687676 0.3594842228682926 0.6633604241273322 0.13111854587166105 0.09487551478658529 0.650226765984541 0.10881300289782603 0.5861739073046759
0.1611640379551439 0.43429370899400677 0.40219620066649286 0.5794626777150576 0.060411636271760716 0.23796074489376784 0.3037665070356038 0.8944990106550277 0.06509821506356162 0.4464223252000795 0.3324431738158664 0.8754664648150474 0.7156012966562774 0.21035443079202987 0.9432632722929617
0.032870331309910794 0.07124103386202774 0.16838874815857896 0.10843295009571796 0.23232850887653944 0.025336718710513684 0.7604309561318275 0.4980499440712559 0.0075468873338808695 0.5722450918157868 0.5717950842443885 0.7856743461457476 0.5941896282378454 0.2590764571239206 0.8444148977364515
0.2142765098969871 0.8682684584951854 0.18076199229957202 0.0189325025980267 0.44969187281244316 0.49083947378530246 0.784372123879569 0.930253042201222 0.9215645136222465 0.21020964287365007 0.4370617065724973 0.06919389066655846 0.30586285635522537 0.45351962689499226 0.1817451534820126
0.144145468186213 0.5384019536583763 0.05148332343362494 0.35558070285182763 0.02919993199090587 0.7654092580039397 0.18322889092248518 0.7785698527415664 0.068993220571551 0.9350211891083671 0.40259957832053117 0.03305421733344438 0.6255448309192283 0.31270061445341024 0.9129374451611462
0.9496191027526867 0.6986686465554062 0.06391588336557819 0.09428642999270653 0.7908892825284952 0.42906783814552263 0.18902419778051416 0.6551158186590896 0.7819289354178098 0.30201475062215 0.5181535102099813 0.6800787873220546 0.5744348935924258 0.9095570923257549 0.17797869070962036
0.27598518145196593 0.9516380913840157 0.20047980982415325 0.9276392955073208 0.48008149148745916 0.5818052351118866 0.2497915516910637 0.027647736482173446 0.5878949329534097 0.9104591021188393 0.7132935243483108 0.8534883654115496 0.08231311036711031 0.3449124309820981 0.29782782148299103
0.2947094878929123 0.9012341074120733 0.7294368316292402 0.7740909075578633 0.09066175810909827 0.8680365189135737 0.7353650453139735 0.28643771818550623 0.6456383284839884 0.7272826730346251 0.19765087898902522 0.9728900936230561 0.5390230327524329 0.37748239612768975 0.6178884468262941
0.1986029814980057 0.9001553598460527 0.5734089243086672 0.02351811245485813 0.02733054260268697 0.05297152750222922 0.5823722200075172 0.12392362974068438 0.9079734295094709 0.3520834629391254 0.02201955821501622 0.23635157987396083 0.9370776944302115 0.9298083968285923 0.38164680913202054
0.768060223655073 0.47319466254416476 0.15276350503057623 0.5346682091802077 0.13583202891073687 0.3253003206984617 0.9469919791795494 0.8868065228691387 0.8799604418755778 0.21501166329311072 0.7921877609333506 0.6727290111069237 0.38704806572858275 0.721126871565804 0.10843843890272808
0.3132697127603189 0.07442985714469497 0.45505457006508876 0.9630069189760929 0.6760413413128161 0.1087617444476654 0.7869872827446314 0.5100241664732243 0.5441553955101195 0.7322914934754094 0.04521278450687949 0.34256694155397815 0.5909320688462663 0.05255522113415656 0.7447459960026306
0.9844460224746028 0.6828965091649696 0.7147194136017482 0.06650371297822988 0.07813177071229349 0.38902136515200414 0.2205151826853181 0.5045328593033963 0.4355957529238411 0.16108996877884785 0.7836878213688181 0.326342444492305 0.01044849878886911 0.768218585819643 0.5191110494443782
0.25017820390921774 0.0226048923551605 0.21798986079822646 0.4511925067733612 0.5331184334390998 0.9208109275121721 0.5773142739374733 0.2969232223253353 0.48515780344770953 0.6037161320762647 0.8180498360018498 0.22990010908548497 0.2769857209705744 0.33677815793290855 0.05557466712469972
0.8638778426682094 0.7929546753667883 0.10013786489270182 0.32292119668988717 0.5078821673236318 0.19577265150627765 0.6817038440133014 0.3287447066104028 0.3396439705264275 0.8157434819337303 0.6900377272516789 0.4843126709028044 0.5200896644814446 0.954917491578352 0.8032330279233717
0.8528662657085345 0.42884973156324935 0.205303947310427 0.9928314552202719 0.5741183619139099 0.1392247293047877 0.9203362874542959 0.16592249534219672 0.7473174246938762 0.9707734500176294 0.5500695321483144 0.6539237320661304 0.7182199924357936 0.45866544788674024 0.6531289440732813
0.24314068219437945 0.20847911454749601 0.36116629556467894 0.5322176257728983 0.9900565019400094 0.7503696114096481 0.39010021791082095 0.6050300629000797 0.8934038534306679 0.44543558987598686 0.19386231997009395 0.8187075346542557 0.6054219266171309 0.15255930750078162 0.74852767976665
0.6435105584852974 0.7563045182277307 0.8291148076038589 0.719832582727065 0.44017234096892055 0.13869524372986952 0.8982837767943506 0.5472788436328218 0.28543647957726326 0.9531883030271305 0.19627488117072756 0.971339100014004 0.6615711558186913 0.5511447854051496 0.26510238567216604
0.4757172902889999 0.7681911514318186 0.6277356714715934 0.49974323072505333 0.6488453832168309 0.5985078483623508 0.6159745274977586 0.9329067030244732 0.7822738039816894 0.3371669981101263 0.11160460089990598 0.2463140700548515 0.11833942801402264 0.08312241034738632 0.5190559440452257
0.9342999118095601 0.035471933503885666 0.37853322846597515 0.7502907013160914 0.41371123072673954 0.11672561479436439 0.533461521585439 0.7312053343475927 0.273494096466835 0.485600281019511 0.27618560305166406 0.6743607598343188 0.7880217779092245 0.01294170178057219 0.8302341703847661
0.5621626894925713 0.2801322408793241 0.9996881861561913 0.12178466680961852 0.051215995349525034 0.9130074407033403 0.7224570959572425 0.4548589913409925 0.056428541400894705 0.014440300091878244 0.7924407762606389 0.6567885083166322 0.6025415503275888 0.09269948281989182 0.6228088588477814
0.39270907764188867 0.14111495806990515 0.2901165306583273 0.42578983427335537 0.07538648260194936 0.42259806488077545 0.13868352233635273 0.06783147577657644 0.5554611016508034 0.1859669120233497 0.13136356948374084 0.7997165817767911 0.5672400998671131 0.3825119419786832 0.8034807682882819
0.3482366295942263 0.7264544636715864 0.3857104166134222 0.7304700362531038 0.1070026573103211 0.7289370477422162 0.6557202905214403 0.0914314154185063 0.19619950669099073 0.2829670418893091 0.6248833666103819 0.22234755909449455 0.9745656333753346 0.22306521250815414 0.14972696886086623
0.888486925609252 0.1816076453082781 0.19931368807270988 0.7353057981007526 0.8424297228965949 0.26403522556392767 0.31381231674222787 0.8793258719585411 0.6023171533873122 0.5976284888948837 0.08467376636119384 0.3063453774695609 0.2843389963908106 0.2542264850804302 0.15799768863940944
0.566447773007788 0.754138634245498 0.683252258014824 0.25955379776592424 0.45813461842078185 0.3237280703626072 0.17816616534216245 0.9804425925799012 0.0017869744672194265 0.7136705519640082 0.28046596827735437 0.12479175357699557 0.23789592738409315 0.024701640750597775 0.33732862098387617
0.5125849581924681 0.9533639377718217 0.018624010770967425 0.2737152301477549 0.3270091124602901 0.5495309688115256 0.09522516585553487 0.2657374374028555 0.3232452131556569 0.657180228625617 0.9701315681100225 0.4093097400658614 0.47441679975291395 0.7766303091510799 0.20792648985671192
0.6665889778057811 0.9204491091404444 0.1751220141970996 0.4455228550199256 0.34242894226873144 0.40688147391810336 0.5090597043410262 0.3526970034189587 0.09405417255420057 0.7532138959591413 0.15526835226393965 0.11985254698999526 0.00938406131706604 0.274158301020236 0.0332794738996981
0.5374982112359933 0.602914760121452 0.49220418780951014 0.7797603968694422 0.537587220101543 0.6727926643468126 0.9261964512128423 0.4965527825621101 0.403780146325316 0.8386903715131081 0.21816379472253755 0.9353881405168649 0.7258569157349009 0.2373221244089222 0.3694236294636064
0.9051995482096953 0.5729178958011815 0.2909124066934671 0.39702954272785307 0.892050348077504 0.2906781200154892 0.6836581662704283 0.29291586705866657 0.36705190880320016 0.7900724469728343 0.6822012662335123 0.7706334378016215 0.024244637714779804 0.18755403343262855 0.7183547542811122
0.9183588041538217 0.2382675423819387 0.18188200673583577 0.7158029388769298 0.541899666497479 0.3607432969450054 0.607858605836532 0.9872215856353087 0.6777066973655351 0.08465737633647263 0.19439021917050392 0.6542415454925098 0.4834423189387621 0.9976115879713939 0.6724104283140208
0.4499054113802132 0.4724454497245637 0.6176833765208893 0.02761748646936002 0.45174347503107015 0.8484701855115684 0.6597244358857928 0.8736429645989823 0.7633215155554699 0.5183659789414937 0.01528327278671271 0.6331814977326367 0.4130901525394861 0.21290516113740998 0.9459380825113444
0.4577770570559174 0.7715914034520486 0.02975390093204433 0.2876780828679698 0.5913733868205788 0.6015549779924145 0.6276200347702922 0.04307254732650179 0.18840227184898384 0.4501433199478334 0.24690220962986908 0.598318777109388 0.43409569085681754 0.4685811258170076 0.7097022650522053
0.9438615601999818 0.18287307048894808 0.9016313285329637 0.5608526990667191 0.7001284004526632 0.23006840391167815 0.42785633246707566 0.5516499295537932 0.4540260085427601 0.76292623080942 0.25132978804919015 0.7392729056052442 0.8971958228094189 0.49870933471260537 0.3464407882272832
0.5774060089499315 0.5236269750108262 0.5109256610269752 0.5396588459975753 0.5073742641502335 0.19207744168637686 0.76909496605302 0.17560464058345127 0.7241372457110448 0.6878551459722808 0.9731410224859588 0.9594979120986719 0.9877783083776343 0.528862956037296 0.35040822591246434
0.1940310986796807 0.5786638951220857 0.6524121974859144 0.7014661482803831 0.03594260429964047 0.7532367354670214 0.29216172147171526 0.13027931580528807 0.586041653648946 0.3474467944745232 0.3086408421473028 0.5749837404089394 0.5961620638572108 0.4961115767809894 0.4721655301235731
0.4674257456004114 0.32749936708497573 0.789037479647393 0.7135597321454278 0.5927824742165649 0.627012452065916 0.5685222412008749 0.155944466870774 0.4949980556055411 0.602046720090326 0.48789824430933615 0.8199592536853427 0.5794328065140736 0.36806321978670054 0.8970649200536409
0.255131960880254 0.40103738260896094 0.22033416143297613 0.09849784860593824 0.9917147135936978 0.4945277576903203 0.2376919846970702 0.026011261900361626 0.6301550359691034 0.5024508812856916 0.764895690784163 0.43858951179397143 0.589472975614388 0.28769480774621625 0.43990473407775776
0.29289223080423576 0.021166467352168983 0.17891167175120304 0.4333274591075892 0.5605771713583368 0.16186896525474925 0.4904852734226127 0.3495371806064902 0.3903733634445681 0.44583466200217603 0.9830893768235406 0.802426176658138 0.1798765164134376 0.027428227349436618 0.9865474181100788
0.0234939666220898 0.8183279272905165 0.9741478584340837 0.4936171970707275 0.9859429753841047 0.08917665126491059 0.28231159012396245 0.6514894754480767 0.4356814027684648 0.9800140387388515 0.040388559997263984 0.7272024142187521 0.9086092852230759 0.4375091726049283 0.519058574410443
0.8038387861474954 0.2832905929439127 0.9262619379557203 0.7024347602343127 0.17628592081971528 0.6690909745824987 0.003030449161775084 0.7914855198411451 0.6585034897143672 0.46208665381703473 0.0015779338120797126 0.5085440606545977 0.78865746558977 0.21452711332939178 0.8384235967042653
0.61089465689045 0.22414293335582547 0.558360783977137 0.8960709995859517 0.8817769042052278 0.4554327562088102 0.7993090646878579 0.9178262873989943 0.008750580878561509 0.3358527703595491 0.9552009580356408 0.8571083018531682 0.18221521105206084 0.8237984011863865 0.9507570168774919
0.664190685255316 0.9509802152465487 0.7645716329340715 0.40073790388883157 0.06460623183562575 0.8571327815144653 0.5009314658851565 0.9143493852198576 0.48598187762403466 0.6390525637538549 0.5946148824146218 0.13602220551369437 0.4238626032305268 0.3392734472926514 0.965499363536025
0.8011618006653607 0.7021207145050952 0.482994495370054 0.3107423292724548 0.9301892863647107 0.27983692106575586 0.6033935369969611 0.7531466849729284 0.910171972284456 0.4840778205110302 0.7814987646544437 0.2861657313061454 0.620568003984658 0.8067844377589308 0.5412246296673511
0.7323750380987079 0.9480862530564268 0.6940244304711292 0.39428072746208864 0.6129024930662225 0.005389409731610173 0.07715059545147351 0.5650130952372352 0.5372222549408648 0.11934457647928598 0.7479468060725047 0.9418396194937785 0.46588194858632603 0.18675196302872488 0.06363183156556018
0.09979234347585508 0.473147089462707 0.3089598988078385 0.8826302496014726 0.3177810437930292 0.44221009167871894 0.7114991803443091 0.07830930940239333 0.8745444964301817 0.4625258161427451 0.830848315254557 0.45541888358555327 0.5488566464662993 0.5669995009457833 0.10766617967210379
0.40276149857559285 0.17240726433948717 0.8461668450372647 0.46430611162018043 0.15565772648956988 0.287877410662716 0.9071703014135933 0.6641514956000509 0.11306212984524167 0.4500825835813961 0.10724963667906529 0.7512900910520393 0.2567230619028025 0.47465665984818783 0.9846286193665506
0.5512699328334864 0.35356960560857886 0.9866030722940374 0.8340942634952891 0.7771573405394714 0.28754735569918544 0.9501391035526524 0.43022867776297835 0.6298432132406343 0.5634140851390711 0.47161282498020396 0.4881676999316552 0.9075207991960734 0.752545262499894 0.05887220288985262
0.5699249068542743 0.5464845642659566 0.4095887207106256 0.6933183558689797 0.7937331656142804 0.2038766513771192 0.7788464916325688 0.5249760772696787 0.884520239739259 0.9627331469624629 0.43055104763183827 0.7362664731110652 0.8155489837160118 0.4906601078475681 0.8197423346868442
0.13676816254724367 0.5344167514094843 0.01569494087511447 0.644240892568333 0.34910487123151623 0.041022645559103066 0.2963855160926069 0.7932515876075265 0.025198953787441525 0.3907751462932637 0.35784639380835903 0.6244211235530495 0.3924819780469687 0.03322711731586403 0.14152731083208492
0.28471246825941066 0.5712548864269603 0.26448900698503064 0.37365662669548294 0.7992471813794423 0.527242104241386 0.4711848339699567 0.8957978575894928 0.6923067019893397 0.2274850093874664 0.2743803613218505 0.42068501569288186 0.9759722000651881 0.5530724839614629 0.6438262003331303
0.17747851411233317 0.44442181732594765 0.7888071686458046 0.5460227561651736 0.19280985976054588 0.34569324629942877 0.05775791934960017 0.7140287222829019 0.017460282869496302 0.6677582937292684 0.8977504814748014 0.6825977319479828 0.5532448440931538 0.4720457165291483 0.287199863244739
0.31914276100152916 0.2606500143440408 0.9350873278591717 0.8192898273110958 0.6991916090517412 0.4349993429391992 0.0177513247401625 0.39635567532071414 0.3244105474718433 0.4273987057103473 0.9715660614404813 0.7704291429141661 0.36193818950064904 0.6564385941697074 0.21292672703889914
0.49125475923254414 0.7956843084492575 0.0076079961750735725 0.44851583602806233 0.3396893148282022 0.1234140242672952 0.7496005863460922 0.31905835765148016 0.12224738309554206 0.5078501635172605 0.4101710384924335 0.24357035500263602 0.7816571662383486 0.09569234886611222 0.14892514675632373
0.5925502020713173 0.13864294302172986 0.5553637115009359 0.04040436202328668 0.7960994894639614 0.22175172611373928 0.7524619277467869 0.3380522723346382 0.501750461951343 0.06489328577392528 0.881303705075495 0.22812628845037208 0.43681549659343455 0.056364091464334964 0.30161718583551933
0.8023451993845364 0.20136356180060633 0.40847800672417633 0.7913500820216548 0.9790390147080744 0.8204672902951957 0.08352694394411353 0.9197256516694428 0.8847950826569496 0.5181535638400652 0.5596475105402658 0.769092565700331 0.7720697975791841 0.8405296295453444 0.1492702327932992
0.2897791575273235 0.8929631000782878 0.951845508132528 0.1931802068945786 0.15907596163744642 0.8753281682525249 0.6547930058193824 0.3448190779016038 0.13363505196985237 0.05461657800876296 0.4451304090654513 0.33231018741259666 0.5339886831662936 0.9033348124595884 0.7007607001467141
0.03979018891832464 0.680553415707229 0.1697149756774463 0.9266809989962526 0.48498156989080277 0.8124004914572156 0.5881790072311436 0.8297592605489019 0.2865431596650786 0.2632369161869633 0.056402480136644506 0.8810835701592313 0.5125856697367396 0.44345587112333995 0.9872602275402206
0.9386686096401847 0.3808426581055355 0.4827792545666899 0.1386630131291514 0.4495927001699571 0.14133734112320007 0.22492912358967432 0.6002706872125667 0.7281779213882481 0.6139880722936055 0.6339285796946 0.7732941255394759 0.8156150392406613 0.2764469085796154 0.571047606864879
0.11807467324013221 0.46647378228755887 0.5015665505980564 0.3320720239279632 0.16385609491266584 0.878828326044302 0.5292434876202339 0.296489315661737 0.7761413559222988 0.887266649283384 0.02398582526166393 0.5333478471710519 0.9592521727206067 0.47184180289026023 0.6174064057047993
0.23296095483415136 0.5351867328047318 0.6010618738296435 0.6639432269794462 0.38929103848913627 0.8845966321355392 0.6233045771289438 0.5484606934946762 0.24476281183540183 0.5616816645120507 0.6485818036076205 0.2759868250686708 0.6274191224501842 0.0020265704412566476 0.6213678237767783
0.7466930820286494 0.4597467972323258 0.7308815337843286 0.07524476190209906 0.07332516797041055 0.3991638779899018 0.4491137070597945 0.8814072198166676 0.5336444683307626 0.78207374291332 0.12503440385722997 0.6556075875253063 0.2670417300186888 0.7865557840069746 0.7525327944257441
0.8719121384647526 0.622335560745908 0.0031762450684403865 0.7494234980684397 0.14667773645090731 0.14287063607453998 0.40906690693472625 0.06464232389245927 0.6024472562510752 0.5353814653498533 0.07733338744865714 0.9389004074436146 0.6990013225746223 0.6106893005744479 0.8220189029350224
0.9206343003644801 0.4275933768764545 0.10715170866258283 0.3782634010145427 0.17756537713573362 0.30443312111545817 0.511884932570098 0.6479620511263141 0.3639090584130864 0.1707735344751169 0.48013210621214875 0.0031408711529320454 0.30425068359030694 0.4094951430421224 0.21975061036413068
0.6324319830410658 0.5373313049734362 0.8218703681321026 0.2556442941750773 0.4404442579991915 0.3264635650690272 0.07322979658803008 0.31806752714154507 0.06548979375646624 0.08802394997607121 0.31254158279362865 0.7090795646085226 0.16804036339537454 0.31544482916303296 0.29845381955637795
0.39302946137872796 0.2604522967512125 0.9833556492409239 0.12313909353866148 0.2298030971716961 0.997911904902674 0.1049995626754664 0.41531940826062996 0.22366575305479142 0.03121842830723376 0.5857785092278951 0.7251386310969737 0.3958848031686697 0.23393430140722715 0.7667557769318488
0.6460888385605964 0.9059191300198365 0.3595980941225654 0.08417212384130102 0.11298581536387331 0.34381310577807833 0.9591080766068413 0.08450786838337443 0.2300284460459061 0.6955345537861193 0.6940496651199165 0.6293501470130985 0.9292649011021729 0.34334792445588747 0.018653066874083968
0.5003005710994533 0.7373288196205998 0.6049152726345429 0.5712324225677236 0.7713858767359887 0.9370965974623582 0.7376690011122315 0.5153707280245966 0.2549099308373153 0.45095679986916104 0.03910254187509432 0.5017802712569398 0.046412689192860346 0.8436711431597834 0.6589759031037181
0.8836807200354942 0.6953775807820355 0.9453461290071321 0.006035087394942962 0.31170281968467894 0.8105561190286412 0.728822882477658 0.1796959524009114 0.8587380865944525 0.9722544090605352 0.2408325002588243 0.68624442215553 0.38082019814202617 0.6686532530476607 0.5825525015829125
0.809456348917163 0.9070371712714418 0.5992099353758246 0.16273968210191592 0.39714278467636077 0.46963767640423193 0.09541619612969154 0.7054034459951887 0.49797662559979783 0.9349087734582243 0.5976637923388445 0.7840226365848014 0.23705938448373587 0.07606675739440627 0.0966954182088059
0.9755984328268831 0.5540377554238844 0.341316425097252 0.19909518925991787 0.08037412089197082 0.9441813435825239 0.5133984285393189 0.008499688954146323 0.23684258608506925 0.14068433846224182 0.7313583584003093 0.32768711905561876 0.17670071371502194 0.7555560247575902 0.1509352397378415
0.7814284313484925 0.310699160807291 0.25681573468649666 0.8568812318430507 0.3359611189778424 0.8138750908807147 0.30131027894621565 0.508688329244893 0.34817295493456246 0.3874445407842473 0.36532271223387214 0.6006119834701018 0.7160590552482422 0.9146700075059301 0.8192434291479926
0.14754558210368618 0.9217428991138281 0.7993081254640696 0.07792576736716772 0.07021387134629509 0.7593280626797824 0.3777809675931334 0.22494999250010717 0.5463172882982948 0.3220738331777253 0.43000414096850226 0.5568712909818384 0.11867333095902688 0.38686510191799184 0.4788433885134966
0.8226284140921121 0.40706544800643807 0.6786726340286802 0.2644608045511728 0.5436419986579537 0.8574232996253757 0.6236771387237976 0.5073506377942475 0.6917321494242268 0.08012302406927463 0.10695661062257311 0.8326537805707118 0.17483761284643018 0.9786098984792895 0.4391132365671693
0.5183792786486244 0.034619153016430815 0.05020947532261899 0.20594270551741978 0.5514497670908453 0.9953824153529939 0.9529083232581584 0.9262250661423537 0.32802759619119926 0.020356370842708915 0.6750484909267623 0.4749432119464677 0.2183665625843504 0.8292154724447512 0.41929433527517856
0.042711608983869054 0.1314738823379794 0.9098349588215857 0.6178947734293704 0.9969238227104277 0.16115598084422034 0.4176202177980506 0.33317741986366234 0.3861049387736496 0.3725603948718591 0.4973531454122756 0.6653754554225149 0.9861807547808407 0.797115673006285 0.9853493520747059
0.689302264450022 0.7258525967481873 0.7438096996408272 0.15382230408539244 0.8720527814614735 0.04799287766801108 0.6060363067430218 0.14470140906913598 0.8858243329689377 0.26495349695012727 0.44577915490731224 0.006753086662319108 0.2231143926149951 0.24790519456473403 0.7706901540822204
0.7977052526872978 0.045966136623373566 0.853803108701162 0.08466020956316667 0.04217728014972966 0.2565971226083461 0.33829989489188983 0.9887674261515286 0.9465687131389343 0.8636602831767556 0.628904472061069 0.8370284604931875 0.16366230511858937 0.33655075468754647 0.7399113049053946
0.21016674157866855 0.5725476489557576 0.7895855397015282 0.7991011140247045 0.7606509247348365 0.493573966100061 0.518548028145719 0.12594097734231857 0.30354571667106334 0.9933916655688289 0.6240022815440455 0.5519882349572817 0.3802565536734448 0.45174414107964445 0.19894715737544655
0.7064289412918584 0.9060381162587282 0.35952276960717666 0.8327935400782703 0.3031583745807781 0.9271765864815963 0.3966994303439111 0.9893127873096118 0.5605377928532302 0.960043709786356 0.19910304808988377 0.15311770163327532 0.7609377556484468 0.8617605539751368 0.8646071164850323
0.507402206908158 0.6144054615016543 0.6909972342855512 0.17214804655445315 0.3050794799489487 0.5292695965766625 0.5574746418532135 0.6910946569831409 0.02612251358524864 0.1122231166576606 0.030022526856753995 0.44384143610478666 0.8758250729838688 0.22140071783094661 0.27558817234072475
0.5510990239188196 0.17186530436510294 0.678194474063981 0.7353781016319398 0.3372079339942281 0.6924679103629137 0.3070275619720497 0.8093549951569755 0.7019019408724051 0.11362514545452973 0.31703263118913017 0.7166007032342114 0.1753001347822304 0.25025120776237164 0.1655579298071942
0.42659552447717364 0.9645075178269137 0.9343078074245721 0.9506507881194873 0.3152526274176314 0.47305588140397214 0.012353727069541742 0.06814475371802953 0.9895860265460469 0.22851838628534205 0.12563479336076466 0.3387030800165318 0.5461793334528326 0.8889822876768985 0.6477445488326549
0.06114800944472876 0.3811612745898293 0.015666634253474254 0.39805037814241484 0.4806316913365257 0.553183787142264 0.5968225870980957 0.5234937401258444 0.973681154453003 0.6159367808051225 0.8871557997611395 0.24703715721918906 0.8468766194503312 0.7830232171150039 0.9873622547326021
0.01794464238860971 0.021898291021010374 0.2655569679400417 0.7299699469015702 0.9672466881238629 0.036904310014718944 0.6316351181657683 0.8605304801890157 0.47115429728605307 0.7326782261061004 0.07687543809208719 0.20730667165767247 0.055851334848226575 0.7117113603694994 0.5664984897618521
0.5179532522179869 0.8390081151289435 0.15936191670101119 0.9119736490840864 0.9082895176024748 0.19652332462629662 0.8984594760589351 0.9790363760728295 0.41611448310724497 0.36741525174582246 0.6121992268703008 0.38892413369090695 0.98211658168734 0.2654478648593067 0.014898241830209047
0.27096646305654914 0.29028120244074673 0.8529906567851766 0.37616138831908585 0.8522047285404776 0.2918014831092056 0.050775845438888356 0.21123155693128604 0.9285053891743242 0.909349077032245 0.30663022208698676 0.1387756792807323 0.5516698511042685 0.37266270806063284 0.6269229816534946
0.8770841694010685 0.5883335476205896 0.8717648453944072 0.08638534327896752 0.10063803557273732 0.15898513513857782 0.7307177492230889 0.5751212582106059 0.4112247626712118 0.3492262676079244 0.10268142436488337 0.816042958158357 0.9912602948719643 4.31738663256076E-4 0.26613856689730664
0.49162911977783663 0.6017012915650247 0.8332577279096229 0.9625022240963894 0.6558173079593467 0.4629080935322729 0.6349865528828285 0.8569238593085704 0.4750065889504489 0.21404559470752227 0.7504839297849629 0.12697098782574956 0.741560073662877 0.5850858413242246 0.6565845292791007
0.3879452575766379 0.5338616452896809 0.6352026451559319 0.9710109111260021 0.6489631487365807 0.8588944703472154 0.4123247710681627 0.8494692266203374 0.7605231787573082 0.10647386007488391 0.6708415482211069 0.3583545513027938 0.8621352065950758 0.6686801081982369 0.8479305555955741
0.07553827940383706 0.6676886403320608 0.1337019556900012 0.8437039388617892 0.8679978877755309 0.03658819842995864 0.050214672564398266 0.27634664547222443 0.5225895691020261 0.1702874475556082 0.37658115762751154 0.7906461500146985 0.6650527335347663 0.9467015945727105 0.37857855367249504
0.686789574048813 0.19237447935393404 0.35908293037792016 0.9200167174577293 0.6060317057626432 0.26493131527254 0.7612938209890123 0.8025289626769285 0.26081242052554166 0.7573645603645512 0.6380133507779155 0.05398004844128845 0.22913004131704717 0.9509345350810476 0.9162658360750514
0.8393494485917359 0.6464528191573778 0.16513806561032063 0.41376052230382954 0.9736133231414803 0.22317769824328948 0.9726629704624535 0.8798836573758305 0.853061285722886 0.3916216978358229 0.6192918739999795 0.2267855018871343 0.9896492354845938 0.5437585898092436 0.27915689507151453
0.9708564526636438 0.23240299632737982 0.2593889479094529 0.8157861025046088 0.6089880521872102 0.1905517542731856 0.1441593092139306 0.7906714275240386 0.6393662323948892 0.3349841428405339 0.3978222755342663 0.5636266169323038 0.20314565257725936 0.7477844588417205 0.5153555912889367
0.46299338126548917 0.8712054525095769 0.5140196171450799 0.5870356673841056 0.16879247018983934 0.9292887197757579 0.3056125148275076 0.5082866380369848 0.648205706765919 0.6251788104608622 0.7940508368949434 0.036103415538383365 0.21031412390725723 0.2331680770042569 0.14684459017372886
0.036073128027671264 0.5058060468814825 0.46392537207561124 0.0120600093121086 0.4524962610372486 0.587408760061429 0.7019708334869305 0.07592095560200207 0.5038354039479179 0.46808543820974036 0.78831749839784 0.4903836713037547 0.35669562327316595 0.9665790972680685 0.5824413017685469
0.21075409202301454 0.06376790419630995 0.013673642026103772 0.33559249404919944 0.5578317780767821 0.86464242255498 0.007581638398636681 0.9865626452796838 0.12472780325351163 0.043126370071774334 0.25315710037572814 0.8513736474240231 0.48541864595445916 0.4106765002663407 0.997171010060771
0.8199560847915404 0.030261581191270093 0.14278369328009177 0.08067602325994461 0.09573641288975476 0.6531119694182466 0.1336231961086236 0.7695262535434583 0.7181534083432299 0.9453458269355668 0.2540109874627621 0.8954065950409614 0.5934764872666626 0.014006165925462777 0.8986829005857102
0.04226563090803537 0.5258995015251995 0.03445480166464643 0.9911399943408746 0.14683481345450078 0.7887357021210067 0.17232617166830178 0.1777803135841124 0.5469559771895897 0.1046406650533982 0.5652429778129205 0.2877631176058615 0.2077280164093307 0.5141419998578306 0.6416682323975096
0.261029309162194 0.5830229612241679 0.5033554737707476 0.17243170161230714 0.6541271280945592 0.32871037899535827 0.9346199888422494 0.0998836262117152 0.5219697425212022 0.873968442528558 0.777883876955308 0.3702916065724441 0.9433772431623892 0.678348741353049 0.37602799535811515
0.7070117208746922 0.7092325984607614 0.8548012941986326 0.9939114207315641 0.5051278901298597 0.7243073183182793 0.7226549231659668 0.6987781746881604 0.8026686974423164 0.4872894522130933 0.769587722790827 0.19876416580435563 0.589173945194901 0.6082727571775867 0.4479106991646863
0.12659559167391743 0.5492979478807266 0.6989428282231301 0.20802759671377158 0.3971711887624553 0.7073002129573414 0.1279222428750968 0.18072195648232103 0.6905729447982235 0.33768863491964485 0.07221342031820477 0.9599628215452308 0.8161504264358348 0.9379439498451447 0.015404561718229348
0.009207932578435107 0.6986767323899021 0.02116851867991043 0.3442804831630022 0.3167241322403389 0.9941742970682056 0.9796666930409209 0.9777067488823967 0.05923201731868144 0.8908614828393655 0.29487744146163797 0.025131932138163116 0.19822246730615467 0.47977159539635394 0.9247452292092594
0.31677992378619424 0.12958038300538244 0.18994810819504837 0.786527448572183 0.27357984314003225 0.7346913023591043 0.17472129818573234 0.871202619871477 0.9921087990792075 0.4399944863621399 0.20842256344516463 0.6750561675483231 0.6082981800125877 0.18198602618394955 0.6069952616015665
0.31468539355477 0.9733815512550817 0.49596395213685196 0.9213113402412728 0.9035793863989356 0.4265386124723979 0.2993467888649147 0.6686054991190041 0.511593063271537 0.9809157313488337 0.32418584507331927 0.1652897165978231 0.3030492669580658 0.5531809169615123 0.5685308082500603
0.6035125221626642 0.2548665488424393 0.961497015489762 0.5825968026629142 0.8741792689724287 0.19302430533801873 0.2927739052455224 0.8832208399910206 0.2807509611703356 0.7538413422439982 0.8972866749346085 0.29888407267940253 0.2109907396243874 0.2759574085171448 0.7072235892585362
0.5876154770442265 0.03792886731479761 0.5595720178460402 0.7954542151750424 0.24138189065548277 0.006668609194005692 0.8914082810083377 0.09178434074778596 0.9931080062274719 0.6302565922035446 0.7270340523796585 0.9561913096132794 0.17625932326052296 0.16569350465315202 0.9465863490818835
0.8720096126585811 0.7519598527963969 0.07026174264793572 0.65560941493997 0.8667633358388712 0.5149057966712228 0.9486988447236572 0.08963057295087351 0.3943184501989061 0.7168748861493267 0.39334662191161385 0.2992621377334973 0.31925482626499924 0.10542081587428853 0.2922578752657303
0.9420321881283021 0.3328338593354737 0.1653808783953613 0.6343439020210727 0.6878099180925189 0.5996649101893059 0.17211374381556344 0.5759973551719758 0.4566069424309027 0.6851494171227248 0.5179242920366086 0.5502273334289888 0.9506983573469936 0.8460091558951437 0.6569201090817967
0.4971940825220834 0.7174227729812925 0.579680467288069 0.9285847853570011 0.8741333483719069 0.2846837306142064 0.9230841059251174 0.4666408847241995 0.9630107823040984 0.7480893034189655 0.36725587569292384 0.37731555961452734 0.1358499395298003 0.5568308111403544 0.4115504298550552
0.37991039479668764 0.1605271207742488 0.144815470750154 0.719606875357362 0.142615750364802 0.333929303628446 0.4842318742222226 0.5589914272845442 0.6177998798138246 0.2147226434327194 0.6006414310790986 0.707409102327793 0.7835412775854477 0.9945798641823348 0.5818529647589088
0.29060269361345414 0.33196225104149424 0.09456748364373613 0.6372510760024898 0.08053409130517053 0.009960438885601941 0.40249466220795593 0.3199142016622616 0.6271694950560702 0.5142247295491933 0.677377229095417 0.11077118224974991 0.22316650367650348 0.0699600569729929 0.03877200477665821
0.182209659283607 0.1079879113314205 0.08153551833515815 0.13158827741549284 0.307963995737497 0.5064432898119368 0.533309113863407 0.5110844140131919 0.5667737257452964 0.0663861360192235 0.14017073406664127 0.028109732862226955 0.6992186840249919 0.011271155127728694 0.5998855563451245
0.5112526381270641 0.7202996496980071 0.855502134581075 0.6831075902843587 0.8404083616711514 0.6647487638127139 0.8439784349198424 0.3119728252035364 0.5853805212136496 0.14771704873245683 0.3719737743648166 0.22447082602322432 0.7434825909217236 0.760401034328416 0.5174577698202201
0.2993320981923201 0.7517072177407098 0.18833411331820504 0.47519800657131506 0.12495766389323693 0.8718819716469747 0.3394827283620312 0.12045556022058812 0.9359569259162586 0.25133295823919466 0.6999511826406557 0.14981495373127496 0.6121482245174104 0.44692820280895995 0.5970130450931322
0.24766489698966465 0.0374160196440847 0.9669745913436586 0.04235161247344765 0.5090734901218946 0.7496075083850582 0.4332943082264382 0.35280499416135513 0.9132777903664259 0.47769075845772213 0.2949071012505845 0.8015765145998016 0.986734280429695 0.8586850450028771 0.6350976532956576
0.13978439312632096 0.9206532378931126 0.3544136441428849 0.5052474971033009 0.9463892357659442 0.3151668268364306 0.14691843216085032 0.39166366926215523 0.4139516124913406 0.4107570650293375 0.5814137273350227 0.8757371765142392 0.3583361780319201 0.13729643768034616 0.5469474537912811
0.2831159942361916 0.9523928880856954 0.5620303549824599 0.03747547919473371 0.1341791373814737 0.9268099551627826 0.3500577349249149 0.01984436593862815 0.5059496826428894 0.7557470408489371 0.6643418426020447 0.6502174077981148 0.9946861625620331 0.6505214198702503 0.5270105614332573
0.8267670467690329 0.8287435424769853 0.02153407363471227 0.03968158806246813 0.04399636452494571 0.8228962845036998 0.4367863255798179 0.017774912730957215 0.5228412930412052 0.28816776776552566 0.004751879958327376 0.5322511338181376 0.6307441451039867 0.715311810859981 0.5400335226118618
0.5719408511130206 0.6771782064589191 0.03544348440195988 0.8321471245236254 0.5406071997850654 0.27264230824653934 0.5279182554428685 0.8309403257918574 0.5851097660073746 0.5729330491843319 0.9934098924672234 0.586566835927195 0.8145147833349353 0.895541764373488 0.6392390010526551
0.3376017224102472 0.31472336313374594 0.3913120558247605 0.23435583926810155 0.2277967788260643 0.4891658026339919 0.6820331691256813 0.4829825824318087 0.750139497131337 0.6633363514895434 0.6334330670820691 0.23877161796717372 0.16629285539425653 0.07942003653197993 0.7230745027995167
0.13543827432114075 0.8301575180886612 0.3769892032510046 0.7839464649267218 0.4451775354619881 0.5562118194211967 0.40672397054224163 0.2570819225516503 0.49277653758914297 0.9164494023272275 0.7563375591182585 0.4703226544652618 0.7511853051580869 0.6241476497348952 0.6813643095687808
0.8753903355699226 0.8234105970085955 0.9683651252050474 0.2281937824746354 0.6217122966917907 0.8759487412383046 0.5999795757302534 0.21271216180217212 0.3229898620108087 0.7305751150554546 0.838242188417335 0.3751377191766133 0.38128544043466395 0.7441596387096074 0.0662383475545767
0.4701141999547088 0.7734443602289982 0.8102785556790871 0.7143083657411956 0.2708524122138942 0.7759560482616142 0.30174556169905786 0.7923967213788986 0.46708694581769894 0.7068983544627726 0.5397852694740878 0.9254615443066398 0.21884116495432315 0.3973979379946523 0.4234253423237817
0.37049050643804293 0.6914707599827838 0.7700786194571673 0.18178357382777743 0.5493335687330361 0.2421822163032069 0.5982585675427317 0.822278900847815 0.21847647954415206 0.054199302730579824 0.24719662062755654 0.7393962692555531 0.5150437773001897 0.9219773097330366 0.9574766176482987
0.12148728630825767 0.7677332976897722 0.5793411149837424 0.02065805679506838 0.24718948551857944 0.14204889162400292 0.43215018854516996 0.018610135531844207 0.4983995706753491 0.9011118113027721 0.8080693759003958 0.15048584565749779 0.9333364700993406 0.30649525447970816 0.8682517836072192
0.5550809481614174 0.5610825776852824 0.957940901318605 0.13921613582774106 0.4513627170707404 0.03809236909174063 0.6764798313734685 0.2179275373318318 0.8662418175585739 0.3675096994307604 0.872395086169997 0.5790672972586207 0.6961996127433806 0.3237362331016582 0.7076260673628867
0.5707040101202193 0.8581728738821667 0.7475452363335264 0.26163029753105427 0.623054545653307 0.3251363181897816 0.5611366036884472 0.34038102217779653 0.4147502651901893 0.9131128971811983 0.33788031241819916 0.5300938846513583 0.24200043571406615 0.7888804137855988 0.5280970247020005
0.5904398527901354 0.11827084273590494 0.8014324976482046 0.9900767791598993 0.30641520886413687 0.19557314044856922 0.9052908739135163 0.304637215647677 0.47370413353949914 0.9431860801094488 0.1400547578138085 0.46187522688022487 0.7792830743685965 0.14560671843241502 0.8581125724064852
0.9003670039423503 0.9571799712044674 0.18875655171851635 0.1512300363366248 0.5519233605018704 0.748716215309471 0.2919434438597375 0.7167677923082614 0.4991083732142685 0.8772223380710753 0.3128073927808901 0.7255709066110879 0.08808120881373427 0.4591331225067766 0.5034543453648079
0.6061113334346483 0.8559225978501137 0.016531915664647845 0.1282090645631867 0.04325386279215804 0.42945895467023154 0.5306273479024413 0.1668943119390881 0.9050550251826023 0.6316982605262049 0.781310611426051 0.4222707201253001 0.2572933268752239 0.39234429486091305 0.5548547414401509
0.22624769585980742 0.1029682753235065 0.7004565194302056 0.16998194414102696 0.596702422724225 0.9927951035202157 0.7601748414026243 0.17193867648869554 0.1352211211318094 0.19276060378880167 0.7145301148142754 0.974882691371669 0.175802323744623 0.6660948833134739 0.7877124953420477
0.6947996514699322 0.6955394050069974 0.7295528145360244 0.4627718780889969 0.40833195744579787 0.2805254918940687 0.8776882035489092 0.3595754463818942 0.5973153461533877 0.003700980708160273 0.9338423894249891 0.8069495683751459 0.5944839285934251 0.416089971539117 0.38285829423644324
0.7132846027587147 0.43271767674081385 0.978848944988345 0.4680701669740983 0.23148268796392735 0.6183706451494215 0.1707769928881271 0.39390785334081735 0.8869802164443088 0.9986327121358783 0.194414260213587 0.7654939718829054 0.2916781686579679 0.07354072213544638 0.6735810683591766
0.21790108210121129 0.30196532183418545 0.8151700774786906 0.9861870781379749 0.0402754609787872 0.49562051338846524 0.2997008920326395 0.9083666072663585 0.48382224050159683 0.14023196906189106 0.2324678340002171 0.05947245428853809 0.3576869914126851 0.4048732478278805 0.7517658912762015
0.232187014130792 0.4630568972800745 0.4271267136404656 0.7340991558024809 0.06798691931783374 0.3933439795496473 0.9891474377569268 0.19172342272233 0.6954225972758363 0.23710233571279482 0.9793113808227458 0.2527472024015319 0.8871520346806909 0.7603696383355156 0.5200939108384058
0.6447204681272792 0.011393767102900298 0.7164130287903929 0.6281757228439705 0.5645540680548272 0.5544410190133781 0.033397926663942035 0.5393752142281243 0.31077669196179036 0.27310536641959593 0.7642877120777614 0.378857696865761 0.07855064629426511 0.09943496745242286 0.8483212930512708
0.6861734623877047 0.8735318439000116 0.7647787388765009 0.9297042733488944 0.41502815314828656 0.5875728958057378 0.7362447726230914 0.7066891589021822 0.4192907547300361 0.8974329683613805 0.465827564148793 0.5430084284940863 0.1095957730283974 0.7970715621432858 0.14095505346792114
0.363663611914924 0.9189978480755975 0.2547678590580086 0.09493383495102026 0.17836293178243612 0.45148872585556843 0.6982209680785887 0.7867461484912477 0.9284383964700581 0.7037878008033063 0.7739508574986871 0.7918802056869503 0.7368630888112678 0.5486692793442088 0.10173339808265247
0.5593508446685701 0.056027693903290765 0.7471905493456057 0.5504674408526314 0.7847948568547609 0.6542251190597406 0.11753749721805373 0.8987854422490683 0.12550150371592428 0.859330533637153 0.12980482843763674 0.6118837800804706 0.640465246570547 0.9869534418520629 0.11888031075925565
0.8654622812633197 0.7770245624419111 0.4203775888424218 0.5117036118370495 0.8783273337559903 0.9453770497926007 0.3808933208888785 0.9505224334140214 0.07712622557344917 0.7232377932060688 0.02966621995579055 0.960369313560943 0.609845023564583 0.515134217025181 0.17607494860281336
0.856834965483155 0.24911603425894435 0.054307472569590454 0.5324900950415828 0.919315008312876 0.782045094154818 0.4799169522731329 0.15175520433108147 0.46525835921502834 0.5701828722677384 0.8482209559207818 0.4111698091175663 0.35254805270746914 0.08142877864599085 0.8436331918487835
0.6655636965523576 0.6099955540764401 0.8450693793641199 0.14403138147816996 0.48209061536582154 0.3500321200963814 0.46181837165696327 0.364420525363505 0.1906586302768184 0.8530320344752661 0.01263810433821988 0.754030590049524 0.3364533997760789 0.7293039933502775 0.4532875554876741
0.8541541181536313 0.5047996388277869 0.3626386271609465 0.3559553829390991 0.13750644005731316 0.9036455113313792 0.41840161268830933 0.6650004844610821 0.24461749451673243 0.03524297954284494 0.05951352980639113 0.9707372483582294 0.8087408798803473 0.766137214205022 0.6552590747092145
0.17336586793769249 0.017992120987542326 0.11336600166485389 0.19071970837231234 0.3085631174492658 0.0019050985831562395 0.10481053054084966 0.28872551929981094 0.7369121025250147 0.8493219114220661 0.14292669573267958 0.741573908888409 0.8612641469847089 0.5655077073009206 0.4036262179340885
0.7163634739151225 0.02929005907254878 0.5586093456278025 0.9358648974659349 0.34564381613318196 0.3028917274638694 0.3090525182206675 0.29253556822840976 0.24418348014720115 0.3318092844020063 0.720199002933641 0.7195510970145685 0.6030090162509368 0.6556732099384129 0.27456208949338545
0.15754297291210695 0.903470937155334 0.3769144841336859 0.5271049416670506 0.5693893297100627 0.966942675767365 0.2963604749309282 0.655623014421901 0.3968256511564099 0.009861368476510424 0.284007815590707 0.7579382996268229 0.2706803748605545 0.6091697058009697 0.8693777907122819
0.33660980126200746 0.4518167614503128 0.9998206353847018 0.7790239241972496 0.9440911665393791 0.8636512991423849 0.9238578396439863 0.42317535232417014 0.2747428525951109 0.9921581364127456 0.329686102152157 0.13916358762863157 0.08483297692703018 0.375557951110002 0.5804980854140597
0.3361946431388221 0.19763736825813993 0.8834289287916903 0.4724250156109431 0.5541921933242112 0.5079759437627798 0.4937662869145313 0.28583022944169034 0.8488517048684633 0.33899926938485536 0.8165562666700407 0.2972666333591564 0.8457095320191393 0.7237654162616096 0.18371903689538782
0.6649703214812865 0.2679448974007481 0.1851241405298556 0.7278144964604498 0.36736393832694114 0.7357969913449159 0.36965161512761013 0.5056938688067301 0.9218958546637382 0.15989316731754388 0.4548558164206392 0.3883188509386436 0.9406414069915139 0.10644847569258287 0.5935990681911536
0.13425934127629024 0.189445325409191 0.09921105629598848 0.785660707166568 0.7919200538422198 0.7089852128487143 0.941191173641411 0.4735897899735365 0.3343347064008322 0.7289878936685147 0.7886269227346199 0.8484738700719007 0.2204062272756302 0.5609317736367377 0.8903025811033002
0.320976580267356 0.39776022015422374 0.3899200447789847 0.6172503470331793 0.8639736147857386 0.1149178460385687 0.9030112250852449 0.6510299983432973 0.9653426864357215 0.7942836693350843 0.9891448764451207 0.9731951566159814 0.742940329561086 0.13248261920852022 0.32490188614769555
0.6042186780584533 0.3685240927598573 0.5408699152910273 0.5206907258656872 0.8770643018977776 0.3233562184983181 0.016576110149919665 0.6435519334116543 0.39875487992832714 0.16545056977948824 0.5432392451028435 0.35562517029973195 0.7527026989070368 0.42690179400745454 0.16061447609177704
0.6114247445256867 0.42523018018270986 0.9794618736154355 0.9135411143988083 0.8424206169037686 0.4016245603382139 0.7075058665185938 0.9932857270420834 0.8240239718753997 0.37023320964349327 0.6097553697798446 0.518069288549297 0.9679278355079447 0.4975210550764506 0.5146047043115521
0.5646253263873107 0.6118545455769246 0.292675027225222 0.4386211063850245 0.25892480994969713 0.9891137768231696 0.16725501913195162 0.24376726195625587 0.96174306193654 0.9519761662092987 0.9135545482204142 0.6561208422243182 0.8435328800981894 0.19571951565698542 0.4747485654780629
0.897342023575061 0.43310667448240814 0.6843051808802344 0.06056997358386951 0.1498670918888847 0.045920195935094554 0.2139952353248592 0.8741700847622972 0.8277822476598382 0.35028910558317783 0.5678212316833834 0.4589829450158539 0.15755862633859108 0.7136585236765548 0.511667742657392
0.9488268494627815 0.8863058376578339 0.38608527632121736 0.9618350991328044 0.3101410963868958 0.029928468739149894 0.024381176269115068 0.01429740743838226 0.0021693185786013647 0.4495455596261183 0.5379047744544578 0.16747360064151906 0.3490657188535057 0.7017607867307987 0.7457785427764234
0.9931804105550087 0.317313586394513 0.04684658367727146 0.8753466522887529 0.7145383317083162 0.32251057528600113 0.7186328774028485 0.5029787174264265 0.6349526508026886 0.15148819906837108 0.5608670630655391 0.14086260092900382 0.12889377460355944 0.07889817157581569 0.9170385343806913
0.30721980131337223 0.9530516044078086 0.781811372799809 0.22413819864488493 0.5824148000945216 0.9655418676919657 0.7115397067079912 0.1055488666397203 0.849719782921965 0.9511922264405628 0.16880524711045097 0.8842401358475237 0.6470345377931338 0.14253859743600994 0.4465448974075201
0.3446671937288819 0.31465060772088893 0.19901346385257823 0.05405299092735805 0.26024970233010536 0.41418811510634757 0.8609091921278633 0.21682816001556027 0.673033811346831 0.7151223057401405 0.23005126814588528 0.5584053428459214 0.16311638559019903 0.8978560335225266 0.64571808289055
0.11361705483154483 0.3776373637121162 0.006083839533451152 0.42219458055036574 0.5971428130458378 0.9026229386798579 0.5962317640035573 0.2934500396328743 0.1568695277312735 0.15568846020817528 0.47804653398966046 0.27078040868423525 0.6784993608265815 0.353586484327691 0.9179465348062165
0.7608582973215148 0.0760060554626848 0.7658124888114034 0.1855364896239986 0.21448441542062802 0.9019545873492887 0.4039567216630603 0.363726072165268 0.2804365496414172 0.042363043164879155 0.016217375541786483 0.41418251881597423 0.4241631463854214 0.2226998924730219 0.7574673517229895
0.5923859469263364 0.23767049874801083 0.5447734985557083 0.1874925495403622 0.4403452094127025 0.2148040560390465 0.29868531489736616 0.3134969608569521 0.7500712749710701 0.5952255476097362 0.8496816368073028 0.23769586884138494 0.08719402024281764 0.9907398834505177 0.4866533613160883
0.5967955601665136 0.6916475660836744 0.8992266887228604 0.7371972095868558 0.38738395433017137 0.8311382737301269 0.8842832471437833 0.8035655230642751 0.959733295766476 0.9731485063542303 0.15278707883951814 0.4544962048314548 0.9322430520329511 0.46251843606208876 0.49793803247637214
0.9198284490653506 0.5297270586179232 0.7441872079975569 0.09194121192992366 0.07797374798718137 0.38097587868028193 0.554463810872591 0.41034362719495343 0.5007256002202598 0.12450188869942447 0.9192370767614825 0.6491392619760797 0.7255560673481086 0.26610125031538545 0.24382316355398626
0.35610834765978494 0.4624605717342576 0.6078429395196978 0.25668851042831986 0.6394587089836034 0.31057697424580566 0.22532261199063808 0.07807415628869707 0.23968823804253925 0.9592186610322276 0.40849439854909253 0.22458785425488847 0.9546893504224165 0.7786258324836879 0.20112148601261048
0.9321181481682511 0.3934675626377392 0.16765269639461944 0.17486173307021768 0.7819645809857217 0.8004483255729851 0.018772922252238367 0.8562324112643048 0.24886654596386615 0.7401972555486807 0.18519938358996058 0.7881733068477909 0.45465317343886646 0.7614809942185311 0.8905783459049945
0.5526554134167267 0.10752470112289769 0.7699473126119448 0.6086325209121596 0.20675775946977326 0.3345158784645874 0.7303041854011929 0.0582910737353185 0.4918623624916034 0.8734800526453307 0.49172999331840817 0.609259272843332 0.8640933949255432 0.8809726091107096 0.9843479184528807
0.5736439865612027 0.863853384247255 0.43370044435940414 0.7699491991966628 0.5711657260904938 0.593285740305176 0.6537442606524584 0.9467519853589297 0.3986515952145181 0.10271965949768791 0.27154880216048727 0.7058332167917193 0.608918074679047 0.3006296031419662 0.35571544164904556
0.4159735637205254 0.3098161521809216 0.59636880018866 0.8849207479328093 0.9740062289578096 0.531125560993856 0.8609118404363273 0.8148234146760883 0.29936204820832746 0.8751490515536696 0.44806905438440114 0.30161123886061225 0.27435555163016256 0.06627154180257955 0.9571110561244944
0.78387891261998 0.13585736663081194 0.4454130760853616 0.1374687003520887 0.695816205351302 0.3093503499718582 0.4172187241956694 0.837150656097003 0.6872254389187827 0.9429683782916939 0.35099232044563444 0.17874660622628324 0.3596760287858065 0.9469682918717327 0.4607952757538294
0.2103612465623701 0.69314315722002 0.17318688315247 0.7457957592507651 0.12355062091422775 0.5337664374379445 0.4793864216806636 0.15886738449076854 0.7563087676080474 0.7409036882672932 0.814994234355214 0.7896006854761728 0.5063795864596985 0.8504437735367234 0.13759239178724025
0.9973050995419096 0.9686446830302025 0.4013820312448104 0.9236164327989544 0.11024236779739072 0.580065644976894 0.39395014275814355 0.27207235727189183 0.5192475124346279 0.30663432771175025 0.7001318901388474 0.11668379480451374 0.7370562642292053 0.9390127570319193 0.6311853320652032
0.8597317531968642 0.26907334250087944 0.8770196665649689 0.28183051058652075 0.8199519432790683 0.9469786712219563 0.3778478438130316 0.7170513722611286 0.2472053566286656 0.7134835152590152 0.1188729462977306 0.5449995536400543 0.2982399526449885 0.7147126149712744 0.5831408350456525
0.9282761617879483 0.2907126070812125 0.9561016855669324 0.214097188545878 0.6259080150593679 0.7567419732611239 0.7083647523415388 0.5058497593218316 0.2296221994987887 0.3026146843338433 0.31199906340536054 0.19622992367439018 0.36056351539549536 0.047868724394635964 0.021959678377399428
0.5121471960530712 0.2263870292005249 0.4648294290711428 0.058549978381172485 0.9802064192636722 0.603698245149144 0.768775025009353 0.08623814541112573 0.660284352376064 0.007101317035293153 0.6192604637377082 0.9290240565217782 0.7857386312202608 0.5336558083105134 0.7847295353619121
0.4491448978361309 0.7011488681534178 0.6303309186283405 0.5953968002204807 0.16532158701152433 0.6769660793742126 0.8220851666083001 0.4634831245408211 0.3674130224352046 0.6501729923785309 0.25948925195148875 0.48523886706867914 0.1962581238045108 0.19103507666814779 0.7973478607187822
0.15579192518099705 0.4006505704878687 0.028247720036628232 0.19956617636749652 0.5257077718551769 0.2578047582037146 0.27826226793105235 0.9805451652483247 0.7072516022476242 0.4493357927518423 0.11929989780957306 0.3396795969470474 0.4986934110144 0.5216900849890923 0.026538974397037673
0.6230707502431725 0.03659860654924263 0.9281275556563163 0.8421879398305281 0.7553560317765516 0.8088982800134867 0.5487703354374533 0.8926325309301619 0.12459567740322541 0.06563526024887922 0.015896735909642357 0.08457270739066369 0.47444657741532825 0.6496326483458494 0.13357378177316126
0.4130408066417046 0.46039183274488327 0.535934452483709 0.17388512460623007 0.5964197823998557 0.6605841749442255 0.9167179596544633 0.8564257150291041 0.6170561480150634 0.9968997819740505 0.4974805166905788 0.3733981372241588 0.7907892787216366 0.7180888129299243 0.7806540395176343
0.90956024241802 0.6146952108961474 0.3244476495032863 0.5044021497042689 0.7244371527931427 0.04956951804188958 0.07222668150569078 0.07720708296327872 0.013625109336070973 0.08215057028714856 0.9860272085398663 0.8029541602926581 0.4466785162318322 0.3818108410514215 0.6287294594074073
0.9265740116950489 0.49098593365978427 0.6174207009614334 0.2310330306701015 0.046903735832317994 0.37420445343938447 0.532315664535065 0.16648026225570778 0.24127989742485645 0.8122359158972229 0.18877432959614748 0.17287167957880523 0.32547799243695796 0.43539313430596494 0.8881412861154456
0.16727235196666101 0.03296445107705692 0.18231739050276086 0.14870555027459864 0.9793464322508032 0.5390285940997952 0.799373393997431 0.7806714205841936 0.8365466512940892 0.6782140283896902 0.9826614681808411 0.5360359648253303 0.9747243260288629 0.407570004996595 0.6304507739841535
0.03091285781002573 0.3190147370806702 0.5535952038321049 0.13575196312473814 0.6388199194749887 0.7823915438661615 0.6473476149958716 0.6419109370616128 0.8356734571244788 0.36307322956104204 0.7000463112102949 0.7085199667744111 0.04070938985453554 0.887003362452959 0.10059168412480646
0.8906067825565974 0.342277860724137 0.9379159160179303 0.42678308483566485 0.320975060873795 0.623434354867912 0.24503514494217726 0.8536137409181445 0.5037355916381222 0.5094768355163292 0.5572499806199339 0.014874762375648776 0.17647976237961271 0.2480553977272224 0.8226402229739386
0.6284014921573342 0.2792122532554153 0.10220688671746236 0.3135223732681849 0.9306468801194465 0.7800732749584423 0.0876443076083161 0.18972129128479653 0.9828684840464031 0.3510449825784754 0.9178562090931595 0.8765627414345819 0.2090668312046583 0.6612506851387064 0.8340493829779325
0.5491215991859688 0.10491477349750644 0.3611196644199338 0.5916930901581412 0.960549099379846 0.9172687975176946 0.6676041174385736 0.25140115789222683 0.8298415861702448 0.23545500603483538 0.828799315470113 0.5791133751174092 0.013202502271902894 0.8583738948457409 0.6457318300742453
0.7990154832858363 0.7231881176498097 0.0055697939113750206 0.6597445221525313 0.16236280239286283 0.13111702625271282 0.925762074937929 0.5758217581190369 0.2963493641763397 0.7907618116224634 0.22293721563028868 0.9853614596904547 0.5793909014732926 0.4551311506106982 0.7679520040331078
0.47631550806947154 0.8526667753759162 0.02318900877144836 0.8927000398927785 0.774283505653939 0.6224923289871115 0.5496469697667586 0.6742448878171565 0.6450591989300819 0.5340697895798265 0.4785048081189397 0.5079253387020047 0.9072929269180922 0.30439216337240893 0.5198033982862511
0.8412889466549723 0.05334742944462312 0.4905518604439142 0.8790930278344157 0.8948127557465879 0.6570886011479362 0.4394311756047232 0.8704095805580863 0.43072039930136674 0.9592664909139115 0.515729421535197 0.29608961017550983 0.14780740188928043 0.7643063485981468 0.23750755910421384
0.3605448993213175 0.07803739816568367 0.0567431871843741 0.26190763793936434 0.30015575484565704 0.43977384505000683 0.5511977384855014 0.25843121823901416 0.35773166802050294 0.7628631990174648 0.7267054035992706 0.5831372984236973 0.20752675585375013 0.7423873823756981 0.7643741170856673
0.32434691228193313 0.4455867596091869 0.20075452392023707 0.20676091315654 0.7289182900584558 0.3002430869304421 0.7418988608204428 0.08802149084416444 0.2378824510948333 0.28885874107051945 0.16671191437081057 0.7458002412902671 0.36120660594234577 0.14946989685082435 0.48542925638012124
0.5189932277199684 0.40367829155191703 0.009756132975008103 0.4105476683527105 0.059930293586562655 0.6173806185077555 0.4208109605292154 0.5429503153579491 0.045186098292881005 0.7009547384268316 0.5794738476321621 0.07426810612706847 0.6561447988188449 0.691823144368279 0.7905237315235312
0.72010749025684 0.3186065080944265 0.20477291249030727 0.978823194188023 0.771626332164303 0.8401377277209378 0.6587755621754374 0.8515413108469703 0.607041317212817 0.26453274816720196 0.6036459652147212 0.13187257128056595 0.7400013663219832 0.47466595594980865 0.5091199655547345
0.13820802987855196 0.49836374323686894 0.8181798992456055 0.4111563973585004 0.8665042728578725 0.7247605194773636 0.8048677861417765 0.6237459925675659 0.6486343654126916 0.46944530431031994 0.23027310480416008 0.31923631100404004 0.40579435640770156 0.5062607004554684 0.9169429791158261
0.15615824671389378 0.49357804110154224 0.6441697743598154 0.6329361836424843 0.2907661915517311 0.14412130467716544 0.22964519418508733 0.6466009761830824 0.046980734855369355 0.550757055682032 0.9393121638052542 0.8073010662851293 0.23914896728738988 0.7119100799538505 0.9475921567171041
0.003683491607304634 0.6430145127452959 0.25350112716287443 0.8206966653550266 0.34424486940314114 0.3925153528076112 0.5829175329550857 0.03617098705791111 0.42936758348074644 0.14350482198408454 0.8926478223547032 0.8562905076982751 0.6396607407360781 0.6902168588418921 0.727965772847281
0.3939627394959456 0.45235556832475887 0.3462739761418212 0.060589525642484765 0.10139021791098757 0.41566831269528526 0.8092624971077892 0.06902934868332922 0.5846012206618353 0.5604580143393509 0.41637610850324136 0.11637756853742132 0.6010562755773856 0.7091707837462478 0.6683557937059538
0.7375827817247672 0.3328904507124547 0.35397602214889323 0.6499302701447307 0.8007896366545952 0.5449526817951571 0.5191640559688895 0.5071879683279547 0.39111455970701303 0.034655214835765835 0.2972891099245638 0.45578795354574597 0.3802669172146007 0.8597475080223814 0.554204880838417
0.8886438257285084 0.0917139462498574 0.1904807495451908 0.6350549340824664 0.027691284575113384 0.9486271409683145 0.2742306871643774 0.7714436129889252 0.22157640299954073 0.5006367239221081 0.9234977460680096 0.28942699107466474 0.42957830823188714 0.7654596463669252 0.14230544713444804
0.6486285016506254 0.651806807338989 0.39275623161314743 0.9913691548807849 0.8046966581319333 0.06669138001322727 0.7601088657455333 0.5590093885164329 0.3804872014792987 0.41900535490699853 0.7448058966766838 0.9526347725306299 0.6557658898388221 0.7651450361349145 0.5801524880023113
0.5547218077287153 0.4408919630822562 0.027110289000225385 0.9013195107407546 0.3975701022459033 0.48685665272835454 0.9326097493577339 0.8132804516723761 0.40271300654727715 0.20221498217153433 0.8259403595002547 0.5721755316056422 0.40371549182688793 0.0968634073263741 0.5227673699506387
0.2614810899335882 0.32519243525660757 0.553279644942288 0.8516575492774292 0.6656516079696999 0.626232092474103 0.2377550253066636 0.7761950981281803 0.3964405888940118 0.13301138793431488 0.7073144540809152 0.023736073043900574 0.21089563175649073 0.6832405749895785 0.5424320414049221
0.9603337055367313 0.3750622222592801 0.5841769853795407 0.6413155294630674 0.046093986491265615 0.8737195818384588 0.7462990799535179 0.14844602263349038 0.5811965764555032 0.24401129276160172 0.49633306733347826 0.8582240432629855 0.6100437770757586 0.8196222329625411 0.49617661398316126
0.8339867383780777 0.7894757109699815 0.21219232540503996 0.8983650945805416 0.41332495292089444 0.7467177303939783 0.9279472842455813 0.8540780334001455 0.7325438170608294 0.9537009255076522 0.1200645844698317 0.7562843473023606 0.39627305641376775 0.4266250917126322 0.6110829437920492
0.1484769540730443 0.9426489380294389 0.6231085345546732 0.4847021985600565 0.05854861713069903 0.3101527109244535 0.7539964217145061 0.7426091736246412 0.6277128852235778 0.5991047302665832 0.35287581599859097 0.7495052562100657 0.2959748357336597 0.038977738543374496 0.3535720095619481
0.4482990710645207 0.4785086800940167 0.22210683636131523 0.11437734275007971 0.6174679700694685 0.6214003232912149 0.3450371820949589 0.7974903458371041 0.7638803746849337 0.7605646683194925 0.41066535058959897 0.2631196097486733 0.5969101455222129 0.2242490310170001 0.08749376999914016
0.16993298946897095 0.4134636082278652 0.9173857938707388 0.19673170956600794 0.28701012096185274 0.1385784168380092 0.7051585297598348 0.6036409395245979 0.11718183865708454 0.21254290276153354 0.77349780303601 0.6264373560724816 0.8076172090202693 0.9930233153482799 0.48582439451338966
0.9442248079575027 0.9807455496838442 0.8494757795003908 0.17820882865944476 0.38485070901157914 0.5570767595490448 0.6671583719745615 0.5392182509575256 0.9042374849348174 0.8612107634479993 0.0493482986438748 0.7060727950842293 0.5306581267907711 0.30330225439896064 0.10890777308696054
0.9753354111534079 0.04058749706772913 0.7104748910618816 0.3741316256875825 0.07421053553241164 0.6571757770648214 0.9461542238810916 0.9988484814479444 0.2676285954839157 0.1180543067001335 0.8000164089175538 0.16303639821136984 0.18664512832611113 0.046097973482929655 0.2572254551534692
0.27775331886732824 0.15528409264454635 0.6749324649597443 0.16285896007903933 0.3669710265544325 0.9658078279697085 0.6303888998182648 0.9858981735232017 0.78894118309406 0.5064962065758242 0.6497721201764307 0.8568856519900593 0.28101034863477636 0.38137033008796406 0.8327233938852723
0.3043293575481215 0.1643406049980195 0.6778967072208597 0.260621846508449 0.14715960148528373 0.42878074997139126 0.33656020072506243 0.5958834806543845 0.8140207101751887 0.33317297502962817 0.15529512654848898 0.5781803424878164 0.9549071692485853 0.1026679829020205 0.32211538036288667
0.17151666224564455 0.5866291562270808 0.2821615928564212 0.5108865794727384 0.4842628525667866 0.17082003156385117 0.31375402702283905 0.9980340641722978 0.4836621699231355 0.9616744406282609 0.9461728915161192 0.9620828244491715 0.9569889582342211 0.6803321962257138 0.15538927699699645
0.1132763382422981 0.13345169986178362 0.07379989884763027 0.35819604213941525 0.06712341474221761 0.874097688641364 0.19852862454581943 0.8343060644822109 0.4235735976293764 0.36139063664275406 0.3322427131787362 0.43756719372446884 0.3426226178911378 0.7757964259424597 0.26234121614470407
0.8731801952051433 0.517502222829457 0.533626085083331 0.3251698827968349 0.04534450186225558 0.8382087383018885 0.2785496670484333 0.9776887812119942 0.2385461130519636 0.7109776671746227 0.9686079900289811 0.8715361988620374 0.1857404318627649 0.9534120941872445 0.08121403504268254
0.3692171220034527 0.39797275218244976 0.4203251262832298 0.1705494933501409 0.19312035575028996 0.4825173188178401 0.031957486570318494 0.7549256690124281 0.43029525966171756 0.5604055474760026 0.6740832028359047 0.786093038739424 0.4293956312424514 0.3092526327977484 0.5186180299720288
0.7581463929952539 0.220924591230928 0.6035813141396245 0.6736966111461709 0.8505881127814676 0.9678913189072788 0.202380058377149 0.7137859962331359 0.36827472573905407 0.6112165733678308 0.44242229380069487 0.5632545359638715 0.1403871254405351 0.31270089102316945 0.43591275473115776
0.4109173995303699 0.4712281543267651 0.5180956654654971 0.8423151167896927 0.8184303249016887 0.6975656388130588 0.46379379798079046 0.8867550470582065 0.9520062199064281 0.400402889826289 0.7328836725846255 0.9311815665315647 0.914779344989759 0.8434730524094678 0.029786234310928528
0.5695085355907895 0.4862447326030438 0.26641711823505354 0.6874215578068892 0.914247022410761 0.18555086901320372 0.24752025928629007 0.5468281870616257 0.4696793274362079 0.4670261310895496 0.4690444640685174 0.7563850804721393 0.7454127741246411 0.0291704570591238 0.8676102397318426
0.7262618806020964 0.5541923253543403 0.6724456503058155 0.33274343399290485 0.9434507545970183 0.759138732090785 0.8765489298958751 0.8286180248701109 0.6037089410280722 0.08811873482217025 0.28445645996837043 0.05718934178463997 0.04896792514324877 0.5167426151641994 0.5783742580501448
0.5553262278541318 0.8122417295221964 0.6365234760007357 0.811836646217297 0.42421508551379483 0.6667934638837321 0.37102187945963794 0.12254267927147922 0.7262223887489644 0.45229546003895726 0.3803382074688151 0.8921235291009675 0.9525666151323491 0.6079455009329133 0.5031045961948933
0.8418850925783042 0.8645643680284683 0.28097743728687485 0.625166715394243 0.257671254196599 0.441879781739538 0.5987320305878734 0.4354356988124717 0.5223453470488917 0.6331200869400353 0.19342926296762641 0.6319284718647146 0.40098856896536883 0.09728453336495979 0.3510109938111181
0.27480466573447704 0.07176607867054097 0.14898779750743052 0.21889874112559937 0.14824694468561994 0.7245122676546527 0.6760428579690742 0.35223795167300875 0.18932085784244035 0.6594391678958479 0.8849031729753112 0.5041773529192979 0.2694888274452176 0.2099731184885789 0.3476266396674397
0.9729574677970655 0.8732431209293047 0.48657610614087776 0.9734395728289285 0.007059860304736043 0.5083602133611408 0.8925103008518429 0.20864162771264572 0.7393948729196309 0.0035693730263985923 0.5978554705339861 0.9805073783118111 0.8724819610963114 0.20196635109512517 0.6746906223155947
0.6440040791210583 0.8688040006159049 0.9422928539078378 0.3942029963157816 0.4645592219615152 0.7139924729389036 0.635240909192404 0.2655886996725335 0.9757758050917572 0.4152279472834477 0.18823103234666805 0.7569610215158785 0.8879067016124318 0.2732163635374629 0.5096511712658218
0.28008450048989364 0.09106435346813879 0.6233282293683234 0.33233364725951275 0.9436031583853829 0.6965554098363184 0.17996453098312815 0.6360853046479498 0.7835344815015199 0.9903943479622039 0.33793947288137083 0.5203758708634574 0.6651507650450851 0.6349641747433505 0.7856470911063941
0.9808281320818337 0.8169722807634611 0.4479561724996224 0.5670050752449965 0.6769430178278718 0.005447228290493156 0.612134873727783 0.2926457404202416 0.4435313033044994 0.6879957586878248 0.2251384758910101 0.5455507137476561 0.9946130195128996 0.0924465341561338 0.6854390215548188
0.6523023315633588 0.9960846164688119 0.062496009603195124 0.5287505436264779 0.8983516249341594 0.4422429606174444 0.6816720701250303 0.9785876210326475 0.954178969036048 0.06129430430142513 0.1423852209127433 0.6553408853390192 0.7489499853165809 0.29626571106387056 0.062002306949134445
0.6001499635761897 0.2792465907755922 0.26027472946861707 0.46447900894891303 0.013018241195987601 0.8726785188995856 0.9489032559160504 0.9439391326032732 0.8790284267000532 0.23965803626767068 0.9074596542250315 0.10569002663942484 0.9621813185113279 0.24134698227992002 0.4972026145969425
0.24051555339360875 0.483294754581563 0.6777615907145408 0.8821395511688649 0.3296887477549617 0.16656340968374916 0.5572472132296221 0.8668008553447898 0.9009987806123331 0.23879454835640268 0.24701183297101936 0.7554309041116839 0.960187783269027 0.39599828470988807 0.6241334456767634
0.47432535694443967 0.20754484406489138 0.71392605578476 0.8474334116905345 0.3015838541276995 0.0160060741845911 0.9723134721247485 0.6528338824670832 0.6823355181990697 0.1949612351491925 0.8869995771685799 0.13829452523821506 0.7725346538807475 0.3930689363784069 0.29975716515627504
0.8491499382476819 0.5507123279491459 0.10373372826368199 0.46258353990491585 0.6006459309789642 0.5646088755118667 0.6285006370937384 0.17136521712363162 0.8816992705160075 0.6384017800370559 0.026473458540641093 0.6532437895239803 0.8723821179364561 0.1562816489212101 0.03196527746670619
0.7926743064038516 0.0773589739223961 0.8594187471899215 0.15794087406816737 0.4930821421463053 0.32848049078273944 0.4459015090265326 0.7194125936617682 0.7141873252144985 0.4419649888141767 0.6470170970533576 0.3088024096291986 0.9994805003384533 0.1290752215061326 0.8682837190500546
0.3343847713765059 0.11399776544099849 0.8539243300775985 0.9299329102178415 0.5932764330658117 0.7494567188627219 0.20802172847580125 0.9190795813607232 0.4920405212127844 0.12197885028247846 0.028395911594110368 0.6746063227001365 0.4508245720674806 0.6870387681694419 0.9246081039745756
0.96582764017657 0.2310526959389717 0.12694390927329058 0.0996966990271193 0.9972888601720179 0.4120446819188782 0.22806285313608887 0.35106982989801117 0.4745935633256716 0.008535644986221946 0.2581842148406328 0.9195889886075005 0.09994227068648132 0.2689217184681024 0.9788024297825809
0.41856396113021566 0.03110451051286478 0.023158803270344475 0.4827904724816441 0.41910549247992124 0.5338350153885255 0.5595928737084569 0.6348338743245292 0.39425891512877254 0.7852843357064629 0.9016022402956865 0.010164324281412451 0.6315681251357985 0.5447427890391408 0.5277829178597013
0.8765452481049147 0.412196457011215 0.19809601968799773 0.0335110466121612 0.9451258864919225 0.2244569554281165 0.5036593415983001 0.9670664257168686 0.3276943225478909 0.03058163869577113 0.219597360004265 0.09010432083475217 0.3810239565648633 0.6377854645630816 0.6769238013322338
0.6101127342950143 0.8934223151257653 0.038157497455670986 0.27711650062921234 0.5115952692181772 0.37425467939032275 0.17663847770629604 0.839670629129753 0.9730701977792873 0.04412934402066804 0.9823201755821888 0.702453023101146 0.998578620580297 0.4915953900906772 0.6555288425431997
0.4865088142748335 0.8152457581720418 0.8616178811086063 0.14163128886745335 0.4770115167189183 0.2925413842792125 0.871759370967638 0.44222924478320413 0.6433360166771339 0.6242362113818646 0.9139107101363126 0.9153833173609074 0.4237732378038662 0.7806537277323445 0.9925783517104733
0.9987354649152678 0.5341945414791399 0.7866673883119109 0.275149230134331 0.8528745853401295 0.22501257444548606 0.7099955466970209 0.5852184234081397 0.26701704152124095 0.6070747690852224 0.3546974593290735 0.2569787823001026 0.795049909423703 0.8946643216183853 0.04637558675725095
0.3868360986157964 0.497211950928534 0.672572859476077 0.5684407679358903 0.6678268776473972 0.8511632507988468 0.5842480882077256 0.26289886059956846 0.6730804785910786 0.365921350464826 0.1593084209090565 0.5444680965529107 0.6664808769959829 0.18311853244788046 0.8512561016010203
0.5934391077639132 0.7618478501686694 0.4822605406109478 0.7400089693184451 0.7905401204107169 0.5263710676531059 0.8201450095003012 0.7689106047236277 0.5361720787053337 0.9296949639611917 0.6293227521082038 0.8321669504725725 0.4567297661948002 0.8769658150205416 0.9764633312428033
0.5061972378356753 0.6423262184891291 0.4323173685090226 0.3387115035343322 0.7271758308268522 0.4830901792884299 0.23868445780730752 0.5945985264518259 0.2570803689997574 0.8753067927255332 0.5704987614944088 0.6457984110758518 0.3518514091092493 0.05402423232354947 0.9177347964451535
0.0869962666477977 0.647806936900495 0.07534993420901182 0.9929379487093224 0.12336190543835024 0.9162447875220404 0.019511973411031946 0.5772810147502735 0.49859864638624274 0.0012049412886538935 0.31486258581304816 0.6773593197383716 0.5412640132939431 0.9516527448144363 0.19335229693762002
0.051348474646419895 0.5630354999087908 0.08688270514665497 0.1796048553583942 0.28131348320027094 0.749820591152237 0.4927325685081193 0.688574840420109 0.217871410257381 0.3750879328535113 0.2362353344208158 0.26087075055508024 0.8040738438493136 0.6345218784813786 0.407626738352979
0.7001788447895159 0.9972902368554858 0.6520799765889057 0.9511645068677376 0.3938238767913842 0.7510358910402214 0.23975937636371492 0.130004406536388 0.3953546165173427 0.7931041805991279 0.8068545446820763 0.3854180531130812 0.427143998814832 0.24202486909910725 0.40921522560865
0.2969254318017521 0.8213443513084194 0.9407858476884275 0.30499042607985294 0.3274551261940172 0.5591410565290068 0.7549187406649542 0.5405705152903181 0.04643350321774253 0.9910982483450775 0.9814637443458276 0.028916054929142176 0.5637437728608832 0.5254925732041438 0.44599200178564025
0.3021887626878842 0.9787845652393615 0.5568823693333356 0.8267792395908716 0.6215765010426338 0.7513967699645584 0.17376091966541707 0.23838717787652353 0.40943049640719 0.03521665511915473 0.7319944172050072 0.13132409397466904 0.032309979729677085 0.17905199531270566 0.20984657392257244
0.12011989460174599 0.8082556679492975 0.7981674760684314 0.3707435087468034 0.43906463646136273 0.7375901238327836 0.04490394883002968 0.1515337578484255 0.34302397280665886 0.8637698607575498 0.9668461823052537 0.36685061519923745 0.9201591820086824 0.35929014532621584 0.13079200050170736
0.7742844935123306 0.46404262782604244 0.4013705228198018 0.012065066089705812 0.7804254843260848 0.7645747794854787 0.6531252559769896 0.0012525099263620554 0.584437453325561 0.4202720956366549 0.6981496016393729 0.26423813697326726 0.3536764423257255 0.5489093087836158 0.08992954147997301
0.10644011828625344 0.10496799678199109 0.07916410145490771 0.7722087554973099 0.9384521269006059 0.3255095521867917 0.14282565006146797 0.5024236511168307 0.4178251712965416 0.0089652985644475 0.9552931281697543 0.567543482566611 0.8505167400272614 0.705172982967066 0.9715037875142056
0.5201293259871417 0.47557322214180886 0.3859831023611473 0.035094892761008634 0.8821522151411267 0.8278999416618587 0.4151031336532792 0.7005172204308288 0.7650872098178267 0.9765129098600235 0.6764202808340732 0.9009823382704687 0.1370268770019818 0.06945499343760997 0.9631286417522331
0.6595399686162257 0.03103415166372847 0.2815984527547738 0.059087371005258515 0.5962452589034168 0.33368098843713834 0.9578449918688423 0.5541886340063837 0.5712905076853139 0.918696198636319 0.47177301504305236 0.327115466668501 0.922139768970327 0.7978716455735881 0.07857163974905257
0.8017211780209572 0.4021184370198009 0.6498536146332511 0.8311392235723236 0.5373635551360977 0.10857429203989244 0.5571715404941833 0.44951407460145154 0.4488786572741813 0.40064093860094063 0.03283401144701614 0.8863430853635715 0.9684807171810206 0.04979758810921053 0.4500474307549779
0.21488432717630557 0.7597258420331906 0.640834389924567 0.8020901293911024 0.3810774263518698 0.17277932963818876 0.5464956665255913 0.3141010385105757 0.3075055396798425 0.49057728178964166 0.6359879731449432 0.8045180930515954 0.8146113926538149 0.15707559266771054 0.2457037506663382
0.8511290486336783 0.8333190622436151 0.6016299929032703 0.8399254259646729 0.7551729251717749 0.4232519335676864 0.9776534689896855 0.21993916608491004 0.016657925266005624 0.18202695219985843 0.11904780629710854 0.10190088979811751 0.535037032518939 0.7336436213711621 0.28450860296260216
0.3769619216268395 0.03161028324201054 0.11777585311070382 0.8076537735756854 0.39157549991446816 0.25349832008114126 0.06681333061947903 0.6000280758469186 0.14156884777323853 0.36375880949404127 0.35378874086388357 0.5643865270233525 0.36048079974778613 0.5481939827191991 0.6218655285118406
0.3672625874776084 0.1008276370321709 0.27662386738334455 0.36485059573917467 0.6926771781185745 0.5563750652866153 0.8448762506420457 0.018234900194636916 0.052947136754092794 0.5541572690339119 0.7934715166730416 0.4415543610983459 0.46790288098932187 0.35689910601821917 0.5499563687987872
0.4254022319326315 0.8404264558952159 0.15966062125799174 0.17406759779973302 0.2402133742627267 0.6540732207623126 0.9389375761859822 0.39838309400611205 0.658979910938233 0.6976414422310386 0.1181159790160412 0.25184448649999314 0.3323465631759369 0.881905858705046 0.8500920275589011
0.42951175893642 0.8720734490777442 0.8553330585459425 0.5860334467840128 0.22913687525356619 0.5076427210757656 0.04844751215698817 0.9986721919571214 0.31362061146841214 0.7208249794627727 0.9806194912594071 0.25918237101076713 0.7781423456839189 0.834309906903579 0.14839663409362447
0.1286113894563199 0.001730009138927291 0.13304520020092214 0.5811034174385575 0.31799649920291495 0.5452634981598935 0.7307164401374375 0.19728399697961363 0.09571269207591704 0.9213813783634468 0.05883996018310833 0.42466498366433547 0.1762625607298124 0.40648767841059863 0.5522296048325279
0.1566674041937225 0.5116317463245033 0.19103170442856676 0.8321376259054906 0.010097235986678887 0.7244990165003398 0.07146046390025296 0.44715841979638093 0.02149689014397127 0.5720027577475915 0.5757201713512146 0.022023774380652394 0.3737402074875905 0.009430789615232138 0.8839092850512466
0.48570655242957816 0.4798065056957985 0.13511372711559388 0.1566627995642973 0.9027890605633779 0.7672694713649105 0.5409665974867232 0.9160733664138758 0.3158418449181276 0.8048890425810927 0.36753732963842956 0.9374318271834295 0.9215967968950778 0.9917960142561814 0.6680848688926223
0.7047963554204382 0.8499885824622745 0.8901098902684501 0.5231235342952373 0.8593755263522338 0.7926764733718205 0.4234332600671622 0.7150347099943953 0.22693769716226997 0.7364486667541238 0.586516341709601 0.671760391918507 0.9489352823772474 0.09694927145228471 0.015487733945933835
0.819257969841593 0.9617591898826393 0.6194581298626449 0.7533986084975899 0.4443089326589095 0.5695155749958679 0.5159920311785889 0.8124292935246987 0.6624387278311682 0.13794275727233907 0.4417851889913379 0.6819585265755252 0.11011889204278102 5.637863459156955E-4 0.07924597069546957
0.7607976480382129 0.5360866187224728 0.5128959989207567 0.2937759419910051 0.8022427867261899 0.5535311093909963 0.8165154526285042 0.05337599914257718 0.8522010104845713 0.43305993769686646 0.28200142834939856 0.5627541052585833 0.833496171792428 0.965772952732735 0.7882615636578331
0.352687361689618 0.8835633873704443 0.10643500811795403 0.9654659525300667 0.38668108016899505 0.788091761518469 0.3186531876775841 0.2797941903912653 0.5995057482617507 0.36977650766867887 0.28712803015286337 0.370426539567565 0.6659825038018161 0.4891938775347493 0.9364623240045125
0.362686441136277 0.2134266883035546 0.3939129178821067 0.5016754831286496 0.9759686358997144 0.13744739874636136 0.5123103493967803 0.7324847605736142 0.12106324259447643 0.15834123484690765 0.4301563118966938 0.18157966486268762 0.3387132871451374 0.2641064875289212 0.7108899114535262
0.9265290826941227 0.8697190134945079 0.22614348455960986 0.4246054213522016 0.005625284378943718 0.3666295165010077 0.9449958385998138 0.7361216020284863 0.30988264629007545 0.25803860031416703 0.9860265868628009 0.6691076618733629 0.6665734751821522 0.5587279222718069 0.29871173142115115
0.2110918033255874 0.37409664653494157 0.48237778871270165 0.7782733922910358 0.2532787938345159 0.5036396297895273 0.5582919068702521 0.024663496188851664 0.4694556072785686 0.8700080809680719 0.07955927588588596 0.38144793869765337 0.1298649345617341 0.6921610725147475 0.6173027894440818
0.09593037219198974 0.018778481032091565 0.6134048271160264 0.024140886851420795 0.23189405213916914 0.07860306888668311 0.9318609488521004 0.819714968600702 0.7876284623401802 0.13870465650293506 0.6037399391578344 0.10211188262434467 0.32444749200932543 0.10373631299985753 0.8251145496212017
0.16123748424092832 0.29469432705098875 0.27410841887518567 0.7723014954159508 0.7836737186069137 0.17326741806763346 0.05034029458426592 0.38662436626379093 0.8332781226220844 0.44299122797284063 0.13338454711442793 0.9262444066857689 0.06776160034153467 0.46169401871496984 0.47461671791270177
0.37591005820011203 0.30870639130995015 0.24764455728483792 0.6520342080147169 0.7048901074035192 0.020963023587856844 0.2600381601174504 0.05331057374721626 0.39401953177883664 0.07709160499736945 0.3225122022786372 0.23170235569765962 0.6147007408310922 0.983489340398802 0.9402093516387598
0.06740704037218903 0.9358677066088074 0.12707232689262182 0.39469682054805266 0.9148232584523546 0.45933375280703315 0.664857156554827 0.1660884757780272 0.745264453643227 0.8396085951118544 0.5235133545013055 0.42800551472121606 0.4050300930768074 0.7311834232858602 0.6019350879411384
0.5885512576984605 0.5003395488454784 0.8244477553727008 0.6771065764612221 0.10926366599411996 0.09348487843228148 0.7808153619736625 0.70201265887541 0.12404903430253833 0.34866134479301203 0.058300497256050465 0.15407203081504162 0.7013890486997295 0.5012850981531377 0.8307003855234225
0.8435475777758812 0.9456526265756193 0.04120958239020711 0.9467029689220999 0.1236150666971444 0.517132441279102 0.7981033959823285 0.14965404846717678 0.7572470332385558 0.5654661955287322 0.6963544680664119 0.5843814813588246 0.7907964241071577 0.5173908037346365 0.3072161944862011
0.9543877312583983 0.6601402815440798 0.6373167290002151 0.9675134927437858 0.5608872204140243 0.4124708580751002 0.7879998106266006 0.15707782178445195 0.8545780269882943 0.3652977141776037 0.3586256298650332 0.031181890485070918 0.061701815704186425 0.7439510697365891 0.8989113403064766
0.48959640683082006 0.9078603972046263 0.8398534901176924 0.6003689097282146 0.9304928427573291 0.4562204912000587 0.01405289099798912 0.3996625082825982 0.8852674796798476 0.6011533392078463 0.43398742066648777 0.1440318104507171 0.059463776391557865 0.8140189001653385 0.7761780606268629
0.9550426426237464 0.9153218576502631 0.3247193705292827 0.25352272219061 0.6544644097382342 0.823084838822479 0.040809884960634646 0.2330909035260511 0.8748640665898545 0.9810439996894741 0.1553691996260418 0.3987956449199669 0.2675442641092498 0.7584060253482796 0.5754964655547825
0.8830450796633901 0.04174319815420158 0.8504168659573421 0.015214993616584183 0.04245340690944521 0.9215524890106569 0.6517790047417023 0.8397271556946381 0.5849166920636516 0.49079818178353307 0.5522497257040473 0.5223794324666098 0.5688364934647142 0.8111695752664103 0.43741003599587136
0.8813601266422696 0.3899998830818099 0.14516924176552004 0.5379452708351793 0.10006648280095065 0.24760178839002045 0.5929967828339832 0.9123801342949656 0.9032421907707997 0.7381215436403483 0.4612680097029008 0.2710619939511263 0.16040014116685175 0.16424264951326817 0.22151004435344912
0.5532887970367365 0.6187090876749183 0.8657307803619712 0.9876622762340358 0.6548282106056386 0.42943775792717276 0.38016210427361985 0.5443519139901543 0.9696775001510443 0.6252130674390561 0.5236200260507536 0.09150193531148254 0.9577640943525714 0.7297636626176673 0.5449557025100061
0.035868367395931244 0.779389223387351 0.23748429097214485 0.3519335353106444 0.35639298088025184 0.1475678286542016 0.7870696795951333 0.4335599265642971 0.29779635336826904 0.9410202669694027 0.47163206440369465 0.5101198750828713 0.40562537644141805 0.7934221473625759 0.8771288285052947
0.13092268838694499 0.20600856775626308 0.8286206704441067 0.12159247960418063 0.40948444246380555 0.15466115815384462 0.9468774945071539 0.37956816509785907 0.836851895715235 0.832221536457275 0.5837992055501929 0.11932815744950098 0.6459982843087129 0.7467891060497577 0.6614683209693646
0.5548473474902529 0.5136987883753084 0.5195733215909341 0.5303897531225632 0.620186971366304 0.4810196905671983 0.675852083246609 0.06121817508263305 0.11084887595690018 0.8495316020950013 0.7409771984647295 0.6868345664713416 0.5048256042401408 0.4675843366668728 0.8499535192919923
0.11819051452042895 0.37548655409264253 0.25945652164898425 0.6191573864498294 0.6614414473183671 0.2391042127262092 0.069920901376469 0.600049025765345 0.5492410231707636 0.14173808217426298 0.8977416967900825 0.23727306962266337 0.46567038888420464 0.2833587747509667 0.37384770449693083
0.8873294936133292 0.4921279207754322 0.5015083678216153 0.9034008432040072 0.1190373341832911 0.030606421635773873 0.492456865253154 0.23570707474487007 0.21330207012455737 0.8711362949015877 0.23472960634335172 0.3518923882058924 0.5072366252067418 0.4617748048835375 0.19804347320541016
0.4674936701797483 0.9864750893490732 0.6123730994861347 0.5701044550984306 0.6355908249768997 0.3195575807063452 0.31745451742738684 0.9143831041539205 0.9058326345247293 0.3495531676037409 0.11888846954092136 0.38389837661013826 0.24568604879477007 0.9106272255448504 0.44564682373951725
0.8592041629190909 0.46246437052610867 0.7210489178485594 0.6657802868318579 0.15318775043528987 0.1781673465071656 0.019172615762549694 0.16485462301427112 0.7309521363661682 0.5038917317448757 0.5552173828163506 0.6254376088670398 0.22996971676663225 0.4365480734720012 0.5292065640587187
0.823829260715692 0.43385766774635104 0.15784615315499473 0.07421943951515864 0.6830797693471328 0.252540091000794 0.3539872049258702 0.9241454252368789 0.025440740920768645 0.6922259009562787 0.3942288721192495 0.9764205357561313 0.4527469635787722 0.7605454836131602 0.7074641908855367
0.5627651774694219 0.04982786262691896 0.7453530893588924 0.9781834099399498 0.37473075055590066 0.15389876192578855 0.33011624024349895 0.8466633089941777 0.1559022773810027 0.26198427047575457 0.5644771678885272 0.6429557859303079 0.4688928892435196 0.25877692359255255 0.795485911650621
0.310223683647027 0.07280532364056536 0.5389368313029708 0.2831679180047738 0.08019849264275425 0.7056243592518144 0.2706883652183866 0.3735040249020942 0.6520112775668144 0.35604376119224745 0.0016725877367212982 0.7825637445929386 0.5953745328366465 0.430519351158694 0.043365081260429816
0.7574480219194878 0.4500691806258432 0.5738801451027656 0.586970454385163 0.6228604336053186 0.5259179417024121 0.28561752544369157 0.3015567439840324 0.4965408312713593 0.7209022264136179 0.8890119055828871 0.24429390038495014 0.7624590212998271 0.7698067596484509 0.856545558161926
0.2730126235758745 0.22758024480826833 0.21175250721602534 0.9725890065007177 0.7929010744240053 0.7561783301347055 0.022204976025387513 0.3231375299339231 0.5920087573645625 0.5750863340640295 0.29352173594859354 0.6424137593193755 0.7243282360307377 0.37393875828346945 0.5678294165445805
0.11744065301451279 0.8845769863121542 0.7863732195785192 0.426996884148801 0.35422904321575366 0.4854032547168403 0.8313236452386291 0.7266981767218623 0.8430124773014366 0.6955916312991746 0.4179513759121859 0.42503523083447536 0.9250010815542288 0.026944824698997727 0.0734240628608509
0.30091652194935503 0.9594158837823655 0.6678706583345718 0.6396668227604801 0.9833652587838354 0.11710313723072785 0.6533042536441847 0.803373883333323 0.6201565361513705 0.9858180882373507 0.1334469636521437 0.9729832433773256 0.20265940638434343 0.9623063441162378 0.45790559982375834
0.19698068280535108 0.033487221938200196 0.22759982213437424 0.5271664266592085 0.5298135818815188 0.0745350743530202 0.9544839402576196 0.8799406659437353 0.49485938433900656 0.945210537001682 0.27988105509605377 0.2827689800972386 0.06830707869879604 0.1541401264433898 0.48993497850378276
0.16737504871955022 0.91347447461434 0.7423603006343469 0.8118695376338787 0.12160865247623809 0.4319982137570675 0.8919790822760261 0.18423421979933496 0.781421402285399 0.5664970647076286 0.2115197903921584 0.38593826775770956 0.8941690929129007 0.18872362844626533 0.3476363233642582
0.9445138303283476 0.027636315672140865 0.33788329249984383 0.29261458280303965 0.31533819740982083 0.38453089851277966 0.5357134438062425 0.25805250302142624 0.9260836101020936 0.4487968804874731 0.8980801358641343 0.26733661460339087 0.8144526027061864 0.7379465615225115 0.787263127910555
0.6830104141660159 0.7522959180657817 0.7647134309887423 0.30476484361686296 0.729855906646086 0.9454989049430641 0.4216798704823843 0.011392128743888508 0.7004865429639703 0.626561313512986 0.394134420923396 0.8795244035582849 0.9374760983255029 0.11558482083699406 0.8792655453523911
0.631895596904316 0.874524733687859 0.215421429060085 0.8438999416791769 0.3018810981252109 0.38889013780552817 0.12802463640685036 0.28834551615896453 0.062195496384533255 0.46828791706072037 0.43158526633276073 0.5004999876801014 0.11207060423464599 0.727692283346672 0.04182180496322485
0.08223834784185102 0.6873972265975833 0.6249444094206458 0.49583493042797255 0.6091937127999991 0.06397871019249002 0.318802634358366 0.34322463963984073 0.145397423636197 0.7609578825378628 0.989044861633789 0.9067075232946813 0.47584608920345917 0.019643024289903832 0.09546063804521876
0.1832607868422137 0.8429149484628499 0.03237305855388406 0.4910462831354855 0.19685886191944502 0.17663796651680364 0.3267258299178133 0.5244436487122732 0.6851569604756157 0.2942273474090443 0.17228739130101123 0.267639197675422 0.6050158532188755 0.31080599489299554 0.8703644543715746
0.7871667844323654 0.5755502864292318 0.55117868118822 0.3114360975279319 0.9405342890913152 0.04242330328378474 0.5815686110387785 0.24080513481292032 0.5243204040097845 0.6433972528908256 0.590598212454686 0.25982308224469375 0.7263648097538781 0.9826916426997205 0.2403941856895071
0.7082272179477854 0.7417014563939192 0.7804868320356424 0.2815483350799477 0.22254229923136126 0.10036093864417817 0.15395188948110683 0.6797678221726055 0.9461630435877837 0.7248949733230228 0.6074637463121225 0.7373992014320843 0.07864824490892675 0.9864523244532651 0.1622238768582689
0.7096129417980204 0.6949207286335434 0.06046177108726758 0.9392682288013179 0.7128862821167354 0.5394821855751434 0.6964551273250391 0.42490416431210853 0.30252382534163835 0.8064152985052201 0.11128881845573746 0.5938986308521935 0.9563070665612178 0.75286005118098 0.09099989148978771
0.04327969634861262 0.8429654624268684 0.3618150025787864 0.5437585825256872 0.29840295079822565 0.6770131016474223 0.16952849879281584 0.684856152627429 0.49297390307943967 0.16559698982907345 0.8034086555341863 0.7543932209428509 0.6960056295068975 0.5383538524464985 0.7382952651805927
0.6693105070886596 0.26123082281303167 0.9178748842435334 0.2721005655024724 0.29363034203306093 0.7082758579308577 0.8362282916883323 0.7462401105113632 0.07425399465898253 0.8099440226788824 0.032092138387559865 0.5919389728744022 0.6343862385468633 0.7562436902582792 0.7734007243705654
0.8704124800390346 0.5426353059269753 0.49333650098643544 0.3420098169454452 0.5930846575151567 0.8830629812812627 0.5943700364678287 0.989737193724418 0.2574223273307803 0.43993586710744936 0.3091974458209924 0.6292370796658326 0.7146254817854654 0.2806557178645397 0.7612770737549444
0.7585181032241328 0.6973302780749793 0.2713232612267974 0.6125826668774564 0.6345160010649653 0.07864359416902889 0.5916161680875004 0.9011450388761242 0.5089843470810389 0.20824324273503025 0.6291389863671151 0.17088438876977496 0.8190674901122393 0.47694120246755156 0.72812875792465
0.45968175461340666 0.5852720251155065 0.5980219476665447 0.14337707693162016 0.1891771855640031 0.9111542891742297 0.9618313656917941 0.2074557338059385 0.508571321792323 0.40189298229373005 0.8195065153140066 0.1578095960785343 0.18474582672924067 0.5230178547825143 0.9823998551709914
0.2900071702913458 0.702307830866605 0.4059167778138306 0.1856662725317595 0.10441539862608162 0.8397015981875255 0.37334471952185455 0.2576446159654301 0.8957924585781172 0.6213208299767297 0.5060106907288647 0.7610802827238583 0.7987682992356403 0.21059326353770713 0.9004189960430259
0.8278987822469842 0.6469093901585897 0.0052983811438442885 0.8784938065754869 0.49615454987964835 0.12904111223092407 0.923918834253613 0.30111713658691974 0.9759436957760169 0.6337270281776511 0.6306140615265431 0.310561531225531 0.9204823976501897 0.8612815115957171 0.23644463430649598
0.2809013482538868 0.9592181866132515 0.7524186372699626 0.8357645088118391 0.4908368073972571 0.4617540385976131 0.5336161551562975 0.0892374778347883 0.04996765074507459 0.7445301256107639 0.7115011549986303 0.9487231002580019 0.9074041788778516 0.7066218442131076 0.6620393120637144
0.5343166762791488 0.3507050289637935 0.18667679839334228 0.05503708079468772 0.12011666993440917 0.26348310455379875 0.16992739789085265 0.7304422513175399 0.16283196927731003 0.5516218534681779 0.34238019233075456 0.8001552133650066 0.316131099545243 0.5708965257396794 0.3886964912763039
0.6875394441817473 0.41367332832691106 0.0928958199975024 0.8609434556395253 0.5365466414592226 0.47505215839095505 0.33149130496885204 0.40730863046388566 0.9233482182139443 0.8914193906124959 0.8187037524267708 0.6430348510827603 0.08559186016974818 0.08134797174671615 0.4666663683732193
0.9702469814945018 0.9478776400871335 0.07253041985079989 0.9814873639097482 0.20900529204326768 0.06677570822810197 0.6611989791217134 0.905165147463792 0.9888351353634016 0.2446833021781304 0.02869215666973035 0.9533113429167942 0.4681459100983839 0.9690459761198857 0.9533822757685713
0.9892883983084142 0.09836701686958382 0.021944035970970166 0.04621679065129192 0.9294699259828919 0.8302918536304621 0.5747722389206071 0.7594158487294709 0.10968364374107342 0.37203599714231184 0.8337168174675029 0.27040726009167093 0.15949831642165258 0.851178386621821 0.8339609797415155
0.7268694741283748 0.2288675326659969 0.5080697502427581 0.29402614842382735 0.7537914021813719 0.4907450735677862 0.8529557479384328 0.5363832224115229 0.5697484500976057 0.20363744404734363 0.056476623103709156 0.3564441413518603 0.537131571062752 0.25966186905671995 0.21126908612030681
0.3792712235721165 0.4798561944407038 0.06652835397621171 0.5018105136907643 0.881817703863402 0.6421168797672002 0.8159667570555985 0.2503093264858206 0.27824007773288506 0.7330421421901356 0.6764714796702863 0.26835954236022186 0.46679877462451036 0.10464342271898397 0.21483709418402663
0.9372416506464045 0.01909076311282365 0.744241113722809 0.39881084545771717 0.9641657869685679 0.7558340884539331 0.42758929953188296 0.8622887105242034 0.8174177060091501 0.5981507127830382 0.07521056624022449 0.7248338450162947 0.4302814635663079 0.7092707879118587 0.08199053439311388
0.14889720668848838 0.8817775473609163 0.8488082973749825 0.1488716683082213 0.9909724441084158 0.41166838364680336 0.5502337703168676 0.9355240486589907 0.35701788148650204 0.3078480763120156 0.2018974156285579 0.6741607965276608 0.6078308671149089 0.9161466434775563 0.36293151222043996
0.7372041013317916 0.37666036632547606 0.26574355600995847 0.6775883778785325 0.03529740148158811 0.45919625514601525 0.5777989070980297 0.5650461336170304 0.03719819858008244 0.01517434422608499 0.23057521277049975 0.4564413905123199 0.14937467066685972 0.3811885488145327 0.5912364843806056
0.7268644066661635 0.17066910303880778 0.9359025860496686 0.49267539027775464 0.627278953157443 0.546179270831905 0.8817056140628367 0.03313345398005674 0.4598055084574624 0.18454883229268837 0.5109573763452723 0.8070432158465656 0.959533230762563 0.6741462472513223 0.5103202143060762
0.6374352635361363 0.34700223004564645 0.8361510314100775 0.12327692649086208 0.3734175200703691 0.7977249731007224 0.68635539961188 0.5387847504257108 0.3406476024692441 0.13859144873699025 0.042527974009264224 0.7031176612726288 0.5883835297634871 0.42572978308835896 0.21047563672371472
0.8623002899192987 0.16361235971338162 0.684370434293247 0.409478613977278 0.5341388946203501 0.2609194555007046 0.49848846291093185 0.8565629666296289 0.281705843993606 0.24617652878158258 0.3264752058164644 0.7191134282331225 0.6142359818084021 0.23278927759622037 0.3888172766016216
0.46661909371285426 0.5767445107644953 0.10116046272609824 0.7247368617801824 0.5048830314490382 0.10627820307006752 0.5951879933858618 0.5469746867005914 0.3598163464314076 0.030562286888470624 0.40403160215884326 0.3373726587639847 0.09297607215372194 0.6639079055189864 0.9430456371052344
0.22064063460926664 0.07729530378238125 0.3155962626468837 0.8846902055542526 0.029667604894703548 0.7389932346689105 0.6675566442353381 0.3583959850504064 0.13296464659564233 0.38044159663293087 0.9010080996652284 0.1377729591308966 0.5333031870890543 0.7388033107886743 0.6558350356751133
0.0642167714038614 0.9663391107365552 0.5065478571405333 0.3918192306170448 0.4178809880834221 0.7289891992666778 0.6424875621557987 0.48745233993154624 0.9401471113454827 0.7495537906860921 0.9357671210359235 0.45990385145821355 0.7361384966384558 0.9750550745615278 0.9502788513346596
0.018822090126296098 0.34148872586330103 0.4959880780182665 0.17326415518018223 0.27699627220103207 0.8244880744182994 0.9546570090755488 0.9194015762704578 0.3325100909332517 0.912897104468029 0.6904969670767457 0.30047056068396816 0.6098684956081784 0.7841291871586957 0.7642569598276149
0.3607186998697023 0.8016806947306143 0.3381687755430155 0.47264720192569787 0.29935035496836326 0.987834522760727 0.4845058818139132 0.21602991620038325 0.5540922297667727 0.5256981765730349 0.21753114090861203 0.613959705994411 0.40358193520939123 0.6027376497610957 0.02925030605181711
0.5768556690990668 0.6613633431539054 0.9220389749184268 0.5138408878703903 0.6368147067568497 0.980562761467227 0.8515767702373473 0.8554875878844346 0.21655120145329432 0.26585820626562506 0.5096712393216226 0.25909742787962275 0.672675584082417 0.6981431909333795 0.6819282086800482
0.28290933853835465 0.8880002148487082 0.9173262421885142 0.16905783200910418 0.46267750173533595 0.9072879961601158 0.9799953620126122 0.1503191365310088 0.5790209741331837 0.6118356998526298 0.8112164719042487 0.4139394257126505 0.4126971545871875 0.7105100657632185 0.0035237608385566555
0.8537089842963992 0.856969903205558 0.3883321020733457 0.9811986449838863 0.4600531219698183 0.8119075708457664 0.7984305458350917 0.7442235105008185 0.14423490905414793 0.37236043874861013 0.20916319268302097 0.6338352244255921 0.12594392517309005 0.4395306220822781 0.025430382084829062
0.8203925312947895 0.2873777529798548 0.035461818702714476 0.09168186016766622 0.504310472667213 0.8510242656076104 0.2804408042887293 0.6538449119483105 0.14210414126318904 0.9737046491186773 0.2052154394365695 0.10837816300216241 0.36212296403620237 0.36603861618669975 0.3130995591416047
0.19888181212953437 0.6183459994713886 0.844344493960582 0.08144775320966924 0.6341718376620286 0.04564761420611596 0.8010890145232563 0.39764820115473565 0.19645217563887019 0.4262319389337994 0.940352614409775 0.2616949714081218 0.28419557931819583 0.6544738126925028 0.2663779464503693
0.9555658998497686 0.4915701062145642 0.59619271829325 0.23612087105744506 0.279045778675709 0.2647252076700838 0.7784254136812819 0.1908246186960889 0.38229881217006245 0.8949774883378251 0.9170520231037942 0.6669893688864389 0.18740844560130487 0.10991311721963193 0.8921692680799791
0.9537112332878723 0.3842665981995863 0.30565020734691406 0.41489397678687423 0.31121608437223114 0.5106084035235148 0.026981221299127833 0.2943183873610401 0.5945150604236493 0.6816527357876118 0.6468418594623755 0.9096285442653463 0.6364606471640303 0.12172275107004116 0.3225295581874874
0.21993587819521165 0.6360830192425768 0.7683847106785795 0.21332130818522188 0.4031606785633587 0.9709386970690937 0.8690577336408947 0.6326168654853774 0.005346178028461046 0.30630461538648934 0.6707104306927085 0.27746037274936675 0.30306995845503804 0.6094025106317108 0.015175598397729861
0.9292694624471867 0.4341594698301058 0.6934397883229209 0.8957769629084694 0.05182792313373252 0.7357065599993963 0.2141050407362417 0.8053769777271368 0.5260744856699173 0.6434158583196873 0.6202577035852224 0.01161820316281037 0.3559464512484911 0.4526101386810574 0.4209026835460635
0.7320451217837785 0.555514019002679 0.21875546157174242 0.2721429013396184 0.5499572117418094 0.5848675194607338 0.08415759165408698 0.8106537001409738 0.31125812563062494 0.6406959470100198 0.3575204266113021 0.8643249332922729 0.17322996613867314 0.827222446646671 0.7443460756428499
0.6560681957607675 0.4380756280443683 0.7341383038207717 0.22869553698932987 0.8833878173898239 0.2972364212139442 0.23040411884559753 0.2406176597791092 0.10416614443328542 0.6369058816341069 0.3462628647392644 0.9085934135003508 0.6882154348758747 0.6108252774575558 0.9605365603742066
0.3926315493450371 0.704499309740585 0.7733597831000953 0.636254595988388 0.5211904470402604 0.5055294599272225 0.18401880217300703 0.35488829403751887 0.21389049066935029 0.4432938847776563 0.043997904841677205 0.08794308994096856 0.4620200384612696 0.10517541744109093 0.10598361999555994
0.11438585062352746 0.9601272558933381 0.6936695604963069 0.3103768410697154 0.7433620722177189 0.8345291130586232 0.6903139732872062 0.8442542124455049 0.6338834637684071 0.2983578253045739 0.7420916294217973 0.09380123000760521 0.21664359229596242 0.47780432808385365 0.7876729259361154
0.7666148715650399 0.817845615853191 0.10050709889985454 0.8012121990133009 0.797187340653087 0.9609027232370745 0.21457405267791696 0.17301666850145914 0.5170467653834252 0.979098240050767 0.6155138368315459 0.6692568161819676 0.9704450252692018 0.510769434330903 0.19839263547652142
0.11698904459301296 0.18714612102927752 0.6683050281172578 0.023820712552940715 0.44611279330450027 0.6857837845155744 0.6732234995180149 0.48891291262112413 0.4864861509513726 0.47441978835389687 0.5318252525436656 0.628155828139521 0.9662753360803467 0.33934948561804623 0.8893890383328042
0.23415341927384303 0.4867150326128401 0.26886465927106507 0.5456089193624966 0.18451223870340328 0.8588080690442228 0.44559786046745364 0.2399447235916652 0.08866639893079042 0.07909477142132038 0.35923684059876115 0.22278605510601335 0.12723111267154164 0.3944736045966526 0.2408110930775743
0.8168058129850068 0.7465131257861396 0.3601560402956563 0.20041722697158582 0.6426058771556109 0.6920954548245768 0.530191131343849 0.1621636903482634 0.4337347168001493 0.7179523438687881 0.4365954229035358 0.9332792598506314 0.39838242001096147 0.19134020513142103 0.810976704862527
0.5187440126190279 0.8985357746461404 0.7287485691719262 0.5816408468218808 0.0984656160571381 0.8121026572910681 0.9444850218782779 0.03952276219555584 0.9209374418922234 0.3194908118464974 0.371006095750279 0.7078842882738199 0.7354796789118959 0.013353684545292843 0.6188962699323439
0.8735730274817787 0.2845778547837641 0.16869175186794494 0.8844352955431365 0.4417379400599625 0.8084983193398991 0.7302246972126935 0.9839840085488286 0.7612490841567497 0.4762731620136934 0.07492635626225319 0.1969571050520057 0.334670216840914 0.1503119964844024 0.8898406044792184
0.3329407603318617 0.8744848928864246 0.916311603846249 0.5687735249514375 0.6035523556862235 0.9963778266416519 0.3657986381346613 0.3761830208216723 0.07592775890037651 0.9507254040106832 0.7055547942597662 0.25256423578400655 0.7122617887512994 0.18505005176670375 0.38633748187485983
0.5428552599211662 0.2586153898143122 0.20304561071394722 0.09272380837528305 0.11786450403845539 0.5362433299369437 0.1398816095577794 0.6165689572788974 0.328447318604124 0.009983872489511936 0.7088463481619643 0.34848462629915666 0.9831365078569155 0.8607926654452216 0.690990333040346
0.8649071998404707 0.0721572743278821 0.1732902792584714 0.937282775040088 0.3627390863475223 0.2742343422415454 0.26423350835127724 0.9318957811204751 0.49921113540209106 0.37732525523231 0.6241085279011803 0.32558229721753995 0.5315277427642916 0.6203902868262516 0.42158369419461583
0.48971527914877455 0.5190205991126032 0.6205362945157775 0.029348287341018908 0.06440766880731108 0.7499507585487803 0.9883481618150348 0.5699034124369983 0.6782333430505396 0.48576345002858745 0.9539481462005099 0.05115908265266578 0.5024219334886373 0.5775129826355009 0.32729991806986947
0.26423188414829457 0.06900098038835623 0.5023404508630163 0.8985007093217852 0.24962590415542607 0.8302111127250611 0.8922998710334332 0.9472816557598035 0.8030185317860259 0.2656210227219671 0.6834934791157745 0.8756627278240806 0.1881627333988075 0.9537211621839846 0.6003899019784099
0.10368537401637667 0.9519551972991026 0.9163757516636343 0.8083639657492855 0.2753726292654607 0.49550992573530483 0.7173653637610443 0.21691034587160407 0.5105427279634321 0.8451153128604583 0.2503529357409078 0.0966474182164947 0.9078292664708605 0.8882417803308321 0.8869582200297973
0.3851421369153044 0.7552369391042284 0.19230658790966448 0.6722269055434802 0.29975026090278156 0.9367890899594308 0.40769082590363126 0.5526324730054667 0.650080476250967 0.8372992620937925 0.17154331797590472 0.20085032978062278 0.5483556171988503 0.6420259399696923 0.3751947134578414
0.8618950830752363 0.05285708487408236 0.30394608682420043 0.6355444393781373 0.78681365500201 0.6478038564842389 0.6086095612245718 0.8195720878403638 0.24297872292861744 0.3624306392732989 0.7050131161036269 0.5111638599559177 0.7941277151462331 0.7626943141716603 0.19065940923967772
0.38073387327959274 0.5286450172211489 0.010951539036341607 0.3399426755051079 0.5206590930701641 0.1811863619111035 0.6821146711934875 0.34722960544772785 0.9433358604469053 0.6405954197032807 0.04920717429171506 0.5194804690059893 0.603704598367466 0.16616507659546098 0.1069036932754388
0.19798166209655155 0.5043792164639976 0.744646576945893 0.6885539837897628 0.8147382616770976 0.6690558192943159 0.41201185561304343 0.6503541963583871 0.8963009012488049 0.028664902254507463 0.03682582452513761 0.24574270246007124 0.016278288952547015 0.5547705965263476 0.016186591098454883
0.49376208007438027 0.6675131217855937 0.2960084174973343 0.5705436126439936 0.5570427688738221 0.7758759556956037 0.32589377593560576 0.8403052611575288 0.8882277964488957 0.10985746109388761 0.9941208650306791 0.7849985145038024 0.17807246281143763 0.15361713868158233 0.2885115486998997
0.9648452778419945 0.9441165353196725 0.10587196808701504 0.5610630753391775 0.6449717261618835 0.935740735913541 0.5429860522161692 0.349081573145265 0.30406783801416537 0.3995833818854345 0.9418480354037982 0.5311784774993469 0.5521667484413988 0.6487071342522222 0.6966002214781445
0.5979452743645534 0.666314183975103 0.3095695863138166 0.4830097678513653 0.38841133055584964 0.4382508541557636 0.08276608127443674 0.825248471150833 0.2459286468746572 0.794831224141202 0.8466763572840003 0.5020749192249341 0.18091645618921026 0.6997543515887364 0.4575616740853671
0.992888675096934 0.29293744226532925 0.174283636709489 0.6553222672393065 0.5088532734039314 0.4008666619643937 0.8849841506349378 0.07103938818344602 0.2802609734753815 0.5574533576747437 0.638107824640193 0.45059065887351024 0.6785389155932254 0.8833643014946871 0.2931076499925124
0.8580406573503546 0.43977307639501617 0.9458374870243733 0.06186482254513903 0.8031733119894778 0.7263525899838023 0.7283629149411339 0.8955631910423619 0.9494469994791774 0.014313859692621111 0.09034691324084776 0.677747575964586 0.3018162908673142 0.826190463041793 0.49950550794066995
0.2399537003026938 0.5482795581864802 0.1426512386307497 0.7347710386734952 0.7953996116646748 0.5346748049753283 0.9209354365461182 0.20378556884540344 0.24657920729976524 0.6891605447269765 0.5240709348848335 0.4965938225078752 0.9642007951095898 0.5809828019953257 0.02208723272611013
0.8059369874854179 0.05776488209531139 0.6975426512222257 0.26491220457138254 0.884588172206717 0.8621766498482153 0.954443805620572 0.3463678054013093 0.2814593702183096 0.3501408083027604 0.41511285266680287 0.579656643497867 0.7007485311187025 0.446687463960613 0.18974927589148127
0.38695777048357616 0.46218471331216426 0.7700295174345325 0.5077767953832535 0.5692266365749926 0.20546831906843743 0.1520535614465539 0.513630505338472 0.2670207748221627 0.178292026282732 0.40209785058981484 0.42262991371779146 0.5491494111097662 0.6748681414081846 0.16927259862298283
0.29185052986272186 0.9731714594989813 0.45067572567047187 0.43142900196175604 0.8103217334183733 0.6502431938648385 0.2291811625743777 0.09298564339225734 0.1935423432957455 0.3165436310809121 0.7375743983288093 0.4091715411414699 0.47921934702491586 0.6644814241519391 0.06110176079516727
0.470847919799783 0.26429935067614296 0.7191147812241239 0.48936616449120784 0.7819209930263108 0.1977765420650316 0.35869150049315013 0.44300392704724334 0.0404606255655966 0.3494246695594089 0.1729431881576401 0.5154366063890475 0.5949908542661955 0.91151484305653 0.728744393097444
0.14193557706224957 0.6890199210753585 0.5587452665532137 0.9699738074963513 0.9170258428652013 0.5297289007269179 0.19102232971187139 0.9168909961892016 0.1212948147979398 0.4208397135821428 0.7143974117341779 0.05006938707637931 0.5899607828105268 0.6850351061106857 0.9773771256451714
0.7649018728111042 0.6580947408574854 0.8679039104213913 0.9729893859844859 0.06492281209731976 0.5511788472955198 0.7632376446110141 0.9414011443054597 0.22566634809450137 0.2547228070191817 0.1286049512549351 0.0635481250700356 0.5055071674183335 0.5929496775120872 0.5704828581579517
0.023150919381567325 0.10590749186093729 0.9741010644908027 0.96982452411445 0.8326555492339562 0.49071941153390164 0.018700470197172803 0.9917957281859993 0.9680512330622146 0.862668909295038 0.07715355292001114 0.6775127760713474 0.03818129938009518 0.06487451415466794 0.46435189723745096
0.8509670379544999 0.9260783321437733 0.42622979859605403 0.09148711071984772 0.09092239269004554 0.583017725477851 0.10170558684073061 0.05907036288552836 0.31542337047208924 0.43039846772101487 0.2721045594267084 0.6901917121796766 0.6056537453329137 0.6302237812077294 0.16252686606338818
0.429343041196807 0.7562363441218238 0.3218684515957706 0.21478300128471384 0.009666723679317757 0.18066711539538538 0.2909836481272583 0.9062153538141867 0.3002819612075128 0.22342711927986536 0.43580412160101 0.6458676665836078 0.2853793558400993 0.6344187384319158 0.8267866763214125
0.8986676696634649 0.6980633216927203 0.9467228089923374 0.11742316310610146 0.18926425051304263 0.9344614431602377 0.7652763866786358 0.5572347255875058 0.9193882844656954 0.0074082508708134265 0.5219205364305904 0.8823686780896627 0.9960814909041477 0.46405077581421583 0.08137118077931726
0.9148832184472167 0.11286522022724088 0.3880114238612108 0.6930157796400713 0.7887191965371242 0.1518969646555186 0.8342835100443377 0.17504150568268828 0.3385221454979016 0.5823896769064663 0.3038235669972835 0.8902512007884492 0.3368921846510863 0.9190445753495834 0.15484342733871403
0.027025654462493498 0.9463031481313443 0.27397576751937447 0.16909438846116065 0.9342419075241999 0.963846483861273 0.7865805336933485 0.843974889198824 0.7755590377754327 0.18011929911170577 0.24803662115502956 0.36508182278131995 0.5663339769506495 0.4479906233634535 0.5505836228638546
0.628865145932195 0.7355326497635967 0.8626432068519254 0.6864728937129035 0.13133412120908083 0.7153516608354588 0.7912027307467769 0.8974462449185447 0.01630270471231865 0.702868695171763 0.35843042895878485 0.23283053456227876 0.08545093628521427 0.6608905421448033 0.3943686630639276
0.21281246503396334 0.11251769101282416 0.8292697332100394 0.7804938134353054 0.5131830815260402 0.3752297165459515 0.5033118603565544 0.5928442691680603 0.588819318764993 0.9211107670969971 0.6024976527141526 0.4337554774392093 0.935395891182534 0.7171035075255426 0.6005951042783636
0.8682485323307927 0.2522974277246962 0.49797644481211734 0.7173387372763235 0.9367822580529506 0.11442750983260153 0.8247764973563868 0.8822045741126923 0.3029931239856033 0.8865875241530886 0.5921275128318942 0.8724108741287032 0.713211322612307 0.5213251674423711 0.9819637234988522
0.20012640799766301 0.09395537838123524 0.5696288031150487 0.651326378343573 0.777969426222633 0.7942718103019409 0.20357023320826795 0.7631408244163904 0.12723227395467385 0.1917003158470001 0.30097562083929996 0.32143005077357023 0.9098678436374437 0.12380903610272487 0.674430086063601
0.15621051349838533 0.863125991503652 0.3816585232889065 0.3403986293020237 0.8183543812836952 0.794829272991739 0.8072172852614378 0.3189725144446708 0.5909915770899529 0.15762921682166364 0.3736654823656046 0.83072648558743 0.8015645762044612 0.8621855166623577 0.9956876474112363
0.9143990464816912 0.6274370664805521 0.41206268667375645 0.7162693551287477 0.42758475512006655 0.6279976055881223 0.14723950362641158 0.34717688126060675 0.1123533472842122 0.30748762727165624 0.368478998529557 0.602212705818053 0.9086880057401608 0.1153229662543962 0.3814074970717264
0.2555039601448782 0.9808609131229827 0.4244663901061828 0.04700336994043497 0.8814951611450812 0.9853411380220705 0.19344829222943682 0.2542974166579174 0.28898008819232357 0.9535564003436156 0.21392161204909177 0.8414385110529515 0.8484225399100831 0.7888067460192613 0.07317562375050757
0.8828794484193636 0.529978740541385 0.7838548858692208 0.21982329143617452 0.9332899713770153 0.6190493425272221 0.7541942781644042 0.8109148351874976 0.7729050147185078 0.7568519867476261 0.35172303204891875 0.34002005723915296 0.4343680574315598 0.16542039207284276 0.8745274572318853
0.3983605918472769 0.8077308509354527 0.6595990920234017 0.4207068177878487 0.3048625483135292 0.918122734540232 0.3230179735397096 0.5476461537744131 0.7560387921196513 0.04970371740989643 0.5306938715156881 0.6928716969568759 0.09289959102788525 0.24986767645512897 0.3378210899263342
0.48859904528114806 0.25962894688729576 0.38926285839982666 0.12247706793654278 0.7593116746542592 0.03755333848701192 0.8760496749153981 0.7693823995333509 0.430183113908007 0.6779686091206241 0.3269155205061791 0.6125198179697054 0.7938834826924466 0.6286795978911774 0.9827198186878968
0.8163297585698635 0.5842866354025321 0.6516463577340336 0.42324260507497835 0.8683646193288429 0.08782214371658581 0.26291985942120255 0.18336240832756656 0.38069817931088423 0.08669127248972242 0.0910892027553255 0.2020902066104202 0.45304990114384824 0.7728940382726927 0.44675090301436626
0.646238232271556 0.4374987628303363 0.8979901563092173 0.12305099784112639 0.5421034933122241 0.06282472130940886 0.33074380148496496 0.20613838466209988 0.821398073647199 0.5259304091001629 0.8832779342486773 0.4644079879604305 0.8417590170468424 0.3384593432949651 0.7360915436397968
0.7067008820915208 0.17752302125381958 0.4286411987561384 0.04326882584814473 0.35216762379367317 0.49305199082224194 0.2415587152391735 0.3314361327401142 0.33829024266821883 0.6087476105606613 0.35544504815525046 0.11949944743119323 0.40859716555022674 0.4489943752066836 0.4372840748367748
0.7809212195921001 0.7678947655364126 0.42162210741059036 0.19790037556305584 0.046272126762681665 0.07037796188256917 0.920080512926892 0.37489002321594544 0.7010201234675425 0.7147714110111744 0.06237029554800089 0.671156715372004 0.9719952672232461 0.4606921277656931 0.48487604132733353
0.00748244777622642 0.8156957746161322 0.45171318925923254 0.9945988049890867 0.4094756978141685 0.8225769968904063 0.8331472909531683 0.14988672506844436 0.3424040187869174 0.7336919732319778 0.28635812244872505 0.38761445411161666 0.3318325769385361 0.6295281628275204 0.9664462575382946
0.14386333362630044 0.2636533475211874 0.6956123176108554 0.5264459398549928 0.5255056946364439 0.8440046572610725 0.09543116674078578 0.1387073332869846 0.48169876638731546 0.31774413584501904 0.8884429642449136 0.6829287585417578 0.09714449081685383 0.693552615593197 0.11943075445958196
0.5603418905004922 0.5830737510661339 0.40441039758565467 0.17517546083264168 0.9148420655669649 0.7772648039643679 0.5441012994248824 0.25540292012422994 0.39439531195539823 0.4810071915804366 0.5635642827643402 0.33718588200604727 0.9698420978704395 0.7587741253858158 0.5853260207197585
0.3254584026149102 0.7432575216993565 0.4054677965846286 0.29991245835816427 0.17702666521504506 0.1243161518594802 0.14645392338649055 0.745050695530433 0.6614368680505889 0.23064939071220758 0.7772027146188407 0.13663749471939923 0.0792872499111299 0.8769716878815362 0.37220585719613186
0.3198639749512796 0.6970480696271816 0.05779133896967026 0.8969399784385665 0.33955045718630494 0.8771797759093074 0.3998108584576393 0.04199925839410046 0.09065979977329452 0.8833162052836708 0.6626602356547029 0.8651204919319474 0.003120861441157863 0.12250621974183595 3.964819279321796E-4
0.8746767997457167 0.23950850200652818 0.14998377191599122 0.36124095630665 0.5173162206289967 0.9397903784139786 0.1066629790135939 0.09931574020567269 0.6427742767092197 0.6342645801608893 0.38553111427565323 0.5996788849177781 0.41049053527661206 0.0639765441452711 0.2303394698371407
0.47674789796254147 0.2755106392143568 0.2973177706397291 0.6584680045258245 0.696239384491191 0.14525728752728062 0.21217249532779692 0.5695667697090275 0.7920422995898876 0.5341049216783786 0.1248932366631964 0.15255336863545288 0.20198084444469466 0.5592944256542947 0.5905493063156619
0.7357724611234934 0.6302128295000329 0.9195758735843208 0.17330747472403063 0.038599562639373364 0.2590472315170528 0.5770687814954477 0.29146694087016034 0.37749838628793664 0.5792552187721381 0.723180901334447 0.07858590155381606 0.7555172776920844 0.5854865066920438 0.7510281867153149
0.5703001038580081 0.9214368647392701 0.09219319744223764 0.37965029506708714 0.42584862474481366 0.42325757380067963 0.9655012743810175 0.7794170354980275 0.8239854457556671 0.4004423896993523 0.13776001700297724 0.533373313896841 0.1348704121594605 0.36030686039430015 0.37403767620207073
0.5358715933216773 0.4626959804922982 0.46617434751802433 0.893621513776015 0.47769185739722353 0.17822140052555602 0.9283917631998512 0.11461908186105718 0.395951519103547 0.11604937065071985 0.9340275003704626 0.9860467683360422 0.8774586171606874 0.1983943869858692 0.1770492261947676
0.5993305075161653 0.89576347568421 0.8652561417245878 0.45800642475788766 0.029932941431317195 0.9350155033103221 0.840325415363542 0.010719004173411206 0.6498601725702454 0.007833407698404904 0.44261393555878603 0.18319968485344396 0.47309020001863855 0.40974866610346306 0.8657135381649249
0.8510142001716888 0.44850454995571487 0.5693835033617569 0.5897544681682774 0.4735108198613799 0.998693306407068 0.15137657060318 0.36554620531089943 0.016826161370864345 0.5180430004812591 0.6481703372648675 0.01604883267582269 0.062301514649411915 0.9898058958870407 0.05712709438059105
0.6372363617839998 0.29492033394889317 0.35938818984296117 0.8810401138462959 0.6485781031364611 0.22360387636020918 0.8098836954642064 0.6129601881803592 0.5427778318422573 0.42367893601483353 0.6259187290463673 0.07035756079001809 0.11507485763741998 0.8115577301542646 0.9031630294496036
0.4289920024570909 0.41432479631560015 0.4626469522371145 0.9634001995892197 0.5734646229868853 0.6512423156710238 0.2657292532930625 0.9688409464819002 0.42927710167138067 0.8236019331851493 0.27053740615876587 0.8944007284798797 0.27032512632605576 0.8738570434453997 0.9299671810897735
0.7129529337536888 0.6061047661107687 0.7815514228420154 0.5643526447783856 0.3761075799149767 0.14451176312160086 0.11106169116254938 0.28245292628812757 0.9318547392820864 0.49896563804590777 0.18462288903703827 0.28227733061963056 0.9104506828221488 0.7626915907919991 0.23125387239077677
0.9246007932426339 0.931214335050853 0.8083452260772656 0.5741127972930383 0.2229998535162635 0.3354397622570857 0.18776634344365484 0.16197749309885 0.42646439749279796 0.534420638721825 0.8044999954914367 0.5249592700323134 0.18411805850121832 0.6766208373985452 0.11082374052557609
0.5402227969410802 0.37630597129340615 0.18431458715862392 0.441372983165486 0.2303989370484978 0.072285845564526 0.6875588807904263 0.23705615926157153 0.18554130770082244 0.23198418140578803 0.8921496190446904 0.3358046126843319 0.0988915645086802 0.7077565749214625 0.9582523792228279
0.21080268366374888 0.33738203233913244 0.8218172514708357 0.03768718219034706 0.022195134119530224 0.42971925247824927 0.29597984100634445 0.7203864195378229 0.6148711874063186 0.8480549639950522 0.5925774846552699 0.27433368951158876 0.14277514644543043 0.48366608571539704 0.7889076754932037
0.7283302856210344 0.8292961429885174 0.7727285389568992 0.9522730773716779 0.04322556000484501 0.48364006824752015 0.5151845732423321 0.6086664072826384 0.8447860781060369 0.7846890603348166 0.04786666226794145 0.3053742063829037 0.4501678075755172 0.016705260568089297 0.5824552606290312
0.45625061973568404 0.20999429089860444 0.8953370758978756 0.19951230616311932 0.628138870309385 0.5093332536287908 0.3577376004888032 0.20174551522045614 0.1778951574225176 0.12340290820189226 0.7072067369734376 0.2728233183519383 0.6816952219808563 0.007628072149682752 0.30062003793196423
0.16247400980409465 0.9117818089313557 0.016706038105961163 0.04600845013856314 0.42426690045181126 0.21053647614803983 0.4936300800791541 0.3380053589631449 0.06938698690513956 0.9877365956536168 0.14715854956518282 0.7004784373567207 0.8678792653049018 0.7240847192138131 0.1450061448149189
0.3285153378996821 0.4282524939300383 0.30257395781458085 0.8900726766728714 0.9260342423558402 0.11699618097410969 0.7089796682465707 0.5183146969606853 0.7206414493536539 0.34147909602881943 0.143744341360324 0.7594030645072605 0.30395981870955957 0.7128611709215691 0.36974899650791193
0.43509990641697815 0.9935036726911148 0.13006502592893165 0.6839411714963559 0.5353265110308133 0.7412769053294445 0.8815173240344613 0.24551604178937458 0.508183442882049 0.22462326946356803 0.44828421055577594 0.6193235153230626 0.12772255894202011 0.6464584749292527 0.8103890891207397
0.3004014775374425 0.06206041610892832 0.944866148249838 0.7075153348583412 0.6740107248371848 0.05446106530180084 0.5661408196079908 0.4859601640017627 0.3352750834365126 0.45130539463538477 0.6907126900137394 0.8756202708964173 0.9435053850961779 0.6634034616272103 0.817990498697091
0.28395392087965765 0.8185138005482787 0.0308950908822635 0.9140107154709336 0.9682779804537305 0.29970062784668583 0.47702327348102125 0.9048821244225863 0.753422574963957 0.48342252805218333 0.2823536336887119 0.1593673707128196 0.7986803756956669 0.33012824717268197 0.2885528134155573
0.7455435905072254 0.2861510686487557 0.2899734816069435 0.8496270385315062 0.669336664734913 0.8019960747725767 0.5341037743220582 0.8885618919708335 0.006824801219789789 0.6127823923149892 0.5985209652585753 0.4885927592440832 0.827558472370467 0.0010086188437116173 0.7484246725957326
0.5508749017918313 0.07274611111578333 0.3170702320926959 0.6531473992666662 0.1841108644272662 0.10000547550646555 0.4293352140826552 0.025278219239990962 0.6567324548410939 0.4354829576598519 0.809665315480576 0.7222966883645144 0.9385228043236775 0.3844944297774472 0.5786321851596924
0.4350148403453594 0.08610408423366 0.543442606401458 0.45284168043383477 0.49435194256604154 0.9855044678100153 0.9286176559195879 0.6861937178520374 0.5164436817595613 0.2550579895048456 0.3915894685424285 0.7775692164658841 0.5758127633171669 0.43317916000306345 0.22625119513456138
0.929349622791948 0.3473061894684374 0.9280939866606057 0.3891754097567983 0.984338532011534 0.18972923376441952 0.5903973416946425 0.5527960864391525 0.8430690183786139 0.4575843259901875 0.18434643903310743 0.29003069798828485 0.16914465305944038 0.42204838473202155 0.48008894737588537
0.04930849754498523 0.5271755084016528 0.05829939740249035 0.16656275659654074 0.22057267218748777 0.9660354955427344 0.6135294630669328 0.2935948622957252 0.51567554722395 0.45958052143410455 0.30845785677753934 0.49176414290825166 0.09068760835079559 0.5476316537484994 0.744884451945927
0.7898835168750089 0.3229925730554355 0.9819411698537186 0.5928004535253217 0.45249475102492964 0.9226425295469682 0.17502364840069895 0.9127997302199311 0.8935590820635795 0.10529843664178762 0.7741483493266901 0.03301069953940683 0.38756542837003294 0.8831830695927249 0.7384527370929661
0.24449549175305396 0.995567320819284 0.14082497036539154 0.8840518910980564 0.7050391483054423 0.8511983534632163 0.05397350376395782 0.9801817511008235 0.8484789533925678 0.7105055867468343 0.5829167479918654 0.128828703989745 0.2851996143288158 0.45947875193852517 0.22553543618351224
0.3409621134038079 0.6491476521523001 0.09444288351444441 0.9507776929746934 0.9344001447557814 0.09769367257948824 0.5430201214219901 0.2498411902169254 0.6215033901883604 0.20289912101602225 0.5771566772518487 0.5402003565885 0.9293052167973188 0.7862194684529088 0.9847488770239042
0.7367183095606793 0.9003513145951181 0.8434031172834244 0.11269214457962529 0.6644346107142914 0.8594352174888096 0.08232151322114467 0.871715107786739 0.12922125360726489 0.399580910652951 0.7536927599204841 0.3021507943425883 0.8853515054474806 0.6400367842952682 0.3931372198016537
0.8398353185910757 0.44312670222219075 0.2397108126255727 0.8127306976827552 0.49261398923498356 0.6450590289014376 0.6113890269871709 0.18119672715796187 0.24047352748554462 0.20570859077013703 0.2752450277334575 0.3141066570228074 0.10610823833502214 0.9581255566302886 0.314561390659138
0.3589322524474138 0.5077671666378554 0.378949238371325 0.45224824492747295 0.9045226033090471 0.7025180773091317 0.0745676311861565 0.35365821253042495 0.17055315415180838 0.35560358317820195 0.3023427423793661 0.37936121334844375 0.3397217824107661 0.5303530273238501 0.2737580305979178
0.16095637136420904 0.2839428931520236 0.6831539830129 0.9404468008959842 0.053662419808924944 0.9055176750109731 0.5692748443065119 0.19941058002215795 0.7313424171667925 0.06523429104927936 0.3178705170219912 0.9703395907992933 0.9327819407308893 0.6015795851872678 0.31829112490955747
0.39579780691442745 0.6424549020008737 0.25871922054008 0.9748531217506742 0.49413730430747793 0.7946741225586997 0.4356305752473508 0.8335218160957445 0.9553578418174181 0.9269389477745187 0.5447490302899356 0.061492134383261066 0.411729351534169 0.076455316258361 0.4257144311065242
0.7694447617543151 0.437846642762421 0.6132185855754715 0.6982820104762574 0.2062931525484898 0.7388867799032985 0.6337126121172643 0.15818752665596802 0.42752621486720843 0.4711918932266197 0.0011935522351458339 0.32073391087288594 0.6407902258001159 0.4059007316152121 0.11169009102806093
0.9990923086620517 0.0661432458474982 0.6942048975117404 0.9892665629796762 0.3677881231204486 0.8134536183536144 0.32190667629633585 0.3697588290435251 0.30656805457862724 0.9757036551941765 0.9513065627162929 0.019107514884372345 0.9458214719997803 0.8644985651990437 0.7400512921782411
0.6505767019994613 0.24195579617591878 0.07286986660004924 0.8994236645070521 0.45456061763721345 0.09960199638460765 0.8405010302029027 0.20865744236576111 0.43534456226864426 0.027253098620855787 0.017793265473632358 0.4372121340625269 0.46110097338295086 0.5639149701645327 0.7777269702754209
0.6435442760021958 0.17656470778297795 0.7465753122409841 0.1082649151194297 0.6167628257865871 0.7022466394063588 0.7017734171546464 0.03308109186436925 0.30665828087086755 0.34970804402350564 0.039279426191057176 0.4546889888776122 0.9479467639353159 0.4193325240628495 0.10186924362293925
0.49158165600589576 0.7261714753254579 0.5151963732055209 0.2824066122632196 0.18978531985405855 0.25555567793254597 0.7110523657818273 0.5579215330244818 0.5292672064347671 0.8432033185970295 0.3321056227625431 0.11010014685342817 0.7169271010679698 0.49939413161315294 0.07917501889112954
0.40257786580322064 0.8604418589409043 0.9203223709079672 0.7149967081267276 0.3676543895430915 0.2510201749009212 0.2174796894689135 0.5568413035385092 0.4185252312021057 0.6481651233321413 0.9969838428564914 0.5752798791623795 0.8478516031661222 0.1558299968286322 0.5025071941680026
0.9858476956125707 0.7994665951080706 0.5068926950244205 0.9270596540978427 0.8385193868111709 0.4072423906779271 0.8316627197698919 0.6717334121584259 0.25932297237808266 0.8836195493115486 0.2761741205641275 0.2836168800154688 0.6790838350179902 0.31002646664130706 0.1573063275717328
0.04043845690258352 0.5962044250042062 0.6323929944483401 0.6943142583915173 0.666100945637995 0.1635493599698309 0.89718953119521 0.7401384949332891 0.4591198814748163 0.16391929921514736 0.07689854277383179 0.3509040293680026 0.19508001919001272 0.7442614263997415 0.9285530313765346
0.4783071246391699 0.5245762747522232 0.6156783658144117 0.20495236206938772 0.5471270729024507 0.22970656965169645 0.294461362258701 0.19539245100105718 0.18888978491937214 0.6250359325556334 0.35878736426855984 0.011224273490781256 0.9427488090276417 0.5930524736600584 0.6263843826323392
0.25128092142426106 0.30593855660010505 0.2294874901250895 0.6203828113197093 0.6831898619113895 0.11869351643365311 0.8404739117983332 0.6837348442257565 0.3588141445654287 0.9023162818945536 0.08136813944078802 0.6269983722980947 0.14554215079970245 0.4341163067889334 0.35616237255107674
0.8499452056218799 0.9998728170187461 0.5392305978380828 0.20676632522441207 0.46436814554290284 0.4357189801634752 0.8068758661261516 0.3130378177069554 0.06362509773828251 0.5470789862190371 0.6973719920860695 0.897294654890514 0.4338728117335342 0.633202363928594 0.2963142550277176
0.7811404243443598 0.6826063761908764 0.9441025647387788 0.7935620927155099 0.07778949159978965 0.9720353189144738 0.3152461068460177 0.6172503163908956 0.5196772030509774 0.287990731352757 0.49247397919860025 0.03681845210033219 0.7189935542797659 0.44947197305953546 0.7616877710303491
0.9640924237138585 0.2378795573351694 0.8696059289822887 0.0925596492544909 0.627742103556786 0.2053775541804893 0.4157053739906633 0.3815015478948789 0.7739773645517682 0.3598280913308688 0.08427716035115962 0.5363561464840539 0.055134113575935895 0.8182573333917708 0.10624553588363483
