0.07121082457464611 0.20809345130358858 0.3321867206532382 0.8648229249977885 0.1865436644688152 0.6612220476852126 0.7753382186817391 0.7637122490207569 0.7119357868825985 0.9376332036558398
0.23111509820183274 0.9010869253595009 0.1580246398354792 0.9275013385288435 0.8089084155359315 0.45767548583418083 0.7529971277736037 0.06141641314478952 0.3314258299842401 0.7180950366068903
0.6876545815192204 0.5967539719485195 0.1984248615630363 0.10765286144524866 0.8791940825868759 0.2818081226043284 0.9882936054670348 0.5922776020699613 0.4754155193829903 0.25538357896649155
0.558739651527813 0.2021087263612532 0.9079790442583227 0.16552041284551855 0.1353873890152707 0.3308741506674614 0.42150137052031456 0.3982506256016909 0.6358728533216835 0.6360380162818156
0.65469283413072 0.9957632642841432 0.267064193709455 0.8188016312668159 0.030402208558461874 0.31308041139199194 0.25432493391158395 0.2983924888663969 0.42334938645423703 0.7133237274564274
0.41427657915743643 0.811677691847406 0.8174907749384129 0.6338773561981843 0.16630558716158383 0.26698982311422714 0.43937592503933565 0.16922952232880817 0.49309951683559106 0.7601546660936873
0.1595179904991303 0.9110020323342998 0.30678537633410075 0.5210618791451352 0.790715071877226 0.161653309242211 0.6547832685967744 0.7007211556651473 0.28042306712835163 0.7955668514512743
0.20827633958192737 0.3315983304880983 0.693694869332354 0.9797141313763217 0.5162383018590324 0.4981268484178565 0.31386510446727633 0.6858070345819459 0.5792477849733825 0.7396420486223826
0.15007319297500588 0.42683181708889384 0.39985862634222213 0.9745873490659045 0.6338819278935606 0.9330828269284305 0.3000837884402521 0.7826922805147366 0.3116627527253423 0.5462910729835804
0.9615898664391752 0.7109249680312779 0.8950827472961875 0.9551692803260723 0.3404882710135456 0.3793720659527383 0.11894288370546613 0.521671167820038 0.836147984701979 0.5548017457815736
0.47378063873578624 0.8544900194504289 0.3522441165826683 0.032516062077624586 0.030064406427222412 0.4747975879425034 0.17829532070729592 0.12120111288951863 0.2514713316464178 0.38895096452419864
0.9412325418191607 0.7608349760475452 0.9066537949652363 0.13387206352949277 0.2290799576388426 0.8203142619480162 0.9320643856287902 0.3930304489422908 0.8726190230384154 0.9193129744002474
0.3728229252923091 0.5944368918554052 0.2859446412666974 0.19798750491481665 0.3342730681275673 0.9967819653422699 0.713111984189941 0.8184942178920666 0.21379062007493588 0.6458300239219065
0.7056117628504536 0.6238871316047905 0.35056905429563245 0.2404057773726963 0.6642003048804221 0.30281480842584463 0.630522284457805 0.38578725043180906 0.8186502208639569 0.6125374692091944
0.5141086105152651 0.9320454891255637 0.5902763667102091 0.6981363191963936 0.41679388638794757 0.09584745427442243 0.8846308891354822 0.312389113045324 0.36503592839367205 0.8464661447614834
0.4955503764525192 0.7886374554364439 0.37508638974288244 0.6002173325503152 0.4667766031586321 0.9480728123491096 0.05757024835108948 0.6122698236339441 0.9536625427949512 0.733219636912088
0.5377171247814214 0.5807520693945262 0.8550129674847241 0.2509959589623014 0.8992829686101211 0.8853050873744611 0.2438992698556901 0.08158305700123769 0.00961419673090147 0.5707076250186849
0.4163264547454887 0.16343737879364473 0.7639709689225949 0.6559265348175873 0.19791953441207089 0.30012955339648895 0.49914014135802676 0.5999215916176563 0.0013357639407196586 0.35129705353072016
0.5695322032815726 0.7877607541723725 0.010897841021875965 0.4678481374607577 0.8533712189097289 0.7140782741105918 0.7859828116821539 0.3106568524614616 0.2622501709344057 0.1356347569558921
0.5209898549198102 0.05233991215784972 0.16423856272180892 0.8407146408881933 0.17724968910666694 0.10330843249545174 0.9988932677904064 0.8403233991622674 0.711027144122432 0.9261382181357485
0.2619372535068065 0.724623137812202 0.6618075930716149 0.006404840729420824 0.46803530716406183 0.6477717773252509 0.4363470188652734 0.03348055162027075 0.6620097963891777 0.9053078541767269
0.726504340016891 0.6113918509871806 0.5420034280141997 0.3504490825960588 0.6326640711687835 0.36768841407183717 0.28251022816141946 0.959150011525679 0.22959626994085147 0.15737518869880696
0.7008599105880285 0.6984899228462624 0.5078893356016021 0.16931121257991344 0.49765493694845375 0.4789393310911546 0.8516313202380297 0.1340803237498167 0.9198236184415638 0.3782796480714886
0.4718033983663136 0.505190631718193 0.3443665633149363 0.5134272283952921 0.5048889203836051 0.43956053117973526 0.9615379369226491 0.9061396369516752 0.807489994174382 0.6386016777914606
0.9481172363661603 0.43955833862638005 0.830283464860803 0.6278098323055743 0.26459088983518086 0.5347689680849214 0.338435829439547 0.8506266448338552 0.4844774617231542 0.4900364032881275
0.16063739529579824 0.03143706004200075 0.8696941926120392 0.5200987839279684 0.5952033724220563 0.6229181511354069 0.24277662434999991 0.40888107388693984 0.57923009040276 0.7945571171013328
0.074927035474039 0.3462153462772576 0.23558250531521185 0.34200771172340416 0.6082817583901 0.9576314470892728 0.9525289150785721 0.10105572299920684 0.7614511835390514 0.7560083371927584
0.7221275181362797 0.9353158689155963 0.0293005395388366 0.24485299887261736 0.06600866450277088 0.1333840389240185 0.581103477931255 0.6852003371432884 0.5109855852824033 0.09902027931655943
0.28561480193206457 0.10160390346554049 0.24196565772468703 0.5470393695384335 0.44727204918318153 0.44741411623190763 0.25592298854673123 0.027937965638750173 0.6246509895632973 0.975517114027694
0.06823264953810726 0.4958879358902989 0.02046243873922593 0.7679336181260402 0.7814553094117859 0.8075779752573792 0.5817936132410295 0.06615442183321274 0.11670088218066921 0.49348646239363547
0.1299599324027061 0.51381502668175 0.8289879363716732 0.8785206464300492 0.5512479815380237 0.6742886995450601 0.7805556021204958 0.6455582963855582 0.3229942940845596 0.21800427917456022
0.8298730430449307 0.23327989545364447 0.4238585077120026 0.9877706273001314 0.6091310728946417 0.0387807808680648 0.9828133452567951 0.7451172000594058 0.20928933067555133 0.25580450962257695
0.8582889430059635 0.7766361742478963 0.7692915806252097 0.32103972560041005 0.7070712580938193 0.6965382838959835 0.9748507876415299 0.36377506042655494 0.0019705626360707607 0.7201110374048432
0.5122445004306131 0.7583075704911331 0.8879381492657898 0.40249480055098663 0.5938505882051137 0.8638522206863005 0.7282246921282479 0.3381682732146041 0.774691719192167 0.3033011833130066
0.6853372074455636 0.5987621395547823 0.41304674820255327 0.6800332416264148 0.7059658163782633 0.7502954354347332 0.29322584797193285 0.4610758037335867 0.834715352897522 0.13565671654672806
0.12489527992792604 0.8652723810343973 0.868391443029591 0.7341274472894345 0.8608770799577439 0.9867112917514684 0.9807539229801667 0.3169729025790706 0.034137456458247284 0.05652188204282538
0.0970652680176487 0.8066013799481819 0.6047173432981728 0.700246738045512 0.478425523491797 0.7165197702224013 0.12864729275289022 0.28334958425634515 0.18779919647650156 0.3002895515340427
0.41342777606672443 0.9540201531206883 0.8528033832289684 0.5699144525187366 0.20844566751001492 0.7902893867808667 0.4147414597606305 0.6575669920617758 0.8937358672442085 0.5375688084700696
0.35902926973065985 0.08928797578042547 0.5767869919473521 0.7830809056469379 0.25907618061217974 0.4152697108612592 0.48462835801380233 0.05524726701157934 0.3338464898423632 0.29855987799321093
1.0472250208533944 1.2589546122399147 1.1187411578397004 1.6024999236450255 1.6082464931269178 1.0617186089638024 1.2801039809189563 1.2369381369233237 1.2705638983408578 1.3311184599527748
1.065569900541643 1.5242344746097851 1.986369396259414 1.4904756445503113 1.8756378747395441 1.628300220498031 1.6356006387676916 1.7076026209503192 1.9662642734586817 1.1533927522917482
1.501392255973823 1.160548193391512 1.347936845426933 1.3641118208124268 1.2475654258301445 1.2346182881065464 1.533603999554958 1.604020312213878 1.2307053420762855 1.3965523502555381
1.9059971689595065 1.397539479212653 1.7381659675460697 1.6645867542220074 1.1242990908396884 1.4082444528908307 1.533380084498448 1.0472387185474488 1.1707742004489385 1.8964132391252466
1.911141925054523 1.0589954760915692 1.3498917441018623 1.5696581444942217 1.3180686442749536 1.4376950767228402 1.7956362340244167 1.7526957650508028 1.4772360627317733 1.486236732032367
1.817113720415413 1.6157881618632062 1.8710230522845839 1.0403602429382957 1.7182269374067474 1.7961138334236435 1.3824880108899105 1.924585587892952 1.5641055290207502 1.1223043054507524
1.8731401441600042 1.9000051917206404 1.7351429146088875 1.3096088647236876 1.4837569979855203 1.5304732793423144 1.0089037995184853 1.4316252713179494 1.4849388662230778 1.0978377334820184
1.3408322982736276 1.694262618609048 1.5753800471016466 1.6822121964685652 1.476602738298146 1.5385778227987332 1.6283756220571521 1.7898868926191427 1.0221209176343893 1.3813539093422609
1.0208714497381255 1.4593288392562853 1.621596462919642 1.3657656072583317 1.8444046145528865 1.604823436584764 1.449771980862771 1.3392032753919645 1.4935700638275704 1.4676608629170884
1.3113077899953134 1.9013035478614984 1.3551887114780077 1.4363725948121648 1.2584859146463447 1.7724613040207378 1.5801407183986786 1.1703745890929933 1.7878105161594848 1.9215741165209284
1.2098677372534876 1.915475412430141 1.3567462774086019 1.8614970604531742 1.250835698109427 1.1350591689623786 1.1737505069030327 1.2716620959447642 1.6427899648556878 1.0973546956928941
1.9579180239361 1.639543015338904 1.4504228806444708 1.8570536476082404 1.6389729085313738 1.9261235185553942 1.0231132858438814 1.1486423293384211 1.7740046860252185 1.3552522719041196
1.3136865076498956 1.069163167832596 1.794260686264673 1.3027456062652871 1.0246822720169453 1.0697234832155704 1.0634703222304842 1.918325030398707 1.7594071547490557 1.6979206447331356
1.1285914982648726 1.5519533914314871 1.89508737573063 1.737454615053219 1.4745326597658417 1.2758597559564104 1.4667266056411667 1.8765499778626142 1.5563188760181434 1.794519895128576
1.9528124451263094 1.803411270999482 1.875333810632051 1.8170860396291921 1.4878046503118 1.6747873930574049 1.3906838491394296 1.5302354462041785 1.691376942863641 1.2328216892841568
1.6123945454373345 1.154134775175415 1.0006733111912731 1.4557166603807419 1.3100635438212345 1.6901929502015935 1.1193790371574557 1.519342961140949 1.8887585740396804 1.8765024252961675
1.9561952565197633 1.0197749814327497 1.1333626471241567 1.0553450566920755 1.2153457376444794 1.8608355382758472 1.2032329878412753 1.1268651861638732 1.623032374141713 1.9460853446268518
1.4709543631888722 1.0139895200112874 1.6262965056505179 1.8312926398525244 1.0421311415001244 1.095899563167186 1.284530840305262 1.7912719405189752 1.5675769398315877 1.8808390670208985
1.988926518834293 1.334080579249119 1.2649243300550048 1.78376565100405 1.5914290962735325 1.0559146220536646 1.9035917881056337 1.2503320147357873 1.5023156248977902 1.8716465114032186
1.875208174150362 1.6259091169568678 1.3242945979369214 1.0787988304501677 1.371009995997535 1.1068397949756252 1.631069618824715 1.416849628449978 1.1183904493369052 1.8308383518450042
1.5695960269047056 1.2691171578571154 1.090692878860625 1.6644277406400132 1.0677999155898295 1.4210721480079997 1.0975062497827706 1.5275329439507646 1.5633168506168644 1.336778870641318
1.1871332410946636 1.1588253280188512 1.333847619501415 1.7442663378847492 1.3485667529844285 1.0701397541495612 1.706016703887581 1.4309835569887137 1.0872234163576224 1.0642622073853683
1.6471587252212978 1.5420938694020636 1.066848124012719 1.0976129189037596 1.5032468146974545 1.347215110924287 1.1594163808384905 1.4578260747224623 1.9362162951624988 1.3953136611571466
1.9255264161012569 1.1959537836794336 1.4352256411720825 1.2128125219027943 1.759686178240608 1.5039988732919713 1.1289361620444285 1.2165744830678622 1.6780650731678142 1.2607072797100394
1.0096809500146242 1.3112735107137619 1.0006939137514883 1.282027474755072 1.0954320236574255 1.7197687134857176 1.9857609581311502 1.90737102233772 1.5017647491991672 1.9554472349834353
1.8105655630992121 1.428784993277299 1.873556605276433 1.487103198850385 1.1618555200644756 1.5273729956557331 1.1349472083349532 1.5697725595025576 1.0976878465207722 1.319779128195544
1.0561250175459347 1.9190438396371505 1.7736169718939574 1.8372745263658135 1.7067957783426178 1.3917178985958212 1.0879284211930358 1.760963785538073 1.4687261880638158 1.6022898297193957
1.2937999948259025 1.0188545531349922 1.9135458599193313 1.4525789842008416 1.150686634501119 1.414010038698796 1.5170292916983967 1.8809339270283447 1.2428891466848309 1.7977314696825895
1.8773692100822568 1.7477907680381697 1.680181114046589 1.4276929244259815 1.832490752392503 1.665965181821078 1.5135321699711126 1.0581788831580297 1.630246324508501 1.7569097593861267
1.8483803697150543 1.9980501418772398 1.0953685403231375 1.7682699118431808 1.818569533282572 1.8417913350721977 1.5583491712254913 1.7234230887983677 1.2959828103654327 1.8299690391422545
1.163949851260686 1.2902878051824451 1.4540663646558247 1.8276566020144691 1.0608403271054412 1.3545403385076367 1.0778522387017535 1.7228580667437892 1.8888983481038342 1.8614786942308292
1.1855514754121477 1.4279192029026002 1.1697262874676584 1.7756551972716665 1.635604772699884 1.1550491124083067 1.0366993699565996 1.6834616520942935 1.4301982213040527 1.734225307082798
1.8097080989297782 1.2183358876744856 1.5694975202605472 1.1571316218993495 1.0435589795516402 1.9925842868155608 1.8751007001272568 1.8351885274587914 1.6784712923731313 1.3899659819169399
1.97105899313594 1.2079042811410874 1.9830506796256973 1.7779529228960085 1.6443772287435143 1.6638488648616994 1.6376217961929247 1.7765246031751114 1.8706686646133575 1.0982562348195857
1.4315830115112034 1.8962724187997582 1.0494283702178029 1.1041113429029308 1.1978609977254715 1.047064409147406 1.2834282997521012 1.7476802573488643 1.2882062181737315 1.388248676645972
1.85802655932952 1.1147932601369122 1.1049851765547452 1.7423493523548785 1.4287215854696598 1.3307921049385585 1.9482887611101907 1.326436468273176 1.809072375359952 1.5549045465144333
1.7767051971873915 1.941855497519429 1.4889731533666062 1.9485425896170794 1.0392026151329659 1.051978662784757 1.9790493655629269 1.7019909631973853 1.4682219369659713 1.9451179169989428
1.630650719117459 1.9491604234739048 1.5519906543434534 1.5258312437956398 1.8024435547950994 1.9735472867219217 1.2337881374810435 1.527561787629343 1.931559243348807 1.6268791377165202
1.9863115447891082 1.8845834226997735 1.4562497361760303 1.3938212186039005 1.9422479935359682 1.8948104471571234 1.3910787059529959 1.4636268982458587 1.5298146627508418 1.121499792056784
2.050772200226985 2.979904652101842 2.789566605450804 2.8734758711458337 2.5370175143631686 2.5469017132806826 2.3075612767883946 2.2763598098456796 2.2519124013551792 2.759180187226371
2.4900083183056445 2.4013863244492555 2.8824311590032012 2.991288814999817 2.7258213221173895 2.6537431394898983 2.012188109526135 2.935009489729489 2.836028425688354 2.6389689215148295
2.759943153555276 2.403984387208088 2.0927866047988335 2.0237983274692835 2.618707813807186 2.7390064346531173 2.0057844924287003 2.486943041265886 2.974974765052857 2.741981872553201
2.0201068336467243 2.7156502967436102 2.624507249730993 2.4425507110332454 2.2471735247238294 2.5454812612922644 2.969289684904247 2.1585771412495642 2.3591545089557053 2.7636034939432483
2.479653823467279 2.2501985664591087 2.8173013836981156 2.7999935559322067 2.4362599148864956 2.686848747385707 2.675925341625896 2.516296488926545 2.9285254396732014 2.047646658656367
2.306290424933178 2.568691579437291 2.579258952159612 2.857769592024205 2.5184798071037506 2.3689646187903604 2.48966978168206 2.2269054916280338 2.72433191647328 2.4970886670445864
2.4545888975181365 2.600606018005084 2.980832798288726 2.528966825110621 2.584650498746676 2.061338425873873 2.9808891954901666 2.634592397499545 2.090347205851584 2.023260976036579
2.317197048879816 2.9747327475081065 2.1322865352616702 2.3532229115853616 2.6349580639584897 2.878345506315991 2.3226400085046093 2.920217130522031 2.610486941134462 2.018286602295944
2.6746905574920756 2.326489569258488 2.045290495284587 2.319471702744084 2.540547495540406 2.1057363733434413 2.7489887494935052 2.131503946556923 2.351513107613274 2.9872961913045817
2.2994880106787354 2.276882425601786 2.7812482056418193 2.9199718748207895 2.2151036583732013 2.946257565834471 2.288798611953055 2.425091983627635 2.550870953675826 2.053800949379663
2.866708285348372 2.505649147518212 2.440069806743644 2.588608816753397 2.21885923994143 2.7768292921116657 2.6420297608242755 2.7021600024344306 2.523341768151567 2.7029719317411836
2.7285694817277815 2.757200610600175 2.397573373958358 2.8269780808325224 2.143964807125403 2.330029196922361 2.6760484343355713 2.6604096987707657 2.0071280491164942 2.20600822761785
2.135514396012364 2.4660001759696772 2.189720723077405 2.7372283950350624 2.358035339338535 2.5090226477342896 2.900210377955477 2.541604572728429 2.509316424780339 2.479939175531763
2.7314217246532633 2.4142835719590643 2.9278282511467 2.6979804482661485 2.887921384352291 2.4950953546326824 2.0696830293164763 2.3937822118569505 2.0996138903196186 2.1898808903397864
2.5348792409587317 2.838931253058585 2.5492168614412556 2.078881447200732 2.612445381597264 2.34125015990592 2.9938210083823296 2.061975911749781 2.02517689860043 2.1568769716858296
2.1445307661691473 2.288403818245804 2.3290758816610833 2.183672053625426 2.2832198766116854 2.9977136673924 2.7282649773430068 2.895211143536952 2.0417252564992285 2.2590277407021366
2.9030636057506163 2.350600430060079 2.2463417593893844 2.737315865340266 2.8170761556719084 2.272575602406463 2.7392697465541245 2.0382223642034143 2.368557857085773 2.124823594458355
2.1287055490541125 2.887091977269242 2.1819869516273798 2.8391924419413863 2.490555221141016 2.3831920417077637 2.7976860132131525 2.3444310268615327 2.147289731568605 2.8367298337867677
2.010500082382976 2.3303270349095726 2.783250054827916 2.244115466813927 2.1329519421091594 2.744588333203519 2.3207486808332956 2.2860223744577057 2.5139605058488876 2.364538935862951
2.1776035993662424 2.843148979161755 2.7311211586310598 2.4116779986631682 2.7542800017898106 2.4161866212108256 2.4927113699110683 2.5843763680064202 2.2576036430674185 2.509350384134276
2.4349992691645723 2.072461862009302 2.258048960729481 2.9909312604587437 2.6810962476540556 2.087171086593172 2.698894400809494 2.6796792791760278 2.239509466280346 2.1909221423747507
2.428076193958912 2.9224289994719967 2.0637136532104794 2.2435892824042507 2.7073607434007476 2.7262304341105974 2.8684757777101137 2.095436661528145 2.56849524732783 2.0873498066685867
2.6043304773554676 2.251595414490682 2.3322852132175367 2.5198561954203043 2.8285179730159102 2.608944891914094 2.0840858024951396 2.428111715449731 2.07886012142211 2.023484568680755
2.407984302253177 2.8903344544203877 2.756464750306748 2.9047610621263455 2.2219890902843282 2.624504891461228 2.9538120208102465 2.253640119272081 2.127829623073702 2.3932381120377473
2.1266910244197557 2.5606903763898705 2.29151177168725 2.870845650361752 2.5016184782257778 2.764672715094103 2.504560784093395 2.0436625726760003 2.6347859016672737 2.034104691475163
2.7409243174808617 2.54381649105593 2.594245237152445 2.479596823468302 2.22079605415138 2.9269673861414245 2.8239574233372307 2.0306339981933457 2.720160383082761 2.7961482726799805
2.866492021167076 2.6177010842197683 2.6236469199969976 2.8466882199342676 2.7705804469814566 2.4891298348285376 2.0083232170606884 2.3613012037947847 2.1903892386322488 2.9617688488284157
2.8673428973367363 2.4197755714526297 2.8952937551298334 2.1555569275020057 2.4349054434596558 2.104300317588764 2.652097100729112 2.294304970608995 2.457772974721925 2.2793163651604966
2.216052723212046 2.9684693114844327 2.1736286214403013 2.103882138798327 2.472713464123022 2.350425347668046 2.7028496858515085 2.294894687804941 2.6095439119963078 2.7287271464944305
2.5378084828078906 2.3011087153371665 2.5643966685764763 2.8850650982624435 2.8226021970197035 2.9707479929985845 2.897367700259988 2.7761105023513712 2.1561524818935527 2.999604893327723
2.663209434932846 2.702162056572182 2.722904725657801 2.431874916493622 2.823395017527713 2.645486484482871 2.6578955211142694 2.752575790837052 2.230090294951058 2.7434714014568273
2.6867464010284468 2.658250966408286 2.238705074902834 2.9251855956753734 2.2461805537284367 2.4217598945250067 2.56135874507461 2.5846680987577044 2.486948875571084 2.8773084457988825
2.0605094311215035 2.7902441282512656 2.7885898302559653 2.4434747270563815 2.800160215635445 2.936392947363508 2.674237954419076 2.274836834585373 2.82146949302094 2.9331681775871785
2.3037334379256764 2.5869109639703463 2.7902573530498835 2.997899021360115 2.044575559037778 2.4344596231451927 2.8758131079260933 2.8648762276190833 2.972801115685793 2.7398312400536673
2.9635737288588797 2.760954156921242 2.539658001931427 2.165844293969847 2.578656877759694 2.8084759663040693 2.0549837631722916 2.50683017211155 2.7028961080913434 2.6116562688101657
2.0844871640396163 2.6318013021379483 2.004940157853721 2.6585318570013206 2.3356707975342608 2.655311502906474 2.871141889991706 2.827817331413654 2.1159207231345536 2.934428534932404
2.024377213805075 2.7284798166461695 2.9863296498511676 2.6943388708071163 2.448597503413173 2.8195726378149626 2.8061074660463428 2.5704574664338598 2.798833685617996 2.258845027490845
2.9649736817010455 2.1215163408857247 2.46953437736843 2.210871253783452 2.2347142130070976 2.4159571074384987 2.0185335568045444 2.908919121527086 2.336124597547665 2.1230549561368877
2.699608649018854 2.1095041833301185 2.013850498699825 2.1505521825991423 2.4435029192467086 2.704553278454303 2.1391758495725424 2.7621816457217307 2.745450611195796 2.163326304267623
3.119597232829092 3.2813118065011073 3.566657066767584 3.164723200636962 3.6840632372797186 3.941046532843654 3.53785062052855 3.2503283892584487 3.9340455965581187 3.1764646062840183
3.4649364706077126 3.5795222600457333 3.403148669507934 3.6712851505229893 3.3799471926010836 3.9002155762635597 3.7517524944868614 3.7690970021052923 3.154898683844082 3.6622392202103216
3.6382237754658773 3.4383916451295957 3.0018239679592322 3.7951483431048825 3.254518662053532 3.840990466396627 3.0191719142123943 3.0481766121116833 3.9915392504687484 3.695059274775102
3.312921521259612 3.947302387306883 3.7083959939032836 3.046754182636556 3.120176649268431 3.3628660999863307 3.1197663920238035 3.7686444090836755 3.7936703919081354 3.4009035180846188
3.8868297833245684 3.088409602593248 3.4675216917473053 3.8323371320372535 3.099797002515782 3.717910374695937 3.717751643755508 3.5563939988964517 3.9738428033753506 3.7005825702519646
3.555480594175667 3.658094906550365 3.7452879427765184 3.924207256167348 3.64639089261335 3.464386454879373 3.9511669421514255 3.356459936064451 3.736955111365967 3.629464224082481
3.5028565202402193 3.4522441381767206 3.8860925040390852 3.687061582419456 3.223228883234765 3.8546662775806126 3.2503316076937785 3.695955278571475 3.8068330183204604 3.465609593232383
3.8512199076038094 3.574666006143384 3.483896117468853 3.1972175234398774 3.965636732313487 3.472307563153851 3.0214766624690803 3.2321973105735666 3.522828260704726 3.0547664386271802
3.0788893226135112 3.4187073724540813 3.166398813303401 3.898868338421157 3.3495611283873568 3.5046924841900426 3.445155922226406 3.281916540262156 3.3677675981918553 3.2768829396808243
3.933620918817146 3.529961905955691 3.336235999608353 3.3112756246895803 3.9511808871560796 3.74539246321085 3.839392718741755 3.964765647879012 3.9482720436829757 3.172905620786867
3.847070242667907 3.4416998227181734 3.55864821777412 3.68265366315748 3.984778497903661 3.2544739825100364 3.778702675001671 3.8503293400941137 3.6491842784465196 3.1638979572992705
3.727975181318469 3.896184880829311 3.181231881042591 3.732904076522252 3.969390755600397 3.3084543237540602 3.9743764422281185 3.95627564582894 3.423439868973858 3.321375958949831
3.0916915533623386 3.039424407806074 3.497424708675129 3.5439876954620044 3.6931504632120236 3.2908468239739883 3.1690598347211996 3.943095225236792 3.3331707482649167 3.2657410151416046
3.4131292668075344 3.072289038818972 3.9785500167944194 3.7523676106489328 3.5405669684822727 3.9086132039635606 3.418210184474327 3.928089210052316 3.731240820842982 3.909465155157975
3.588706674881839 3.0286250408450295 3.2848847919177855 3.9345325133566913 3.223247585709679 3.1719084064535332 3.8890382031789246 3.4910492967304503 3.1470075683232994 3.557036865379656
3.5085143093575493 3.3553805548859885 3.487809823185452 3.119155889047046 3.3378353899823185 3.9999211478956562 3.0487886769416583 3.862718635260794 3.626234997101624 3.4115207697635785
3.0984343209884404 3.518416239208149 3.0842422082486936 3.8261237561752903 3.873460620044369 3.873174187778519 3.0115269220101353 3.62403928477509 3.161225399530725 3.107962142458886
3.247599316154692 3.131233618760885 3.4309724233099583 3.7447660872943835 3.540120207542169 3.354262715308895 3.1169523535904053 3.3519233335267034 3.949993877892809 3.7399404169088886
3.82152027649143 3.986122115488848 3.4680782777457067 3.8955635975292084 3.4025951860085963 3.4597196638526078 3.1052619704721716 3.831492283436015 3.137406929196268 3.9136337754417756
3.335821119710749 3.6951097316490666 3.4132443539701645 3.8489143993475214 3.9233840170142074 3.153663192607332 3.6859582548965175 3.724203701518282 3.8394944808975207 3.55321361767634
3.7682608289163193 3.461644381461446 3.1966796491054876 3.7318984246848848 3.862403382937243 3.7203975743564968 3.8610918304477813 3.897938138928925 3.135602521542734 3.5947831221112176
3.684208031966284 3.296294657176419 3.051624116583562 3.4731572019615347 3.0987347699231327 3.4826149056602755 3.118223663503953 3.1539927726274724 3.160780077348861 3.899070672304917
3.187680565865782 3.957230895193451 3.9885184618080243 3.1039315705536055 3.9564529514085973 3.491821864281058 3.946988674781583 3.4451851060786303 3.8500186909110883 3.944477224958772
3.859328320014895 3.1882439547312202 3.050257230990642 3.240004455075695 3.9866632692153265 3.108757310438712 3.025266349245185 3.1901988034834483 3.5120340166390935 3.3437697952262075
3.555296355677923 3.7961172897944815 3.788154997644652 3.8579478209193554 3.9135238780284705 3.1976619460088074 3.664467265267846 3.2263199898158517 3.5566761092018604 3.374751092274797
3.795858615902673 3.5609545236492863 3.408055633346792 3.595958549814559 3.9535895319484675 3.3162236211727696 3.5743049531294218 3.7833523659311834 3.008377525059645 3.3957806490510705
3.127288644181224 3.416366769616745 3.4362559329544102 3.4541031801255304 3.4037609748712474 3.3328916203350905 3.909738150975934 3.536431185255972 3.1280245126042825 3.8023661631430103
3.7799815226084017 3.233156128423715 3.5465756240614157 3.5435147351471943 3.0300597405702283 3.3381936672274803 3.6787711872135933 3.938464116901093 3.5851163718623047 3.5955989153253727
3.7338398305518035 3.5553334313652325 3.7020862232344416 3.4946596887420824 3.722100450777782 3.232989412207421 3.5298355291342403 3.2309301471953864 3.2970394271926455 3.4045110470930107
3.829985806075385 3.8891433837930305 3.904937503236441 3.0400094360179026 3.2793501374427354 3.6236684209356635 3.3900256420056056 3.574800146587062 3.736825256888459 3.113153172411632
3.3056890696248162 3.455527038188841 3.350746104812243 3.848221989822248 3.316027173139025 3.484687839411653 3.40712444668591 3.87457289081193 3.237116063887779 3.9731135918641196
3.3748563114171493 3.4585455863057506 3.4636100656970807 3.820305480019651 3.690897889618048 3.768208816920145 3.753856992284558 3.034134176660195 3.446572921801972 3.070241428789172
3.6054913897424625 3.8742585128312284 3.2855892618919116 3.131358450424422 3.7435088202527997 3.757721404092153 3.505005733490801 3.4827600722156307 3.5641135271601554 3.300533274688961
3.5623052277438467 3.9570576403626427 3.7301708382329224 3.3856539911768753 3.934893122873102 3.4393578389074295 3.4978845227895645 3.9456364825083865 3.552755038358217 3.0876622546599752
3.769358466388163 3.2272964153920483 3.83067155693184 3.3724666608523366 3.31199155338173 3.6661240019357435 3.6633015388847214 3.1614203364334004 3.063192705084636 3.139755719674171
3.6146100603376885 3.7321327942070184 3.947693245460339 3.292674885602281 3.932530652943563 3.03469148536728 3.1747718804941663 3.8284120316022907 3.950415971553728 3.7451808258093777
3.5539972623439406 3.1508672842374357 3.8987449127157197 3.652469371724303 3.9706316976580163 3.502978753691904 3.1437180570994414 3.7027586948622484 3.795629316091166 3.7988121074715573
3.3937877985337583 3.589863622106967 3.670199915098141 3.6742487877800882 3.470833295266659 3.1239206487691056 3.8012001810885483 3.8918008513259745 3.8296045380268287 3.7371975433274827
3.6311518842820885 3.1266831453070623 3.127223689008909 3.3929037594266944 3.505476350952679 3.334123953508806 3.7939463746044333 3.851377841544871 3.7495732903799266 3.3519979264956405
4.737049173427668 4.71775479229536 4.389661310347082 4.128215609226577 4.021623873376232 4.946192467751011 4.603836255662926 4.978906266102934 4.615223074434506 4.507963225915341
4.8735930410337795 4.581281773708498 4.057715849609376 4.744192992633572 4.7210949557178585 4.984171191492852 4.223376116957414 4.518756983221813 4.863764428286146 4.779567023383146
4.179140285032758 4.662817649348162 4.59530728980626 4.720125789538104 4.511135536127837 4.3597169181960975 4.211072611666108 4.490417083860778 4.39099301987755 4.057411484480539
4.335688494772189 4.043816948475192 4.084125267464955 4.215366522348276 4.082203625917315 4.902292808419741 4.564060965943018 4.693799539664372 4.074503355586544 4.082928825351958
4.3900935832292545 4.875392842414566 4.498558457933747 4.862892228885695 4.029915859544994 4.6730696307952675 4.51310284977741 4.423642431851036 4.364574471336859 4.422155140819923
4.546627051819874 4.525536708471255 4.199994815348256 4.281220922978034 4.23511175217461 4.755587407172373 4.227488893038679 4.17313722323399 4.0137160676268735 4.563977438485174
4.025073856402369 4.486334190145073 4.665673387395237 4.259042378208792 4.372092402020373 4.72600009143074 4.452937082243238 4.365778718260603 4.361540957053753 4.055920680189176
4.805657676518738 4.269540102357579 4.537674866246391 4.203890719120064 4.931361239189919 4.864434029243548 4.560874408975058 4.517105109470154 4.119739000654426 4.005033726146871
4.707419259491847 4.048663556807569 4.965246536609454 4.920371379843964 4.848733233249117 4.432299610681073 4.207249692573879 4.390780079348347 4.42282513722561 4.95967088372583
4.396244408399749 4.411003939441184 4.310065500902663 4.713024567715423 4.134715805770991 4.267096836943887 4.456103413611074 4.825778173309082 4.2124912289884 4.43998246049788
4.546641053859043 4.944532632529755 4.558981262694739 4.515149178045064 4.031948538575747 4.748260895728407 4.568491478654614 4.325805499723646 4.323414719673121 4.9438922972274195
4.019826621735526 4.8859227070779 4.040094445846948 4.502238871805355 4.507698758688167 4.279943825483711 4.770126459863555 4.024187144994552 4.030988691370036 4.567538437695122
4.930060259146031 4.034304504963476 4.141700551376853 4.934635342768844 4.954544403644595 4.687487056256387 4.8484871937925265 4.7760665227719485 4.229492462714589 4.844001042788629
4.289913607015832 4.13050654294232 4.893757452741752 4.71924772465307 4.045165116219474 4.904994657607517 4.877509202990058 4.346807291715084 4.8336953090379895 4.624176831931787
4.319923133421992 4.9067944984327045 4.2703482443903 4.018507534214174 4.814453554264052 4.566284824649572 4.288778398647581 4.626002258171928 4.766877612390826 4.854547073224174
4.823531015640014 4.723733534587063 4.519461571603048 4.753044127402049 4.3499342386929305 4.328114360666432 4.79401344092822 4.6186411039415285 4.920994089208952 4.707115092990307
4.437251583885138 4.778185731185894 4.411771513872724 4.832910874542008 4.413831891761635 4.133603060616806 4.784260704110212 4.470058669283035 4.485540900409761 4.39887284411155
4.319576433630749 4.142154230529766 4.039575713818458 4.653734522572947 4.929297289275208 4.0490209495860885 4.084496257274244 4.7436914469799385 4.8541007462377666 4.116834339877567
4.519348714870696 4.681862243184245 4.285365254736888 4.755187119455099 4.399624095017697 4.615454299244414 4.704203503755476 4.567951623480401 4.073128481501946 4.108110127481954
4.022429704242542 4.218897863113675 4.73950725449641 4.459104991810958 4.9312534898783085 4.888376858688768 4.199078296232222 4.531349477204193 4.2160316031749625 4.273981000967618
4.299793832313997 4.092378470193648 4.179197691554449 4.885943839835038 4.8655647772974895 4.985983727504198 4.728529641362786 4.467144336997519 4.694844924331474 4.546874008232879
4.134202972250996 4.727931239673252 4.555287189160776 4.546723798948044 4.935617855272199 4.227585531393107 4.968447244449681 4.617197108047456 4.987776365017558 4.157089839135679
4.977924926899972 4.5340106391931645 4.177025465227683 4.981975786093533 4.024996922506133 4.965826433087911 4.907270852640531 4.389371490249866 4.517709204505573 4.292740668196887
4.060304999604541 4.7499731064429085 4.672560773952507 4.88136224251156 4.767682626737099 4.3535159125642595 4.732325442782902 4.766951006820091 4.996615213794969 4.0054217701630765
4.719221263198492 4.037812217679842 4.64864594057254 4.182651725179036 4.469552394342633 4.343120239928115 4.597404659823572 4.838393863710495 4.814111341529468 4.852571305460634
4.850532270156194 4.118067792378494 4.418044285307328 4.684741273479067 4.810902645382065 4.703229584274422 4.974545597550593 4.290751536191301 4.433559339606139 4.235311322214536
4.158662435900903 4.530822193163849 4.9273232965980585 4.287732204736193 4.990653714800249 4.213518314325325 4.533816986108256 4.652768818389327 4.0327622595691075 4.680971989561839
4.8316894707582305 4.288674094372982 4.148922726639491 4.618089117266521 4.96011563652656 4.132886227929129 4.393842229457835 4.639726513484182 4.133182479169944 4.12876993849498
4.966054174819156 4.36705131648051 4.825563737691116 4.236184452052621 4.058960778952541 4.642771846843593 4.049923837390402 4.9002737509650744 4.874542401060953 4.254654780715997
4.217780560620955 4.438226614879742 4.026327643149208 4.037720638987128 4.178095591603253 4.070355323601054 4.051380398429163 4.507736116986542 4.161650445036813 4.869693100922207
4.775475719718876 4.242097990333803 4.524305073293294 4.733412967179745 4.831299250663586 4.068930320904071 4.378524747958904 4.589720837958112 4.716419710166966 4.751193021849389
4.680417164808348 4.671722610159568 4.410623707535196 4.678425399354262 4.985272838760864 4.48093259139784 4.034749365898363 4.161253331822138 4.6885208810064 4.381639382231417
4.962097993767376 4.6865355980297 4.991988833791019 4.052885171760593 4.230283320213883 4.6972549773159376 4.658229668668042 4.841242944561232 4.9151142351440305 4.604101466025203
4.051839474628123 4.059434781793432 4.6353526015503235 4.152805134440295 4.768674001682832 4.036339285294311 4.510498038183167 4.10781492415844 4.327604586265337 4.833702596988559
4.882664950889596 4.242344530272526 4.330116884162653 4.764592594845053 4.6849069248073585 4.11015744047993 4.954970940019668 4.84961365494092 4.940881939480715 4.841065049751034
4.648304123320152 4.129125123495643 4.5145415809016765 4.249963446664188 4.393973650688734 4.313183457349725 4.893565860971658 4.878335603424491 4.004598367725364 4.595654718895679
4.486554934219548 4.197497830749904 4.460674427211154 4.584920364493575 4.641527494914128 4.094470409968432 4.443303047144537 4.210826116802493 4.352065180145432 4.934204016359207
4.855482718039686 4.155999998942629 4.407480973771462 4.945995691371919 4.307582473099775 4.8293924048539205 4.564679071263603 4.417278426995588 4.254526407109143 4.150867715083741
4.171912093593372 4.1945713337651105 4.7153845269261385 4.447902814669641 4.558431671198302 4.289228151024341 4.280477945145996 4.578925790806272 4.419066114223229 4.9647233851305295
5.416771814485229 5.9925530609071735 5.369049045136752 5.542567583583356 5.919242222024413 5.807961107351847 5.821961620169574 5.305543905615958 5.724068004884542 5.158854613536651
5.352439618113722 5.299810525751983 5.198912713116158 5.981969906620535 5.745336361347706 5.54151442167136 5.456225120602875 5.150778965498256 5.004321113053383 5.118913941908911
5.197401780656007 5.356035757015194 5.69543159266895 5.947609075044681 5.0888184740193765 5.417033378864008 5.134888851801199 5.484329699144582 5.695151610916034 5.770917041444944
5.095520913639863 5.533833933925732 5.551075144406361 5.73212413441485 5.902431757446904 5.39382027359224 5.03933183957378 5.740000016613151 5.016090104597232 5.974358341206214
5.361342548822447 5.2198635665890825 5.459802534075314 5.201195142423918 5.035930547233333 5.871274107388163 5.738573997994013 5.966395117322334 5.04240299351559 5.166977407901984
5.217647833254757 5.125123585605137 5.936144178295436 5.596985090501401 5.281556814306844 5.553985276581257 5.008040930635888 5.72446828520838 5.978305248478371 5.084180519297072
5.8334733259059774 5.433623077240223 5.268342068035527 5.201843947777977 5.362268650405552 5.844391854655142 5.444272790405836 5.768281524584208 5.037930226751601 5.2449009270284055
5.764798391408698 5.654423552884599 5.302617081391861 5.049701872180771 5.855157482955099 5.106663134622712 5.2437642602313 5.2303799345064474 5.966387448321318 5.8653503758251055
5.068897734504289 5.8848202617259515 5.757009276984092 5.542564983471791 5.557111914170928 5.612398384751632 5.863280174359499 5.532391119009949 5.628842038678534 5.144588559968624
5.157946273411426 5.774769693438726 5.699977146531008 5.243959960811081 5.262467865615569 5.023105423181374 5.542024468947088 5.229257060517781 5.573977921902677 5.876157007342355
5.956948731934675 5.610237575836001 5.79577388276234 5.726340612967669 5.693475543495715 5.2231675222894705 5.718932090113713 5.949428347999447 5.681060500114385 5.9463493383188695
5.792672634650488 5.114724993874557 5.838391023350266 5.544786383397413 5.842392379044982 5.730157901556829 5.42520106255479 5.444062662306022 5.1468218835695 5.053316059969455
5.149343562656531 5.265743965302084 5.9695520637860024 5.797326876360301 5.015478971683337 5.770082866008928 5.555214730962304 5.13955952820488 5.207403016537705 5.446536452088492
5.546890625422012 5.301496594398911 5.132949782226106 5.3685825910615845 5.758857422591566 5.109715834308236 5.128571766250874 5.08654671821238 5.247579409844223 5.370777253280177
5.220111100641479 5.270628005867722 5.663879354299522 5.596910117942939 5.766941201571865 5.536040141384534 5.940522505895505 5.604748261643955 5.778572025193932 5.383158400956712
5.471981335402948 5.775961847780391 5.1859755785688355 5.467791898616059 5.076939088020287 5.316486397374695 5.374303174339253 5.480175191945943 5.199128662228474 5.680150792190593
5.839329623661948 5.7560017852367364 5.998393546818541 5.43285828011565 5.916873355806187 5.368796587851267 5.211394887466503 5.22507495719969 5.152606154283585 5.860152898447133
5.920179689925479 5.213233116872111 5.029079558333543 5.952834365026377 5.656862785694879 5.224757189971641 5.447459751760283 5.561470366777615 5.593965001340746 5.196772234559017
5.573376057677458 5.166548698998919 5.922488795631322 5.935156643157035 5.399452942995396 5.149636578773638 5.903601681213002 5.038451410434041 5.651509117682165 5.001237665847534
5.494836955178054 5.910241165066882 5.471071097937006 5.407418801707828 5.898010148729813 5.143972417413968 5.643763651723667 5.0973172834312725 5.85358873647749 5.205777012180066
5.011302208837441 5.990865800100408 5.0150417971740335 5.2637199516776665 5.104227796328456 5.6245486370603315 5.276735117417386 5.215992090503355 5.963187929652277 5.052729531113017
5.500226825357611 5.4559203223005435 5.578481844233037 5.4230681163817565 5.686356857220076 5.678268965830424 5.37075197452996 5.206768087013209 5.274313658822482 5.079157854256968
5.660117764357909 5.6278773304208025 5.913899588225651 5.631023990979834 5.126712276091675 5.18058638645777 5.753506209702635 5.724405645305871 5.852495510092582 5.249448481682436
5.013849639349658 5.359928603793918 5.652383114211289 5.7546706134287895 5.376304840436461 5.246726620645417 5.052142484926321 5.433101967419342 5.50471709156647 5.617629211033721
5.451173250916553 5.835272704404962 5.840857958226317 5.306801339587442 5.720202106050885 5.369811966619177 5.666232077756446 5.652121913117643 5.727086826013783 5.758801396692094
5.306729859565259 5.082438520489311 5.0583382149495355 5.081096654157582 5.27166090922441 5.828938164463942 5.509632549868291 5.175375624405245 5.064991401550579 5.060224998964185
5.755501134037577 5.5506492104515965 5.38414794437004 5.8822977808469625 5.976548223614282 5.109196856982863 5.430539752603469 5.0674709291451725 5.121961753290251 5.925365455946722
5.095989535948519 5.080385455582463 5.915746160479371 5.04339669571656 5.860553166015067 5.954606548143592 5.67702009412374 5.758425195193692 5.33974651629442 5.839907084193187
5.517886233023653 5.127015451458966 5.552987647336425 5.588187185194731 5.50679429488087 5.517082615560448 5.1501012067699214 5.575082141326456 5.940982470155764 5.851768756600773
5.02902091514026 5.06466203841922 5.958496487538999 5.8278226390708685 5.005365313952734 5.8162282382115675 5.338449742461334 5.796257658807945 5.4533507571400195 5.305063601859072
5.487601740959675 5.181539175912781 5.127545004298659 5.88309435029793 5.291996467156865 5.285279033543352 5.696253427063296 5.440773750004253 5.724316205021432 5.071391589510931
5.869869318628496 5.648098761405344 5.840769982963149 5.061892217349228 5.3913085509657614 5.650522624861351 5.075751040737238 5.78599568678589 5.570688121316649 5.174628027762838
5.548160325045569 5.3198984083420555 5.49269691108897 5.358776712759819 5.4302080099276395 5.330605372131227 5.5026462298189065 5.265553298840105 5.297669191876441 5.694388639038754
5.085977091660481 5.955672442211881 5.7799830636819625 5.198941286180499 5.796039256315053 5.207120082281138 5.759250035332403 5.058017113834913 5.45624749630066 5.448651220634984
5.829094496082601 5.9683227243585835 5.465258201984577 5.243367827096977 5.717525492187318 5.220655798210328 5.667599788489849 5.705952651034833 5.902341384026573 5.940758970024387
5.917228417647513 5.566235628494018 5.703288617304912 5.880086522991395 5.157770138100378 5.202121689995697 5.722099065883886 5.302656299946555 5.57074960621022 5.856510033614055
5.619694024932899 5.4213870495391205 5.101894362700033 5.425686331613819 5.869257566091407 5.52579710239303 5.465642860627778 5.6607715868385755 5.304545227039478 5.412667217631295
5.097792585346078 5.995847233297638 5.108719373638574 5.971466498628952 5.711690754191429 5.812883463431163 5.03474154012436 5.673406228709074 5.438096577976086 5.80294576566736
5.709400317420583 5.449653265709096 5.526894187014179 5.18685088746465 5.423416306542727 5.774879351637965 5.897034616177495 5.1450281122818335 5.965892741888341 5.053716578855651
6.536109571287323 6.86928360693058 6.263620627323232 6.5564673882143065 6.8555917757608515 6.4658992532228385 6.827017870423742 6.034289789590071 6.84649902788762 6.98768446796477
6.8557600978390765 6.413057595085443 6.904652895791595 6.936075964882253 6.022200455871076 6.794198043955936 6.750367532376933 6.419107102343416 6.146963748032822 6.101160276949014
6.954317543714917 6.777044631811653 6.208640773756665 6.101769638290145 6.199498620295434 6.8947178337367525 6.388296225949273 6.2095747907136625 6.55860795482144 6.608041069205916
6.1395437464856615 6.421395647500092 6.746836258297876 6.581957505072407 6.596230347054277 6.983632047894126 6.521976438022976 6.788008576509572 6.982311344964588 6.896494512928189
6.146919129095698 6.2419597548336 6.072286180002397 6.163170062623609 6.104018087981805 6.975390461261055 6.165604790352504 6.770037535552261 6.056473656398763 6.309881856610138
6.484742694230115 6.744398589752216 6.38879561593769 6.378413276015316 6.384182501223714 6.277791760437486 6.526571876258437 6.495804433660538 6.2663285945229115 6.825809184347537
6.635182042418512 6.418517044712866 6.640420226888486 6.29943629504597 6.227760682171519 6.753856259660752 6.3317983455811415 6.948287017638767 6.674627699100306 6.779588669181646
6.451419498419236 6.302708495165549 6.599568244872915 6.717220345639133 6.369299750962746 6.589580430543199 6.672757975906573 6.065654844293857 6.6006108306780575 6.365736217526111
6.365794365144554 6.946677740339951 6.209439111779439 6.723284716278648 6.8212077167202665 6.539690739519368 6.062757680233174 6.312712148181932 6.1069907021294805 6.590345087552907
6.025950620097067 6.60249646337793 6.776098692347735 6.666200529528677 6.981267585009628 6.248066964521867 6.83153709158624 6.302262345299204 6.371875885756912 6.178294317309618
6.909566538395777 6.430226262555044 6.826716661925124 6.024297049413247 6.736720395761382 6.517486732763369 6.305159975897143 6.813202782593823 6.69074305770986 6.655441186421671
6.115493821301125 6.428603329076798 6.601222062062301 6.431349451422429 6.107570156463836 6.199795169486397 6.762600461299169 6.793983685667427 6.317470688035591 6.12349740768386
6.500420556536759 6.280531149404062 6.350843826749479 6.64459197184418 6.531063693265705 6.910688404162397 6.831603819295485 6.626531234997103 6.785915095210462 6.773612429656188
6.313971426466445 6.127410877102215 6.332796974078832 6.834370311765994 6.158375201264814 6.864306517298893 6.520676623222208 6.768755855247348 6.005521096965992 6.796324672623832
6.498070998285156 6.698818490584585 6.647977413540684 6.085920189884915 6.8112326957759715 6.546175432005378 6.294910987868981 6.808383331310921 6.875116883742207 6.346155600547039
6.453149719384624 6.171002168817793 6.72829218849769 6.273049939857337 6.906535551134634 6.676256503482345 6.6323732712129235 6.315219092050013 6.5655711053431745 6.617501707668865
6.757216230445819 6.508536487958956 6.280652108714259 6.530952660654968 6.40503264905766 6.387620997109278 6.064716982930446 6.7443783906783565 6.969741533232563 6.846540255194655
6.554933968761069 6.960771215092764 6.102293249706657 6.914141882481194 6.95808521080818 6.894354259425477 6.358362502054272 6.043896902895092 6.1705962200808235 6.336643704296282
6.9417228981234915 6.3941157142342435 6.241698291717043 6.6718832758020135 6.024778190329205 6.231623897024772 6.857000576651952 6.784020386649708 6.527140719358202 6.030461612115489
6.05978739514412 6.501494208599015 6.16381052099406 6.056896787102422 6.998645498757462 6.211458613069247 6.036423346170919 6.233018907915747 6.0925650823320705 6.0416633327646725
6.034199858509194 6.853406969679323 6.638447701786937 6.056069015396287 6.835641571077599 6.292841493628932 6.55099236226317 6.239373214907496 6.357684451481487 6.187756961286539
6.6212216145270855 6.655975779521497 6.085933852830706 6.70010813437967 6.40744685836616 6.06051375803605 6.837769554283324 6.379549537312879 6.631262667031133 6.409947587875725
6.159522942061383 6.828304575452455 6.741197900843636 6.181281771658773 6.739593008346912 6.842826992692573 6.127940902830286 6.134354880875653 6.931281700819844 6.957333976835404
6.327595227510358 6.175735277488041 6.722293024457222 6.346516798908049 6.433211086150219 6.277610327433869 6.262254656412016 6.858211690876402 6.849877070787301 6.984658973334209
6.365284849865222 6.54153963751535 6.474945553026644 6.902248280781192 6.24154120780696 6.41200093881646 6.362504306291251 6.700896923872742 6.079852307413828 6.352236583886483
6.939996118543948 6.594799685027823 6.002947002661355 6.9856453198416375 6.8849267014350986 6.9563086997044845 6.34746042111169 6.079771264914011 6.8408911773322405 6.713618707900038
6.1828095895001045 6.537354611560858 6.254687380685064 6.445505413371829 6.476195718844245 6.315163175776349 6.7500742871950745 6.634817125494761 6.33540461723017 6.6742000414201
6.618772164288217 6.371521791794407 6.316739942369425 6.009608895930468 6.205590648674647 6.906463084666015 6.872338962198185 6.134575152684171 6.19210963634621 6.848580443214436
6.629283941551975 6.299747054154347 6.042127330842488 6.471200052818735 6.34233671969284 6.418178913883124 6.162128323377075 6.547104718885665 6.042787654347108 6.935523224012334
6.651314080805552 6.367442632878038 6.117824760477525 6.5361767855725965 6.868277368232251 6.1161363946512814 6.797992465199717 6.408311366975551 6.425190380951188 6.56930513516579
6.804723588088566 6.104196385854548 6.635416745234565 6.168314311874399 6.715592372361102 6.126947863009484 6.886745271045954 6.875419338083417 6.941850249638607 6.2508138782896
6.889983349250259 6.862570359328663 6.080970115228391 6.2393342168696595 6.261436396423869 6.00679776891707 6.806339192322663 6.064187269162052 6.4378392504299455 6.369698913160895
6.386904282426688 6.947265083414579 6.493594031969251 6.323898482178639 6.391487408584453 6.5494930134002525 6.032708350474045 6.755956228291977 6.125654125433818 6.412137469208821
6.961616833702403 6.823047867964437 6.873430261329452 6.3198219894535335 6.614107620398872 6.069845637597593 6.071827867499728 6.599197627065606 6.395865179431997 6.3223775646025855
6.1330539819649825 6.493191354187081 6.843679148208345 6.6672452235984005 6.747441106000526 6.657981731769734 6.753158589512082 6.997431806905231 6.149551389115961 6.518328181633779
6.818829556427103 6.06003391585876 6.0105712544414045 6.686606741871478 6.0517834691471935 6.676601425857681 6.332026768642578 6.90188144881845 6.092582488908763 6.82337246275679
6.9590145402920625 6.9775675134406105 6.420917164094586 6.556540749104186 6.10555651496257 6.059718473659212 6.378550957843128 6.346795357484732 6.590351691133376 6.092696563220555
6.868374966087835 6.247723640414193 6.31811130294103 6.764961988181749 6.569935511146368 6.464270070084847 6.909828430418163 6.364942733336357 6.520586052380248 6.310295054148692
6.284746680923039 6.9154244065366655 6.951454392759824 6.248379821842019 6.427457340007881 6.674624760115705 6.338704571049243 6.690374111942453 6.535467608302916 6.59309503147143
7.733112363846603 7.5037861867830635 7.235747084128237 7.597816453662097 7.564762445055998 7.716965129775852 7.583173895260591 7.638336915209281 7.284713828420378 7.745127674647531
7.109465291135232 7.274519274672554 7.4017697714254 7.56963293792823 7.27809225432341 7.211449408959267 7.700027102758932 7.694510557728259 7.318841408109581 7.5942788139732995
7.6816692022760895 7.377098378094047 7.56510143709615 7.064252677425508 7.569505628599056 7.583748386519113 7.097615787418122 7.546901490257034 7.525050742859165 7.356910625627646
7.710356799116887 7.49435039880438 7.090472693793834 7.796506136193183 7.957341163797972 7.835927308393537 7.246532913751093 7.656352407462355 7.313620252091454 7.204727008594086
7.8936757510015925 7.6355053915960065 7.289342818354942 7.1025155823931 7.009716660205328 7.804734324085497 7.672702237036747 7.541335595946633 7.2151164883056085 7.249946997064799
7.945743699790675 7.35739918972305 7.985618425194758 7.937234636687708 7.316421610530416 7.831332818337222 7.292063301127386 7.008307049767043 7.740960776898289 7.468564089693491
7.018488225257098 7.200440616109373 7.772489906233842 7.7946170848421215 7.1121517903413904 7.8516626852211635 7.065078795783425 7.80231018670261 7.052919451149152 7.999747971164818
7.886726184260889 7.2513260087216 7.894480241427838 7.412704047782701 7.050507678597585 7.365349742066443 7.826156403785428 7.9987742667025366 7.260008595283212 7.597949848985519
7.931605687219711 7.935588425372142 7.9833298788017055 7.045599616389099 7.579505564760695 7.030942841531498 7.619369192319584 7.774716814978333 7.671347322816048 7.2817929337772105
7.900744116011341 7.799323643055928 7.792757573056868 7.333393382440993 7.189637796725046 7.6969064693733475 7.167303195592679 7.557122020378454 7.566011276450202 7.882281392453867
7.195525273934468 7.763375403673729 7.382041771702308 7.372747796516974 7.276986439693542 7.145025926761752 7.262309133031405 7.4725394412369255 7.559404819059612 7.907280855134867
7.490568954008635 7.755927008539319 7.757031670564068 7.008514138866279 7.966775346184846 7.762061888608416 7.5762730877201765 7.364560939476403 7.9070971445027505 7.37540007962646
7.908935572907529 7.713602338568366 7.652467376822073 7.72280047894911 7.526063013368752 7.2745720972590036 7.754720591843427 7.473714171381376 7.6813988278150385 7.494494800181632
7.196254498552298 7.426227914072489 7.605149345428654 7.115651122646918 7.07269772974357 7.00415025534849 7.925246150989221 7.0270914319217415 7.564297826794393 7.193245926187812
7.4204346228305695 7.432999177493567 7.311782338834755 7.398828037533153 7.190179992954501 7.840131658537356 7.633735580866683 7.942266797231867 7.538296806885369 7.117542890857589
7.3750722395590085 7.430576718791764 7.610371015616918 7.41401886733996 7.559978142511538 7.031095193028314 7.099458417861742 7.032133300310529 7.437727699507525 7.762366723887707
7.140207401955835 7.4525575255199215 7.956076305819533 7.2726990465548695 7.848467391655506 7.5782351971237985 7.1744656644020255 7.219458825524118 7.83160904564461 7.925259131495464
7.638068136707517 7.285025836535632 7.394196144794544 7.925763688144772 7.273736134255936 7.069426780465385 7.094312894639982 7.727873300877034 7.940211324143974 7.585020626202223
7.7677649225161005 7.8787238074205534 7.367486935472123 7.8452097177938755 7.130535801011038 7.058800067837382 7.854006910662573 7.0870019029672315 7.59429555308194 7.599309714707792
7.755422964545209 7.496350597579477 7.985420979684174 7.859039903635494 7.494920934180046 7.9155516658100575 7.444902301466303 7.663119604499727 7.552666608610606 7.903576898052049
7.904674525232445 7.913337659744569 7.6507098165051985 7.6930759277784695 7.185325550701381 7.168142482729234 7.139725098133341 7.041879931510765 7.940798007429348 7.460176318933993
7.415256276424342 7.712191745129867 7.387614847553041 7.870173329659822 7.043671131900358 7.3272488502029045 7.999323602146005 7.408277454659501 7.161821550595921 7.653097275791702
7.121267689012063 7.567312590056514 7.629443475833104 7.932215734955471 7.766457785762367 7.507263946835344 7.359620484072753 7.7560810904237325 7.690229789061477 7.206206442093326
7.230173078571953 7.105367999155561 7.209540161430131 7.070141876694397 7.987625608960811 7.609326590561063 7.1321638504057665 7.4326841362665945 7.59544150220684 7.779984225191393
7.591723303796933 7.095257215865254 7.549506348349856 7.962168405321165 7.546392155939458 7.559448311878453 7.786377769899187 7.006949926720214 7.1922800638696645 7.885384046107733
7.943609963213732 7.223956524296265 7.566920220707674 7.1734750666474545 7.896499720964349 7.997109182511653 7.173944704914206 7.511600364420081 7.691890029238389 7.55868459853006
7.546946841487928 7.855779560350791 7.2272062657322955 7.808208761892617 7.288693871485159 7.719607680968089 7.281689024022507 7.735538740894835 7.271267509074256 7.7362036970870705
7.796826861723757 7.961590531080095 7.3633736805265 7.126150680616238 7.624281161786072 7.145522922491832 7.262976945076032 7.8558818682298135 7.3121342979857555 7.523788901988996
7.756579406023306 7.803193371577936 7.8840817356568484 7.644317259138026 7.000877363234161 7.560041412419322 7.9812270867719945 7.438189135153139 7.228193830078633 7.597507671589987
7.182429141922956 7.13152548572784 7.613998373529147 7.393793648003211 7.796687795281193 7.141902982675027 7.912990337014943 7.78333099668939 7.929846047487198 7.026467815675422
7.869635091830831 7.223571828799463 7.1679234303743256 7.753017877723298 7.339707546080464 7.8957487955470205 7.790685658844518 7.050675639688177 7.521310589431164 7.556872452286987
7.0315943505448795 7.363375955327825 7.687001030368653 7.842458542282245 7.534069605972271 7.977243761888309 7.333068656613913 7.282955950722591 7.819037557292776 7.2220389694302956
7.717678984586388 7.64157124247172 7.275023511213414 7.257197126721945 7.346503767111312 7.30716320173991 7.909591160551031 7.844595666611744 7.082627724555172 7.383106928023509
7.859716629882425 7.6830278911347865 7.206933778017306 7.801503836775163 7.448725758557085 7.333467524992686 7.935833352089759 7.261840039167613 7.398711655025806 7.499558998241766
7.028971147235284 7.18408135500593 7.887512397073552 7.461542396672624 7.620646490592868 7.873387070492365 7.525483459138181 7.609051693322165 7.990293369758049 7.974687106379764
7.278124141612549 7.69346870882702 7.546196268480468 7.395455611303532 7.607725864277856 7.0223486834563 7.993032210666076 7.6694370252609625 7.711486188173644 7.5121482925985354
7.576339396088039 7.653281612449377 7.742654967399511 7.230179658798424 7.0769793705762805 7.95539008110104 7.369213520161024 7.462001313138094 7.09615014449737 7.6836681301953
7.226757804788755 7.832841900532248 7.336547503086197 7.9279922357373325 7.377921156602964 7.856377400153378 7.781560604517559 7.503541064682748 7.977585428743139 7.910160576509437
7.901926402753584 7.872746935018004 7.961294245454434 7.044226879540464 7.278057548334277 7.836474433122885 7.723695420380445 7.217878126598447 7.316296650016104 7.539134288302924
8.434504305978988 8.52937202857062 8.05863914844284 8.567792347978239 8.851393404958406 8.754221460060943 8.438006308156679 8.441934952369497 8.232377853271501 8.040034703643514
8.714938365277959 8.588403874986227 8.224680423028264 8.919304038535987 8.24661753774412 8.975114993297527 8.412723805621381 8.89627660393637 8.185419192829592 8.93752709861538
8.544811881981625 8.740018387117868 8.181728909919162 8.373428167545297 8.326225796019132 8.273008229387667 8.67455176154449 8.404458577258742 8.065874799751944 8.883075742029353
8.893479874173554 8.80689166482298 8.394305676747178 8.206223206126872 8.266872674067368 8.999544389095409 8.732789117384213 8.428848787158133 8.533643705884726 8.143291537908668
8.186364465017684 8.440113672710336 8.489836997804398 8.954509241497316 8.058139829487068 8.628674016594877 8.966214890064792 8.16387445060905 8.237806921740766 8.462723452428916
8.329367924784508 8.16229953943843 8.304245686929116 8.118269727594773 8.526397616763674 8.267381350611819 8.300256227452635 8.327795025422413 8.452010366338975 8.216597086949143
8.78687121334317 8.309925965034106 8.206901277529912 8.947579944300982 8.965364656914428 8.110466526677499 8.63759491775789 8.46115926491895 8.366987812151908 8.936122727257544
8.400449243488149 8.579451885755992 8.853626857972317 8.094475267931944 8.67631824437718 8.709142217729182 8.446990623722245 8.967232657530172 8.577407522242018 8.299190923706504
8.80960170324486 8.038523584878739 8.234146376408788 8.542563108085714 8.03777702112066 8.375964434132362 8.527439060071373 8.013168462556054 8.794949163765997 8.119463857870208
8.440446688296229 8.352057950181676 8.713093322120391 8.471203209971403 8.044090323885477 8.82102250557498 8.420688374315334 8.39995833615235 8.20175547459122 8.527090953900203
8.517555792197234 8.773904083779987 8.181216160369086 8.388026533233466 8.310082959584507 8.918270472268473 8.495586890683022 8.456771763527408 8.144752136185248 8.657695184743467
8.460149335815068 8.051894351830201 8.733560424210612 8.747843851147769 8.148189566879168 8.25143703777567 8.951829873704076 8.226846568692809 8.65652101485079 8.699177159913765
8.207071072328475 8.624324906427857 8.850157327270866 8.34515215109036 8.626977714072813 8.154260904208138 8.045638186671143 8.696409307236477 8.995293416134931 8.98768575439608
8.413800210123066 8.38928990262439 8.57620642267965 8.452142422441307 8.235324676965071 8.411158688264024 8.711091859491871 8.537103360450322 8.526181811440537 8.097341886193837
8.345834944344949 8.398000444278448 8.965131657290907 8.10813822262884 8.452633131773451 8.646251420618201 8.501729558231881 8.951119012718227 8.647088685428912 8.088643489264427
8.500824088921702 8.255534699826704 8.169567727370834 8.236660882462777 8.788323895869919 8.928497620769702 8.799215608462797 8.344820510878131 8.503049243883856 8.526711000960267
8.19968240137676 8.95680573378278 8.230772794904697 8.662867122842307 8.65752678028451 8.939165195525261 8.499093702957355 8.032438220698126 8.167430178028965 8.764570080293018
8.345577628782806 8.694435555910347 8.342767437239457 8.370099832584707 8.336634831799843 8.568813858715352 8.685744108699298 8.260752805416875 8.11089701409372 8.72354936386668
8.338224828447903 8.65435492384313 8.248393336128558 8.916022104595198 8.552540841126746 8.371266123949221 8.025614433828892 8.026183474936099 8.770979265778125 8.86076064477309
8.406592725758976 8.473092944251439 8.383320467649243 8.225684136457067 8.44141625762606 8.441758232622664 8.943704246645877 8.357966691067764 8.096132310785942 8.76381576167375
8.871268855693499 8.32979791224317 8.421786240254775 8.593438997416978 8.433422443357879 8.998746466425427 8.885379820476473 8.598964186407375 8.116268518495778 8.379832961870754
8.631822747237207 8.251075044877464 8.323623268657666 8.713542033238017 8.42348976897107 8.929988121339756 8.714224594391325 8.315985649426297 8.012784990025887 8.996933987093628
8.386148610025826 8.235906132354241 8.743154157551666 8.679329306324632 8.548111895787821 8.462934770596988 8.245274556885345 8.604387545933202 8.279252911779544 8.932497209283826
8.19769134700038 8.082516761998217 8.472149484401854 8.854984407155538 8.254958290931324 8.789705493677003 8.078243668532261 8.960284118091788 8.411379652554295 8.327198119140663
8.330508875434802 8.093494306280721 8.264739270861085 8.247113731004482 8.705108963543774 8.223616522305745 8.87194194946589 8.524263394004242 8.001962200607288 8.334254245483613
8.01574030906688 8.18395203410353 8.133014943027685 8.517955524452947 8.702961014998916 8.082936348981438 8.768984902580343 8.546719729709118 8.307472405775737 8.44143643746471
8.876791164307688 8.995104348561284 8.006171667312055 8.083295823827642 8.708082368497223 8.13681783231178 8.357673591576678 8.631129561195078 8.99649749432662 8.115074415566898
8.503182488577572 8.017635513268718 8.289840199643125 8.374686105937622 8.379122013573319 8.331577784803951 8.183064396373538 8.755990355750466 8.721826795298783 8.508482103720226
8.709425575843838 8.10098569464444 8.106513945347718 8.377060602148402 8.749692133973717 8.988649269625862 8.255916304580433 8.354608899996387 8.953099108527887 8.264261558999614
8.378373980625055 8.648095849976343 8.328766398992462 8.356665556575686 8.350843922327108 8.162392121599066 8.36259268254401 8.987738644721935 8.149202076716653 8.44306100833997
8.242174717979552 8.769957677691774 8.046376459100903 8.888360948522163 8.531091301714827 8.360788574472583 8.74826338464234 8.153586148893094 8.423930181808991 8.296733864002272
8.818043458271092 8.140597766165477 8.534724970953903 8.365223108429664 8.45142771552924 8.216375422113314 8.02400842154518 8.389132279974863 8.908528622837167 8.336644630543734
8.753477411457906 8.596570384587459 8.682464408824657 8.564112741418931 8.072304234029119 8.327672422509735 8.79046976478769 8.065572440637734 8.785417276722683 8.69049031107467
8.410199071940555 8.048108368957019 8.831614174996584 8.919673719797302 8.452073800629186 8.251868935930878 8.208158464729262 8.614485575918224 8.55793824743989 8.555342336704074
8.718551083637605 8.73679768557114 8.446952947915534 8.968801670701895 8.191455663435132 8.235063953642923 8.491568678548017 8.792561266094602 8.921297251289943 8.426869853901511
8.899588236630159 8.998912567404755 8.214841479047717 8.820508873322419 8.902736864020955 8.960084482566158 8.09310196720793 8.88513773830122 8.907826900033417 8.489299820726993
8.394211157555496 8.389413994526992 8.653515565703156 8.787975936082159 8.750430146648778 8.320121152047852 8.033819527859471 8.299343911119621 8.171261465060498 8.06513809268197
8.398963354687353 8.657238114593598 8.254667900877553 8.49921088762502 8.824803539024451 8.888533357828813 8.369689759739416 8.846336842197882 8.053983494330645 8.778684170928356
8.63100332660224 8.381750060285242 8.421238829371463 8.163241802358886 8.54407550702493 8.278663741617537 8.982562309999125 8.264250696971734 8.349150504841909 8.460255332652611
9.300317435023588 9.785726659021943 9.608222502485686 9.84834579458059 9.253747207544336 9.886095690019042 9.951142028546212 9.28571468439327 9.894909596459149 9.203343503909919
9.446404953886622 9.87650050285866 9.303475866988881 9.080109565697613 9.16445498235247 9.374987899790579 9.391748068953095 9.122827610282993 9.974545991305623 9.010751110682904
9.599867606681508 9.120089526749224 9.671873783901288 9.482850784293793 9.11747592754324 9.95576098172521 9.118602300194684 9.981756764423425 9.995627246807855 9.043979383816094
9.200571986714184 9.00489682167324 9.271542515669204 9.986015419894423 9.050893119081646 9.420207320434853 9.018832836410358 9.603081612152957 9.172290267075093 9.701788871028787
9.057109442481968 9.234522678636853 9.8019786770393 9.51274604083228 9.907436683445288 9.207424166295095 9.106016813076145 9.842517282465215 9.463873246521787 9.681527149163196
9.5644941195816 9.719477191173125 9.766386106271659 9.65243846036694 9.214576337713444 9.114320620258162 9.206710736239963 9.756477895615447 9.255345332999799 9.025713873914528
9.476270000866498 9.662104448603898 9.886534239667016 9.896925171158605 9.574053408995423 9.255716178625445 9.15267275305114 9.450623327688687 9.232397515501418 9.533719414937634
9.99482169406642 9.748759612924065 9.189896996254513 9.098114384674004 9.673989560562381 9.785425033716315 9.843215247549924 9.419446428569245 9.223488427844197 9.202800953669241
9.94335263348244 9.578823072546367 9.611900312607828 9.783798539025668 9.16696882947726 9.029798932819515 9.85398896942921 9.21970812457489 9.589645739707741 9.031282166451538
9.393806642792196 9.277156911492014 9.31551562415609 9.794217506137079 9.702409015623354 9.895899448306313 9.776468889181347 9.057652448307692 9.182005744021833 9.937442237176123
9.504194418911535 9.763895225300772 9.149037936381676 9.274230164514648 9.499594931474958 9.737823803444321 9.880588349251 9.660099216537663 9.67665850316273 9.792007870862669
9.45169360585399 9.354926257124017 9.241656664792089 9.477156334970402 9.365542214159394 9.789883351958444 9.283578488451012 9.77650500998734 9.784206094498062 9.654430921239932
9.297999207077732 9.403110629695892 9.504467392564534 9.662159820404339 9.844120831038788 9.000618546911063 9.691466254160275 9.909820011239608 9.043511406952941 9.470923566527324
9.782309688504766 9.18234927779165 9.169108646837225 9.856244619714403 9.902445380756557 9.77644229378945 9.144342506115493 9.688485480838224 9.599518285223889 9.416176949657059
9.374770771396207 9.485355470884734 9.692592500539535 9.616441331638137 9.968410208968425 9.120575634528679 9.55903403185072 9.41338118764171 9.065985542955987 9.124597252318527
9.237015188913222 9.72581475487536 9.698606765998358 9.582611499800953 9.308514469960949 9.737537630321736 9.317925462459678 9.188230056963873 9.645850460330635 9.597667603943577
9.902608682773042 9.184068664804464 9.754202073364052 9.424655557677696 9.335008903052195 9.374566622040751 9.623231705290845 9.069315448938795 9.56319707086196 9.131727293860125
9.712841582136923 9.343202257360275 9.916065268833934 9.331065735269252 9.941258205520292 9.450894274961534 9.822994185494181 9.4529016151412 9.318053135215 9.17821198459414
9.104619767944259 9.663236707086833 9.170373300212429 9.983132532580193 9.94752290548701 9.548808346168961 9.747567060210782 9.512135579746456 9.653204043280855 9.322511037142371
9.357557428936698 9.221942365519707 9.260495184547342 9.73823082057294 9.08772676400024 9.725087139137425 9.180598982392215 9.658237824312641 9.593742444465878 9.197485779716164
9.055235670685738 9.201634570011873 9.401665992528892 9.687143825471141 9.150915793387163 9.668958683450485 9.661853324275262 9.445372147452073 9.736146992231696 9.98589078942897
9.31756661280543 9.46535516131 9.053421884465454 9.238118978880646 9.206883606907484 9.25764341421 9.694122586815155 9.979764221848619 9.70340316318295 9.518118137840153
9.412017477451224 9.389371085698475 9.119410719209341 9.751203051781966 9.669813713363785 9.020321108577173 9.244580660171753 9.099574117272805 9.50326935137226 9.846626406931087
9.07395758768966 9.60134519232754 9.608656620338605 9.540414076291025 9.990871438497235 9.846684166602609 9.911908160556942 9.434011999177208 9.413606513740056 9.538040009269782
9.261566309091803 9.417399763336878 9.18905775851595 9.771638734012765 9.30269503038782 9.100888378323091 9.822272011441413 9.952631802073672 9.035202858118764 9.933245691648912
9.967686233374888 9.132258044877746 9.0375644041749 9.607084469709463 9.476038267322977 9.212605858246826 9.845717067463099 9.006182581488535 9.690340191628833 9.903039583138677
9.516948747430089 9.153506251995124 9.61496809216027 9.532080422947208 9.979881023968248 9.10405819072835 9.043836482186272 9.819508580516858 9.374191807334325 9.49327502183929
9.726789121036207 9.495680050703317 9.217510368986217 9.49954910685401 9.17775275534234 9.218528229517776 9.901956368955036 9.30855183609884 9.783863707068583 9.583446557872904
9.719084279018892 9.777386938484025 9.461691629911702 9.147225505438161 9.339532945235083 9.888204140618955 9.224848898327656 9.294443693883432 9.432469471515978 9.753754477764446
9.676687891978588 9.46318885884303 9.899955662685826 9.391470926246496 9.622452518663854 9.716712129860003 9.022654328261382 9.218008883935523 9.707164978814673 9.8985943119258
9.665831414727014 9.2327828458277 9.228691615309526 9.641230636814775 9.578399768946998 9.156887660592922 9.049847154252362 9.3109159445469 9.732788656364836 9.372893118729428
9.839059688855489 9.567539865739077 9.599712632089652 9.37135375423427 9.706033278886851 9.592877072395991 9.229452217624644 9.551475828008975 9.667008946114569 9.198685086059998
9.020048188439555 9.646236090506033 9.273638946473007 9.96429840854701 9.092850010240788 9.746347831652399 9.170153492283989 9.27313388502073 9.267147983620278 9.882821793785082
9.305412584416603 9.618499548104074 9.72815835519737 9.394470393817466 9.019600246811164 9.83132526640281 9.616418897541125 9.854556309652402 9.249732446188167 9.945909821338274
9.931691798171752 9.15988675005065 9.653813387616093 9.264506486425653 9.340760340028227 9.496007623739267 9.540390235120004 9.807544787958179 9.706043790297354 9.283752137097311
9.108418713194093 9.743513387238746 9.410745134939107 9.885251012570112 9.65176781802807 9.581004976707638 9.846284540881832 9.801612240504216 9.063354315847928 9.875151303449313
9.749060840843699 9.329830318716821 9.185813297110474 9.951652539436648 9.426122382244289 9.163086449072468 9.298773635198158 9.683831832714265 9.293117515021972 9.216452297647326
9.307222652695147 9.671622625004577 9.562934394513993 9.039112219537294 9.001107173462024 9.26612262779565 9.369728154771094 9.534569872121047 9.093233113529731 9.759325313524839
9.090573397964148 9.351906575454345 9.610689187518838 9.715865717175221 9.135768351763485 9.234011117185565 9.614434727956532 9.862094610836525 9.018856606237723 9.812801274636914
10.152355587098153 10.167521072043112 10.088720924062141 10.826809684967179 10.813006106401119 10.754640544877756 10.908643040588297 10.50310773617897 10.240419212547653 10.055391515352081
10.901012352107228 10.893393142132448 10.494780875572589 10.19596099050613 10.541405318867936 10.283167911231125 10.199428937583857 10.936385236266913 10.082046671521583 10.403285592315049
10.001550866958187 10.61736889936258 10.512202390393783 10.064747598346354 10.99211846500878 10.473972087656827 10.221843596895086 10.010480601899644 10.38001227453646 10.364291732687372
10.624959508428262 10.23192811189114 10.895951655676436 10.430990011916851 10.820186790165858 10.733640883413438 10.113761467393322 10.464499034454883 10.218961407907504 10.74565294589983
10.119669923416161 10.768957884524735 10.955188637976306 10.681280732565416 10.734745865150792 10.145414428645822 10.805465255824412 10.717085215208067 10.801248662856537 10.201550815145545
10.295177861403907 10.73208778494265 10.880577105785108 10.57316846231127 10.643339394055026 10.484932672705257 10.078668429121423 10.799894441559701 10.207815972267468 10.33054011075538
10.614112010601563 10.536048287674557 10.132634225967745 10.481895942980863 10.17490724774596 10.49733420407249 10.970349204882563 10.807974952869941 10.071707897939937 10.045000701782929
10.154991527374438 10.42539688296326 10.688560645502037 10.59133605372446 10.334901691597695 10.88926547669857 10.756558547589977 10.073844484800912 10.73979834689844 10.61774265767186
10.531494998170087 10.590174678818277 10.952716652545956 10.295261472106663 10.043516913005389 10.911848667216063 10.684991768867892 10.39088238952712 10.204941151025176 10.002065740334343
10.411251420097786 10.601150711182655 10.71181092054869 10.851332644697274 10.011420890073975 10.98091206619677 10.355434064536421 10.914397910178112 10.888032688469956 10.760896849877076
10.57205856461411 10.182944450501349 10.379671992929795 10.367484438762975 10.802004867352993 10.460721553008693 10.675178457176935 10.957910167573957 10.503988645311466 10.721273677862724
10.848263616546788 10.863279870860207 10.476031761979794 10.523149912646915 10.078492559590865 10.692107591394713 10.471273171293657 10.333455026985904 10.602117262395263 10.488694520391325
10.965155651125906 10.267828995611902 10.445038267648004 10.263518068329688 10.329878035181075 10.193418782811028 10.530210354109519 10.41690197093378 10.602667235602791 10.361132780194175
10.3230970502324 10.062589620238775 10.496337812802185 10.734444593052848 10.781317538281481 10.024444701894048 10.293771250589622 10.964239667942804 10.008419073132238 10.327354286377313
10.792361181944853 10.522674696221362 10.67674665523062 10.332511656083216 10.520134568790978 10.853746455797362 10.980671123218782 10.27760726613693 10.032173311026636 10.524242872266857
10.608975503847017 10.874057988298063 10.214124351394382 10.265976349239239 10.983988865118373 10.786256399602362 10.169001065178021 10.488675302810478 10.805095826352908 10.271923320635725
10.44414199932681 10.312636840207645 10.755539016169848 10.997998380570213 10.067107700521857 10.4212197998676 10.083970629628933 10.063105012809437 10.102460061743734 10.06548418622168
10.655998459696523 10.5554778619825 10.215783080407446 10.366759373958304 10.986011127389443 10.554342124992903 10.036967414665583 10.657650187793942 10.705855576911333 10.34308569195875
10.951695719304093 10.977966473852343 10.904479606117588 10.74416702104503 10.31822956122134 10.999288127236946 10.78144104845226 10.908552611742794 10.006012784970144 10.590354546845711
10.097224312780028 10.596580162982733 10.58327017852749 10.955193603200685 10.974593726241597 10.972494482384723 10.442694655174947 10.776882245987888 10.70775291310113 10.201505007300632
10.6474799207464 10.082056714260707 10.369867835738969 10.68606566204679 10.304369749807819 10.604767715467768 10.174550327843871 10.607178710467553 10.82605911744242 10.273001959194357
10.7431883237263 10.546876354884528 10.532196420915986 10.067168139016333 10.657547711944165 10.35963520402131 10.6564002501199 10.907071942186148 10.935859859186003 10.133330307522739
10.976117807770093 10.412381528048703 10.360648301989391 10.034436830879523 10.962816779006214 10.351311019631888 10.907836250256508 10.0675394563886 10.561915940310334 10.343226552801749
10.879216904338467 10.295810723308236 10.455024195513394 10.913105595180708 10.724156328718799 10.866971194116324 10.931471556865377 10.30925710261729 10.951438771725982 10.268346196122522
10.301779999101294 10.590436700495744 10.978452595611504 10.594984895538602 10.122635628924442 10.364467177461405 10.242454543790174 10.25640952182538 10.371088421821913 10.217701665230143
10.407438910396197 10.47041391537158 10.105118991799532 10.31314316190829 10.040177215434099 10.096432115389897 10.078376562014798 10.854760714864836 10.700283331005934 10.846349213820906
10.238806290024986 10.116519046426305 10.991697488084826 10.677228592248541 10.03404766847683 10.516865054035575 10.75677251385857 10.218280770061526 10.970900494770307 10.782891222511557
10.25918374343148 10.413500868755637 10.931818378137338 10.593122415556733 10.898173952531218 10.171753394304144 10.338304194662904 10.213849049806 10.724183076663357 10.707684418509553
10.369245760320513 10.551156565714107 10.784702084197807 10.429692703520304 10.091644043956515 10.729277218248376 10.119229084896535 10.685293263582567 10.541850590646517 10.77561688759527
10.043494728790577 10.409557938594215 10.507344398078635 10.243786587682717 10.215663466208422 10.738919597978187 10.002243057830498 10.638194182852432 10.861005957042735 10.950477618941271
10.204156676954883 10.317229207597762 10.44657684929716 10.666044480802773 10.925657199771056 10.14679929795409 10.043721830021353 10.120524272777114 10.530550329681457 10.551954385686535
10.593775871932415 10.43581586154972 10.573300160428666 10.771560409846597 10.301105069054804 10.26428482767311 10.339372142109298 10.059461440844201 10.417682025072072 10.869950099311588
10.894922779952434 10.295295480224427 10.75467495710283 10.700882340788496 10.216179574646542 10.969105808127763 10.35906918395374 10.77291324576899 10.462017631907429 10.786116093309845
10.927128821046155 10.732605869481914 10.477654894194698 10.201514630484644 10.691545633608287 10.296538410233815 10.173050535773235 10.03981879145999 10.715411150074567 10.87430446716641
10.506506018493079 10.979368080090602 10.753686876804958 10.57423543934272 10.422132321667638 10.08972036937126 10.101636885914932 10.463701442008938 10.239260367400348 10.798202521752284
10.139725814186209 10.909949013611612 10.67253651038764 10.63159318904491 10.605774768714676 10.062785526440091 10.873358183280121 10.829892111392148 10.977706055610637 10.057021639316208
10.626469648468833 10.461356879426239 10.733997400982082 10.31043470019436 10.109951279743335 10.981464636597275 10.674005004616202 10.372117630458831 10.432500162520942 10.273182609541124
10.92660386124488 10.136429352099558 10.498813733068392 10.081908304008495 10.753132840100536 10.879364358120847 10.622052286276134 10.415666246888211 10.759421447872082 10.497010724501326
10.701770453200055 10.919625302883077 10.671713478336999 10.529867122731211 10.71637111087237 10.45372655265765 10.402592675293189 10.042141243585034 10.7410503349126 10.1031887527499
11.73555404920526 11.19175365087906 11.695365065939221 11.633884777688701 11.590653678376604 11.374622344204841 11.548969724872563 11.96805896134785 11.498708992106732 11.155904832971137
11.76973214277881 11.60058186289119 11.607810482477554 11.811226936374599 11.385352808328998 11.001915608216995 11.273444940365222 11.192527576702114 11.147776040549356 11.961189451580966
11.042319227862087 11.806001980469361 11.939095165256655 11.51126169817685 11.630012864661602 11.443726206374075 11.738318479688814 11.547370969608346 11.313876619752941 11.445897744597449
11.180276376973705 11.501955847907237 11.015133413334812 11.687228841826785 11.981113990145928 11.470449137191968 11.22792692367186 11.678880112712108 11.279228521655257 11.996329010636394
11.868102136164874 11.756424494110998 11.246173351600968 11.318436056578259 11.060791740071252 11.184681883623341 11.158966238598616 11.259542015887282 11.863420328304532 11.151867781053022
11.493402000694065 11.092382082976778 11.929528676764066 11.048349630644637 11.49738495379239 11.65783985792344 11.158858158623481 11.12940690298524 11.13395966439978 11.729699824057334
11.45042544371745 11.646742099288087 11.245633445834295 11.121359504726053 11.77785612460557 11.800091565723942 11.284747348301325 11.31211958721781 11.94003519814642 11.40813661588504
11.979066949868963 11.434146915274454 11.505171192589161 11.027016885949998 11.857428095365234 11.305932195225529 11.662659999749222 11.355099566502206 11.647187000942365 11.824039955005363
11.924673687842777 11.154259571192895 11.173387666321704 11.432175988629972 11.878187883645642 11.590777366876267 11.53897453481913 11.575073172894514 11.478201479530698 11.85306268524518
11.046041341184491 11.01442352576777 11.694190477915193 11.13876400508866 11.530022097482084 11.635060869265676 11.6743774431043 11.620425119844471 11.521893328291759 11.901824955219958
11.976186978770231 11.7967016149565 11.92787176331662 11.441014618936405 11.826296529106926 11.715252165406483 11.721754630224476 11.315063847213903 11.819980970676664 11.913770079904902
11.481964784562674 11.43505150744218 11.946988771105394 11.567223398503742 11.473526098852885 11.212881855332858 11.339976075820672 11.2522221178461 11.374609370871163 11.993449371608103
11.681564464878345 11.943533898893847 11.67795247671361 11.02682853891795 11.777377151202089 11.343120018194002 11.259372763108708 11.741505145747634 11.404947561001945 11.40866564709131
11.598754030308033 11.861892516359877 11.182182697377907 11.996430265472673 11.663303813983026 11.476852865527903 11.86410386804156 11.862344481987472 11.518541728986722 11.510670153005213
11.172875144982504 11.875632421813139 11.31939250040307 11.173897319022295 11.993670041434688 11.190839670678203 11.451922552658772 11.87872819974383 11.527715241841557 11.296998227125478
11.245672364079521 11.792019531911443 11.783889739206963 11.31676198409393 11.85720081493563 11.668816489144724 11.611546499001122 11.663697520208581 11.637372461741851 11.860210679850343
11.32976303136518 11.182516384368006 11.538081988090727 11.421586859337618 11.892016238863816 11.194887066244473 11.888524620311939 11.060790398895898 11.44031571978068 11.452565940244234
11.17678525172059 11.260474941498853 11.049119479425023 11.85993843945408 11.309432794477257 11.28486573683529 11.436894156218106 11.969662890195089 11.189971005619626 11.938400526653512
11.431971653908718 11.67796138163754 11.35641024004723 11.882187245300731 11.019392580401355 11.25020331308921 11.84888944209436 11.033943170004061 11.866716690368438 11.792778867332283
11.440191158974768 11.078058090432561 11.329318513617643 11.553861586850072 11.855156723703129 11.39464911357586 11.06947662191638 11.98350996103584 11.629422864702688 11.779952853339546
11.588602998783525 11.312660789470588 11.81356470518483 11.175125820311386 11.168248842364203 11.520916957996988 11.81564472883626 11.246501831063158 11.943061572651073 11.954635602805135
11.293330708309798 11.067580327063443 11.08765740890652 11.529672826966891 11.156160293077711 11.341497531646427 11.389412470505397 11.407243419018402 11.419193459779809 11.572457702168538
11.800464722697491 11.266705379358665 11.86120856155478 11.345579196365886 11.914758179999742 11.815680575190934 11.183761395436424 11.406835911908306 11.699749489762594 11.975774429076203
11.641840999040175 11.54825193096848 11.227436598610156 11.261259363806728 11.922519820884315 11.398233135670997 11.595657643273295 11.228437823568228 11.38491019803995 11.092896480137641
11.708148052917 11.51500249875364 11.642902781611511 11.461484124693506 11.090632077472616 11.91156324366784 11.871576792401754 11.79742605566706 11.460264575756339 11.11161100493686
11.148836348780009 11.506341502635003 11.337027837026419 11.271541451607831 11.60574049846455 11.923246215313437 11.588227304567697 11.278961950365911 11.152159240823922 11.373458476202693
11.431018694044786 11.675357474990046 11.068801809246697 11.115174493379392 11.082938881268971 11.50829221978347 11.812327077246696 11.14640914465347 11.946701406371039 11.998675949991528
11.967160632475936 11.984975489425175 11.943056337005356 11.800224517728411 11.39580675844927 11.437402630522808 11.364304177978648 11.801096999826976 11.288857690153023 11.061168064006283
11.411091379356 11.87179200126707 11.996566753890615 11.49434739176799 11.396405190390452 11.69873853647411 11.235765559048383 11.077760727815262 11.453223915522516 11.859617529119468
11.509070202194506 11.226921721610223 11.466067807916858 11.594301741661107 11.34773501336138 11.82457149314515 11.861735364004618 11.304404173283626 11.295176329832458 11.499306982527232
11.78597104994677 11.011427549552614 11.331714228560287 11.155443597172098 11.11263485521729 11.547038614661455 11.473459353085678 11.450799337315312 11.764651630555695 11.028342809011788
11.074950257549153 11.915396402347003 11.499647481445564 11.894263215528696 11.70388176207512 11.621179597019527 11.367703714333288 11.62344719215125 11.673806141590292 11.84036838493217
11.625247326060975 11.439659812637592 11.605530644680798 11.35751352411334 11.053948643015072 11.36179825909328 11.402693021628886 11.565643109647967 11.877039920928205 11.380051442331375
11.404729012579333 11.312104193840575 11.61488171760244 11.728206210868224 11.770484945098659 11.413808424665952 11.902269041226612 11.19182797053393 11.467017884163905 11.996941752747516
11.501882528816733 11.143020015080966 11.590664377090267 11.332799071707763 11.491454098541212 11.524692393610655 11.131248380206282 11.639257150048463 11.876631080057248 11.320748026029701
11.705337550763902 11.396500359804728 11.687186208760714 11.143319801202349 11.230746643977334 11.085964804477802 11.951135427422583 11.44416946132675 11.99202546817849 11.903069180017603
11.809489324306394 11.514585312790386 11.05545777884072 11.917150850869053 11.433777786975291 11.876592623959272 11.532137260504932 11.356128463327158 11.339152481214125 11.888016841540841
11.758974895751642 11.178763003479084 11.147784468730814 11.38491652241231 11.070031756048733 11.863991455852585 11.850439468636965 11.967129481473615 11.464359903259565 11.394658330120674
11.138526803617534 11.096151904451878 11.14157367447675 11.742072099872964 11.434582217159804 11.519297289547795 11.5726617971707 11.768165160386129 11.836058713461528 11.660057977210885
12.501090869368157 12.353637499927977 12.305464116635873 12.521819102247138 12.028039119722072 12.733315429475715 12.089297248327247 12.340551209155262 12.725638523394293 12.474059187156215
12.52889956738725 12.691834225312112 12.543392665797874 12.265903673463004 12.138252642787991 12.008542166198103 12.125476740599202 12.713719019586216 12.06691593822623 12.49774461385066
12.040414621752241 12.614528940258037 12.840713805675433 12.25885708301297 12.339667954175637 12.784726096262478 12.578444138282165 12.999799746552567 12.807960460238295 12.361775884254453
12.719795638419901 12.123899875945042 12.245699931106627 12.646600992308143 12.667824341169073 12.117500088533264 12.132649903267449 12.97569118226158 12.648754506312592 12.106711350725318
12.062041112442362 12.816083625751373 12.522532628894375 12.171475815918546 12.405603120436659 12.261711754774522 12.239477848019478 12.506081482749885 12.772534256847011 12.376220727941003
12.13153536971555 12.797496957466349 12.959218377690018 12.375200714116389 12.25105462765771 12.256371321963806 12.251534731304446 12.469889429544146 12.525676955784022 12.580270888729581
12.137897504718095 12.304747694869025 12.584832264587002 12.754700422463396 12.718699647585494 12.312913254326313 12.731507826541787 12.00468399715783 12.356625344207355 12.986389361466562
12.682366931491268 12.398156430812772 12.402334195816263 12.011926444110859 12.379958426061819 12.572143133266978 12.151309409481982 12.458906740917548 12.392673012365243 12.803682785342565
12.54020124709031 12.722143167888621 12.161265699922831 12.179673599219315 12.474786144718498 12.720355421399105 12.625178111792428 12.933300914557513 12.096700762728702 12.93018781414607
12.567558308800614 12.10942972952745 12.742399828010946 12.19598488470933 12.354789995724953 12.597323237098069 12.825324836261547 12.897142449996245 12.614506754584623 12.226274167024078
12.381060578522268 12.977703229388169 12.795481475172123 12.058212926699685 12.555295091999634 12.546967921852263 12.483444633454933 12.23108247740679 12.885687545252564 12.245243708955181
12.808799694964582 12.707747184179173 12.831288333324917 12.335454673777118 12.275367487399695 12.067428855322682 12.636943611999955 12.529188887589042 12.863705920957283 12.040139763824936
12.285156873995858 12.884859661392015 12.31821513333212 12.829309632357175 12.984167912111605 12.72600929218256 12.114152250585274 12.393779235450147 12.368549721267874 12.419385489630988
12.71884421695858 12.767560555958667 12.347412256632639 12.025272206635929 12.4108011836733 12.184239422389702 12.325340932366148 12.286658085168833 12.101096579984214 12.24262403557332
12.342487881209165 12.159177315958578 12.31329475408473 12.601217788894829 12.532771231154701 12.10035926277814 12.721370493281448 12.72132307753028 12.182928727111895 12.63457506210921
12.419479151660198 12.992058418371872 12.590209437506957 12.28917014626511 12.403100232849086 12.165297426948797 12.862777356262775 12.857624411693822 12.577990946435628 12.404515884910365
12.784439550352564 12.087182064010298 12.981550760614757 12.408758749966218 12.874099991302547 12.31124580059371 12.800611746110267 12.011415743125479 12.810380267873676 12.250930812708738
12.200333650010023 12.373221007857724 12.463136713526474 12.195525888588055 12.940796869763176 12.389868557158149 12.8761425399563 12.038210812478027 12.251050236060005 12.216861939925323
12.678993257572085 12.191230090208776 12.454784771931276 12.877693201308576 12.571331973622856 12.233825307699178 12.397468718512675 12.766172365520541 12.718780532543693 12.256579462738152
12.811693120422323 12.479706047672568 12.127502051629953 12.257428726976842 12.375641026386317 12.827549184825411 12.323108077489568 12.617447820729375 12.369008135316069 12.046531929718624
12.94966453047213 12.638617766365671 12.51136591169 12.226488542887038 12.225837811884496 12.361135531300667 12.779873055274091 12.698593549329283 12.54776307483313 12.394427033577946
12.746404564983282 12.67203534200417 12.912004370990019 12.293876388574331 12.248582316259776 12.717935164090598 12.247016725693424 12.094385988682573 12.014854766044595 12.79414532109185
12.18780808127126 12.972233432915507 12.20068745034997 12.380537140396852 12.30603905796991 12.648292907251868 12.661090197590648 12.95161605848597 12.316586947699019 12.068540284705351
12.184121073672971 12.451777350715389 12.321639602544739 12.101862564213347 12.840670719249445 12.658242915648108 12.72467404339218 12.480544133974924 12.067745276628184 12.31769588882002
12.049213559922551 12.975403610232084 12.095630177575226 12.724856524101641 12.531046159339045 12.845406679962975 12.853730405442452 12.974719282503507 12.017626209009714 12.930682063209373
12.545548033595624 12.464897736201952 12.404670410126448 12.368219109769877 12.670170838791075 12.350500282696823 12.567498090408941 12.801127013383146 12.385810660973062 12.561186426004884
12.503454780075112 12.125187596435392 12.760343711285627 12.678529773584163 12.191797524185038 12.270534793252496 12.63446915506422 12.441540515321707 12.498708866125892 12.251645442865458
12.535017016193192 12.899176860289641 12.307646191317867 12.73542819509952 12.319099260090416 12.260901156739308 12.939021241459573 12.675048061363013 12.004213285058341 12.309813373250835
12.83824474858026 12.136226413636132 12.545070217449856 12.83762069456302 12.457459420523406 12.303107205760654 12.154834956217448 12.936679196032426 12.233823870780785 12.79238245301123
12.136628537265356 12.141569328010243 12.575999020810421 12.82722060865733 12.090558024757474 12.351144424727092 12.810527816768978 12.526644100388966 12.792202758591008 12.181716970952404
12.11108796050363 12.551353135282978 12.000399810237358 12.903024951961406 12.536136144110982 12.613594497528359 12.945335982682364 12.390846403896738 12.434252309682938 12.90652607587993
12.272367397471164 12.593607297389376 12.64153009513846 12.337628926665065 12.772651775367025 12.855054100746743 12.091649954581827 12.561070412453496 12.318592847461527 12.061039374548942
12.686809912578079 12.195523804872614 12.040260170766146 12.98569478877991 12.536477984786458 12.286800584923002 12.928361562419148 12.400743008513508 12.960969316891807 12.028754242433624
12.730009931197303 12.481426146733268 12.978140670669436 12.991264883098351 12.21543980509933 12.793504916565505 12.344033142764989 12.620716390366313 12.63699308770405 12.678009915502232
12.602083709982875 12.576228788347684 12.476107942655853 12.163901929071196 12.01056492566598 12.5440107016688 12.379708236417601 12.633525595375291 12.66420133523153 12.532547413732983
12.524305437594885 12.34171712553085 12.603450100638186 12.292942711406129 12.514288831262785 12.546652877650116 12.213722415236049 12.43158338883088 12.32029386545661 12.44900283434678
12.756861492489582 12.986397139827558 12.69420261293761 12.35567923042282 12.448481747626317 12.72332643487313 12.959244361786872 12.485446865809608 12.097313065014358 12.17624188638612
12.066828466832604 12.615888972660466 12.95648295134647 12.501370819961778 12.336155517256179 12.334698232319065 12.101708451949555 12.546418024321822 12.348317036083813 12.002989712456142
12.34765902925165 12.144906962345216 12.05350813093898 12.664308628482111 12.44129017024616 12.537872088009001 12.268141166358802 12.040232818852855 12.02973701732867 12.99788340876309
13.388063131183172 13.441945828247158 13.690396135215025 13.18448693409255 13.324742754438663 13.896883855289625 13.132112753367755 13.495495612308423 13.383208559992699 13.040535308970082
13.528929474984631 13.695167282349027 13.04368166741346 13.355699487593801 13.831642323178546 13.398157446242275 13.38326248914677 13.154986356428335 13.817447988159621 13.56723641846303
13.179693833545333 13.29706687652943 13.584256150122341 13.043112004869194 13.576137354196558 13.003158997931772 13.173779383678111 13.266300097599633 13.554063836340575 13.297462015671575
13.016302055085744 13.773837769469779 13.36077264161821 13.533727622665724 13.930068967131675 13.757734049006867 13.468718956422713 13.189883046968196 13.47952370715308 13.957406429628316
13.605741839946086 13.613598210109629 13.59916520474087 13.424951142880802 13.888450566442582 13.683915096715866 13.523580471727838 13.249948564611662 13.115439792952923 13.417534705291782
13.229250417846083 13.159604761288223 13.832669294626234 13.393082522749882 13.790014994404084 13.020383646500695 13.870257148011833 13.49265129036019 13.275622031655915 13.65888429281844
13.66809997395537 13.867145108124507 13.081574877515383 13.09257027915788 13.8571475385179 13.220426575517816 13.868531027615939 13.215059330012119 13.243822963944494 13.476994397557661
13.610794616298847 13.216033142182804 13.55699445427464 13.648896049020244 13.605983879956772 13.53242848178811 13.060067780053075 13.249806257430414 13.68174384612802 13.925422919017732
13.405183341865527 13.917678891240469 13.250413962682613 13.356829312860903 13.912165446333569 13.002106116385903 13.308848641446932 13.698865313276563 13.791785657947809 13.748495678763344
13.958128983230708 13.95286558314005 13.701065886333232 13.368403093977902 13.526691552780587 13.575355544217931 13.41776116999754 13.7238329270522 13.920440436513447 13.714007978729176
13.35182632826625 13.57304906463173 13.394697040497826 13.641354313677159 13.073584147108816 13.326410930594928 13.545381494012526 13.44072464907697 13.031477359849143 13.042979229446185
13.950608461088398 13.046742015357383 13.156700577291717 13.962110975731935 13.558919463197917 13.071797764249537 13.10767240765028 13.20899029525324 13.616662556825055 13.460286739210325
13.49422183780518 13.439018452128481 13.654569254292824 13.903982354722396 13.539527477512122 13.09321231937413 13.812368297476457 13.124783013170392 13.287261768704738 13.625237766730436
13.57031381829399 13.585163699815611 13.642056863841807 13.530430818677484 13.777795689665604 13.922016902027753 13.243322628295427 13.25813556381425 13.72173801562032 13.416169579324377
13.415611254546778 13.12091520882869 13.86128121627507 13.107714264143109 13.21313714144012 13.12766837103699 13.770282214575259 13.74639334899475 13.881724840931312 13.262409777455378
13.77545606538611 13.626628061461254 13.898371858643271 13.106451048437384 13.755521669213994 13.498384519475303 13.116776957810385 13.858943532789707 13.575503192754757 13.167921054139553
13.608168910768143 13.40521173085081 13.341366013758293 13.586509346567953 13.973101711155678 13.841959007685514 13.513803374817444 13.270122998971516 13.860403344241263 13.250908853993687
13.408378600740136 13.614900585773583 13.137423962136362 13.890783874525212 13.412075730142536 13.238219180801902 13.594226183488134 13.914547612557842 13.91380922909899 13.110901061927896
13.895777665755201 13.149481036052757 13.89525045190247 13.297446071938788 13.988421165394477 13.528108004085757 13.035151535566948 13.1667083876355 13.24141536020116 13.481280136788838
13.9678222550125 13.419972661107142 13.956876698191216 13.121332162728498 13.079579152775455 13.815609800673915 13.26524357183115 13.84107061060574 13.501400832351521 13.78297031924314
13.83842146140093 13.033460738417784 13.761687177794286 13.212899022462517 13.299058067246447 13.99722725834849 13.899933895890028 13.588231833214309 13.681935776341527 13.735186789292849
13.710298646328052 13.274861755918025 13.812258004564343 13.274981294355605 13.18344837306831 13.232437714902137 13.005645232637168 13.345982961767296 13.14574192898209 13.623486585214925
13.065945419043553 13.731493062810388 13.556715907667432 13.800725424990567 13.159502538371028 13.381958660218446 13.919005878705766 13.934556911206382 13.778316213726388 13.422782494468551
13.779248996954754 13.10621839132549 13.669564161286312 13.519403137146542 13.354178444659432 13.0367807371781 13.305248814584752 13.672673944277356 13.9030337727855 13.748170409034579
13.193267706318395 13.409170945016019 13.585575395348508 13.359614080251706 13.08999704081254 13.503911353772198 13.194406034113632 13.911382294822019 13.964516574512727 13.827065911594202
13.330965037634273 13.57743474115376 13.385892925068413 13.641599983885046 13.306476501340597 13.879546613595451 13.857477781556174 13.695379729822317 13.292295567014312 13.547722095908219
13.505966220576079 13.74913117614071 13.018511624283786 13.485176925156592 13.447999667240943 13.760741927531242 13.625331032639695 13.890899813531828 13.103386799272592 13.80674627611667
13.108676279271656 13.96877768948784 13.701555292132378 13.963436764144495 13.169602187383402 13.809497230345512 13.236635642281085 13.79289582696513 13.176544426377053 13.969911315619198
13.166618006890594 13.783343886736091 13.38007866091251 13.994285785792309 13.223311588023414 13.07855062135844 13.481784203856764 13.62281818713404 13.802375504607337 13.097658717268878
13.151968390802487 13.715047002883557 13.536479114565962 13.194620458886245 13.11542350845702 13.97924639516721 13.819688297715617 13.335548844587432 13.980050995515315 13.443627859370372
13.247464254458878 13.88263729412305 13.070102441795475 13.23114701940455 13.164199280010799 13.964902713366092 13.143950778410584 13.606940099817313 13.769004253938158 13.58885858514166
13.02571870873229 13.455891471870515 13.520500307890153 13.596326801629818 13.860756247776983 13.317559729556066 13.902657635166536 13.81194737122896 13.916872534205336 13.856667079289108
13.966262155875679 13.23954782491762 13.596391804800424 13.179582607396677 13.444380698065721 13.964385314262639 13.598516938573002 13.72070703882517 13.65523413070455 13.497375525406893
13.977148313092854 13.517392951768871 13.852176770238662 13.657774837624512 13.176219960291366 13.568011198662727 13.158019661799058 13.732383202466588 13.992778477369507 13.625000461104182
13.729724502304665 13.572186783373567 13.81744492673952 13.213213790776896 13.339533712816175 13.491461520605824 13.432563499029436 13.883602572558749 13.12989139048621 13.319709490586414
13.110254982040216 13.713254306585675 13.902049010091423 13.723402162689979 13.74575715229398 13.845028178285697 13.932038786517372 13.96235605086436 13.285848233459932 13.423507948311949
13.972736493092908 13.57466752749257 13.767813562393446 13.628718853970406 13.797024748076053 13.09448557685958 13.871329732686108 13.635031749884513 13.36460694544735 13.798502644574176
13.003804792203766 13.229903881584677 13.453810743940753 13.64989494924695 13.589126422597657 13.515582718252006 13.389759502226553 13.062545855733976 13.41043492860536 13.58662551595383
13.321578723536309 13.843737094060883 13.569451511695652 13.327064081488011 13.353843820692829 13.690093892132827 13.86805624597471 13.503270441816664 13.721264691729177 13.909422397384711
14.192224444063214 14.142056151023404 14.110641528235428 14.620178410423462 14.784094324345437 14.778263967829865 14.180415007964047 14.540659048541686 14.124852442733737 14.532087832230149
14.305673950763309 14.621609445623404 14.519287960419657 14.133582971251963 14.585271632558767 14.198788941126852 14.372280472339328 14.950305104428072 14.18774159372529 14.046142642900517
14.578150413690311 14.793743953493962 14.18399275531617 14.69557518379919 14.405715189136675 14.781192780210334 14.117302311967682 14.65592622519563 14.755057878009316 14.811922555547852
14.69491479830183 14.711597485094858 14.686429746633932 14.28000561928997 14.150593782161476 14.310383865948248 14.677371892225548 14.490860424093544 14.023762309902683 14.160411784555844
14.151055136674563 14.874565322830012 14.328407266163245 14.54769007205021 14.437001513172323 14.496216246682028 14.34371167496033 14.55863022307157 14.474764852245348 14.55207935679975
14.548418077876162 14.345993866313755 14.251811748561527 14.510016571123797 14.542215314556167 14.812077802375962 14.178758663623206 14.303638107967876 14.149979794129367 14.599547441634071
14.348284423241344 14.521863234930926 14.288492113977613 14.07818196815858 14.898452107863502 14.84904643283376 14.590287763703097 14.094895687891462 14.506837745406738 14.105553191305212
14.225590938707123 14.614751295368983 14.378777729113661 14.1146459615466 14.84081879855563 14.022283211619209 14.961210798373726 14.278767341453909 14.04093279069873 14.77529966663509
14.01300434937982 14.186784403378216 14.382952772742811 14.307434682426958 14.593319231957148 14.79348431618767 14.419238531839014 14.561072010616014 14.991480757407587 14.71358804443583
14.931682722513575 14.298865059150554 14.61498840141471 14.954775779329312 14.131747883319473 14.389928073166518 14.37670983453433 14.977693691631227 14.266319523249496 14.59587586499424
14.177970131139503 14.315639054327004 14.765636322343354 14.992240235979512 14.671159646735118 14.112596305746699 14.797097401455687 14.052393729360018 14.603649611834033 14.845524011678938
14.84753592017006 14.59396183323198 14.694217439763314 14.18526886818677 14.746586797055311 14.241807432685341 14.173848213467242 14.42020962368229 14.365066467248703 14.797022003252515
14.834693118762043 14.117710046253325 14.074820230697997 14.917959828446087 14.674128983517855 14.730687131564144 14.940283056103794 14.817203652395712 14.99527812689577 14.670076685820858
14.527038116017538 14.257450662579176 14.13101065005844 14.958705745597223 14.158946460274084 14.989660381877083 14.795366311828781 14.958056882513944 14.432960402517137 14.918406761339329
14.434496727820155 14.816637175057608 14.809522457615733 14.702228902599694 14.84864267224811 14.227139997162025 14.136490132200835 14.200875823911138 14.787325688353613 14.799315288606874
14.035816548029608 14.166693138903444 14.181846610510544 14.856439955229476 14.184755682248447 14.843999836305574 14.172348650864802 14.745507000790166 14.657149968054707 14.688156240794413
14.111115605963027 14.814728009731486 14.655397367070735 14.245124663237021 14.27944077090832 14.056670990706461 14.159983623750817 14.342676668332285 14.142315748751601 14.041331210476207
14.251005119888072 14.136001812158252 14.583352403537273 14.170660057969856 14.114896000774655 14.223324768898946 14.71176539884543 14.474552856001258 14.039613187939642 14.001238859094215
14.51390677688561 14.138023684765257 14.022821218587167 14.664816033378004 14.833758074814963 14.700271178495608 14.970158270893783 14.774154523001421 14.9099497088899 14.398566840085307
14.844453786885106 14.106877161395696 14.971290948849507 14.443372441217349 14.541807163226403 14.595194870843281 14.198458453303562 14.10582154279785 14.716725866116144 14.506501382423242
14.69640516431193 14.374674840259456 14.256060501501418 14.668066796570333 14.990215095951879 14.597087137674382 14.610263761534 14.459249170341693 14.95654424055707 14.955999338019977
14.730538386747494 14.49874498052423 14.033451356412824 14.856695748874737 14.931729534609179 14.439750582202503 14.013336699355206 14.29604373827234 14.603354609524935 14.052508718323612
14.716870789766695 14.070158946974836 14.324954185580385 14.821565500345885 14.37020937881282 14.239716182346287 14.606985314932201 14.614164684189682 14.563454699707203 14.61685228029725
14.174768551732473 14.586558090566598 14.255237472274473 14.16358444337037 14.440538663782545 14.386612055022509 14.406457854514603 14.098893311750672 14.567438174020348 14.883941658631644
14.475637691042769 14.200097145932435 14.319331662476406 14.112906142142286 14.189000652459606 14.253870057807157 14.711608567197322 14.849150076278505 14.710310729961309 14.863233235954972
14.330680203709946 14.256976830346671 14.578663537566014 14.849075582581959 14.07366679589004 14.342692279373388 14.556839278235383 14.298235805790013 14.974808810920363 14.528158068056
14.700038506416139 14.386445661537008 14.413630649507056 14.119379030677205 14.049394096851138 14.601311781309734 14.800253744137905 14.421301909555286 14.23404515345065 14.76562520205698
14.27595394855226 14.140240028540441 14.33283106304475 14.036216799503343 14.012469014017297 14.510147885887475 14.359464844358495 14.311164453168862 14.39193873082449 14.13296739865476
14.895165657732521 14.382333534292101 14.214771148562509 14.129608751170933 14.1398327927418 14.502102904923214 14.711930292266286 14.074028329971295 14.917436926636958 14.938281569868861
14.085308498529406 14.273178709094124 14.430092357292102 14.764072668397846 14.449261016916045 14.144081691241304 14.845313410679356 14.084043017819692 14.727044088186553 14.409002348319847
14.122247382553489 14.132408179548179 14.26781228891057 14.580678289570258 14.83521528642693 14.196544160691698 14.692994465623075 14.741785134441399 14.136680732476579 14.11648895519418
14.000761092452834 14.718265468396622 14.416324924410162 14.441861139657775 14.404637259973125 14.465566121335465 14.327646236334859 14.605934886825883 14.110715592897547 14.318086573511787
14.182816180846295 14.64027725292648 14.830146085588623 14.769016725242896 14.544430322071655 14.799664954589458 14.468304606351253 14.038846153810988 14.328489692167377 14.623513606468542
14.68670748644783 14.764936806821312 14.20288650564039 14.087742587050101 14.310195034169602 14.333522064843908 14.05248778681231 14.24014603708534 14.278145529692958 14.052160849654884
14.256941239463423 14.740443109889064 14.566019317617428 14.252277041995262 14.645491577039934 14.633407205728675 14.262322186321272 14.584265593309189 14.642509836990362 14.37195055273721
14.776116414132924 14.221748948931936 14.298102074448503 14.576766428967991 14.971496492988535 14.426918212474085 14.610077939153648 14.270108878947084 14.877985951831693 14.945495793319349
14.78672371697268 14.35351577452493 14.509600449098688 14.997707170591863 14.874238553070233 14.912757277217944 14.240362010447784 14.210751604567191 14.478356499441409 14.528019131239587
14.130337302027401 14.698612403386969 14.146591058101112 14.143306458268762 14.573812921029413 14.63664989793879 14.345703261133204 14.206279641354822 14.650009188354547 14.101270865590266
14.868408056564975 14.728211830595969 14.596773033397593 14.649070439804628 14.933997927531482 14.633482570561435 14.898979836107303 14.095193686492175 14.209476754790389 14.268999939717345
15.585912955444075 15.21726585210978 15.470961296969346 15.2261693836702 15.465678766897705 15.659091392300725 15.64952077415456 15.691504261005706 15.18975435483784 15.137424329629294
15.561290608950703 15.386699527658827 15.237053395860338 15.165462986453495 15.708608817022713 15.784966886976 15.134435819766006 15.89832453869475 15.157088881340123 15.697655876224381
15.48937493928282 15.37860585994948 15.64295636290766 15.513662057568355 15.700535534002203 15.414239142329361 15.745640558682094 15.343850434446773 15.533304743901528 15.556201942870308
15.17252687191762 15.07369794763092 15.09985761310562 15.160243013024221 15.945939555699649 15.859586399254871 15.167126999909337 15.314637046805052 15.556838186524175 15.917652950717619
15.131087953901304 15.49508257064258 15.955375977462698 15.548832615507315 15.442054339889097 15.168209278734665 15.585381152610747 15.219702716942459 15.743225974658332 15.20676234393758
15.537987875947492 15.175967186481257 15.493512248466716 15.902382842790935 15.299056009272503 15.503893967938746 15.385698433392571 15.566005141016266 15.495684063707294 15.77474586879917
15.442308956260932 15.191243520227907 15.50903321815076 15.408221890557162 15.274061783667035 15.42274188998246 15.813844456134337 15.673152122345648 15.619596616263749 15.119312076965445
15.429444915072136 15.807166633162172 15.950198905139263 15.130787617047647 15.922704030088365 15.081784422852628 15.61953044367925 15.517871777284178 15.990313036377364 15.765345773215978
15.765916988603685 15.33585967549654 15.76592690762481 15.84343771515551 15.933531669508772 15.275966424394882 15.647120593282617 15.04493861528557 15.168852375525514 15.912094476729646
15.61777634712401 15.191534860667769 15.17006081754683 15.036224905295796 15.753432318021662 15.139538837984816 15.919588781636822 15.5822190975398 15.840287411324901 15.61506430887603
15.11380763936351 15.935668772399696 15.81297070062622 15.057091445844705 15.618895203780266 15.006533798778184 15.02184825102676 15.177680613813012 15.128203494231414 15.30165889149829
15.177554109479473 15.324570656382384 15.173989798010059 15.375861896621982 15.188596289674672 15.888623570824864 15.655163007761747 15.463137621490475 15.00730266432279 15.937054551702227
15.082735588551415 15.793623237666061 15.030035627571966 15.97311254243627 15.815960878164026 15.087322473485692 15.55951865170815 15.22385310254783 15.664674899125103 15.982187294367721
15.330281868978846 15.139872188214083 15.36715012000164 15.70200788607226 15.12264751665481 15.854345565501546 15.61780822467726 15.098662452441857 15.04634081750036 15.193445653342788
15.515428173151262 15.313630997306655 15.161725423290546 15.456183689887087 15.530023980535749 15.695277484383864 15.724826699130556 15.588951840594532 15.345357025277313 15.281257893751501
15.49172021544814 15.568516831929347 15.22408543562903 15.109511609354243 15.198527095963428 15.776942395723884 15.86384342535219 15.856646567295458 15.545171449622506 15.902895286067123
15.06508103582084 15.819129275163288 15.754219855056737 15.436015470554329 15.915285776117742 15.050542650300867 15.05053607048877 15.134508176842022 15.6092442973368 15.54727614454621
15.213149043700621 15.940841767126816 15.471293745765754 15.735364450385005 15.687645930377936 15.69641197539009 15.22304957319376 15.152792071289749 15.615565655161294 15.663259666406999
15.048886776951024 15.14443330322669 15.536683357832011 15.29940603611352 15.55149010357604 15.590897943281439 15.450739443247782 15.954095175889522 15.261078002801364 15.17790562314311
15.387081028789268 15.150211284614183 15.96444419858392 15.479412021580385 15.623848476391087 15.90336349214539 15.753749517070109 15.175562900796592 15.222752412576757 15.09060859402737
15.360036225068884 15.055652570624305 15.601152111580877 15.226508039310659 15.032725515546051 15.066615737203538 15.450059023908999 15.130192526352097 15.953898462047807 15.55918252043042
15.424854016102014 15.874333354879388 15.934949412328558 15.056678453977888 15.684920745619394 15.095397415500587 15.93323998232051 15.325552859047392 15.539061391901404 15.214288063778696
15.747671112806687 15.262070182716844 15.165475520378493 15.367451446311554 15.10462904946598 15.12620077178739 15.618246576042111 15.880754274835947 15.229551031237783 15.951599085219895
15.10669450476233 15.931915251764494 15.914394971774865 15.539658726306573 15.83961746264782 15.64199946925259 15.03758649087199 15.305985480789014 15.563359155288301 15.212461241433138
15.47055602895335 15.389230914943822 15.290802718628933 15.881447371656849 15.313767534102416 15.855080629158634 15.61780621312192 15.411549967348428 15.445179420606669 15.532293231034306
15.454258290747463 15.540923687085247 15.435367668828682 15.003036952753826 15.958847317842265 15.330659554044688 15.986079561764692 15.536373034145505 15.959801228466022 15.623533529741348
15.18277630284209 15.301586335066606 15.168268732681707 15.892724878938932 15.016761084239743 15.027164918205159 15.046677461699169 15.60382607670436 15.828778861806748 15.381582524717926
15.281318351211981 15.839442045529243 15.553512697715792 15.743638744919378 15.426569192833913 15.34290342889819 15.903190903060622 15.702963872213353 15.437585385935796 15.326095334751102
15.91855811289695 15.585396327813719 15.488948653896362 15.3561291752407 15.63675252628463 15.53329288344543 15.688679722491564 15.386561931108375 15.97817050098936 15.187432753623977
15.040184372519063 15.53109373914131 15.338189221900443 15.815028571081527 15.279116511293774 15.49115143755455 15.784656356568341 15.807458853029388 15.017805959978517 15.643491921310282
15.208345599806103 15.831687916526842 15.966812779150896 15.669935930226309 15.251115454171659 15.560940889411356 15.871333944937067 15.268569576486813 15.345297938144451 15.833052952592588
15.19960210206996 15.924227097618465 15.7378828029237 15.289013791365889 15.5510807779173 15.935795262732382 15.944352121373363 15.029579250567778 15.214173473589167 15.898856446270335
15.67955901385998 15.594424243522038 15.296329284274046 15.624413257004072 15.94683312339961 15.616162493188027 15.373840834530744 15.03791528891594 15.63153533443398 15.83065968572301
15.664294787549647 15.947534140732778 15.641572016449468 15.735419133266621 15.311549420867182 15.696609983078064 15.364919489204325 15.079419661782145 15.49127717352698 15.622419252263452
15.972997264934941 15.540637528908583 15.694525134822735 15.931889635247408 15.888768722745287 15.401585798838411 15.72740922862464 15.074615336542193 15.559736083823035 15.76855565193059
15.676973297068974 15.944501686472861 15.528536176328059 15.896846359334713 15.336407202573806 15.2735953536312 15.677632359996618 15.482121678451064 15.357232813772953 15.395132154919846
15.439636882657098 15.357132056425604 15.70173039840775 15.14756206700901 15.711087355698574 15.893393982956354 15.805792392028243 15.06728645041166 15.185039696473458 15.549018963078987
15.23055532992158 15.17507027637954 15.82662934237049 15.426736181705728 15.480574636261709 15.599567335345096 15.25579130374839 15.410255034315028 15.096971435897725 15.001124412804854
15.872618629846748 15.432464141661795 15.095894472881797 15.260005909742363 15.663378604927418 15.695566527332305 15.315803883804135 15.175407234225347 15.758993848642607 15.211100712567807
16.261498309455895 16.985102321490466 16.982835786311487 16.856900250368536 16.58847035540317 16.360296272127016 16.82096627067213 16.258394763082364 16.45808977218549 16.156231908166685
16.47550224837553 16.193258200717377 16.612277622649657 16.60632404309099 16.920567988881622 16.89126043505512 16.16574873344053 16.83607355345774 16.170337548648888 16.555280798420174
16.794564277324806 16.542738370511195 16.289960256846708 16.664793278810432 16.211649435868768 16.437716135934618 16.03269992283864 16.13973474706285 16.563096145490835 16.58081918039261
16.37040863583314 16.240519146269634 16.653484417390956 16.049099517914485 16.59949428105 16.159062123077636 16.714119997704373 16.477607662030596 16.150830482959712 16.616032273810855
16.76500000634473 16.885446123535072 16.709596175729637 16.421146553616502 16.48948257036114 16.857704448056346 16.759821852646397 16.87617887128139 16.94005014324214 16.592339725136302
16.208457794648208 16.104453076945333 16.32422063576994 16.540792876012333 16.31506930773321 16.87594214987256 16.581574305854208 16.372107256106503 16.755802438295067 16.26369774659147
16.456028428523247 16.772543531457384 16.28405348148498 16.515185559757523 16.29190604821838 16.15616012772697 16.115313631859046 16.8512032528186 16.838008858666445 16.70655642533788
16.859950311550506 16.51540992433285 16.930818489075747 16.295951322657665 16.555224936287424 16.289096794025095 16.0461147074743 16.734997057778802 16.106636168693164 16.85868113020553
16.357712671738017 16.495204466926296 16.23871713758826 16.877506568497207 16.122685915961704 16.515582475161942 16.876703434660797 16.298884454647062 16.924355406562665 16.95607107110719
16.73302866280134 16.573913007354562 16.5474893780042 16.79257380361298 16.75639243163696 16.60546172026973 16.03457254038788 16.9618722245086 16.01618564103256 16.928811007360693
16.77766737054698 16.359431254006118 16.541346190586157 16.449787738626252 16.337304167248348 16.36908114912167 16.61025789756137 16.212839560107454 16.0480009508215 16.76078811886076
16.997094162100765 16.09434210582809 16.36942779177852 16.731202532071283 16.72004700884331 16.020534775475806 16.372894669115315 16.581399704084934 16.90817126020479 16.294832595816775
16.7147559372728 16.027205274289994 16.506112758571383 16.88586276293698 16.94148841292412 16.419723723390554 16.669778290568058 16.07542656456079 16.99561415765523 16.217164566704696
16.87104429398173 16.694688554861102 16.34730331962748 16.893788269698494 16.925890295147052 16.28724648415253 16.26340607198789 16.097769685788055 16.38788204689575 16.92933731933034
16.17643390815266 16.908901682847922 16.0283424246792 16.564102691269262 16.36853233241843 16.410968180388412 16.919132254856912 16.39716632445795 16.924054335059314 16.101040289413966
16.952708709513423 16.027095715378863 16.004717304461852 16.90836895298039 16.546278498775177 16.20249019229482 16.836408051554603 16.95135167016819 16.854989913960765 16.80784065915818
16.551953392338508 16.70869839517981 16.616115394412567 16.797448361636242 16.772073743443055 16.44834965091945 16.903429419100064 16.79995311736887 16.360585450402613 16.029167712707984
16.3220856348597 16.653511226848604 16.361206538020717 16.67577367372529 16.636211357293387 16.132640135972338 16.725859801236627 16.093503351549955 16.81460150508466 16.909972958736912
16.078155689654327 16.338308445878976 16.004308041238705 16.359643096087247 16.42077760391987 16.185529211920922 16.997585184916172 16.15374528861015 16.391779785509264 16.351817639168573
16.344564578077005 16.72929631964015 16.402348695063978 16.81609114661497 16.382198957334243 16.61034504931265 16.747366081673594 16.658248253846175 16.099426337233968 16.258357732681908
16.570152790396573 16.288480009859548 16.939171611009264 16.59373190791433 16.38405995780185 16.675361341598755 16.34971571926198 16.58226762804471 16.706114014527696 16.197509347710636
16.141127225447573 16.312652415553682 16.241711093075264 16.041445873322225 16.47686467667348 16.804492049576925 16.97439496867763 16.64740434628942 16.636322754344345 16.381146548356014
16.461042180238753 16.565171676958034 16.521008800732133 16.817606683168346 16.6103168180907 16.223657897927268 16.245200468842025 16.63087327470275 16.23104671345613 16.540737791609722
16.05134968596315 16.818778022672248 16.677211422649126 16.004010215255413 16.221161594338636 16.072911076905193 16.987522136130455 16.838472423969066 16.615191557712492 16.992297405364184
16.020111865751694 16.143708307791563 16.966967478215754 16.106689910404445 16.216644295835085 16.431040950126736 16.082058300821746 16.58182487130845 16.79518760613695 16.820201505190592
16.627412555509554 16.640779812631635 16.925577812952774 16.473065648348303 16.31029804624395 16.319856749272343 16.03408419102156 16.650916970136766 16.56417977777731 16.50247361168609
16.358684553824418 16.868192940280338 16.071819803094986 16.596417515354148 16.541383869686282 16.16808625625999 16.88877569999368 16.31221952029182 16.324022424983756 16.801109929209453
16.960073640401866 16.784513897429825 16.657882890478078 16.51591724473726 16.842777022396074 16.40470177500815 16.44022887309233 16.621744187794132 16.80293782499997 16.38423736603991
16.359250347765425 16.955561991635626 16.96420789120394 16.99070546887254 16.72830597839678 16.325502920223176 16.725425116169923 16.602961251563826 16.121016443240485 16.221850154707838
16.235779932672028 16.216954720486335 16.080676538020935 16.587858078788557 16.318705388666924 16.800463389926723 16.17061821671484 16.224896785275952 16.869423898331142 16.94280898767078
16.156570832098552 16.96989071064776 16.41612275063774 16.57473495885973 16.167728700498017 16.12774755507815 16.231018931891896 16.143973391348226 16.27015011023056 16.76745126935443
16.105113757359355 16.52363149889097 16.004276378620897 16.397717968255506 16.6592260233552 16.10337945547035 16.087773137499163 16.226591765194016 16.853932386685365 16.967522489498972
16.665560464984537 16.67908257593916 16.182331504342716 16.799392583133677 16.200812142996387 16.09792603441777 16.882088876323046 16.16809566087033 16.343868933850583 16.58477055735036
16.387007276850973 16.151502428835116 16.890424249329183 16.75257478372282 16.153407664144105 16.82847243404502 16.246005032820605 16.75472396054512 16.942893547485916 16.03365228584207
16.650684718608048 16.332351041871117 16.62061170301535 16.909790632638288 16.786128831740953 16.778574661242168 16.53691079663453 16.215364177621122 16.286488413756185 16.65684272694901
16.600338488209882 16.04941059815221 16.105319962363534 16.830296638339856 16.22120685148785 16.640815288012075 16.652625281655094 16.860048534855068 16.40749479321351 16.115901306551237
16.109267766923008 16.11248931908678 16.428645516700474 16.70602253085004 16.350436771053523 16.979223045404495 16.627855772362018 16.685962327542203 16.465495122219487 16.45794870427055
16.15974296687712 16.444291139591567 16.948458745886565 16.968587810431348 16.65781516535364 16.47843814227676 16.251522284027107 16.68618233186324 16.0949581237032 16.780083757272493
16.175003465452207 16.151718750558505 16.699856232330898 16.457506600593167 16.131761189223383 16.931285830798533 16.282822613405877 16.90433863067041 16.434100661199814 16.939483082422036
17.091948670589236 17.054143141224063 17.787675128063228 17.247239883526305 17.154827383529422 17.231507981503913 17.558589246345434 17.393755919590145 17.788819384085343 17.70078254674747
17.020917619380725 17.210988073344677 17.54640986167758 17.22965145032882 17.967925320879335 17.91348872273185 17.32176780876842 17.257186037997123 17.256844652111457 17.11646773420861
17.17322579185285 17.98989061874464 17.459602622016966 17.21155177852474 17.409562283573948 17.5314867862037 17.42568132493545 17.57756666100746 17.01238251491603 17.715656033984867
17.228333719589894 17.432769553900943 17.522558413825468 17.65568673163458 17.661665293565967 17.745309819649677 17.105601521108696 17.15094904751372 17.18363214055161 17.510298254581585
17.629007453565176 17.997347243018634 17.958794119329045 17.874716850380263 17.234024193449 17.937375452380987 17.444701669629666 17.045502003034937 17.06496075733574 17.45513000774546
17.787083043599203 17.651486043721146 17.531066652824727 17.87260746764928 17.141538898066894 17.246483741794247 17.719176757992287 17.235844174024752 17.923238971324203 17.93866117250478
17.349730349489846 17.292930174898423 17.90115560275922 17.7104271357094 17.974436692430277 17.460656067939983 17.999657612887393 17.853437596998628 17.95077440864596 17.052528694350862
17.647826841468373 17.084906003751474 17.09667506242168 17.198117826957056 17.52564927696781 17.33426381052395 17.828155994835242 17.82217225777692 17.596271189954777 17.893316816336924
17.013331521831713 17.7716710716565 17.38480009228332 17.608394462586983 17.738145097707157 17.679951517877917 17.56666946119434 17.059591466793208 17.672330065649863 17.439282024304966
17.06237472457163 17.220051526114823 17.74851969841167 17.21672546737272 17.000427937643686 17.917345830580906 17.423091936435963 17.792864024671356 17.106666703592687 17.5293493850438
17.874248054457333 17.628933882802663 17.30559256847619 17.738620568385528 17.110988533397006 17.475144201880585 17.578203044905653 17.842140546105483 17.116063712109753 17.52143189724849
17.41082027451216 17.06737066272001 17.826640359715814 17.061629857829487 17.490708811817317 17.580937892619236 17.96834006612519 17.39300272873286 17.65681352219282 17.392859495950717
17.501468628623368 17.205331596629485 17.497738324606804 17.157069863761436 17.71267044097317 17.027204803423654 17.40412476380684 17.948114190355856 17.790905362670316 17.391898763050946
17.32887925101942 17.454224812396394 17.063559894944767 17.261209814501733 17.986236465734876 17.668598085184385 17.93666856943647 17.902823799750884 17.729435353811873 17.08354073867463
17.982635235390457 17.85528750132291 17.886823523086512 17.59625676585051 17.54950851439838 17.834371808965166 17.90749489675152 17.820396779143362 17.727779170812695 17.435593876002304
17.27010396875955 17.264094004519567 17.503831532632738 17.269891339851064 17.742290253883827 17.88306241760687 17.4535952296182 17.732918764007266 17.243184127095564 17.84643354293272
17.38560737772398 17.953162798919998 17.2577554477993 17.963361132757733 17.929609378705642 17.590049095314377 17.479304976978447 17.11002329279299 17.184966765620654 17.060440735714295
17.115187541693636 17.16950417314514 17.192614651318735 17.46040428210326 17.080895375360903 17.451138055923515 17.174894791433967 17.91884628940916 17.1289184693913 17.291251137248302
17.19956527613405 17.370599665057355 17.81133882410931 17.55383692973857 17.16742703338529 17.76876575792095 17.058903205774588 17.047553518607828 17.7974261774292 17.569594520706527
17.074359706823323 17.454531969624774 17.588754312468634 17.917912059490757 17.1841307202273 17.226837245582512 17.576384420257188 17.33708078324503 17.269935596564277 17.04802384909005
17.064642229130914 17.884704787554067 17.410764099822863 17.880080755664036 17.422828686539326 17.673768697588248 17.405641583500515 17.320161245739854 17.457572093736513 17.3786255767114
17.918915636665478 17.97684474567576 17.83850303562758 17.846225743366187 17.092332873226393 17.842280029214354 17.54700920075564 17.21520463707289 17.60196370569842 17.184409698203783
17.342241266216817 17.008925039166627 17.30307228276594 17.312578345846806 17.794204817573778 17.513294973626078 17.802317190135163 17.680177705566162 17.52068808100364 17.37615941026367
17.524208370927823 17.179584100859863 17.882938068829734 17.772290468274818 17.097534020057072 17.157494669316637 17.544413318818254 17.66647742600215 17.177510852374414 17.632870925409453
17.97760403502558 17.6769440208236 17.14069991660957 17.43504906131264 17.215825537582457 17.792297791239314 17.442269263039524 17.496178898324988 17.89005438787694 17.72744203831388
17.808973691273586 17.3300037788294 17.865291071259204 17.017358047836986 17.85626136979545 17.808096474934032 17.596596575673153 17.04239155094316 17.16420522989715 17.705016944473776
17.66186503041124 17.0546540376608 17.32449737396031 17.125459438334694 17.796557992874504 17.932376117313474 17.979532518414526 17.849308369644074 17.155040287577958 17.82752649286165
17.414646379194483 17.834623586274226 17.453821437788626 17.091736998405764 17.83586392189407 17.603927375827414 17.11392073082347 17.86655055669551 17.06805095731042 17.005767110558182
17.512737808265573 17.50623533834368 17.042152021688224 17.891378848942992 17.980225191743408 17.564885084944375 17.105236722128783 17.575379076674725 17.229822734134455 17.42425233053212
17.361143727366976 17.397600312361035 17.884737411780826 17.911001723062046 17.307298954177824 17.380680064573088 17.553480912967572 17.857398827020123 17.871058107540776 17.150916983459965
17.664652433666266 17.571670212563145 17.925910146473427 17.562404363606547 17.480036095104744 17.764412405692998 17.044318923350588 17.383830668400588 17.038529945609856 17.144901928579714
17.255508535269364 17.98393761652192 17.58914832592112 17.56026236587494 17.613285349593326 17.76467491609138 17.636200435201353 17.583515515382537 17.039747490162117 17.834514189881236
17.00829624589817 17.602060671577217 17.81014668584563 17.35286073248263 17.40287078075013 17.16222788016135 17.47483158632408 17.696227959356523 17.92920628041936 17.3109024884035
17.97611524083339 17.097817193676143 17.2754711012354 17.941819827235886 17.21107411286084 17.69437037905672 17.25908336548133 17.701980411902827 17.315699711049135 17.97764129062148
17.684746054112328 17.842737817162114 17.501487920466595 17.492556404447203 17.630789620565324 17.510462714995263 17.36246543382781 17.25011366547163 17.511997241512635 17.3632879939226
17.188816534343214 17.730293939870275 17.525876804055653 17.073292154402615 17.972687690200498 17.538736098733718 17.37938255463859 17.227578656917565 17.47241129978326 17.750653707295623
17.360573769525857 17.87967446177481 17.785414999865324 17.93997074626206 17.250279989038585 17.45730547525318 17.031508068114345 17.383078243696612 17.87584542248908 17.675371593414503
17.883278973048107 17.666387160315978 17.32416187075482 17.661106415287843 17.763519654393782 17.015837352465965 17.674847302383014 17.053710381213403 17.617709490133898 17.359798910369914
17.708703491696163 17.23108764625084 17.85512412713728 17.57134672460058 17.256898606213415 17.069069893325803 17.367574191929414 17.594599679857833 17.582507046756234 17.93262026210774
18.77570706165946 18.026200052135476 18.710452692441258 18.161987771654466 18.717843252207903 18.052109865974675 18.67756560980513 18.66150847812467 18.692608853434855 18.250253127469797
18.26137675719503 18.3247265622386 18.69416365174898 18.661133795544696 18.864438642969475 18.936735005136196 18.63761430142747 18.70141104080535 18.880374722776814 18.883112111689627
18.36224064994527 18.949515663690285 18.048523686191114 18.464556534446974 18.821452415179607 18.567741655561733 18.01595932379186 18.867300294866798 18.920932600424297 18.14185004791758
18.568830534631754 18.871605592971502 18.35021283984028 18.01707234128463 18.76937990149738 18.194128044687037 18.667965394970015 18.788503599018437 18.540664051303416 18.954655046842728
18.84758489470753 18.464225695591658 18.077911869348558 18.133705269636096 18.46717280885239 18.961103962570874 18.83362201934974 18.04470123742218 18.736825790828423 18.016050735483496
18.72291430818346 18.78290359262243 18.596168994596468 18.29965224186483 18.626313965291047 18.333022542032527 18.186363866768787 18.504405609939575 18.229061870091655 18.518398370081073
18.10335925573829 18.4464152273987 18.7292077078355 18.25686900806912 18.972943639064482 18.76724853019296 18.97115733764949 18.651920275146175 18.053195593468278 18.65175371122417
18.11700942200831 18.29243971125032 18.766218230794777 18.087992470414765 18.054930816401217 18.76037247911637 18.288582956543788 18.587043088932955 18.361983667727436 18.752803911346355
18.588696190856446 18.953280625775363 18.78823212333571 18.41346981188923 18.589342858734785 18.649842351496165 18.909619627063194 18.438422410277244 18.454948245027467 18.539338247668024
18.80902252060134 18.271556255963894 18.35564007811748 18.296468064630698 18.388049768342203 18.23792505925975 18.443980715727406 18.587057671698787 18.186571872920982 18.776256774708557
18.195279258942143 18.187129370848172 18.392627307992964 18.02680109556535 18.7086817550604 18.575972225283536 18.062267772830552 18.90661997105292 18.043777271950887 18.17877996366019
18.437068397720868 18.46165814381043 18.1762463457369 18.35727568889498 18.64644260044427 18.723407659258655 18.696117580176963 18.450844089825104 18.012565683581382 18.517706405878577
18.943486862660546 18.656043526791727 18.63762503951834 18.67418768946582 18.879093322918173 18.29897189581067 18.946279261396768 18.867124179869975 18.620934799599087 18.10281170445544
18.38062205376916 18.88188618962466 18.243144612407225 18.381981137104837 18.500611310006647 18.445960941605037 18.129640625089067 18.704670075978026 18.329837673854342 18.889455661368274
18.90259703154314 18.45714090182524 18.90467062796344 18.807234419650005 18.704577290036756 18.916025808447536 18.63423496405121 18.583314848566413 18.403207117779235 18.88895406178578
18.25933348182284 18.107877472708605 18.108554194702933 18.719193729717244 18.91034715396248 18.268217016281593 18.245921232935853 18.466594497351664 18.007306686166554 18.82719166973393
18.91736271385851 18.462292649438435 18.054693272773957 18.93586368930463 18.719811110377318 18.513397660493773 18.617471800876405 18.404499732694035 18.887099883126105 18.669579067133885
18.627535419712906 18.66042144118142 18.997637223982213 18.461030268076918 18.126119360882146 18.780293642201116 18.731087166025254 18.536368367277078 18.259561530546684 18.05462217406685
18.753007035613148 18.408766847871544 18.410293506236794 18.266300533459546 18.729040504018275 18.46803459952555 18.074956233712964 18.056407092111264 18.86225162546117 18.16321288855876
18.17277637309177 18.934656695672793 18.43409895285847 18.886238284623765 18.69487831043656 18.883511739880735 18.447713240939812 18.494446297347963 18.8639961177795 18.17780918555281
18.621556022579355 18.598167009702717 18.264088242500065 18.99586193127729 18.662200536214332 18.70939017291649 18.720647775618993 18.633344467842356 18.956890494038575 18.098454555519428
18.065039002981248 18.647873955387027 18.569696399694077 18.737942030078095 18.299980860129978 18.060049821126537 18.69950276067611 18.02643422850743 18.098336791474125 18.81581627160336
18.415101263916767 18.914372936622886 18.66737656869844 18.30841344589702 18.98376445223396 18.93467198243865 18.0882330262011 18.28035245470644 18.244202608038414 18.620508029422254
18.29267627717349 18.157666304858104 18.509317061521273 18.49761549728027 18.92410848288283 18.253801644349544 18.483353817712167 18.32810107822664 18.34524165849463 18.489466220465125
18.102070681444225 18.343199750971323 18.620149109915832 18.74711599893661 18.928653214905363 18.54695439839782 18.508257739359234 18.04809040505268 18.906679858065846 18.555449618810556
18.709569749074504 18.255795402177288 18.030224862813398 18.609080874932587 18.24981586261762 18.696810246707383 18.281227821262952 18.84944273037197 18.07490690404835 18.56152122550384
18.005546439420733 18.687770705748594 18.635963864554846 18.196861199109108 18.75164933422394 18.108473166710766 18.489371185018825 18.435961305329652 18.47969381282055 18.049141247863798
18.710712044210798 18.922996953017307 18.96377335937341 18.577526298995423 18.22710809975203 18.986237399275797 18.156408209559206 18.44632581722322 18.009400694001407 18.988284370661454
18.261891456204086 18.748220762743305 18.4337740575682 18.23971179075194 18.27389252664809 18.81645801190766 18.021835858698974 18.50079554881062 18.772758411367274 18.220374131806484
18.19883345789635 18.815748597415897 18.849242760465437 18.690607580841412 18.67159944221173 18.9248528286796 18.123931172964568 18.075348219229888 18.520983185882674 18.782106758371928
18.96542103613547 18.976824474788852 18.127939681020074 18.76948346862387 18.175352462732093 18.54633053187565 18.608110871048815 18.043620501501263 18.604676396871906 18.026446632370348
18.516648677404397 18.07674002874876 18.393085220016463 18.020707962397946 18.203193075006336 18.86082355797972 18.782319456893603 18.143828592372817 18.346332795255012 18.432542684196235
18.744104288486614 18.6596889846918 18.877539637563718 18.34617363318117 18.98475756168718 18.949646507437095 18.71648254454391 18.47269974720272 18.2410512834138 18.17033072697287
18.804413113897034 18.37702006772771 18.93282541096656 18.93237189832884 18.051153307863927 18.59431351456546 18.898712650069523 18.273682602883746 18.780012093386112 18.99448019437738
18.82836367528143 18.562749351936763 18.948332913347443 18.186047026626557 18.682944671719003 18.911261553795825 18.065560912635938 18.05633208481075 18.81429267382168 18.839994655415115
18.361243194827388 18.679613733898158 18.9229628338195 18.662683885973106 18.496021675793337 18.30055696631966 18.576983994798788 18.15684035131605 18.974340425987673 18.38682408390479
18.106782403627268 18.722956446534138 18.11387853606559 18.355148152948605 18.278647826185832 18.35952304700273 18.15425855533102 18.466749694233545 18.2672808127474 18.688508683689868
18.84636951380009 18.560827713536966 18.097372885025678 18.95442661486943 18.65368286364119 18.74895896250661 18.904836599370526 18.38984268164427 18.51822847033665 18.928589819137876
18.08021581910287 18.591153395044646 18.996436927276317 18.990407250839265 18.599970680961956 18.580689788319155 18.453843706318704 18.8922270489757 18.625746084935404 18.04468011652962
19.92268930568806 19.3511383057876 19.757396328300597 19.831329711802546 19.172739239642333 19.76599586332367 19.162452622692268 19.169254332577797 19.523186047461106 19.123952803655186
19.172884289995995 19.22372848668587 19.932285164674052 19.067577425606224 19.83941871197262 19.5466879596078 19.94141533641026 19.00320054060194 19.36434880508154 19.696151551267867
19.12154309576226 19.11649010876732 19.29567103847981 19.801703961324577 19.772610513590607 19.427852388392402 19.858561288088318 19.13490822503167 19.760153372344835 19.568109905462233
19.824609318273186 19.806992595977885 19.538497759505116 19.784008229752853 19.87489755085743 19.560883656009665 19.606169753006245 19.793455099465927 19.499922830005904 19.250633260982354
19.86669460530995 19.50199722514253 19.09752511452739 19.008514698805953 19.626748298138335 19.26489114218387 19.0793999559625 19.288538419883338 19.253665639258223 19.333226632358908
19.477436587713022 19.944865949353108 19.83559641442743 19.357912382231174 19.75303701524923 19.254575712948114 19.54014146542378 19.3419353296166 19.25573553765266 19.326461987391276
19.751088485150397 19.22915659941642 19.051852720918905 19.65102450539865 19.477907511913692 19.39700850938911 19.649581031505743 19.64153232841767 19.978954141458633 19.680808775029234
19.48381443262455 19.8920232204346 19.01686842523614 19.199009507388375 19.89219717772 19.535325098841632 19.673445620984463 19.171550161526724 19.713282424824886 19.522663614205257
19.191294864099195 19.12758525632311 19.568353792496364 19.866146032950905 19.880890336004043 19.384209090968344 19.350378588005153 19.886388272823883 19.734158555966992 19.444401500174244
19.436724484017795 19.28977857445626 19.019535045337257 19.010269741756556 19.666685581770547 19.463347570539494 19.798461885756485 19.63676407236395 19.18052858494403 19.719941703571838
19.99958756595418 19.661394937954405 19.80368280512176 19.352372406412474 19.41446861760874 19.937082410809452 19.777862816056476 19.262441562971024 19.737362798448142 19.068119416804162
19.290325567848363 19.61921874254224 19.56174143052207 19.30333166539219 19.433129253116263 19.47067330240955 19.067438637266626 19.975869824982695 19.93617343346868 19.483740730579896
19.984893129551295 19.395669518679437 19.260965829997076 19.020129029091102 19.306728741025598 19.39846755884279 19.416474125102553 19.56864780137362 19.131957265514515 19.334364038176055
19.16408527215281 19.14956861884326 19.974377830656113 19.139270701725447 19.115609463894508 19.68250295896506 19.844284764141328 19.274188986417336 19.596429237374117 19.466509178321502
19.42138602132225 19.74011147906621 19.04530900866738 19.859617765543337 19.676872588176558 19.0804424526951 19.153043490838687 19.9646897568469 19.37386853386195 19.268185357720682
19.904038410316364 19.629500565670764 19.9780308769112 19.641745329585625 19.178080556133157 19.35116722475515 19.64385670309402 19.60104799416542 19.593967993161257 19.738514323006083
19.107294668611047 19.604775892952365 19.83233612373692 19.03069996901658 19.511546964019026 19.11987644857205 19.76192839050243 19.79640007394694 19.420486478951386 19.56609662861232
19.311725308468453 19.34507530065301 19.532903666202017 19.97115063844278 19.180759081874406 19.570322349065584 19.90083598248916 19.006229527086195 19.158105134242007 19.915036874533925
19.776522240902697 19.306911635069625 19.03745636866986 19.89909284243108 19.565063226743305 19.501136295095034 19.853849449393888 19.182468738784074 19.743658846912446 19.163752754153855
19.444526866596064 19.450228627537907 19.02333130553962 19.996259533860027 19.14158259877224 19.500491651283266 19.475332743992297 19.890699857583407 19.740952820668426 19.79250092426275
19.8219749435426 19.178281086999096 19.760477944090763 19.36912852635971 19.600407661432335 19.286137033771624 19.39917541806082 19.506630976339704 19.447911298610236 19.229754196672765
19.540527610894348 19.664194760916306 19.32855855218764 19.853934006499852 19.60450253117721 19.306789200237862 19.123639053914655 19.501765171584058 19.046189710099313 19.957070027419796
19.642029620131645 19.838931327908533 19.82334701411009 19.39555350182987 19.771732188420867 19.889781242737854 19.210819181488137 19.273007677872968 19.190090331256958 19.951939862041527
19.430361760074764 19.026241315672465 19.618205619238832 19.995321106646237 19.48905434864126 19.442931117205436 19.702571160941446 19.001996892101747 19.16791612317543 19.967884223864452
19.731131428463506 19.38900745555417 19.589619426372522 19.70370512986742 19.102687801132657 19.239522242113683 19.009821609174153 19.148427886970488 19.010209951872888 19.429259232805506
19.894393757176232 19.197170848898402 19.538626153806018 19.42505730241392 19.802184427624844 19.89541009862024 19.82561041946276 19.970091911924975 19.1724704829957 19.18291513664364
19.338131343548756 19.274173021401324 19.156285675891834 19.571493226379815 19.748191753215693 19.04729035795578 19.702106214786806 19.685039072191106 19.85310203945944 19.215547946192775
19.20891273031206 19.856989238861644 19.478794273477956 19.440856345099053 19.193436246355787 19.528131467383865 19.32909833632747 19.629227499799423 19.583434859833105 19.016820840965785
19.299565130202048 19.457243747269324 19.44513754958182 19.34400665336223 19.861336329594344 19.57224910339632 19.180529886578405 19.18707480083688 19.738723684665914 19.529037504708118
19.488945684434476 19.709362541126264 19.253575782933744 19.71428912203023 19.677468080766463 19.96630391347424 19.390173026301557 19.479732711941562 19.225931984438823 19.824515440171687
19.84630711219876 19.455988122475215 19.864859257618654 19.84673370693112 19.079363932200494 19.55127007178515 19.80844723295457 19.393367705744854 19.63064397281452 19.452610578043092
19.19976956915624 19.270530179578415 19.81681766999563 19.541983948922894 19.271638243076158 19.614764616813545 19.21432760730938 19.01569527809032 19.20411420439031 19.346284786127526
19.230713452498097 19.65261918580753 19.16844314673821 19.445396652156834 19.45624926241465 19.115352807996402 19.587232215133856 19.510873013041756 19.419947429076363 19.888073175179414
19.211972260318674 19.544403365504962 19.835896988888262 19.95586602207927 19.221549658587893 19.671842768481522 19.419068761385784 19.112519091180403 19.179180205664252 19.559835228298272
19.874132917425396 19.34725029990578 19.350237430393044 19.61548866664245 19.716499750392405 19.105566929822583 19.57973592286234 19.66712969315017 19.17170745047143 19.34542926259367
19.655770001650275 19.715768826512356 19.51744558465084 19.2171181490294 19.843996648564968 19.519757436801214 19.881916396245064 19.88368262780439 19.068291098325997 19.229219899827807
19.69290050541669 19.468570670767782 19.033992086406943 19.02219559444284 19.68380755184204 19.368022170595776 19.442693125141183 19.71102725373002 19.606156278928317 19.198030028038243
19.3313252680068 19.585383623822896 19.572342739375713 19.45915220806368 19.483315768862614 19.337405791932763 19.258219421261142 19.59718318827348 19.805895921310896 19.7748184396481
19.031921794574256 19.513670910217666 19.545170873668564 19.16944840695736 19.443543431167726 19.737491230793374 19.21935298633015 19.511445045291488 19.409674400032017 19.407168370732084
20.190599179969258 20.64359776331419 20.857481947315584 20.933357104392957 20.8671824005037 20.235498564712483 20.55492646370059 20.711878030590363 20.630265579770125 20.823897890095708
20.346869778239988 20.539924724667685 20.713336339253505 20.69345457960044 20.041247001872208 20.451537574528295 20.427398994048257 20.201181916159847 20.74513716263014 20.53316574891134
20.321310205327485 20.25824317546051 20.537481698249888 20.906115587820334 20.09418299623888 20.07435194208101 20.983364349827063 20.46991001251937 20.33557357484705 20.942883802818216
20.1441797316563 20.18906002625951 20.45920377158996 20.798907598114305 20.418682118921833 20.67547630000912 20.51726162462455 20.517696469020372 20.76181979810652 20.56972509234873
20.934861305513767 20.437879245097434 20.571424856945995 20.756559293028726 20.588032719675265 20.391246106038462 20.80724171863109 20.76363242899308 20.063650234231353 20.600322255777126
20.712442343533954 20.787029122597012 20.385999035666806 20.165175965028094 20.84468986404829 20.66322318645798 20.972216601016022 20.50252869856294 20.99197634845914 20.764299926739653
20.0876360218904 20.02308636896072 20.94787470611566 20.231756955839163 20.612096705462577 20.53711239180881 20.05150859920571 20.18392329687156 20.499577259121917 20.363615232874736
20.85945853999513 20.53301395344604 20.916044385946012 20.88512379218618 20.30998605361416 20.83006320035532 20.6742006595182 20.337876526599924 20.264372022738037 20.11945665051005
20.248852900344666 20.956350990722868 20.36582989320162 20.12950850845477 20.35291252566364 20.20141267972049 20.743367222546958 20.25150722516894 20.781577573828148 20.692962900091928
20.206134567076003 20.666879262628097 20.991035617078225 20.640817722028764 20.223213905477085 20.670596874676523 20.66806584817166 20.021651033384508 20.16446280285581 20.708683173458034
20.36820742092702 20.485186734551796 20.98994520881954 20.898643357338127 20.152700432010413 20.989426054808543 20.818643264692128 20.833878343602503 20.038194916803384 20.462548486359285
20.581558705122948 20.286613092693955 20.988262208847487 20.368225331183883 20.269976841859787 20.018598716513832 20.12203221859036 20.91143715260999 20.126579460581144 20.284823958482683
20.7928190716155 20.763487836039072 20.495257882935793 20.772698249760527 20.19838698839177 20.607759281239954 20.944890890577604 20.657644956445164 20.224546707305997 20.51185253832287
20.71301647079072 20.17577024764444 20.29506241531944 20.117112715862977 20.477240321588344 20.615249235677968 20.103387984754676 20.903136590282745 20.95538844829189 20.91029805311301
20.235540363555348 20.33271317290007 20.859824741858876 20.08507653383788 20.85845684243651 20.511749528479896 20.287018865261068 20.63959333249381 20.844472549530426 20.109085098551937
20.710363627705206 20.59566130884023 20.93009297918163 20.672699839745906 20.362405444826607 20.328178100896885 20.766025598507944 20.151672928314298 20.942064722735253 20.49548288212252
20.005473937569942 20.387349949588337 20.26308832830876 20.35226710179182 20.898986266718484 20.572528964868255 20.671889083146 20.47949382886331 20.21669020491255 20.19407606680688
20.806092137984564 20.498006219218457 20.702533446744265 20.772234213112224 20.539521854988557 20.645982809567993 20.680190331359942 20.788989023783635 20.765026803135413 20.195123692600273
20.876582564296946 20.558208321112478 20.003454716576908 20.55642804115845 20.00650157828618 20.43187247915397 20.695253285581405 20.583650147895618 20.170609304461696 20.6595650625964
20.43058645938303 20.02099790745206 20.659132940026996 20.42249457016747 20.30452056814909 20.261363671163352 20.324858372409164 20.04866924899509 20.0457478715622 20.582354720902547
20.29156635759474 20.182449359093646 20.560479975221533 20.809616318257675 20.397843861569672 20.729551782330994 20.057557106878548 20.920417859816663 20.441242825887066 20.72768440685113
20.976483315477196 20.445198070661935 20.984047344053252 20.90333869970421 20.527012127857727 20.650742777206887 20.209449026747862 20.566870453136524 20.767070819108955 20.395894787638312
20.075720010440644 20.67085073440871 20.795225817340913 20.239171934130816 20.80601140546406 20.310769841705465 20.81455542668504 20.847396276461925 20.572694936476005 20.68252956480702
20.536710771950077 20.00541383330247 20.087703419914376 20.527759603026837 20.63810931998678 20.559210487023858 20.694116034754412 20.39584676190459 20.754619483397494 20.438206779520858
20.46927249997411 20.630665557291213 20.806759408447146 20.497240585871022 20.795989642275067 20.850352195348258 20.28434631765237 20.294723118017973 20.83599299028432 20.830063789578716
20.487697490161676 20.080680655196996 20.348465070985263 20.120517588415023 20.621897646098052 20.20687054001865 20.336650935986725 20.43920558449589 20.071311763842772 20.89088666009306
20.076750601177267 20.856531944462716 20.143436277922426 20.767146631297503 20.18586757312853 20.065722224240854 20.064345775767464 20.939878586035796 20.519570745674287 20.57320466206857
20.032406376511585 20.316702932650472 20.85466719707395 20.47526568525223 20.692590949098413 20.84613041227217 20.50907140622865 20.59713305387672 20.480645329464323 20.908274576307488
20.278196099263376 20.162241838566832 20.904519189410166 20.51530360701165 20.326079055542223 20.8322900491278 20.97988853893074 20.16663204287519 20.95949850642716 20.912791898468974
20.717261631844043 20.173581100658897 20.534620052242133 20.754188757638644 20.770073639145366 20.019211050682223 20.098255862417737 20.89517898532662 20.09633973315101 20.85125725163326
20.749606617102568 20.292779786964072 20.76085021961686 20.51957693585151 20.12339596046183 20.06273537583397 20.810555273234893 20.664240693953385 20.84159539158121 20.514237744639573
20.492701389481308 20.236379810643477 20.25847767740045 20.904527358709768 20.953445014969766 20.49112581210113 20.332525099510526 20.261793286623377 20.954083403042148 20.930456672130152
20.998758093389984 20.828893380829562 20.072706817871936 20.893489471572824 20.986339508683887 20.16576665954913 20.320989629849798 20.4927366369854 20.628847711379265 20.71501215597211
20.09900305125789 20.377068981599997 20.84840178849372 20.682959224567412 20.935345022288725 20.365605750122665 20.159860582187527 20.41765668192844 20.515547767192498 20.34147779178784
20.23760666152731 20.07555911155302 20.088637401277893 20.920387535514955 20.314965146355714 20.26029059228464 20.45988363532103 20.31611486190057 20.44509663154192 20.489717364796423
20.427192003625063 20.513595461256894 20.442242248418843 20.801663049397167 20.699255405363072 20.329924273597094 20.143488275943035 20.54395067680222 20.0454950081438 20.194613569160005
20.483756470047926 20.411058478211903 20.670985474678826 20.51266116490737 20.760515339672704 20.087526989356597 20.58397290875674 20.287461776217196 20.37974723025861 20.43735714628009
20.029258363938787 20.27532013156963 20.32099423865217 20.03899036396046 20.897633608156216 20.319301658643298 20.53684567247516 20.00706328450306 20.38972001358337 20.667382719911245
20.511018851246906 20.464981229426872 20.111975496748734 20.018339382289863 20.239223600382438 20.736456508089855 20.213298353926234 20.758539745611525 20.968290421965 20.309508222474946
21.13257106845721 21.353781776405565 21.131580981543383 21.893023209907817 21.02065124785237 21.142545159886765 21.052488971569254 21.43382798988916 21.924730749511646 21.840501909066628
21.1528779603397 21.791323901777105 21.37864817700831 21.91085747310728 21.59959253700287 21.877089190427952 21.129654005892192 21.58107036241428 21.549717683146444 21.458452781008482
21.350291867293095 21.693724913494364 21.414050329835305 21.49789681918146 21.83347307027914 21.767808484067288 21.848286495696303 21.854245937319526 21.349486053183995 21.616370830095885
21.50271617388105 21.406953234123254 21.55559622751391 21.617519939506412 21.913757197146232 21.18139433586763 21.5920557182666 21.26793537612731 21.30444851186358 21.850932193820434
21.7727566923296 21.96155655122623 21.476062231177057 21.07061774566574 21.58442603385511 21.03082978071125 21.419283051204555 21.45774177195691 21.545173116834942 21.963875084727288
21.7509424911882 21.67605609929652 21.341366295819487 21.36815947607039 21.59108452507515 21.003333076032433 21.061228409710626 21.68974084048412 21.035178478357118 21.96603419242058
21.27420488033959 21.916872365854967 21.947583616437743 21.11021021120902 21.167072643831645 21.497734555499953 21.404909660988892 21.744356380357722 21.940921839077998 21.484288315395347
21.751705469060774 21.537798588030793 21.19755662251585 21.477718719452785 21.89594858766115 21.1872871280829 21.09952501293055 21.295666469935732 21.16809585558684 21.974826918131328
21.674902320696614 21.407419682383733 21.794995788854173 21.9313739591571 21.756116277395744 21.090466131462193 21.798751419186157 21.493880063709646 21.691516361437913 21.95028166638298
21.920661922713872 21.99726890580388 21.14905379127146 21.914958016248086 21.99166023023887 21.07827825625241 21.043352662133255 21.06724905077366 21.023203102779945 21.08470475978282
21.860616779763735 21.708841616279287 21.17635864989522 21.88143930639102 21.43023090999578 21.865133110304132 21.681876094294854 21.02378230822685 21.497579044091033 21.033525300417846
21.730311136837837 21.12888004307753 21.289516606300076 21.35421943428801 21.32881924987077 21.417724876446492 21.632097289084506 21.53972525844615 21.13001899654572 21.8230130451745
21.07956939113713 21.837772392466977 21.278365535853947 21.762256458725584 21.94432082594608 21.022039484265896 21.390764359206912 21.660895134610673 21.079365485000572 21.906092823381574
21.89069403425375 21.57675961755039 21.758128465993448 21.158153147263135 21.048895631448627 21.825083716549443 21.020700832305707 21.257785139661696 21.248726040607803 21.332369320538056
21.41139943822524 21.28033157046541 21.190560849592753 21.557757294160858 21.119381014127455 21.82089007817606 21.977172120298736 21.212159156276577 21.1522238261605 21.776856963336595
21.28079487413179 21.678256444609833 21.321804254488434 21.896539684333106 21.08263599782486 21.988576090891666 21.502459692061873 21.971065418408138 21.796866890386024 21.454201367784535
21.833343669439703 21.29779028908608 21.943682259938388 21.55327999048586 21.280042153028603 21.575640103525384 21.919794445609632 21.486342361432758 21.244935209925202 21.70628998597831
21.82977336717398 21.884544123419303 21.72145146531011 21.06981712165484 21.78793022673618 21.517299565198318 21.824277246506764 21.71943694047616 21.57798264920737 21.48737306874327
21.39574602952667 21.597160230801403 21.06652783138295 21.324348006850272 21.788048433205297 21.310684554637948 21.306389411866252 21.591493969084294 21.851566412023107 21.231560575606395
21.83719277355754 21.10640425594409 21.6215497016774 21.675649916223826 21.293062481055856 21.64237784486268 21.188516928341404 21.709117958451536 21.061125013938963 21.025371172693045
21.762176896323115 21.686681756460604 21.399538289069685 21.870446662274116 21.994330965994468 21.97355939185787 21.120059293429648 21.81199664750699 21.213130236820348 21.4285439804881
21.667699850899552 21.973622819764014 21.339226167843915 21.132851839984276 21.188809358684907 21.596402826427344 21.90376685791117 21.53787137468053 21.968963026588057 21.198377274414625
21.76885573522045 21.674664883564024 21.443322544580763 21.373442038290438 21.86300260548502 21.319053368605054 21.834675843542914 21.354432175762344 21.487262381871677 21.038339627488217
21.358150809777285 21.763035434560344 21.522169450542822 21.859202373854632 21.84663783364983 21.548274802160005 21.171240832797462 21.89102050179586 21.59724450407379 21.97565113135798
21.713734707537434 21.61486279358409 21.216644898333037 21.670638674652178 21.107515212793142 21.70560561217785 21.251975269186932 21.143077410142247 21.18228830691587 21.193116979117406
21.433966589344923 21.92310817409162 21.5941378073566 21.48817240251326 21.430293971668355 21.424647774020535 21.674204420117384 21.29974450312661 21.109661474896054 21.919002976049203
21.79751508629404 21.75253450161208 21.45093034526442 21.549073885530944 21.922383589995317 21.077090854386977 21.396637486357655 21.14369856219026 21.50646756953812 21.089586315517085
21.14654030848997 21.70204266878353 21.09248170216967 21.304301767146633 21.61436281829027 21.809538951306273 21.47472949256839 21.929091289693098 21.029707210035465 21.919733728462745
21.5070320769382 21.182579714798425 21.95713412056844 21.390497990631236 21.293294724287872 21.341570544017323 21.32570352657305 21.398413599546373 21.71386683098846 21.678118460517215
21.414808099247583 21.371745447489197 21.98401520021958 21.977947514326363 21.12591881109548 21.3802627492752 21.21524378108807 21.64537214239631 21.28490264654465 21.999274085440096
21.75585798860062 21.49460545989582 21.16586061751909 21.52559182287692 21.424085165655427 21.20331506141772 21.904973862447942 21.064744151234922 21.615227125577807 21.061513701576047
21.98163426673998 21.931603285546494 21.663734508542202 21.08734850822894 21.484175319295638 21.01070119597698 21.771757044887636 21.801078980573443 21.44880800851131 21.207854676515062
21.277637744467768 21.949510715104527 21.162905536957673 21.8913238877683 21.030983015518228 21.255378152778075 21.957569556089478 21.268579843776404 21.16535486338151 21.829646351021587
21.679450221126185 21.973857687083928 21.61529555429702 21.229428481967172 21.728080480961907 21.752024367852467 21.311308543370536 21.27019172818377 21.272525314305508 21.015890975097836
21.104584681387387 21.608151813840525 21.019934481857167 21.22695122279201 21.122675530199885 21.79723189205379 21.698627210841337 21.50362951365387 21.43798039704199 21.99468882716209
21.239626097306427 21.596473262763496 21.64282774719271 21.74048614320868 21.49309631223987 21.386325923962982 21.168095463662887 21.267719591809758 21.19993573439604 21.35936861968916
21.956728588063775 21.614877768196976 21.85380023686362 21.092019995664877 21.409177176990074 21.405446786469795 21.035137590430768 21.63903513089485 21.35469130935856 21.536344728877758
21.776342882606485 21.85974640157671 21.170573726180653 21.173897768525027 21.525936466807355 21.140240292004457 21.07090529548621 21.394547124673608 21.319705708788838 21.673365935240735
21.0169220128649 21.52720163280638 21.838039880454613 21.44382281680062 21.663136792623682 21.75512808035993 21.13122721980838 21.332176421910376 21.246462819514022 21.817497742329575
22.928271792514614 22.299502187521888 22.35001005584271 22.714183881273204 22.609827337162415 22.443459904374482 22.028889593708858 22.16213186023593 22.122133860432374 22.82695216555925
22.872275483385142 22.17760003091238 22.33638229220014 22.372121769971436 22.194137282536705 22.565795986079493 22.61672089820699 22.785294996199493 22.694470615383093 22.287909224179376
22.65015707639777 22.432578815073597 22.613517342144473 22.64526845036259 22.912896473323347 22.32117204641036 22.613380682708165 22.971327367340447 22.500200865448324 22.858051697327028
22.364605125707385 22.054410258703218 22.430635064347122 22.855547437951582 22.089704486388605 22.82762445006771 22.95061237200248 22.332418734673972 22.12128603561172 22.95707411287657
22.811436968472407 22.019400824588644 22.869332300729273 22.835485677936262 22.968580908430766 22.119786836719236 22.460366561154423 22.145582152268137 22.661722181839096 22.798465644725457
22.710641677430782 22.59601999111116 22.37410963015579 22.0769359537732 22.026156520502887 22.652428939838266 22.741109508964563 22.297168931177517 22.284217687380586 22.087071504259505
22.080327210311317 22.083793417728486 22.74442881448221 22.95286568398154 22.849487340173535 22.781929061555733 22.56140363387445 22.150990643244704 22.003293976692678 22.67709426953035
22.527162750162937 22.106022168226747 22.91678194358889 22.913967761950627 22.258088706885932 22.188520789309596 22.27020921624069 22.922383761133332 22.15947738337762 22.432222372710296
22.049329881930536 22.331792367407363 22.1501384705813 22.78145716905257 22.604925238439346 22.809518596090836 22.31016104989787 22.57415037112753 22.53676079556588 22.993504823244727
22.32687504857816 22.21673356993541 22.01967517854093 22.70682283589976 22.857203303432318 22.039522434940704 22.073296439352788 22.939093691478835 22.69901239995648 22.134593999606615
22.191920139449422 22.659054775476623 22.96973558663929 22.572921772085902 22.69737268410505 22.382865057808758 22.327453870895162 22.77350472721786 22.155222452010115 22.56434130348314
22.63778684586401 22.95445221193729 22.203490422375374 22.296169192020802 22.38935745219572 22.534463400334253 22.18305086860319 22.515235581491094 22.59126022952973 22.072866794384407
22.030201783912062 22.890578536893607 22.84787557738902 22.83736135361896 22.99442419411768 22.83905468436436 22.799537431069773 22.370827924958085 22.878137727144306 22.66167381140558
22.141975390875462 22.492055571924734 22.66029969819479 22.62265310290314 22.993116510856108 22.009954942102144 22.561983628119098 22.903594242911108 22.46274588121036 22.05680602909224
22.839612134814175 22.756788773480004 22.8986897654621 22.35331566166879 22.850308553265037 22.854508185095817 22.43259799524937 22.90673536427661 22.223870122894034 22.7852373047448
22.12906784379342 22.61301793099941 22.29715515778103 22.88316033754301 22.253764210222105 22.984966490442172 22.319215751231614 22.09381135670067 22.919356194137027 22.760557571404178
22.319295724661803 22.37665198018377 22.64250347828319 22.45909492548354 22.944853960289223 22.224440775173015 22.150790198124458 22.047578957469018 22.02306112969603 22.23961037140756
22.11541820687331 22.755651582173957 22.076757616306423 22.349470146401 22.35363538113308 22.734704336331856 22.534648940352984 22.164903372928613 22.444289107483183 22.69521281484968
22.915554897298783 22.191329859061177 22.63055866024078 22.876088366324623 22.837816487669826 22.086056038780725 22.3458345687024 22.700813406877266 22.30750497347902 22.922736928670876
22.69187717572 22.257353911067888 22.372865633145405 22.471524806852727 22.722800333991994 22.302319229757313 22.89746826638482 22.83258194735246 22.444090644834734 22.83456547155685
22.900825270918435 22.37098603778777 22.022786236920275 22.409415652792212 22.642777664129934 22.792658108432253 22.823103806278272 22.271896478590186 22.386737743343545 22.37379494944065
22.53121585625714 22.075867636959465 22.56691689510643 22.810389063736007 22.813544990872757 22.425646626914812 22.905955634926105 22.88977113292279 22.66485556799489 22.72770838913016
22.88191216188327 22.202711257580944 22.845587185702662 22.87226564480136 22.827354951366022 22.41246701880401 22.58228908765883 22.07801236871314 22.8583435133005 22.176267621986067
22.010677649655104 22.828039583565907 22.777371156121955 22.675075561457174 22.67775397252503 22.200908889565156 22.071882019251365 22.849068165342132 22.787582648704646 22.058095983499843
22.138764123400236 22.859133219542116 22.77474596104176 22.487492876657242 22.905259129294116 22.998774540228577 22.22015327205801 22.622384127383317 22.088018412924686 22.266174716681824
22.085797835138756 22.45628877446859 22.434574391344448 22.072763966156636 22.7382187410342 22.556286670988875 22.425284962644554 22.112495548568557 22.254838764677203 22.640923876025354
22.07884778493054 22.24512954077191 22.0630134027634 22.83351885430018 22.700770686693144 22.357178906817403 22.048540469547405 22.027667479337712 22.641722971921492 22.555772605868174
22.888543530007496 22.208971530698356 22.391481918292126 22.723542739935773 22.513056419437213 22.7654919091846 22.624227577650043 22.416743747260405 22.28030058857223 22.78915434450073
22.132228147661245 22.324163644078084 22.662560488734687 22.121311863153437 22.937497036308436 22.020988549354094 22.982726743436494 22.427895197246915 22.254792359706872 22.549633579625628
22.015990921509534 22.90305814223609 22.394367852767985 22.43865443758974 22.076839049001922 22.29495241507347 22.13917402666829 22.131205845490552 22.548406418917597 22.823242157833135
22.60874688175637 22.436114677445538 22.679418683184206 22.21519561601102 22.13081105304461 22.537486359337976 22.873360017708432 22.52566738722634 22.181662707511283 22.302866109046253
22.625171320571994 22.62601181620485 22.027687212268987 22.11532660856999 22.72269749022385 22.24794407251393 22.302905359765973 22.22145646999454 22.32326493731952 22.25059275154131
22.391230783857072 22.635074625739385 22.040186195337796 22.342463387222598 22.14716072485679 22.96559787802202 22.2296513292634 22.834759976032586 22.184911131662126 22.150339988158297
22.255380760548096 22.128487268733277 22.69354579095075 22.961622527242156 22.626577568874485 22.544983586782443 22.49443926723985 22.332429232622662 22.55413187484784 22.798010341900312
22.84745100422683 22.99843696843649 22.65069363038115 22.875251203940657 22.3334786397664 22.689608139503 22.212144371421164 22.3480499606377 22.99359607617464 22.121131153816147
22.008593430533487 22.187702775422824 22.381987211563906 22.912849856286524 22.816208981612164 22.263923400238937 22.360303256907283 22.496632725636932 22.78842353311811 22.844003002603408
22.857336064869155 22.9104892874725 22.001376622555252 22.721891767302136 22.331016027508294 22.236446433231293 22.757767560716392 22.400972706591865 22.289944682651768 22.86648128358841
22.88328888830385 22.276782137262835 22.930900683741367 22.6436122125655 22.422009372052386 22.020475733295903 22.763323414992257 22.29823329663481 22.155053863543817 22.047592138752766
22.551859417977965 22.521763475521077 22.56321527235764 22.067017710811598 22.99497084296158 22.645658657332863 22.08167447721563 22.096657602616673 22.175769213904385 22.30106138266758
23.75379170092182 23.005169717319852 23.970652123617235 23.622839195686996 23.680972833171385 23.59322003693015 23.281983982093042 23.531489629358145 23.986902957535055 23.46306873872123
23.172976638327945 23.377366086151053 23.36697804270626 23.441899010382055 23.72608921461906 23.76390549542668 23.67755563022324 23.122150971653717 23.720681097394838 23.680015245920032
23.434683589929048 23.161225523880564 23.031315291200837 23.16650349632211 23.538255555937845 23.3432742398796 23.98502460038885 23.617413305670496 23.015080666992944 23.047392588077518
23.784015677376754 23.47434790273445 23.08314402875562 23.689385989468004 23.499701648710126 23.5103506675363 23.37937369641571 23.908379451748598 23.074616437769425 23.11963031008593
23.764519049996757 23.754892780581987 23.230679572536175 23.030397781401323 23.721283978321463 23.90360561676765 23.175443029278146 23.6403086814042 23.995648193255885 23.961887644439187
23.522366465522136 23.737480848822152 23.796348223725673 23.27427074933651 23.89683099841655 23.71478381398273 23.56377925873411 23.23339191615888 23.286515903155422 23.511073227223385
23.04711785954148 23.999537032990606 23.312926361371723 23.42026975020309 23.187254760875195 23.703767055247727 23.250274828700647 23.597658915041862 23.09316553115278 23.663709976184126
23.798582387859266 23.56251432879334 23.22063692288303 23.876453399713157 23.329780666570404 23.24712412969219 23.714804755287535 23.069574003908222 23.568758738713896 23.174525972214077
23.761748901748547 23.8891918498444 23.44571402470593 23.16073350059085 23.709429618423158 23.383039136718647 23.16182928340938 23.531963152315623 23.664538984418364 23.796884451624123
23.347213246968977 23.223346792253786 23.24937985505939 23.84425491526295 23.558204912525742 23.282842652309554 23.211673694800236 23.032250747528522 23.260557050469046 23.242532806364544
23.620238536366575 23.330347806628435 23.875677470191953 23.539223044846374 23.450766157356828 23.45443543999577 23.429021307661593 23.667236400179664 23.468467770599947 23.304938541173605
23.83289118857721 23.028519288175666 23.44814590285194 23.645724257672455 23.860316647725636 23.508654890188787 23.937289221104834 23.939595370295145 23.422347786711924 23.652105210357796
23.964076633364208 23.366523770883507 23.84801269118725 23.93598041169547 23.319715431899194 23.442379522429842 23.48435154865633 23.04885952273324 23.303327752152683 23.32876171115918
23.08335542093397 23.26966407855314 23.107638356876436 23.87863955554864 23.12330049114376 23.01131228908073 23.34500625744572 23.697863951046514 23.423883853763876 23.344858342358798
23.56588114967022 23.019209996823115 23.157730077277485 23.852047365010506 23.00555521551959 23.983464393564976 23.635252299547627 23.46769393923128 23.2101197219829 23.00117142220698
23.045515638562293 23.068017756375497 23.63882477883876 23.22900403929253 23.672664424301168 23.437047503101763 23.817580000759367 23.836327582679818 23.975639566968894 23.9004296422148
23.12712243401096 23.660375294177214 23.318325337192228 23.35445616658801 23.849417593173705 23.052556230706667 23.0679299534024 23.63785151182342 23.66714836337255 23.203768225644765
23.241318044438167 23.19483532523772 23.413685454534242 23.00318954423329 23.87217645860148 23.760204735157195 23.504722329285748 23.53287455442592 23.796310512470058 23.360655953267567
23.14779654374593 23.629580839023767 23.608029906574924 23.27129168089089 23.122208404547635 23.55560575439776 23.127499392747914 23.692237624231637 23.649387158293134 23.712013250593298
23.837091945395777 23.817517604480756 23.632543578012765 23.50048174076674 23.394197060383835 23.656813468283655 23.33448741929176 23.89410727770855 23.50860076627084 23.440462770726867
23.383776655686894 23.012846019698873 23.18446762407729 23.68902336102765 23.851905157367323 23.015882861257897 23.570119352365598 23.060960876724323 23.028023762065143 23.92106392128575
23.433218894795356 23.905491657577997 23.43272948364332 23.540632584990053 23.584632345159942 23.042340008730587 23.558746392585487 23.582859900710552 23.411155829141173 23.666145506053002
23.803860184837895 23.11076223071698 23.045457858253652 23.430482489410796 23.07025876155523 23.971950224028962 23.6010022783812 23.704930299992213 23.54446910009322 23.517754775290694
23.33038061696968 23.718359886241117 23.243370061145114 23.915127448112184 23.527396939054096 23.80257820706409 23.014300266736118 23.621414173708587 23.486412299188835 23.232699232058216
23.811068547172166 23.139952601385087 23.85686983694306 23.22408625159776 23.23271424008571 23.003545246624775 23.28658580594109 23.490437034008725 23.508153059815324 23.04321178038045
23.33430576932551 23.39356014907589 23.337383635276908 23.391225815456544 23.250189329736642 23.122616876017617 23.258718932237823 23.340292852675528 23.372300672203554 23.52907999014271
23.501545616590548 23.13482733630815 23.56784662878691 23.213387362392726 23.605403738798238 23.005639137694082 23.359817389583256 23.210244322441586 23.438717823465414 23.275940362165453
23.122849859386342 23.151756259838347 23.63429990287934 23.164435763390653 23.006546953067062 23.101048467065844 23.87378389826719 23.990361077133226 23.050150845614056 23.343757324724898
23.899439772478903 23.84568530952995 23.289381692365303 23.30075381910282 23.609354963428572 23.441294971398158 23.524417667617328 23.382685888954367 23.1007599377224 23.756828770854234
23.817406471255598 23.045403976505558 23.066313160881517 23.327934280669083 23.718561978249426 23.525059609312166 23.519450629409782 23.490068279488202 23.681814153529228 23.732644051891292
23.427443504538335 23.66456498310596 23.124144264599916 23.569960535601474 23.464596741788263 23.82054759752253 23.107151690310914 23.4924996298993 23.763060628129118 23.575359955137344
23.67506235243123 23.489414850296672 23.23501647512548 23.00654699048895 23.470303015247385 23.776771180814922 23.767536001149423 23.140014354849423 23.36593012419044 23.407466293450874
23.350204118923198 23.25184827660111 23.503614967587854 23.689700758170794 23.985632709315773 23.57537966298298 23.306552337205954 23.77559987146331 23.054283068203524 23.740426655023604
23.748572586113998 23.032566679273316 23.657553230721817 23.288252338462616 23.403901939043322 23.84217178148528 23.34687522862934 23.90362544331951 23.576429911986093 23.28486277049629
23.561607162531732 23.584473555747564 23.11300595289436 23.763501948904604 23.044793253068143 23.82996993245799 23.342202725419398 23.994718315874024 23.48340457527283 23.069496405611453
23.948146426831418 23.95428554927165 23.628461892020955 23.977776765203902 23.488429182894006 23.301215089670123 23.190481629188984 23.025576303934045 23.695782542152653 23.52497941291795
23.87697434173192 23.600714740797063 23.66510487666982 23.561257350683928 23.041264599103474 23.300741504202445 23.52060006917637 23.903819929499626 23.545690356687967 23.546473787019252
23.182198395068607 23.30365158875281 23.6072783685581 23.494699421051806 23.406094764899194 23.99112849227766 23.590281958170085 23.33869798020493 23.361153897844172 23.983051834157024
23.937505979261395 23.476835429575065 23.621095371884888 23.44356086839923 23.691133214993013 23.702338884907096 23.601786345518367 23.256426970208032 23.343805214656502 23.521459914786963
24.153633028865436 24.93595645303584 24.082000173963973 24.942585756875978 24.23097658990798 24.7547063291136 24.83628855777229 24.59546049674223 24.303563162203165 24.498444218325417
24.936837498153682 24.837528471280052 24.44957146553132 24.57225966122327 24.587572837444434 24.583514944922797 24.875345826779856 24.276460890291133 24.818697674443424 24.9547097272776
24.94389620087822 24.946867839703934 24.05480470190438 24.486021580734132 24.662391303069136 24.311338231739285 24.94460923668268 24.551722592034075 24.9782845202003 24.852840726025168
24.63836824127346 24.87490309150742 24.16437659858312 24.18911534428862 24.270340409813528 24.471009719226586 24.035033255616323 24.479937939905955 24.006180950114185 24.142440219571604
24.728939563592114 24.65523223423411 24.648954002898094 24.689020580802268 24.318187518192293 24.82074932418084 24.462484433532293 24.328291480759997 24.559156693991305 24.542761143993364
24.567060321483716 24.42988263724989 24.687562614491785 24.839191123908623 24.990035846816028 24.55985507044166 24.278210772419826 24.611831588364968 24.212673875088058 24.003743150229962
24.839409032927655 24.942774051783495 24.84460650935902 24.391129461619563 24.9926547259799 24.14790551539048 24.878580478875424 24.779937510668624 24.80012685777395 24.731299609348973
24.8306940479317 24.575228607316536 24.045678127332863 24.416558940831347 24.955120696669958 24.955140584994844 24.049435570090733 24.24464088822861 24.637353832044873 24.055708378450966
24.9017820246159 24.32242593216004 24.016296246728633 24.026657019681505 24.839405824388617 24.182264109115135 24.863056689769646 24.21186005256559 24.8542690112439 24.869961730661
24.753105324870333 24.131007267540188 24.52575925714334 24.817147115281404 24.60847849539399 24.643127626172486 24.496954377502533 24.273680686374973 24.758012996997387 24.657964955555286
24.9778424764028 24.576751056003076 24.766128088288966 24.027804624516502 24.15150468130228 24.815525801932864 24.414463472422533 24.8002024098613 24.38368186229171 24.513701633118625
24.385720105292062 24.841167054860367 24.69181010899064 24.79702571647498 24.39533976183727 24.94870020351811 24.016524917874296 24.13883598965435 24.74419840366972 24.968198825294277
24.456796598513854 24.183895501018622 24.524277568587408 24.094077103103878 24.779274941741217 24.339271561585978 24.999316768725215 24.496065388554072 24.193084356595733 24.790737774472753
24.0037393715772 24.64399682367265 24.593224799034093 24.354153232434815 24.555682948192416 24.22149235753389 24.218898645367304 24.103499818758703 24.263754915168533 24.31680749870982
24.947496376009216 24.0307348957032 24.522172312600812 24.65820514255008 24.25063947756547 24.0873436865234 24.93523468279476 24.0215704757982 24.175591845031228 24.833451757396695
24.889617414720327 24.57958582805102 24.583515939272235 24.577584838343004 24.701762115170194 24.884634381880698 24.275462974920977 24.32863964009985 24.30767973982077 24.381703644303407
24.56765196557717 24.101356042133176 24.033771231771254 24.83291098687604 24.33950472530702 24.117557419687405 24.58980958457822 24.801875125089886 24.571069548904973 24.22765255595156
24.059015766647597 24.394008861687535 24.91087948656494 24.44036905730339 24.325201004563816 24.77791038890484 24.87095537837645 24.79341494692908 24.073235948247955 24.6233812625038
24.83257807733406 24.92374127573359 24.22664711994668 24.483201701738498 24.16461782126721 24.60330575378021 24.444929384496344 24.318644408794814 24.405623779239203 24.194713216144045
24.80793362655357 24.558499260727388 24.567116557631827 24.835475129040017 24.89448836775262 24.387846728517797 24.710049805519294 24.418334827204063 24.50520648176161 24.784565499600543
24.906911107455976 24.865465119421412 24.53248101667061 24.42170834238305 24.0891493253199 24.51460739741202 24.813738049819243 24.194197444279837 24.91355034900903 24.27952016111
24.30907800840905 24.820712860771916 24.48245111183354 24.20757554878658 24.783381356934957 24.842539284698994 24.957959176568554 24.562747268133688 24.6569711800029 24.827263096704765
24.10194710837191 24.097839144730603 24.18209034318322 24.867437896344338 24.907379080043853 24.727654593194973 24.12686374265435 24.527813729140497 24.65156701465722 24.64390886201204
24.704081290778902 24.239451334010674 24.898241975878808 24.023037786332868 24.56905079551832 24.765019741019383 24.202865926025694 24.869658154567578 24.328933982104925 24.76680140988301
24.534398119456323 24.211286324925357 24.155393009406527 24.69740689960491 24.71676900116272 24.81402346187262 24.773039293666496 24.202926015776658 24.514604221238567 24.8242668951318
24.308089480641073 24.979220425107506 24.340279632643867 24.25810946816819 24.22479905670223 24.554288194198122 24.943178116119906 24.05793938868163 24.85165625075205 24.783108131408834
24.857057151246206 24.514855239084067 24.804984749064502 24.936097536102768 24.82772610077611 24.215862304536103 24.954516604008813 24.138294296628235 24.92077039674316 24.316417691771456
24.443661005561463 24.573600425723978 24.517849415146642 24.86174340990212 24.676609452214947 24.306900480294768 24.950133610830417 24.084428515657073 24.11508036981212 24.796595596968995
24.088735826371384 24.091192010540567 24.189422030515278 24.171069582119376 24.814530351596776 24.118281066987272 24.62195544617019 24.124830784148514 24.92354276896684 24.582829392653366
24.984853191293194 24.853549441086976 24.689132414178687 24.486603182910695 24.370514926922244 24.791937207206775 24.998478394444057 24.338913063585455 24.63931336344445 24.044392009092658
24.708419389957076 24.657072117893076 24.827749273336202 24.305557666768703 24.62448624654568 24.275631718704194 24.949467829184137 24.756424643711007 24.297005409351062 24.149728390128352
24.602252801437192 24.891324862510878 24.64944065291196 24.073226703253535 24.50602909510039 24.48214950216867 24.306679318965283 24.74894410744032 24.340068137351373 24.91834616465831
24.374758303483944 24.946096382455398 24.02200495745748 24.974727514053864 24.338564443264648 24.059202374074463 24.876939368411595 24.65385072940757 24.690332651968205 24.243039777251404
24.98180831413321 24.125703011690593 24.879304233687332 24.43984414508636 24.338380070932374 24.944655702168205 24.18169737808124 24.03779549897784 24.427635092225422 24.662125369051402
24.13017999262275 24.603938392118796 24.128962712211393 24.67310739197249 24.213325077511225 24.120032392521065 24.949516485273485 24.63572379519157 24.658067101825154 24.416432282550076
24.002235317092353 24.085153751163457 24.24196742476588 24.046948077708407 24.19545166796387 24.92679170013387 24.247135741523913 24.676737168750513 24.652671814689995 24.338204632307118
24.863943162108622 24.165631701624214 24.468027517541916 24.235436697230398 24.58020259685639 24.920907007473147 24.52106252930689 24.866435687052345 24.350279943684967 24.7663469947486
24.223931189423784 24.28285265248004 24.62863966454434 24.528565356292958 24.75475062764567 24.411192535346366 24.673616663712785 24.776892100070686 24.542762143286033 24.195269896982065
25.87974630626237 25.669736933821323 25.514121172610913 25.814151106982337 25.280772066870416 25.658192245722162 25.881549712995966 25.29323990124577 25.780491205511865 25.876740464304632
25.066748752266534 25.920890806238692 25.114886232503316 25.41128157382079 25.68138243668051 25.758910773405848 25.026529979568167 25.27629866667396 25.360610118175966 25.192536274926816
25.64104102135589 25.85583045683997 25.642555560671788 25.90394955968837 25.57540488724746 25.7670218180821 25.0177680475603 25.873124426958526 25.87926583058007 25.590374338522523
25.73464270265915 25.010768044453208 25.512833196174498 25.677421087270933 25.939932558027706 25.81035280542136 25.698834812782437 25.294400661622795 25.257898274050348 25.969707618375853
25.150989853085548 25.68960792624443 25.967305845771598 25.277365465886565 25.87776173349813 25.28244973323076 25.52239652021168 25.18484026227179 25.98769125181561 25.06383573794202
25.282117202650724 25.39323274241168 25.68139910714112 25.470386231523204 25.96131380094161 25.471041311983864 25.40538600327464 25.449040026431188 25.49825405208057 25.989781152116553
25.964047361135947 25.16399725684976 25.74476006670523 25.914990403635297 25.23885921148921 25.814533508084395 25.628395545413877 25.022429623431364 25.04748049691713 25.330073251019282
25.210565981620633 25.922757017177478 25.590556197267183 25.288011950674953 25.37005471717858 25.872688266642694 25.880294720207736 25.26012811237738 25.678431745582234 25.92662672696251
25.522432300221766 25.9350276286388 25.401935648301514 25.13997608790289 25.231985816359256 25.786914867793545 25.463844178270737 25.473824271795817 25.503234693261902 25.765086094381633
25.632011821950773 25.77041372376782 25.925661929428813 25.463892670355136 25.158167916269093 25.66979006728888 25.740122549712737 25.499522788799936 25.588731934860533 25.620247515471917
25.363297841150843 25.36780213208714 25.49131733818829 25.198665997295922 25.773531951658544 25.88631577949112 25.396759296617144 25.801561365083973 25.847436953993785 25.43450444012003
25.343415150978647 25.3936471147052 25.96419155929681 25.596990620830187 25.02865137034294 25.407932059453266 25.453247290525855 25.488241064459 25.72184415547292 25.079855125621567
25.751195556555864 25.990773885158436 25.773885237079302 25.46768513738887 25.454837750533265 25.374470153977313 25.77009834040371 25.16239017545234 25.810039736302457 25.281151381613313
25.11663584277928 25.222406784815963 25.55974091576323 25.856435735883142 25.124839457863082 25.182217250517358 25.489527501161998 25.889987529888586 25.463712504737366 25.07836843847133
25.455468472371823 25.185626150558726 25.187565475316003 25.312542990988888 25.156451531519213 25.02436186820105 25.41406082693948 25.828520216181122 25.422045906027428 25.506277889175273
25.1272970198826 25.518339817378237 25.326957665753866 25.76127925961046 25.511235419204393 25.992709548809312 25.0144321001656 25.504081049915634 25.68068832175961 25.85167298011015
25.713497154061287 25.17540967911134 25.670250279026888 25.37378102016123 25.06873069351173 25.959242706867993 25.065968467022124 25.105487307741956 25.566273510537354 25.29501427230328
25.72021278978752 25.177213767578756 25.536099147742352 25.114064534082537 25.57711963803945 25.29850953904011 25.938090355845677 25.921213530805456 25.75414770995154 25.29195297850298
25.89826173320098 25.015190732985133 25.674698442318785 25.713922768601847 25.751506169672822 25.595754029352797 25.227417248482826 25.58009120244133 25.168532823123456 25.240682598189416
25.639706389612332 25.46446883908056 25.797202635862007 25.25243005402726 25.996143712854114 25.273056229681963 25.732256741541725 25.672076164782094 25.106916147092804 25.806635604583455
25.042472521782773 25.33731608227398 25.737040698219516 25.821961353049957 25.530570264748345 25.221578802736307 25.044059401464917 25.67658460772733 25.878733469353342 25.43296673472831
25.440059415889326 25.79977471189393 25.34139414815043 25.674561357989983 25.993282965268413 25.170475729842668 25.186973825537613 25.671740092448353 25.915256062617853 25.70296355694952
25.161560039165828 25.057501966614414 25.64127912760358 25.941845347739093 25.350037031294566 25.47340099212837 25.505286597876296 25.75026991920138 25.943978693504615 25.19153761261876
25.034496491654007 25.7386936251998 25.590650406229408 25.392160155634787 25.444935374513786 25.026273901369795 25.193756056654532 25.341780055004538 25.00583778352533 25.552937763190663
25.264105019287527 25.108305744088508 25.559083624900193 25.56740079947211 25.177163388683738 25.122552053054896 25.629250658707793 25.104887082820728 25.984492579598182 25.849583394000774
25.240524031886896 25.23802831033793 25.74736752479283 25.068700284504605 25.768617715009963 25.6353963850603 25.713405732335172 25.77748103511379 25.89902796037391 25.49435008468237
25.040827725401137 25.533141086741296 25.037352252361497 25.22835382633168 25.190008014076394 25.12357476352014 25.323071228642256 25.383651903968065 25.548265305056685 25.820795497640333
25.735105802067697 25.136159448504998 25.331379532154514 25.111091972854613 25.645624838777742 25.376656673604987 25.314112084172915 25.71906965912847 25.577993615736546 25.830850684370592
25.48204507696619 25.946848084187785 25.855416865720027 25.88059456287283 25.268344411675148 25.835036784407333 25.28874453134171 25.75353113358253 25.641590307048833 25.418712950755026
25.04507200621956 25.530654387257474 25.944608333173242 25.39947717661494 25.36318151840089 25.9847587736826 25.049272708441862 25.883763404810175 25.837534443343824 25.607472749850814
25.088542853909143 25.447932358295187 25.57943886524761 25.308549908649876 25.754533467330333 25.682278059990473 25.68218102700439 25.178316910845567 25.91020687854636 25.538929508880994
25.06632252644266 25.39265508664046 25.052316294386188 25.26273054590934 25.96203035909103 25.809617730411013 25.98451669509366 25.419532738947552 25.997219734864306 25.057763207406094
25.912099943302046 25.55293775775014 25.103454567617497 25.948509078664387 25.053599726591052 25.298377137671007 25.22596426986361 25.85829022241959 25.77954997764504 25.36251888779564
25.129799500026294 25.32102973764886 25.234971246487007 25.63634205519387 25.431063463672256 25.447408357623182 25.37969669988901 25.851821888721496 25.350320097705264 25.94464427098927
25.389439952698332 25.61501972769581 25.584693285295145 25.448972492795676 25.400545087325156 25.3524734559634 25.125836868127895 25.602738744575486 25.652648790807856 25.693135684519373
25.812867770339647 25.808999679608597 25.186023149520565 25.074708769204396 25.902519777085843 25.878748153924185 25.384157390777876 25.911076873785944 25.963188919946962 25.849358141794593
25.817174917103195 25.48663725165525 25.9552057828994 25.097571150996245 25.03797218725961 25.85368417681947 25.44658367255362 25.496321985367395 25.21050420087123 25.400600713834294
25.531656521339 25.771928724954925 25.708430550623707 25.43146509135108 25.169433527756173 25.40664791016259 25.11237568118265 25.05177983504585 25.3391619533614 25.401323018237836
26.355345125451848 26.890383335778534 26.62250394009711 26.963830158089046 26.118379220753848 26.704205669638526 26.564896551448992 26.72125241833785 26.962314770669806 26.710381087398385
26.443078920484144 26.367189817996895 26.09656380436083 26.56933201948392 26.871434157030826 26.750339307831638 26.132108216105593 26.30279061433534 26.016707672488153 26.286455072729236
26.643447512662018 26.07232518839356 26.05882786870687 26.233026635402656 26.873026643388478 26.666791200351273 26.934969140816182 26.80448815808613 26.45170934504023 26.751227131277993
26.334660922390853 26.32549954883636 26.580151685952206 26.415067742278747 26.375661038434583 26.620815790631436 26.7184698276741 26.324148580821124 26.383475258369284 26.62248846880116
26.46538473568322 26.828827254537593 26.72181929669376 26.738618856422775 26.973065767251143 26.70964812722075 26.67698355012746 26.872609658128518 26.9401841329335 26.852329578523054
26.98597443787448 26.107837961133004 26.95322631750068 26.035453423986493 26.716471352687204 26.979899672856178 26.704906418011635 26.18708846426883 26.85605089646359 26.947050939117297
26.40855589032216 26.920681277657064 26.148795376275125 26.13919999561714 26.548657587572247 26.895899284920556 26.429315796029645 26.716778452507572 26.96023057949827 26.56671216112864
26.94738413328416 26.203047857658756 26.113561152415627 26.176849767489973 26.95078320055574 26.966874306879692 26.395814187561868 26.441875990412715 26.099647359228058 26.627729795943694
26.799980999472783 26.788433854321283 26.99688520298381 26.883710768133138 26.935309789451278 26.165197700995805 26.795596586076936 26.49217084003825 26.14261558139583 26.973089654683115
26.642582620437686 26.65043957452021 26.517965968289577 26.53518611127192 26.811520461071897 26.810943917278077 26.533758512616096 26.740369673306493 26.330578361746152 26.6349656492095
26.734990263452534 26.78915862420272 26.305196209136714 26.390543983661736 26.837604976889143 26.476539696849724 26.355239450500843 26.154975409086653 26.077581351989455 26.69957922900978
26.08599018747236 26.193766817670642 26.80883962401627 26.06606358622371 26.80247888373341 26.842000677806737 26.028708063576193 26.450146805051507 26.997948757535898 26.44942167899117
26.721604793139758 26.091959738870955 26.499784125564823 26.467156612249426 26.654754611033564 26.370361722509312 26.540023285418027 26.551830088481182 26.53417434320878 26.691492001724715
26.43261507595176 26.641940768071954 26.23482457854053 26.03050524008852 26.985867811148168 26.321714095897445 26.155739321814973 26.539851441601467 26.256078026057054 26.429249283636175
26.61910971433919 26.29468759425989 26.757115743854722 26.788629591839463 26.631711498705606 26.68448486196466 26.78078177276985 26.149766746456336 26.257730099994628 26.179621229635753
26.05404189872962 26.905101714207028 26.313951598670286 26.202726852792512 26.561781919614656 26.918885803400183 26.091451541840915 26.616775355579247 26.99751588254746 26.852617659757907
26.332327686414484 26.905390986816332 26.969520095368587 26.699312713711688 26.745686883336177 26.46556819668436 26.786153359755318 26.849634167129746 26.934010605171036 26.55897692651036
26.37166378234978 26.904515315869908 26.719187031804044 26.375252921059523 26.622571258037443 26.621755019165565 26.506912465555256 26.349149554288527 26.30475347824572 26.83816951049465
26.508828346130237 26.343153830119306 26.41265325910651 26.944235406223786 26.353674393510857 26.558146063274723 26.76456301010436 26.504760380136243 26.861902469464297 26.066908816168695
26.49173183479128 26.916969146512724 26.532609854227303 26.67876791831403 26.99407979141193 26.576494606953638 26.59731464999819 26.438374425615383 26.88159285379738 26.882115046336885
26.332009827930925 26.437613110501474 26.398010669517035 26.551679914237276 26.687097252269943 26.776849720359017 26.832209443894136 26.14451870176886 26.19421602777063 26.450205681950983
26.462719982961513 26.389728200231644 26.539644390305384 26.649275416753913 26.65211097844201 26.90508595757891 26.155868353744157 26.48067839856654 26.81050616888176 26.157938395687687
26.676073781549068 26.375064114714533 26.08129347713276 26.067264287683102 26.12073318266758 26.52866488443649 26.76712269812524 26.475215408126193 26.241122684220084 26.563218327328222
26.710577967859738 26.82678824588691 26.53151808463701 26.216057356383377 26.07145011783024 26.78788129600107 26.039983458250234 26.279392280006785 26.201322704709675 26.204845467251968
26.25707990126138 26.196286592665174 26.606225239883898 26.76273496868837 26.04248544107694 26.69055379466051 26.309395677234633 26.93481925710414 26.76143208158897 26.558779924183035
26.278733472695585 26.332516786458008 26.546029267044272 26.284902533400075 26.96731359656815 26.36276403194381 26.870957473399137 26.4512537108281 26.430370982901174 26.178933976374367
26.438679822495494 26.014700894898215 26.928453726488996 26.271770073959644 26.706233069278944 26.392496635214776 26.40398276639165 26.688403618262424 26.253824240982052 26.95967368145442
26.727244588534415 26.790373468525893 26.594872659286956 26.998299926255797 26.14788265218002 26.665668915519845 26.957801018913653 26.358632852246163 26.959242080629576 26.795168021660697
26.929292159346545 26.452253087994702 26.70018534998667 26.067768737253793 26.611619899011252 26.916325651484623 26.241495704106736 26.49429652578015 26.168629793225726 26.448590963699438
26.76441042097465 26.79390489469291 26.355951366473036 26.021618183052837 26.225100202013525 26.10321670074777 26.60922664638405 26.081610040157397 26.03765942808134 26.509271638445174
26.54324051195721 26.918095822390438 26.99363935533519 26.793224148097117 26.59435478034341 26.938441104844323 26.51789371650165 26.446304765921354 26.24524161551219 26.769812010494412
26.0908452103718 26.19757766672354 26.18595056545398 26.69033353300132 26.97294570524035 26.88775306142265 26.71163274080238 26.75153305201363 26.20401677216912 26.899290322098846
26.634784696130595 26.095761479042764 26.21832147425984 26.510253817309525 26.998663584896338 26.395136520122445 26.315632319203154 26.477860402180145 26.918564308893696 26.04265346689722
26.659224306759242 26.877383398981955 26.948938464502646 26.71146117429699 26.433635981113653 26.723055660087912 26.476873617884458 26.164901827944195 26.288205851780077 26.179839157978897
26.776241041450184 26.747765012882887 26.216804926169424 26.238407023063846 26.521858890202342 26.818308245219562 26.579850935309178 26.57040889692182 26.75930642535921 26.490947236702276
26.061603315158624 26.907067980746646 26.553564689824675 26.451121398067116 26.973902245489754 26.69138437687459 26.798447666081795 26.276690797742905 26.466929360936394 26.94269598873841
26.958826906982658 26.654323360789835 26.888231255387407 26.24207466106273 26.83894222170407 26.114681584848654 26.74316168757578 26.498012048345757 26.822629330390107 26.426820607917286
26.81881465890994 26.25126423143542 26.65288528830171 26.060265355024733 26.39316238994058 26.341679083209296 26.85223938163784 26.126995547646636 26.64681745297479 26.644412976577026
27.24426862893811 27.55561903272248 27.365421413538435 27.36998710057456 27.792464364431297 27.84168423238551 27.730018317163612 27.404397576504305 27.013030337828106 27.730860415530586
27.999734026273682 27.836699695113015 27.674659881471523 27.312558804785713 27.69936193856559 27.062826303842503 27.161560186448554 27.667097724396562 27.001827513688674 27.240816659403716
27.346433886606437 27.54910812532015 27.69179225404635 27.482985128863973 27.407042189171822 27.715853105028362 27.82419730702928 27.062159160318462 27.138137963140245 27.416360400805104
27.950335772576278 27.081968525074647 27.959971129256445 27.24574474703071 27.57408208022887 27.515269306327674 27.005232790575125 27.038822367788143 27.322195192098604 27.250136817272693
27.378218591660413 27.728097300753735 27.16515250010673 27.799464554718625 27.92315606567119 27.123425065966224 27.908759451797852 27.628056589659987 27.613054298016984 27.384136711759812
27.09181928821638 27.63020309818969 27.976099025204757 27.549131764609005 27.371436677278993 27.151080198475096 27.813529422006848 27.866425849859432 27.455067388992994 27.086916463416543
27.83109803445437 27.8208652329142 27.64721601795689 27.021720645958148 27.705627971039245 27.697196985566865 27.11872211870212 27.062465841033575 27.53884726213469 27.235409790610074
27.077864707506475 27.019978180491243 27.612592398385672 27.43623767719096 27.125053814167494 27.84937799964678 27.852638913258364 27.856944711333732 27.20666684586217 27.811774797768333
27.432829807350345 27.800985905344927 27.7486270420447 27.648017340574334 27.506836988491813 27.64986549543451 27.74660957051533 27.165652866277263 27.141805112786752 27.211491189453866
27.817300656650367 27.031850266306094 27.14629116814502 27.366548623606203 27.47392358498475 27.23789417860774 27.6343270521578 27.48289741128518 27.179285057686375 27.6549579946951
27.84809673720713 27.037716643273537 27.050883764363128 27.33621571892316 27.973633567911147 27.638104027926534 27.445162824110025 27.736954163235694 27.42710700800695 27.163059608918626
27.031776261922136 27.822198172438554 27.363682937654943 27.063261719611475 27.383778889225127 27.11046358640935 27.966604551790898 27.94976894596181 27.55593841037363 27.062603862123368
27.411056481001577 27.478758819541284 27.600906723817634 27.866318175176648 27.265537092300498 27.196640377780785 27.48177767040641 27.589739847898727 27.49287948033498 27.448354489146745
27.37959649124506 27.881626403948285 27.143724886732 27.671401754514477 27.965675748732618 27.881022821393774 27.29716637533707 27.399115470226135 27.81111176796319 27.7658726544885
27.79644533540151 27.07892240088378 27.739684220219612 27.41790182210341 27.851996428944616 27.374811952720098 27.59536074124529 27.010202486807668 27.63980145923378 27.967959858928552
27.591917962605905 27.93429528135217 27.609926453563386 27.995429486417162 27.139728350917387 27.375050248453835 27.33828014286006 27.174100784453994 27.80355264151944 27.01469818893854
27.404046355626562 27.34545258710931 27.83521551783293 27.801265228722144 27.95590670048695 27.646551567612004 27.54633221902073 27.452116253942883 27.34208409477483 27.763576719622243
27.638791858855036 27.37989258292744 27.422401759179124 27.75643563757632 27.494493297083785 27.025982742814634 27.954966225527162 27.756504792527416 27.340867844805256 27.165765225808325
27.755747068871923 27.43425311859459 27.155011948862363 27.61021453094572 27.166240282443468 27.50948419876004 27.146793047016164 27.87006315017608 27.73256591338176 27.7341594770012
27.67007961818653 27.77156359473831 27.89876507979063 27.71624100633661 27.451286376792556 27.71699619851328 27.947725022302897 27.672719206453632 27.09571440323874 27.268420174900054
27.38507555179159 27.700967281242235 27.93470473245076 27.999766602074494 27.454563710212728 27.43979090040352 27.41041365665384 27.11022381562309 27.497827943698592 27.055017915713208
27.36005626371447 27.120967531260817 27.427156867402545 27.32919985592272 27.75775447876261 27.08763854763299 27.666732002122046 27.260973130249614 27.699664571279115 27.15257406867804
27.53601777442509 27.98685463985201 27.676848133080725 27.933648516621403 27.19837610151601 27.02672304493526 27.470389969366842 27.200682602781136 27.978647148609106 27.82396356022694
27.324554759597113 27.52573028779568 27.065351694481365 27.302230346838577 27.4063141812381 27.11015497155852 27.35633465560241 27.693007734718886 27.943364571425814 27.789258016300533
27.481083477273145 27.20162753102822 27.847794632734875 27.294323793742876 27.838619078026934 27.174126527682443 27.078851783715344 27.212297796201394 27.826771129181893 27.30330482393339
27.47579455735934 27.724914892319035 27.306813441362472 27.069572010294223 27.3006076466443 27.131947400136283 27.746849382253874 27.050645110120445 27.270395443041405 27.367343434080173
27.418001341296613 27.953888371836527 27.43055860042915 27.202377789381057 27.479372183162557 27.226061993567487 27.822397594514737 27.59653971235456 27.780910690701234 27.877472824852134
27.532576006129325 27.704732300961037 27.737727502530483 27.72099745606959 27.376915512818 27.37846111469773 27.68507116772595 27.571173924773163 27.167283611736618 27.60904027153355
27.710089097406296 27.074535146998826 27.237874037204325 27.252446180320558 27.074661560817134 27.749583988311244 27.665969050871777 27.548300818409793 27.993011029687437 27.50328571489761
27.412311734908855 27.39956737100454 27.70845344861505 27.360681300243954 27.427505570828277 27.11489352999001 27.52557187949264 27.395200207678993 27.623397536211478 27.33213851242878
27.697257149767516 27.879478994050487 27.492190220230828 27.139471823233343 27.840474165702062 27.48996819778159 27.07106712259635 27.989533343395482 27.860276447667744 27.99333627367967
27.89640489421434 27.862495638479842 27.198505875416267 27.218656457887064 27.569185043093498 27.275471316142962 27.591778241221654 27.276588586231938 27.562006310928716 27.158559460214114
27.422769800816493 27.92524456787641 27.938139163461752 27.32192694367198 27.179483410585505 27.702152882224837 27.724351250219957 27.22367201371306 27.49908751812209 27.942713897031105
27.781773356243026 27.0148188894284 27.766085101133125 27.08776431245342 27.15286326985396 27.385643886937522 27.2589835208631 27.7463459621758 27.027564745774523 27.566635132520975
27.395300662439627 27.824500267147116 27.668047282287567 27.947739300950424 27.71165652842841 27.656886523812187 27.858952079290628 27.171150515575878 27.833863646706458 27.485248635425584
27.708858006187615 27.22574827077062 27.841343713075354 27.81623166680992 27.918720964506303 27.025392524119084 27.110861842644425 27.16077575117094 27.954328742757706 27.188635506604967
27.93648415855615 27.408292041439715 27.9123526714736 27.254012252788783 27.965827890800547 27.621051089583396 27.25336663263451 27.36292208130092 27.767088120561432 27.34769175718359
27.990242455170048 27.521216086893862 27.64698847869711 27.64948418798821 27.366620686951116 27.91095638532555 27.176717813540357 27.90895774002902 27.537693806037765 27.365414853455018
28.751078520207773 28.147730758303513 28.274328830285647 28.043230506872053 28.90548651016448 28.018856276649913 28.251594845702424 28.541746380026503 28.04612663791403 28.85872359139673
28.054050152235114 28.174898074111788 28.71048184935819 28.18453268284103 28.632683029221784 28.90762795466467 28.46861783877684 28.8055850195735 28.582188657486732 28.48665030069006
28.100019625072797 28.280110439629212 28.27230452755508 28.63649470729775 28.736440081846354 28.794076917406457 28.563214867588933 28.80010590640517 28.24813465953226 28.66440609950645
28.56257454846053 28.79488044311595 28.26902079970785 28.576244463255314 28.640491303523945 28.927871706323025 28.90571438492714 28.352416134844766 28.70884458953265 28.567996776872892
28.356059453988667 28.522910200479263 28.59260829914173 28.908429637124385 28.374682057659737 28.213232038388593 28.173383395676723 28.668967284982042 28.766262611307344 28.902674196009922
28.869136331019327 28.78600679787019 28.861635355776805 28.41703979573054 28.929177115543155 28.716872501947396 28.237487791353054 28.115076947044653 28.96970097952928 28.8455847284675
28.77734679940515 28.60386027063418 28.152755794297533 28.618762366253378 28.53970213389235 28.475581198606882 28.420287131364297 28.463203884623237 28.798532407928143 28.496686347438327
28.23495161529279 28.240792039110715 28.052162322655807 28.400028644730398 28.35067809871755 28.981720031757206 28.758294415320197 28.931673468263956 28.23849572254542 28.90363767883156
28.046221969363714 28.086228160302042 28.926936570839572 28.272168330397065 28.681644762851192 28.5280395657204 28.181359744387297 28.487348116582353 28.115172530765037 28.040331603374952
28.142833170028698 28.89089167906453 28.532515302336463 28.470330648852446 28.774747874169055 28.180788830023136 28.44252444623652 28.045653380501378 28.724128939180172 28.992589511858547
28.4886611236706 28.12570855711496 28.494646425598635 28.16083458526496 28.850134263342277 28.42159016507452 28.149618240756002 28.40944313245702 28.81086309628286 28.46891671543357
28.115836591931117 28.736466674267525 28.81758416322937 28.67029701338246 28.042838059024525 28.556474102117782 28.62283613510998 28.53758056160023 28.087276901910368 28.742931289471972
28.914220435570567 28.85877594798867 28.43835007367311 28.073291636740507 28.168249168965513 28.39049848651284 28.377761436954692 28.221115208660205 28.33525651771776 28.334033543714842
28.676501772314445 28.362385567823164 28.361263150538033 28.291579965958256 28.670760354641132 28.66729501146068 28.483347676768396 28.61896345918061 28.930572753922924 28.43412081492416
28.696993510580523 28.092086791503075 28.037348656320745 28.388415918535607 28.78704267353694 28.5866104566265 28.620212587579214 28.718589902111976 28.83830307514832 28.033833669409677
28.466129587457246 28.748056944256135 28.19751943497965 28.260471949832265 28.215076460515863 28.754479547969865 28.44533182609611 28.44600486255163 28.879059063006807 28.338238059019673
28.055010588154737 28.83849330248193 28.182564644565904 28.91510766047175 28.064169695054755 28.05824246624316 28.512077007242514 28.36222611907114 28.266325129757586 28.788413505383573
28.083572499295048 28.581787086671824 28.141078793450212 28.902663089814325 28.78945224621039 28.76349540154332 28.984872568600814 28.112116836497016 28.070156780149137 28.424672172852528
28.478671052718436 28.027458974430814 28.07074690927576 28.885999316313626 28.234595777825945 28.12664743765121 28.289024694225926 28.701244492523976 28.70044774433377 28.49473980490001
28.899306791682267 28.700909214348798 28.169218797358926 28.359542508762082 28.94475207549989 28.732594058689866 28.54010715927854 28.385271566337174 28.631183850649276 28.884977035498242
28.90821574143991 28.406140777761095 28.02663678683306 28.96765216170604 28.02202641738244 28.78276854697115 28.573396996357246 28.28567739503253 28.140907267806327 28.84652220781564
28.953093504533687 28.295532022486896 28.849323991633195 28.960394756007172 28.010437566413618 28.558285933844154 28.94009066650213 28.56973526477541 28.637496387676496 28.51613379726664
28.565909029645894 28.242131342113815 28.747925712204122 28.010049896685533 28.4766098982324 28.10296820561471 28.729375765594664 28.12916978839434 28.308923647610438 28.261665618350012
28.052323780248173 28.936607249271272 28.576271826500662 28.79332030102297 28.034874921074117 28.85176646442509 28.217984688686467 28.59145853986955 28.115613356547552 28.985810514686552
28.31051495109637 28.939829430561648 28.370373586948045 28.524799360053052 28.81763086039496 28.96464662019853 28.42384154295693 28.334111721884984 28.062236656201968 28.22341237332176
28.353183957950776 28.318117019564422 28.93938188453678 28.562434543827358 28.658443453940457 28.71066468397072 28.758185675567663 28.032373822718252 28.88322603669451 28.394810568446154
28.99981562634149 28.08963470678189 28.009246674106308 28.55430064887094 28.209325452747258 28.53114061971878 28.31958779525318 28.44468471175005 28.70106939679251 28.611010084476366
28.02806410608982 28.838533830666027 28.750575195700723 28.569877195890307 28.60587726178953 28.747086810903244 28.470172192043922 28.37107650205054 28.40178153777305 28.34975309515165
28.621334430416674 28.78263874291274 28.848272140369517 28.673250068532735 28.203613281564177 28.070020594734903 28.273845903925952 28.453755659699507 28.778197636793667 28.471718107393613
28.100173425199703 28.788307048311857 28.133554303802704 28.31838986872262 28.99306096613769 28.635779580179836 28.081264987500273 28.125842964885955 28.357369340137996 28.96313001388178
28.88209030336639 28.24321084461817 28.418596021044976 28.349190922265432 28.045455556986003 28.669879115481155 28.01761580394311 28.15615402328331 28.01996662263289 28.468191731194267
28.160114576792704 28.95798189069125 28.59822920762758 28.79369655173652 28.308539550947394 28.775339255501418 28.696157446866057 28.940665872297416 28.381928600283153 28.808236387484126
28.535123497830895 28.95785426796917 28.437770293882963 28.780428796130504 28.154712431472774 28.327932064456263 28.05008519319276 28.713719011966383 28.614511647709755 28.92376026051035
28.469208274612598 28.93565790427739 28.205277754358836 28.955648174297743 28.751291336565533 28.3907439362949 28.482988033821634 28.905962769908108 28.179333060504106 28.87307147199773
28.900648397589993 28.22284608305705 28.762643762078667 28.343069031464086 28.583852372925378 28.547088275604754 28.713890691578637 28.56284128590154 28.32969959057668 28.98016048157656
28.44349611340148 28.276356178415575 28.649589502358232 28.75832040315431 28.993009206373074 28.47799822334053 28.956819406675123 28.29068761938498 28.68044576118853 28.90470876073481
28.272106956423873 28.564384712834837 28.48893966307504 28.979469210703613 28.29366903253683 28.092251365251542 28.412372963338452 28.103280544351488 28.21030544413316 28.968347628701743
28.058796763129056 28.958999954172945 28.11347495715861 28.238063566482047 28.680618258424268 28.14762164539225 28.373140274875297 28.71250506503581 28.199944311938708 28.916065549568213
29.882197601885956 29.560926148659146 29.728135025639215 29.9552642564823 29.64559572087584 29.500330054917363 29.540535771658856 29.24831497226053 29.792788144255947 29.167963398720204
29.460519468094475 29.730689811038825 29.72595119759583 29.31027828308948 29.13138534595427 29.0879748103144 29.781440266998853 29.75103997478994 29.71032442016835 29.361333535961386
29.478244810611542 29.711607955009296 29.105575857725906 29.156868975436474 29.15474240495227 29.94802141180557 29.996062772384334 29.162283047204337 29.55384107293716 29.34236982676393
29.52220962492675 29.362710072052717 29.706637496878464 29.040032956924293 29.717307592520392 29.817326931185857 29.286009064036136 29.959724058718052 29.46070890094227 29.10931928575267
29.454095718081213 29.519873466497913 29.977294103127566 29.61400978025408 29.111416724347084 29.72273997833994 29.68207151096267 29.54343061298341 29.370407312571455 29.316739967636487
29.474430869831732 29.320349722022513 29.022448174968158 29.617834871180694 29.423488690406224 29.210735794043043 29.74500082931479 29.712419921619556 29.154125561762243 29.300874799036517
29.80424995749141 29.187008354840025 29.142730659963387 29.843826181038164 29.048693888760678 29.234106665517 29.562332139292412 29.71963452915564 29.060412554639885 29.96902829843104
29.27870675705641 29.254688029515094 29.433282015154308 29.058994838310074 29.092225344525666 29.9278427423433 29.281193272963446 29.313724671014196 29.344605948856774 29.554407020746222
29.244372280851497 29.71581179686587 29.565408954831508 29.383808076402662 29.45818718352219 29.479547586986513 29.92002436039076 29.17273864494219 29.17636782712874 29.118441313965747
29.839063890931936 29.70280824970191 29.99935170262463 29.1745457158295 29.358485665227086 29.400200572746357 29.948509359508254 29.21679582451122 29.380442691996603 29.684564441273757
29.94829169481394 29.950921361454753 29.276760935024082 29.425343056686334 29.63088025578488 29.80009337054689 29.000116218279285 29.415972082596866 29.761711015445535 29.113318549913956
29.14239398169487 29.08985416794183 29.999281064399693 29.237695712389563 29.185379205512685 29.79674419027837 29.14893666724428 29.051000095436226 29.525838587302303 29.834155321507826
29.54788008350124 29.192663674546708 29.725220643352873 29.085623581198032 29.727422181088425 29.154070184725164 29.833613692695057 29.556144155882574 29.038545924999188 29.59318596274548
29.56826549033162 29.314820151487336 29.498136089934842 29.72389866554538 29.588882962348368 29.355740347019303 29.71576852298322 29.397037885833832 29.10509361565158 29.670329508749997
29.394742024176274 29.537903125045442 29.57586504228995 29.387891087395047 29.56607476648347 29.934225987907006 29.316342726151774 29.18578919105118 29.410476319696865 29.97884524932083
29.414480339978763 29.296692234618526 29.250845014779728 29.862975016970307 29.478000893106742 29.347528829137204 29.056630076698703 29.88879748260862 29.381641127304835 29.95328131653815
29.591436697587326 29.024213570767586 29.365295563846797 29.45847028424731 29.156540971969665 29.557936470166908 29.545590862633105 29.470158985867894 29.73552137008574 29.729714197885844
29.146584888929517 29.858534140331045 29.229001889325254 29.508319236175417 29.529699153079864 29.714594746213738 29.38354134316141 29.26904483865772 29.408657661254082 29.349208903407774
29.964992274391708 29.982798766974902 29.47211831999991 29.79377343075965 29.704192161973236 29.67048746592872 29.004848390752553 29.41993895160574 29.551638332239342 29.299234690211424
29.997708309248086 29.234338844091653 29.81783734378492 29.001080176911543 29.667373371465445 29.123987610968964 29.84730866693742 29.480155980973386 29.268635737829857 29.82899031081158
29.976761312896485 29.740939154987977 29.5752943614933 29.70143157193273 29.661751325077233 29.818031229025312 29.43005358753668 29.372788995904383 29.821167114982504 29.01701662602076
29.31951584439023 29.29694289489607 29.645178566663365 29.286303316269798 29.01726764265454 29.761829777763495 29.33982493062571 29.731451160980708 29.956222201918578 29.370014946451914
29.540205750102764 29.956344358916603 29.140796070582752 29.176935024748133 29.414277784089066 29.869666427099794 29.090161236117165 29.645288253932925 29.800550379020173 29.830487398411858
29.515728279704334 29.32502692789489 29.075510474565522 29.52337476170714 29.17917999062271 29.700632940208695 29.830397645475497 29.751290911673205 29.651789341586255 29.96083386893962
29.851988431422313 29.413641797618542 29.50141928684517 29.54064354012782 29.34833882278543 29.297192647035587 29.770516268313145 29.161587856251547 29.8379720512925 29.949168432280075
29.476573260212653 29.753202823287587 29.629788551952306 29.82470859568317 29.265952245768172 29.07736873880362 29.361013598510166 29.10494610876608 29.28262002151404 29.096770610789328
29.63178750156232 29.06733394024824 29.775265374435076 29.129751731592144 29.37754210008215 29.65644218511984 29.959429810511363 29.61605396479302 29.25409633339745 29.951301693495036
29.17569778756702 29.881414372411623 29.97544307082354 29.554471069564563 29.440656804102968 29.63371507380531 29.240487699492288 29.538355518592052 29.07425164614216 29.049359212429867
29.612539148050335 29.475907845918936 29.205320894055426 29.215772787831405 29.474141957011042 29.255693106992425 29.606518320035924 29.38440851693148 29.969877748750122 29.835400327515227
29.490485618937022 29.9583544765024 29.671053393731103 29.82323601683012 29.6110566960363 29.389627092410286 29.54873207449344 29.79323585417219 29.2564385727213 29.19345403764849
29.7253527324648 29.538382563918336 29.495727123297794 29.100329747346755 29.39022195698625 29.04451931441318 29.34578052684757 29.961352617671007 29.210452550743597 29.8283998843247
29.362387272136527 29.398329271883075 29.546460340534846 29.424818193391687 29.527829401942395 29.34735819155869 29.78992168957012 29.230611231618393 29.206355947375513 29.583081540589383
29.182131976280232 29.617431344781497 29.36974552715457 29.030520139217995 29.54199477347225 29.21053509715044 29.25705118429669 29.17238380979839 29.43541062366199 29.497437532962866
29.12578430095591 29.14197524163437 29.451623370150003 29.4781322835175 29.77620906328949 29.155282463524607 29.417120655965956 29.897679840264857 29.086082490194677 29.780581345293008
29.573974949202416 29.7123169160733 29.880089235976385 29.169846450808706 29.977049745395313 29.83184266359813 29.07638466123354 29.783494648989404 29.623285609431633 29.853888081431688
29.202073472245363 29.32846278026202 29.116318531969934 29.45977692585172 29.05011548077007 29.599347345745983 29.990973412214124 29.377038040572504 29.462063675455138 29.663310187991794
29.174713720725716 29.330230293443247 29.964204789953534 29.361681492008756 29.446917791247472 29.199593295712276 29.25908532506582 29.414667262725814 29.171890921300534 29.686138286166535
29.380071196846572 29.510295412157134 29.027812181636353 29.142145017344532 29.653502741806733 29.634711241174553 29.931353130486247 29.86763280995571 29.481170576755492 29.558159069294426
30.86649524176866 30.09622452201587 30.35525260402069 30.829464062923307 30.866111566714146 30.097924170073068 30.448515873678286 30.851554494285335 30.96616757997743 30.311680866036106
30.584501462095947 30.61154117518611 30.554934749602708 30.187212685557938 30.385574286920246 30.42109750284228 30.17339991823293 30.463415910412493 30.921134149011642 30.586360220606323
30.488092272764682 30.939786744754695 30.233948169071088 30.271297127902937 30.85383895666021 30.407633929656935 30.70947876685282 30.944465269798965 30.611499393970394 30.29946270005089
30.37124580134988 30.706308781034103 30.024517325611818 30.78776127621841 30.834674841846958 30.482623038915754 30.548168868512587 30.51852364280935 30.832548469369158 30.539537562653603
30.94667376243109 30.90019303162845 30.937090812065843 30.02634728291917 30.625876038110913 30.88531277700011 30.346879938269378 30.28474792106986 30.4329896984701 30.48002228277175
30.381197015661684 30.476507886802757 30.089943563948548 30.79563782901906 30.630084489504714 30.67633598327337 30.373148833081885 30.31690882770993 30.545300530045743 30.952680301551776
30.130052151455118 30.203142860399645 30.625520147222584 30.11642051161047 30.23162541076449 30.861243001624615 30.248548171439467 30.755892316467897 30.599983275448842 30.733803540924907
30.63397290634064 30.896409248857942 30.521608024045577 30.230761434758318 30.38160355072093 30.123423837003735 30.559200379911946 30.99970215198867 30.524198403999094 30.29069635995966
30.50896466573573 30.27777055957923 30.057405009086683 30.998316249949134 30.015174538660474 30.897238742791608 30.465497435087926 30.870147650987416 30.650155845688648 30.62713431397005
30.848410143187284 30.28624736548986 30.495361326854074 30.924934478252926 30.87373128414035 30.63302953435752 30.518001398838784 30.845182282349857 30.926733512288564 30.322428540332357
30.327734360615633 30.805983593772922 30.512183162533358 30.801038055786783 30.219207732599372 30.14969441605547 30.173583646898916 30.521179874557717 30.758782694290637 30.950710047881184
30.938672416190617 30.378084466109605 30.557561490568748 30.321118835661697 30.574405526731525 30.430839825628173 30.287877465560847 30.544085310257373 30.740326980615393 30.819493169151972
30.446696090055237 30.725178536191716 30.466135042322566 30.66666581021211 30.846914657567222 30.2934633538077 30.24742115823063 30.409268610740533 30.326337117819058 30.60702378846988
30.452971362305185 30.444381459248053 30.704139852544472 30.121689221228728 30.6676843364149 30.193087260417506 30.58593304899216 30.067085930908195 30.057073743012015 30.687027268277017
30.22106148104363 30.34073737630274 30.832487356132905 30.56467099016922 30.24957751944354 30.378789292824663 30.420588814164752 30.927770807652518 30.841358523201485 30.09103606879519
30.996312335813784 30.853197889980397 30.426129191867926 30.558277204355207 30.625414705960132 30.481332348038592 30.940689337496583 30.081634020056036 30.38091266782644 30.509407219402746
30.27843585564727 30.34630824546133 30.44710832698242 30.60668284811609 30.41630737228498 30.916365591140302 30.40556898475461 30.738054095365655 30.515568539992575 30.012479456505147
30.609341763370914 30.633669824631394 30.14539044300603 30.541170792703674 30.794847775567963 30.674370801682112 30.661972377273155 30.641932297815455 30.85531447375101 30.27622793994921
30.690989531517037 30.59772632084025 30.005268605354132 30.4521906259515 30.607439973689015 30.814697670934525 30.40252713859869 30.60483010291498 30.884503470072165 30.718543791853715
30.66228619402491 30.76139049091408 30.191813942237083 30.83783657128028 30.59732365228238 30.400835791528785 30.163585816581644 30.048691650701713 30.948993806850353 30.742308680839702
30.828324660600828 30.940532260230434 30.835607392123602 30.86539232618096 30.794390067599842 30.529296799444825 30.137954025969588 30.314794056665352 30.419469528934346 30.09229032519756
30.0661380664558 30.905545794500785 30.357059478425395 30.727982174570766 30.707563273775605 30.28954263578099 30.06933994663265 30.35440302979177 30.44281540268263 30.470217736548076
30.12336777832294 30.25139681871407 30.73435617967461 30.859378265454467 30.346302320312127 30.92483392775916 30.942355865556443 30.658703568692655 30.205417102403715 30.02499422115651
30.502656198370133 30.31813321364087 30.099939374247022 30.286679254551427 30.013768718832246 30.574349488210984 30.604299137601945 30.97521568869537 30.52297871273346 30.10478513049556
30.08615779981438 30.120362167072358 30.576037687573134 30.14606369538381 30.537625990548783 30.899234647924605 30.400592738837986 30.52050676312988 30.90436892497523 30.889716114488603
30.93041422878867 30.390318414353835 30.67483702064989 30.557418126426008 30.2456475779777 30.716284288332897 30.00064814977186 30.262113716124254 30.403729256278062 30.836298810297585
30.15918754267139 30.273661991918285 30.566270779116653 30.798760921469604 30.740779702209007 30.772797213259743 30.78912879836841 30.08685523201639 30.545326290340782 30.57875580198029
30.83604337660996 30.151961792938867 30.80709298949013 30.39356690810756 30.900640471672745 30.737914825346618 30.031367046078678 30.68193370183537 30.17725898270995 30.3225564449277
30.422996555084154 30.9159836046312 30.807976584834275 30.129008953944663 30.614361604039424 30.80576779650775 30.85137261774177 30.06631511120855 30.15911625186993 30.309241725250157
30.56798049461129 30.647572510099675 30.04807958333512 30.669559727032745 30.498045984121852 30.403415229573664 30.324943306557802 30.462868767920106 30.519122140027736 30.55967154467903
30.73200162532185 30.656387361319474 30.314195014949465 30.780254208092227 30.199899369923173 30.974408023500224 30.455449250284133 30.589815261606564 30.91043237844167 30.448962321897284
30.61444603826635 30.685424783025642 30.607723877874133 30.892240106138114 30.24640020430791 30.7225088432315 30.81063924570557 30.169454836461476 30.464407184926777 30.317509220554623
30.58809073593179 30.57370010482557 30.718885149396467 30.948203144537512 30.5989232163547 30.308442147539584 30.328160643565525 30.1523487225052 30.169360017223692 30.068646452747977
30.94329516681265 30.27505055905186 30.711496623023567 30.451143649377336 30.81718492479119 30.67187210112302 30.36455416292803 30.550669336757032 30.910966325533106 30.78725142628229
30.75626747613817 30.65427616984745 30.08267664469875 30.104051565761782 30.119684284367004 30.869385647062114 30.790047634822198 30.5313681602863 30.82224043230882 30.031882243713575
30.162893407491087 30.505316797915963 30.651763580138617 30.093259141619196 30.434133880021278 30.854500431306377 30.974433596264543 30.272703322825045 30.93407488333416 30.743419531723667
30.610433531059417 30.85427747742412 30.26760353663821 30.086189603802204 30.07868862778853 30.60408267573562 30.740248183411413 30.183282184624797 30.199005444126254 30.658262451446056
30.57658965947843 30.975606825965773 30.908086551537163 30.389935521765825 30.983301364978736 30.2331032714021 30.54531104319032 30.20162057990725 30.64913281730438 30.199114747740616
31.794834621176232 31.409444043566996 31.8454423583175 31.697164411684334 31.9324772877555 31.386396769219875 31.89342226417529 31.473359047786893 31.019030798721452 31.9141339401226
31.397949232928937 31.595495344184016 31.206031900694455 31.256287571015054 31.31303212348997 31.059045849251422 31.375711728242337 31.8109883960862 31.600118305183656 31.36055300703966
31.92374552315693 31.326270144895073 31.968057978672565 31.690561569862894 31.611590846772856 31.56925597292954 31.94231629534209 31.571071015578585 31.06461711902473 31.02850311586998
31.301060937096505 31.21659120425492 31.67289245943385 31.69860867777965 31.737042641279004 31.633235991751064 31.363408629144235 31.247155830089337 31.456724941166204 31.486891487179655
31.955688548270555 31.89630629073535 31.311908348191174 31.06934647305474 31.587135117711338 31.16482180094941 31.974133640643192 31.270374942965184 31.000143970446835 31.21102321399269
31.608437578478895 31.324111324586735 31.319916865525077 31.89317321426509 31.480573427150567 31.23966145614394 31.320076822750046 31.820994422758574 31.940598398333364 31.248743300085998
31.072599436417935 31.610512098322282 31.265768132829237 31.3072530929339 31.30923985901614 31.274136207587375 31.91696844563631 31.67300444463525 31.7835480449193 31.17887497534604
31.865452597576855 31.84848895006081 31.4157294766586 31.287798474384324 31.780442509398647 31.725359260556644 31.02702263143966 31.463346756662325 31.033190480183013 31.596435902164192
31.02592822596603 31.455804597184336 31.669387494771872 31.81139217270821 31.49553957815118 31.826240511824132 31.729343212317858 31.243871629394704 31.74938744030844 31.460435046057565
31.55415166700144 31.410645266869366 31.57262659851218 31.518799194354916 31.006095940074196 31.037516355239084 31.046055888762915 31.637011180131207 31.852833968730792 31.10203285977424
31.06237687517218 31.943075514795744 31.917446837930257 31.899669057782056 31.387261041848138 31.988735450430575 31.980219924045638 31.477988732920053 31.392208897248615 31.006646378985216
31.833066183725524 31.86240505382805 31.39184890403254 31.99944397784582 31.33379031854801 31.857502774973863 31.855237885447384 31.04281794069759 31.78493115483371 31.849490622234512
31.628888772737564 31.841928250116293 31.470708848474683 31.958202917058966 31.70866554659099 31.018977813228023 31.72564283098288 31.091171290208248 31.02834934688737 31.82948176157783
31.47969492069883 31.937638695962278 31.194593919366568 31.005750213378843 31.82733159487472 31.7069897841926 31.091152090241025 31.208327959585375 31.801688221312734 31.463922798930668
31.799669941098834 31.129610887909624 31.20005711057921 31.241790261646415 31.340008369416104 31.63858595465558 31.003210690737973 31.725886783536442 31.31996674322941 31.4816175288497
31.65860921241772 31.19006444536297 31.702446592214685 31.961429933558673 31.256332888139305 31.542907050608484 31.54750807433956 31.704912311669066 31.41661590666252 31.79379674601633
31.76743539677411 31.10009872495369 31.52915022662653 31.9845577330959 31.64484192545305 31.233652583081316 31.836864781512826 31.648963689109596 31.10700940772609 31.192411702665492
31.7406760247677 31.160246243584456 31.524069957621794 31.406025997198366 31.616743960620095 31.905844828869977 31.10430364713946 31.302447275031984 31.384057101767013 31.08898816568444
31.796738396749102 31.92400646208679 31.037709096788497 31.098300636628558 31.979402840758706 31.309040346585675 31.372018496752332 31.809477433175918 31.110997375632778 31.38250699427982
31.157682339957468 31.88717407684311 31.95441199788616 31.818754560913696 31.108443404604223 31.140608206458513 31.942434261523033 31.84058579114076 31.07528973883942 31.252971812787194
31.749154289353196 31.20098629955629 31.039994558594003 31.752604770171306 31.154987807616436 31.657361849599937 31.644843256188693 31.922981702909887 31.848902862698587 31.09285597011644
31.191683517341264 31.458915407044586 31.898348927551133 31.065296165489336 31.27097376021724 31.067982358525988 31.235552298624437 31.97154325296679 31.440293780884513 31.889026728311162
31.658254655653167 31.203495102767455 31.66182097096749 31.553701267378884 31.52363656391472 31.641722532630585 31.52956424552943 31.95235482552099 31.526081397472858 31.583691795495156
31.669686940224665 31.282177872134078 31.692599097831497 31.73575444561527 31.08103919793996 31.753369120589795 31.004143668282644 31.211562134602136 31.598059066130798 31.408187430342767
31.856721820118718 31.5742902848655 31.10449099305816 31.868105465189842 31.913104818956143 31.836031418371622 31.60390903481819 31.46588233550608 31.76411906270711 31.984945051053252
31.761821757879172 31.14222471649097 31.217905656327158 31.049228062220703 31.07417390629136 31.69080697164852 31.966202520346048 31.926695749310696 31.388350377425862 31.42077284117108
31.838617435096666 31.20974042435225 31.105325476104937 31.07244225204005 31.84902381085176 31.017660937690373 31.025390978289675 31.869799020573296 31.762625493464945 31.411833165207494
31.464934420639214 31.922436249751453 31.9679007029449 31.31391789499035 31.968029069224702 31.799987920687823 31.024549540170327 31.973279323955047 31.664135186157395 31.993677122836463
31.376733177683732 31.937013660098028 31.082001889437592 31.152462234757127 31.37030723019014 31.164464328779907 31.019898032588756 31.4353645853631 31.893415850852502 31.397826168929278
31.893588773883057 31.056912161371493 31.67172685052085 31.151418355176123 31.836014631806 31.11923608983487 31.492752661541 31.71443167406134 31.706418212867447 31.122207471368107
31.408115641534273 31.37543289882933 31.081702953338176 31.122104188291026 31.26828042133001 31.671634889202988 31.24909754193006 31.36964896796171 31.78119007451569 31.841918431778385
31.196738366278673 31.399860976856225 31.654407121868157 31.819817782830082 31.60757173813892 31.969015313795026 31.279773903075625 31.041158643363758 31.902016638175613 31.938106232589895
31.850271602705376 31.060763753702663 31.44611735562826 31.187561321531785 31.760670808230095 31.473618246410638 31.14445542438798 31.914555333670076 31.636730574026107 31.91811285182139
31.77087805416277 31.212124538497353 31.362117477192673 31.00246005132012 31.5551404576861 31.65838310237549 31.02787933537707 31.840104814792355 31.739847880215603 31.754495573789242
31.8162235109902 31.50592777442634 31.049622353576893 31.44166002697908 31.44851244580306 31.132265814126086 31.273208433970282 31.60020913992357 31.976804410727414 31.552250931493422
31.44927084462961 31.388036994566185 31.378930574726958 31.367695450471814 31.467926521317825 31.510911637419365 31.629013910952384 31.06972781332356 31.25259221772143 31.033834789724896
31.65849984114136 31.372609869960993 31.070518029378334 31.140461591285042 31.897181783288225 31.234643095515796 31.935416387498964 31.32669472208974 31.889369773590577 31.13479778653038
31.511884781080656 31.874919371306078 31.817263579948627 31.049675982489187 31.408859983472173 31.096946302410206 31.631756280466732 31.232644991825996 31.258130278692665 31.756582289031318
32.89030834344512 32.33545548996403 32.513971384847714 32.28684878461055 32.33219575564814 32.63238427911928 32.48126074165849 32.90222119788309 32.68335069994957 32.10791881816898
32.68196419227707 32.47286223274215 32.17617659724499 32.95122654910132 32.30367760940562 32.07567533748916 32.79413350418081 32.564129367813514 32.13894551021063 32.46610472912917
32.306554584855505 32.53402953969871 32.12036786232401 32.32496094516467 32.74606725211329 32.14921025423612 32.28404476162332 32.0261517923907 32.09915796841447 32.94116041716346
32.752698309228556 32.84405057680765 32.629832585838805 32.42704996862524 32.119849922893 32.9733345694861 32.43698895990641 32.695208454513775 32.437720097649375 32.469478980511376
32.55803220373671 32.727436198185494 32.86405707196059 32.234692401080096 32.17442744377261 32.38420407183091 32.90688978152578 32.47193181695654 32.24929819480992 32.7922741337712
32.121239414846784 32.60873680866217 32.23284366433922 32.46900048684065 32.05811312069213 32.55297365848238 32.30826125190314 32.89354550782778 32.24364240636072 32.284182554870796
32.01902550493014 32.39247413852617 32.97501786477492 32.207071344833004 32.017787998727414 32.145664489997436 32.75991085440389 32.39780231136697 32.10782736286104 32.838200318464956
32.29736188215383 32.85906889650989 32.70989252032901 32.98488709301151 32.00065449704482 32.16656109979774 32.38044600401014 32.23626009068039 32.19648262583585 32.43727059271816
32.03172862249938 32.038429642531256 32.299758068427714 32.37918674962151 32.05973060232798 32.86383473353504 32.45969448315964 32.29228797525328 32.67306869369741 32.85595337334139
32.40034242464687 32.28233266499563 32.333932251123976 32.13824420913917 32.437540142740275 32.62180730335944 32.371675881245125 32.22607071300872 32.94428267859505 32.14648910724521
32.51030008443696 32.950085573426676 32.85780210088854 32.8114337946009 32.26297535851058 32.050529905628224 32.174189728652806 32.04679929256425 32.889929451789754 32.134127824921386
32.760180805993244 32.35176864778644 32.8904312830804 32.99873414026603 32.2267614207998 32.64393648911626 32.80526917287599 32.42561923200573 32.05554542153971 32.24187522024105
32.44303552810947 32.415251307730344 32.6464096917622 32.00019842063598 32.51169335273239 32.49966373357231 32.46366371370359 32.03929078014798 32.03631461548691 32.20297078124775
32.99806962730328 32.71597521285363 32.874544701988256 32.94132217719888 32.833317096347116 32.966739647462035 32.10326061263081 32.65456341173132 32.70809708874519 32.92174707808438
32.043055088614494 32.24409504188132 32.098707272301795 32.73570456880002 32.21159302504804 32.45490103636024 32.512160923785395 32.91076811586558 32.552549945388996 32.18444277454367
32.37606054101747 32.99701193864362 32.87375726020689 32.32709163900337 32.13903596021034 32.44759231322579 32.546342415962854 32.16999996267647 32.95433618911007 32.57858764520558
32.16606618076892 32.04478654316291 32.10920325305525 32.03759811501746 32.05872390099725 32.409139494674484 32.18394505623975 32.92053950347157 32.22339094112603 32.783415753618684
32.77716368695502 32.69266783416195 32.55045695431061 32.999543205896416 32.517384640697564 32.367722599283184 32.92580763273947 32.03300786470236 32.996371113662576 32.97817801146827
32.404655684076026 32.769961477666044 32.757062716317705 32.037448552469236 32.62629399105817 32.25186660773129 32.362501935783904 32.55257737880577 32.6945876150651 32.529437591190764
32.31739834876644 32.62603357191391 32.267880823322265 32.95266224627933 32.86920227749232 32.07848651178055 32.26773693308778 32.65299662212497 32.665302279127104 32.212285412614186
32.1731611675679 32.83479090599057 32.09074358433341 32.018805899272884 32.287076342294746 32.12054947620416 32.07345390626852 32.29291752517098 32.47947649828516 32.24277987505252
32.549390207441235 32.43609650777293 32.17047246273286 32.04803755758225 32.92943310258578 32.91818505737958 32.606482680212274 32.73287481235665 32.59052128765553 32.337525165889076
32.80411139980285 32.46675338286789 32.625430638517926 32.7701709771022 32.88879560336988 32.07358238460571 32.82876815326935 32.6311108922172 32.939091008490735 32.24139432459736
32.17116419095323 32.583906734296235 32.862506508327925 32.8087738627735 32.81931048199067 32.12988394478753 32.27508569893566 32.03700527529252 32.09640616672113 32.38398363053299
32.83447293208686 32.41850616383301 32.645737244112745 32.20161350151613 32.984990378680195 32.49496695085065 32.459529546292586 32.259311217078356 32.61329211765094 32.36271632075417
32.36587913306674 32.911760793784076 32.684449609133814 32.028185676568846 32.028478105547684 32.64867873340796 32.53086255690516 32.54294571022483 32.507018075668135 32.757313162987074
32.100178176714834 32.89564118828491 32.950567138776044 32.35977625740558 32.133440249103266 32.96725046068055 32.051880803901895 32.33915606334426 32.94097964048926 32.46644856760938
32.4775210631205 32.794331377951586 32.1710957990637 32.65345399011719 32.60682199860169 32.570638696875804 32.725368617187485 32.833590553157634 32.56215407978371 32.10201799409515
32.76447873621537 32.05589816332709 32.69360394961513 32.2699898344514 32.56970353678078 32.18747656282359 32.393100026338956 32.23579320797901 32.8777951562383 32.55084921919848
32.35617844397594 32.23424005271174 32.19073580086184 32.6094845721466 32.1839980648514 32.13131881885303 32.476904924879946 32.76571472675099 32.52387740199208 32.14230635216915
32.626481607624605 32.19564222106575 32.78353988566567 32.48312334809257 32.00144483626502 32.78722781740439 32.82241856136643 32.884895870577175 32.42932306859184 32.67060325686032
32.92278513862122 32.840161333525614 32.029884002532484 32.53375494470287 32.77413214066336 32.16888457491902 32.3352442028827 32.902075663218945 32.16615125583909 32.99342551751118
32.26641732322499 32.82688347114598 32.578815162217325 32.49382720652024 32.663108754543714 32.9758578142041 32.88248361043173 32.87826871922686 32.22860388495941 32.947445325898116
32.91661931364265 32.84825504063851 32.94788556029663 32.741638533668 32.80261267446834 32.46409142538995 32.264656132353 32.711132757356054 32.464378811974 32.72341738485863
32.56172801834561 32.989717808668416 32.97980423230628 32.35405121186722 32.77928608703902 32.34886283412841 32.06678449977387 32.29212302746809 32.326813840082586 32.668804029989865
32.219508768728346 32.06745051468549 32.797015074144845 32.72704665135127 32.7538102423558 32.85033834245259 32.3738511063423 32.80504423264731 32.29481666169139 32.22745885544756
32.24185300209817 32.692919530815416 32.045798235439314 32.86919776309781 32.750157428443806 32.032443336137604 32.514024948948794 32.12682576399404 32.56225354337561 32.58008858161142
32.23760900181267 32.25508308496755 32.53121770667871 32.894829088283814 32.45672227600029 32.39424064487683 32.5802514036205 32.15945372350341 32.60324281297918 32.665428107456876
33.439627472747674 33.329518272853484 33.94479820441389 33.73399592734219 33.69368809379927 33.57065859189182 33.71233833671505 33.97790430728045 33.22532761427906 33.992841175368554
33.564782973883176 33.96160966343282 33.81043214695413 33.01922729991618 33.299955194360365 33.26064441817319 33.31103674522493 33.33768005355246 33.30792417273617 33.808063876654025
33.64350038048593 33.274543752229675 33.38104628092526 33.84115949840471 33.45678775787587 33.603178018236406 33.14440644751204 33.21531477365932 33.24598616787661 33.253829240127345
33.551026405173005 33.321606546649114 33.447474559519485 33.126774585260264 33.59812049025499 33.09573133746728 33.914701194125335 33.227274915702125 33.663843214520774 33.6380620615473
33.057315268713644 33.63872419243141 33.638387665109576 33.77811827310407 33.84143675566525 33.42948540370183 33.32895699917277 33.511458359634 33.79513820947554 33.449253726010234
33.455046326602215 33.61297972732592 33.1407509076715 33.11238954526433 33.918635303073444 33.887838829277584 33.184396926203526 33.68851573076503 33.9333064966671 33.45967998428387
33.13318795911187 33.32477473336945 33.02696877963347 33.215588108290795 33.58182043097297 33.00949292338209 33.89477833440296 33.02815734271832 33.012836000052374 33.95360103535084
33.5720145103887 33.65729378754317 33.78860489857244 33.41401097384627 33.42108177342402 33.29784753300784 33.27812940115342 33.81225139094282 33.98247288926868 33.58389548667231
33.958053222087194 33.1120151522261 33.82644252982377 33.48647278280226 33.55480194751722 33.81087404395243 33.16030468551581 33.94877801598373 33.55356854753876 33.57426752980735
33.095681401129276 33.29135289701508 33.68989724134815 33.49397347368024 33.16069405265548 33.38946452279025 33.36090793961714 33.18862093550592 33.85400282667455 33.375894557762734
33.245742400665264 33.48040624495026 33.78076405930538 33.15456595630114 33.80860272169765 33.180025514588536 33.18498890706441 33.3239151131682 33.77279141285718 33.59093772249753
33.49845108291913 33.2036431441928 33.10045148571672 33.70442484314081 33.863205486456636 33.53445703826479 33.49024441618764 33.69851623993724 33.45294377053439 33.07763782242167
33.913992113932856 33.27669706533131 33.81782604084851 33.779749433775144 33.253349051975185 33.58642064671204 33.408093630326874 33.387528605937405 33.66885899441179 33.9427980292631
33.89368001334838 33.398972634242554 33.936290197808106 33.34943777108745 33.89020272707264 33.01886839831923 33.618931928724166 33.85626207472596 33.22613176430141 33.35048249245526
33.60957433627687 33.123225819449566 33.941595254747206 33.399859369554505 33.272182518813786 33.1692171729691 33.79619618865441 33.59515015087059 33.14081486213461 33.17702012331498
33.1813789287505 33.430621903124816 33.89212483699894 33.398070272973385 33.98229751860613 33.53347393403486 33.09782439610324 33.65483741076949 33.11480266551253 33.92131330634258
33.0847761437129 33.67401954689225 33.17507743098303 33.469119433476074 33.082920624302766 33.50033484238203 33.88261667823313 33.63675333330401 33.72503416637337 33.538549351887404
33.77165862720979 33.321544098690495 33.87735158996026 33.350480085167966 33.89184122554269 33.29521187481701 33.72637724787958 33.194064429665204 33.115770355491854 33.06036239824952
33.02474709793712 33.433188672098794 33.019350343003026 33.11901582741716 33.407793274629626 33.36981955582054 33.200141961122675 33.58410817012173 33.732501957565376 33.75408497288648
33.32967675698225 33.784630831106355 33.46184407253638 33.213300735610986 33.19757065886173 33.01605002407085 33.219997925497324 33.10754274786792 33.498444184163 33.869874448343005
33.77777123308869 33.86721443393958 33.137070008176615 33.639716333268126 33.892569962300634 33.69716202049969 33.38283347698821 33.145917032711935 33.623549558747264 33.64224085421262
33.29150509903075 33.94678586424439 33.970123671953736 33.40083799441957 33.43048848302764 33.31172618180006 33.940794767724775 33.94570777620255 33.093120936460686 33.52000042585807
33.449309530522974 33.96557860902372 33.86826836914196 33.01861158149959 33.75643126745995 33.37634082602123 33.64336993476689 33.72375569816319 33.52816089983632 33.66722688419927
33.86225203255852 33.282526024505906 33.96502648037311 33.64524693420294 33.13344518092544 33.42502661440295 33.87210123126947 33.22024426818161 33.09040162540703 33.631779089857126
33.98569786648891 33.233286683639044 33.741925415297345 33.21728340485902 33.350227522514174 33.9727113105393 33.419290658367025 33.5878196313609 33.047499148865484 33.94499229591297
33.825938068867984 33.870054549122045 33.12077572301746 33.67170182210207 33.62630349390871 33.32674336058972 33.107191506436294 33.76918709933856 33.47224667017184 33.97679312549332
33.19467447295868 33.334186866186386 33.35871219396774 33.619181858554775 33.653306515875244 33.70646304098595 33.72466877487048 33.0237025135104 33.85609360906049 33.00862467587888
33.771037152556 33.396229130376376 33.900406703948875 33.4736722573613 33.054230753490735 33.35217775204199 33.568893486824635 33.46239311740368 33.53209757500653 33.53906192530227
33.127450156690166 33.245589139364746 33.88846558284039 33.73751905283746 33.24788136622407 33.08022035474956 33.14315815239823 33.739910301470196 33.164165397035006 33.84389897324804
33.26625999896015 33.55657340689779 33.0237812755208 33.5087705069464 33.75857826852995 33.53203445660045 33.27934268668321 33.033669585745756 33.93465726888789 33.76696071649796
33.88082351828451 33.832540348047544 33.95036979741701 33.8363641475526 33.974948224595494 33.83746206765094 33.454021603817736 33.1705405615911 33.79585987320301 33.316223118501355
33.108069925537315 33.622457055208166 33.43996715201911 33.02723695185486 33.12797088071203 33.68377610047961 33.25791119565185 33.99869617597132 33.415335004645904 33.531432022732695
33.66788203761915 33.20421201697952 33.824483434178404 33.58765105702128 33.29705320984393 33.67378799549435 33.594662174859124 33.558533993065694 33.49169270045435 33.12682807027071
33.00458562292283 33.97979616759585 33.401546909953645 33.042981686621175 33.86164426463818 33.14298613410743 33.040383798505054 33.19697879892388 33.5250260890531 33.90148150948657
33.95212000723708 33.07521042566948 33.78016493834134 33.262786223320326 33.370746524779925 33.26466111056585 33.031343109069844 33.862130674120294 33.05230540195844 33.8589016503588
33.95993990344837 33.38210268335647 33.278460488532 33.16120204461404 33.00773129009565 33.73401310996305 33.88374294578089 33.481425824739894 33.7878106340363 33.34892749689099
33.54234207145625 33.621218757192786 33.80011380901365 33.23977109770366 33.96535101732442 33.72110653973099 33.63419666847936 33.59064116130493 33.10566556736753 33.50346743036009
33.1788264257145 33.505437317443715 33.945273871074995 33.58694752620583 33.22611296030403 33.20514696355149 33.948463387780436 33.47073777968797 33.25731969909099 33.40159952268075
34.80451111098438 34.99123357691383 34.128158392325794 34.7952299966195 34.65471139602062 34.53894921211556 34.83328537620906 34.64536822864868 34.601135569319794 34.09016100633125
34.52288170203078 34.14379777324479 34.92830585345507 34.15560474932416 34.46861334604142 34.885804071363445 34.134005800541814 34.07765416043614 34.731931144395794 34.07765834257137
34.56173806282232 34.717759237940335 34.87458559757909 34.24546081199324 34.15487953782475 34.46752435801449 34.16939398364745 34.11749217681697 34.61137308049162 34.68965799906905
34.41871295530906 34.040700307624924 34.007834016524306 34.149127246499035 34.66873237112214 34.76167429243839 34.783238485774426 34.73020198397742 34.81962145655632 34.65343569871773
34.824900100802545 34.751674961398955 34.374721484660554 34.501602612081086 34.283230063404865 34.49039596841094 34.346393957413966 34.776959097062814 34.65681560362482 34.10235933309207
34.64179647924813 34.91618903925881 34.635639679507584 34.99093593431876 34.08877382430912 34.508510002188004 34.16780481829521 34.81344241827901 34.63021425099475 34.44316924459729
34.223912676555976 34.740091672281345 34.11463658850092 34.01124061826765 34.773289942317646 34.28347044340904 34.54143657161575 34.67488764303829 34.557540224101615 34.002041267507025
34.58113587666601 34.718234530444946 34.34944104667098 34.647767727949315 34.684140498650144 34.276213702399026 34.51899330257725 34.875813376030735 34.11592999405669 34.30123465185625
34.89347059165997 34.46336642893833 34.81226253662155 34.8722458019131 34.0946042412419 34.09499367831021 34.03489521261674 34.876737161035074 34.76357883695665 34.163528756651715
34.42648277475274 34.5034589972146 34.34330268873622 34.70835170742549 34.21273229700237 34.17210711001735 34.37745636306111 34.567017599678444 34.980555200767874 34.49595290294104
34.607111289116006 34.05154449123101 34.67287214952993 34.62437250478201 34.49825001454295 34.97727193356448 34.18389037914041 34.84445580354762 34.2173082771082 34.67005287039003
34.21308712934955 34.634352769316415 34.486898445039735 34.656643435609446 34.84179692428873 34.45574147917993 34.200162690140495 34.10350711790526 34.633214291944824 34.44877785104837
34.14974355202192 34.710850136080914 34.92478793472576 34.850114864648184 34.736148494467194 34.691558072252626 34.38139635174902 34.39305443772776 34.060324003652234 34.66880380410359
34.808358393981464 34.16862270797518 34.37654413505594 34.811449612520036 34.685247396288915 34.427335252926916 34.48425721280436 34.29296693574071 34.874640367406265 34.58364575634289
34.27132348618298 34.20744941036424 34.484348864074214 34.248548056704955 34.28611584881013 34.405396079777915 34.91734153128761 34.460528300633854 34.912244481433476 34.32229355621974
34.730482464466114 34.41104001313134 34.44720533885754 34.76462701854961 34.04137399004769 34.86790185226143 34.145041973749336 34.790801763604904 34.872006065833226 34.18849440139128
34.07314841235599 34.27855887459415 34.998578895602655 34.28435862702284 34.454630664636746 34.50581920344456 34.588779043963875 34.14977529491523 34.02018304333353 34.088492816940175
34.15095390660783 34.59913155751502 34.777224556318416 34.91664114326301 34.094043064888865 34.67135679037436 34.519080045348105 34.30948178960983 34.50278906872456 34.75443694843147
34.343279235329184 34.47007688275105 34.569664786633204 34.85899302938251 34.42558653241661 34.46214758434172 34.493117714048694 34.627135743771454 34.30516303155816 34.35430904880219
34.55114652110605 34.60128508065637 34.97630146319081 34.881121449151266 34.48988853453126 34.99737016848032 34.15346366670984 34.955704525454806 34.32881130339455 34.72780111173885
34.17888968304964 34.63526444297281 34.177265256168 34.701831467683085 34.175836086010015 34.68873335750694 34.681568536330595 34.49440599999399 34.21554046527015 34.74482386956201
34.27745964410501 34.31931551348054 34.46229831809698 34.10915170207481 34.509666322320115 34.8684567449229 34.48857700319933 34.73068193384758 34.298504898736674 34.98622199501964
34.210881213386 34.47060530842271 34.18283695577777 34.33651970484935 34.18712298124916 34.78085299116396 34.24937485256822 34.189653835147446 34.337538406658744 34.13480957798371
34.670241814816436 34.20726620628899 34.503732609581824 34.06938559960921 34.51385588635787 34.635772959142294 34.64422292786021 34.49546264764583 34.768621656147744 34.63220249689671
34.87989021305449 34.012825514991626 34.32457732448832 34.54106872355536 34.04903636727068 34.3260474215633 34.9950588126136 34.81689059775684 34.909285722037666 34.49939603977497
34.52860695241108 34.944194914589545 34.632357175497404 34.711679255337984 34.96075742396462 34.14531591415176 34.77777225253422 34.376051917640126 34.58601760237781 34.88603225734798
34.502854265223874 34.9751551507751 34.29224807364551 34.19005818292555 34.368912160465904 34.72856296900605 34.99283123423535 34.55563192069627 34.7372919661702 34.25736087448593
34.31559232860526 34.16126580739358 34.30805744139734 34.243256684237295 34.88214435262493 34.12614699356027 34.29047538445498 34.45860465197384 34.52307965673106 34.683367567250066
34.71416535348337 34.91919319566495 34.106016217139874 34.42274290973953 34.1330141282092 34.530387786068324 34.58982517057217 34.739020258868386 34.84409718018704 34.75427159799374
34.279393570431544 34.96191927795416 34.1329431172558 34.42719789607256 34.29015808979437 34.526303971157844 34.46942948617787 34.00933484044653 34.27273356780032 34.294577324761256
34.3769963668021 34.22643855152767 34.42549868875155 34.28499127261519 34.06602866530882 34.221316397948485 34.83179046547746 34.4824159616061 34.82167214418927 34.27091938887901
34.198398154691496 34.112214410513864 34.56701202748242 34.844728577203526 34.143336388004016 34.74321944183191 34.98445710238869 34.281077987217 34.283416449345744 34.852412231029184
34.07133655799765 34.64028174620675 34.50592318665357 34.03175262348986 34.030130777361094 34.3569109346262 34.97374502443198 34.84671316837937 34.94942097521661 34.15829143597604
34.609592427554446 34.46642071688302 34.81855724672143 34.34227083462263 34.0324804406599 34.576910461072444 34.03720817642959 34.91452922392958 34.17843909157846 34.761849162707044
34.730369558784865 34.27418505221025 34.1274548839524 34.48918596569083 34.86007352639411 34.10617365478848 34.979935704276855 34.07754033345676 34.33695369218417 34.88985301609176
34.97853030647567 34.53273876355639 34.07798581765632 34.96551760762023 34.4549229026136 34.94276309884216 34.231137871200694 34.41397766049778 34.596262089332576 34.198474774245625
34.59332673710989 34.099088133934046 34.47217279169824 34.16783152319996 34.584993900141605 34.099087741213154 34.240838574533484 34.09291357874849 34.012775436932756 34.40983530210377
34.96143119512601 34.90192904111799 34.25115649836773 34.24150716805818 34.980202743078145 34.33246891210936 34.40466420081913 34.450045961270725 34.42884536819426 34.2476342227964
35.474066815017025 35.64562745510385 35.9762623048067 35.29325893148647 35.54321152797557 35.30263905685962 35.60868300193145 35.09230448281349 35.52754672342628 35.759139751254075
35.87809436509469 35.50160235438961 35.081039080284 35.33849829910131 35.75524907975711 35.06647392577656 35.845109813525504 35.9518824407153 35.95105098620402 35.70035707222139
35.3413783010103 35.44749895825649 35.32890674998513 35.789421704877356 35.4594154363386 35.660960887745006 35.82067190522249 35.3762572370244 35.67137344103422 35.590884476175354
35.080108470515185 35.81206684096331 35.81727214354804 35.37479529284792 35.9603106146451 35.2834050465798 35.547886957441186 35.77264963063455 35.78534350696799 35.91734616871682
35.286596615486424 35.67875309325037 35.3013800004744 35.748073739849886 35.877213655373424 35.77758624756008 35.13890840568774 35.688231260696185 35.92173445776589 35.83502200148146
35.595124064268155 35.78997766283159 35.18010956033276 35.27364768348761 35.55440629189959 35.50354091387407 35.30354904186454 35.619380047836195 35.404821439723904 35.34516611797925
35.603542271812 35.12628854275526 35.87988151758775 35.37170514628472 35.520684658121944 35.387518951517386 35.857327684714015 35.125696730603615 35.950568643886356 35.022435531405385
35.280495814855946 35.262637310767424 35.60841025332083 35.59357677644945 35.53286185819511 35.90124505285614 35.169745999749296 35.75174621776436 35.79265209935629 35.84787008715305
35.011449939350264 35.233536472232394 35.121944176641065 35.23780639947576 35.995483597542325 35.74281125149943 35.30347239992315 35.809112146145615 35.887206716491 35.93614626367969
35.72839078841459 35.97864616652057 35.68073995096604 35.70195713149674 35.95953603664639 35.12538131330088 35.315785188036266 35.67401840745202 35.947271752921424 35.00265497743909
35.0134729082864 35.45230484339147 35.258784173343265 35.99887075068255 35.733220328186874 35.31756219727408 35.09673891116279 35.04526487045044 35.05824816027885 35.32074153905063
35.329497246642944 35.32970418576376 35.15431752114046 35.50440801191804 35.23262938435269 35.617082744928275 35.314412864657385 35.670460720400605 35.150251390192444 35.899736638099036
35.00151111957815 35.54697798196694 35.82475143936987 35.30539739251666 35.23224040770849 35.426727719920166 35.71476008052628 35.67555677019212 35.60614706084343 35.350860181300334
35.22375850986502 35.9937162487161 35.27845247658693 35.69352640957775 35.3955072646699 35.890847171523816 35.69859615571726 35.56664207577779 35.29751797023207 35.784488183217505
35.992525155897404 35.80874369956572 35.01007829287651 35.818258724516845 35.453604131976505 35.44785984448971 35.865880831243736 35.66016863608571 35.72518454401617 35.43554754254355
35.34409477500645 35.39095554766654 35.90728481667171 35.13771950721693 35.812758410667776 35.16778330631136 35.00049887844804 35.5376154592281 35.13465988511451 35.08398638894281
35.81216254676202 35.35724652562247 35.00441249784141 35.662146453963864 35.692973045652636 35.33586902537128 35.76821985277446 35.71563912115438 35.246670199493614 35.7175196106514
35.39286519218023 35.89289046204845 35.4610515929173 35.59437125400717 35.1967485605872 35.078934249633704 35.54550907372074 35.128645396211475 35.93333440560787 35.9704625181342
35.12843691492257 35.83304258868016 35.826160859741826 35.56341388276781 35.36727679748866 35.02813010649127 35.19460181237971 35.99624492029522 35.954628531412105 35.31485218076582
35.38086126230572 35.177382425910835 35.965769470725995 35.40130433309618 35.791218826505016 35.89195511330096 35.98608977843562 35.90514042736664 35.99833419580765 35.63075512882845
35.98136455364193 35.816457399536255 35.01645754670297 35.21348183293789 35.929448254259725 35.150729062914486 35.05768187529299 35.388670739759455 35.31889041910292 35.94733734728987
35.304912286349946 35.98431344204684 35.23813618595316 35.17647525034855 35.49601629878999 35.85602462721271 35.928388997628176 35.30567305822996 35.403658442088776 35.833714858510035
35.3538769012791 35.2469255254165 35.61661138411328 35.10307864493634 35.55517785796163 35.15637430176792 35.380874653833715 35.974809315234225 35.29442393697937 35.09072641994709
35.64272173059188 35.792303721197875 35.775617682473026 35.83806663128366 35.850834540455246 35.80772098728546 35.02895864770843 35.335447312168164 35.52097406090069 35.21661175328604
35.88499165170918 35.961616687228904 35.04417449286947 35.18293510620168 35.33255280944895 35.650472471479404 35.728237685021774 35.60913287032925 35.45390292831609 35.209304689911264
35.60234336923217 35.61003149978104 35.06110253615232 35.44561794261119 35.085880153273116 35.13469433986763 35.61959634487108 35.707299955017604 35.22514074532555 35.94694790170047
35.03813939993883 35.22312985659947 35.835314596893355 35.223157442044105 35.42861077641811 35.19409608822449 35.55024969149756 35.35492936414354 35.99492548338285 35.93072049151066
35.47874454314049 35.15476837078439 35.79716826499274 35.457561759009245 35.893670483372865 35.55431994642851 35.25523823186602 35.913297858233314 35.13901306847166 35.05767970189827
35.905706190665256 35.76326349394269 35.72996143376197 35.66635282655106 35.1062515290498 35.311045737767614 35.44246190539849 35.72779845021929 35.09395884696099 35.24671672485331
35.04119309652537 35.17609537371138 35.04691922852918 35.001509818669454 35.17870716541951 35.931117024746996 35.57299449911984 35.49222122666991 35.913522022368866 35.80170514247515
35.355267363552855 35.43334651090299 35.24123789712117 35.09868334977809 35.520614245800736 35.770937336794894 35.010290622800596 35.30515314037389 35.66600132002594 35.94939065845302
35.60274359795652 35.574366438639025 35.37651909796936 35.660859172771445 35.80055882303692 35.52957070957382 35.49983412762532 35.44669824266346 35.32907684663908 35.825573576247514
35.40365111128717 35.0213410389312 35.671974410265165 35.19837614345042 35.93594229580459 35.471220544522325 35.885757644047494 35.27707537476381 35.83211541042308 35.54483320153276
35.30688781020435 35.26133734144528 35.86895532716709 35.09476582060665 35.24092541351168 35.678095178934285 35.15208871063779 35.358483692464134 35.9506178928981 35.822726749702106
35.54188501460894 35.171904878951366 35.5186449578034 35.16281863090255 35.37212113780928 35.39826164301672 35.450774682241956 35.9367248536056 35.296401213504154 35.82447673621532
35.206472733484 35.41448004245417 35.30923722792099 35.52825927719041 35.19654575644363 35.80522843246714 35.73185975574947 35.25135057104533 35.17118967287684 35.593181660141695
35.227242616608436 35.627828028784634 35.336851982950726 35.16321986483284 35.71448926399622 35.211100371078096 35.986606653546964 35.937602076375114 35.38964239664342 35.119205665865664
35.90627930798889 35.88685371700959 35.92814285326182 35.77524840652453 35.32734900201774 35.20075007309034 35.34357763159981 35.658290177437664 35.73769263912591 35.10941686603167
36.908020934355804 36.19973363720379 36.4325263476738 36.329920009519675 36.00118624944923 36.961216955730514 36.290438041815904 36.38031839711424 36.74877163530431 36.01226181927069
36.893193773995726 36.051005361051885 36.83479429024056 36.98939548341739 36.77303971302185 36.65226554916795 36.928374690129324 36.66319277030353 36.26751102266012 36.26732612582503
36.752344260602754 36.965661694096596 36.18929757289138 36.13178195587175 36.93921549743123 36.33762189427205 36.277505392176806 36.433126922106524 36.46946627865237 36.944202401615115
36.18669234736583 36.278224373921425 36.66775523538388 36.77631147720639 36.591345094047085 36.31190150055417 36.44459869498997 36.90690773560044 36.83600366232252 36.486454242808705
36.71420341521563 36.203128549613425 36.44502902849003 36.77970033795042 36.693564253346445 36.608808299153154 36.72104802958087 36.238320305001444 36.09359913976535 36.706645251143996
36.60739934783998 36.58357728237281 36.0500080816826 36.64525293391267 36.96744262535186 36.758108414812675 36.009707411933846 36.673558039072155 36.44238301553106 36.21533177483172
36.688103659259525 36.463483428469004 36.08930110816222 36.45711498089596 36.64313645414588 36.12158199646515 36.07236858721122 36.31070243107396 36.97393317714298 36.291262494917284
36.78276796542861 36.70250016320434 36.1450825997101 36.0294765741542 36.89662456346256 36.23416887366181 36.961948534516644 36.205211222868016 36.045297404745256 36.695577023481086
36.27810884385198 36.01185880631837 36.968665384207995 36.7595174862671 36.10291896358463 36.81151225375334 36.24958318220268 36.49469311519787 36.395363280030885 36.936460460451286
36.98647161544703 36.006327659915314 36.979771860714145 36.261634862390615 36.05104537635042 36.467860481040816 36.69964381479017 36.331485183874754 36.899470152531435 36.042534747011466
36.1377329432585 36.57573838980923 36.257780880101116 36.71029052150816 36.97371527499274 36.68072217462429 36.386181132184475 36.81322580859493 36.32517191483066 36.49641001313635
36.04188320940674 36.21198981447864 36.22328521873464 36.95407223770488 36.7064374445299 36.305824661227916 36.71155987022622 36.34539333380028 36.1210382594434 36.81057325245691
36.92404466064654 36.97114289610304 36.68208339577321 36.111822182304614 36.89894501764676 36.605963896507134 36.7893023596442 36.21445079342187 36.81418006012869 36.44556841010302
36.81005847985672 36.79520843233987 36.79335240553011 36.203607904182654 36.925968520709 36.63154388651044 36.423762611865804 36.807711247633186 36.76177274267559 36.72776253067265
36.65251447750759 36.70766051700623 36.36142733668925 36.78868795041903 36.782421447937786 36.153401209367715 36.77267992814439 36.30135686549502 36.87633829925701 36.92655972505764
36.228928859960035 36.37687724142672 36.9967065599047 36.91636819251631 36.67595450972188 36.67743153738881 36.3565158411872 36.61937229446215 36.18115156199996 36.207508079140446
36.638547968225645 36.11202537072151 36.584179057453696 36.483795565126684 36.45168370461524 36.296247903214464 36.60048458603246 36.61477702763659 36.136217521084546 36.25025836421455
36.47294812609709 36.11891102859137 36.90453828049135 36.33045776540136 36.181929754626424 36.889390007549814 36.60919908257266 36.26487725960561 36.1702948834195 36.57381626778772
36.26731275068447 36.85467392705886 36.517529426550986 36.778738765420144 36.83837387228056 36.05738740363679 36.50584665678441 36.93184455867059 36.65202230086302 36.16414561434009
36.561226345607416 36.338700757805626 36.312926977019664 36.5027353012824 36.6236158480843 36.95629445181832 36.871883351486765 36.59942876507559 36.10306213452649 36.672219032933626
36.65722355903304 36.13041326110033 36.94391933333528 36.120686409694024 36.21361940298641 36.47721084392101 36.999118168204184 36.92847878894565 36.367148623767164 36.6799868138665
36.75587398239769 36.97574210849031 36.269565481704426 36.9051576916446 36.52934966365957 36.47830185339385 36.780992819797156 36.54929358643606 36.906098694195954 36.679603367368074
36.374364960978376 36.76672538607841 36.5048394783882 36.501362603790405 36.80722831867354 36.0057589691635 36.67464635875746 36.410602809502876 36.46180931951028 36.477110704011686
36.56320571749927 36.5092109636002 36.70054798878072 36.83853049081602 36.324698285634966 36.728124698367196 36.06183488819984 36.02117991890557 36.10503399365103 36.66548694937392
36.629477933860876 36.04618468983145 36.841578881367816 36.04658185059396 36.44946477962289 36.88388209021623 36.845178361675956 36.003092347049765 36.43887548044425 36.89363580721234
36.594194537372296 36.370196136892204 36.83433930471603 36.148692002407735 36.16343985071521 36.982243709831614 36.86121847192458 36.99840216298571 36.23530317925229 36.511238065071936
36.96974089273074 36.54923932525193 36.69602851772464 36.73706295587446 36.68059256520833 36.35638696105174 36.40702058951981 36.26438246287905 36.810020115391154 36.509279900185845
36.859215605591494 36.60836189243644 36.60328227591782 36.46732940670272 36.0679697684519 36.25983586645615 36.09532855564721 36.45616565726856 36.24658170737218 36.81027671376043
36.83887246062639 36.97008226323739 36.508479646239394 36.467892222348134 36.99256527841952 36.94296928357482 36.09126757204438 36.32840891110307 36.64576621307356 36.44787272287912
36.37023940370324 36.5775730825631 36.171442815091154 36.364419931500684 36.23463346073456 36.39712884333992 36.34502555736463 36.31370208512376 36.236814498667094 36.72200855043014
36.94457903916295 36.30180619957702 36.292733517450614 36.15369802658519 36.55644113116946 36.93604106557151 36.611430856427646 36.27321503010476 36.35052125460953 36.78200266681568
36.96201120484188 36.316866547716565 36.66073707056155 36.414976623249515 36.348433388466525 36.67892643234425 36.308608583779986 36.985776205733465 36.65562245528067 36.987602010421185
36.74181750557906 36.66896679420327 36.85482490296449 36.56413467333684 36.22457889442403 36.19052834762824 36.91179219290687 36.919605770452705 36.51296073658761 36.74235969503506
36.62829210025296 36.56999602234946 36.67582689657995 36.98262984329595 36.265610973787226 36.857273263596106 36.980867373866985 36.49383275948453 36.94812439638876 36.65275929144015
36.05521901560582 36.02450396843419 36.52567780961289 36.78875429478912 36.85146890538215 36.07590893052302 36.78543226053626 36.81537238574709 36.30237190305832 36.91161435184279
36.64699540799668 36.21176983112648 36.93140249087285 36.865705476176046 36.24907087639837 36.49442317034721 36.10130046737204 36.904513972524676 36.641524066157054 36.75984114484414
36.02905885700445 36.757072144094984 36.13367591023789 36.0750712988564 36.173341771953595 36.571111528480344 36.21780060751244 36.7865880799777 36.10910878624023 36.97427465836847
36.38621714357654 36.25662666919155 36.54426116693125 36.624311130395355 36.09102841170832 36.75575216213232 36.704415305145815 36.81737989361495 36.55747640293617 36.24143151674492
37.9144465923923 37.49018199240085 37.15504489034798 37.53460128780538 37.839236982829725 37.99949896081487 37.5548562972179 37.96970151981846 37.511097814229736 37.391813991149846
37.95757271971945 37.93837180955681 37.967629258966085 37.48604441326411 37.262925412772766 37.87298309893179 37.05131619515437 37.984015608927386 37.170160981623994 37.12340462680842
37.68094960698414 37.9961579784705 37.84810691634381 37.868882307203386 37.69500187375259 37.824010392807466 37.99422253104925 37.676631299732854 37.18837302718786 37.5764647487035
37.813916268087446 37.56972215814245 37.11646422981743 37.213288169903386 37.69457364493478 37.4990664458362 37.824324070270684 37.907310541492755 37.12315452546736 37.92778431704224
37.07365184573145 37.1957672922855 37.7018826209504 37.83096293588377 37.08673150600929 37.25163810201521 37.95346358842916 37.78979163723392 37.10390860953884 37.7474242782728
37.97543310486368 37.01628569428773 37.960012143075275 37.206659119436836 37.90264929295453 37.083287534446924 37.22516170009887 37.442546833099726 37.56760873346054 37.85416074726583
37.526689758286174 37.668477483279595 37.71017906848143 37.607568613479614 37.77144806270499 37.131766697621075 37.581505132365486 37.63495562936385 37.12155563378445 37.66982071462662
37.81125995453049 37.651826905504784 37.7416855998494 37.41702862843127 37.963075639658925 37.208647262659746 37.53227680202679 37.001035527227565 37.289903565364135 37.91315760122244
37.2905950373172 37.95865157808122 37.819217040507 37.68313381412289 37.00035829590651 37.77450371570965 37.04738404388778 37.4370889436583 37.240679040466944 37.8996383713187
37.20320133352407 37.60014662309457 37.02636566035378 37.34263475063934 37.25249542225647 37.553290247776886 37.744164742047325 37.94239029621237 37.55886014935963 37.686418398889444
37.23331400038482 37.22959125528855 37.390014393143126 37.02911442013475 37.47381583172406 37.862982630414244 37.26492761126158 37.52776401145211 37.79212968038341 37.98690376620198
37.47377506559408 37.91363123631573 37.971520584733256 37.49815739476073 37.9709484145699 37.763730395443375 37.163091150751754 37.13313067674807 37.240761731779884 37.79480747370196
37.033561853175456 37.4901898536558 37.66615683293639 37.65047112328058 37.15715497946131 37.587720056322716 37.39262585348848 37.44249044789532 37.261475732643035 37.32478462975361
37.90020944343784 37.69805873320336 37.04325110831364 37.61594139007 37.392850995673165 37.491461594313066 37.78487509165371 37.922274655824324 37.882956480549 37.973856260776806
37.68437028528942 37.982027421153404 37.129739129223346 37.9087071098978 37.65825055630665 37.83013153922004 37.88066756917775 37.187747754562395 37.37258743031727 37.84434578033709
37.52268898032702 37.52834231569202 37.39826985262547 37.699693786194686 37.34700154926152 37.2795511591858 37.063934672309 37.615948055090975 37.781410632584944 37.838640854287895
37.142340928254484 37.7324190078518 37.8905918889118 37.040129244827426 37.342874404015454 37.820284604787226 37.42212429840656 37.021058145908064 37.95103358629438 37.699922809355016
37.684944417321375 37.48903813735892 37.85516157668758 37.66918554501439 37.586912484082795 37.02371098480025 37.63135320127297 37.968279413115944 37.229470447438935 37.0276271676672
37.31938025778649 37.80789506336432 37.559910404112046 37.20913707263452 37.015641802122836 37.769453570496694 37.71556133986489 37.02774687067117 37.43356087293121 37.44981494817908
37.85924127179046 37.36149038994839 37.13751277385378 37.067520040257534 37.501610697257696 37.76622110399394 37.24328408016081 37.37361416914487 37.533602262337695 37.08832904056708
37.9962257462579 37.61732700511289 37.45089088890495 37.86523946859504 37.7876779137668 37.50536011554864 37.54240767871173 37.90215150729675 37.85090740724521 37.06325953326284
37.80720990626743 37.4531464553333 37.101603705326724 37.14415119977628 37.139517769855445 37.57325729326445 37.12995916547833 37.157581053554665 37.11094214235466 37.490929188452036
37.04362199259247 37.82545842218791 37.03499529054947 37.527174552484944 37.93607928291926 37.0263929344432 37.60627869938752 37.50205995194171 37.01102623369861 37.08382178031126
37.70940428316951 37.69764903736491 37.51261061358233 37.05503717600088 37.364734773997775 37.443275950272465 37.166901001205936 37.431622273003605 37.07757489608575 37.897643060339234
37.15951181364272 37.69737092898686 37.381859632730624 37.16571255210481 37.33935667237073 37.51886831141717 37.42504997860744 37.233088674340834 37.034791572142886 37.95426101674879
37.02786007335634 37.32656361392745 37.59594752833069 37.95734669249276 37.77060430644439 37.2167267925865 37.53584195055029 37.62696482136866 37.30736691593625 37.66701355309316
37.93289697262659 37.10577218722029 37.28985998372169 37.70329641527132 37.578781927448055 37.76783757817042 37.9947510603161 37.629097763270444 37.208036119816164 37.35109199861415
37.991404403620905 37.74373029728162 37.02971758724213 37.988522849489684 37.96139486068307 37.53414747731568 37.69636193415657 37.67110097554712 37.086816825620694 37.70601306693647
37.79182493355831 37.53578199865683 37.26132534640871 37.79547535020855 37.89712137027778 37.51352448559104 37.74600988435478 37.26035830123089 37.3021617587623 37.295119055114306
37.7916157327182 37.88795806822119 37.471327584064255 37.27672443812747 37.17929231902817 37.07636066444832 37.4421147961452 37.13235733551179 37.59396090849253 37.04717201109452
37.438614479402936 37.927185472635024 37.237559171354484 37.32977936974667 37.11538829563492 37.233323906226204 37.11383372472365 37.920738608668536 37.012335964488706 37.53893682576853
37.9720155844929 37.366609301552984 37.99744045074171 37.35179825960083 37.98362810620524 37.6445353069812 37.70181608648767 37.790066810180164 37.844840607409886 37.122095901909226
37.21027375054305 37.125881356405685 37.146195057470614 37.066428435105344 37.56065615747925 37.70148553045649 37.53219726380414 37.14235025546173 37.92648561736069 37.87294132485719
37.38517815925504 37.09018449123551 37.71000545025929 37.15309261265942 37.51099480573204 37.30622037937907 37.15648556039756 37.523292110260094 37.578554499834134 37.362215684808376
37.51570142046294 37.962505833615225 37.87081004437143 37.595075279551025 37.22278509422843 37.60276126875233 37.24178758536157 37.77381639473002 37.04818578772044 37.56150709116357
37.04237325337803 37.5081577570014 37.675266555554515 37.4243031470616 37.17699809160136 37.501546402845285 37.70410279738304 37.55536195168793 37.384025485118116 37.97116226509727
37.651337327886324 37.8988137237107 37.29455912783781 37.55841757017305 37.1184858390698 37.700168836159826 37.817553294420684 37.83569427087388 37.93487549580617 37.62530337593234
37.92352200201823 37.078539762888695 37.74643873612214 37.08339443119549 37.954807002327684 37.317267026176985 37.2178731926054 37.17058392968663 37.17727877793207 37.807882688126874
38.74321778535928 38.542751200092866 38.40650918738936 38.969492358404125 38.31868408763105 38.698625772754305 38.190867874251666 38.523809617949375 38.02162115179396 38.608573617600435
38.21465905269572 38.042121438700576 38.36078101636653 38.35974203649946 38.296329122898236 38.35603926667029 38.61559134752446 38.50484901083641 38.59993954245559 38.320591906423616
38.16593017722925 38.099755454911474 38.452514171479855 38.23169231397333 38.72893764533135 38.99405954815344 38.46553283396249 38.79473771751268 38.365687965165186 38.799304422232034
38.495758908035405 38.9170784590341 38.098084118942175 38.100991519137544 38.34875099680257 38.75431767089594 38.98512705228769 38.903444416570665 38.0278239045899 38.37888063964288
38.54774997422792 38.0006680079523 38.76188784002444 38.15901913703309 38.502697465265605 38.9517012437594 38.007508969159225 38.43739232389269 38.86846819857062 38.6055615726035
38.11369803132101 38.38059308428606 38.64012927715856 38.66873203788187 38.36234862972437 38.934464262559054 38.39484881268633 38.637242771565 38.652910067736826 38.664776755853794
38.386283088087616 38.52575045037585 38.18679412572289 38.888817168529584 38.91349307251782 38.21762105348352 38.12517912979685 38.910660145117035 38.00885448775607 38.93287228451953
38.343288618819095 38.3613760930118 38.77946471921668 38.26493423138254 38.08488615270101 38.61515256997537 38.057838622054476 38.47253779113354 38.53264168278842 38.00328325544984
38.37022467698326 38.22964258769664 38.05318924333811 38.08020568028657 38.614661615558234 38.83416684505621 38.15010932979207 38.50924516393376 38.25593536383929 38.95538421153596
38.96373394812665 38.230448878615896 38.29088430905018 38.36020327037822 38.49358592344998 38.448870656372236 38.71504081393608 38.700147458049955 38.58742832907286 38.638893808780225
38.73038533954795 38.36370464575272 38.14031406462484 38.19865564705813 38.47402903724334 38.60281701953144 38.87768928599832 38.60836378063587 38.618929357244745 38.62763370130482
38.55851892698528 38.94727141006365 38.80028270346287 38.13024980360386 38.42756632819657 38.40630464403413 38.45502671393925 38.746007645907376 38.270373001600746 38.99681210213804
38.32692440464874 38.29003675795546 38.48014897270071 38.00063315175657 38.58599090165097 38.21706166300655 38.13269774998819 38.83265805107066 38.23856290375326 38.64410708283256
38.183664248092995 38.894279302002445 38.263100098348716 38.448582802005504 38.55180834092987 38.68461107098621 38.69684643731582 38.40833088879917 38.03267011595993 38.906078662987454
38.71976883871791 38.085570570445 38.69890763520617 38.551958054863086 38.63472938265626 38.173276733524496 38.686751609298724 38.99567110317079 38.52663633825795 38.320380357131484
38.04243579472855 38.91511883007046 38.29835867816506 38.031280057852776 38.60812553723174 38.48006210103314 38.72747733217316 38.09550607340806 38.76378164296348 38.606534966799224
38.16548589726969 38.144979096478004 38.20956004124456 38.23950299086749 38.50984220321756 38.359158269378725 38.87276223508901 38.56345539852242 38.11931172974827 38.042474127015744
38.454015619714056 38.760346057734886 38.41433219290189 38.78379370249921 38.08927653380673 38.43527538789831 38.006668569803914 38.17426665514633 38.0974131981372 38.112531352137104
38.33641607534229 38.60775305492921 38.80753977591062 38.26808486861483 38.95944800182394 38.51713454118278 38.01593631631212 38.20936071287538 38.82469478106311 38.51016269510299
38.7093047161083 38.7390824954231 38.10817884598442 38.26009946457194 38.309272913024735 38.947215920801185 38.42951979123961 38.67925674032864 38.84247578930372 38.66351185754171
38.566662696185176 38.857642873243265 38.12120344421638 38.07287689661117 38.105872005760055 38.48427614288774 38.231522713112945 38.74677564378709 38.816572485815996 38.98532679196204
38.36894152299076 38.87609603837796 38.924406927944425 38.411100140024075 38.33609956437144 38.80438446048097 38.87092097658608 38.18297558444724 38.82263309472956 38.05508549858803
38.594572683035025 38.17176740869141 38.92427570984355 38.92239630655677 38.84530495178684 38.22057508066398 38.22642062624743 38.352573041892725 38.5537071081768 38.14804227289961
38.17678484095944 38.281003071640185 38.815831569635684 38.4720451715011 38.40247850852037 38.81008308217823 38.626019991418374 38.57918270103191 38.08869827672328 38.61392017328426
38.092633127457496 38.832042215188736 38.52942586134554 38.73809909895399 38.50536680921053 38.15406625308616 38.484928836771964 38.526235795991774 38.28787641668002 38.960947454523954
38.036523066126364 38.74976365168565 38.56572036030778 38.917830007407474 38.215971590289364 38.14337566194086 38.807173016257316 38.893197826512186 38.805058148085806 38.45577212501701
38.753246161262375 38.653181185658745 38.350287521984896 38.81383996740989 38.64329668214589 38.294115117623356 38.61832952036605 38.668116773684304 38.563888426099254 38.14653414051805
38.4297367114141 38.83836845207053 38.60111402398533 38.90039007723848 38.05163098034961 38.21033693929677 38.360372189887464 38.99913046210216 38.10446694019025 38.44818991477003
38.332634991686604 38.92937750954089 38.24364553771528 38.68193197053416 38.532528465851996 38.89329817307914 38.71366415200113 38.50501250805003 38.81108913211177 38.49235857644813
38.2406541508285 38.77459287539731 38.254848241610475 38.47400626928033 38.62857100035516 38.64541099836316 38.12293395228377 38.296926756521856 38.8549655262963 38.987909244512856
38.84517179439687 38.25587106006233 38.4241796780029 38.84226716777252 38.70670168458632 38.173653535989615 38.22897360217899 38.84220736236968 38.97841958534205 38.21577028955786
38.19600537471686 38.605919864470195 38.41759078294169 38.21219009055127 38.54624851951139 38.93617600823512 38.25927066878095 38.981221500516746 38.58834647541923 38.297680542623866
38.046708110150504 38.54196129487428 38.581067605768084 38.44693603499203 38.90769545035083 38.77468077833803 38.35043782298873 38.27837104475679 38.17386845085517 38.04260832590117
38.0277925549054 38.920210100984725 38.56124832006857 38.52391809112531 38.486903388704256 38.8645392660045 38.48285716874981 38.51933590630082 38.80149908174513 38.44824878467599
38.44802712081132 38.798625713543615 38.31891445858955 38.31500969932273 38.91806278405957 38.12832074475945 38.75126515337644 38.58316915172941 38.434205194455174 38.483415644836086
38.02245958175914 38.320424299824204 38.31138517815339 38.08733713748659 38.477524336111415 38.583362384298695 38.70004240730278 38.347362456624744 38.460132649800066 38.71843063006581
38.35832602994964 38.95675616097217 38.19489009990019 38.840626236664626 38.048281560156205 38.92024790553664 38.372845286234345 38.40717310444362 38.072167690167824 38.02607466623887
38.831857849709145 38.58567912816683 38.09883620468628 38.33566332159669 38.24786981823928 38.67974363141537 38.09514653929209 38.59113021405356 38.80879042891065 38.21971163012049
39.87367627890539 39.051126338396394 39.42961894261525 39.45224811990846 39.49552738547695 39.1571584519144 39.185593558713975 39.86963183729018 39.52581760574668 39.60536773011055
39.289568708355304 39.108144902764074 39.92948482160125 39.852848915815294 39.120487696293345 39.014660969206886 39.2163218836234 39.82294530135093 39.5217305329256 39.93151135731066
39.29669813495365 39.59055554153748 39.831282082738745 39.281935058601036 39.39321292239887 39.12634033415852 39.880078911863805 39.35189497708334 39.26856569620611 39.757818486868054
39.50055757524415 39.75876955652522 39.976215850498164 39.86569344126588 39.924341082696834 39.47340531634338 39.31794533920243 39.47535288639358 39.816164504045446 39.41924252517503
39.20122517325194 39.826335635405016 39.5905544608696 39.61070265163232 39.12932682958158 39.70666144574241 39.08844153012441 39.5127530170137 39.12840816233445 39.32427124772534
39.65279862277604 39.804540176895806 39.51834262828907 39.754426608682586 39.1355621688742 39.0122108998048 39.06784973205742 39.54976863175716 39.39250778024405 39.53951534544355
39.2395234726793 39.92883886867269 39.37841484398396 39.46951409285927 39.42664506631515 39.069215040116106 39.04177011178367 39.13668718273124 39.31120463108469 39.423017382955784
39.83642290577002 39.875969779575 39.73134627860253 39.6453919307587 39.817020021609956 39.54371551850678 39.73648945041219 39.680679021209464 39.96571094759789 39.375315703136096
39.82966921243871 39.786326978226 39.60952990781681 39.4951782843039 39.749176149500485 39.79121223781014 39.5310233703347 39.926997804976345 39.52536694028999 39.682878890223265
39.649107354250894 39.26572357733422 39.96355438094091 39.69731210089033 39.95280186375257 39.26736039483042 39.150175852257796 39.44521150613809 39.707404260406804 39.488712092868326
39.0569774917438 39.250332353156935 39.820827657964855 39.7664052833406 39.826740780866274 39.79831319588883 39.6572438462443 39.7630068720262 39.86411713221287 39.39851130703589
39.47591434572584 39.16858455571845 39.858040242914385 39.8774949263985 39.47337564241355 39.348440289824886 39.13122629647502 39.25400679907569 39.51651244687713 39.34928951198029
39.00771281375772 39.46930650926205 39.96240917254975 39.9456129906367 39.41529037501784 39.47421814209262 39.81346730367013 39.64235416989209 39.94972361386912 39.5084912000785
39.499323454132515 39.40378762240309 39.82877276699273 39.33394603210537 39.47890709308461 39.804449990573524 39.051738844698704 39.50892115223899 39.90674040798433 39.50747373090172
39.793953038335985 39.88980615671997 39.905411203845155 39.59233413483994 39.54039504865256 39.91153655197226 39.772136384334395 39.23408366772355 39.93259214356717 39.76109512046765
39.047180980664564 39.227512219168 39.34298960567516 39.26216527241224 39.80256165900213 39.56939830087979 39.262272206935 39.27443376480907 39.471377555801006 39.81299352207145
39.68765559938039 39.67764178499302 39.031275952812976 39.19110827050879 39.833955514835075 39.55833457401968 39.37997332534688 39.567643930426925 39.65428143837488 39.04636195173252
39.29641759764872 39.122142913773715 39.85349125608479 39.358532990251746 39.46809035399285 39.297904801673624 39.30508122276003 39.99843013961696 39.68311264924922 39.951443051499886
39.04097612856442 39.73423940122275 39.435231749475996 39.82953372023175 39.27372220715226 39.93055495301202 39.8704301462994 39.469833773221644 39.23187536659206 39.04546768853682
39.215812498681515 39.37202344313408 39.9419158941003 39.62084961553097 39.57458994257825 39.81865358455111 39.47381013617813 39.89159649659182 39.24539563524359 39.038355378294135
39.58237840143378 39.21869352825343 39.52982900622993 39.49879635901215 39.122917740768514 39.911320056302536 39.329040506286255 39.99274376374542 39.09706698759934 39.64481098357119
39.6983329184075 39.837821780249406 39.69369089009563 39.60414401578736 39.92816882188545 39.94902683912118 39.22959866909111 39.686723509400636 39.650638368491805 39.762791171241
39.46620213947058 39.58358320910652 39.93235526234362 39.99236120006085 39.38075695721498 39.324731904994486 39.3079131769704 39.976484567788006 39.10461978938854 39.92221719517891
39.23244851312256 39.946875589559674 39.40599362431965 39.07358452504893 39.487520008257555 39.8846554188195 39.7909217476612 39.49876004348 39.661429137447456 39.76194059261934
39.02383101264374 39.374987448655645 39.94326996926389 39.871979016655196 39.627713055352615 39.50730037001134 39.11941055130853 39.63971006353276 39.71407172885679 39.326113648588446
39.841772516767215 39.77435121112794 39.314054137525865 39.538868331112255 39.949189294806516 39.87659093842559 39.23472145351019 39.27926664101176 39.866287623523895 39.64519336914709
39.34820499578913 39.89548516882198 39.878750842216505 39.64129750825669 39.13653164142072 39.09785524681294 39.3894868273379 39.16341988773573 39.261192664418815 39.046852201627615
39.09713728627745 39.16214629080993 39.904067879455624 39.10383562264855 39.40652910557647 39.280724661707175 39.63510733331293 39.389835070373096 39.28008302732324 39.04624803136519
39.60221059578548 39.00177691723506 39.16985796838135 39.95584258304569 39.910033915659966 39.720899678678656 39.63182482511427 39.70325282901978 39.15699386472204 39.31470659921534
39.717126018538494 39.0734423464968 39.23352500746884 39.081656107033076 39.25949247064538 39.09630479168831 39.64968915766959 39.11689190898905 39.733653110484745 39.89530706311555
39.856521607063215 39.88766657482954 39.44648602600704 39.29286237321434 39.25303974705399 39.09871347338769 39.44082463208595 39.64145832297849 39.82962798127001 39.50067393067291
39.64124647817168 39.53804065406095 39.688552293383005 39.24878764734109 39.45183578089475 39.048880886810586 39.00364656211773 39.65440666327315 39.227825494011576 39.82313197978383
39.333751881095694 39.688493435151564 39.78618838087402 39.00550314854415 39.58827950664351 39.39411698030777 39.3946607424406 39.171960898378956 39.35830653416551 39.44406057787432
39.48434643166949 39.60709071992406 39.77290298988907 39.440007940117376 39.667963119186915 39.11772989266499 39.517927827292155 39.191374890388374 39.51395646703063 39.234708465441045
39.1633204539025 39.13470605695753 39.92612201971373 39.09301219896969 39.484953437382366 39.25865715898495 39.90903920503616 39.50040791402423 39.038401143596474 39.38493543172605
39.96153482443196 39.705547649486945 39.84451815429713 39.42217173521177 39.333558678482014 39.158795785556535 39.680510129927974 39.257550044955835 39.9062671068004 39.12249810524513
39.20978666897963 39.64667138719248 39.19312298156311 39.62594790636759 39.132318080280506 39.93140030093104 39.26844165989867 39.40374769856408 39.73067033540176 39.12773053159942
39.480912452104235 39.534513071295635 39.378802889426446 39.63464224161484 39.27251172622472 39.888303071288846 39.07962126024403 39.95142762930306 39.11020199633347 39.726096970866664
40.925573671465706 40.355106632799604 40.48611032270045 40.36264201599782 40.27550374735001 40.400460017781725 40.19342635722207 40.62214898710377 40.87044617736767 40.7029156956332
40.40588252458657 40.84052771639678 40.47921607169956 40.62175034791995 40.0974679883799 40.590707349710385 40.56405702296814 40.39954500738509 40.379067141617504 40.011686604278836
40.88727664567026 40.03355985213349 40.400002383014204 40.607311580040005 40.941712790102336 40.65567031688392 40.5649996850635 40.647380133664804 40.58103751505276 40.479732595535076
40.95088531349618 40.85152283888937 40.250319670414456 40.438723699575114 40.972360099298335 40.86541293688383 40.77293177923483 40.478727584417996 40.542487604580444 40.14920863981634
40.73679997244976 40.102815429149246 40.201071158451974 40.289732954440105 40.141160773734896 40.16509462658349 40.942883827007385 40.420747752659054 40.11440169715112 40.103677901713965
40.76775434142367 40.3897802667254 40.19422748283989 40.77105024409425 40.29580159996659 40.54531188561766 40.87330728629897 40.77128778829467 40.143648690954265 40.534740659007475
40.85672237070558 40.745810076872274 40.1412369727298 40.30138029094995 40.751948188600885 40.36282252066871 40.88389958179179 40.54786028267551 40.71776806142121 40.860333712645165
40.56064283470196 40.29364336855218 40.935431027594895 40.868607681199016 40.47712322402412 40.79597749632687 40.63352872112056 40.89513850831879 40.200596263783034 40.02645197127016
40.79748197881972 40.293711170703986 40.79415340192968 40.09942830183032 40.62519072910343 40.758838390434526 40.17885108428642 40.533968046627336 40.25231528197709 40.387840881491755
40.26487647558562 40.99748161541213 40.26382097533735 40.13506407312917 40.1266819689896 40.227173460376164 40.03283257749573 40.04620147392411 40.162061123232796 40.1544605132288
40.98350845488227 40.00542091222367 40.871426319310004 40.8678927483182 40.461558806957726 40.853967214606236 40.62108885908739 40.94170565421995 40.014196249116374 40.646140498582696
40.513130027213826 40.82998648533693 40.53072137424734 40.497026586326236 40.274491752444625 40.48053753379516 40.87560934823922 40.94608238073448 40.899203688126676 40.05787120435337
40.35787846334517 40.01165517335523 40.630203509424156 40.681373227255726 40.623685039851836 40.1437422657622 40.75099516728835 40.38252217416873 40.333503097869176 40.09577303142085
40.572430171839294 40.06415431375836 40.29091210040074 40.33092260416854 40.94618491745717 40.10511549789558 40.526928815933516 40.95444277029338 40.614046721199486 40.39524206440468
40.21198474687603 40.32072218339616 40.71091040489148 40.00846546096204 40.16706355287738 40.402264640253975 40.77942571566836 40.425936100975726 40.1761778314194 40.72750076236565
40.72552570623786 40.20641364254449 40.264277851304044 40.195324768427504 40.2466044938559 40.2677729888752 40.59784964601432 40.35647502153636 40.39790265560515 40.49132592057917
40.689873506694376 40.81535293310723 40.127696812496744 40.18976076963471 40.14647808230666 40.25060221102898 40.80817970131151 40.08985354893185 40.27953917781707 40.178746059306775
40.01645547424495 40.87270563577456 40.527637042719306 40.9924074956438 40.07886473982495 40.987114757250986 40.77719894354004 40.99311359269838 40.18189204360513 40.4057874462774
40.356318974568886 40.10841158047913 40.1741983918582 40.229452970127205 40.68566029801216 40.73400128535043 40.5368599762624 40.56053981608156 40.31400964103711 40.67381451912638
40.38268347404844 40.865927969424554 40.34046751366587 40.46444923004815 40.760507341787346 40.12739127668575 40.03092190222524 40.465092191288676 40.98668754096466 40.43869608895582
40.77336715458247 40.97004081817154 40.20350541282449 40.349923740460945 40.38479416565865 40.258161642372066 40.873024139114364 40.182436011236625 40.181791259888556 40.93209849516728
40.45495945720255 40.742004490089556 40.15766019751371 40.11977149622485 40.088419595538454 40.342976024522386 40.070765091484276 40.11168290663244 40.69990786451397 40.822948022585265
40.24199625940767 40.78977377513505 40.59377110932587 40.275279376918284 40.383645450059554 40.7670513015959 40.24631580204103 40.555863738345614 40.83765213536393 40.501933122194735
40.72110263336055 40.23094368262374 40.18809574589378 40.77723197228007 40.85046995625909 40.52434619957164 40.33097172322078 40.84093018482429 40.08712484362363 40.995370756331255
40.733704014659644 40.194370336158464 40.71968026422159 40.13266362813145 40.79751026918599 40.48321478948688 40.96730527358156 40.7847630320069 40.94765053411313 40.197503461943164
40.32119498989166 40.36460140445511 40.31975373354092 40.91936570363923 40.384355022741666 40.063103113435396 40.68483076250394 40.67041892098967 40.3762355787164 40.8861165579126
40.561246911710924 40.505612786312085 40.415038079652916 40.18927226258011 40.29884018753298 40.876254564587185 40.66805725062759 40.526959347160634 40.288536610819186 40.442178166904505
40.46920994410499 40.05446438059128 40.350227231374234 40.951494996863126 40.54294180201799 40.42641876282564 40.78233587264142 40.52609245475096 40.544991089614484 40.12005163769007
40.51842052491638 40.19202151513348 40.233028703536924 40.37834740280813 40.32931569954053 40.77614219436221 40.71398225642512 40.516058060892796 40.03373661478493 40.353871399186275
40.37989097170464 40.160622679235836 40.23593052016813 40.27760514259374 40.340427481189245 40.11039721345097 40.195874602564786 40.441362926449074 40.38776175962834 40.88420014262667
40.055683486433345 40.844429113256155 40.78823087753147 40.709030312224506 40.79530389154271 40.705242404309814 40.48531818207221 40.64691544270486 40.97123803969156 40.34651122619152
40.61973387087385 40.797201028622425 40.503951041200715 40.82350941027725 40.624928446824164 40.0271909871028 40.52278196431345 40.799733179670284 40.54015905818561 40.48190314796513
40.55159240396882 40.487576523799795 40.59826872565524 40.20280373543537 40.12404995680488 40.56640947999037 40.591626420010755 40.54573745956231 40.254358522116306 40.86641964357142
40.99721575485806 40.7298701676277 40.05741135332127 40.263804120472976 40.350648956956924 40.77231395550307 40.211756489903436 40.671375539221934 40.89892169551785 40.26720487143377
40.88942885748238 40.22837268098979 40.133013396042294 40.95335585201345 40.2386167580617 40.794242336339565 40.40397725095281 40.78120888488415 40.49829491878175 40.633385705294586
40.4599522716742 40.237661310212076 40.34837042926226 40.74133974018513 40.40656959382931 40.016444052335956 40.154551491738054 40.60758947047698 40.28951406228692 40.732079466976856
40.35406342478315 40.33618474920007 40.225540943926454 40.26704973102888 40.346500131556304 40.95256089243061 40.76703706901416 40.5146568688202 40.90351366789252 40.41343952210644
40.97525446081406 40.73415798016054 40.29170795528063 40.30641236127843 40.49863368017072 40.47011046500017 40.015017612004314 40.47678733596561 40.80517337437515 40.00446350232987
41.3260161336338 41.85150291537121 41.60159107299734 41.60778367744833 41.430012296376624 41.54339312763062 41.387059935480536 41.435104670527295 41.61145723973748 41.913812181101434
41.03559476547529 41.77224142807012 41.34909930956317 41.64760463791509 41.278699997987886 41.48001193287227 41.85448726309146 41.05163285384926 41.968681047312785 41.90666070805362
41.36783671672826 41.726550673265415 41.0430599410327 41.242879518495016 41.97593903968899 41.4812386464916 41.18182474016293 41.279172860315505 41.67870533848634 41.860292452105334
41.2517817949378 41.791917101841385 41.9241030184053 41.93718324982296 41.76606845773609 41.33231354132148 41.85565563854196 41.08918449848521 41.751923242455604 41.02153753506229
41.072341704754336 41.314887164264064 41.61609959979964 41.06573716670961 41.78764131721892 41.2811012364697 41.82484814260313 41.09613671717074 41.892644156636266 41.693168178174666
41.47418139228909 41.112351426974165 41.57754618852919 41.77118559143421 41.1161745393767 41.76112205980508 41.846526537894675 41.584371987068224 41.528344065962386 41.918028729792354
41.47291008769299 41.74677575915403 41.4656858547601 41.05634583434865 41.68468518626241 41.50975936234424 41.81874276149292 41.685050460725584 41.14486052832197 41.600166456307385
41.01611168442104 41.21709942065977 41.59680835797713 41.247805536821396 41.95608787345345 41.98944033028147 41.88165620635388 41.72186101444188 41.229684648018186 41.79782488372359
41.90295288957869 41.3530687893821 41.90605472656029 41.23234319825738 41.51324840684909 41.45697014673777 41.69137915372007 41.303700114546544 41.22789214033516 41.79328396306671
41.843578259377004 41.33560566570341 41.13326688012397 41.1974143829171 41.82773870022155 41.86525374553786 41.349841239742716 41.80233729543103 41.330939333175465 41.34171429643423
41.9348361911774 41.83258548754183 41.92019776212357 41.74116606924868 41.16496617490954 41.29677903311285 41.32354878073788 41.828248361924906 41.726628952423155 41.03112404331457
41.04180450198236 41.684412267570394 41.45908263051027 41.453529605924174 41.75733544771915 41.29700260644155 41.94556205544326 41.07646867108746 41.79625070507107 41.45690420261474
41.427951257682224 41.29643621239437 41.72164443821064 41.94793702309958 41.23254228942326 41.22883364350938 41.98811499389542 41.027786905013826 41.13757515789003 41.38933551012453
41.47155195868579 41.49810932396479 41.88766743963272 41.836270967514274 41.603225740858235 41.240546226929474 41.365906235778084 41.983279031910435 41.783502890012315 41.955746625503586
41.77128932066726 41.66747313378718 41.728049892576514 41.98408368375136 41.51736634859856 41.21557738607261 41.40817722094113 41.50961259129111 41.467344755858846 41.18897285427991
41.28701374426628 41.152914810212216 41.55158974977223 41.20831963098307 41.62449200174776 41.94382615840267 41.77536093521907 41.75939603806701 41.72666236198675 41.93164740507709
41.1177929702367 41.16402388967777 41.14864460125934 41.23828821605734 41.84754131978432 41.96342422975639 41.025563370783935 41.188895759166634 41.33617828496176 41.806075661599486
41.90210372477719 41.26487245979649 41.537338457672234 41.55812278309709 41.65886179907476 41.015787084409354 41.91777725846404 41.76160991971202 41.39245454982263 41.73953661840283
41.77591960404696 41.75429097164668 41.39639201768666 41.69421664846489 41.56414039004078 41.73449335317284 41.71100405723671 41.84051037370024 41.042932054194985 41.80549036129499
41.06325300940842 41.630007556941514 41.83827924079595 41.56606288105793 41.40105274319789 41.1527161629895 41.24797364232474 41.12740769866056 41.64175323843519 41.03613162069479
41.94826724944332 41.53127686438126 41.70073937828438 41.8485791768094 41.58917533764355 41.420208319781665 41.34363154182793 41.40114752590213 41.13490543269504 41.46793508974851
41.914364440351555 41.265382659822194 41.20530177030479 41.516536817406056 41.53145999199527 41.02801249853094 41.60485940818839 41.586623869931095 41.916099014010996 41.28932505848075
41.68777608978743 41.927820770135455 41.61813527897789 41.17842371814803 41.200673689890074 41.059042535865885 41.03998517836247 41.20643498171527 41.76903553219327 41.31153386194717
41.323364568994094 41.60784597816182 41.24906983549174 41.73236743439846 41.86013399776243 41.93050019792216 41.75362348062611 41.33207493295624 41.91605235077356 41.52638131845374
41.27893438828562 41.567309862737744 41.61502774077747 41.7681672826932 41.50842495393133 41.6379188801586 41.32149442730384 41.27063740316182 41.550403125978576 41.64752406139029
41.279832166434765 41.131367700983546 41.078451240905025 41.927695747853036 41.22228516963569 41.221750630343294 41.586447745198086 41.85802156988213 41.540625361356916 41.857227049915316
41.24457999685315 41.327854380967636 41.531844570351446 41.75472030669486 41.14837109926766 41.58024808938841 41.17444940647758 41.04561311925539 41.58965739132755 41.554566764921994
41.86947092276993 41.25421003051958 41.346617557589475 41.00147943224999 41.58909097694553 41.57447974163344 41.88936813963164 41.5825292687884 41.91582593916348 41.481972712976805
41.828304462650614 41.88619224801194 41.52649723587 41.70316196287889 41.894279969669746 41.793317295362975 41.77775799249971 41.83105522434171 41.23288105182515 41.90706635183228
41.1837331478668 41.42377945238873 41.819468513195055 41.82594917493047 41.74137016832349 41.25193934118001 41.3573209764506 41.88327453116032 41.25538661031072 41.47090370625671
41.108129180480724 41.602315903191084 41.04223901245772 41.88577460118498 41.72225497161541 41.52371621694871 41.651327699617255 41.14964598542749 41.28558197021627 41.25013292521154
41.53169059408294 41.68986013646293 41.48044953346469 41.52285127527829 41.89372794617144 41.392321757673116 41.97007566189497 41.896069947470615 41.36803982202846 41.59053092065111
41.85903809040547 41.10679014919748 41.44724621089813 41.70384805666431 41.35679758836366 41.55171540454439 41.11169946247181 41.94860521008132 41.576910875196084 41.37729650979787
41.48628744217015 41.90602999632037 41.741495130326854 41.56503156995205 41.853064967242396 41.37254933707967 41.92866973843181 41.05135896670277 41.853240163342264 41.840892786654905
41.90011539124675 41.359956572629045 41.252081449167555 41.16451579370018 41.47655419236761 41.44398757230701 41.21159958800551 41.443215288135754 41.390869127375986 41.43680980773727
41.61839914462479 41.934411486688894 41.54174475422693 41.791891960517695 41.64788178856688 41.84242151783134 41.095125279605966 41.8561566531019 41.41102333466012 41.16715158788612
41.93645022811465 41.265696906488245 41.226236001513335 41.40398640513214 41.5635422042193 41.67878903213854 41.7863652660018 41.77825601732575 41.62818464450566 41.26835178301672
41.249660845142394 41.87051174093305 41.9838422249007 41.084477816516674 41.07360009548349 41.942944303614304 41.27764057838381 41.86739019928988 41.23173052729001 41.01262913215531
42.836635178411726 42.14215360197262 42.306238361953234 42.733885225548995 42.84156487047647 42.45869576865278 42.83273797367784 42.44988542120606 42.55569779235075 42.45417184306725
42.188817001731735 42.35275755325248 42.68204306287724 42.00943073066946 42.264160380716 42.55176768772795 42.75911472386545 42.14731876854299 42.12761613602486 42.99077798730974
42.873598655458835 42.477783277297036 42.915353996723525 42.579023389094495 42.86768773266096 42.933214234438886 42.204308220048446 42.60335278554791 42.64951369553407 42.25718994336041
42.20638388127177 42.47543228761691 42.17701918224936 42.21076782485934 42.221445402290804 42.134008989680204 42.17877675501293 42.742689499745566 42.92089557327284 42.97018622010724
42.699676037309764 42.43334442461056 42.19869154211002 42.972761793608726 42.11506453184244 42.367064269914614 42.52293408224219 42.901033096992876 42.343840752270594 42.2132955214464
42.94870509916979 42.684074151871805 42.60916359936352 42.704425449721484 42.21161723021499 42.91834117917693 42.24485512212544 42.88651240998341 42.61157924605337 42.289565028469724
42.72623804118284 42.488898328779634 42.71756897481224 42.980240265708716 42.3160636470565 42.50965771148901 42.27674524619605 42.64062228769677 42.45934978576654 42.64606410511959
42.0950194354625 42.29899546047901 42.3353622360078 42.5127313890533 42.071245515531025 42.666076649565326 42.780637519914784 42.68481412433218 42.01347763325465 42.64877038197259
42.133858823133856 42.4796273072698 42.34328249194527 42.530093076528416 42.421560600443186 42.04727295926395 42.3028830927331 42.19493567055698 42.7030521767515 42.779336970421134
42.819949783094486 42.98543545529276 42.32361402949476 42.26444675005662 42.756142919607655 42.25507909854662 42.286934737113 42.02045634673394 42.86805151550816 42.457261260803776
42.95092100966585 42.015252661803245 42.44296018231458 42.65187366651241 42.775426336322866 42.551652286039115 42.23691652689685 42.64260217795336 42.906109181622554 42.43658618508684
42.03886015924706 42.56795992402065 42.96554443555083 42.48074452035809 42.912113093625 42.66068703281561 42.54087672511517 42.28208205471794 42.923320644669985 42.06299848848953
42.50671777011635 42.9350597025971 42.95897124504334 42.03926319522598 42.50265464213379 42.77722544488139 42.05091227164026 42.663049454832425 42.59664891093718 42.535713718739444
42.484818036268905 42.07207282686067 42.4087716489819 42.26846937247108 42.8493556335433 42.68243458761994 42.744132759577234 42.30847840834262 42.09883270444728 42.332640173884734
42.08952749682208 42.014014825261995 42.64840097630268 42.18823868295593 42.165236626947305 42.50388899578556 42.49842765377952 42.37952612186343 42.091581482746875 42.71390968825921
42.39343690759726 42.767606401581624 42.629248458408576 42.04924859804093 42.06106144183975 42.938206234357054 42.38306202308301 42.6271226495971 42.64773442413393 42.507990669830306
42.82079939922472 42.605185761240385 42.570390330864186 42.09472870896072 42.451803671002324 42.37324867341856 42.137232457441286 42.850509091507654 42.534566868231714 42.44942169728152
42.455664390273 42.28630825614234 42.23811783012722 42.766501930534666 42.341771023165556 42.22656438536392 42.26896447523245 42.66040307588684 42.173274423533165 42.12401219307929
42.593503479148914 42.279652558227916 42.8866785394124 42.63788544769521 42.03522504684257 42.32345688690145 42.609356055800866 42.332695376245304 42.20670398778276 42.98556360938594
42.73861936186302 42.590144838673204 42.448282835524296 42.73212345920759 42.63235730760585 42.34333954224164 42.18851642103537 42.07398430155858 42.45960773612993 42.040309299391076
42.41586152671219 42.80732393497601 42.17447558123432 42.32295391159204 42.756759568570054 42.29125585907 42.02309460996137 42.26787947820475 42.99217376859011 42.20701863580956
42.470870779953394 42.67719309438228 42.71280688007841 42.900586155636105 42.946033423803414 42.83017491456348 42.21263908529249 42.849012165013505 42.33556033027169 42.31084837015266
42.65109050619172 42.01054962198259 42.7408310764597 42.011820823987556 42.9760257714294 42.81956185391142 42.60290270071918 42.1813688205086 42.09298303562181 42.369468305538696
42.9410904749303 42.428592754738744 42.29042365106029 42.89044574661842 42.11357556732032 42.93056867743036 42.98646255437053 42.973330613757184 42.20505087262035 42.695775309663894
42.449453515082595 42.11714615749581 42.873954764758416 42.62967659833715 42.262967997676924 42.08490388890621 42.25063211442726 42.32119147314413 42.955119546465454 42.240805316073875
42.267800493780044 42.9228838939884 42.39285048759653 42.511697174519966 42.62598916426054 42.23305840135378 42.25371127000109 42.86660917091997 42.4491567226718 42.10454708500131
42.13082717239653 42.24043017979283 42.56948317506405 42.602826238113124 42.60116088151857 42.641255666072745 42.29537045452399 42.915201969529626 42.89284374494888 42.77566488406037
42.462975290630155 42.87315604550733 42.62426245597971 42.90216385209235 42.54913664165126 42.09154451082751 42.455751925337104 42.780256078224454 42.63234944672627 42.15119316568637
42.39415929918373 42.52107978026914 42.02847542633535 42.95553574959531 42.92120810721069 42.86527692018745 42.49917044277963 42.37729224457923 42.07850545821265 42.914735817712085
42.03354758611754 42.577785967874576 42.13519946055329 42.62707585330678 42.33738343988194 42.92935009237637 42.4887079608179 42.44521920519952 42.32921476594845 42.300375361543225
42.00460375745395 42.279121091594725 42.13896137242679 42.57290288718513 42.0886557318248 42.682706637074574 42.332250442477964 42.65426673875093 42.40218901238189 42.476289057927644
42.34240618327222 42.91714354653471 42.28134168970035 42.25322046900096 42.38210816553999 42.956466793540365 42.601459509027784 42.17925280762606 42.42801046659872 42.78701598920231
42.039784098020654 42.24406351912605 42.22415302956553 42.122092135096146 42.432754133848796 42.65662681621935 42.63378551031181 42.17154208968534 42.198653473817856 42.38958794180711
42.08426294233036 42.47649656971293 42.60200340211576 42.97252445432904 42.29596210609225 42.65853799563717 42.9730113585109 42.509955236304975 42.96370554691338 42.6026153167357
42.86355146167826 42.55718422301061 42.56797042441703 42.5158756925477 42.52056712674005 42.925542847249474 42.03319750583287 42.50868303554336 42.98844934848721 42.70832106503729
42.521805106587436 42.8294463891288 42.61385910155669 42.819654277719785 42.25505201068733 42.65148153109304 42.7196255183204 42.12085914584075 42.885681804031854 42.35798160023513
42.738766277948145 42.77218853682248 42.61232101020136 42.60027348610499 42.155340264026805 42.79270205451358 42.921891592591344 42.01488864234153 42.18575681139033 42.936925268915765
42.57383825097114 42.376578526989995 42.252329901174036 42.90419710916127 42.19875929088982 42.13725627684657 42.950279595759675 42.58508201966193 42.67406949715017 42.754947785334394
43.39004729416175 43.51894939663348 43.26061205834286 43.95218726837723 43.50870516925368 43.98779956137359 43.33667606062272 43.05989328439642 43.18740465783952 43.2036425661985
43.449664532875026 43.900613645518575 43.7862221757938 43.860211799890784 43.320698015356236 43.244128260275026 43.01342528864858 43.9145218954321 43.38372662312925 43.728751244878914
43.88309564291187 43.839756252509815 43.41826335414004 43.283274918568104 43.88320991445635 43.74819638711402 43.843640476008616 43.50734963138794 43.375693296143126 43.721381805465484
43.282729126125346 43.17219562442265 43.68062463747849 43.404415884790254 43.07435253316843 43.98889365536346 43.25868631248815 43.422309271100865 43.51616102944092 43.058103870331585
43.899115839082306 43.45847952620991 43.75352718984822 43.96291291060765 43.84483038278949 43.899001788502495 43.39505768356382 43.29561138465817 43.34205926673533 43.79093194697792
43.13160812612384 43.519555450925814 43.18873394007055 43.48900075909853 43.863225645937554 43.45886737506545 43.474048664442485 43.77220305444348 43.09723371221054 43.38158182816308
43.85101916291237 43.400283772401785 43.6707117476946 43.59594642629399 43.36453087636281 43.049848164145175 43.171912669656 43.71493577189901 43.069282379947865 43.32080080199105
43.78769861180968 43.260641113520364 43.41519319473129 43.036044311382064 43.68786618888841 43.078047819764684 43.652260147650644 43.37084486614243 43.472269935991505 43.10681573898103
43.31250951669825 43.44299926946121 43.652942841420696 43.420028151467164 43.16360700910002 43.87091333634638 43.62095154520037 43.08047720094013 43.89685138668553 43.463929392664994
43.056512420121095 43.28790473432005 43.21169137726256 43.64771631909032 43.280934743945146 43.49471955914779 43.88957025790407 43.44726245041006 43.62024518741183 43.65306321962964
43.91181569203281 43.85098819728483 43.45288784658735 43.52269829841701 43.66945722099543 43.16172193571968 43.24768240403591 43.01704469028477 43.837267287123005 43.50375873436165
43.56326243815746 43.89379065330014 43.53998631737504 43.999949007030985 43.67650489392541 43.70685757224013 43.02560582547173 43.25873970076167 43.235000594088454 43.82809815195496
43.178747946009935 43.7183180323685 43.08740531664535 43.51996002630774 43.856594014932845 43.08348370151246 43.23554899297365 43.494447868841554 43.2104782800432 43.56060258780972
43.67347091039733 43.12906888707731 43.86817758957456 43.84697112736067 43.73108667974491 43.527048194162425 43.095091358460124 43.86314743968976 43.423982667629495 43.90695162184253
43.82692076916088 43.030281513278204 43.22587227181732 43.38595595986447 43.77211959784472 43.489203459328294 43.626537236850545 43.08135733910081 43.61930365153212 43.03400575579864
43.602398375799446 43.240779159850696 43.351980398303326 43.57745315843057 43.7255549266762 43.75552394695252 43.619763620420215 43.62095712786708 43.00061857666238 43.94774478957996
43.34538146594184 43.59900274719199 43.003829270028355 43.19626078109966 43.98769729765191 43.725516093406796 43.82743539254898 43.876421231370486 43.32685333710663 43.100130547116265
43.13568261316164 43.757806628585996 43.025081631354404 43.457195230634525 43.959824979581654 43.8962391839568 43.522133745502664 43.67326822706209 43.8552355667592 43.52135396101176
43.09983209430481 43.984053042040586 43.724358362803855 43.3907084697048 43.2715354028356 43.09708785783932 43.82115668648698 43.832384815697345 43.00484923678476 43.90309906161931
43.195877872984475 43.23026597429749 43.669702325615916 43.28678214386513 43.11336770532354 43.019642721679034 43.018947924011464 43.61687409085215 43.78383243424936 43.35553613384097
43.95493868560439 43.85573381848066 43.08186026525791 43.49209572528198 43.31306260862156 43.87024778030756 43.797677645028735 43.568660430160634 43.402016838849555 43.44873034052917
43.36403097932646 43.93654638930713 43.58063460211722 43.732589554760175 43.93274704556967 43.38035168823069 43.722370506539704 43.2568803613477 43.13694058580092 43.588544747902255
43.021087685438104 43.5604696136142 43.86800093918555 43.01033006118983 43.225579546553355 43.37438797311309 43.92090382433269 43.79926102247628 43.05529855155971 43.72604572886206
43.4170587954132 43.888796444732186 43.24605232618352 43.9073413194532 43.500816056635976 43.3709739093639 43.40196787638946 43.14629243080215 43.92392168420604 43.25659964753286
43.58881230628321 43.99467140790093 43.78162295604101 43.3838308646199 43.39379877163144 43.89822860922057 43.844790821487976 43.71175385670918 43.99829467594407 43.1514377125522
43.64433954927037 43.48653660643217 43.66238834883566 43.45530020221709 43.70738860814112 43.79996233009643 43.904059670307205 43.59459656296798 43.119024823010804 43.873626118971806
43.57073912595131 43.330073545894784 43.88918829490625 43.99680375748137 43.94732852237713 43.461408930033045 43.44111803707253 43.42197840052097 43.02229622166657 43.158396213555775
43.905958752126494 43.679237304528904 43.04224840576602 43.080643314239026 43.80754332178697 43.709227053432514 43.52541673357822 43.51018138700909 43.15203017133942 43.93408298271079
43.97579277372491 43.70673056317123 43.898988351257636 43.886724249334485 43.642177357232526 43.96197200003722 43.28368748312187 43.301133262114185 43.80020305650816 43.37702639072195
43.484763781873575 43.629714174584336 43.20042679854277 43.21644085308965 43.68709723623617 43.798552220261755 43.52187817458176 43.80233817894081 43.676649329656776 43.63737193059219
43.89798901427306 43.30398300630501 43.722174551118925 43.828218628108665 43.840617986184235 43.45087218522183 43.64813310879761 43.40536483593373 43.17792352762004 43.1515569405029
43.68379628764159 43.80866909498506 43.94312720870695 43.23575738556073 43.88545008259787 43.24359159078201 43.50374915905604 43.05393011524416 43.671766511192956 43.63329760659399
43.604685463015976 43.46630218834079 43.286826301329725 43.76175604941292 43.41353739711344 43.83248591278948 43.810940806794605 43.301467510778146 43.10289050917363 43.97314036113938
43.67633468137242 43.295431784020124 43.98178166731733 43.71674763430818 43.512915398639564 43.320192680046226 43.69738010661502 43.5674223975631 43.54876914169621 43.995273462887795
43.567948641990036 43.233776201890755 43.7206875726113 43.72404330207522 43.679439380973044 43.24420839093199 43.111942844604776 43.55203157633421 43.980618050300215 43.64059750838855
43.57609065606468 43.666170522513795 43.97416767606554 43.520986130030394 43.558046259061385 43.36097683975695 43.78385139892014 43.48612965991093 43.955066178580644 43.04363531093539
43.60686984175584 43.15428924077374 43.21471174699305 43.47108128476835 43.77905662810393 43.577906403951204 43.92646656317001 43.76963347935903 43.42393357147888 43.988721015112674
43.484306990734716 43.372893478899215 43.64206087861529 43.6034421782667 43.88743441640661 43.16046683915088 43.89068818110577 43.58142829327085 43.64501979415561 43.78996859097574
44.46535825139857 44.685920278087615 44.650225741923364 44.15325107500308 44.035153812951776 44.9044736822174 44.31943491581358 44.607520152004746 44.254567487116034 44.26958726192155
44.25452772256909 44.132981160835875 44.57751327664616 44.387126339122496 44.17921648255028 44.85088314335988 44.532787883944295 44.72799217268867 44.92485716072609 44.399306394716476
44.88532842726484 44.56758858168473 44.79682390629729 44.50876477464762 44.30390279000199 44.56798986733662 44.73944565897554 44.74567096780952 44.38340748794484 44.38931500496135
44.3356680214424 44.7989391736045 44.12873722105124 44.38966474154766 44.82701801445367 44.87347667155272 44.297229400099006 44.427079983394385 44.02011309094708 44.7240419756836
44.31797563630004 44.012331154777236 44.157869722821495 44.6139237251279 44.858831690406454 44.577949991794526 44.57673154012546 44.01512150506821 44.49574628138726 44.426766700675394
44.245650236554155 44.180186036848276 44.354067855740844 44.00231695925198 44.08821725254036 44.81060240811096 44.037778302740655 44.48383476969136 44.32625792562687 44.92257744032588
44.64014064345315 44.35014893327385 44.95136377283662 44.668318050956614 44.13803778161923 44.47965228814233 44.83025313943437 44.309364496333494 44.01231754854611 44.557614275568035
44.88051376505731 44.75826836936133 44.50774913789968 44.047459445625215 44.21519563839573 44.10588291531507 44.5487345549796 44.749235614618904 44.147885914800916 44.333758506440496
44.960707925258134 44.01634701938095 44.474312429003064 44.97461324361329 44.31219464380992 44.030729813727824 44.50218546730285 44.82857567886655 44.38879140075186 44.146997995731375
44.88790266564677 44.96887220526623 44.03786701344574 44.207690351027104 44.456904805866245 44.17785931667637 44.88157321082718 44.90459968579419 44.83388536240308 44.6427762737646
44.18579364648249 44.71526804976541 44.88972003175741 44.210321730945005 44.993948181877265 44.67908231288963 44.72389661536961 44.7501331429152 44.48710902683687 44.29400678634127
44.144390255464636 44.20947489837775 44.41567371383844 44.1128406786264 44.38134226499916 44.75491802137915 44.36287967889611 44.1969899877228 44.07656537417125 44.991519894371
44.546733832003845 44.44609483292621 44.42781243824702 44.62599029337087 44.84446944416255 44.96345474689607 44.73490882927482 44.097555181992234 44.73243238809246 44.04004637732652
44.49426414585134 44.638707477536926 44.87433696594226 44.04402910720975 44.618941573288744 44.9477600127578 44.16212138379598 44.48798612565496 44.32337821809955 44.156092168061626
44.116171513625254 44.81274947091844 44.70501352389133 44.05520918391193 44.685470840786344 44.974509982383 44.07949671714752 44.61220853984129 44.65327352024843 44.75101374984752
44.681808682304535 44.64697534103057 44.05018648097906 44.792998755301866 44.432547340212395 44.17040460096297 44.20408580842664 44.83862701231624 44.086790111811105 44.29017515260944
44.3150812461542 44.18151850205791 44.2323606164297 44.77907637944875 44.73378219871787 44.43709560932032 44.28499122926368 44.37061559761435 44.44240731561128 44.887297477367774
44.83978677677415 44.59761036906248 44.590819244540064 44.200325975317334 44.481559434031354 44.521696640499 44.32335443489276 44.11993597497657 44.43101780926198 44.015160354084735
44.547357884563105 44.797884630508335 44.209458534687805 44.35122633350251 44.740621042889174 44.803505496258126 44.84152166079081 44.734915124117514 44.37246057042886 44.48597540859581
44.98373603513933 44.06380503051397 44.0219644201426 44.28769302543026 44.76599428409917 44.64651299765871 44.81697099599906 44.81129007183303 44.06376161383712 44.82643450644711
44.38863617429798 44.928147267967276 44.38073614102453 44.459259628254955 44.13898184442277 44.98288903024857 44.51484311854237 44.97500834603727 44.25260902474879 44.196182550226354
44.70485910641115 44.31880530254556 44.548797269441486 44.697267753166706 44.01062613461708 44.40934029752415 44.96650152280155 44.22799715491345 44.266730406198235 44.879938002840426
44.202296369138935 44.45176565696252 44.0676836206725 44.77438605361224 44.780106781164285 44.97356175315271 44.89205946698458 44.558148272181384 44.62160363094638 44.63147360106479
44.65370166209757 44.27531534143687 44.00743121578411 44.35533475993881 44.680034094533205 44.932622534509306 44.67197283707842 44.90479588952644 44.36066765003467 44.224090387424965
44.658150141249 44.09696043019872 44.48391229809665 44.523320676918594 44.47379055077104 44.71282361798084 44.584467241798905 44.66520687136836 44.03738590240368 44.13210618696593
44.46247582784896 44.41479450936838 44.878605560738364 44.88767504723681 44.40229613463669 44.67825380067751 44.067714958711754 44.75359539377443 44.518751883866116 44.449403095096606
44.38809042657142 44.68495977627539 44.0892931354799 44.204948471287366 44.33731041612746 44.91299168279614 44.69240904158918 44.96258139574301 44.6448412715275 44.76552237354955
44.46580064054757 44.49830271521522 44.12812596852337 44.330791296697846 44.822233844761364 44.28281823187761 44.87392243481996 44.91162239581209 44.51665879138454 44.54157687691386
44.92802751246971 44.32737954829106 44.04509407352041 44.469000219007754 44.9040617796798 44.51270643102108 44.97393960745379 44.03467744274832 44.180778941304006 44.53490761008153
44.947795310000764 44.00777737428637 44.64740339595859 44.10592877417321 44.80452723521169 44.79565502650991 44.27778798740574 44.900246207178526 44.43823650365321 44.443607255160195
44.16672329237858 44.50657688670447 44.79395071064066 44.67495840432772 44.04551873037365 44.63917188177812 44.65227141940665 44.16413325812548 44.70901510777217 44.31355788322998
44.667875427322485 44.33010145835358 44.232476841185985 44.051942678352134 44.46268167833045 44.81355393137927 44.33435154817517 44.825102322922326 44.442659461157525 44.4583986406243
44.74967369575349 44.360419178527344 44.40666798334926 44.05663905619357 44.01892779680523 44.649841497146205 44.94638117478122 44.33542589843344 44.66847594203563 44.97688708658595
44.09826563454951 44.666049015524585 44.36119362451922 44.54841454280273 44.701744155925496 44.75686256085778 44.22974642316181 44.8647379278714 44.44209051684767 44.155613674070764
44.269979814481786 44.2907615357483 44.61226603943626 44.73137112032027 44.36818283956233 44.901163636347455 44.21482210414355 44.43222693811447 44.26352569569402 44.56425894589546
44.14315699152328 44.522170773912855 44.50576059644338 44.40202186926595 44.830829327452754 44.18901327151527 44.25831368968698 44.21785354130543 44.93829469652623 44.88496096545717
44.61818570552051 44.21902765382795 44.358345903295564 44.01242249265182 44.97661722544491 44.377351204836195 44.064701468310865 44.59985147102924 44.82826425440038 44.06942831555242
44.10260106669395 44.4259090318226 44.35166833664482 44.21701659419346 44.32593037873332 44.644954814440716 44.03009470740582 44.008317092071266 44.32231241681261 44.342851832341616
45.559351169617315 45.42264028031185 45.335766017835915 45.60929780127208 45.297989111649784 45.20374267263772 45.89594640981388 45.65137127600508 45.55532751494966 45.63122931726547
45.293646681354836 45.19270802500541 45.084029569010774 45.42476998511056 45.00415354223862 45.903699442824795 45.2465007774006 45.38247755826002 45.653213890775746 45.89033163466341
45.45816629368455 45.90264915032587 45.14478393084598 45.332759646120216 45.675724608806526 45.367172155193465 45.12539560193345 45.20943892530732 45.89476331049083 45.47524846951158
45.046889713826324 45.66861176893166 45.84866232807588 45.00769223596252 45.707429357568955 45.01617351180917 45.35949827007188 45.17490782076393 45.30012049341005 45.47741966322162
45.08170359882056 45.655756070342015 45.67923171748834 45.85990183351571 45.700522369106764 45.66986882942989 45.76591822243488 45.99559666844009 45.99984430245673 45.94257314329746
45.75851999076869 45.37281886197793 45.597786978337744 45.219437793534205 45.086917479222954 45.681785592877276 45.56343627848946 45.06655717088645 45.8560927899201 45.092466438988716
45.5744428249717 45.05303791535934 45.86095779410053 45.95932947514976 45.75271268354903 45.05375652976335 45.12267542399837 45.3048204970821 45.82421830990127 45.333306812866496
45.29611369624015 45.871889327682645 45.78899576755322 45.27615797898051 45.22873653881883 45.755603328966295 45.858682992573165 45.113395780109684 45.4131494645331 45.6248650528739
45.0214926770025 45.7630204207722 45.06868219262902 45.32747728470397 45.2283027121896 45.948626911891914 45.11180416921569 45.2352758157596 45.858586240244485 45.09039455666255
45.33083357422515 45.03077593645189 45.821192236509205 45.07266446495801 45.667313622878446 45.76275625013091 45.37252642667097 45.883984880109985 45.62459482754164 45.905429201332296
45.49347218260496 45.2983564741156 45.47357546088149 45.844324506250196 45.45642893549511 45.220510212206705 45.10621677991646 45.681738529303225 45.03513594438325 45.053403256349
45.09936338120906 45.5055785990732 45.662487239371316 45.46271888636958 45.79456337333793 45.297658445434486 45.72533336377103 45.211008530745026 45.973997084161425 45.47097717688357
45.100304292636345 45.31321522812531 45.01828669273321 45.620240665215306 45.980976947430385 45.62566997355982 45.26887402387372 45.445861117092576 45.02424993886146 45.12225308574876
45.685816906316276 45.96889702014621 45.85257712003839 45.53426509270812 45.79126917678362 45.09287194245036 45.9887505776714 45.734652975901206 45.31957340693647 45.2881376730114
45.37121290458733 45.23258865240796 45.95680906569735 45.675423576180414 45.70041734158697 45.41099908431488 45.04580346199493 45.0674403608955 45.000543961949695 45.687498135759434
45.15702652024743 45.590883526141006 45.94591854563481 45.608272186481805 45.98145448950647 45.355907599826196 45.69777029820664 45.994823349330616 45.08840210691782 45.26611981535967
45.22450335338507 45.65507492955895 45.70948626042369 45.469367373039724 45.33744622018475 45.84319638185763 45.8592987019793 45.13806984590204 45.96408241471015 45.606605577700584
45.78402931616433 45.237574259102765 45.502054333609884 45.39395832660601 45.94119529697296 45.691987491069355 45.44977187503272 45.8145366843816 45.45679592381025 45.88916660384381
45.89324608236641 45.237298733631 45.28062654733748 45.78002472954578 45.84380711485316 45.99695459275699 45.066149537544185 45.92203655076661 45.867655226767674 45.334784447353144
45.138233893047804 45.69280390042312 45.925732254246384 45.84351644368817 45.78023933466178 45.556768720163355 45.85119003661977 45.10843362432353 45.47133493322425 45.70663700448266
45.43177180346971 45.440980510524874 45.635605891582564 45.62080410573093 45.635710917359305 45.08649169835366 45.92641702514064 45.07904821261812 45.1222908594503 45.054266503020344
45.062664352130675 45.9609852843818 45.81199955052116 45.76606490161979 45.75796155862254 45.71525576091044 45.95624959599456 45.04820177122745 45.33947120566284 45.73213914297433
45.84292569312208 45.60276822067552 45.240004868813635 45.97826978811898 45.00155900628129 45.985109835686416 45.665181034765155 45.15935364233725 45.53071803759118 45.287543701456165
45.38684237986221 45.365261870416795 45.96024351882148 45.18339749512689 45.79459959596534 45.62160448703694 45.882245314086084 45.72080530420594 45.04928193505541 45.02286298049797
45.43731703566433 45.27229667722465 45.42523903438836 45.15438821381159 45.6262139399682 45.34406682590849 45.70285283889788 45.324045797248054 45.33227872183762 45.52791733578972
45.778282124793414 45.719017962001814 45.88618831631949 45.73920883038144 45.49437660391534 45.97924786213749 45.982134580712 45.02576759717924 45.06486121326023 45.83623792481156
45.76334027743985 45.655541125967304 45.36330575631644 45.404391575584334 45.934851092123196 45.894897526366854 45.77905847629125 45.43181303530167 45.83283356223962 45.87481684274006
45.30423702856953 45.31845752199565 45.482147357723704 45.20882260370349 45.00903355157723 45.99174993810394 45.80775016364341 45.574354373488326 45.08700513656546 45.79326718378897
45.11425126335366 45.87993962985091 45.453368878031064 45.29805216783281 45.43845647399838 45.97202101015855 45.10572855574884 45.77635699771812 45.768258777189594 45.41636698955032
45.38886671556772 45.8494092678618 45.388095210504716 45.565915098055115 45.822384652681215 45.28904104569185 45.80722126224542 45.87386676019131 45.82252199441111 45.21092122737504
45.14723316485582 45.82798462624023 45.29210247883207 45.467673744918955 45.48949867064846 45.04100358377206 45.25328930977025 45.12927697628045 45.82705791430989 45.254265958654855
45.222887470383625 45.851312025424335 45.133720686743814 45.66891805383489 45.53871970762615 45.85447887961248 45.46249924124969 45.457481875167126 45.38564189332062 45.44290168048652
45.91618148360611 45.52834212005655 45.84105234783097 45.47409484113373 45.794761774041525 45.61666553814352 45.86228906058095 45.96006424348664 45.217611909422246 45.55749582559084
45.772097648940836 45.02686883183496 45.04268828558919 45.160244103648196 45.46339197424478 45.789069694888994 45.96073535543339 45.44852170009774 45.240818238182264 45.30584508313965
45.22935979137481 45.15523792208753 45.94417299369613 45.677151619379295 45.63001362045404 45.27011295630469 45.757513765456245 45.51116314039641 45.880338667009674 45.12523176858082
45.897840657578975 45.4483208557667 45.91498889699633 45.97399183538597 45.19851621025391 45.16267917292754 45.159961053746876 45.26977432354584 45.455129716589596 45.27783389459736
45.168628216369335 45.88289419685151 45.285301434914025 45.932570520150385 45.76208497314449 45.30786209791093 45.16896098921491 45.31047232685569 45.122076693848314 45.50771680999004
45.28192368015127 45.30807916061236 45.12170011385728 45.41816404579406 45.713126940996254 45.657789606151894 45.54722548660047 45.29148350961306 45.664678942550346 45.24455077798233
46.76380573409745 46.9986432453251 46.27390951747213 46.05948134581556 46.808501155639576 46.12778629316473 46.76790371388773 46.21892532690632 46.85596293331513 46.218231644582566
46.76353625803909 46.74403530153488 46.49528242645244 46.751357916825334 46.65981511883393 46.34383560140671 46.2809273864617 46.583214499190234 46.23438107932331 46.27381755153427
46.57635046587471 46.348432090024815 46.75229892344734 46.4524699993055 46.79576896574999 46.99098029737917 46.1228159713689 46.409750838665346 46.76777943726892 46.98454737150872
46.89855138395728 46.31435556066791 46.09388444013224 46.99379285121471 46.201619779168574 46.28074156405214 46.05567287788754 46.69745136556204 46.98248149020392 46.39221780902287
46.83630943154038 46.24524150625612 46.369850320293395 46.393011329610445 46.56515275733146 46.35276104586164 46.25377969989224 46.80007336159788 46.968735974571885 46.35202578326993
46.6590862421152 46.26448982455592 46.217007200570976 46.610035917321696 46.91255938275189 46.37271190438025 46.8906419108199 46.6037309183548 46.08494466821267 46.71942479675868
46.86340301173329 46.596919761446166 46.697477227222045 46.00672334177985 46.29293830806847 46.30325023511937 46.2227810449053 46.12836561348632 46.844069600521884 46.139007787311634
46.48123901501788 46.68322672415595 46.730541217508126 46.67051067370979 46.636477259858 46.12867659197732 46.15436017180028 46.643094762331195 46.12739681503186 46.8324571727653
46.246273996445545 46.54215799892432 46.53922451075575 46.610736373418945 46.66659665354561 46.98146110138478 46.11234397957481 46.950366772094654 46.61250644260731 46.3398575726274
46.31520700344164 46.00497966233243 46.09610466328883 46.9748525853242 46.666414076366486 46.627395999312114 46.0069370047643 46.02986714564547 46.78109268184619 46.15493731436697
46.653344503959225 46.321810173348325 46.4379901169286 46.399571787460395 46.18892427852394 46.04653790453406 46.31623758319144 46.31143139997919 46.5735447649216 46.07200636256751
46.934530401054765 46.082088516455045 46.49277413397319 46.402399878221225 46.24050950670759 46.033081159944345 46.96524446696958 46.991243866348775 46.24441683882129 46.49552812536799
46.20438860206311 46.45748827519305 46.06863786501718 46.02827644292296 46.66915028981066 46.41577334043236 46.79353253919993 46.74487563260908 46.13768281426385 46.07056653585116
46.5199954138751 46.22377431006122 46.068714798454664 46.44358612957665 46.14047459379171 46.461486384145864 46.47717632354648 46.104902842071446 46.41271851335263 46.595075910938945
46.04384239330568 46.56033842844624 46.064308181641266 46.668161085406155 46.203164974560785 46.511255890945684 46.82107198123235 46.54373901036948 46.509128669401235 46.04756291145633
46.448768750665295 46.1774852275763 46.66587949460315 46.46072660767995 46.124964781920006 46.85678292018824 46.228039857444614 46.770824351948136 46.71681790246557 46.68358855415785
46.12503730851975 46.25013164188443 46.83052291711407 46.53334205744972 46.84443845675734 46.195475233254434 46.81945966900501 46.9574816031786 46.32119353307247 46.95255519556878
46.290625664681585 46.013724160463426 46.32286129321323 46.72766776027127 46.03272332200725 46.806124829359604 46.39529767626441 46.03573528784775 46.704311375518756 46.59602957035307
46.23895623894113 46.72827847526056 46.06671887456695 46.705387080863886 46.722861930097174 46.42094068429646 46.02395928031863 46.07548787033978 46.611483938616345 46.79740173003748
46.24067155739241 46.26704935961154 46.47914782812598 46.704995020643004 46.64915334466115 46.89166798495996 46.21729062266571 46.17706812140975 46.72784168993797 46.95001042372008
46.00177697002032 46.518103789944234 46.036134467885645 46.3187180686712 46.58065849376728 46.36984452200234 46.1242358786705 46.67585000459252 46.267172398231615 46.24014114761561
46.60174744414054 46.48379147232171 46.078439670112154 46.32097143335527 46.84501608938733 46.25890653248822 46.047236902670285 46.54805224071375 46.550788630893216 46.248814960474306
46.85238025376574 46.761694479692174 46.102512637588696 46.81102500153794 46.562674085985215 46.51702756135717 46.50566089975696 46.24075546060976 46.47004029152903 46.561445657488946
46.46974759166782 46.53113160726778 46.69935918805412 46.248105514971606 46.067241852170795 46.56554161405837 46.52571651701246 46.186531315702204 46.28337444665738 46.53979125698008
46.10416504779247 46.244859502079784 46.68587176303047 46.9907963873325 46.622773574267285 46.61298234022575 46.38994074955991 46.66890436998901 46.72665016363669 46.01182566706904
46.471367272059204 46.63253693175279 46.428790246608926 46.29122353978669 46.98937958615489 46.36669883709108 46.62301471509683 46.59732764990954 46.820967412676495 46.43099791278777
46.74492680075906 46.010217863311475 46.57963652835381 46.12817386174207 46.088730828731705 46.05335456131188 46.994117707580834 46.95073480247338 46.780919917786754 46.75874217030203
46.256337721027904 46.111151693881446 46.43625364384573 46.0351483608345 46.012999270981894 46.290163050858474 46.077111209216795 46.931450415220304 46.8714061767664 46.84809327107091
46.984218902466814 46.01315716390344 46.517708460433646 46.13568957768852 46.764915663125656 46.477380810959204 46.80453171162078 46.21383467940816 46.07453382007021 46.82001020276963
46.45499384684051 46.245592880253255 46.107136428375114 46.83856300376151 46.351401329522766 46.0593999347926 46.18376717767462 46.505171332444554 46.72945648517227 46.89880775902646
46.50953175281276 46.77638171290609 46.98259597271903 46.172046855442964 46.44524501179579 46.719926769386646 46.1961199042826 46.09377129229946 46.44504098277846 46.43335278556671
46.97706020004131 46.471701950926644 46.14825811855536 46.10536366340656 46.62327576111401 46.53248589007322 46.9820751193707 46.227968321328305 46.184050717805505 46.60394091233634
46.03078754726451 46.405995659950285 46.50451195766368 46.67495608076258 46.85827895057097 46.4302667199084 46.917470213399675 46.3396705767196 46.432154649957475 46.28169161364403
46.84882881581569 46.39915482372435 46.29117029193284 46.51578407560083 46.23649273672957 46.4416689429463 46.62200128849986 46.040563826326576 46.327750071161184 46.05167618742744
46.263442282106396 46.75343450457675 46.0867507033572 46.556799085997454 46.350995776314264 46.441135423816114 46.09986418810594 46.902761001939666 46.57790822084155 46.73610867103312
46.060117458036636 46.8641555658673 46.20103295390848 46.592968546522144 46.247785449947436 46.567252118913586 46.518846265611806 46.6944507528587 46.67366652034741 46.12966788303812
46.152784308772624 46.40152209534797 46.80906623869226 46.25479199274767 46.8748073928219 46.39965814325062 46.60335701492796 46.21550796696965 46.91530418519054 46.451231539917494
46.28621408566133 46.00092678682888 46.69423763751308 46.08680508715839 46.351043228626224 46.338319319408825 46.958473186605886 46.77222517614219 46.54677860112463 46.022163344633135
47.37951887651393 47.0737632495284 47.6671441194913 47.48319682767512 47.768446463231406 47.61015383511208 47.41963538609151 47.81259642057804 47.19855113569997 47.1282297785213
47.68089319055909 47.51987547891296 47.49134679489755 47.86795662468103 47.00080376489285 47.14782353815674 47.71778293847716 47.49301975753707 47.30457536196231 47.49378529103512
47.59410831011493 47.25471914495839 47.360204102230156 47.59380359339634 47.91059515834692 47.72977903463734 47.728156763364524 47.81462788735908 47.42137752051586 47.42677993719117
47.59076176849274 47.36831569793821 47.94494561537415 47.79127363029572 47.07071401319343 47.31513153147144 47.777377697914226 47.656241912722514 47.391263151939704 47.65267431272844
47.90417987196522 47.98241222615576 47.50506880981557 47.40264042930196 47.91164287826797 47.81204487168809 47.62437061018455 47.701356876043114 47.94491492388508 47.720157555747775
47.42203464699668 47.776194824369654 47.53752761664105 47.68875510562743 47.5412023034714 47.347200550531234 47.64590180071407 47.25248344571317 47.450681337229035 47.43175817747026
47.762399082922975 47.968228677959495 47.61388307947447 47.749823659700915 47.55177349600194 47.746533410443966 47.40102396900533 47.92824747247979 47.058417421237046 47.34930448825843
47.16747310461831 47.484928967522585 47.16558436797962 47.40613716870663 47.445542480809365 47.13702290229056 47.65281071692637 47.63068328959545 47.252679763450026 47.3221440362989
47.89404728952523 47.528841305532715 47.10593787440619 47.947493475743336 47.96655088892935 47.78214907035677 47.45075994574403 47.289055898431386 47.69937484470709 47.66261036598913
47.86153171958836 47.65149441959227 47.98033675457634 47.28928893255063 47.55201823541999 47.86909544859689 47.461630694137895 47.272354581758805 47.44571480159776 47.979092998322855
47.65679027914539 47.30686775135331 47.299307562160955 47.43092850139128 47.305497562925176 47.57644059910088 47.146851377114984 47.0084785141007 47.797772771298554 47.406013919270706
47.63793870153026 47.23700919662485 47.39536783189104 47.4633412079556 47.68004532962015 47.42259337044168 47.96572664185622 47.95037227340081 47.16340456607605 47.628952347149614
47.952663312506274 47.648580656829864 47.44617422063048 47.83516086502382 47.347949479580315 47.38638072524037 47.708325710474874 47.23738095529543 47.499290074453036 47.48213148617332
47.24459792249923 47.15876623015292 47.69270647120559 47.982826445652115 47.26002338808392 47.313904993606094 47.58113498821768 47.066419323319955 47.75594749400525 47.237647353712134
47.69608740529988 47.804838325601324 47.650126142369196 47.53288772810643 47.47550984417725 47.59509187717891 47.361401125978816 47.217850901895346 47.46851459266644 47.95747151312417
47.70761645684367 47.86065608957363 47.63644956902026 47.072708240473354 47.11485307896332 47.37741067143537 47.9598079205174 47.384040709883735 47.816723514037896 47.33981087185466
47.88177069153789 47.825505058086044 47.93438182176013 47.38920406399016 47.47171324647157 47.75435794581953 47.07106850518086 47.88629352347358 47.57579628805353 47.46339528933079
47.49263743437402 47.1279832532244 47.816805278286225 47.11465590753808 47.847050956054176 47.714364035943824 47.73481703175446 47.09001516404644 47.53014599808718 47.809336193837794
47.3553655844152 47.05043570563265 47.297439488331904 47.89402669787522 47.84339871725487 47.269471220489706 47.84504650738508 47.25883630847119 47.178058427943974 47.307271315562936
47.84046678838537 47.23707944290498 47.490741864330495 47.130341743962816 47.77129679449609 47.2099570800108 47.00491635151811 47.90621726628354 47.43562803013756 47.705890672514826
47.44881291048396 47.01921984225026 47.6254321360513 47.808847653174084 47.9302866151418 47.760702192254975 47.31302123648802 47.26314001789921 47.912546052509015 47.835652772702666
47.44071237486595 47.1162792401157 47.11011845442061 47.29726485652857 47.235112730057274 47.47682250676625 47.836331028895444 47.77204929843403 47.81998229819183 47.9807463417314
47.57675290301865 47.8702966949438 47.78541915902992 47.85773588518639 47.33745658251339 47.49017142302152 47.28615179514354 47.06787907313519 47.62262129690779 47.318446816941915
47.18801216817666 47.83960696014359 47.73291541754375 47.20686676144963 47.75920172368039 47.08132269179524 47.444258507205745 47.260346028074046 47.41175225079662 47.56201339841323
47.0259776306367 47.4116980918874 47.038622106704345 47.46024068385894 47.98803774188728 47.977305697948985 47.56315762069204 47.86625715289539 47.908938050285315 47.1891259362587
47.420188460995824 47.08859766361487 47.18903247887754 47.98064825476565 47.821814781477904 47.16434588497255 47.598444471846996 47.367900662040206 47.82598306481244 47.801378195752875
47.04441216964585 47.61132506312022 47.4222367738995 47.0912383677557 47.06981251277227 47.97032045243587 47.07656676670677 47.72289814554737 47.212778043219146 47.26947825016607
47.436075443184336 47.100510574064096 47.50673363588954 47.68401103386562 47.18420817864097 47.722364256843065 47.080844748212854 47.12160261679613 47.35859387846488 47.413598158331254
47.03278241548239 47.32888367928027 47.79607616142842 47.52183874923272 47.48887490040601 47.382963878550875 47.75330552276061 47.98277198412822 47.04112943754608 47.54192787542945
47.166301871885274 47.241764880175424 47.55627189347875 47.52292952938365 47.45868590439027 47.37800278647641 47.68886594621268 47.15249443498702 47.28581685341691 47.419209704651294
47.29873789887797 47.99086852083258 47.11086339144518 47.75787125556255 47.372346650083024 47.97072576203565 47.04887304454137 47.78398055179589 47.978403060629766 47.31027605718132
47.986195240569515 47.33467977258907 47.2499567035977 47.96178928278305 47.58515137333924 47.32777105622948 47.37833190954422 47.63877975131194 47.4176351256116 47.993922047119646
47.12870943364721 47.02857034022974 47.136364760178154 47.45149347959122 47.44281378494219 47.14168334497464 47.28879840994146 47.97826689410367 47.281080744597254 47.875480855233356
47.106262323361065 47.22595307803705 47.97484295307329 47.77670434993635 47.359631444856234 47.796212466994646 47.00848660056583 47.67603991112828 47.16294025986921 47.051021184156134
47.3321949942882 47.33756161256724 47.427591120615915 47.76556716279467 47.01780995771239 47.516882571796415 47.52236659072981 47.248462975131474 47.31350566222438 47.85406949360315
47.57824090037685 47.85191332917526 47.92738306108811 47.84085321700755 47.792025146321784 47.373576349730364 47.67575837728629 47.69639437507062 47.02916960081828 47.7122103098818
47.46883167997301 47.36183951866064 47.0035856607745 47.28079792320323 47.9745867886475 47.981130223365206 47.321139231686 47.10369266799919 47.20118744211827 47.17400346840446
47.71350592446769 47.22843280854572 47.668798306285176 47.126849106734305 47.86036807609177 47.06822035425394 47.80367437143286 47.02806561752171 47.30047226029039 47.557664051641424
48.680525283143574 48.65678318008845 48.06585518223164 48.55223650346816 48.26357612480895 48.99729866388362 48.8385847569549 48.73099796405713 48.8524097712889 48.59629413224972
48.62565269423105 48.3724895592854 48.52558989106417 48.00588701624567 48.17519321954967 48.76530203312127 48.993228271381625 48.062786601110645 48.615992244933786 48.68767579026345
48.41907347004701 48.942308031107295 48.09229038238593 48.34459119857197 48.45336264519799 48.895721618867704 48.48717142856079 48.38615844296857 48.929591681147855 48.330391753571746
48.68036845608069 48.14771881032696 48.42152351366905 48.4243864661426 48.17010698583786 48.04991976652973 48.13116820948003 48.780714894682006 48.303645367666256 48.176128868775
48.3841322729162 48.72107700460609 48.807460503451374 48.404902251144776 48.345649418953016 48.69498569040434 48.78556660920692 48.11682537785346 48.43876810290564 48.937349023380015
48.863243372189785 48.41789532244765 48.34558614364457 48.94607568020917 48.69348962740753 48.025715255849335 48.403086168255825 48.57099454217202 48.61480682798177 48.450123543656105
48.66703983023179 48.50635467044134 48.85145633441845 48.86648110357505 48.910613229358205 48.761399524462504 48.28112351471498 48.12769287288273 48.348719184448946 48.24698521100197
48.459960202935164 48.69013989487668 48.93482701980752 48.96093918956735 48.29126687733393 48.839051049880396 48.6638537762883 48.38083282818232 48.45161441241602 48.49044410519276
48.43292543693867 48.580067145928005 48.44699450372619 48.01961829452664 48.66121048124043 48.27164818570968 48.96162706993212 48.02028117175802 48.05069205792841 48.453754676013496
48.98334171644467 48.633744845803434 48.581659532665306 48.5821774242962 48.04198972660379 48.1042279576323 48.07986397610507 48.226936253624864 48.781131704138566 48.51415120320195
48.46669587632582 48.9838570529164 48.99828559311711 48.232416090797344 48.1094084475726 48.00661785495467 48.23530832237746 48.46900772596849 48.52532249041664 48.900749589950266
48.978023667824466 48.470864649336015 48.06211439494635 48.878303853619364 48.53299806980785 48.31680945957196 48.075701682494895 48.01037599214144 48.689404875448716 48.9734363843116
48.55790514654816 48.13439929198524 48.345207078754136 48.25920279265492 48.127980825479845 48.47410158359753 48.37942675026995 48.6305737203937 48.79527853981439 48.31224326685158
48.18605985717116 48.251919866002545 48.92469850687529 48.11973117260479 48.45023256064878 48.63997080780483 48.392280879023446 48.38943009515196 48.94348559870871 48.283977329341155
48.00517768004156 48.048970135539314 48.34261146091914 48.03433778367785 48.87842061532589 48.73407421380409 48.33525858172822 48.72529525574174 48.61031165010999 48.3924073270105
48.565555723966746 48.45141370266277 48.7789284254483 48.657675129191944 48.29429880930813 48.15289299570481 48.49414955042178 48.1846761857369 48.000781349953606 48.68138413841089
48.482769579405705 48.66823891430281 48.53713913540675 48.31581769874553 48.4586873581511 48.58245051368826 48.861118246065686 48.776859833818556 48.335815117131524 48.77131214432002
48.81946520058239 48.14896212809325 48.178270680311265 48.897930709398416 48.93167644410747 48.76057272203329 48.65057786592095 48.41658464203414 48.63263426597748 48.99592795080986
48.13001564937626 48.17047719375275 48.97269421554455 48.21594539063082 48.57391966213443 48.937717542271486 48.34507939562618 48.45109043603711 48.6966540777604 48.249046920913685
48.412974811588064 48.295690348218756 48.004136129432155 48.583052428304626 48.04250517264987 48.48102131737198 48.75820923273988 48.60808943701664 48.71281765066939 48.93359538194213
48.99882502680902 48.48485823570819 48.57078097471689 48.73542577443194 48.3389084779166 48.36955865497116 48.025350464832044 48.29465110437642 48.3649445410526 48.164771982098486
48.53543850842097 48.20774961160644 48.125738747927336 48.25369651742717 48.03516853286288 48.7486771347452 48.372467872169715 48.423089578635995 48.26167945659136 48.65561340116977
48.92505170599562 48.431245066418235 48.10318738502992 48.90260303530005 48.783040106424686 48.70956295309263 48.9687995731107 48.44122931857419 48.373624141247454 48.499742696861
48.09661504019341 48.47656018702942 48.635043971403825 48.32335985212141 48.662935682750614 48.70195726573529 48.470580328728275 48.056561492402516 48.53295004839884 48.058941105513604
48.47648031128713 48.039842425870724 48.50204160022604 48.011156255997584 48.74658246783606 48.59134118982636 48.916911973413306 48.02558222463054 48.98707000340169 48.01182088062435
48.63699928441752 48.939487664042744 48.136695363314246 48.67047664815758 48.39920985070635 48.158226403060254 48.180983027577724 48.042938578280896 48.78277156233705 48.17682617286772
48.873331755092025 48.636314540040885 48.136055575711694 48.747421561272326 48.63160153604183 48.580844726792876 48.02350253762128 48.12493508815012 48.96568440896172 48.29371599997088
48.9783280782459 48.21501153258085 48.40972261301645 48.02781073490514 48.605472070281785 48.12106185957876 48.082051277523185 48.30664107360874 48.369294500312975 48.54137552850079
48.67660735569339 48.21644693410657 48.72181040524299 48.70261042731286 48.90146002964939 48.2774114717961 48.579795000580745 48.03257230944048 48.123282390433495 48.148175450562
48.54287947795883 48.57304634490619 48.25099802693529 48.73130773427092 48.6597969631737 48.212545438612814 48.69749998647365 48.34211581817961 48.996226788374045 48.17919124470577
48.595254246549715 48.479157269443085 48.73522521171636 48.875545777254864 48.30976321626948 48.39203918263602 48.05001842367526 48.06006244059933 48.694279281106375 48.08056911446428
48.52897431174592 48.58392756178552 48.45982233220537 48.57904802279035 48.5038571732519 48.37741447999007 48.4964694306862 48.380472142720265 48.23500927185522 48.1464742731452
48.97504839901827 48.63763681462652 48.54089236846602 48.28813843242244 48.582781710530845 48.34161267473859 48.124460793740234 48.862410482484805 48.30209086575708 48.022790482198516
48.54512729379365 48.06867531695562 48.72868534995549 48.64566773535238 48.51262155287653 48.5662560101079 48.043224840952426 48.27577673872085 48.93783064547457 48.15160011881001
48.40025656874788 48.785630397400844 48.96574944393191 48.75867861908629 48.67879477717046 48.336288379967975 48.036958294014966 48.48453223858984 48.25082252697648 48.622123238740265
48.36355154996133 48.15933955878063 48.70859801035504 48.20711853034374 48.80346176620532 48.28196629740866 48.09008818004762 48.93779714026942 48.449237657604954 48.55469801869021
48.285521767841814 48.76312714823327 48.304055987959906 48.3696511918546 48.98040924371016 48.76305279064888 48.81241870482403 48.334455105569866 48.0201084558637 48.93845979201077
48.14032006638336 48.1051602182961 48.79826856466614 48.60187335104819 48.07224356487667 48.070755773353405 48.18387211331584 48.13198721195775 48.51916002996239 48.35539171610854
49.12997202716546 49.44532653690761 49.187361822497756 49.44912626843569 49.30350966271306 49.64869785309927 49.044882612844 49.403997327424705 49.30313869196396 49.72768095762692
49.84041585148641 49.93944235653224 49.29076939616783 49.79927008776959 49.0790595759087 49.98956806013046 49.152586008761155 49.410871952758555 49.53987882344328 49.19449739986794
49.62657975637369 49.60322093523635 49.63219119985586 49.58899863041208 49.18617868231798 49.971372495821306 49.63064528305059 49.27382687212473 49.85334461305925 49.75578793497543
49.10357540129225 49.16868616005742 49.529546925195966 49.07462493266957 49.65478043727468 49.04044545526859 49.87931122420247 49.768699979646755 49.43578870302267 49.87621973957235
49.27858080235995 49.97219012974046 49.75383429469533 49.32815297040941 49.848917343240416 49.44499366260447 49.50018523386239 49.395216850358445 49.13860654214669 49.90676998537807
49.05412706311182 49.72706548797974 49.5830234305963 49.09803129616898 49.77981999662059 49.93596306015583 49.479151243169994 49.060259931711585 49.22641193417932 49.085027593714614
49.84293648291321 49.174876730811334 49.66620284034509 49.084511156360364 49.18320236575487 49.829987357934556 49.66132164087402 49.07256253569799 49.92213152027242 49.19418543695106
49.93628904020145 49.982896109067426 49.91986786377655 49.468292291889405 49.95200495379346 49.4090159383854 49.31957711812613 49.15876506147451 49.22611315204441 49.56312181238471
49.71934365097065 49.370606710388834 49.625359137011834 49.59754974181304 49.4985713147949 49.852962361881175 49.56747208230804 49.80757627153757 49.97909433954685 49.54718856930902
49.31326525220323 49.266642610696564 49.984993737367404 49.68503342306896 49.30406371989742 49.25853105764969 49.28015358009379 49.063666886633285 49.8052318027614 49.46575264461528
49.30888076114054 49.9846527243899 49.953487391083115 49.24938166046956 49.64245046959881 49.485554111042205 49.67385350977124 49.51279922258083 49.543229552887965 49.91571782042623
49.831512461729695 49.58028465778311 49.09806781267783 49.611882012371346 49.41449116604625 49.24111979083454 49.44393738841206 49.414605553295445 49.50502104238567 49.61084824982666
49.711338948708224 49.03311736378544 49.290579054613154 49.74355803229142 49.444782385240046 49.81403629916411 49.39003157505148 49.99253218919917 49.42468916092794 49.29851371904542
49.325965915110984 49.96133960645485 49.01135213777683 49.062702189130796 49.0612089218768 49.51341337891652 49.35912800021407 49.72805536845258 49.135695996639775 49.71539186096704
49.10782632872005 49.700815948718784 49.089267786757915 49.777973563987494 49.44829863646178 49.15414985880276 49.53663620287798 49.0277634577499 49.78051943897139 49.0017362737873
49.47267518694399 49.69456526249447 49.534990711837686 49.12822539190275 49.129355681739284 49.83080048626502 49.11209014393977 49.93982615613387 49.98005873856759 49.993211892171786
49.309022652366515 49.37738915170569 49.29266417086153 49.41173505900138 49.050323406711804 49.89470027776225 49.96972667437415 49.2463990356769 49.715400187796625 49.546302956574024
49.28221526493415 49.19034292446654 49.86539153561006 49.25201804355075 49.50270578387097 49.11551234606206 49.711656522112996 49.509432398485586 49.37458074479339 49.677325966130034
49.2395005220884 49.31097800621691 49.81570393177788 49.79557886427807 49.50328132932657 49.78882591784536 49.2482026334805 49.711076264155885 49.24282790413311 49.158670335269676
49.470402890514826 49.880967645098686 49.636144143568345 49.862579700047 49.04262857529998 49.32047752131765 49.699658344459365 49.42144350852828 49.74548815005894 49.12470630683509
49.574818625213 49.39914501381009 49.78743755325021 49.81140059698808 49.69862323572688 49.05344124459949 49.087821776182636 49.81406939377835 49.64571408417391 49.702634033899315
49.142261399302576 49.92454888354173 49.25095058911942 49.57246627957561 49.689164525919885 49.73509504007947 49.47392024290534 49.9042804627778 49.639309075648555 49.16231024671071
49.35063130244539 49.40332684988265 49.504853537141145 49.94868605497293 49.29267174691351 49.68521113536177 49.86979944216105 49.632271420694224 49.94040839938016 49.23882252179394
49.280841897941926 49.850951761591034 49.754338442565334 49.56568495868178 49.30570912311115 49.00505127408817 49.537495060335864 49.57852541580319 49.405506181757325 49.24044682103387
49.121847877842335 49.04595543767274 49.69824134484873 49.43410924721749 49.5229279844254 49.855512877776356 49.65262846997432 49.36496329198566 49.96944612778504 49.13391283342427
49.244422454345624 49.535185086364905 49.34846231278811 49.81120833798032 49.13195870208507 49.17053201598128 49.77170327361544 49.04466254038983 49.96323199776031 49.7730261680279
49.16491425786319 49.02848619384088 49.01376403161524 49.22529000329694 49.009669778843744 49.10719554262144 49.972672748547964 49.853058590852044 49.62585770613132 49.78319706264733
49.843771199233814 49.040869514687834 49.67308986037927 49.1633076472873 49.60918697405673 49.9656586338461 49.87058108047136 49.62426978394849 49.51490816169421 49.763965536298734
49.287578477931035 49.99392327358267 49.58082505446253 49.98068019973331 49.94021081160917 49.34254628688947 49.21225138289412 49.460737648443924 49.84566776404654 49.557980443137296
49.59557291434663 49.93989520712312 49.130907399331576 49.23850566498109 49.89758488414248 49.466702650306445 49.27062934671102 49.0790329511954 49.15624432861431 49.44500249820347
49.03804058430579 49.84903355119958 49.14997728855803 49.5247741573199 49.29197896055023 49.26472611880232 49.46334440659655 49.78886212878021 49.29524982724425 49.54339330727176
49.42878342607418 49.68410537682042 49.86156916525976 49.194302380945395 49.61731048739648 49.92761083833206 49.26229608726393 49.64855494867996 49.075476190082384 49.18239146499684
49.489176947283475 49.65929276070577 49.5615369067847 49.64131514222451 49.1656115506655 49.014038401198405 49.62071541335439 49.78428746956078 49.12649210532064 49.99255077494146
49.45758941421979 49.48081834293978 49.445453339234305 49.17642709245151 49.213059819353916 49.29859831331878 49.47841269649524 49.67078481410781 49.434016050475435 49.34843756719029
49.31356727559374 49.533708109227476 49.23572810877324 49.24689702423398 49.87055398765954 49.225745310767444 49.900160361307954 49.8101671630257 49.775268487221815 49.18959542322657
49.427815826000746 49.90622740638906 49.051876957697374 49.24922295546294 49.866383228654584 49.487044720262986 49.6198444870771 49.37799227441635 49.07637396849766 49.19854739469081
49.56134262393577 49.527014192547924 49.9620997386885 49.12333589188755 49.13318734108147 49.62774873038553 49.095755544205666 49.14956951869624 49.5374986632137 49.587010187594394
49.093037241561206 49.17919440641471 49.536561134100644 49.077871233575046 49.06063658385593 49.88965438312419 49.09990429524254 49.196565744841266 49.929120806091355 49.04545332219959
50.40541090508561 50.60333983440314 50.509117776048484 50.41941382140051 50.68129977214726 50.59430406082817 50.66439238069291 50.2282039062343 50.57211931517007 50.66168960178787
50.08231267317886 50.612679622350306 50.93942680690143 50.4915139342405 50.74036991595564 50.10081841938831 50.26661737584905 50.02051258708685 50.316829194874444 50.17949432992282
50.12740614298389 50.1282953404614 50.474252663313415 50.07107291495953 50.498755389275225 50.77603633376876 50.15655039936924 50.56178018742608 50.051578456409196 50.9196099834062
50.78337894246624 50.26102648895412 50.93634036074288 50.32293522687986 50.50012070558709 50.984342703804984 50.99571485951508 50.47639274058559 50.44734245043026 50.04731299210501
50.782746251462825 50.18553123341376 50.35054403555106 50.13386463776855 50.24050344352793 50.03688041280727 50.599173814663835 50.05950173890476 50.408003160334836 50.87053978375526
50.383300097141685 50.188547316884225 50.057217659903024 50.59331404463968 50.38699305336188 50.48418315660735 50.7372718400739 50.151517501768616 50.9993847478308 50.171054975686204
50.30447346174848 50.24917107058549 50.997539578311304 50.77243593182655 50.65060958424275 50.44516780937266 50.17968114370136 50.847418560529256 50.00698071475673 50.592083381724855
50.48298590258877 50.09833164983926 50.8979340470091 50.18966061398415 50.70706763673154 50.64455527383073 50.54519565739154 50.11759775404083 50.08244132341503 50.16613335756165
50.28309083101452 50.38512248465139 50.572668670168305 50.30906025327813 50.33478055305384 50.98893480024217 50.97955169029301 50.213844127263044 50.120931636141194 50.70645347310544
50.63265508945408 50.27992618925851 50.12477656146562 50.66790274473468 50.68760174481083 50.31076208923814 50.221308603397965 50.848626814187625 50.83200003657533 50.99784761136313
50.29339638177712 50.20212210160019 50.50352598577471 50.29669794344722 50.903891639261296 50.01462780344171 50.561596450415784 50.62376587819158 50.77034262758134 50.20371784580687
50.72223468761389 50.96051141089455 50.797714615462766 50.706188123582265 50.96514292957922 50.88931108721883 50.464558493791785 50.804634896739564 50.552660943766185 50.30562274651317
50.42935686448044 50.22747171646197 50.26220370459298 50.051797214620805 50.32631669791904 50.123733541526896 50.92693516182068 50.00015557316073 50.85366621590294 50.561868762822066
50.40384923008774 50.17642678377844 50.42255305453649 50.03082087802407 50.64409335151269 50.35936738946243 50.830929688449736 50.532053605678314 50.62728365795509 50.218361186091194
50.65435098584582 50.24277443554151 50.539725297071385 50.45802379503892 50.3043983137845 50.40346324668193 50.72586523269181 50.627312990072966 50.995483096164456 50.036914477861465
50.62296888796 50.22037295721881 50.18207212494867 50.34135236306653 50.10092623501056 50.44731651882353 50.38091613559751 50.116780930565774 50.372256930476986 50.58537635532261
50.676651614188714 50.381581377663046 50.911798134946636 50.13433284558388 50.62418566698073 50.415471563876835 50.63122264720286 50.094852140353595 50.707562117687324 50.82529359664889
50.890449035025746 50.56434556942515 50.992546530389106 50.871697186770504 50.7961700899035 50.502187243039934 50.11895694768426 50.217637791051054 50.637138699643955 50.95460349842758
50.31880545655057 50.463710595321544 50.23651584423797 50.249274813932495 50.71760606477327 50.32069239313165 50.46349824377431 50.67066658004752 50.778742035218066 50.036265276909695
50.13960800601265 50.90933271872102 50.38457598420087 50.74074770602742 50.099440231636635 50.141911347589954 50.71302439729004 50.705759950145136 50.2213289637917 50.943259888539764
50.76460767170055 50.12010214130936 50.83030561024445 50.35815199151665 50.12252570497397 50.87872567974899 50.9938881687714 50.36718636018399 50.287098204644565 50.05352896479045
50.88065377235802 50.67003354057409 50.71594775662883 50.168811340773836 50.5322109275396 50.17887345583122 50.52259294659627 50.13956966210528 50.11110183848126 50.86585311991032
50.638658016648016 50.747423940431794 50.930329793508506 50.64062031716815 50.128693988693485 50.82681020322368 50.344619593992455 50.747465793516675 50.26164626525993 50.91317984758679
50.88918458519139 50.76633304235154 50.889291538890525 50.965296563291474 50.88868617849739 50.67793109972444 50.65950712645355 50.91532357973943 50.12723737614351 50.6104126779568
50.60102410934699 50.22324542878315 50.0697148517358 50.82355645181643 50.65635472106045 50.31626978777921 50.55530859649669 50.206118277089764 50.81087423514506 50.779206900844905
50.846152178999105 50.06299398186991 50.56857563614525 50.42842534910294 50.40704068776508 50.25106131306818 50.658805358556435 50.9498347448333 50.81665756550952 50.78604667951607
50.02332665890157 50.61044717212094 50.76639536889541 50.88748771200259 50.3293468281076 50.66342106498326 50.189769862698064 50.054840247270235 50.48168327994118 50.458092600398444
50.18359085838167 50.17500374152899 50.86603252000462 50.93935131828895 50.53146681936947 50.85001709781262 50.3453453322168 50.17481814611346 50.320885311583055 50.10340193706654
50.352600098221444 50.78363588342979 50.357024003833835 50.37460834117924 50.77580610574244 50.65728306109881 50.819612706306614 50.243243414611484 50.71485650276923 50.160674702322055
50.88357921586232 50.63824049271655 50.60489096907571 50.08091394453657 50.829877398540376 50.381852863199164 50.647116213064145 50.95141096425907 50.50980872397397 50.794332682704145
50.96557190478111 50.02068666460418 50.89431354414558 50.742382156263545 50.41711873272793 50.05803028316542 50.839121592780224 50.95294091223465 50.52196425060901 50.39228180059124
50.127315928768695 50.63359938911596 50.5533311051311 50.06536141988451 50.31277829433304 50.44190569504869 50.42741170343217 50.74876983063232 50.88114794729646 50.62805891669417
50.668541943266135 50.11913503727766 50.769339950159704 50.73895889230642 50.38956604903784 50.71798239823437 50.34033353588496 50.616309236056395 50.92365343146093 50.93125662201057
50.49685428617149 50.54744641526988 50.47136772697119 50.61572584549139 50.735738894743506 50.33479466775088 50.88557700020892 50.07224957651774 50.5941846992833 50.738322997758296
50.50683346256033 50.51999333871434 50.11975043962588 50.2151070174341 50.78313958611159 50.96102541223249 50.7078887787018 50.131074960841886 50.260557425495875 50.34133163280777
50.8939552299917 50.6522437306617 50.41490609625333 50.21213635466937 50.46105207722204 50.336227626121875 50.70983190122608 50.67451903108931 50.530729991415335 50.03952856576301
50.458681853578334 50.09841709666773 50.50000379749337 50.78720668635319 50.10359041713737 50.83688162861817 50.95571133821237 50.537070988780556 50.456968439743775 50.4795734438864
50.442862508447675 50.23400176670617 50.12552660481255 50.77591653698711 50.51394456551305 50.92187891512932 50.8662113368801 50.49997576388457 50.270273144257004 50.76226867593965
51.544772853972404 51.22201256855283 51.2454112263999 51.53373634202543 51.491528214627515 51.60434887196713 51.56995365665274 51.969935510217006 51.19673249623225 51.75306385784567
51.93089106343556 51.65208064587724 51.43738549436146 51.34552474399949 51.128806553250676 51.12551106833979 51.60796562914263 51.22347958106167 51.357447230591994 51.14540646331494
51.239496190240466 51.89241609213182 51.68275199940695 51.47331490259117 51.43451398634646 51.90011780756408 51.58220593117127 51.44400675526725 51.21992350550505 51.380824591437865
51.820430558152495 51.60126851519655 51.625384698610084 51.14613197610504 51.383208798228495 51.06160312689966 51.631796072499824 51.57973964268085 51.66968178170977 51.90640384359022
51.002598694502076 51.250386218118614 51.651244344621865 51.82602148141045 51.410041354465115 51.59578432010343 51.2457049910302 51.443245211204605 51.19921055120131 51.25009579886547
51.72656459002316 51.22906949173759 51.59454338814289 51.588464367102816 51.589808359998536 51.690221162642594 51.146705655966926 51.8443488168241 51.934393184562914 51.555771737204786
51.74213091585684 51.71887676202805 51.07765275250118 51.01926226309182 51.55318109387084 51.74616564817551 51.82313136741158 51.70311914562198 51.893802585300186 51.80453393302725
51.525896227839155 51.903741139280456 51.06371648740398 51.070752120314324 51.859167819200685 51.84848898274933 51.91359504962422 51.402960032423294 51.97614587874955 51.14991125161534
51.04434100239119 51.60760283417786 51.58219891794859 51.37789109831734 51.26550034058748 51.296715371897406 51.28512298457127 51.68700014581065 51.181002797979986 51.074110775788256
51.47496536053733 51.73419757203261 51.54483907006477 51.602505361903894 51.89994767443246 51.70111405362768 51.33494720219337 51.69833961444764 51.0513115476464 51.09551117818899
51.33049509506842 51.9770301087496 51.44744971629469 51.148109568682095 51.34590979395443 51.72861488013538 51.91647405926847 51.04382929822367 51.17441855175839 51.64223107981648
51.01641120204824 51.93058888695974 51.724530665622204 51.71758994816082 51.803505402645975 51.63415970566641 51.79480297554996 51.20259098291034 51.2616477072406 51.27417501600007
51.42539618850761 51.67844383573384 51.83973903937872 51.52424398110345 51.789343152025225 51.47714294983916 51.70883412031571 51.088222660077356 51.142114369144515 51.46086617971313
51.5472024621372 51.07504534668273 51.43497975103335 51.81884575879995 51.888981205855956 51.34612178883582 51.81583030504907 51.94448627353464 51.33088408186264 51.58215665543026
51.390536889496865 51.64398065668626 51.18146953628863 51.77034947004895 51.29858762657686 51.897402210582904 51.45876045001934 51.048285242947955 51.36865927880601 51.14422676176446
51.49454652127283 51.35742656417719 51.362942575172006 51.59746624459782 51.78748992695758 51.15697062263172 51.09345461803057 51.40407064508394 51.162193355493 51.52793547979245
51.49923659716711 51.56398286886524 51.73767922409515 51.357691352000735 51.11024806019477 51.39620679539771 51.68626750231643 51.93675523736642 51.19193405127419 51.997475702432006
51.27262870000772 51.22251720773878 51.26385464381244 51.57758505024635 51.20282770540411 51.228669943633435 51.61643100578298 51.77517945412574 51.884463277720364 51.4844631833031
51.911776017739186 51.058761213694055 51.801547019072515 51.27450725930117 51.94774141813301 51.099913283588286 51.84155448331098 51.41770126043706 51.18872776132095 51.56920711473309
51.07712067813244 51.672962597241316 51.72246718696592 51.14999164383832 51.20114055507408 51.46978650569517 51.88890357574118 51.69123645350525 51.5415748567958 51.553265969209775
51.94545801914694 51.32782915554015 51.34105032452155 51.3060533166567 51.78238243247953 51.08520262230141 51.77638236996682 51.96384707666741 51.882567430498916 51.95489547083444
51.014437483192644 51.67633862970679 51.43208509634525 51.67862466222324 51.453291910400985 51.38215533278286 51.73091133682769 51.51067640123617 51.18143137613411 51.76418777250041
51.827686235657886 51.04189775853508 51.60277698680672 51.13079088057511 51.608035308113045 51.76329782624928 51.12161033252563 51.92869970593259 51.40288833587304 51.423244502645126
51.759010463469316 51.73510286959425 51.551396622069234 51.38946835172955 51.58120433741317 51.99916745048924 51.25246360687386 51.16556301827029 51.86027149977139 51.507411331769504
51.46956765933567 51.93139697387462 51.95893264524361 51.53267037474658 51.61547033119413 51.47782844049412 51.03369078273875 51.8930088368666 51.23656672434782 51.18834232136997
51.78438311681116 51.69477425265226 51.94104970183255 51.78370365900755 51.643240277291305 51.36309800741332 51.370722483971676 51.39044932178771 51.992839155980896 51.67349559599291
51.103209470264105 51.120016075012366 51.22987405042956 51.88982166213105 51.989478338919696 51.75252969340364 51.75046075212806 51.78668628043978 51.58100072897988 51.30775608191132
51.22272607366134 51.28854112383891 51.981543180801964 51.25544266732298 51.833725750527734 51.69299490452204 51.670493843687126 51.8682538628027 51.55027146304183 51.962519647132666
51.587794291037035 51.752731990903065 51.81703761076447 51.36656101167818 51.0449602841841 51.90719071409212 51.5303572920994 51.8351665539592 51.83233918465326 51.75017546090102
51.57240585735274 51.745598592383246 51.22966581024809 51.43910095924808 51.668009489174516 51.5049989355311 51.49514225206281 51.45590344711673 51.835105758309304 51.21502482513899
51.794531651444245 51.025867632637784 51.38262961181312 51.56243971016011 51.27698969662779 51.463568716260006 51.898209194756184 51.1847186692263 51.94659503963178 51.415298058038196
51.86020146840339 51.83342627533853 51.085819178876086 51.21945693157817 51.03057432391662 51.7391025254093 51.09515624390824 51.61014630815759 51.5605146039845 51.60977276400443
51.81694324048181 51.885350390283 51.88720860147716 51.7385353152647 51.943829204531944 51.66493442520589 51.48542857743646 51.16899610934729 51.58956080703797 51.22164149496793
51.66145564070795 51.687379626355174 51.95229052888355 51.38487463606585 51.820033721919174 51.44237222222541 51.884402733848304 51.314902397531874 51.409463316475204 51.807230182943066
51.097892317051944 51.02422702625702 51.055607432998 51.6934114356942 51.68061918655269 51.38320676518878 51.23249686786686 51.90096681757689 51.57630104808425 51.48862437278643
51.185385357652976 51.24815271884048 51.68989640476989 51.69674673551431 51.72151975327124 51.16120408800066 51.32006832689666 51.32652050631734 51.914553832717345 51.124932960505205
51.691708374945236 51.023901827704776 51.73044913730858 51.89579429631647 51.46404026414345 51.0449185470109 51.07586967169653 51.66128770170827 51.22361016421172 51.26291552296624
51.79449171554806 51.3930398961957 51.13651138589815 51.53453512370194 51.69231384967866 51.485639356587406 51.13047900024552 51.16933616945006 51.759966540343164 51.39927165018872
