0.7750092090044135 0.6432228970349084 0.8432227129479419 0.8662861076310832 0.23170816323779986 0.9394148471342001 0.009345406026789127 0.4181922766763766 0.3046806791515768 0.1380917785792508
0.8280738544128247 0.19575457096285864 0.16966547193286463 0.33408416466057334 0.863274557350542 0.8760021185694049 0.7262690112708291 0.9699381595040324 0.5655033717645547 0.7471680101854419
0.050876827557760684 0.03231449374044271 0.362849288357323 0.9946692621840949 0.22089625959743409 0.8460752218275053 0.5895552319995154 0.6631589088305573 0.8712005638024723 0.18557113156406424
0.7543996409449245 0.08105781935385958 0.2586841681397807 0.5017442651614606 0.456486691334715 0.628699993174071 0.05712727800142281 0.42401167964276576 0.593006592648688 0.607202140538801
0.5821077079465895 0.33749815821743856 0.3716920104407766 0.622394607450301 0.6544862045823251 0.7590367905044137 0.040110542019311524 0.33662756866781873 0.8510310408133749 0.43945841974831823
0.17459703865894094 0.6609921920167463 0.46203688468459414 0.6050423746718483 0.8335439410999208 0.46147458359244564 0.0783313555221582 0.5176018858497158 0.8729315261124214 0.6347849154572419
0.36385233241259773 0.5805300984292836 0.24639455579577996 0.9730823378489987 0.2350178741777067 0.5472335650208389 0.1677849683652981 0.5815421262844465 0.3643998870131574 0.9987315909966582
0.6011055704344063 0.7386878414706644 0.6537513182720991 0.14880177947025608 0.6608524178561975 0.9966385783721213 0.08022621221290038 0.207903422584932 0.1552187267368199 0.006897236130361639
0.10967073716012044 0.9912117991854589 0.6852765510476828 0.02703268599617703 0.6921523712345506 0.1914485476237925 0.42516676565175904 0.31458524499264806 0.7074336367778011 0.7537941492080613
0.9514920455389921 0.6467512320015215 0.6118855653876323 0.0880207158412275 0.26452141442765487 0.017879141697964673 0.9533757226907338 0.43208426602009264 0.4494788615568528 0.1615365689068483
0.36695356161021997 0.5417680595764846 0.2631032991329054 0.9198832876045814 0.6416965752840942 0.022569065085036866 0.2988301616970438 0.6403127737173044 0.4578680466799214 0.042872084334392824
0.28335982383356806 0.7178008563830223 0.43357745942229076 0.8715572668124311 0.4880417390029169 0.12112680370775541 0.19142338795614378 0.6685382039073435 0.20041734448494364 0.24210863862613796
0.25813737032333084 0.2233295272774135 0.6944287096052898 0.6892210915948447 0.7440368223049909 0.8845944568548363 0.16221408852810537 0.7104413295027678 0.9141338979554401 0.7527244535542308
0.6260758557221839 0.7748936497123075 0.9590362922985235 0.31785410608263265 0.9361195745531405 0.4688416317024158 0.5013148999423135 0.11731701938167571 0.5772280830479758 0.26880208435483377
0.6318025846390783 0.6593987210585209 0.1584474673078966 0.9430321967192704 0.5603272449095681 0.8143454684700431 0.13852689404269636 0.3023676569601652 0.2866712820952232 0.10893810750840771
0.5532674063471605 0.7723659080863469 0.050088966436065085 0.8775430647053837 0.25349943800859576 0.7909357709429783 0.6995016979901043 0.02040282731296983 0.43692272124932363 0.3491105668609852
0.5415311416967349 0.199030769110063 0.06270615122341472 0.087348983597337 0.6698181629677311 0.6589261875386452 0.07465965365184712 0.23572431160912888 0.25661552948676847 0.5114272847717911
0.22695339155528949 0.34358891443068595 0.7964306319122811 0.2293713742679695 0.7057749021750306 0.18277804925645413 0.8315343189667116 0.3153326762600007 0.6709772670932463 0.4281431269944247
0.2604402117139649 0.5865605133054902 0.3036873116510772 0.7201810725915825 0.9329984186990973 0.2873415353551625 0.9390048769536965 0.4967536014431956 0.8695365703059555 0.2873613557760064
0.38734024705647463 0.5443660886353834 0.10652015302841322 0.9537426372173936 0.6035992457532746 0.5642025694141196 0.8674928202153429 0.894788393043107 0.45034067473036177 0.17409015403656314
0.4855971008488451 0.6650603212124684 0.41919425186481807 0.6747923061063723 0.26276445707300333 0.6942741362176605 0.8242414391228361 0.5975073766290994 0.2407027724482388 0.15659489069887678
0.1617257042869613 0.519175031131944 0.6800986690316663 0.23226731253016375 0.04237267569948511 0.8831700059715876 0.8969908967256236 0.23011749696203732 0.34576480118891484 0.5951890883348814
0.9890600536446835 0.3373137361883437 0.020629019609451293 0.9776138092569601 0.89961923053758 0.34187619810228165 0.2605604304347098 0.2603577722166942 0.21337902090187866 0.5337764346305667
0.6216184091822804 0.16218439266554874 0.055599252688858014 0.13206924665858477 0.016396254575832825 0.27370702331928665 0.47502940326272347 0.008351286985350814 0.4185791066079618 0.89176034219821
0.7310780194009805 0.18094194659737006 0.542669122572919 0.6745581590374211 0.9769411565024454 0.5395340925458603 0.725470995635732 0.9880295981933224 0.9329583873120461 0.5266632452070719
0.7290947879883325 0.09595198887194523 0.2782545604526039 0.05019582525857802 0.20964736886411361 0.40997539204979194 0.6537638286873981 0.7301384377806874 0.15144742375623543 0.8603605178486912
0.36602230264064106 0.693421775968199 0.6535136444373758 0.0742277942814289 0.10865414175192678 0.5219140984729391 0.07323906973416872 0.4553425349602157 0.2772654143256885 0.6317713011650371
0.6815791576656604 0.44793731418353566 0.7434984372858604 0.31633151835672724 0.6647451529654583 0.23679926800354656 0.2752895834961664 0.920114170549631 0.5193080576020267 0.8868267268969429
0.14291114560126772 0.12808500993465544 0.630782701144207 0.45748627501123473 0.8341679260851665 0.15219976277426395 0.10017605759069048 0.9410772477753682 0.21715807324164216 0.6763412473716034
0.6886468900232877 0.9684382081342945 0.9352964195941897 0.7811156008649843 0.08733885375286876 0.1017056396232634 0.2968380523561107 0.7115757707361249 0.5876128954343847 0.19096215078775136
0.4299285497678068 0.27379097749494097 0.6263185804448976 0.7100880672362255 0.014246832111029617 0.8502831587927756 0.6114086534075962 0.20685621607144722 0.47159497962904107 0.509702630999196
0.895114600942775 0.0032873667675200613 0.10032929898289289 0.4527169166767633 0.7550652978939696 0.06450933824481853 0.27231491817791265 0.08393802113615711 0.7681450396406948 0.517839685913824
0.47612639962383296 0.3288154265308295 0.017551021139512013 0.6485389229165562 0.6865050353158461 0.4247729345177904 0.1604247505206997 0.32465685696993496 0.267622860594221 0.30747014899678915
0.5015951783681141 0.7106220716610261 0.37649268225476606 0.8859194381003328 0.8683867912826896 0.8177006748123881 0.6229021010053881 0.9542924757956992 0.2621082998655413 0.9091770094694542
0.5635389883021027 0.22360047107341352 0.9737529563308828 0.02908565792856488 0.460514454718715 0.9730351009141183 0.09460479486902851 0.9555509448378188 0.6182788093473677 0.11860741391426521
0.1268597898054552 0.6932659206588548 0.5279650608912106 0.07582480981932971 0.7050341072121796 0.21437037250126245 0.9944831808979087 0.6534967684827442 0.27584675689312355 0.532963025341094
0.3992277406795033 0.3573621593402153 0.9524270549756442 0.35571038389309406 0.2600509157133778 0.9050822506709373 0.6581121377886314 0.4894907330974856 0.29019076440694525 0.4582450593953632
0.1057631364450139 0.9067388686783225 0.22913542356961447 0.06237860084642677 0.12044337469496502 0.8701329482585226 0.820941177183046 0.052571781359161296 0.3064654079665411 0.8004923289019854
0.44931296851838476 0.7301532124373165 0.08422808443477292 0.635231125341403 0.1037937139398053 0.4449803073899108 0.6779290810805723 0.26943903264002245 0.5476988211532884 0.32824193605215457
0.7221517294533355 0.2976375453361678 0.7859706216968692 0.312279806281034 0.7734899602355584 0.6814862212423752 0.1899172306756315 0.746785405352015 0.1627883758523958 0.1571903204351195
0.9258384870753092 0.8748306509705085 0.30423908452937276 0.16608726841941768 0.6558318009304466 0.667541921692907 0.7894908367090027 0.8428668096302335 0.8316086327411086 0.032829262458503594
0.33808991084763707 0.12810525939223782 0.28594238147097384 0.21143319160171292 0.9499864281530012 0.38527152038095736 0.24140694983015165 0.2526539941026755 0.4115040665696571 0.9970891342270369
1.3023544841270778 1.8224793936880763 1.6430843905881622 1.2921145156754361 1.4736197672887084 1.238428229282386 1.2452821656738626 1.8096187965189396 1.7582280141387483 1.5482795039769925
1.9989013589927782 1.349337034986911 1.426421707137596 1.6739571522704628 1.005825634456967 1.4723750111705156 1.6196110655598388 1.1271933786162653 1.6190114785770993 1.1205402515907812
1.5553921191434283 1.570194074731122 1.3032762120620933 1.803591110828497 1.233565249618226 1.5423817092080965 1.0929266780155098 1.3673734649621436 1.208125902344101 1.0033931129587983
1.367939004974858 1.7005418504362524 1.686488804926444 1.9528601038498132 1.2573138976964957 1.863537985995426 1.9447453590659904 1.2791038226050206 1.0963953658018861 1.0307263773114368
1.8065436676563316 1.161723655002159 1.0143555824204198 1.325063200030444 1.7232191347491765 1.8071646679644657 1.908712287604037 1.0944013044068934 1.814092907033939 1.0316980461044762
1.7756592003574614 1.4295106109410822 1.078394613546679 1.222850954919071 1.6081539806017826 1.7561198930393243 1.874054518003722 1.5081737592208824 1.8481224925765063 1.146762403424992
1.673649770859957 1.5393341716665594 1.684802106458183 1.5929341597582583 1.0540780136711665 1.1598792791745796 1.3281605055299825 1.8540509153463742 1.8540710539423366 1.3666082396723933
1.7544912384771503 1.6569155187590558 1.4424500999455179 1.3973496999921984 1.3207006563200159 1.9578847898604395 1.0800633438866827 1.4820396264220883 1.0744651959080018 1.699650796864225
1.4296355248144705 1.779347158106547 1.5493521737035432 1.9955286834593498 1.3702983391609775 1.2876969937762563 1.3271610069585114 1.956369388938979 1.4073594666288773 1.067388998950762
1.6741560976065317 1.4386921134037212 1.1329074065575435 1.9396170131303456 1.1135265435882205 1.8373581448961505 1.3891376208845623 1.938540213150938 1.8833220087415878 1.6720842238219467
1.0138255600945385 1.1841624756668616 1.847277994088365 1.1243199573220681 1.3061603573298695 1.5166261756101107 1.575357916968264 1.8694905382291487 1.6411923678663016 1.1866288297131384
1.9915036263021033 1.5193326632302526 1.9824371143366233 1.1320222162400841 1.1979994874409283 1.7400278593498406 1.3947163505236315 1.8872556087685681 1.8290200447443041 1.6440641172158317
1.043107275703254 1.9701758693694602 1.560344668105056 1.36723358516178 1.5789088725462443 1.669798889664943 1.2078869250880087 1.8368998483518486 1.2598238681911196 1.5190185615523653
1.184600396775704 1.6136459522223752 1.6290941719448886 1.3778209091476872 1.9534869433668796 1.3456397615974014 1.087116093994784 1.9754224134428755 1.513847071379426 1.8135310058085587
1.2291011942792358 1.963853447728211 1.8885766821950787 1.7634196776605875 1.3936373568222382 1.0208589825148584 1.0422276478578945 1.7264130239983217 1.4695440479923714 1.3065906993132352
1.6527151344963413 1.8055144477576794 1.6422045648178387 1.6264156148416582 1.683966997160426 1.974064187774244 1.4255970077183302 1.9812684515281505 1.7624758925174846 1.774678504266734
1.0225353615533597 1.7973262848693992 1.9476283634719396 1.4336101870243083 1.783170338671121 1.0183854517024538 1.6038490540222587 1.3126803825513749 1.2905892843867712 1.4171726286512425
1.7320126370599223 1.309407636476723 1.392393353059416 1.9359231799373018 1.298239671048257 1.2856872016128307 1.318419121434538 1.6019116247932756 1.8101071721282314 1.8563497902783657
1.8773108300743229 1.5802206120283766 1.6334683335385323 1.9011556611977087 1.608438935843616 1.2238863661868493 1.317489989721172 1.977256719826212 1.680698949624095 1.560659932893782
1.5011806610765777 1.4038854610631903 1.2760145890246957 1.5159757732810106 1.8115958650976807 1.1670062721980128 1.1729072215404805 1.3133194778063628 1.532071555806637 1.9488917074777241
1.2542836115124798 1.9160398782343635 1.7182505344998296 1.5260618173293854 1.7036325380788289 1.0787502569609382 1.8703308482069745 1.498752369121084 1.7251099774430516 1.561816746766844
1.2318791407558685 1.8160534365597176 1.7255315706663352 1.329032318324098 1.2787161366440007 1.8430870270869053 1.0300805940612316 1.096427182763001 1.9857952345984056 1.7800684638364939
1.7242836654103462 1.673457391855613 1.8846817388436303 1.2725780570582068 1.057058189427568 1.8471953722014627 1.3940861537425961 1.2226108261871156 1.0714838836089855 1.3421021578801544
1.8734056546993174 1.7297301848019417 1.2030839819964267 1.0924573559216557 1.9538187653916692 1.0899449666122376 1.3365751736906453 1.310835710887413 1.5852551783336157 1.5927214489728556
1.6766838603181824 1.4009416052273393 1.427667007499303 1.4460826094894135 1.8249189457912303 1.7444068109653936 1.354643617463645 1.0979025398110382 1.717116547901042 1.4453224466206254
1.318424333476718 1.6821868751475857 1.6478617956214685 1.6016271998445122 1.2872768606919271 1.3201055370970154 1.2104312854820116 1.439076020788363 1.9593736125397627 1.7877714509951987
1.6146888713595915 1.691364453433505 1.481711937468548 1.6262353112810082 1.5104071055234494 1.9390858169984195 1.4582885277456619 1.1138927041644915 1.139775091312357 1.2305494462148578
1.1186524082738836 1.647476656549836 1.3703926567762337 1.199090710739031 1.6361245692068418 1.9850357252790918 1.9188404202602802 1.0643538349438681 1.234386864649594 1.49277316397863
1.8649533176792814 1.3591312938875961 1.9018064925680451 1.0073505443227373 1.3782153565235782 1.9586943884310473 1.244776658518092 1.1762346960060093 1.4302315960323657 1.006151214292555
1.2545179542676657 1.170894450387828 1.1510228153129445 1.625220338261777 1.5361991776711015 1.4811289413886595 1.4019272780404917 1.8909093513076214 1.8549000819108032 1.0935371703716945
1.0841830148870812 1.3889396012068693 1.689853151945962 1.733113964028032 1.6798033614196801 1.83635943240331 1.8565648626383275 1.0041847415417449 1.5301471114968512 1.6586406367738122
1.1558317183744178 1.2053676644093612 1.3976241239037073 1.1226531036595373 1.4393296682351866 1.3129785275635637 1.9272661970885512 1.61026591731222 1.443370050197522 1.1282703145370712
1.7274316375131393 1.883922813395078 1.2355793586558022 1.8661255779915802 1.9227018751327527 1.7433932749343681 1.1436734642959103 1.5262968674177397 1.197066744650072 1.3020006931010104
1.1577251357075309 1.1525358198438425 1.3035296400657754 1.659163070538793 1.2252666678529662 1.346523765627947 1.119394820140963 1.281482436510634 1.2655887513194526 1.2308514175781597
1.295049409544048 1.729512210708207 1.9897472312597548 1.928831472543419 1.160715332231547 1.4569698889818001 1.314432543286399 1.382488010263788 1.199488322173073 1.4727546488891097
1.3451762643566798 1.2589814230439271 1.4825017836667207 1.3110212830486314 1.1979429335999667 1.4799107933210065 1.319088101006181 1.3915660863159616 1.378545219860059 1.8943498915848493
1.4015114535579132 1.109527363249624 1.032336962292367 1.2455442150648128 1.3419891074087456 1.8551708100920288 1.4661572556425049 1.0938307959032723 1.4950132736251889 1.4841545652352557
1.0447714255372875 1.0194367936352036 1.1032126883888476 1.2263410399490478 1.8619177692473068 1.1496047138315622 1.773377384917129 1.4790091115302626 1.3383344100499723 1.087467111844921
1.615196270806444 1.7303468240481839 1.0173043089535696 1.2273206559077727 1.1340470692031426 1.0319562349328928 1.4776712595623331 1.1294256219102927 1.7592165982095067 1.8932038465288406
1.464942907863084 1.0971837035366612 1.7102183810342162 1.2056010528256942 1.053011483828992 1.3505234178871368 1.7564144231162793 1.8220014182553568 1.8921869794076367 1.2215490686115364
1.3089360540852415 1.7132524074755238 1.3736510619968323 1.6119856445856535 1.1989384988402805 1.2040411740622226 1.8461048024473663 1.5466787783218554 1.4425124820159343 1.6500256869892018
1.8572967142636851 1.033385383473405 1.2701156655071415 1.0599432455355218 1.7612820301874144 1.5963170137828273 1.7071753410162787 1.589241345671108 1.9316781830352716 1.7893747389692884
2.032552994172619 2.535875907233225 2.251845288336378 2.7147408352031634 2.512850780933382 2.4542748031730186 2.5148348069333926 2.0734690624951586 2.913078314304291 2.270064995995465
2.8591133339867083 2.5569420167534287 2.41798793841019 2.8260143592260905 2.3904827194371294 2.451540553400265 2.7634253344054485 2.118739436523544 2.69628180338767 2.173596582290097
2.5733312444475267 2.5960833919411566 2.044868799047852 2.077677747819866 2.1255697182965756 2.2766688972073252 2.681547997739258 2.288478189780867 2.028546749206491 2.1259827090574483
2.7815177400126996 2.495066933417503 2.580622304481202 2.0774502148535596 2.301081712825942 2.6159715905078906 2.905608675692353 2.3223098044136377 2.180278377947914 2.99455165089502
2.310185510736555 2.008698351524481 2.0932487329819995 2.3163424375543338 2.6928526114014932 2.2882108517684085 2.217075661748434 2.753526893914513 2.2490796254458467 2.727298589194444
2.295492794041615 2.9364196920026684 2.1636011397905994 2.461222016881111 2.610774398674547 2.2278237734355093 2.458344796844635 2.1098758967972966 2.3452825985126227 2.433346893899537
2.673268864542043 2.397655987034921 2.2135610522432945 2.5192414741784246 2.597425265235894 2.6236378698984497 2.17653000800202 2.129058538965006 2.8388523826154977 2.6136903659682895
2.511249846475306 2.691382068051905 2.6244418654130754 2.5527474383346647 2.502885735361814 2.6931377163423407 2.8547119280917164 2.143313796144197 2.549919493377656 2.256445153816127
2.103459307092892 2.865381615395644 2.5293185647257888 2.501711479334109 2.9485507270862663 2.7232863892677726 2.855286730158191 2.305637895270264 2.7476540892337478 2.756632595649156
2.7833846677748935 2.970039977760891 2.731498271649088 2.765270438740516 2.161222841490895 2.005857315477466 2.077289876416513 2.1524072291146283 2.0075930816547682 2.706455652525036
2.446204052116569 2.5252879130052692 2.013819584295737 2.4353005906789176 2.3214059323932537 2.7094814843607318 2.3042735816069664 2.585308915896524 2.3668475609512276 2.1306608003277443
2.567410653099662 2.9806600151458174 2.942125401727702 2.0968657568685427 2.9743532298042252 2.086576312629561 2.854971189492085 2.3745905282972695 2.1389549767823066 2.768558462577214
2.4104893699092096 2.5936376128840664 2.741448004814705 2.499787458767096 2.8250421063223037 2.438532983077964 2.3371879624213525 2.8538820823477797 2.112723068180873 2.2883979517615725
2.3026754281070962 2.8399274014424125 2.6236493586975627 2.9525250611203795 2.8329473123172253 2.137665914652419 2.5158404887397015 2.4155070354605 2.3975947633848698 2.5729698397181973
2.576242501808577 2.053619107001448 2.0870791201301304 2.23718934911631 2.9714935902850055 2.6132565842642195 2.8366808467225955 2.4986984681704385 2.705317974969497 2.352581609687036
2.602330969066663 2.780936865048119 2.7869723819246106 2.1391339030956633 2.180737981731582 2.388471667190716 2.373959566758497 2.9690122501146283 2.5156380584239635 2.851081179070654
2.4422621622726264 2.3273350049079227 2.012659756562083 2.225587719757854 2.8586388529261617 2.045039605335208 2.597208597140913 2.5461443351642585 2.082064179396632 2.82368203242315
2.9929415969489255 2.1459060692251324 2.105182552595002 2.3977497585740517 2.972814796138142 2.886493318964814 2.6616857425788556 2.3831020415554023 2.1403519046572383 2.426381343388616
2.1718122916849456 2.2205041428012517 2.1356957055469317 2.535326468959138 2.3757064911334513 2.264822887375026 2.0291679920381 2.1191662032751886 2.113163532823623 2.9933026809071643
2.06447804234426 2.057806841736557 2.2483264861660115 2.5104428661682925 2.8443834592629074 2.1789391682211328 2.3091897641733024 2.0123486916346276 2.513521455659756 2.6909986623783984
2.0143029571772875 2.640029817196967 2.486292800263196 2.1811139748687456 2.492858058232801 2.1989715871102486 2.7920942337107784 2.8472634716296064 2.6693815109582824 2.5514065239760493
2.1658598913952862 2.9785864055850033 2.9805426369386097 2.09806392798415 2.5987858474773153 2.8237718699662246 2.3191282099956014 2.65777837944468 2.182276171208234 2.8946750172698827
2.859022129440452 2.2261885565466693 2.7275626852502137 2.440787164729144 2.205068871726601 2.5488594023398172 2.8241152919943318 2.2999119072240344 2.1329873451400374 2.1795128432179767
2.711872933580182 2.581377394132568 2.0370418095987146 2.7106531875458613 2.585490029148886 2.6703399097905103 2.0869653452257784 2.1617253718983407 2.7232071003220994 2.8552117735472713
2.0106698680835873 2.089044974587384 2.138617908643566 2.474972323187343 2.3655664788300346 2.842092151729066 2.290520410973559 2.8590977472944585 2.1388587698125296 2.5323607539364676
2.7542018378289423 2.490071582597416 2.5259602937015275 2.703808060731438 2.6569231791214127 2.7569151905392033 2.776227351312435 2.3980500646883813 2.1110318645943753 2.3879028522725476
2.066486592638719 2.292799945772044 2.84004555355859 2.151603758254757 2.4653761169128057 2.858648619343947 2.686214432057276 2.6976191538839194 2.185308268283103 2.0271377027199695
2.712482750335547 2.47185960547174 2.483900663329092 2.6921768951622513 2.167435216556984 2.4859339666228517 2.773011733032801 2.4772095004739376 2.6687271946603555 2.3461980643793794
2.7210557264901496 2.5921309693830987 2.578662117290965 2.3552377896241943 2.3930612413992858 2.276817360966179 2.6949937330658487 2.6870380182050537 2.7629765148737384 2.282221924047363
2.060694209697088 2.606814624568083 2.254013718779728 2.0753494599867626 2.9083440650863617 2.4574646990003544 2.3153634310951423 2.9710201200663837 2.4979632085679455 2.66681502549451
2.427399894778909 2.1911853236822916 2.8815168156327955 2.343326984536043 2.3425362574169806 2.931660420399409 2.4329937819921996 2.122641532125437 2.815178317800291 2.876490173813973
2.319869419660288 2.8033250944196713 2.551764435916503 2.241764639638474 2.959928509600276 2.9674031560806338 2.620668190601204 2.353554663684188 2.9068380540527046 2.219745736664295
2.101779317812762 2.968737694740504 2.5385243402994493 2.9000947437325606 2.32686777489511 2.0328363397729703 2.3843218404722952 2.1225000907319957 2.664374871128936 2.335593413831057
2.9200262610192538 2.7791579521416967 2.436063954518611 2.572858959234805 2.1843977999678943 2.7091214324114814 2.2180029968636625 2.6524663660607866 2.62632481558543 2.5770795500589183
2.4746397424990585 2.69212593124192 2.17877231370343 2.1333784645563036 2.2022696820763428 2.0489661239244628 2.6738033715078537 2.4336837580846042 2.0169858058281775 2.8932042730948218
2.362375965480885 2.2851606449529145 2.912238415731759 2.292529851637044 2.4832818408558817 2.6557745709390517 2.7324221599782104 2.509135192624042 2.537507542771233 2.034291597696833
2.2614467604328397 2.2279299364504483 2.1674626412478544 2.760784530064729 2.709036412439795 2.732327471737011 2.314933513133929 2.160927219721118 2.2925427964595504 2.6230923404386823
2.637285387061352 2.9120860310759875 2.5583447147686638 2.5360901724159595 2.9983495648517735 2.4451942782827656 2.064447249286368 2.4563825013936764 2.218596566277518 2.3436214331110685
2.0546817949698024 2.6489606537562556 2.168610029472836 2.63872620790878 2.794947890336441 2.930514676426331 2.720540417394572 2.6215084345816413 2.3132262371567274 2.991984249987711
2.034131588821719 2.2907519398604452 2.387632178607083 2.748241013022735 2.1470771500651122 2.8402765427904653 2.7605671046430453 2.23910194824556 2.8638777770758703 2.6513942863530158
2.722064725474131 2.4349767850424398 2.493034984662646 2.1013913924850414 2.4017186023951744 2.410802065856366 2.0693300322687 2.1248340627666558 2.336115393847616 2.743517743132632
2.3161020426732493 2.8717227482684287 2.137488480122618 2.6611924968735323 2.751851934475073 2.994996149710878 2.3793446959426596 2.4260062182107625 2.02616443645792 2.0696126851647776
3.1361067750771205 3.668649564880602 3.7818528544275276 3.396413804838172 3.9663525467072196 3.908301756126114 3.083396925557647 3.976200087734555 3.513021229136452 3.2901997165208856
3.7261569420136222 3.752927418818504 3.308996612487486 3.6519129892080966 3.5465120187001875 3.319657671464368 3.822765092625061 3.3897904876523635 3.189984162690504 3.156873958315145
3.2563865280393998 3.238646738878593 3.662574238857865 3.1299980617071363 3.116804312549004 3.0006067903219047 3.3899492740141985 3.4114235362426726 3.1215603332258017 3.4631305707483953
3.439785527372923 3.212104768819071 3.57126973574102 3.231588915204835 3.0244850703401 3.708719016871476 3.9237491119350363 3.9683652806628023 3.3946479904096893 3.334644557516304
3.8858506937452817 3.6956937029494683 3.5910187141234475 3.7807292678570543 3.9297048774471754 3.770500632457069 3.0582955254718134 3.761412847691981 3.9945119268468465 3.9221498015761216
3.35227230317805 3.3912397212871768 3.8282791137410435 3.8657422747400623 3.621401619032088 3.9341159790108096 3.6867235199894894 3.1343075158145037 3.7990345999675252 3.024076654207427
3.81873180295072 3.01676184851625 3.950346898450656 3.4099500779736993 3.684647154847307 3.480319188347957 3.1845041770837965 3.0643728420887335 3.1681563059942874 3.0366131050471186
3.557391300172397 3.1442457791215364 3.879463062973879 3.8867657101116766 3.3677672067768087 3.431324241565421 3.015599361958081 3.837865659484397 3.2584976415826823 3.304486415565968
3.143138694154668 3.421793793082132 3.5745557883083587 3.9993257458511704 3.699240978455691 3.367061941648796 3.5007710791890707 3.896064379374842 3.9688715472255063 3.0753064590552226
3.6048447369006977 3.8433870149934783 3.789201826829565 3.0363052453334767 3.5449398478366763 3.0736451883406946 3.2566124951389304 3.1788628643190626 3.866193044058427 3.0939841180989127
3.2673842895751006 3.9996355864966473 3.006783798072152 3.0482958698451688 3.8100761036981945 3.937944164997841 3.8617360886570213 3.4365035479506223 3.5457533408947306 3.8718493244737386
3.5114170140779586 3.7505337100134 3.361643940464599 3.799240954376767 3.0117350544456523 3.5404347996358148 3.2644638473461565 3.73741883189046 3.4643306195099495 3.6594516882985983
3.191567082685311 3.6256192526560422 3.937589834523329 3.953467648921568 3.0612401491172667 3.547168562287964 3.193102180319796 3.4580766829437737 3.657874424244353 3.901420796510705
3.587221304741324 3.2456505678658454 3.7534142928250542 3.2503637638885143 3.9636775958284503 3.4251170580334716 3.20339256580084 3.4407540203084155 3.8307297457797946 3.4387663314456955
3.624029379868098 3.259867883039086 3.625132401222238 3.7232554866144754 3.6562839849746833 3.3214322288706732 3.4052351840928616 3.006081230337766 3.753413946744511 3.0980253304443783
3.8868179629558353 3.994143553543113 3.8905092930955902 3.0172147352313425 3.3378062750078703 3.977624010688335 3.587633893518981 3.320925288648225 3.481799438079666 3.9202541340991495
3.162620282826154 3.9510075899378503 3.22538369933876 3.936150903853928 3.185227988609511 3.068703300930111 3.720491180141645 3.663748054771009 3.691289640230088 3.9416801298343445
3.0006044956335955 3.938952919103785 3.8336334139234314 3.839536729857706 3.1883965744395137 3.34251109930753 3.2959837946284076 3.267153205462381 3.0624335005818675 3.650661605803058
3.976707534975475 3.334990207263941 3.591857754305697 3.9535177397811294 3.161185070387247 3.3164160377247405 3.9005081930417425 3.2222098082452857 3.6447519651367175 3.4743674842644943
3.0057219651340876 3.4036777079116316 3.0425693085063115 3.0531271382648524 3.5921030918611194 3.701103090661808 3.8284453694174996 3.9257258403371296 3.026830705833522 3.55832167463695
3.481545561735919 3.763456266559169 3.80062015941488 3.008158884567888 3.4880913973080907 3.7512094526281623 3.5872378705249743 3.4674825480606355 3.844563531902715 3.810823208352248
3.154511249273472 3.765868819906363 3.1395875120773824 3.0143577131441432 3.4310630425189674 3.180128203277052 3.253595584140027 3.3701898045395176 3.135538923265341 3.5135410164771175
3.2085214562306614 3.4470449769504308 3.508886453962875 3.806502280864095 3.7241991631651237 3.364561410008239 3.8552819222175185 3.094378400610225 3.5938013663959034 3.523707960002723
3.793591547127777 3.7387290091052154 3.0775661259243874 3.076354204091068 3.348791548581648 3.249649175370532 3.1322257930518997 3.540516845050149 3.271561658175121 3.189838589873127
3.442965046716664 3.1562842862735696 3.2643050738664043 3.70510605314393 3.905399928940311 3.5471465303028094 3.1131368860327226 3.4613691255887087 3.416982971862887 3.002435209778083
3.077922689853915 3.284810073419269 3.58040436863017 3.2288043847761734 3.2762374213511976 3.599701485626433 3.1959725831747035 3.73215978980775 3.212153930256616 3.8375155326597823
3.22562233799849 3.086170356409367 3.047059822853454 3.3512833652513327 3.248111344147736 3.219472742215546 3.6872400743415756 3.010772154551777 3.2931321556797566 3.510906057640066
3.2717520466617565 3.5768987491943074 3.34147852107699 3.9205903097570993 3.1841585858385852 3.157900990271551 3.7090706044776223 3.604389039611484 3.2829738723771897 3.535138950994397
3.9945567200752685 3.4602730070090475 3.6482160167026674 3.912999782177535 3.2633739822421877 3.837328142086694 3.7752488965744737 3.6952317456886403 3.6655638247415094 3.2016279465855124
3.8121355706083295 3.2191345711412453 3.740302666668363 3.89791674864395 3.1330140296818065 3.989384401899681 3.2470218935035344 3.2720268702838617 3.2675453310631197 3.8448736311013456
3.850761790528155 3.1455045915580007 3.768220347136883 3.110334597660748 3.262859424459213 3.3057974549915503 3.0878915998139886 3.0456736037512373 3.547525859988811 3.5641964180273122
3.4670853215904245 3.776317003453722 3.9296776100647763 3.7443512164320203 3.114781344344535 3.0950730841613807 3.170826530076836 3.8741821651878947 3.282945779175373 3.874636681007005
3.6860966387084257 3.223210953730689 3.4408679646141023 3.86303453028638 3.0932715988165436 3.7016478314291428 3.530102870893284 3.29274624517368 3.208063533563397 3.4393809888996043
3.658448040009783 3.5166666500300074 3.571083023862598 3.348365263390362 3.553297955692339 3.385051088238902 3.694528922665068 3.7385089865177608 3.5878830272003013 3.3598121084345767
3.3504059088641576 3.605009730881183 3.2183141824613486 3.426012532533691 3.3871167584888258 3.034190661730063 3.225018472286835 3.7051265247560643 3.7575651929827334 3.2852412023623665
3.2390648067837464 3.3006165710970308 3.6694446038926882 3.4968670338645382 3.652043139902862 3.313601182267394 3.0271763408865886 3.6407062930530185 3.157574626387426 3.1548645770624693
3.6250012380955834 3.297470014954166 3.853194184291189 3.249185855680471 3.8720162448628437 3.0671167736707825 3.0432607441375774 3.978942381071878 3.182487565227074 3.9409728712330363
3.626715102059208 3.246168015791231 3.548560777931131 3.761560978571686 3.227918811540374 3.3457236876106284 3.227527154436333 3.975001771576299 3.0344719434400282 3.9369645852702835
3.922094889224994 3.241204515386264 3.6428212372761637 3.7772642072150973 3.3096526250641563 3.1086644915670325 3.0806348421354945 3.537982631863299 3.2853018965917276 3.8835361008285725
3.5743332529596765 3.461942870327542 3.8234743176245294 3.026752747929819 3.560830511932088 3.841205090967324 3.9342379347320664 3.8983154239636226 3.9044536112185577 3.294906209176605
3.7929370841199215 3.434474313970545 3.2731723007791462 3.6091577473849745 3.7555978636531333 3.3913785263337184 3.1526854283081227 3.464472146798617 3.637571958811788 3.1178711001895603
3.0325738006976906 3.7209140525104507 3.329179065142638 3.4304577268890957 3.88564422202513 3.0571496148540924 3.5496485951245256 3.0550796114780447 3.1797525818575516 3.6667935522638864
4.2994491712674066 4.273171692882055 4.3108088285018145 4.403930053090068 4.361134745516613 4.86358989800949 4.526329967234691 4.239410509478563 4.020123936537409 4.167342155678769
4.120821689849438 4.1405072046521 4.029369318197701 4.118659239872785 4.927433334230031 4.51872898034525 4.725661871433055 4.383793818871688 4.904744620915695 4.204081356954109
4.120354922446936 4.328036973131456 4.92320703102504 4.498780205911874 4.733581364649194 4.391793145533438 4.692676524773482 4.239404315650028 4.9185762948502365 4.598156511091054
4.140638371703642 4.9536992413444505 4.431507008611151 4.3372825645445605 4.450139127952474 4.1367212390637045 4.042250927993759 4.276950931206305 4.397104626552352 4.390736244363224
4.052851026979554 4.234066580048106 4.588636959161843 4.674265955897123 4.692917973556298 4.108448412378038 4.697047628030385 4.187899487121001 4.495036302632487 4.528105556553627
4.808797962890553 4.487965439087999 4.918271957404681 4.684303527993057 4.563181990778033 4.263885803510237 4.684167106007374 4.945073686095341 4.842500979084114 4.841010244901309
4.517147132765766 4.227421089238888 4.39364323087895 4.877954813459558 4.240053955235903 4.781337558167494 4.910396130106965 4.915946835994987 4.465559135738963 4.992828193869299
4.786482237230018 4.40740341851725 4.44549849188758 4.048511071431918 4.96122474107014 4.601948068553121 4.992709985289721 4.820951435722824 4.022911955551363 4.200296440895794
4.773745034723193 4.131743622010861 4.00934455906189 4.999918291218083 4.6858626375024865 4.628454833312663 4.150712939055879 4.851110116341847 4.478004911340633 4.871897135996733
4.136867053823115 4.1180889708365145 4.252991531114347 4.871795172019856 4.359203812575323 4.496944216148169 4.996959686221958 4.231768709628496 4.976812662262835 4.480761553520897
4.82211519254684 4.268650921705129 4.587182804973449 4.981959247901603 4.180149645834474 4.956514760042457 4.743690304870124 4.622853289777107 4.906217195896106 4.312380895280095
4.555246970337951 4.987695277693394 4.587153934966201 4.888433278683855 4.127907520705483 4.692902680045654 4.412661836671505 4.364668847306101 4.663894768493939 4.476928070877308
4.364468220660747 4.8462600828364035 4.620417452170532 4.637190619584251 4.3260106433795205 4.36151060284452 4.44881890100221 4.048719176058245 4.45398658340578 4.2291354561905194
4.0840088697767865 4.687633474356345 4.9431459292808935 4.417699386635527 4.534795155141413 4.052316088981042 4.13699347468721 4.755397692305574 4.637645430859518 4.12610444252474
4.7896079032985615 4.864966322808784 4.279573757156601 4.557558890034173 4.167572358606883 4.996359164477112 4.170260667931253 4.547839306555055 4.5960512816340335 4.508931603839726
4.549179352351725 4.529449231267708 4.999336884126478 4.615221979756735 4.050414654751763 4.096583027385705 4.963727777508755 4.140023157393831 4.316026031352173 4.804538446619868
4.859391347196453 4.47128866927227 4.848218808556175 4.394133159009286 4.597900790567678 4.583518853664946 4.021253423257359 4.7167905196905 4.673426117969357 4.9996248012325415
4.135934947881441 4.136936616878425 4.2380983976901385 4.823868374044906 4.89269041657049 4.470576585898238 4.09585472530114 4.5263293338428285 4.683655012278702 4.5823958455362055
4.6641110338004586 4.988451163710131 4.659852252954057 4.608456919426547 4.148898743126369 4.429569289041525 4.616467511197735 4.397540777323204 4.406640076182092 4.225926805029254
4.3573779942824 4.1714067614204335 4.224526567413923 4.306534631339289 4.349517071078118 4.59272264991298 4.041503400512777 4.764333720287431 4.158313742961477 4.399142379423268
4.453152429454776 4.55647002952878 4.3673633192966435 4.512986141583292 4.196304502104103 4.684092741797041 4.4286486085365855 4.068203289832422 4.69300209926688 4.039939348293338
4.164045317543438 4.10977598883242 4.648471183507745 4.191071763364243 4.4445092848459 4.815447249429989 4.6440511107787 4.724479450625162 4.910257716221083 4.9656342546752255
4.143570021992161 4.4248676163003235 4.463419493133124 4.044613925415573 4.840442163742085 4.476799180433099 4.664045252221121 4.794544568690522 4.812803161944384 4.087461555310658
4.091030684368314 4.263613812744477 4.525287630893576 4.411680381922073 4.191421202878716 4.390579723221241 4.31859325081993 4.427404385691498 4.134730174233795 4.950198449759339
4.661763758259613 4.4577363855399925 4.713316634526676 4.247508551918158 4.107163279762311 4.36468778853078 4.385532977364361 4.293668195444727 4.584402449871835 4.050185018239873
4.145266512935027 4.3220186910955345 4.397016976151791 4.791457867892576 4.019663596255068 4.410273820458408 4.044487113029224 4.110791813722156 4.646238582734772 4.663211187342336
4.782226695469407 4.333727126504089 4.561233904765925 4.879968376434509 4.653458775748267 4.725139966314902 4.543011969731102 4.881023425197495 4.579434288372544 4.109241467619542
4.597423582802488 4.702165215732643 4.978238736471026 4.177383173543412 4.946511018323958 4.67623652459742 4.297471972324452 4.266657975094413 4.687569219749917 4.018158648479973
4.792373845913595 4.252637680078965 4.626501101874327 4.904723287023422 4.858508840136209 4.341190121498454 4.157568356974965 4.197863593368029 4.236910926994007 4.967169586161835
4.961052462126587 4.898593458455469 4.449629565376928 4.711876566082884 4.721004654028717 4.138530090653052 4.894906395469135 4.136534053563242 4.027178375941017 4.016891829266388
4.1337515554088995 4.695629484625007 4.1184005755243955 4.873089413801304 4.0334773860540025 4.441822226312241 4.149053876810136 4.64850608072395 4.598786583012252 4.063219285869668
4.216003790773627 4.835787521568233 4.517300588214059 4.904172342790005 4.470221336863584 4.139940233511097 4.6739534528296325 4.01235132131467 4.255513392582872 4.382762594403521
4.147465193261403 4.927701385408739 4.366188980373002 4.3706101087428335 4.492147741046044 4.882991271696189 4.196152417866022 4.415222508729616 4.429585955779814 4.321013200585288
4.7638289548365895 4.9483169772650175 4.427274784554764 4.150095286307913 4.340492798826634 4.20287870241312 4.025082927471774 4.957439725799328 4.683980650675195 4.247555740658346
4.1854526062249775 4.478901148727996 4.685438951694303 4.755292739462064 4.3895337695948085 4.984171189390966 4.573666171291093 4.76331375267754 4.6789903490250095 4.877936790956713
4.689776362736652 4.33879149827721 4.352005164827387 4.7404318081289425 4.244323607268407 4.5030166767030835 4.562049121683648 4.234902168768588 4.399691341278548 4.986607671470036
4.6392695253044 4.794857243085021 4.482464755696002 4.3892775549907705 4.556891119216078 4.770581200261498 4.123668142987809 4.099901568630746 4.5988130780781695 4.762229750249904
4.649163407778389 4.896105358636517 4.949623317499885 4.195939430229223 4.098169953533986 4.48732033636427 4.624541800416494 4.80972769620818 4.834780346526566 4.391229201492282
4.88434214912003 4.607564278802149 4.835509675109172 4.440751369288567 4.039091368150088 4.012845323153588 4.385331587476264 4.907194583808112 4.334585273403757 4.406603574235497
4.095316938862183 4.694925407914986 4.436647269105929 4.971139336704548 4.866905803059864 4.313887871187882 4.8809966317974744 4.776358952618285 4.67100754650539 4.368526387677652
4.740181520510372 4.343958193350665 4.784537277314909 4.1151452032704015 4.674111355992001 4.5036904725829405 4.432661682189168 4.23446357228454 4.47701201573867 4.216310787650033
4.621940815843244 4.342102119679835 4.211166265462805 4.179388141169654 4.317716896737549 4.916962670578745 4.02659109575694 4.455030363853971 4.018514667131056 4.265940209415827
5.805842752799614 5.062667376928224 5.210882570418506 5.863132133184292 5.84442906515943 5.465390136012185 5.150017678978155 5.902686944567413 5.879847890349576 5.144943979751631
5.904681431659359 5.186660530912857 5.916059538719757 5.008326940423889 5.629327170829885 5.532724997070499 5.455240191469907 5.1980452237421515 5.582025098651048 5.731301844505111
5.944952211699102 5.988428830793178 5.493683440286199 5.707667281349415 5.4764063293007785 5.842013261002429 5.512229437318603 5.951804455924348 5.02827997708293 5.372843230526813
5.094827511241134 5.467253924704754 5.840594881275921 5.917657102475038 5.9018760245987245 5.4599400672790575 5.824446035143298 5.651261753698407 5.95843812388363 5.738927579651353
5.265913528941583 5.699009192359601 5.091926263010433 5.333289388123991 5.466277538518713 5.497137869532899 5.9292742238356375 5.142743064001809 5.375695803653065 5.730843237111754
5.542493966073145 5.534439990201934 5.723792185618372 5.540293693298677 5.168429420045027 5.674267795053429 5.6281438598735045 5.326409208695497 5.296682982909859 5.0382532225297805
5.170443597737618 5.411072369033863 5.819104363235447 5.9881292197408715 5.970153180379647 5.010541907421721 5.864896091371733 5.514856308597461 5.356752049153644 5.466191872508709
5.407303492178897 5.254865431440861 5.344225806857987 5.4432992797159345 5.721021184129383 5.666015468051448 5.245226646358567 5.856456886115154 5.29386240506697 5.813735272148809
5.427378171559335 5.609286838895096 5.85190123783749 5.562547056349301 5.410485369236735 5.846484849756928 5.744211997772728 5.094144088361974 5.230949773317943 5.3078242725378315
5.0514942164778915 5.58042221457972 5.758479003288164 5.546602235934263 5.432285559223938 5.52834164055466 5.440218944966589 5.229110726089013 5.9011291084151445 5.783221747263075
5.768725412957861 5.467067726791299 5.444975464868527 5.4280480291063045 5.622732186421735 5.15154468982076 5.627264494138872 5.8485973983297015 5.513460222425836 5.554778110352225
5.103545084758291 5.0476641738208246 5.684252855984759 5.0453550607472275 5.278155762270486 5.886395624692751 5.957610286862339 5.622613417252065 5.1684028676066625 5.306723074976551
5.201235940002532 5.117699507780942 5.910837244148746 5.746100268580891 5.2934962812734385 5.3315775249700925 5.243644135390202 5.8942380130654985 5.508734924401336 5.08438622744027
5.72982551123161 5.661250324905175 5.314170380159547 5.135890326188663 5.4477674827943865 5.727603863007236 5.672646899641531 5.203375568573109 5.368950276992191 5.328489078165521
5.07929548177189 5.851187755340689 5.666971591744841 5.9887080599757105 5.725202570807473 5.855217769868556 5.757718767566657 5.768900708313577 5.377472240762146 5.755986224453979
5.957438900839171 5.209907131853984 5.792606820092354 5.705582819235062 5.263620218898741 5.5692910349581535 5.738920146943437 5.386567143957441 5.9130123497024725 5.132525372708124
5.993736679656993 5.73503898429065 5.051776446595072 5.351067970338806 5.0024186382864055 5.435438355228872 5.06467140711369 5.310531490338821 5.238802473880933 5.67123607519776
5.853344915268 5.564378626125231 5.690414985057461 5.413528411319662 5.62821372958575 5.682050018368829 5.306878728214573 5.6086497432191305 5.584080439844643 5.955158905238364
5.696204791661892 5.9862698546333 5.166548562389107 5.581363214166069 5.831210938926818 5.851043002887158 5.5044619381682445 5.3027519649573 5.03709144331701 5.143728210303947
5.983008222251051 5.914060076598318 5.071204346471535 5.2618014823288295 5.86279031521651 5.275751658179418 5.677430962516195 5.614932315060765 5.312083989787235 5.467988510393112
5.600001291055072 5.657298224560206 5.212663667295007 5.503727584966988 5.6754682969352075 5.1865628567864634 5.6239924156216565 5.582666965624997 5.286553017456617 5.028444670952422
5.846236460224999 5.212487406762212 5.157871302575978 5.836154752006321 5.609478539614918 5.649811854775234 5.201092455529598 5.625583835947701 5.034668311090275 5.020533360877793
5.875868764174174 5.839970288670202 5.661262198520321 5.167636904522724 5.322914089305074 5.191882192468646 5.017169258530317 5.7443685456886 5.346898768819848 5.265698609309769
5.918533526606865 5.321580707458372 5.179367239959623 5.8803760461313 5.930047292705408 5.3103098172739704 5.835673469343646 5.510138335273565 5.190904204548336 5.314118772442687
5.794968972426234 5.639829282783678 5.117164649941426 5.120463054200729 5.678566575769618 5.792019227497077 5.328220359951845 5.916316316447092 5.579542794448517 5.10455812591925
5.513208993357186 5.4705174896354345 5.70523002116907 5.760119274728571 5.852643592868631 5.963778059345825 5.034289648429381 5.273379587321395 5.041185857822239 5.867014994135814
5.7613456261264036 5.626833484647407 5.919406350035461 5.76965104843209 5.4046971637088115 5.512839627467904 5.215538502899703 5.341750732638403 5.586418588131007 5.487350537827612
5.922647875320265 5.67733724351191 5.65919346845623 5.669877403577764 5.392301455264503 5.110961458971959 5.550518389138158 5.734593587434012 5.312736833460492 5.225571598776677
5.4224521472102545 5.329081763390325 5.357693936405658 5.176957625544525 5.0038739401624035 5.730081640275184 5.44148721454741 5.648522230746854 5.742254009951985 5.499696310405019
5.19655958376285 5.719855608786588 5.24322887652134 5.140867273109305 5.501673430080327 5.683568803368571 5.818812445009161 5.267529176319984 5.6320586089518745 5.377066250349969
5.348863442613679 5.602707589213728 5.877250902570179 5.909415235267835 5.075468401656917 5.196923967958806 5.27801852555769 5.758196036996635 5.396189006509352 5.619624131861476
5.47068869281577 5.087193448839975 5.199661052006162 5.517947793455729 5.495349925425826 5.793017096825302 5.795821695389627 5.860008279735853 5.823819952742076 5.227213737187807
5.9713840391294255 5.094201855216487 5.191540975342515 5.590294261362539 5.23429618507367 5.192395747567381 5.532062163362472 5.549979098249781 5.430099280157451 5.318757017021396
5.37237684068254 5.408537245983488 5.847161147614171 5.247007569285832 5.880311962202203 5.5295405057633245 5.36399716579918 5.703308350737842 5.417018428145124 5.5374587478274755
5.689587275931284 5.99829146299048 5.590246093423942 5.483403093615025 5.756350362544211 5.491353526869448 5.283411941921157 5.498907006412402 5.73455668655867 5.187289289546062
5.371917144793668 5.9687820668602445 5.380122904842183 5.797571746516829 5.72195892930954 5.551935922321568 5.2021484203112 5.412060929684131 5.982121222610716 5.958142230840864
5.242215523682159 5.521650616580072 5.624317881774549 5.249103465530461 5.094390457307495 5.508338547031091 5.6682008036730265 5.573749409076812 5.16302587326176 5.876432037342407
5.531934798994008 5.670565292328476 5.05487982437842 5.437078067359711 5.492279653725496 5.173845484539366 5.43273007879741 5.378032970883871 5.308209195760325 5.746120054888593
5.61957698880759 5.651563498506387 5.664836271764347 5.3256030063295166 5.73569161501987 5.395597782062894 5.228201320065998 5.325362623042392 5.175180810580953 5.166721104929693
5.266521697447023 5.4500160674691465 5.784403871351183 5.608338013064001 5.989787397511776 5.906101560752383 5.191490418454884 5.803298979396123 5.987128535861321 5.17388343308121
5.3543727634845 5.967516052281597 5.4001686629184915 5.181196816068723 5.544159976546065 5.329568899108675 5.760616820836405 5.6740399764661795 5.661345397185617 5.011028983221095
5.741640867620879 5.813974317239582 5.994252878115889 5.473206150325216 5.425103384784917 5.54899325916768 5.2722913750056914 5.6282486495042665 5.070530105280795 5.102373202794233
6.141001594023038 6.026003933110811 6.786720915052362 6.003120768642212 6.991542476052508 6.62277437812228 6.95320138392782 6.441982534730316 6.414179049415271 6.51407848475635
6.71625271656247 6.378584835890412 6.4134976496870095 6.670754613090122 6.393046435265171 6.748123051260999 6.922488404334589 6.156221183330377 6.157449800318986 6.320120679609489
6.0832988819291405 6.522433462061633 6.952356466242594 6.247130949814515 6.224376940443463 6.083053836951681 6.175936205793861 6.107854591773737 6.456884763681003 6.544578877445415
6.3229866345068135 6.2969992939947215 6.337680519764348 6.039643472403628 6.427608960695456 6.943307897467274 6.101827476013559 6.951448124403562 6.84971824330383 6.147533729721321
6.554505040346509 6.044232865930674 6.675439070434492 6.223743383500922 6.830360029075465 6.321947294526373 6.760224833946627 6.800178558743825 6.877750661848361 6.72574298827702
6.233579456493608 6.090010163913526 6.705999417716207 6.250640957149246 6.105548566303368 6.3776695343729495 6.145685635731299 6.312703748368883 6.467686332875799 6.783043282008841
6.1151723143152825 6.230267880090484 6.66499334109109 6.663669420172912 6.160975550306119 6.496269095941633 6.730360260212569 6.594174546019526 6.345249625011277 6.113419679185991
6.319340227415555 6.722542922327502 6.390574385743747 6.639973038876614 6.360613031430949 6.444410383959282 6.3603956432034865 6.7510381570362545 6.646292312443936 6.759426850158868
6.052883688480277 6.05888234497627 6.626266680714277 6.377833520228504 6.716638700214627 6.655387676251521 6.742054514299246 6.63075201865435 6.658586103665847 6.3408028341196765
6.738190926118076 6.5042841477757785 6.807569099141377 6.785159050316869 6.522955169589393 6.665373038052947 6.3215592994158785 6.932194754855606 6.3152851364102505 6.176477346226501
6.882070792197009 6.800360842877704 6.011015063319629 6.706462318082222 6.406276916394957 6.461454203529319 6.929111318761469 6.436712710353617 6.5254929824536445 6.3846547150295345
6.357370720051875 6.5343243499408565 6.328102464733192 6.522216325869332 6.607084106096222 6.018332499717493 6.5456679389250265 6.482790659258502 6.607457840126503 6.080286869289144
6.572882541035001 6.889336819546126 6.4231241885763755 6.437084638928386 6.455181198446766 6.550798811770602 6.461861215522331 6.091824628066495 6.252245652558621 6.390207872509825
6.554681384094533 6.957546633489332 6.9913005699548325 6.166593614800831 6.536737493458169 6.159072624267409 6.761012879765241 6.904064869354253 6.435033516577554 6.4697668871351235
6.3649699134535584 6.5986470429919315 6.877716831738983 6.262884599451375 6.353126448249226 6.211940022866181 6.879767557747871 6.561279507976971 6.180274280637289 6.180386747390368
6.731189895906439 6.254593094324602 6.702502851030271 6.669919240655426 6.316348955273765 6.319648918005107 6.215782396907523 6.587975719390502 6.82688632415329 6.927627699183505
6.765216376152109 6.92835849578329 6.495685789220778 6.650700405413039 6.509172855682842 6.3691294399332925 6.675650908895636 6.591147186060801 6.509419479402935 6.169715899526331
6.314593642482528 6.147593180164846 6.436550220810313 6.3206268853225 6.636323896634063 6.3058421370124 6.329406251982939 6.58765569303887 6.62806771534437 6.79589164758614
6.72785746012972 6.56217164553736 6.755631424029668 6.1920643588829964 6.210225191966126 6.080080557216906 6.180268271023857 6.049791825478538 6.609790615426669 6.4042594444483285
6.634992499276539 6.4704389762822005 6.959247551733541 6.378748360669297 6.033125741175782 6.064658433273729 6.517622303189277 6.357708131550339 6.8281487627635675 6.14511594759454
6.071097447873339 6.0881295886366775 6.121471585656312 6.121029601078773 6.067340137669001 6.882506665588165 6.523523175336821 6.489816783996474 6.042350132384696 6.356161773929659
6.813601526106653 6.525244868689682 6.2295062906807175 6.723639077731965 6.51521408422219 6.74683292573109 6.202404514823449 6.1495571801773625 6.606176882572299 6.5218530871488465
6.896244555314072 6.931539882523523 6.716530688259681 6.69913229322112 6.3769362522700686 6.356319916896789 6.332370729575869 6.002956302705276 6.282761060936001 6.914836991306484
6.719976285453826 6.025729610454165 6.9503376234177265 6.188128744124662 6.512164876531042 6.049646049488674 6.854804969403531 6.1230385293058855 6.157585555459592 6.6004774578050185
6.143550645222105 6.605242006892582 6.723703979133674 6.590687944491845 6.723475292416191 6.206819737730139 6.865522014139104 6.144433882697003 6.573699193925271 6.7365805624063295
6.124612898376332 6.713611257041587 6.698780241883512 6.753566250302065 6.1068421386777025 6.891962742956208 6.411927073183013 6.517645371178178 6.502184038505391 6.413359517715928
6.443355186181727 6.945829903240399 6.356331980019714 6.1807235723854586 6.70584751543649 6.018925696929427 6.481340132366431 6.813658294995464 6.417745601823431 6.7403534798570615
6.401323096388559 6.125706495211413 6.683011036905832 6.187454385346352 6.769279451326254 6.146256539882807 6.558661234975302 6.415320407230588 6.762393483090552 6.787469045986804
6.101797497425001 6.974166203759666 6.565709303098017 6.023197842844729 6.881607571775027 6.583486051990182 6.687860086497866 6.494730801580856 6.96613868199852 6.06971583849058
6.517574131556113 6.787277504122089 6.4493012565656285 6.01884634209813 6.225969180907031 6.231482137947507 6.170477799191764 6.721411449977157 6.847184566155065 6.9758420821371345
6.397275102512907 6.894500339313302 6.128690607572578 6.248763472789885 6.891371997168586 6.35392034517115 6.532653459367565 6.183087402999612 6.958079639198008 6.279363033115861
6.591022281272075 6.311271180150791 6.792144180729254 6.966402808880051 6.669545505625077 6.856011360565172 6.6754869087060476 6.9913842580695995 6.079711269175959 6.238946277277315
6.35699037172351 6.528730303367242 6.392646383318609 6.809177706114355 6.250102940712752 6.154930430085097 6.755297616410416 6.653702479571291 6.920949007950443 6.849444621777374
6.986757663165765 6.4934471794573385 6.70779523648823 6.059984936504903 6.241387156031493 6.0914494632033644 6.2121381323473255 6.6381137651156 6.065424057801044 6.303832247588006
6.832341506055316 6.170823719011761 6.7450594405457895 6.889567908850664 6.4726670985471175 6.734741269908832 6.946498935520525 6.46163136310824 6.053705623343162 6.381822279161821
6.782317502082476 6.509992441807323 6.474628662650402 6.728884793530523 6.603454471872235 6.255999641845343 6.23334758746589 6.868050086750338 6.012485004657306 6.208058736454028
6.997577930829256 6.441140617261952 6.821342667497136 6.680111477002744 6.037973104789701 6.128309045494875 6.935457666996706 6.2072709226876 6.5839045019953994 6.989649985830199
6.4363135239556515 6.747071862606994 6.843129617171158 6.068271899385982 6.455714750330602 6.790145852869421 6.638503746158908 6.414283727428966 6.787596583592919 6.020732532187093
6.358054621998021 6.221377047925838 6.5669972437529305 6.965290046518733 6.189153833381318 6.081161303930416 6.760852132628261 6.146568992545157 6.413182714534609 6.455135988880961
6.661558563910216 6.620866057574159 6.874004342190683 6.3401606533378 6.05179823626919 6.417774968336392 6.601717607984973 6.760509551295678 6.2178944984747115 6.324603954789598
6.972583203923465 6.1580749816376485 6.529019852881334 6.661730314965639 6.716675375511347 6.972009293854622 6.87085829211888 6.180514712241887 6.5467277597067355 6.700072709639069
6.824866561093079 6.981998759056283 6.174804968455495 6.516180119582276 6.118067120159974 6.402461446385567 6.007846470478744 6.082116962926945 6.533344543369269 6.141011635757481
7.86879262007886 7.5361206682323285 7.166506601100112 7.514744678233947 7.676917436740942 7.767000803066007 7.643909829319349 7.618593915090281 7.139156107112755 7.98969745539847
7.673239019535926 7.339858145697667 7.153629977866857 7.32665432741222 7.090068360317898 7.631488828159622 7.807235172960681 7.569109029126756 7.38412199261957 7.183571322308217
7.561075524518481 7.543380141142289 7.541689677537256 7.649037139563623 7.460684420120155 7.539456701657041 7.924443571920096 7.8774946085640645 7.982394081446125 7.072673097889727
7.819940011037057 7.190167667399802 7.432874968215557 7.843977627884692 7.2453800891839215 7.589284000327362 7.655782447167187 7.140281058467423 7.563741475152774 7.9368548215281365
7.167610909537874 7.073596899928811 7.480183058218359 7.560640865232761 7.74427073837244 7.996162303294858 7.026663199982205 7.449199903051652 7.91056702984622 7.148454705069655
7.214001225330084 7.183263624085718 7.746672787157071 7.09799632565816 7.133150992453268 7.017292136840126 7.9188540274926895 7.809064702351407 7.421244311510513 7.072907184278666
7.866117592224456 7.246904215115847 7.17300143872842 7.435005561659387 7.630117318645798 7.264760298412354 7.5743942333261645 7.051706586926297 7.902567265500014 7.148034426855869
7.762987182990115 7.730888546943936 7.482575862839759 7.597084344539273 7.678170636278629 7.19892109472795 7.485728111410748 7.1186709286277745 7.9545389739876375 7.141301487080673
7.327407148778908 7.765779389993487 7.23295641583349 7.3802548618833885 7.714761137084589 7.916519245384123 7.6163913857530785 7.860959524197814 7.624884573458839 7.315033857143199
7.381389977926451 7.915910599334453 7.521197997425785 7.910827117583483 7.471098019933638 7.356036185602924 7.86567364510622 7.127641191493204 7.742029981201235 7.297532339406001
7.321468814881505 7.068995971291983 7.414322596959124 7.2749843770822284 7.90869293752505 7.824727538411076 7.683999379842729 7.114193690766856 7.775448019416908 7.481339089021295
7.995812257581871 7.2422308640742745 7.176946472220465 7.658704783574087 7.046514486908208 7.597587546223155 7.7174245963598 7.396643312739377 7.190959131830681 7.069900570171392
7.902733314326844 7.997104695200503 7.557205646052106 7.446574088750229 7.575902820576898 7.99119002643082 7.841856608674713 7.172726802610302 7.863640976754934 7.7449509231331035
7.4531356413291 7.84124245477839 7.848639827389912 7.34389185476236 7.396756475197633 7.221304024777943 7.300728738959691 7.303324600289144 7.058422202002984 7.8066432801183465
7.449326255155676 7.340201533035549 7.8268331723134335 7.318838845809632 7.96030725867674 7.911780204687081 7.322370471275772 7.336347599300342 7.9923161981598145 7.47744870697931
7.849161402879458 7.236555988866643 7.450720411665796 7.4722676883345915 7.572022369559204 7.935988764919213 7.331812742001077 7.794261482642833 7.8348134807990775 7.492915243446445
7.3555359389746116 7.202217300220196 7.983028445531642 7.496943520861095 7.921915312665261 7.396728447688623 7.030982351495751 7.3117957684319395 7.794551157136768 7.7144431022424556
7.5227487656228815 7.660308501123231 7.813935044410622 7.303957932192082 7.976036977824705 7.7448037437823185 7.374019647715198 7.371521672374263 7.3694891429750475 7.081328325355504
7.357384539224713 7.5856902525992105 7.236415939847601 7.4928600877491975 7.717505501979734 7.012302269567689 7.061778846740165 7.254431704396188 7.92104815591934 7.014619550486586
7.844265771173055 7.212223902244516 7.018771282999717 7.398204351199877 7.881596025707328 7.80903160027064 7.2005391047660385 7.70608133485366 7.064729992047095 7.340108430299075
7.308105766849893 7.976959067742717 7.225447083977636 7.436245861376051 7.928749582596265 7.4677620192165906 7.371795592864413 7.725045538415495 7.373498154201881 7.811450990535268
7.967206473647804 7.856694533783145 7.055600350928622 7.832086584585352 7.761602503601412 7.5971547999493145 7.528064389316319 7.77131591503068 7.066622881450273 7.489529978805291
7.713495731276972 7.9939408607590465 7.7821230487110595 7.6634737660167165 7.665132493774821 7.334951375376198 7.927398102947423 7.732856273437432 7.534890442553493 7.126384445262443
7.90811706454157 7.363505567117816 7.292392619022074 7.599596196985738 7.258745125120056 7.0156940014635225 7.138374619798995 7.797010536291821 7.140269149827731 7.570139843378138
7.486518330176438 7.3471348065422095 7.444331286264663 7.03164659145993 7.8496830293726045 7.457609138577414 7.957414463924338 7.2711037351931065 7.95966541377525 7.263283155080291
7.672512907379806 7.814424704374261 7.974034901789536 7.229789627957875 7.000758969635887 7.016098611803164 7.679254327032408 7.657812100246702 7.331767956860079 7.565384700247193
7.186210523998914 7.459219051617678 7.119000602367184 7.164779351540758 7.732442573823869 7.283464708507911 7.42523234546588 7.3932375749980626 7.854770989938633 7.761132425454361
7.6532576573297995 7.2207319928378535 7.376693266539672 7.101223613974964 7.00824671886126 7.376084448995868 7.366827228807475 7.529771308668979 7.090710466747108 7.7866062344590565
7.46784616646868 7.089584723252024 7.902819739568855 7.605935154798612 7.769764568330434 7.134406700979816 7.46586271094689 7.925558909522826 7.707097379898291 7.44549360414397
7.192914047631321 7.125865685407688 7.296329108919666 7.274602833125398 7.138328636449922 7.964164829819465 7.398294054749357 7.774600542155852 7.254461182400937 7.919971460202166
7.589482233062247 7.217377784298133 7.826052413184802 7.021951162241288 7.65695018787334 7.118490878291037 7.324011900615936 7.36627181972239 7.693429428979586 7.888917415218216
7.022865821981091 7.802711473063311 7.262389954887183 7.916546589729082 7.859927957118413 7.8127227884241375 7.127229551724021 7.043498736753675 7.179290616229687 7.432755952067169
7.594424575815353 7.250095525724509 7.200021507700877 7.186493777343069 7.607391021132412 7.982279061235132 7.2754917414119396 7.381253825586732 7.345969433888357 7.966504416769713
7.269548714526354 7.796664721898325 7.235861131956305 7.544606989315945 7.665287659528898 7.747824328907073 7.953006991380611 7.5308721066160675 7.343463423036473 7.740500064382499
7.2198144763995895 7.344511780691995 7.320124208001335 7.452532507865615 7.933302421002623 7.702978938931943 7.116837498243013 7.573455338759349 7.439647183374456 7.475027079575369
7.8519177259818775 7.113446004020258 7.575277921413478 7.387148979159719 7.58735380107607 7.153073221801888 7.431582788442046 7.153005431477498 7.943674540751581 7.646909115585032
7.668451763650655 7.252680861789469 7.503778206419775 7.816924756038178 7.601296207780612 7.027079718658219 7.066792167162656 7.875690444960308 7.216848789551796 7.97250387655615
7.384316963883724 7.3047523924705935 7.73496214423764 7.121427868839919 7.613949141436314 7.680160313299383 7.326788148195149 7.177715389251809 7.358765318653297 7.084970834207392
7.124133914521004 7.637997001796117 7.826489371268695 7.477654185883234 7.710454864773421 7.475655756174209 7.338354177754742 7.995682187411313 7.870859077739685 7.089843360963081
7.145207364760276 7.065178370701684 7.49666124399461 7.129177237685328 7.267200657121864 7.360361259143007 7.189438413142655 7.488244053122802 7.863440689508307 7.110614375573758
7.290204545962349 7.244762883636599 7.459268765808931 7.988367858681323 7.771233725746215 7.556237263680886 7.211375629496902 7.82757783602821 7.6712270781903875 7.5671518737826275
7.2747468003441265 7.72044171093023 7.528931750404699 7.191246694916201 7.250472696598143 7.619088660047329 7.57598492563687 7.228127263588498 7.639747325588569 7.429336652229912
8.286669431849162 8.649446902176411 8.206917778054295 8.72520839875253 8.250431738084542 8.047122894223886 8.16323629274346 8.635750380283467 8.232427560676323 8.174525521265428
8.123005643809728 8.159801124056397 8.718023550883384 8.231305081872975 8.85509732733258 8.14970548229302 8.19909857180358 8.04349875652307 8.955361677019024 8.47157412783349
8.953151199942827 8.57278586750512 8.699237491933554 8.39753879532766 8.090635001084674 8.252236249502841 8.49890824612606 8.114554701282854 8.20160637404528 8.490623688104428
8.58564089176121 8.344654651653617 8.019684652470948 8.313351869111491 8.765482095930624 8.46315898865955 8.139487500289665 8.5152681685468 8.355276301216593 8.174198712871831
8.973118978863337 8.889116178037792 8.696008617243766 8.757009703039383 8.811952064530248 8.063104634352301 8.961764844228812 8.13180822126483 8.071860632182545 8.232047451610343
8.335139797231596 8.510658377919192 8.543221093232882 8.59875533507403 8.003714510000345 8.196595454154398 8.741416663450762 8.655836921955435 8.847261538685325 8.173368681546531
8.259242555076131 8.532793000903093 8.131627052695231 8.488520157517925 8.359523514676898 8.509264847923317 8.00277697895393 8.07411717558628 8.914419550280435 8.452523446579395
8.083284168439445 8.572307379586492 8.197310067271852 8.375763582842787 8.013571921460338 8.936967396817511 8.963809800123615 8.53349306125468 8.351518848350219 8.06806711397187
8.72038508995148 8.471283726482387 8.84656870506369 8.501973889337279 8.072202431285753 8.229377876045767 8.738278197466562 8.228771644054309 8.566255119885763 8.463119943060084
8.394274586935696 8.036772192624557 8.501478709042797 8.587910055375026 8.298884028079675 8.394747244047473 8.764479202008241 8.182352375217476 8.131231001466515 8.774011137269499
8.86766239357691 8.790498257966878 8.430397450280276 8.485336180626394 8.015966781014528 8.952560019733605 8.135270165748988 8.559783610183437 8.209066529885167 8.763198272390884
8.10799373096864 8.937885335258743 8.097824850589 8.507462434478668 8.602484775758416 8.248212282655839 8.55694260632489 8.956689724819718 8.523253681397287 8.75421793501764
8.710160587333265 8.720145807106562 8.23481747984359 8.627346112896314 8.450038318582536 8.642915554465231 8.628277792338022 8.564744183025075 8.331245968816269 8.616529822041795
8.129176268527024 8.91152439209941 8.084470432897998 8.32604033003237 8.339529205579925 8.870367462568701 8.897450297745838 8.395731393512596 8.046981863733052 8.085364153120878
8.040318694758554 8.11538366306991 8.405312299643574 8.872342211514844 8.37434712423092 8.429981827845644 8.193053626421374 8.634527450032765 8.77634725454259 8.15798482881066
8.190792374921005 8.550239567365828 8.535401808509336 8.466753192201562 8.882739998689482 8.448424588416405 8.334259846899984 8.478455289964389 8.884463402391237 8.898177378773308
8.514645672217863 8.505750609428832 8.726199827958192 8.930009762506563 8.943894681259232 8.823774630559058 8.879969626594706 8.479470393283103 8.949743464867236 8.07342644247978
8.208740879876343 8.59782511199057 8.470765853942877 8.36068706468019 8.33718738351935 8.709857299079603 8.781860026543654 8.86767273788899 8.796121716195564 8.715449662026336
8.89735687420287 8.32335396014879 8.176473602084547 8.529460586967422 8.0287324786186 8.99534807802231 8.94372307288781 8.733509196535914 8.279573137009208 8.958919012996347
8.009986835785606 8.373635575082249 8.09735429287516 8.27529520414625 8.638495384143111 8.579403476184483 8.869759225476093 8.368642429198797 8.763987553955298 8.602864868042381
8.45267751867854 8.329505656883448 8.352588133034866 8.079907037365933 8.347687331866554 8.09225999701934 8.996023367841804 8.801854481274178 8.708739079014778 8.435087535333714
8.537567845853461 8.051799663229927 8.350923268655693 8.533223682093425 8.160906077421744 8.607987805365369 8.45861786951071 8.359692777888519 8.038130433247263 8.845682949336178
8.745976127625449 8.572479650957588 8.329386296104042 8.97929379764164 8.409628563808615 8.653060192678272 8.054214792029358 8.378139256136462 8.33163779770074 8.968440392408338
8.113432040054418 8.06208568757917 8.640158479429024 8.11733045441578 8.53042309511756 8.937388926977732 8.915918749677196 8.390806536918973 8.802017762002565 8.068426009553797
8.044553817277006 8.42878925832233 8.101654810125977 8.297602637521562 8.957986261297384 8.18589548308477 8.961329657468244 8.823574927542339 8.28246145756209 8.133695063966583
8.973860179549416 8.927024419997142 8.216511304561243 8.221132304664586 8.003293954236367 8.893577523715734 8.79903245392378 8.49084735893243 8.368819629364234 8.325062325040644
8.095830395387534 8.406359607605026 8.476334005566738 8.453146501449423 8.732393803413576 8.883552195520986 8.411855293472348 8.773502376296834 8.631328620061398 8.739622488618059
8.082262726605125 8.303996518583066 8.774794358453981 8.773640714335984 8.591380860041639 8.037002340951528 8.305450131134263 8.97508485491633 8.673216634065628 8.703786638707887
8.303831361567894 8.420197132286297 8.169196217742172 8.798021664274762 8.135742304859459 8.26073324922644 8.73253739535166 8.915826646927185 8.350163819176105 8.835652691165805
8.170432757754124 8.861343532549714 8.726339770873386 8.34352470045476 8.093507616572039 8.63970394883627 8.218118979189477 8.701901247132213 8.832055966009062 8.413345539127135
8.224294871284041 8.189634468454598 8.899846723465515 8.732987208949337 8.825597897725556 8.219093377224636 8.638831347804977 8.871175223454115 8.372160275589014 8.117460285225649
8.061873523129151 8.884162590502754 8.079686992975503 8.109764795000297 8.32565996907942 8.10698647352921 8.098230465046973 8.791039117456737 8.712241278212137 8.146959564975523
8.8543809233506 8.250955511845845 8.475189872547979 8.082393307501924 8.335848058793852 8.671532836675956 8.415152037932687 8.496221773276847 8.386823963605707 8.656976020331431
8.589609600838397 8.178297240935407 8.013181419656341 8.774438859172122 8.132955975623167 8.81547975047932 8.158475372531113 8.785476645590391 8.76553025619092 8.755244315866072
8.40487969821838 8.830182387820782 8.20404248461172 8.976381539940071 8.577605575732857 8.3894763932467 8.35086188927088 8.729468258949376 8.287011432718264 8.195745878394453
8.835928834299576 8.92013733068555 8.029528962566793 8.388007521829495 8.212591086248427 8.19977589697949 8.586693273114063 8.114992772272286 8.867452877472005 8.901134717596978
8.110979889778445 8.478032116042735 8.494365494537302 8.410431095906421 8.467814745729218 8.17534099146892 8.803976094989837 8.302880502205339 8.115037936783102 8.460286791971726
8.992791701862146 8.585193493199384 8.044265589563132 8.058442887720453 8.379502999512926 8.68642531325794 8.083008744367891 8.501711967056798 8.531352961554909 8.417668282229348
8.162071677536211 8.932527938759428 8.149623445172812 8.981427568362463 8.98966668291593 8.807121848267634 8.960852515648156 8.25312326636555 8.941845941995407 8.084064041601147
8.8691838424942 8.980012780199049 8.878265540373274 8.422771295636995 8.665289239633845 8.246929434008285 8.02296042950843 8.636394090853962 8.65859363921801 8.54358445293485
8.011723558015156 8.144476049863476 8.702071636126844 8.034781339307978 8.700845926624483 8.453003788733437 8.212673327095931 8.182742997014698 8.356389086188612 8.752942294877588
8.955476372310548 8.69985354724348 8.398825050661614 8.573077173627329 8.555950223550537 8.920468662093155 8.964792927317664 8.048962081333631 8.932257768383483 8.072049226643855
9.165885612277028 9.776995866045372 9.098308161611 9.598725117447266 9.073793914019644 9.411130589372247 9.078314439334816 9.644497500003943 9.141799748999697 9.129438451745543
9.99489764249228 9.038639359260317 9.98452358845316 9.848741659758618 9.745319266299676 9.642455432512248 9.180995941955352 9.597736351048129 9.064212114841263 9.714414909392067
9.040536657406147 9.77251792191842 9.186218951976258 9.029770993469967 9.076589377710368 9.093142020434545 9.768237508712415 9.851133768958883 9.270573201003204 9.955831418985316
9.208509552422468 9.488063505819087 9.075977402386137 9.532666260125314 9.008580323217958 9.106604188196815 9.512338840154117 9.409071334053591 9.364194142856526 9.653777462472902
9.629406222874412 9.769140436481273 9.742481194749502 9.247409768085115 9.0837093100093 9.139815008322305 9.805328719206628 9.148266173012857 9.56291484979664 9.487160147053219
9.672620012125908 9.479316664630561 9.317765696698169 9.021458281629908 9.18406285811255 9.186061514325793 9.117063010732426 9.412566532004886 9.51461855934059 9.342194835973215
9.528066240723746 9.242961621737164 9.22608130417952 9.796485809161307 9.542848678182857 9.433121186039717 9.596147445167034 9.329609812641326 9.220561478379599 9.06236827402299
9.856352463294852 9.943762411657065 9.196222156860692 9.478031537658005 9.79154303952539 9.643241087578179 9.618558527704888 9.83675056267495 9.006090529601206 9.080781046163512
9.32260224811327 9.253982254994106 9.045841093912582 9.742283270992502 9.817140940166276 9.55124065699537 9.479837068474788 9.921673994128112 9.972801369014885 9.185329418400427
9.992132966964423 9.597986725053413 9.133450498277224 9.319802194675162 9.51156858193668 9.468359823571067 9.74176546430949 9.156113518216769 9.416151005792317 9.81349323488563
9.469236940759169 9.58039860626974 9.888736094912431 9.57621056964812 9.271535253464334 9.90154745909822 9.571989071218288 9.019123646952801 9.752082077411497 9.957215046819162
9.773143251515215 9.593998531841164 9.709834747872918 9.146636083825566 9.602864571286373 9.203273232450327 9.771704461559287 9.012589398867275 9.597568922514784 9.86327939348441
9.565693528313867 9.8395831372011 9.57082832645024 9.889071297013597 9.97775086617894 9.361309304976084 9.667040790815763 9.112367404483717 9.653509082782486 9.077642086096258
9.849328340242467 9.31696114454033 9.055480798625892 9.869931014365056 9.343665953360446 9.030059161573508 9.066955121106938 9.573067185640532 9.882533940386345 9.0433568046742
9.815352735705046 9.624490869648628 9.618614170340775 9.554839791448623 9.834975667623738 9.918914765726603 9.449688670614076 9.475838692839043 9.889889891297463 9.328952011952005
9.969802618066508 9.065212926281923 9.054220279561086 9.960193086065784 9.128125078974094 9.877175086106522 9.24078590041924 9.49703974662015 9.599110290247944 9.653758546638127
9.691809721460402 9.13185243675532 9.64811642023655 9.386247638652783 9.378023262688757 9.366275984164155 9.351601407400484 9.324484906007896 9.489790283735427 9.043416272246947
9.035695906332283 9.961185262125808 9.322037987396893 9.876767900596109 9.555742242478628 9.191238999830286 9.504197796473791 9.430268767904819 9.829428168139057 9.300086812864295
9.70702269051744 9.973584649571569 9.857431934016477 9.170601514949148 9.67006102057282 9.887702717179954 9.318035377041028 9.114513052084867 9.63673191506784 9.328140433594266
9.705950323264485 9.032264593253165 9.058360586907094 9.666551809149958 9.900642804798041 9.184289369378458 9.734196284136166 9.826240257217217 9.99572821485032 9.717048975508943
9.391349833935928 9.00306382728771 9.198550571670316 9.228776202466392 9.076751429063274 9.420444435580022 9.617846775519183 9.08271630536024 9.632643584959936 9.70567062859455
9.797437278487001 9.879762540171141 9.957788309546592 9.19440821846943 9.92517216338544 9.487733256360324 9.718481371897044 9.971311481214581 9.748902086339669 9.291139523508654
9.66663083090156 9.736852774606279 9.365031558358542 9.873143507879735 9.746571049929571 9.653965776127798 9.210251483481578 9.170509941639187 9.727947188982707 9.17282382929069
9.783337215166293 9.252703882579103 9.18891954086074 9.458051489872991 9.851436848628374 9.267890123493451 9.292101183276475 9.44989398404178 9.154064180647222 9.77144091715847
9.00927724896934 9.991919257006554 9.838792731177541 9.963328567262884 9.92459197855153 9.324431870768183 9.117767614358458 9.62288951269157 9.159735259461488 9.581401616993418
9.454981723047492 9.055633739383152 9.261039240677935 9.743107157543935 9.793654371911533 9.230205178906251 9.504066505570176 9.55411021347595 9.241093456886102 9.120431369631495
9.422134472019922 9.228357832516856 9.853652031612597 9.80185613884857 9.753229129570464 9.161823503511581 9.512574654504416 9.769937496936947 9.125162908210402 9.065559177853798
9.19545176260461 9.553427972032871 9.401370255410928 9.698632462054738 9.941164104123207 9.47868042754108 9.243524031159172 9.42827413331553 9.330613289190396 9.004099487672445
9.112194639750324 9.173663174850384 9.361198693624695 9.38868520020468 9.6230624682622 9.9001277330021 9.17991509457859 9.584591878292308 9.903734438373693 9.722142134805017
9.258109142358148 9.150851780440709 9.355002904660317 9.846351940450118 9.240347435523347 9.673890037178575 9.010425873083284 9.039959747999356 9.880512063166988 9.65018332905953
9.248334276074438 9.889142603835396 9.383889521986761 9.873613860024546 9.931166465583175 9.140440580423041 9.165354041404465 9.516509889982794 9.854994655659429 9.050808759347571
9.747954539579984 9.191721514165298 9.59594649661097 9.039125267204057 9.66709066143138 9.676607483026899 9.626599535697173 9.373848465140973 9.989681457566219 9.896537356840096
9.935191913288673 9.708781781432316 9.186986354356192 9.611054459383537 9.65153335126092 9.711667300677295 9.551881544213316 9.952273718546039 9.662293658305295 9.201101476100966
9.299053360564704 9.96185158790803 9.478924190715508 9.719631180341123 9.367482078672442 9.143502415407363 9.702931305600519 9.796446538982753 9.074835170306953 9.536382734999926
9.95773431690593 9.536697456576073 9.333803215328473 9.437507091699915 9.81404734290682 9.951198200673419 9.002233195672632 9.694889073249154 9.698561059448208 9.781189101922019
9.560449584016762 9.955471739023944 9.31574055872434 9.776926016783086 9.239816806975261 9.471637297025692 9.683843767805584 9.87422005107966 9.18851124445746 9.071063256000889
9.488804184674205 9.479651248335433 9.253634732349179 9.676918034037227 9.093411058740957 9.123031907463524 9.483216010362135 9.32886654975151 9.20425868361378 9.06479618126319
9.507309882791978 9.000081693712561 9.895225821405447 9.056345004569451 9.544318659640318 9.6314353506852 9.413785501325735 9.342975856014455 9.896824260397048 9.711268257884214
9.9552340687696 9.171879810745974 9.450633042112772 9.41761501696856 9.3799678350973 9.521788234974762 9.871400119507868 9.80948716534103 9.67022433877673 9.506204923004
9.028485633377306 9.58059837765574 9.448035959472818 9.851587005605467 9.045994262820546 9.378366522953952 9.546679035560024 9.876665603107798 9.548088620438783 9.84392298680485
9.986142779540355 9.722579296065373 9.000564714271475 9.277911944521971 9.15192511629 9.16722756313761 9.700513663177135 9.122603998728001 9.588340246010235 9.317937098318763
9.686989068927442 9.078148288767212 9.49816823840781 9.36502458447327 9.673152232092624 9.456893257896136 9.695071940065384 9.96040613181776 9.727952825764207 9.049976559573759
10.75295245547105 10.43734834052271 10.6004421281842 10.609485876545254 10.652078197854655 10.93218283060224 10.776104678269528 10.1598442352045 10.30873719393437 10.094781836096011
10.5821333893252 10.743675320598793 10.993325433712842 10.481819945245755 10.917362452807255 10.880254814485875 10.791199084350822 10.915323035477332 10.472610936460738 10.968756794173034
10.941281819213588 10.058732151592807 10.628479423943256 10.103854215129548 10.099332867727785 10.213686717894285 10.57018101504619 10.287835579944538 10.315945267994682 10.872958074903366
10.54277704328561 10.821250094736829 10.793758111150606 10.87844065048831 10.585226866644888 10.733196325831678 10.294030276067003 10.127834903327225 10.52795042014014 10.472720124053382
10.39963765094849 10.649632634550889 10.516140619049228 10.724389570190787 10.70971950049139 10.523241798158354 10.829852925809893 10.13396597592403 10.440614028129199 10.559564477876272
10.311937060811267 10.934191950464418 10.838386752794541 10.877068461056414 10.286165969266962 10.946068634832127 10.27017031864478 10.50936911371939 10.45045592346859 10.197596037304933
10.85469717824954 10.962565028432667 10.863860219167721 10.449801932034337 10.016821630665525 10.204047358793927 10.811058776935798 10.248986321067314 10.406491424051978 10.90922954142873
10.024354595611348 10.734460008032826 10.209543097729657 10.918620225325371 10.470726751565408 10.322657419354284 10.995859440857375 10.76488931814761 10.67027949287722 10.561355331724215
10.899841332849908 10.818053272143477 10.30246542331656 10.90183084624313 10.108810728161481 10.066632320103272 10.677749863637075 10.872143298342303 10.346874911674226 10.803609215302767
10.504923082985902 10.151326538537145 10.284946913858306 10.518245040713865 10.268055169769887 10.342129715158901 10.582030559209068 10.108284992642812 10.442128658883789 10.819045487121691
10.56854293456506 10.121812761935669 10.722671807923605 10.888717591940587 10.41936106268797 10.113989465524064 10.422255446854974 10.64141955700912 10.032443399952893 10.361138908028588
10.195504798884897 10.295149224750734 10.728291383928187 10.113118257624773 10.294317043686796 10.537984866504214 10.316179833977857 10.284639230791552 10.626264460659726 10.359699863434779
10.034998971406294 10.987181623462106 10.991701585649938 10.130235099647097 10.369715696625974 10.585367622313854 10.008884802171846 10.230479480369276 10.768874648538057 10.025141973182881
10.82130984567272 10.805237952869145 10.253612359725832 10.57165445943897 10.527340014174893 10.705104794939672 10.45161218467394 10.316769542003655 10.82206706039914 10.716872943832104
10.589176824698876 10.652294048102654 10.254179516786266 10.486387246828532 10.346435134816655 10.218499772083472 10.287403360138226 10.193192842857082 10.408143619819391 10.791009806607438
10.383672477404067 10.38726785246963 10.04371398413262 10.241879270299798 10.971012171688947 10.586361717860742 10.70172995170225 10.114324647546333 10.784447789329333 10.984800264211646
10.662440789806896 10.70541896360534 10.936414091772285 10.281843970805493 10.300508107071385 10.47392235691757 10.472555088837428 10.076163803641252 10.050321772501402 10.79451852847777
10.099468886442052 10.49272453210425 10.73748938460228 10.565079578577514 10.232864657096963 10.709342306910179 10.542643574540532 10.940182902285182 10.50776486728145 10.832410357043905
10.49749936600579 10.511955820329344 10.416797896895945 10.13476221142763 10.078134217875405 10.588424757962258 10.79829200038153 10.013369383248957 10.156751058369405 10.829897585720861
10.48279455576947 10.150546529089901 10.300724915725876 10.395509338505844 10.524804854503238 10.26956349936217 10.166521936857885 10.924912858559395 10.095923124168264 10.564040878107138
10.526119029635236 10.134197738599495 10.29628184127675 10.3502314976992 10.284841412338793 10.540472275185245 10.853040364195504 10.742267466090377 10.70207436308962 10.84614497772164
10.917886831488069 10.182678449295384 10.910094522066862 10.811793293467959 10.949906643420404 10.473963829758203 10.741305120689944 10.025609272421903 10.975839577954808 10.551727645464947
10.820448703268871 10.837763328488435 10.356662887734965 10.615862067463965 10.855909820885962 10.869628338030125 10.55760085767781 10.393491358026312 10.073009336004223 10.93065858855429
10.31807573090483 10.24586522834183 10.772231126181792 10.879819373351836 10.048779113947804 10.551116778380628 10.066610594767939 10.953814216432963 10.244956831242837 10.29577681033949
10.955054288604444 10.35095889389082 10.198164190718758 10.090163156629181 10.022147883807165 10.407402655714575 10.31316292560559 10.886239725461966 10.220050092388325 10.531498448754329
10.892295051685903 10.521266806390614 10.384357911330124 10.172476018552342 10.336582673098112 10.836541109177427 10.363368686193416 10.491172692255416 10.330967337150327 10.527749586721693
10.89895283404081 10.07342883080015 10.730516344596754 10.071938922527554 10.68729055188858 10.980855986928946 10.545087032709983 10.045827817375178 10.369014668739421 10.669037623699158
10.63185517788526 10.901166969762508 10.550840935162462 10.819823852513581 10.448276631850225 10.795077320754938 10.344556171453789 10.932233129734755 10.492466014929938 10.386774198086629
10.324273709321934 10.59557529605528 10.863640103726578 10.606811241328035 10.249154462798193 10.728762036103547 10.712187884626573 10.280954909785542 10.376331347717874 10.711372628257207
10.217092653332138 10.14802653701964 10.697563667080091 10.254893747937887 10.127846646733998 10.249525760771371 10.97318689420181 10.066654585164791 10.83866168219982 10.888575651789429
10.008212881103983 10.844329077474674 10.424693950544999 10.356706138563801 10.217974256875939 10.905479516773028 10.063165287009165 10.409219569389144 10.164495524126153 10.804466780702558
10.786676646361204 10.033357890601277 10.409813318037115 10.618154275380217 10.571674383872919 10.39821842222385 10.728756466865892 10.192184164770278 10.35194325349993 10.0013408990425
10.45123579069648 10.531205766440923 10.66516478822255 10.934115922371777 10.462883281599556 10.689288261384954 10.289993198216557 10.876640510205435 10.18291817301435 10.970850608477837
10.411765449826628 10.902373960048656 10.659407616362325 10.987793513811573 10.56687568604069 10.42392320304529 10.77462814081396 10.13512002126754 10.85900919521294 10.643513480109227
10.43702308743806 10.3451824503508 10.714843810151008 10.68517688479824 10.55129064755726 10.559795381409199 10.752492139775384 10.180417974421248 10.504425983734789 10.219805522874296
10.018442611272679 10.505782082453795 10.988943590789985 10.594078127962058 10.435945953533523 10.263118313904243 10.128973508735498 10.773896739219447 10.9889620183532 10.747308119799545
10.449201916747157 10.785546584020157 10.926678604825042 10.146520052374438 10.173431145023294 10.011601725914467 10.964963246576273 10.840718153331236 10.134958761467205 10.973450811643062
10.328870486488725 10.870853721929866 10.860276338264875 10.576044041544144 10.690772174741227 10.243904006709917 10.184759273584575 10.10866822733862 10.923575278031224 10.445614606473725
10.398424950518793 10.878001354442363 10.87853009638472 10.486903608240873 10.600500781921344 10.319424318513262 10.718421182045235 10.045237307988847 10.153457612201223 10.18354408865342
10.629187389222691 10.82250812568853 10.980344505506542 10.287384864955278 10.83747615577967 10.095768166441918 10.852484926356906 10.54468829804007 10.048445011188605 10.800097051419504
10.71059575716905 10.197317193056161 10.371226589104857 10.106132915430093 10.656613704957632 10.007200505681938 10.895977709053264 10.698068485771474 10.233774440558507 10.725994917078483
10.749421968125121 10.981910452939571 10.12534419510715 10.401905079934426 10.458139987104042 10.441734773484814 10.262554681088215 10.213909512252496 10.848153806881555 10.21940785929935
11.469213521680226 11.546069216881415 11.765015376129236 11.33797040965769 11.466751187193136 11.624947667718923 11.4855234536762 11.114856537730015 11.791004228721565 11.934772331508995
11.810357525817743 11.218348260930604 11.930824439596474 11.79781898489787 11.476330541277296 11.509141384121692 11.788641350470156 11.961602736654566 11.707627613410425 11.27862554153955
11.384396225407398 11.769810149412052 11.437310696215313 11.746457947187857 11.576802917668527 11.510508765124891 11.973534033443807 11.712236340283848 11.459681657910588 11.833022362365858
11.659329002864322 11.069554220441505 11.006149915220323 11.703961040690897 11.3804809480997 11.485446678616126 11.479743737226508 11.23324750920485 11.612935021373975 11.924213100217909
11.109082351734857 11.84258202624699 11.0693315512427 11.851828411612818 11.531477330310594 11.67164012762875 11.903686086114588 11.895631830815475 11.550927345263313 11.821399174863055
11.8638928268248 11.45370828730875 11.827227977269716 11.019340734738861 11.743644810360491 11.249354567836503 11.21546550578563 11.557877759862873 11.97852749827691 11.108248230285032
11.60895249932167 11.905207224715696 11.255457248202664 11.299414641569678 11.303702107348657 11.216889776712316 11.560299748400794 11.6258133661595 11.098827195355666 11.086810426198989
11.175417661767549 11.07634230131877 11.574789024940756 11.267775134412101 11.757060920471348 11.258283830517177 11.250210118131816 11.764850016575798 11.771926739613834 11.017694619376975
11.608003847047073 11.658651462123245 11.252881400083067 11.624966588357385 11.302863611958395 11.251147068613406 11.045748655590561 11.653763432408896 11.214692355037515 11.643128517751988
11.462234866098886 11.21376376208034 11.396343267608698 11.650369612907195 11.528474119502157 11.511118006390154 11.379080638770578 11.044583784992655 11.824341341203274 11.805253492924237
11.74545976688896 11.46564726061226 11.245594935523592 11.706638116602157 11.356863121521481 11.993155357313938 11.889075014350894 11.417339602907639 11.131719601255783 11.288231307181812
11.66059683973168 11.95469441509651 11.810472562452084 11.420608196198165 11.1358435859877 11.618126342958481 11.714651084740481 11.981356428636353 11.666476542477646 11.960131710071355
11.10993870461177 11.848230435813724 11.716844594245696 11.30467462094441 11.416921965953728 11.018460353833792 11.941089322283876 11.419712037024729 11.178241286509532 11.252915426549473
11.566105823165543 11.295295674910754 11.387154604942555 11.885917676418526 11.232733521673065 11.104673183380118 11.510064137400489 11.046586301349993 11.565715437412738 11.33303875660427
11.294345354949165 11.710444003655178 11.392378075545881 11.747059270777827 11.242856215888082 11.454118973347347 11.71064847515497 11.348028649027848 11.457794047788381 11.521326911298768
11.218939236250787 11.702479734730154 11.409106215127679 11.824919924045112 11.463595529830915 11.076309873677019 11.066450081332219 11.8076396856402 11.434013169854545 11.611952419214914
11.748736631485675 11.663315010925324 11.74120039403908 11.382853195136619 11.99158117918169 11.280594239922484 11.352469939556563 11.535487759204658 11.71052382308233 11.412905646283518
11.223112488826377 11.886381196731985 11.946671209255648 11.001189536443789 11.065316005240991 11.280069716552054 11.521450186040397 11.28004837499681 11.925260501427784 11.733668765881154
11.998453272937825 11.283311566266693 11.20123062844985 11.89469000264452 11.452894594888166 11.631614389294734 11.228753553925634 11.620975091478991 11.682984190741523 11.032441225300273
11.583183170210095 11.555091737536326 11.662567674523272 11.752184956083726 11.805815901196814 11.410263079014978 11.230666961211588 11.43012647395052 11.346537065878671 11.310878907607902
11.241097714909705 11.995839123531583 11.134161711584404 11.937862912415484 11.654126879438834 11.124374813631944 11.335046741732107 11.417647749108802 11.34217396727778 11.6176901518494
11.541216055321932 11.86323527343142 11.7028482718862 11.336122400280601 11.841154173886151 11.226796337677714 11.525153095746575 11.820326476183753 11.969588110254357 11.655491342442916
11.938477541352373 11.541936148536388 11.006990661367999 11.855668652756965 11.689035351775239 11.800313817919967 11.905203372985639 11.065325158557153 11.434698949780906 11.643104930668013
11.452490625685313 11.110689449148982 11.22671667004578 11.82991469189354 11.159500609325569 11.680014859373909 11.855589466039968 11.78127626116135 11.947023448298841 11.386145958763022
11.27842285830297 11.65918121800536 11.447099981988353 11.409148996693192 11.916358920116197 11.21079451889056 11.190949569746971 11.51127288145946 11.213232072303382 11.773577894519722
11.950348767418518 11.998734351681962 11.480381515176346 11.88789717974907 11.023507212006322 11.768296993513792 11.717592143279965 11.292290383101854 11.312150660112358 11.921341125399321
11.796425214611629 11.68692523831962 11.623435850979142 11.554097139703625 11.119738479687618 11.542376448783855 11.748484994354095 11.23994218896752 11.629985092771408 11.403703926382093
11.518742823043375 11.408136555938999 11.828919401208793 11.593915678610468 11.222022231912288 11.293102232035256 11.292626920631953 11.956250093102785 11.472019214907904 11.37932320648295
11.018334649136333 11.291313682569358 11.868241844449932 11.299173426765384 11.823247306074885 11.442962689979986 11.557711353653602 11.954454643098362 11.930693625638767 11.565917631525288
11.115458931743277 11.22715357265337 11.82515651846005 11.968452181497154 11.997753994048628 11.020903584258129 11.435299396597921 11.065098813411144 11.19016572681449 11.53186321274876
11.712890399123781 11.397165466119572 11.571971795690102 11.586200475885477 11.715565047776968 11.382958965537645 11.949094306721465 11.601097694036557 11.372657420432104 11.444962508565375
11.669654866685622 11.227169298816694 11.215868138436125 11.427816161132224 11.22940681657211 11.012410655100215 11.490327406778524 11.768800724094463 11.298715048383118 11.491272802496765
11.226649968813991 11.71162694091372 11.15841920513144 11.947185114988807 11.050867808792606 11.96468374042929 11.618828948830545 11.722823437550698 11.736665725966722 11.596500549769722
11.114265129766085 11.359648549552528 11.763134111204229 11.63403036198418 11.814974034395442 11.036716397709073 11.431291650688282 11.783461872485674 11.278905947138174 11.7484876299802
11.41392057110349 11.92862036946777 11.377764107600827 11.412340708454439 11.965795655082474 11.57861902545015 11.974893037611261 11.628719851718534 11.405177218840672 11.234273076392759
11.106990264540594 11.130324914428149 11.892477600565181 11.721892026921996 11.227289013079588 11.05147740813186 11.978299787692809 11.9034151488977 11.404773667381512 11.024773399821804
11.870585345492538 11.813458793356446 11.242153735808422 11.76936002299202 11.879398675904591 11.196693796679533 11.674736456282952 11.273649811836485 11.037913047865011 11.623074593803256
11.743001630941517 11.895012848665761 11.469453078238981 11.843791625374756 11.893597009581576 11.699963554378748 11.672987765247807 11.817421396138457 11.356636287318642 11.150585749208577
11.533256547107417 11.883599414650106 11.671595585999489 11.806415769922477 11.526750695796595 11.890643080680576 11.489768911215647 11.05573020189218 11.291060545098082 11.693903045285467
11.368156907900351 11.01616129079565 11.452639303694651 11.333223171019812 11.387826679804062 11.651789935208875 11.366821764684424 11.37074083205924 11.079195905616498 11.842342121004314
11.213976650538635 11.324360826642964 11.31735710445727 11.609841812551544 11.716959769481758 11.867587522971842 11.562472623077987 11.959049592954537 11.597573915208802 11.483001903644794
11.06343521811007 11.820242938051418 11.773531291627704 11.554521214166966 11.417402661228824 11.39637064842589 11.21245274413583 11.46268082065809 11.183479048598135 11.811340411815992
12.305727076552653 12.107529388932193 12.085729658650207 12.332175097584594 12.602593377247162 12.425329820226214 12.708880274140606 12.594999986720762 12.753597736375836 12.888110441897332
12.489465582378985 12.203299655567193 12.552614945635877 12.6792118023347 12.23585600718002 12.786609703819792 12.037915136492552 12.223326799954506 12.372505529506851 12.108785319850204
12.715294072499503 12.016132746630962 12.59692802904815 12.097214974595689 12.100074845265585 12.246465933963135 12.662322939208355 12.727824223212776 12.939828165941213 12.533090503545692
12.554435667541076 12.54544123926803 12.675946774883354 12.208465633534153 12.418151804024518 12.225072056121201 12.929749646939522 12.973515531260784 12.207488706927311 12.986860393709325
12.057579476242624 12.42025957818632 12.182061727896105 12.865982752135865 12.109397150901644 12.873260336385606 12.053766395812447 12.80845744946372 12.846664955148002 12.236199629322984
12.799332471927368 12.31482103098058 12.827850281382739 12.046493739178832 12.897568964735848 12.885853492757619 12.953669793060982 12.738711032784376 12.02453406634233 12.838009738744043
12.279233827726353 12.196656072977158 12.045527785978111 12.150941116424809 12.346539134217016 12.034336755258114 12.47971857082088 12.885467751216726 12.768297973054212 12.687631669636101
12.481380490597248 12.367588889824157 12.302879672520607 12.321327211358202 12.781130045964487 12.772594835940552 12.200180665130997 12.760294986513372 12.961217331634545 12.963070824605635
12.169527790254987 12.138931790919768 12.900838900035184 12.435559782867035 12.923258207145675 12.729586406425064 12.220604937144657 12.012877170434738 12.883409376897161 12.45854804843899
12.079706555319436 12.482548072541386 12.303990576211147 12.94727413316034 12.734993630232184 12.726562893411794 12.757597219304543 12.526885299481606 12.8580872017576 12.01362505643213
12.662667712888299 12.565558355545942 12.724815033444044 12.03228991052598 12.286472499014563 12.62129844873659 12.040672485332996 12.931871447314958 12.448962745643842 12.386673946183972
12.346675441795819 12.107719470133382 12.973896563594915 12.127448638076148 12.661885459277084 12.718446610042614 12.786198699021828 12.333647934909498 12.26205200215642 12.954910893359951
12.438299112905108 12.599446636156182 12.268230263982947 12.894236711379875 12.763234925109689 12.327368045443201 12.02489733973141 12.366882835450742 12.298589198174946 12.712635461060822
12.084003468802775 12.640743360796439 12.102879143977047 12.605118483131534 12.979559214883903 12.883493542736549 12.594795226914679 12.269168537504813 12.876773534171004 12.302869361312535
12.08573195106631 12.765739269700191 12.61042143962928 12.584296033271368 12.747340170396772 12.666539231896802 12.58903464760375 12.746257463060404 12.85836938664067 12.076565439573217
12.53467204844673 12.816024728965846 12.30885836788971 12.489218625570887 12.052441056740083 12.791838924920935 12.504770432719084 12.827302043506297 12.579605392328162 12.20236968333698
12.012460027526258 12.133557183224951 12.351028190228668 12.20024750122718 12.509895084757936 12.765991788176592 12.635864009146422 12.533694627225438 12.870349661524347 12.626106916102811
12.649826980197957 12.928755562036441 12.494319811354874 12.902230877498058 12.228026723196535 12.384355118161778 12.32670493562269 12.045520360060399 12.555277341837353 12.633388329041118
12.348836205696745 12.212789817249389 12.99394920697153 12.555273038084698 12.718721879876588 12.208182170840857 12.32384729088274 12.638872749355514 12.147919455762583 12.034795218170103
12.514263271762042 12.689423702740832 12.549732903423166 12.527730096283037 12.48526391530413 12.849076877490027 12.470972474256461 12.181628919527636 12.183440933876742 12.657891805117504
12.328303865835316 12.208621373657449 12.696762421218482 12.320596384607532 12.010252307830635 12.066700550267388 12.063829962657021 12.564152448787354 12.977216327298555 12.183900589147811
12.894759297962116 12.472144296341344 12.594384927344056 12.370249946606107 12.914066562202246 12.464233545670309 12.06624129728537 12.457325651169281 12.06035636623815 12.152400064179515
12.006374549330129 12.03433564003808 12.83327193023188 12.150415811740112 12.372610849830405 12.760007758079343 12.165081359392588 12.038974481476792 12.225013880991437 12.621165484437297
12.212438696178092 12.596126627730252 12.523093560002579 12.681722019423002 12.113271764481624 12.091146571450707 12.968601535752843 12.319926105611572 12.934413616856702 12.909683871706665
12.721580360645508 12.68704441010258 12.747507863756425 12.029028608045893 12.669872840327354 12.137266698099415 12.013882583964133 12.894546370541654 12.816086870839879 12.676471887977108
12.233501397754113 12.061815687595674 12.261050138765114 12.056594321952256 12.11876443350695 12.563726592868644 12.209078325772564 12.002681570348482 12.39084602158925 12.337776064319124
12.422080498345549 12.851724466822823 12.91908528905881 12.151836193701577 12.65415836732468 12.691031674481982 12.248580183518998 12.899467007256295 12.83290777161618 12.23545308865412
12.64084882137806 12.41244215718437 12.965667638489796 12.117636416036087 12.382934046264799 12.377839453395001 12.469082535257686 12.603785338692383 12.757002731911092 12.166144922313228
12.204644761380122 12.500699039006637 12.987936753860861 12.348388583121876 12.333336711174994 12.965324052405947 12.38687042287891 12.411218426513384 12.67495110124459 12.280570139747226
12.58767797589196 12.183370332157935 12.938330342120324 12.63086754266817 12.094703090195729 12.72234429876258 12.400680822278824 12.661920223569142 12.712561760995008 12.926697921880585
12.357281212549331 12.141335844799544 12.812639083916219 12.937220175414508 12.937319129849218 12.350290052508864 12.805939006304872 12.469350280988225 12.687253150803542 12.931109175616633
12.638236010253536 12.579557159193694 12.660012364125148 12.791631669852354 12.601015762650018 12.009997717786703 12.616509268032443 12.324435678205406 12.260481797985141 12.178622693073288
12.345355822415701 12.637496452290002 12.846943607628218 12.086001079418766 12.037336437697276 12.712563769524744 12.018191015393374 12.895485184077115 12.113106368424262 12.408526335685128
12.512998545935275 12.709940652984216 12.89574711460768 12.009256333921064 12.844692757415343 12.116116313441369 12.04422528103424 12.578904557879364 12.84975434870206 12.396831290741085
12.71946496869661 12.732342087110428 12.60271618798344 12.921507807761555 12.041658020859673 12.554422086869534 12.936156992378471 12.117179649257059 12.515600365429423 12.30896110783991
12.563380198792034 12.59495836169088 12.750257030275646 12.266816085229939 12.591405952457439 12.461039972547423 12.979422056293883 12.452160211961864 12.033193262021094 12.576687375057002
12.602253969490809 12.357036437553646 12.780549169039757 12.548224703949538 12.20563138693843 12.706494964967218 12.38296970728431 12.525931500437148 12.304687333013545 12.170096997260465
12.892697446983462 12.469826259912539 12.34354503622819 12.510293955557366 12.98256893991668 12.40068047779399 12.3351920055363 12.034167363478417 12.520764742560088 12.296205751263395
12.887592943963359 12.372242163553652 12.795363495593046 12.715208185157064 12.262556917656427 12.546561613378342 12.62164073266085 12.9366056482297 12.544537120154466 12.009939365099045
12.636342396238451 12.385555583117785 12.958456831466863 12.83928047867129 12.18570154478042 12.385541884207637 12.86881815006135 12.54808981985507 12.347756141806077 12.823121385265326
12.016764975228519 12.046762743447864 12.794565289690459 12.141132208291053 12.107435303957185 12.123979652535207 12.396209154683113 12.18651697586919 12.946852192079252 12.448502508531304
12.695998386789304 12.8305167509366 12.945766536833172 12.497897972312149 12.645106570093853 12.951841682607236 12.957279359244225 12.009188375194991 12.274879122874315 12.32752714339431
13.095734741490633 13.516158224396495 13.306361032798193 13.211534784083982 13.396289107780941 13.289020873041203 13.049124352366857 13.897760341543115 13.917726428477438 13.524375794972547
13.325266132684503 13.361960397190792 13.165502980925591 13.946864371156273 13.569486085210228 13.156213621420509 13.517669159062606 13.078658132820783 13.70244251953465 13.089881452689463
13.673230560262876 13.30888965577801 13.852123892822302 13.87263678532715 13.010673718441438 13.5523639676062 13.50676306878982 13.817979194643465 13.143796586027282 13.725363525349202
13.222859304628438 13.909757859531132 13.892647735344699 13.486087448577885 13.583163280155965 13.019574255616126 13.349292310185266 13.688241683050597 13.702018699251127 13.829538687531127
13.711286593683162 13.778523582493314 13.209243198921117 13.062705750710599 13.0801576375976 13.932220867905311 13.308770870332564 13.952616394429334 13.477848036927183 13.065871412910882
13.204567019471671 13.493724330612235 13.92099989903053 13.991907018638045 13.913865361284625 13.90608743184726 13.511116780239254 13.887430939684625 13.246566817342057 13.920555852774996
13.148055639951664 13.937755150610782 13.519677965009306 13.944789709548653 13.654965270288846 13.485050272958674 13.396956442625033 13.905791618363109 13.814702006486721 13.263437583556158
13.09646962444513 13.581240007490406 13.060916915218083 13.334078864033179 13.092561894417168 13.529761543516983 13.34142341956903 13.147296640014407 13.353764958619202 13.309381988201181
13.977117917236981 13.753483732082382 13.104474604007494 13.53374642862141 13.176640141009711 13.560538027512 13.07575664260989 13.457301816944089 13.235124186778982 13.19278413421578
13.219433462196175 13.203485716496813 13.344804996215075 13.944821195751217 13.899641948056148 13.454067178949746 13.375909344035632 13.043461620214796 13.647342443134244 13.403136910642143
13.948174313386824 13.431902963805172 13.66579766516788 13.045845978469721 13.606500234647092 13.072501239810896 13.408829339696325 13.419842828383349 13.938659455690296 13.82799052232301
13.718699556411208 13.246461350852316 13.02864598771907 13.825720553264878 13.206752604338407 13.529063061221711 13.726165192490829 13.835460306905471 13.787492853395669 13.057538683794792
13.830927244108533 13.598542295069697 13.53556199671706 13.440825869390011 13.439821144582488 13.234598706094518 13.325119760872658 13.243401286424609 13.385711426686573 13.821867229777832
13.032419488129856 13.037056726448634 13.908512467552816 13.998021003279643 13.434910412316952 13.69587090155266 13.442360419750496 13.960703340348193 13.323986772253834 13.060139673874385
13.677116194472383 13.560424955548847 13.763543322957025 13.174129170759842 13.858097102988234 13.273207627243266 13.872785482064513 13.662868051651351 13.6248493200964 13.716334849993348
13.989281956089293 13.454796374319868 13.557936593077011 13.027796725726706 13.577036320851247 13.979940369935846 13.00213509992125 13.868492731066642 13.784393143068257 13.177383786587571
13.665088928892075 13.025982671746151 13.127883587191038 13.131158118772795 13.952393385512861 13.599552721463365 13.380654099467511 13.920275737887676 13.993239031055674 13.528589912092762
13.377911175136754 13.316481198979144 13.835161864330551 13.789734928952916 13.116854008771599 13.292397760786194 13.34211039613058 13.93301004568444 13.2248561942057 13.913097793523463
13.91695374979181 13.753094958490832 13.597196342398966 13.075726993735739 13.287718751069129 13.79915035441132 13.76442680451458 13.734664414671345 13.246258976066132 13.115065499691118
13.339508610122328 13.70380115292177 13.408721837649429 13.071732364521365 13.716130121074158 13.862872834467069 13.779094271980027 13.403926016433116 13.042165165794312 13.611382208048115
13.140271753675409 13.596596832260742 13.37601673043557 13.711499656172897 13.071509086564925 13.578857135345995 13.848629844401064 13.240431229350964 13.696775879111279 13.278671372395097
13.60024790466959 13.233095331093987 13.105453224917873 13.967235409767152 13.238524405528986 13.737550414919854 13.754972761773043 13.479256817852596 13.573391914309822 13.428468341157396
13.381221792916682 13.00178683551284 13.596965071290127 13.253230231712601 13.530856485117333 13.792794488401967 13.582441506967541 13.617318965907698 13.89316127563943 13.995959506216437
13.416110897895981 13.460252629293205 13.255345490828537 13.98227439855137 13.871762627553327 13.923101433969478 13.23712198202982 13.60996833120456 13.058506699661878 13.985359489165111
13.609425230582353 13.866977907452593 13.89259546036994 13.751275023674504 13.535172779942632 13.082605532147378 13.853723856671342 13.75109641959615 13.509040192736101 13.480027627940085
13.721882419348486 13.024692431603029 13.460536799913784 13.59437139041291 13.319737053821896 13.606783597142005 13.045463469492178 13.049177873686055 13.848764065594366 13.42707835759975
13.412214208002833 13.937830524356421 13.08372923955347 13.784357385664675 13.323585848066005 13.633405658830167 13.311727975625029 13.076143307385983 13.414399111829766 13.53698516376936
13.27314145699265 13.634328559741807 13.82714996488234 13.275448375217794 13.964402549505595 13.283735136573092 13.461072550261617 13.641986457219849 13.796254261689375 13.288431459499492
13.59441036093857 13.136059176939616 13.266222701816936 13.679733759623069 13.695355471135034 13.304240834931235 13.000315611397536 13.57017021839308 13.824030446550962 13.209378138718385
13.746496360666734 13.949288091037312 13.146051159800908 13.262710061571406 13.661272625481306 13.630035573741775 13.727622535902336 13.342075390005105 13.02077802177491 13.468551589205266
13.962784376007505 13.589061398744597 13.30901360440227 13.715548207628231 13.6953371155348 13.52892234096522 13.488455876611036 13.374072493947802 13.341142523212795 13.189324166592305
13.14202653955498 13.736285016534458 13.090907812679827 13.707447582196705 13.090458336932052 13.850995284649159 13.579225817269775 13.509708833722398 13.035380556060057 13.534044562799052
13.242558130711766 13.524333373194937 13.755986675863543 13.675229144538553 13.957012069148151 13.044245051532874 13.395936034494728 13.018307905101404 13.446176097242073 13.796209130042888
13.417179585521172 13.294740203884432 13.379943011383236 13.491894680192999 13.868690323556521 13.577151187717755 13.047163540340925 13.637498147716528 13.72061624465566 13.985123489223485
13.978137835069505 13.66079625960116 13.148164677881265 13.423765954786754 13.917365624313367 13.477973781219411 13.814563971989386 13.864610837297358 13.102640457307746 13.467296965131604
13.39873919145009 13.788743830099728 13.893487338164975 13.442681402892736 13.840876723451856 13.803671200008072 13.410106804321426 13.627428523841138 13.037841532169951 13.118281461598066
13.99340314187888 13.81688221855385 13.010450859159434 13.514359382998256 13.977338175665775 13.888483168200823 13.885896031995518 13.688462184828422 13.476765740932764 13.568675416271645
13.391144073268107 13.35456966651892 13.637067161009778 13.898345961462773 13.936939273453087 13.295770610011965 13.066320529453888 13.151954782585891 13.787064158413843 13.632350462949614
13.976402197266257 13.060239653683437 13.253808451262854 13.93399626660338 13.896331858705203 13.06235589490051 13.338133475517582 13.445436124357567 13.68933705128574 13.970538558975647
13.74180864246966 13.617682875074308 13.004527306222185 13.86885056875022 13.718835703811862 13.341152404637914 13.224731457450366 13.287307262833586 13.804765464944207 13.762279029619673
13.433966407767274 13.69364413967933 13.065050868526003 13.331851726874547 13.921169366746813 13.127220970477877 13.137369116103804 13.781146913675604 13.261239707046533 13.36303265331287
13.007885019921133 13.051034350681729 13.07010064177378 13.338523148602748 13.15771626426409 13.80958522682818 13.11740490573042 13.701875416698982 13.443400851684697 13.085312014849121
14.598672929934464 14.247677353428898 14.833955851526023 14.716022401109356 14.018065827162248 14.69433969393014 14.917155326901856 14.767369904181212 14.313659571621304 14.727368845289927
14.908945228455481 14.810536575831902 14.569000939043326 14.483573662223735 14.752450815680291 14.965083627612472 14.8978899552685 14.68351271129262 14.776822776317344 14.910858416410312
14.8637471559289 14.432963658960997 14.301205760491756 14.651946959631715 14.100588675268426 14.308924625270137 14.515403265758042 14.676013134560801 14.639545748780327 14.721632394658336
14.946351246647 14.293967188559156 14.813029539549042 14.701310288565605 14.828302159852493 14.367757892184903 14.508056149462806 14.196833886698565 14.734659814342404 14.338183726852103
14.970910775357824 14.693230150251729 14.900695326476269 14.44997089417571 14.327244097454464 14.455901826049022 14.768912405407175 14.337966610915954 14.474857725918469 14.99169533856518
14.422620136950894 14.686148374803022 14.030850341339256 14.380407318058545 14.73831017607025 14.500251074587634 14.570459125735592 14.975051245699236 14.283724274362104 14.64516570096005
14.481846260393054 14.595182299778386 14.216037106128631 14.689864369282734 14.379243493082818 14.744805033009515 14.69336872768786 14.77545899809361 14.166282417669734 14.574865088989092
14.602879636647412 14.17610111183104 14.522001600789626 14.280053029389721 14.729990810848198 14.457783320934817 14.79393647695186 14.370623987398828 14.84580989987257 14.656703355343465
14.025861303092 14.792164744357663 14.573633958485214 14.696703782302738 14.12216675574306 14.179715355942244 14.31043834880369 14.344401910004214 14.956521283159333 14.627379252541601
14.925549936419564 14.360975863263711 14.569377451785968 14.230532673241264 14.436242417162916 14.151174669546931 14.467049544577145 14.314970514645033 14.368780330350496 14.132971116753161
14.434502090954291 14.705802183043579 14.05347729287878 14.255378686375531 14.20465320394753 14.608637860966518 14.673623286021947 14.577304450689637 14.78891116694764 14.676582066383336
14.490674966434632 14.586911907550634 14.266825653756056 14.618777718264898 14.301891477802563 14.988819478359426 14.357150468483626 14.269720945445496 14.851638061883403 14.015561053831975
14.148277421698998 14.383292947607618 14.61386816552136 14.930087935836971 14.952916042064112 14.541432125887072 14.090834380910433 14.277691621052963 14.370057086192308 14.47459609005926
14.531867040835321 14.618579497757208 14.286672487175833 14.77963983908221 14.76609879440598 14.92643659777643 14.732268179375412 14.490462701583494 14.664302417496867 14.573658251975413
14.211320211627262 14.207753689878613 14.597548195862274 14.840539885958373 14.381788757706202 14.526390917553435 14.14417592128295 14.18356215698007 14.722318664256907 14.312527623486307
14.21161644162939 14.077010683292563 14.136399474602769 14.977123852926617 14.685885839072883 14.102521571230998 14.278671075857414 14.268659475525281 14.699114910388449 14.10274532805289
14.75672670856839 14.264990523994198 14.614265647915134 14.638173304948138 14.261177330669835 14.182787709425583 14.866225286501392 14.690272529830224 14.10740685692677 14.3427222479379
14.128478289619709 14.20229840509564 14.678591558596558 14.723567516158448 14.951205429724448 14.800189696718352 14.347130275068636 14.702335948484262 14.508010395671567 14.051312798564451
14.801172191530261 14.055116505242339 14.171346854318411 14.808521121535888 14.068521346188161 14.31840969761628 14.743053333563513 14.631859477330453 14.473024584253945 14.222875752838947
14.685264094024927 14.353367040723803 14.521839557573239 14.450311020156532 14.150003932062758 14.135060541533827 14.11813563136093 14.668976167151838 14.816286974908852 14.524278626174064
14.741347940727449 14.098039050075549 14.817952509508082 14.32404487136869 14.652143883394633 14.93099691476955 14.851136071492215 14.19083352229906 14.625550831801489 14.308293711829387
14.887187281876983 14.74809847046608 14.193232247969867 14.170950489576175 14.785010281531632 14.661152685214876 14.884689236135785 14.249877855819765 14.496216810619064 14.557461864847289
14.49720275691155 14.649641236940006 14.487145684218307 14.896142404037445 14.99562163519029 14.970801335630963 14.46371680341098 14.891430777936252 14.245639814080322 14.681553677534858
14.478251780751686 14.377117585081825 14.417996123402403 14.497242650554382 14.02180728669031 14.062416201536848 14.566067939948447 14.85542693417049 14.761231398777145 14.974462741108164
14.445690118988265 14.737983748711256 14.688855671245332 14.069783664853198 14.763945022780767 14.195627567321816 14.138501684206458 14.509835143077403 14.239193469637637 14.736062678593852
14.233435220179608 14.816917149801942 14.701027763826614 14.04116379879001 14.58539551083276 14.1443401233001 14.867078069253306 14.560488223666091 14.06122382837308 14.482762418676632
14.96160727000444 14.253588159657943 14.73243714924178 14.461192015997103 14.072853170318322 14.094668201273297 14.47506350377612 14.095895882798606 14.683719157142166 14.550800339299961
14.100140936249726 14.757510739121347 14.709828295407444 14.183385220353838 14.935320538639141 14.330751522858797 14.809619567420945 14.242274701629547 14.849303460524311 14.526464222190642
14.693079482499058 14.622948024058335 14.813380601894412 14.57237253459619 14.648866051247674 14.839359405707633 14.228132863675354 14.056718483592213 14.533996168889923 14.728552498882989
14.408388781376605 14.528099012758432 14.025931962582959 14.447863114516622 14.815825830529226 14.565152087381804 14.023814810801253 14.951508116320355 14.856140103932457 14.421347801632434
14.70376095096333 14.540585514251411 14.316498595712359 14.022990580736506 14.882545622611959 14.26898657513394 14.8090274957067 14.052641135896307 14.024667496431992 14.957448049018069
14.907378222888385 14.085517992160794 14.439698674368529 14.318948671030245 14.015953045930768 14.263039745595028 14.959990048265174 14.230880877224612 14.395160297509605 14.78552108846251
14.663215470737082 14.502905409326008 14.18110873928929 14.585137235255733 14.009902676455424 14.584122432202818 14.684439535296535 14.900622673386106 14.103012391608136 14.529170154794052
14.841396866714286 14.283811507415365 14.013038908520645 14.354637145513973 14.17854994371924 14.525596646724315 14.889722145682018 14.836421601421534 14.539861189393042 14.779844981759345
14.27702465233855 14.35373817793319 14.455432003183642 14.183847142988322 14.826574789555115 14.29134619189887 14.263631117257958 14.960230865050866 14.150530470173862 14.24160600561394
14.100709857861677 14.427012871036476 14.919330152069568 14.024737769402378 14.366645062634833 14.048420846451426 14.598350415724058 14.148629677781024 14.250575223946978 14.316075785112666
14.380705122528637 14.603748126074148 14.865675107476298 14.34863871168718 14.30627199708435 14.753102681480447 14.951536496648465 14.375230857698623 14.234781512656076 14.420328338921273
14.85146178686971 14.410167585675948 14.699179208386468 14.28721717424321 14.622151290522863 14.75726783079922 14.577798120184282 14.421133994018836 14.283627503534007 14.245380934815481
14.46086071984016 14.189914434217942 14.710403218481638 14.378999253807311 14.720617822282051 14.369696330400219 14.689314717243464 14.651301594447677 14.459471601620558 14.08023596781368
14.225105369482318 14.111698821323646 14.706718634455402 14.29261316501613 14.26175862304841 14.90592999834576 14.462088045317678 14.045830024433792 14.60574392482361 14.913983451644627
14.443038753161135 14.18166013082954 14.986753005933775 14.799594226051708 14.68281926944845 14.361206593263487 14.872167725148072 14.754795495907326 14.447581912983562 14.36197850348325
14.863415331751035 14.973978416378184 14.293382934293838 14.170897315872487 14.245530423545295 14.424141322594869 14.467689169432747 14.186496104318426 14.535657421106498 14.79148559247506
15.275049918211636 15.922676215677948 15.681891267827321 15.579242466225944 15.472883535072217 15.966737205003524 15.90076795230597 15.20759115620213 15.240865205370577 15.585997983503
15.009880901500104 15.623755622184422 15.776193527880404 15.300177988607146 15.511513013378922 15.368843536792351 15.107050774309275 15.940809548912664 15.613838263755627 15.267717847876211
15.287862037202075 15.204303484923702 15.838161016337418 15.909167811962988 15.742496946692972 15.47189169891421 15.853824970557929 15.865872857288565 15.155346633249202 15.717522661545264
15.706838081934162 15.16712903232812 15.97524830173844 15.653886361945043 15.663923383807502 15.882035178920878 15.293517718056966 15.877097417125134 15.480620349636025 15.796811089621642
15.584890489020163 15.662166594406681 15.02022468360208 15.077148071612811 15.558960517194475 15.234242210480602 15.799769328527962 15.494967658418553 15.159744216491502 15.79470483551378
15.219912964313808 15.26869145414867 15.57228758580735 15.316550124134462 15.94751646819218 15.817101387139775 15.947772515465946 15.140095983429102 15.162852004776882 15.759096287056286
15.442367552620324 15.69790211829448 15.157803430355944 15.305127368839408 15.080107715854343 15.276891566258486 15.077080532140023 15.780821476214825 15.89637675312522 15.58601511740822
15.431384083890672 15.399277700859 15.79610433026081 15.039401210699468 15.379622473215647 15.555749759041488 15.569579930067892 15.087785797051163 15.676694621999333 15.856902545449575
15.548823974759365 15.635117525455406 15.614018512069011 15.816558441705855 15.458745989357817 15.562585869747632 15.24189796573582 15.650824850623247 15.119858651613841 15.64892093748485
15.65598497829262 15.887721813220297 15.793105414197013 15.723665327700575 15.154508711132276 15.569904255093896 15.122398827236987 15.719220382131224 15.628606377258592 15.673800799381413
15.82675543731069 15.397819821009366 15.635005000144906 15.994466852281022 15.521452250671652 15.921186482060099 15.218468011477352 15.152676809070748 15.30641910468972 15.103478472889401
15.70083329702274 15.569256836425085 15.050119849032429 15.142233078796183 15.334134743585034 15.221385388043865 15.618464740509275 15.857368377527946 15.927212606772096 15.746566504622823
15.650835233786513 15.984903640028637 15.298382074416512 15.992206371945656 15.869091745468028 15.86991191072661 15.681144184376425 15.42220061547911 15.320473521012824 15.982318697049475
15.015586085875277 15.886666667771056 15.401589305267521 15.039513344834093 15.395033144784405 15.136931451523955 15.988236319893094 15.161340500217529 15.805678205990287 15.125111766913186
15.5045740383336 15.405890741657387 15.696328074480062 15.56610101077432 15.30521867453034 15.238611396990025 15.84607129371695 15.459502454294178 15.31511286892691 15.972609592503305
15.459584942889043 15.270026205202756 15.474564463171177 15.984621680829987 15.41296296361943 15.247092764566679 15.170637415514685 15.55897427589611 15.097361630501663 15.927863737361713
15.50111637520349 15.540963855115791 15.363422849157132 15.212645672233023 15.91355626250715 15.591433824474828 15.656349245307004 15.527590585079595 15.489466783741397 15.72592879959075
15.549669553349212 15.496842499614818 15.902470935844256 15.994657959857312 15.53514652206692 15.234756430201264 15.86931576082892 15.613600776028472 15.106944037693996 15.838542477365909
15.733902509329589 15.592439834820599 15.890083572881784 15.912664415774492 15.677042530722536 15.921607095927989 15.806385190666623 15.988548702231753 15.928434401426838 15.678581717256096
15.045501037707668 15.516636336687075 15.272396377316024 15.992678738713936 15.91431442352931 15.702536606373227 15.08517808825 15.667919794478783 15.474891313058727 15.835018446990421
15.1192136066416 15.405178451060857 15.249334803809552 15.91080127981544 15.258467821453936 15.987644384503094 15.169307646784167 15.29958441359743 15.509066587961312 15.497752176232723
15.378651730642874 15.912479976406383 15.560690503061739 15.61907187442566 15.459447590889038 15.83799141332594 15.356751079501958 15.343260485617757 15.145020848599941 15.691905884075743
15.245157141211655 15.950024486263057 15.607817054773639 15.990945597501788 15.4465183764375 15.957145809195556 15.965729734808075 15.704749497229194 15.772922061211766 15.847974227637655
15.737381219892816 15.766733524589766 15.757958077390347 15.775392099863751 15.595019510472396 15.731603962641215 15.617456064917173 15.114107254319586 15.913108386846558 15.955775300778768
15.750438267825816 15.687233078538451 15.29135260613284 15.64667023749281 15.811079928884729 15.72846496476502 15.442813231969994 15.877856140748158 15.735008864457017 15.157765076557517
15.580933062730253 15.199198989710723 15.48706430766018 15.546317852493074 15.713705626390626 15.784692245003814 15.71267465826421 15.225621106588672 15.058885396652169 15.155344684373796
15.92130245500453 15.355928652508416 15.131051248751703 15.390487609153341 15.307944269632422 15.410862081713956 15.9194985374913 15.398088898101689 15.827461970975486 15.457860859765919
15.975350301031785 15.253137475244392 15.676561203034119 15.818241642529117 15.156940859236792 15.832888402049234 15.909521697098178 15.175988895114125 15.244440461801856 15.97873545031752
15.516323252013576 15.971000802502164 15.627852627366762 15.196704824453628 15.925600228311323 15.960366108472579 15.79693048320755 15.472039637219064 15.559896583460812 15.160348461647716
15.417222322146413 15.118071828238465 15.76698217137362 15.992107170351263 15.363370618171958 15.705554825177217 15.178530714678816 15.345784438345579 15.198952735917157 15.025856100531797
15.306248283140405 15.450440572080641 15.241565993533916 15.729886494968715 15.975580540868565 15.891420823491105 15.532523207823473 15.75436845468067 15.018416028177276 15.852088061531997
15.74243943599219 15.898023082682286 15.498741768096625 15.673458314256301 15.287154497260005 15.94248139377336 15.628996502856241 15.123126727246012 15.702849799515274 15.526202741194002
15.449906065831977 15.343973398704456 15.634882264604805 15.57440907117332 15.292874228148152 15.313490520496352 15.631772114822667 15.464020767689215 15.021541914137307 15.786172951679742
15.617214143751637 15.587945556442348 15.883497171732861 15.150318724080241 15.434203769085702 15.27715311256184 15.423834431781753 15.24390684735276 15.603873564663356 15.771774344854844
15.845642660940882 15.328237306628607 15.239967113823973 15.478957310465137 15.615184317395418 15.463601963814009 15.932243370126145 15.064380149435813 15.343378580757463 15.242071524076309
15.716619871169504 15.071773315827736 15.500398725721686 15.376679848828333 15.9395050577171 15.555809719438866 15.75506421404453 15.369177150832433 15.507072559602767 15.585570625623866
15.18684218642402 15.067864835948852 15.61553569978001 15.425828819717237 15.855737554565474 15.536991472620127 15.75910159630453 15.972702708098195 15.522807638981448 15.85706226873989
15.084729568304654 15.761282699637311 15.606575714880144 15.887977059499736 15.200570783429411 15.637596100228697 15.17759753226129 15.708751957143674 15.697106603078758 15.254287110510779
15.913274552390792 15.10505269904028 15.68610515343625 15.465499482529648 15.03602959994402 15.042081699133336 15.214120389104641 15.158411062178846 15.403737717009784 15.076609001676022
15.510839872390145 15.102471991204197 15.841507804967511 15.459908566070135 15.982741239024703 15.72773572545854 15.964031595143407 15.890592141307907 15.134917545325795 15.327154065712616
15.547095681189662 15.781498641570783 15.5187311408795 15.741454790167957 15.414055626443801 15.900836803426303 15.06443994810364 15.995924503079921 15.14980291512013 15.28141042710203
15.85400276885317 15.013883330115213 15.197919042316201 15.323982141510449 15.273058746898656 15.829488833495123 15.67112569503944 15.834308212617385 15.396115494098181 15.301609343442781
16.510803410389084 16.328103333080684 16.405269355893875 16.190857202501338 16.468265811061485 16.31417106467275 16.820320429541148 16.603474859983518 16.748639994186394 16.42316208759595
16.326933764483957 16.22861784827971 16.05761803291519 16.18789886592143 16.029537622196795 16.499680581660186 16.222008559669415 16.000932242866188 16.026938486025347 16.7956620322314
16.516931601763478 16.275971522169133 16.311171509636303 16.065170370480793 16.32566336997157 16.12205667978159 16.12389427563313 16.803516940438204 16.782552525469196 16.902817620807554
16.069671118609456 16.142451619285183 16.60509299254317 16.897891818688283 16.481783329476812 16.92244286869151 16.408152446570895 16.909548857972887 16.763741100115112 16.00900812526911
16.411520084712553 16.0647959942676 16.688460605624606 16.78745062007432 16.601350764927556 16.25171645119261 16.92710989265487 16.724461344979012 16.086747252889257 16.598517934995566
16.400915478077334 16.120395703457472 16.60463591095502 16.15474572820701 16.40176126442661 16.6926364049345 16.869255456889608 16.466341562083382 16.811199760544458 16.42830537365348
16.73699241416031 16.049705235388682 16.162535474038833 16.223689320266523 16.962961076962085 16.864643460635506 16.736928527670276 16.18809491532471 16.66263950643439 16.762066429786543
16.36200636755756 16.131451326141683 16.46003782442011 16.539519006957974 16.090259986329542 16.677829189037507 16.70328804637067 16.676110618592677 16.4745404950046 16.65114682651468
16.059210082846352 16.038133869832077 16.729260534127956 16.864685983119962 16.260321556223715 16.84763887478231 16.66844470568004 16.212641095947344 16.77092342119181 16.988456608915733
16.945561369485464 16.009777241869127 16.66330798641222 16.28764145116422 16.785108342680516 16.854374112376416 16.050798947690176 16.75502908063703 16.09221282769074 16.89998434868683
16.01124823014875 16.889583129397124 16.554046294820544 16.313136470303984 16.052777581186938 16.068430411995273 16.105642770051908 16.866963974274153 16.822967608219376 16.722960243898264
16.92274924239532 16.074844057766562 16.94336048412058 16.476091483601895 16.925625118575386 16.00348048219927 16.563056920190547 16.66578609287129 16.630247138925377 16.921467349699135
16.468352039229092 16.712115332199364 16.067165034661393 16.237221290209934 16.35976875307508 16.59866090106276 16.40329248138837 16.75927190419265 16.21351132364663 16.33376040653986
16.848206722489234 16.172251350968686 16.481275844900264 16.6330822790645 16.404069418528962 16.76352586210719 16.250518693431413 16.222242660556496 16.027070363031463 16.85826308352689
16.38669742517791 16.09665287276242 16.80833485487128 16.124831356914296 16.109663529047303 16.7955126204968 16.853524151919483 16.897777971369646 16.418299800728256 16.247841065792606
16.64289817371968 16.932235404262638 16.270659359959414 16.03066387933779 16.787398029056085 16.551455986984426 16.45127771235446 16.94295134664894 16.2613454014961 16.978276917370227
16.61299275414225 16.643629222207544 16.388644931636428 16.75166928975341 16.067522276334213 16.727960121346612 16.086914265336418 16.521126140443638 16.517212049099744 16.02382048595539
16.132756270231674 16.184496319869485 16.069782118181617 16.077873814253845 16.501426450581842 16.288972393718836 16.558562436855517 16.771368676970518 16.155437571355506 16.85029239979981
16.402623803218486 16.756264970940954 16.009183249317392 16.26181677250136 16.984373263445956 16.93462027902779 16.180450501879978 16.762993480086877 16.796597851033237 16.517642900185205
16.054730765032506 16.015825805559107 16.416604301243556 16.295546267810007 16.134527941427265 16.698308835537226 16.70201652032291 16.62531502346609 16.123400991215682 16.665402365068296
16.4709566534774 16.300719875644088 16.203267699705588 16.150959296433687 16.328749658647126 16.907395253022585 16.003535130123872 16.68813030285231 16.233955175938217 16.48551960074868
16.33191179078497 16.911117141196243 16.858444989853947 16.323615574257616 16.339295119361232 16.167748546320517 16.789407993278353 16.489213362969622 16.424917077348017 16.92020384024663
16.145578753726898 16.265597012000264 16.852970008179465 16.240311613134523 16.235650002344798 16.008580471664175 16.748223593414323 16.31620193396393 16.473743316482267 16.063236402280097
16.865682949968644 16.778692047040906 16.884976170923565 16.287727270457474 16.288127036576505 16.828637450553195 16.183577897633928 16.41986518637706 16.995405564609488 16.600581592336887
16.586671040045754 16.991752982971107 16.070661462575018 16.93338884124045 16.238748443258913 16.748836283722838 16.161185534013512 16.735147227806163 16.365040722521474 16.56192187011648
16.69539835287475 16.427478950374866 16.046383096654846 16.634195550989805 16.272493908850542 16.53349796116997 16.81385351527919 16.399997917578997 16.587568617061834 16.334005990400914
16.098369706204352 16.88809393609754 16.232598146252236 16.658119212695716 16.93859545542964 16.47939852916421 16.722413514459088 16.297370136138753 16.249921054027748 16.927596588603834
16.134867527854393 16.236430443139117 16.387947198402156 16.230823183861656 16.825670825810576 16.878951596577025 16.701814744428063 16.443545221474647 16.780916746998763 16.713622891915087
16.26588821279648 16.800013509945728 16.304102520203998 16.41339663705524 16.002713323950935 16.58412985904019 16.899494113291425 16.189933028519235 16.96583461814379 16.02530087553041
16.409970225729648 16.335667834723033 16.637971549711754 16.125826482198335 16.6950209158471 16.277508501138843 16.718217174310077 16.732597956347764 16.39336469689063 16.13901473467967
16.021336385263133 16.354356459803338 16.604687491896197 16.762022565454764 16.792905204843258 16.195490238605963 16.646295415899665 16.374021018317737 16.95594669280914 16.62832429965295
16.393013011470533 16.60419323368078 16.547883179063977 16.858084029455462 16.09244691575799 16.34888477595746 16.881038133984177 16.84818985388091 16.962774785614915 16.066363581327224
16.765585832058996 16.66826699997437 16.326507671678993 16.44108785373457 16.47076010644189 16.30323126629885 16.511213430837582 16.999299205866272 16.968298346211498 16.619037483024282
16.25697803699343 16.180610576255557 16.40151063825391 16.619154848648627 16.91042010702868 16.574359356742118 16.654027629889406 16.345559050076524 16.25636356928775 16.514848224765107
16.35419570228541 16.779008240364288 16.440812303120875 16.996197663848125 16.644251060463752 16.87559629878749 16.072659559810667 16.91538525196458 16.567819029009428 16.44005298665073
16.25660406734614 16.981149155277645 16.98494894334517 16.88098823386194 16.006033745198895 16.236783948502552 16.51080863405777 16.019252792620634 16.21217726812167 16.036459349909478
16.092326942451752 16.02781565727069 16.104612530269442 16.48754316229657 16.486486712665222 16.27003396827632 16.928259909078843 16.825511944271312 16.084634622037637 16.272918436271475
16.383277961699683 16.92338398687286 16.23908848400544 16.32297373348233 16.22681771918957 16.154211303925294 16.491486437251996 16.204419281366324 16.319380758990867 16.123018146542986
16.876736868543297 16.41307344160769 16.313565659902324 16.363676018048622 16.782091544325766 16.773909984600568 16.129276411568306 16.956555748735077 16.67777890177706 16.766272100411058
16.33700499654741 16.164399705101665 16.403798343072662 16.017956713083873 16.57959016250392 16.60670812384804 16.59689016399803 16.367857166891287 16.20289271748476 16.197035261201275
16.27236041317454 16.616580166577478 16.337117254415094 16.052942743321246 16.537353509420747 16.585428344853913 16.773049149419553 16.85495910417017 16.905329704783515 16.386367216379735
16.111264593301573 16.678745705320235 16.705918575477046 16.86907110114583 16.827410455501347 16.15377126960399 16.639983682163805 16.055870124926724 16.092940377237756 16.912148532861732
17.616647796833426 17.00139566656145 17.418231708169916 17.682887889575152 17.627192020135467 17.920949613162836 17.443797570010656 17.059675332572 17.5601557700036 17.620098125613985
17.495347335122062 17.924382096579627 17.542629902220167 17.227717971955595 17.839737550553952 17.74386669382344 17.60464767076387 17.98569972625361 17.93139480172602 17.474229905697477
17.20674352770181 17.380738611269468 17.322580585678324 17.604536413696348 17.44516347338566 17.217120648647654 17.32590802278398 17.951116916407607 17.55487427300513 17.324138101811972
17.963808615032793 17.173917360455523 17.667433830355034 17.467744520566743 17.217186583036032 17.62796245408283 17.64894800122415 17.69328716992196 17.0942874949862 17.085852911165887
17.242754160427893 17.764629806733392 17.58084701343702 17.071317178870192 17.672135317003075 17.584706752567527 17.103874093506015 17.029189791849106 17.320282781338907 17.483524590644983
17.74396273159083 17.323790446706493 17.09788947666842 17.0418553124531 17.06481516665671 17.105529061279213 17.633170029893623 17.68234061545723 17.09369824517301 17.41466387485712
17.47476789237593 17.60445392988501 17.682843937786195 17.501491178577826 17.08492376617762 17.76574333340809 17.20934445769427 17.233846882637994 17.518443515487967 17.519005051020237
17.431952154043177 17.275337795475274 17.05343246458913 17.238299491643406 17.788104549608235 17.846601594672304 17.578273336480226 17.68819688455108 17.864762335545056 17.06468244647974
17.345142754341406 17.912046097652325 17.987901062666097 17.141067352491817 17.519290530991984 17.524436767935804 17.508399089470096 17.174409435654983 17.31967742723238 17.64486373098987
17.698969524200017 17.662220863121636 17.36776630113578 17.613647668170508 17.370369924359096 17.886788245528475 17.839956511683862 17.41705477533163 17.502818046453175 17.825976333750862
17.446641231888268 17.06261278531197 17.150457183614186 17.740561429695386 17.363406503432028 17.412221874681933 17.369877786087063 17.871963179560616 17.373680107415993 17.52851153444641
17.94811666090496 17.747719584407516 17.64717666542902 17.418994614481843 17.26121906587853 17.436776797864777 17.774775578591722 17.172922886480233 17.681362717503998 17.722641943600767
17.908006316929722 17.87734857510938 17.568707255041062 17.569673239380734 17.11010564286013 17.37174911892422 17.03354652390612 17.44625911214785 17.315649373696353 17.85467290468622
17.335004980233183 17.038363823892908 17.617051565326566 17.591216192503303 17.99443385809604 17.637893859801668 17.948761957943812 17.48674250222578 17.444826766205217 17.022566332442317
17.623782128609733 17.09010710725969 17.311988106792707 17.957436468264348 17.592159988158983 17.668751606237418 17.228852313068856 17.542968547633404 17.737410758375614 17.358384327321655
17.421265371421548 17.510510725210693 17.00435238115237 17.031564246522226 17.171704755009817 17.223260841246674 17.660631568555704 17.45235769506103 17.666827481605154 17.579287094953937
17.53425651570494 17.4883385256386 17.665400144681126 17.232893737210574 17.640740731605803 17.636553990866823 17.88507936343815 17.55159879450415 17.21600202975287 17.886680537950344
17.999674187722203 17.508216903251927 17.804949314665997 17.992444372993592 17.662937034723413 17.271017684686726 17.720729294999195 17.551484438250007 17.030593030434844 17.599655700444064
17.8858939050217 17.904185965470653 17.83923235406034 17.28054554860917 17.794288707950294 17.753614698838245 17.21885358116899 17.74258148320171 17.091251143374645 17.581533910487156
17.06526078851185 17.682577659693003 17.05974708911218 17.389586895688602 17.979180354713773 17.999532278130566 17.12136262988472 17.030080086183883 17.49087864711573 17.58779430841658
17.313607619917175 17.407403323348742 17.532224506511298 17.57143944568481 17.588776284238627 17.128974649804576 17.892555739493172 17.375636973918763 17.694649229136274 17.763699756855814
17.70037178521836 17.625517273415472 17.343610438441747 17.726286793402252 17.809789899369644 17.239025144885368 17.35429188069954 17.947359220732785 17.338865197093355 17.23747117181808
17.45864695965607 17.91216095400957 17.50628963773457 17.73597008098762 17.50739412916531 17.354749537828738 17.343649058579587 17.295681071385236 17.878059629626424 17.8799246046985
17.822330955673234 17.320741988681043 17.992388910472727 17.051740585125252 17.427340401925544 17.465016176160315 17.98368399606157 17.035303980197014 17.234694931774502 17.077246314038184
17.719664045977144 17.70765751518182 17.104734015332564 17.55793733712176 17.58273501936985 17.263904064653737 17.690591912982182 17.127266140513655 17.637093524260454 17.736326414234743
17.579247581659416 17.910543133638978 17.070878752467777 17.517108725831694 17.03197896104655 17.436226327259664 17.091626061067604 17.929368365049896 17.471712846996887 17.611216291407725
17.7745640864886 17.126557882115627 17.0766764355978 17.989135891602796 17.71583687520152 17.116898318488488 17.582919320394804 17.679526115324098 17.726521284396863 17.507357191733288
17.67269037344866 17.559364949303 17.218349262684054 17.640785047360055 17.131316652121416 17.543043915882294 17.378333104368192 17.16017724743269 17.292146403586848 17.542912351127157
17.707031869762304 17.675628310850396 17.157281901164975 17.40972696599415 17.00398485496054 17.132397937379082 17.98124195432214 17.580820202698302 17.42387829922194 17.68260971916538
17.03535811502885 17.383527676243126 17.798299891741337 17.348454575534017 17.73262264851095 17.942391711626605 17.02047483882824 17.531373076501175 17.285870201562034 17.42088414386882
17.92416645781258 17.46954187206224 17.596589397454004 17.89186851163041 17.752963102818608 17.07509116136837 17.12732461273398 17.47574823450345 17.012462444953456 17.1928322054677
17.09754211174175 17.511223602179513 17.225403308212076 17.213874402005516 17.460998902051937 17.430807582924487 17.86858391076733 17.150364140344557 17.77206669610535 17.701726373744005
17.560444835298522 17.73167833885443 17.2291274743641 17.662557619690734 17.3894840850149 17.817757704598556 17.895071149690246 17.336935760323335 17.1262101442504 17.441865845922763
17.33808983561585 17.337880017376598 17.945128842081377 17.09291251158567 17.710377461161915 17.789777996789397 17.198298198030834 17.426580175991788 17.588007445235647 17.78978362601903
17.728274724558982 17.454845144165798 17.732175082807963 17.306364955663213 17.18581393292739 17.405085688113964 17.300155605377633 17.569964373448194 17.826476277203554 17.862821774359805
17.933742695397868 17.949209488704835 17.300329785324404 17.51623162945425 17.58359649714812 17.02584025227042 17.020228411168137 17.805942726180213 17.889844085217405 17.082494098113376
17.796685570174038 17.050196150294703 17.432439552173904 17.499717518997247 17.561150282100883 17.163334575344315 17.18920473328038 17.62204895293486 17.164532995450315 17.914666006212702
17.09513579863072 17.49774468157448 17.43411709491406 17.785106739309146 17.68347518400388 17.52269570213468 17.899531130398152 17.8706087909762 17.407211811296328 17.426310229441757
17.857245760018028 17.954228307799244 17.389087428271193 17.225613196789844 17.733098880893653 17.82279351924482 17.0288501059121 17.743540376902693 17.02364079147521 17.139481582978966
17.108410673642414 17.03838152070381 17.449630975992086 17.70021618655335 17.778721778781097 17.623553422136677 17.338806811452137 17.699648489222167 17.08661265468052 17.670360404646157
17.67008345192469 17.711586133117013 17.505478075424225 17.481126329530653 17.657633731049724 17.449086224773467 17.270632684789522 17.396058445871613 17.23083514507125 17.011029950693803
17.18830668177183 17.95443059214742 17.27486099424146 17.244848188594066 17.986672952709878 17.569149215571308 17.0367311578179 17.059168632383386 17.207959250349113 17.19349273613961
18.672927022055024 18.005506755852018 18.10261391489034 18.459790683361273 18.517214890783432 18.214724816356558 18.97965654352847 18.552036576079892 18.281110146869388 18.821833793788844
18.991760502948384 18.637904004208306 18.064454568070648 18.34181583084534 18.389276938897368 18.03036281398468 18.74986739002977 18.069495379663707 18.86432484097614 18.37506814905211
18.082370632959297 18.468089160419733 18.724235252509605 18.066922517307063 18.494277171486864 18.683917007387837 18.283052363267284 18.787686402172188 18.525470395182456 18.778856316552606
18.04045749840864 18.52624088078958 18.510492237607398 18.00747536457077 18.92939696016675 18.694081154404344 18.056395986827937 18.4823816505425 18.156858070804304 18.98084705494393
18.719109275842136 18.869173123053308 18.936651901057463 18.40817309721158 18.2010918217421 18.33148208434512 18.718725868811813 18.634866781324302 18.33936098830829 18.806952638384235
18.35644242295643 18.94240123926375 18.130498189172393 18.83659418562458 18.021425112526902 18.48693380362603 18.04803744314975 18.592805485603446 18.57498648786522 18.342539813277785
18.947676796546265 18.455464733938673 18.535817392697787 18.58007637009306 18.927042542787262 18.470833197797297 18.745529843216243 18.127068427717678 18.609274705858386 18.294621107511503
18.326811350968242 18.436235086838632 18.45349200323901 18.768416291251018 18.553361493679166 18.053751687568205 18.860232947950355 18.107777704563066 18.806445750641544 18.023068430112122
18.036259153010135 18.79064715973086 18.8798163221659 18.68608457172634 18.810645998384445 18.626334616890457 18.51291277452384 18.85070194614833 18.85287464025798 18.15818358644465
18.1816704095049 18.482259724169147 18.033678451349765 18.507124896330033 18.856927302346115 18.046077752106083 18.99068646849025 18.998678776588438 18.65233590238194 18.379313043299632
18.31344481453192 18.432566490234276 18.026848713750645 18.50256025497368 18.146186501656903 18.651944442961018 18.4812613888001 18.095103644672957 18.421759335079358 18.14837541756066
18.493961468530017 18.452454485881205 18.38640979183784 18.799002869905813 18.777944056961353 18.620784618757384 18.55266132511203 18.473995971133625 18.809320481113435 18.060093287072206
18.72631271392487 18.17518455511708 18.976959932098584 18.626420815394567 18.293622919257306 18.57090470394144 18.633567712351663 18.883149681919548 18.526036670282107 18.27742742162515
18.790418504413456 18.75240965193048 18.262344948725577 18.003944022282006 18.191126345772645 18.29983041936877 18.9619629549024 18.72593396852972 18.024247796779672 18.00936164606814
18.788047633442524 18.380841853046746 18.590178382763334 18.24960723926062 18.07546565180267 18.190342509258034 18.824716371631624 18.75909646924773 18.266162067323155 18.605073707145475
18.69983255284091 18.885142036180543 18.153268403044972 18.040568992576873 18.17159825864276 18.999411065143146 18.065328877829508 18.027223122073714 18.525888038192843 18.9830619243945
18.443311407036035 18.13247533906835 18.68438744417463 18.92527603886246 18.115610191359462 18.029996932285176 18.27660085649494 18.21124085090542 18.460034966779872 18.388520646737405
18.057967553923735 18.98911631754894 18.556821352663686 18.832051730350518 18.559858959980286 18.60024372193672 18.382985896582145 18.08355172745221 18.694143794430186 18.93283284676368
18.075888358474817 18.54578734916691 18.403172067753854 18.816589339700062 18.30265268219774 18.995888933004597 18.34544253900614 18.514220973169188 18.81213753550234 18.774264048574437
18.037882952427378 18.08548846493084 18.317436097801078 18.833863635634213 18.837585586495102 18.900442166136273 18.959423639044047 18.282399527216548 18.639005937298855 18.86071336910399
18.735661301430454 18.59796374648654 18.187044724289287 18.951205227982488 18.444002403178644 18.527601779898944 18.46209928789843 18.589254647921162 18.88653762799817 18.788743152560794
18.68008321423412 18.864313280386003 18.307054128572364 18.08499445027526 18.068577380784916 18.168422323083465 18.29397237718927 18.620651820696338 18.72969037673949 18.906232490418656
18.67076436121586 18.25239058735526 18.58086910244666 18.943046579257825 18.217144927099316 18.651942456604065 18.5768154819449 18.200339308029825 18.416867927749273 18.37017119489361
18.15882878587411 18.340435230306323 18.81174729957073 18.490809998104908 18.15230710090638 18.795502021962623 18.956562596758605 18.641224891936833 18.138805742777045 18.490743596962727
18.41579750062746 18.48792038937552 18.665964386422637 18.487653055756805 18.72069865405299 18.486104812816205 18.52677872136555 18.430413241825022 18.71393178431931 18.575484699296318
18.73910642901771 18.117008175898352 18.2491504899427 18.718558953105504 18.7869616531415 18.736335832444066 18.78408242414602 18.66303493384446 18.147065792619173 18.313589100825308
18.008276851605906 18.076590559217934 18.11728675784931 18.688398347409173 18.280446551776468 18.25005773228685 18.488012829934576 18.913705451881842 18.315375344473924 18.894204179565268
18.653171362582167 18.30806593346361 18.256653220927934 18.165642185356955 18.34451657659131 18.52005234866564 18.999038096493344 18.948994354933138 18.290974705358128 18.870658427385166
18.383034159263143 18.595298211039726 18.754248935801392 18.928080208258752 18.674314415063925 18.770732633050752 18.072550773688512 18.738977200842108 18.561904896783467 18.805101390872306
18.056237974967996 18.391292536696913 18.761586896025225 18.946109445424725 18.322303902938426 18.61593830470668 18.194762337073076 18.22332087374812 18.429076964038885 18.94812836902506
18.628067105063455 18.204786985900675 18.978152641109432 18.56386798244068 18.60530519910204 18.789686391693095 18.687495088782317 18.283085272953954 18.48081714935057 18.32191933844969
18.80780894012029 18.388117385852013 18.37218328418451 18.73245059972083 18.153696386834124 18.844739475607966 18.890203446051576 18.122296388524 18.451778321776885 18.232652138153632
18.068297959886376 18.800486927004908 18.31186891153497 18.587598969464985 18.934945878797336 18.340126045299296 18.27236804077258 18.74171406219372 18.665407767637642 18.77398893214477
18.146660464911232 18.0634303769601 18.958346588591088 18.615151930130473 18.26928505347505 18.84991189620033 18.59627390924302 18.22982460944632 18.205545348690446 18.626470304965554
18.600014248438384 18.67214157071418 18.159499072735542 18.626167203356612 18.05587686204094 18.28459574578089 18.815778999197025 18.42960383254101 18.84310474390629 18.53704348957643
18.97611512361746 18.48441172093857 18.76358434328083 18.890689550503733 18.766468139909442 18.303058238004553 18.381463850190237 18.568185493838193 18.6369720870873 18.49793355591001
18.21724165328919 18.98695245989658 18.854424368087543 18.454286417842596 18.809050862596646 18.270065151943896 18.695849033416653 18.36442788412054 18.553280001591254 18.687511081930882
18.04205906592612 18.36784971158233 18.777821644550656 18.85402204591718 18.79518119920875 18.66562599714787 18.29685981975466 18.256789307220487 18.650812415521944 18.568799823276187
18.85086512246158 18.55976456897367 18.470189490962575 18.48440618339174 18.824548261014563 18.059368966416603 18.61275971359619 18.75964053167145 18.073590040470314 18.2396842332587
18.09071298853381 18.697100232359475 18.230510265776807 18.10119035616263 18.341991527999603 18.81341974783824 18.655275173255113 18.716798847082632 18.746808052634986 18.547629375505604
18.898349229167895 18.452468488530638 18.2558669564155 18.657792803511036 18.427686879622055 18.587541119467726 18.27289671031415 18.357956482711852 18.28619839547891 18.64903719733464
18.23976694230952 18.842169634498372 18.292513683715015 18.634502155260165 18.209376318811998 18.21831050732813 18.37540637409936 18.43959595619739 18.059662258932452 18.031680977404996
19.641029648784418 19.2294704875939 19.90149761330898 19.49680835698461 19.812154998536922 19.197080067610575 19.663902807944908 19.27561953752234 19.749893023376845 19.136922714526772
19.80191690037462 19.141129546396222 19.870915481256564 19.52931083556386 19.565634376318492 19.148012536503114 19.406986434916515 19.37812198920869 19.29332884811025 19.994900631233964
19.61864913372214 19.87408156318329 19.74724901379445 19.107981828643833 19.271204939177444 19.06598084018423 19.597585999875793 19.601445159263985 19.908659103562936 19.11383601030622
19.778275420423633 19.6775479124347 19.72009780573649 19.37084417630863 19.587711619053987 19.21755577275042 19.082999137477856 19.49509527909316 19.0881155139194 19.2845340783547
19.189270847094956 19.027349139144086 19.56921153725733 19.00994431008163 19.5123456951399 19.387789501833417 19.585033350280316 19.86822674389991 19.257455015096845 19.04251770946944
19.347091769893225 19.657026682176824 19.35223981759443 19.669650604518633 19.062802872888177 19.59544858190128 19.981147945671495 19.515238708418334 19.14498784716419 19.828698170467085
19.144604814643472 19.77082234897787 19.08642049217488 19.284700321756507 19.2327343766944 19.72729489871327 19.1928123040436 19.266755840051363 19.143446003346238 19.66384381538955
19.298288963613018 19.38602782218176 19.045991874124784 19.91609196807175 19.049326418864837 19.43862425871386 19.493638942107747 19.33416283343773 19.33627854377202 19.614270332360736
19.222888022181735 19.38924540572563 19.97604250250333 19.98704044799354 19.641712206221197 19.516335322762323 19.80507204865689 19.58334641343689 19.705575430761048 19.891181391028304
19.92886308855965 19.448354875390418 19.607531186588854 19.73106693921208 19.992199667411505 19.03923381720602 19.467490708404032 19.38190829368661 19.983863050851664 19.962104093524367
19.995788711617962 19.908253278122547 19.270170043844832 19.539299160655634 19.927463686965233 19.638114673624127 19.263621229591944 19.94451181297934 19.876209473205346 19.131174934270284
19.376103843940445 19.675634371211125 19.14074312824664 19.33675028315527 19.68050748079966 19.94857440952957 19.91137367682762 19.287003408955233 19.01027594182808 19.190055346454443
19.27084523599829 19.531246145741232 19.063331499355193 19.183387138390536 19.361066904101172 19.658774469336315 19.44497259883988 19.578419676515377 19.096131196102245 19.68053019165555
19.483759918842622 19.415367242455805 19.84206176429115 19.74398503242857 19.085069745778213 19.03191941679353 19.555019807569504 19.640994383269252 19.84890749469583 19.224030443229342
19.97223831568295 19.834969679697956 19.171738824974184 19.813005155714116 19.5837418369488 19.281569787931637 19.07650903025561 19.834976770446424 19.277948751339064 19.14621340365342
19.070686309714304 19.413597789858663 19.75054195761117 19.63206600054328 19.419077964012295 19.002742226543344 19.99353320349495 19.523756565712407 19.836332992535905 19.093243975502357
19.4402348245528 19.724930680893177 19.75345821058597 19.666172234518406 19.631892570898675 19.02184830166102 19.99333974856476 19.64487192966944 19.593021257938812 19.54058594313291
19.90217509176246 19.34897356651013 19.455024783763758 19.882004838272753 19.7268854705146 19.485803274066782 19.25147101897524 19.71649763813113 19.302992046994692 19.528100530271804
19.22343059690447 19.69962875624127 19.923103874071472 19.421677736568245 19.419578427003326 19.930133722188867 19.59307905654516 19.442632014010723 19.853295392778286 19.81334568534296
19.751085205558788 19.6809465749732 19.98779675751105 19.115968088135123 19.92419904199601 19.065795382838104 19.860353032850565 19.202214250917837 19.727848991812362 19.06759112792989
19.727958079737885 19.92668608953613 19.075318855305284 19.212793745341653 19.719338082544123 19.42596610776188 19.457694586867703 19.329722618517415 19.611984525721855 19.098747843465134
19.679050517638846 19.007092546273853 19.517932738761314 19.393431858167595 19.487334917781336 19.091719831443726 19.958297329089827 19.63246589274327 19.128329460717556 19.177821966615017
19.067460221976226 19.563001562331607 19.997551006647353 19.418697311333602 19.919865080781108 19.226891651802962 19.491768885816725 19.92468119960659 19.318742428557613 19.88426956412078
19.793404687488483 19.96811877344074 19.611153983277458 19.10718256925841 19.39254046390142 19.163738094808163 19.35466776604991 19.800908338632503 19.906572779654635 19.597267034553994
19.983568751592784 19.842920294051606 19.610498654915148 19.224763787808495 19.71189457983541 19.8604496019751 19.32696641137666 19.045812870325193 19.78856101799096 19.32758228633981
19.877782370933357 19.556232728233134 19.650506482870565 19.88255703141134 19.369852872220577 19.97129208850639 19.48169818134281 19.2669052141568 19.691080813310883 19.9770338824028
19.179007297802972 19.57030186809659 19.72552391970742 19.315157303752542 19.750374275382505 19.528472357597337 19.96216248178186 19.336009930855887 19.726349405441667 19.466226291453086
19.367911802125303 19.76459358993582 19.253007808279925 19.103666867408155 19.623054897073374 19.31608881591153 19.152402455348668 19.850850400101688 19.076059369362365 19.47025492243306
19.386132421022978 19.404646826528065 19.06478153738396 19.66816374148391 19.038267863225283 19.431279546968263 19.572350364192417 19.430076910962548 19.145787154602335 19.868998573484443
19.53856209047212 19.40987804400823 19.4478460136082 19.917567900738824 19.531406303094897 19.19932274288228 19.399611972326973 19.094724705575164 19.89838249935415 19.77447101433742
19.602062047034384 19.834494496993024 19.963556016689175 19.837018053592764 19.136055409219317 19.97822240863008 19.313840568080355 19.94484108201933 19.15715663609962 19.166408344093966
19.726784206710732 19.248931398087272 19.507099972466644 19.577909134778075 19.832174119679056 19.857982479066415 19.02844784563663 19.68279851188788 19.171065365280818 19.337256256359506
19.73091220213051 19.676151297365532 19.918377092757712 19.614951742473608 19.950970578295145 19.042245567125956 19.16898906321971 19.617151000842398 19.170822963936665 19.262152520164534
19.29166287498141 19.473718330819324 19.09824037334546 19.37560302687378 19.367532179813946 19.263728106369825 19.120027882397697 19.500080631854956 19.218650001969856 19.844389663272704
19.899656700045014 19.98729679516919 19.834391278176398 19.134447284358842 19.98791783405289 19.135791290501505 19.056424668946065 19.374481485876185 19.322684232611074 19.620418642435553
19.867690630983045 19.868224315560106 19.070496911958646 19.710863444112846 19.525552859881394 19.05210318580526 19.697142743762015 19.742846261523407 19.450964472566657 19.47489621814947
19.819854528574343 19.77201424281556 19.238521617248143 19.732591286544057 19.42680664211192 19.439363895725727 19.038155607823946 19.504645343630482 19.050560207077737 19.635929948110572
19.544980167580178 19.68430691443714 19.765624390909352 19.190370944116527 19.102474197453194 19.54833812254748 19.18474403642734 19.1635962367395 19.57088622062224 19.242289232384334
19.403163671772383 19.49973246272324 19.840285498679183 19.24908107606936 19.458281023252432 19.18995398265832 19.126473753561594 19.18150199542148 19.02151709482527 19.294178898542885
19.478010970475232 19.193327529367288 19.719894829927565 19.135357947380836 19.243897320648617 19.539122820635082 19.696731414601775 19.73206104617539 19.60399254258964 19.329388887836366
19.76401396184315 19.067292044054234 19.648043053865827 19.325565776503066 19.773442355913165 19.10493942067813 19.90422660088173 19.698507211671288 19.63878664065901 19.559996917055607
19.194338933672867 19.57860314637736 19.78245144421534 19.871147362582263 19.79693397189384 19.832870151531882 19.626962652528398 19.79212873680955 19.145456182202132 19.545670253631968
20.824613101513304 20.630437379870457 20.4476840526504 20.905854718856993 20.34531862462169 20.970678055012126 20.33614171083523 20.69581721827249 20.83042435314896 20.246892861819326
20.668479119828934 20.49238611913418 20.658023875396367 20.005438973095842 20.784129273043682 20.845638133354807 20.16903824444659 20.59306877142567 20.925280591044633 20.35778324488157
20.582894000871296 20.626443922147065 20.1796168944007 20.272747006006128 20.92167849304576 20.053416928963657 20.48294139202814 20.65680274635352 20.082939482923347 20.351764739309168
20.931715531178796 20.501583648023402 20.053835734731777 20.427660757212557 20.898706589617255 20.113029832139357 20.143133509599735 20.07402346652323 20.21935345672444 20.96330368699801
20.022583685344408 20.427980843079066 20.022122754038108 20.777431804843868 20.315502801031116 20.72704200140184 20.613042234279554 20.002409596458286 20.44792088092576 20.805168084651914
20.19276238039481 20.96373046479404 20.48644714222175 20.192787453092826 20.083910928406624 20.95277844025262 20.72704483918514 20.38890006396352 20.57716939008777 20.208249458837017
20.870194430404403 20.858768971930058 20.466414599951843 20.25574307320258 20.720464386398078 20.577297496452776 20.836432138937173 20.35189319146144 20.482297035093865 20.486042600254393
20.69112325241526 20.842882634809772 20.88885671714598 20.060916509162467 20.565789960182354 20.09191314433921 20.597076017756354 20.29798012926879 20.35399784835706 20.256178876880192
20.50957528119082 20.816333263389225 20.197679959706296 20.60111813956339 20.942919359406094 20.449958546563444 20.43855906452006 20.228194422620163 20.85171490842911 20.65447714320614
20.309629666972825 20.06218468325199 20.639340348165486 20.290126096427958 20.257355620364372 20.694929192593765 20.43864003525167 20.858868749904445 20.528402355883294 20.214723649121822
20.12970256567279 20.071401127804485 20.92913806476118 20.46401146017432 20.776883031849177 20.69891881201564 20.471800914711807 20.262759595164372 20.613517587120896 20.024860266088858
20.958144415957292 20.01087942170253 20.18031786049074 20.853444496829724 20.419536773851995 20.740278816565713 20.732221707151187 20.954671882467977 20.731903830130097 20.12560997495186
20.56851629528345 20.02955922562022 20.6545699418977 20.182502688772686 20.512337888342472 20.76473127034067 20.00396456698469 20.383050449552698 20.36819234322213 20.3120922922272
20.666326561933122 20.7005421728794 20.81992920726609 20.577153763280503 20.677952658680763 20.658910094734633 20.896641195516914 20.028694424461914 20.657200001301753 20.80708997018104
20.830250136408175 20.352781913515212 20.459367200363847 20.1644670009831 20.85607935483627 20.165785729545217 20.043742117697732 20.090806652554473 20.266501720863396 20.173863211250364
20.19151886975404 20.7225472684204 20.817791485142234 20.620502155592828 20.893950483881014 20.587056652015566 20.411597055156324 20.599054307349643 20.942017631319814 20.257432240068265
20.824991099141883 20.823796709193964 20.49205822131038 20.942650845894676 20.14684332026046 20.75090833145825 20.156216180335903 20.721350203020144 20.49330042886628 20.519851792064376
20.47223250066732 20.722251539023866 20.52144648069726 20.046001215927603 20.44401497059421 20.930208830165764 20.237756512444488 20.736958650951134 20.212587800771256 20.454096452717362
20.60674496884041 20.727853476066812 20.816435507726588 20.03122469844084 20.505249267266898 20.235020460232416 20.430920632059554 20.26269766349989 20.639078836287293 20.612803692355328
20.43836784876594 20.575105895474323 20.1412978897016 20.964835366665785 20.17357161496721 20.186172019408 20.70520011082705 20.70898989927299 20.213898788738874 20.415444147463454
20.27007201465968 20.324315218516034 20.638821030783763 20.525859028973116 20.47413109963751 20.618594999722028 20.770626607861107 20.907972621710122 20.31656366969928 20.246796792803874
20.52622463684257 20.825882832667748 20.729376652911814 20.883512819479225 20.659369299713124 20.13234587390173 20.049816375008035 20.406601637787293 20.853295513442692 20.33031385704287
20.705396674061667 20.68459064498123 20.835671595173686 20.109097788096154 20.77611762511933 20.07700048760009 20.43093827987311 20.015587260526814 20.48224513656714 20.55460471732025
20.73951806756724 20.234434091252787 20.06106100684446 20.425738790842512 20.439042229250553 20.545833748761893 20.94228182656478 20.01512487593039 20.539657671055636 20.405515685150057
20.60938418182557 20.283279645324637 20.793639116043522 20.748779175545145 20.042863123397968 20.297424713083164 20.358946587948317 20.558888774034262 20.18148902544433 20.668920077260378
20.247032376961855 20.459869438571985 20.40891808937539 20.55759318680329 20.547115191446803 20.59471833631404 20.67555006853488 20.609937262586556 20.41230369044776 20.832276586860257
20.49931592019123 20.246004403500528 20.31736575362846 20.909481045305117 20.754117690098145 20.038920680859025 20.153603215863406 20.460442567097036 20.850931243319724 20.541301301861914
20.31320690635106 20.009773866964697 20.644122110608535 20.804446598234556 20.033629797590613 20.91481675675377 20.15431347230001 20.009049912047203 20.921931090002335 20.929894700390477
20.98918447764794 20.08025110095851 20.759707348477814 20.535443763366075 20.164866219936034 20.89522022720571 20.4011414522615 20.42585116236375 20.883141428734124 20.70805785980016
20.819863750003986 20.58205733235002 20.703443507318745 20.71464998137767 20.134734200828863 20.168453933865692 20.463689221912826 20.25921697351554 20.750318237725494 20.088337058818077
20.25026843641922 20.044647646469887 20.584742835037684 20.40815076239565 20.69505372212305 20.8503111090326 20.725784034058627 20.017983812821715 20.886081055709315 20.68389065179614
20.75545044656885 20.834257456064186 20.218592639378684 20.997885129976375 20.413991921292364 20.57027040212055 20.58442139203235 20.586775548653925 20.236176283214547 20.601242089949576
20.40023592679634 20.04745551318529 20.285841330619565 20.73272332975091 20.108953998200768 20.233375862657866 20.13914295217605 20.744718693635242 20.953671084689805 20.961955886397362
20.82258512436886 20.428592535572193 20.01974038442407 20.34516417003671 20.498830359984208 20.45980672237323 20.768179077595345 20.504774711085936 20.31145444605984 20.856764569281946
20.542365124250402 20.10665459509974 20.94922278787951 20.96451234982324 20.820027558294193 20.10254165969058 20.17112948018761 20.871776136232103 20.303822651325664 20.30312198940801
20.745355207190894 20.920788190286093 20.296327381367924 20.922818584562854 20.998462921042382 20.501583977627373 20.18907017257498 20.03455399730675 20.44556534530891 20.63592724251196
20.31025880978039 20.95185175453248 20.777861999920866 20.9507471100168 20.82215358745057 20.915992231101647 20.820857271516203 20.51694781946449 20.836573583286512 20.10754109995144
20.944735504956615 20.686678287179753 20.425812323138658 20.924418976601913 20.80778324423904 20.50062524867056 20.746279006292337 20.672783387990673 20.244411933498657 20.456620180326123
20.063469386773498 20.302345421345034 20.571249924258858 20.431826891469882 20.069410648649818 20.584344614561505 20.577935159111647 20.333003206767202 20.517512924530802 20.17825789328133
20.993655032345945 20.612806645773915 20.86479937742646 20.362419093429974 20.276143700972717 20.134840748846237 20.307775700407376 20.81407822889297 20.15676078682224 20.996115070866317
20.32573954410128 20.716030208521286 20.49344010439814 20.822818387811285 20.604118315172645 20.639794602063503 20.6327105943961 20.74378163413047 20.00046412718359 20.109430198223812
20.66265622970235 20.715733050881518 20.03702283906921 20.48541877621029 20.650594875290622 20.1254250319719 20.25633336413347 20.82465440707648 20.202421308299726 20.625938658936793
21.660102999123087 21.670426669789492 21.454972533261234 21.977948107172796 21.36664285884489 21.305386710547218 21.918438421690677 21.26145434444494 21.56843697624256 21.86083774320051
21.42275425699805 21.199473396902864 21.84895773582324 21.817292196486896 21.79007609087899 21.492391476879252 21.92662922863778 21.854089940737392 21.75485382823247 21.000175721864977
21.933878864571263 21.709973324678675 21.083680952237046 21.329355736604075 21.410507702213888 21.701866239506504 21.80901383911035 21.882667902953973 21.29314739003883 21.815706072750245
21.984017961496683 21.711480690547752 21.31636243468783 21.831029203681815 21.390211852590316 21.574596097863413 21.405994002432603 21.77011177577888 21.185244243443286 21.451748790265864
21.841631876828714 21.07281952896185 21.565053520188133 21.3861007471611 21.19263901087771 21.28992160744095 21.132822857627595 21.93725641707741 21.29094334735386 21.760475206567705
21.816558579067035 21.714799465806035 21.79384961697443 21.69298934298071 21.8577828137396 21.432078783118122 21.2114136245054 21.305427209689803 21.605746443960623 21.670948309211738
21.625460415489236 21.19570906127728 21.594731480299206 21.080391394949938 21.711116113191324 21.91222804115007 21.65642701045438 21.045437354948014 21.08676374919115 21.77299376156075
21.62502572775853 21.957504000329592 21.464620687573376 21.342369603980806 21.529603616080497 21.093277066438848 21.55167578861055 21.615971365791886 21.036507957121174 21.766463374598004
21.159512655436288 21.887146428213157 21.303893857708353 21.85523167032121 21.521584747664573 21.472554208916186 21.341213347722714 21.027881306877685 21.387796892066678 21.95972038030024
21.42837475719996 21.99025567854637 21.068787456103532 21.406038286841103 21.14245466154226 21.86064379236261 21.23609343351389 21.96654361117422 21.06425857730979 21.341389958251728
21.94942079658002 21.7568886549198 21.292690453401644 21.701158006954515 21.078531016545423 21.368295385074667 21.48180532531278 21.707773458133197 21.01479363869928 21.342866911514168
21.233583508709707 21.55879288426565 21.326244326177925 21.090489373784056 21.328878477308052 21.545426971994246 21.80002617273327 21.18265740528963 21.459655350657822 21.655169997901776
21.137381818076058 21.693907810916464 21.837549893626814 21.56946504075112 21.41890256592964 21.278148197671946 21.29694319893977 21.544960740408747 21.341529794743817 21.965018204276177
21.285160301829812 21.48039242572445 21.143843210798757 21.240522934830896 21.43806557207935 21.065846047311148 21.082459342030266 21.836529589528137 21.276241682801334 21.287141232144954
21.521699461893757 21.301818364653542 21.4866624486473 21.208359001835678 21.161718463616044 21.312626174235962 21.312190195475626 21.870486730120447 21.66579231236333 21.968354116595624
21.677768098097715 21.165380074208084 21.008625593500067 21.556192738062183 21.852169893782715 21.717907657606993 21.444374382770597 21.935439549393607 21.33757265321729 21.850794482999312
21.176404569301376 21.63100085220022 21.73945005325182 21.037243583705035 21.281697420686214 21.561828033888755 21.736708965013378 21.502667583941108 21.012979845500915 21.405539399960627
21.486572829351864 21.426488443317723 21.282320806905307 21.570205595214517 21.120004093620985 21.43031492777538 21.34184926339931 21.495252637168203 21.335996940896205 21.555409504875193
21.42041327653814 21.535663795904348 21.486860490984775 21.73020742415664 21.349414157950864 21.997137441559524 21.961652247639254 21.807752546014562 21.01671293958485 21.98458527072799
21.12120994560096 21.61326581822652 21.824421261988995 21.602331214722824 21.51576966257134 21.08366443448127 21.19455246735517 21.70159822501451 21.624946527037224 21.503700334339435
21.56592259806387 21.80934686195998 21.899893703925745 21.04748920156144 21.256355450552007 21.092255735108555 21.458744846179975 21.319552120003916 21.026159715750982 21.210610802338397
21.388982998881346 21.35609377358582 21.17201004287114 21.69909673641288 21.244169742267275 21.59509259038778 21.50477854660785 21.074960635478106 21.987505678896405 21.65287996290505
21.6205265143341 21.21874435139909 21.330983794613054 21.35523692647207 21.460781048373057 21.698758484397196 21.146435537450458 21.3626385933043 21.276384582337343 21.61769818226927
21.38355870302573 21.902127953861854 21.758619918035397 21.248276201376587 21.72005539094092 21.572402234596943 21.28197704777728 21.194476749641762 21.990297150893745 21.924046737295136
21.91484252301559 21.066008940455028 21.29147375938058 21.533452577827642 21.097555715992858 21.685766113347796 21.549970919269605 21.58680599119809 21.661690650463317 21.663573171756624
21.245761195883816 21.569639097187896 21.170086241644086 21.764231266494228 21.93888194788132 21.51778276798785 21.394061694920797 21.873845305985583 21.219612478445327 21.427164739501634
21.112417661201338 21.525646271823895 21.7127522827662 21.84274648721802 21.31623835374225 21.884997458776002 21.80644097064744 21.350995354439288 21.334173349021274 21.81299951546189
21.84724940529025 21.685638610806013 21.354792249354798 21.12908632206566 21.645811357349146 21.423048762780017 21.315769183036142 21.475230278047395 21.271052874797473 21.791460288207766
21.154068331683256 21.24785153062057 21.276116935333174 21.947319915110217 21.96696564858153 21.908253095196837 21.695368846707623 21.18242407561312 21.720656083321483 21.60837978145195
21.37940785122871 21.91709837355419 21.761359688741194 21.47592563791146 21.493798659077004 21.007526194588568 21.53325373257216 21.091290922889034 21.2972765039389 21.849434263451172
21.588222798765983 21.658616920151196 21.636467550251933 21.99569532248191 21.184331742806847 21.124102218895224 21.946706258021734 21.522009039333398 21.513091627430903 21.02703188456291
21.93231988689402 21.172674342762576 21.870002014236203 21.182427057545155 21.514789722506254 21.397567323878096 21.888517232710118 21.388948391273917 21.083487240678362 21.751791278580225
21.29449879087072 21.23166462962513 21.561223106671118 21.771065933220072 21.506379202479735 21.706523189730063 21.305635357667644 21.35877559184617 21.805677656607774 21.831836227876256
21.407482542189086 21.9246965335623 21.733171063299782 21.63182301024803 21.518196515125453 21.00077621268129 21.827938844193387 21.8782249536131 21.94158880120805 21.82593806482291
21.81966315073228 21.758236930577997 21.35839318311196 21.439737369776264 21.908981144136927 21.200474920821453 21.217366694652874 21.153795145288004 21.826349014069457 21.935426325509695
21.522959686790877 21.880288668464154 21.946792540469588 21.492806140970984 21.477105364251933 21.688378809075555 21.856081968513415 21.245468755983673 21.19146766013106 21.132305583908774
21.413284091392875 21.298001350009706 21.476525640813872 21.348985753126854 21.535307666515468 21.487851904575155 21.53516186027176 21.658296540537354 21.64097289113533 21.017821072534772
21.24096074931364 21.415832482783703 21.93529926406362 21.27097378715239 21.565212483412125 21.16577296118773 21.489120802427035 21.17250320695827 21.631656808984882 21.720600212292865
21.374801075978205 21.057805772259965 21.82429017151443 21.65475847945043 21.95573489276766 21.38200330000264 21.35109898429464 21.84094739358366 21.79548742266391 21.763374094136687
21.675370141254277 21.080593482608897 21.551835913720392 21.7916317421903 21.266270025570027 21.58414555829693 21.651642450619573 21.751716934810776 21.191671378637977 21.042191469231007
21.504401270497475 21.91474429853135 21.178746913591844 21.29499498133276 21.505467502494078 21.329972381202417 21.90163759149083 21.155903157847042 21.10438835168316 21.115141990007004
21.42054236927658 21.773176454392196 21.769422198969387 21.087254310324713 21.892865632268375 21.02514482331667 21.766244718513885 21.201836822009053 21.904597054520362 21.835195238196167
22.287005338872405 22.675971962998393 22.028888210054305 22.965947058090517 22.615311507849178 22.85883935298128 22.508829053963062 22.806073653220142 22.693382174677488 22.883249715279042
22.282716566944146 22.898580159297303 22.669526019261898 22.882624621774834 22.922646650010584 22.47594841488063 22.747263968635664 22.090103068782486 22.44104993022784 22.06541249532437
22.931829818029577 22.449932374809443 22.33483070520204 22.306728927142924 22.075446304735962 22.46602733185418 22.683057542230223 22.485157896360363 22.959688823644377 22.88855826801466
22.591693059140656 22.923972990663465 22.02141230760407 22.496655169230433 22.787639714144024 22.3036686088324 22.72813130584146 22.67379172387273 22.704416859194303 22.17913596807292
22.53940716158732 22.692139186663535 22.97307423470569 22.451429820953614 22.85271030991737 22.62315737930753 22.834485418449056 22.317349795458025 22.325389909767924 22.57391585481849
22.62295417026664 22.267912068345403 22.48879663450395 22.512115573773215 22.136105646781484 22.035887890098966 22.62626914222023 22.287507095375553 22.402323439264382 22.002937966534482
22.4736084588862 22.583379014452706 22.084532387762806 22.46847252978484 22.418828337187115 22.43901567718416 22.517916488218685 22.35521908010023 22.52738430182322 22.672501015765572
22.16919984882165 22.380580642005206 22.899747695459308 22.002970693248354 22.12640807227771 22.458219755252 22.580105133289134 22.92239230853438 22.080566405224403 22.11090439207581
22.478128283786738 22.39917943775263 22.144579668604873 22.973503643655516 22.54017207522398 22.30942195757017 22.769579077058722 22.04412288847611 22.711924783713446 22.08624178254498
22.965308533081988 22.201719409011893 22.071445922493417 22.453759405377816 22.008663892723895 22.65014104427936 22.879693414173687 22.269383618155207 22.83328589136653 22.371382037112387
22.19505471898152 22.436613083884374 22.333148296552547 22.374952069415066 22.129060750546074 22.570265019181004 22.884370222624522 22.51560550326495 22.782375746675406 22.597022619341814
22.49202201523319 22.918279774205654 22.393320224570296 22.756420153605365 22.102482194032113 22.59694361269648 22.255597916796788 22.530860169164722 22.7869425332074 22.68315673423403
22.517562214087686 22.877984573525996 22.697947286323696 22.790494864684344 22.062271092202618 22.764697789194532 22.92839145015015 22.43259501107394 22.28574409722831 22.409366362967937
22.661192407709375 22.085427761140323 22.740248486571986 22.827196556415416 22.287887907960002 22.438505069157884 22.29010645567728 22.24351745826292 22.49570278230875 22.615082775479024
22.639428289621932 22.690674025238355 22.675165531730965 22.658019888788292 22.83434177929124 22.636461191983578 22.384145328467422 22.375807186427014 22.61670089483732 22.805506077654687
22.019218796461345 22.722379714401047 22.31192184924721 22.449732651587464 22.291564865257318 22.244679223572806 22.270508050320704 22.200019544210022 22.582125569445104 22.773534341229485
22.750989995532407 22.288387642988717 22.759559161361505 22.456277379136562 22.531419854762046 22.36853187216656 22.58455138992381 22.433618848864587 22.467224681628835 22.382236887465265
22.39533942541494 22.948651638233507 22.675136343817208 22.920193852726328 22.371842526517366 22.442459126065916 22.01608033652975 22.307961562494267 22.309582155144252 22.238652385252397
22.074319372828267 22.21129192955253 22.499613381462098 22.74826349019977 22.885812132810887 22.899766360438395 22.006978817718167 22.736773686468904 22.255661503921715 22.43366618241784
22.36773487239254 22.086656425284175 22.622690414826813 22.946226540753997 22.483389539421974 22.661666818274014 22.078597893990175 22.881900381557074 22.281629979093648 22.333211077293292
22.329811602415102 22.52098487397232 22.533506971593834 22.964480495268113 22.10206749671296 22.37194007989309 22.069782601672042 22.164636374238675 22.73091125182697 22.044955184092842
22.522936727003184 22.92318407738282 22.455729820990246 22.03379541438491 22.63636613363985 22.813775268118935 22.240586121618808 22.42768820137531 22.128600605763076 22.31702990480746
22.78204353659449 22.95098439740239 22.07789775479871 22.95357016742089 22.732330902871507 22.8855565588295 22.801368684581764 22.34131091322224 22.06561313216088 22.369373317222294
22.24282501878091 22.995152005109734 22.945796260306366 22.28441463693861 22.95482686842499 22.672570177304088 22.41620989396878 22.44807036382634 22.862950822091523 22.33520907784651
22.724674357754466 22.104389948354356 22.134085687821614 22.344418095422885 22.121873418086494 22.77502868931406 22.63560281541851 22.337791840600083 22.526618000458306 22.374461893759516
22.66853711224739 22.34411391564804 22.538500021188888 22.120015101067438 22.885453843243564 22.085710053162234 22.896599739025948 22.174484737098176 22.562465155369 22.090067502247813
22.632324061454515 22.147600991860973 22.684899569378164 22.186678470183676 22.84511713457161 22.552310176884035 22.62741688612092 22.200418035350634 22.241698810523207 22.062831176062875
22.56189933056527 22.16936729987623 22.322650567115936 22.953666756667747 22.110239852365215 22.212845282180524 22.374582642051735 22.41222739258326 22.17418662164027 22.25451363044953
22.23177967502116 22.512451513725484 22.320692300138855 22.165770333701584 22.108137244903602 22.51278255349697 22.57875567907468 22.53625025059319 22.668364591467498 22.799090639663014
22.01253236660203 22.201101452534182 22.906843723368187 22.231601761389367 22.975529903294614 22.858808010918754 22.333198684144257 22.874625334308504 22.52199254773563 22.598681948329613
22.425543180686613 22.08884679275103 22.054118847367764 22.92374780249508 22.305538464973047 22.748178650562306 22.917545685956576 22.902595555102437 22.113807760038192 22.90663989910623
22.3225697881224 22.412878738975635 22.61991730898136 22.585460383294787 22.66486868184171 22.049486353367165 22.188048478494572 22.47658336243082 22.047020152806763 22.16201864080325
22.337649073827 22.265965524289065 22.560910212381753 22.659048733930298 22.78776628258083 22.96855112593105 22.681157078122645 22.67075284919716 22.054427938716678 22.13652280732841
22.94096874191238 22.896844394030225 22.382352251168648 22.053408422648832 22.9143903821921 22.48334805700374 22.035430785187263 22.058849796747825 22.41268692187958 22.56960192973127
22.744843426495013 22.962316102944587 22.717645144334718 22.2259770872583 22.419327909501707 22.098770395348993 22.62086894125768 22.363155769395256 22.0590405194064 22.95527557587259
22.015680165763847 22.335410837152676 22.182609186340354 22.454751262251 22.797026722611516 22.383180466622207 22.976393574741184 22.92157077492736 22.864838528430838 22.76433402606122
22.805631048856526 22.473413307148785 22.097561339356755 22.408876568492435 22.689062014313606 22.084763204737026 22.2651366070822 22.198440421427485 22.831791009896268 22.849674624891666
22.98448615270675 22.51976465119628 22.33555529987416 22.03489671015015 22.985597625098855 22.570464352527534 22.761235901564515 22.359180835688353 22.152597499967584 22.00574316518902
22.305360253530182 22.560567733719385 22.031736131533997 22.906304372176812 22.97051008855094 22.720679515225747 22.75699939541681 22.720566987431116 22.25896164307997 22.003517635973182
22.6340996463811 22.788395436812138 22.59954982494716 22.435994523545695 22.944888664023374 22.28890238990643 22.92966188347961 22.10840332876665 22.88677357581703 22.9714860536116
22.59742998761683 22.705256760504845 22.945506321043744 22.827115195318775 22.02360649914881 22.590402207506916 22.414755890320922 22.935976161587032 22.3682696315218 22.765047536641372
22.222161982830173 22.087947836610027 22.78442122068668 22.89330790821563 22.699107585457455 22.413972605093655 22.708702458504803 22.24711076689874 22.440237010127372 22.189241934737876
23.038867353253107 23.860773016784922 23.938785246861798 23.173217929438664 23.978318309655737 23.405290243085517 23.25507310213838 23.336862565841958 23.789921193329185 23.293355085026114
23.578062163897982 23.59404906646079 23.694482420962522 23.3083482744778 23.17365234810962 23.201980392652185 23.673684242870987 23.614021939306514 23.878443873943695 23.82454204954447
23.99293802338238 23.346321989696136 23.993974925724757 23.86286792812547 23.846530213637045 23.11477282263804 23.163984678630772 23.548998916158737 23.645599123892037 23.648073358295523
23.576041026752087 23.471366337132785 23.118894922503284 23.507031572079892 23.618911259863605 23.654933287561803 23.57693939883002 23.257689366761397 23.948342700046027 23.05417870890651
23.40211574854859 23.7484678731301 23.766459750680216 23.333710612397994 23.070383462394826 23.167388593614742 23.003772631931895 23.109146392334605 23.784726402547506 23.368903128244277
23.007832351525224 23.399999601081007 23.106107030207987 23.554590357548825 23.288855263501777 23.90666448327376 23.804613746708444 23.767956854496564 23.850179824647842 23.865190696129083
23.521651711814624 23.820802586443236 23.640207182894247 23.656392556779057 23.733442527052613 23.207090378489095 23.702516188162058 23.049938336314042 23.936761302207753 23.279985050564267
23.6721326465713 23.94941729221596 23.939754480600566 23.468703333742987 23.368471681711785 23.770982852339234 23.633845313699567 23.594043638410707 23.369260698278573 23.1360228531841
23.647148029938876 23.40494001924987 23.61479048174042 23.387408446434502 23.835476297850967 23.30311247497636 23.288129851460923 23.549225483954192 23.653944706958846 23.848861191472217
23.44447924575811 23.741493443760547 23.07032707876214 23.048279747152794 23.12162712419447 23.734228474920158 23.83074874930781 23.610638087701098 23.953512717737002 23.279309066845077
23.568954171764062 23.33441365606406 23.630186908119406 23.093953847009104 23.462305914487306 23.5314243797195 23.900002839106257 23.886223107207673 23.880833650374683 23.93074480064114
23.193656631797964 23.610806900100666 23.7500679774905 23.81756287803166 23.3647373665091 23.222464380317277 23.15405565360328 23.25686101734709 23.48773512466505 23.554829982848922
23.041868904759042 23.127782737760487 23.131994448244246 23.593904777623507 23.76908398273134 23.35177115172398 23.03888988948727 23.33840151719966 23.605119267209236 23.136043859813775
23.66953931701619 23.64321458573888 23.267986718883012 23.273693943134806 23.661659718488966 23.927636925568905 23.009924713744486 23.542684245871783 23.8367093199487 23.396547834359048
23.770544377568818 23.028228192897657 23.03224880890709 23.470647248106292 23.438535358576356 23.756527067852115 23.699493659552783 23.45091336534989 23.318641717780135 23.37256058344984
23.9023185523631 23.05281206075626 23.487531613198712 23.720603322163257 23.081513895240214 23.337388555951957 23.840349550454746 23.093367341090985 23.706883474188686 23.7392226827064
23.279153368491308 23.604146553731116 23.729811675931387 23.345331276772303 23.675102596835853 23.60606601308527 23.570217221422098 23.314452187078324 23.94817840797453 23.33351558716523
23.224349835304917 23.3427467865463 23.851380047018548 23.973073425011936 23.963675276777476 23.37980822580217 23.82075626478771 23.184702144929705 23.010133059467517 23.37796567333067
23.55829444452307 23.688726588333108 23.519340304754564 23.71822498136438 23.85160411121786 23.910078701289727 23.18085447465838 23.09778892571209 23.5024958973662 23.828521975867638
23.75339642721161 23.08695066615187 23.135970528272814 23.12204365306438 23.892974416920637 23.26725674288158 23.09179717441477 23.410330434328824 23.703138967868174 23.848186517003743
23.562773706872672 23.906219535936156 23.53913738117687 23.926197025597922 23.636926471425916 23.065242995152524 23.731525508575253 23.09783386215583 23.92532018892392 23.886860883060248
23.05983395553359 23.96770985141656 23.01281366632835 23.365704472793972 23.003174729764158 23.202505230540993 23.056010304969305 23.217127596284996 23.022213194359328 23.17374434559385
23.470816676785816 23.40859096853653 23.385719436705163 23.904955834761306 23.801436930767917 23.216880449078293 23.344952526533834 23.992924034976156 23.543293925861704 23.500887327075095
23.780419536182176 23.408091971389766 23.904283309716607 23.630654703230096 23.798090779072954 23.59577696962387 23.231929312759018 23.045621043896997 23.135941730292902 23.097711947211277
23.108426615621273 23.72846833176591 23.656730883535445 23.99252688574441 23.92121570190526 23.97570878248183 23.649211997454554 23.814136499743707 23.053653218796 23.72212082269086
23.137518583023724 23.24860173193705 23.70850369243495 23.3333715597588 23.907246830112445 23.832884402605163 23.776392039425897 23.219639048548622 23.49680307388555 23.08301558645458
23.092021152348046 23.842775317636494 23.97387003683904 23.964549948396716 23.8828722715466 23.690526332876992 23.919386205402372 23.38478045884797 23.20827056996968 23.573552648471196
23.675220772846927 23.434038081623214 23.71111170511411 23.16447090797177 23.576766208824274 23.432504189963566 23.060209893253948 23.04286208681465 23.58795958425162 23.449313866870753
23.04814163894529 23.63617028992148 23.483782348069234 23.85233041466772 23.42762330606014 23.353641353705683 23.484078182261673 23.619822414940764 23.218875200598525 23.898927459850825
23.0325665603042 23.59937727065502 23.401088349551717 23.21671076468093 23.236219695379074 23.634735229452982 23.613024685995274 23.779675265576614 23.33270879910064 23.497830869869077
23.73094523434925 23.95438274818475 23.4374153467555 23.861179744817747 23.966474623093344 23.99808543180307 23.736541619390863 23.12484968690075 23.43267514646848 23.833234184742565
23.239143850301943 23.772607846726533 23.96351661199682 23.122418108772447 23.178450918083435 23.07343624597131 23.34009325111374 23.323697446522367 23.161619807973345 23.367459795883907
23.976352221130394 23.344768608268172 23.207118704840138 23.879432581240305 23.54776296638975 23.13412667628538 23.88021745397989 23.98827999433032 23.00827020792992 23.048367130226648
23.839604198474554 23.147795114438225 23.934037769795705 23.11699528220813 23.241935827180928 23.201440381779527 23.156904366028613 23.38958821081123 23.61616965246599 23.663305849246747
23.206136535869902 23.39488109071936 23.015811680160244 23.647628296200885 23.163978021521547 23.36732561324818 23.484757048586648 23.520875742493537 23.15865889881682 23.303895364802
23.131186452107755 23.023254474311567 23.8679418155641 23.10238941462985 23.39402183116768 23.56059659279087 23.086946869452934 23.00221180952875 23.40773347244542 23.6029378995491
23.625910624523577 23.299581300557517 23.723830081772448 23.642697746269228 23.546698745817704 23.841352182063382 23.031151655267173 23.963223419058387 23.02130609847738 23.115104113023968
23.932125344055454 23.54756389297998 23.901241837358732 23.847884143608525 23.278431933487035 23.817688710603793 23.423611168466056 23.901962430818102 23.04707128250847 23.53597002265028
23.34787009419156 23.91318823130243 23.24660274491927 23.12359643898406 23.216642295489294 23.55600993727895 23.883376526433363 23.854690014529954 23.36465288567155 23.53894983341464
23.588860752129577 23.870248190311155 23.761746355545565 23.435299929998298 23.111707800886727 23.722634967266412 23.769121310351114 23.23603253175293 23.511993041225914 23.20919635900706
23.41232789645069 23.075395569214944 23.560097733188734 23.582677601986344 23.8302380952951 23.924389015006486 23.538997093186627 23.836470106492907 23.146113325459815 23.173295645805066
23.376253623005834 23.65431891157548 23.125057504080527 23.9316658002778 23.7908047952463 23.786971707985547 23.631558083803057 23.562632294248353 23.929673214422472 23.072353307378727
24.081481423212214 24.438158227298487 24.79101661457355 24.05119972675098 24.794803151092484 24.15279715418069 24.582473869770062 24.14668875668694 24.398517874917115 24.46577153789856
24.047552388025817 24.674454847941888 24.203587151777526 24.054651727910265 24.707841444398788 24.528477603439192 24.785448222906478 24.75864481069807 24.915124783160003 24.24868516154606
24.834520294847753 24.365478653574684 24.58500500139013 24.317715005090914 24.711309356321518 24.153093541238846 24.492441757624253 24.957126555209584 24.04012624759678 24.335829872283966
24.049643613241603 24.39746077493438 24.106097006693034 24.28452745126092 24.55804436268236 24.581895013912174 24.78205850992234 24.890928058749715 24.02863157578616 24.52984091462147
24.205096550185836 24.72899962281502 24.798685987028023 24.1346867033253 24.446897263316462 24.729277420405218 24.33802827392711 24.99898534888135 24.977747487211417 24.927043116232625
24.83415931958528 24.020742238949804 24.810932940645774 24.471140420781307 24.37321892759351 24.83605784170933 24.832447854822075 24.487451607229307 24.792477373321475 24.89623138294206
24.9703431092741 24.579536256471183 24.570112435145102 24.911534524063086 24.538704816124046 24.718660015898276 24.439314766812725 24.62921432485619 24.303168384636113 24.026417680702
24.766302505378885 24.429887079397748 24.55803780878272 24.48538150640769 24.115615464027155 24.02433601917944 24.779494108375257 24.926682278517895 24.84109869024714 24.611827128834786
24.225040146680207 24.738157090928933 24.98727332552812 24.221409534722536 24.18624385833204 24.61267445131607 24.263332980447746 24.59926773563622 24.47000582187676 24.313474015443774
24.360791589606265 24.928044955797304 24.082990771987173 24.871834387104062 24.42584880696469 24.86815857822981 24.02452731897994 24.852109466431415 24.068827658894403 24.896479723188204
24.555193532956675 24.32015025186797 24.895578118170118 24.684350867918823 24.301470973006214 24.93335526199327 24.179529437633906 24.304767170916907 24.081262681768475 24.134069811364604
24.958113412818726 24.387648240147126 24.390735958510344 24.772780461297252 24.533569274771626 24.952479020146637 24.07986376524147 24.61352787518951 24.085680420897656 24.539200030729358
24.86220325480273 24.081187682559293 24.862782063529888 24.43107834035629 24.95386373820521 24.298745601070483 24.207417977386495 24.217392979652303 24.317280727184112 24.932419519551477
24.49431353027677 24.67911914891296 24.69732636447138 24.61345807359026 24.91087135458525 24.997397855813745 24.880450840381226 24.737671346043424 24.894185002568943 24.58242898780958
24.381963574687617 24.2572264113548 24.953605069073735 24.399526978249597 24.072226793935425 24.673966682099444 24.554180994668044 24.529430611443324 24.08944825231338 24.81949048153483
24.713841689730522 24.841559089962715 24.754923856498262 24.164451404187563 24.975965743940705 24.081759042245178 24.105995368095513 24.338018632259136 24.459032774633584 24.38018779087222
24.09265168133544 24.258163084781597 24.75633499919028 24.170330448411228 24.44561725465809 24.774410722952975 24.56126811309352 24.77674971032519 24.716934193728576 24.00693172106066
24.027509350792588 24.47701864606067 24.018459621209335 24.629310498021734 24.038429586906016 24.672388692744843 24.539363182753554 24.187067907419294 24.75637533662852 24.912096104754223
24.010624196837757 24.16998382984228 24.04999605804242 24.907812378022697 24.90269167403476 24.963494987064077 24.656580442322415 24.347595057532217 24.291884550246074 24.992918779604558
24.22640521688543 24.27279720435967 24.01177371514292 24.34398134916859 24.71738846074711 24.016745482647366 24.91770122026438 24.89410397961421 24.96087886528407 24.22059817791074
24.835756419267867 24.52112884806908 24.603201306952798 24.239645938131105 24.041942399517325 24.269641486764463 24.042617933613375 24.33241990632471 24.922930801976353 24.449774084667403
24.427653626820728 24.38532341287145 24.806716387543005 24.519350275511826 24.260273132418227 24.56710453272843 24.819647532357706 24.257458370061357 24.65618637755527 24.23033886824527
24.025722227101845 24.17601688514237 24.854598022114534 24.581193536633766 24.03470385769605 24.335622806095262 24.14100560655669 24.124094179497536 24.727524494103935 24.732949024584727
24.94919025976616 24.65451926928458 24.74060797943402 24.209184802039694 24.542332882459622 24.620997128558653 24.87515882625645 24.392488895425593 24.338227545640446 24.006482303302846
24.65312716191838 24.532152067212536 24.639853329208073 24.48964047786743 24.828474108705574 24.20814204383461 24.260104423441557 24.53817133586927 24.780525710131567 24.806930540311257
24.288267769106067 24.259151605527418 24.36561792412631 24.342978434999097 24.035876285561102 24.285481404922415 24.983899194757047 24.674982377224985 24.02085503747345 24.7128685152974
24.330071029072368 24.41696140431333 24.701416595684186 24.118387165062376 24.54001108313422 24.876490301634053 24.554950877988396 24.989499141327933 24.21963768010638 24.165861424792013
24.012193970663127 24.471526885785412 24.148038102296756 24.226684581726648 24.70324951859905 24.201919396066273 24.28379766838018 24.884410292798556 24.449574932831172 24.14125391128498
24.071630470298317 24.20648870637226 24.44483435943762 24.733767007901594 24.94582634229296 24.37635261940378 24.10755886290979 24.43431166912878 24.357693448679438 24.015140404061103
24.159843731058263 24.623986723632534 24.616089095295347 24.384050162410354 24.588851419167327 24.203288393352402 24.32329618091619 24.182443832080143 24.28167837049897 24.699483646657534
24.212916248289808 24.72029601301857 24.289182394188998 24.55400791004959 24.752114321858365 24.08830936316798 24.870656506433537 24.366040502036963 24.957464945256504 24.57499417961925
24.698774654895672 24.26001270315382 24.491812594361274 24.987237341011635 24.86302298484701 24.217655621679075 24.25897395430211 24.71936135172141 24.59987014462195 24.169295556337005
24.685316382794145 24.709350987599706 24.835766783090826 24.407646908678213 24.20443916988303 24.27929709486837 24.924648045842837 24.724458204082467 24.291529380887383 24.373556352003675
24.180857998845816 24.006809916094923 24.58315024562629 24.55344160701749 24.103445965097734 24.969347197910583 24.64169922453492 24.281188692168886 24.188285470412502 24.75968844022327
24.03379141676061 24.999418729438577 24.38265598704496 24.606334965853904 24.697668499428953 24.463042782104857 24.29871390340848 24.906294560219507 24.147026404032573 24.128082850215637
24.21606556560347 24.094355874894205 24.051689593985927 24.178139797884466 24.868856457096367 24.917781910816306 24.233404167898 24.864594466205066 24.008058770278218 24.4948023715369
24.78981051661449 24.463268495361643 24.96891259806983 24.325455299879305 24.231163827847013 24.954811048967503 24.460424804664104 24.425924469186413 24.50817782565826 24.913337116555443
24.783914014774254 24.938437241442436 24.07737960649996 24.86461309590869 24.085026713004872 24.9416639139843 24.302807320752 24.997835215824413 24.930758822399103 24.40085797925456
24.96628078574929 24.7498080101186 24.959008186072975 24.734575433329287 24.464842017095137 24.61316477695738 24.64200454281631 24.16473061018055 24.489756006399983 24.540069103030618
24.420884564161906 24.6871865528831 24.126545700453928 24.2325979976762 24.055238645994738 24.881027631479505 24.026532451131242 24.267036382234075 24.324530070426956 24.151883711255795
24.957108677605696 24.89037692998564 24.413491027209734 24.357419505657152 24.67927210555892 24.167356384635323 24.654142230261613 24.8213397264679 24.53090695357249 24.675250510994267
24.55624715707015 24.761590302077238 24.003107534307514 24.4452651351883 24.05934014666085 24.242409087862203 24.310896147024405 24.954335940155158 24.6351619146724 24.179599887908136
25.848511908710357 25.657591787159156 25.98996594215638 25.174323085042296 25.928781229491367 25.597906469543858 25.207293422499884 25.19620662759063 25.961385254814072 25.67630948755116
25.080271272053952 25.344567642798992 25.7961292818119 25.652378314469566 25.844400563301317 25.91751172701318 25.559857730665385 25.710335830134213 25.51496804994173 25.800903029937615
25.949447844494827 25.47442870740953 25.5576265719507 25.75267545233477 25.608353638407557 25.686263345370502 25.67635463175566 25.502681080188523 25.910461312564408 25.367128176372812
25.08991945752782 25.714249304262843 25.20255634407128 25.17993244887969 25.786131893045177 25.760856165427025 25.315490956956015 25.878243095887395 25.892595401136603 25.95977999202068
25.9441804563996 25.184002965555646 25.483315682095203 25.374346370796754 25.317845573865046 25.170865158576447 25.85245157672704 25.547341680812703 25.434457128033383 25.246680216061407
25.529651479634698 25.56040095252677 25.01712835156671 25.126523435538157 25.085834413778038 25.627652811507488 25.265239269981098 25.76675247571831 25.083937904249986 25.026630371574342
25.41936671024028 25.090935844858315 25.36606986086572 25.54543352676272 25.136632416039554 25.48009533803062 25.23666511029984 25.782355244654042 25.681870950184564 25.42255595724029
25.000661482710033 25.57266003956479 25.98005787162722 25.422799934422546 25.74637442687801 25.53693033442161 25.646728292594872 25.25407136948578 25.22466310618626 25.24637234348566
25.215654144467056 25.90608078829823 25.169145292070713 25.782699942725085 25.91683840905855 25.127010133604553 25.42663182554266 25.533691414365254 25.52292304571131 25.288119681306856
25.822616136528563 25.910240836142243 25.9783965992562 25.40961122641735 25.773568015255595 25.29670189294003 25.75352667501207 25.578001868716942 25.27594490552202 25.95354903046381
25.123731122807694 25.658115569781884 25.051248227818537 25.77985703142533 25.865141521667834 25.156900805715242 25.3071160150609 25.812826794309636 25.17840067338666 25.331633534152086
25.786357557841114 25.09256173711002 25.005275947503943 25.151667714083672 25.518999572808006 25.052525758952964 25.28645835948154 25.520745443051165 25.966827461513354 25.90959002658436
25.123957261265392 25.24598202440978 25.05556947310291 25.622302904321916 25.257788574807723 25.59999130174115 25.92678548615133 25.86199331225556 25.744194761938584 25.964219373461578
25.109686278782412 25.0985451070877 25.231422638461037 25.964405798282968 25.212523025539276 25.34115558890277 25.76912487882414 25.713192797001373 25.16385129794791 25.294119117666124
25.658739982697902 25.260255090842435 25.495887265211746 25.688651934475367 25.454744539908212 25.116923998835116 25.15533828245636 25.334002495579824 25.860460492760975 25.770131421985504
25.851504051789025 25.994566325831105 25.927139455147895 25.429600507735337 25.00710856768914 25.544452586074577 25.66133497780122 25.86256190245487 25.964237068198504 25.97692534008013
25.87311300663398 25.061875193252142 25.21591629644238 25.753368866271412 25.856439340062376 25.66628778084279 25.083290562985148 25.66490369007736 25.283122469499514 25.505664183018403
25.439009911571482 25.849505766099682 25.51297913080607 25.379370295782945 25.789361097500265 25.858458187081062 25.375428441801947 25.192599749421152 25.270835837527073 25.69819170207471
25.36151063383828 25.873279404724585 25.891244940773486 25.58704587795436 25.080364050785146 25.071294141190087 25.651151124011044 25.761210646854217 25.780484665926487 25.50212177648437
25.018307268761117 25.040083151093175 25.713629955310026 25.938570637202545 25.59595084522994 25.018502665541146 25.128019346726937 25.277164170275753 25.725219522104382 25.691801744721943
25.717521465991016 25.80981823764012 25.19261682680878 25.039339465995596 25.424808183973532 25.816808387245725 25.17537093752959 25.593157937650442 25.598994123202015 25.863626083531752
25.050693665205902 25.30063128236477 25.642069614789072 25.73217423759368 25.71936071878249 25.053451221211592 25.443473838422182 25.745854012367918 25.649698559537768 25.100021489270972
25.098444371222115 25.358446627345845 25.934977018691082 25.184308739924102 25.633317916733557 25.268295139655013 25.27537106221546 25.661424870985748 25.71974666930911 25.992142976892048
25.945069041786894 25.028691702742314 25.649833177699556 25.787087358382333 25.485768977729133 25.280666144195877 25.16547599954706 25.04445752984367 25.07971832732031 25.24757992577722
25.08775764889843 25.796029266291182 25.298616746950113 25.60887478534921 25.075994989085086 25.770838250229474 25.199115723265635 25.586990939318998 25.261111565053124 25.519957330962
25.541312464330527 25.4212923663053 25.94428035938939 25.486953142259697 25.24355011860206 25.597989857297996 25.02932454191231 25.54334030179807 25.05499991752427 25.46914891866532
25.36615274026252 25.431201862038414 25.826915288004038 25.3323460620348 25.72254468017579 25.75924714993041 25.69411177445742 25.262264150526686 25.672891700869847 25.683929015870266
25.94014096838126 25.986493207890245 25.295036178046445 25.173844701584574 25.312790210514315 25.8800303415107 25.200142451558158 25.80349534981778 25.08095460335816 25.71644876802927
25.08557148337334 25.351581551407865 25.179591197725046 25.15843243433469 25.697020063029136 25.089363158100078 25.376379822979054 25.09634917342405 25.81372443730833 25.536213907207536
25.511878815675725 25.850762349942787 25.629317932324184 25.632352003230498 25.514378027673647 25.943256969476074 25.690970328682056 25.732830362380454 25.07131567936743 25.609683141324325
25.380726319831613 25.56222118724266 25.551039330033507 25.480896270350524 25.775499586693194 25.28603110592375 25.011855880998112 25.88829966285665 25.60596747070577 25.152735074353092
25.909728932861565 25.064972526620675 25.9496509789627 25.73941835024013 25.421646488739306 25.107891675775196 25.23975349508647 25.694367622453502 25.13859545781563 25.94273320669071
25.148870647666236 25.01155406032204 25.250244126141755 25.68996591014542 25.915473200133302 25.29480229083609 25.242847280756184 25.769425280934776 25.721103349985356 25.173541146130177
25.562552801901685 25.800283294512056 25.79751427923118 25.01738358468741 25.658203216756117 25.854306041965376 25.045522004622654 25.36338444761973 25.31088883561904 25.90251729990559
25.081126865117234 25.017676619821064 25.181923707740182 25.35886332133238 25.7895020223802 25.622287741285007 25.06657992099728 25.46920012347151 25.66373488953823 25.58829066271085
25.427828907865944 25.919901539208173 25.432746261776074 25.68804314982995 25.40250380703766 25.44761260624815 25.741601606366 25.272123290065014 25.62170969295411 25.420149565403772
25.937467393172174 25.03066893796605 25.867973377907227 25.328274215477858 25.335755042777162 25.454181026145726 25.803538264751452 25.879046954931383 25.693533385728262 25.665452098296797
25.74737396221077 25.913689455363958 25.001080294218184 25.0921329903156 25.75288398145353 25.68636452900761 25.117482818698978 25.528552149874574 25.04395957038957 25.13500685039371
25.222484301102224 25.495753748291648 25.20394121193023 25.651315797657567 25.53431597725796 25.45032203929899 25.38021385372427 25.51424673847983 25.252039836694234 25.315411415300634
25.16657528466556 25.5898152767705 25.22096811399091 25.011502589294274 25.756182431510645 25.119754189404137 25.391014604901127 25.149757554793553 25.419792591247326 25.422540069107274
25.740371022506114 25.817446868922566 25.357182551248965 25.112533308167674 25.970691916653163 25.432774987968465 25.494041325199994 25.006450873869078 25.94500934155729 25.975530431181724
25.85229652725007 25.231119052466298 25.535889074561307 25.5103396032739 25.70874919166785 25.172428697470114 25.27887763926971 25.810904008211374 25.875054929949343 25.81264299525948
26.985079852580416 26.06645286973799 26.08150390564012 26.69168373559749 26.256744718216098 26.1057444980971 26.627716261904467 26.197749079694912 26.671027073703062 26.30930067390902
26.17528323890822 26.143592110605134 26.249631213285113 26.397161064464502 26.800548846898913 26.617015834609525 26.715831858678378 26.577295266208804 26.200140500502066 26.90761752292087
26.955406915638328 26.1189119667862 26.247521466961345 26.90654106061671 26.04430549662672 26.275256435673576 26.93575186061827 26.751973195039678 26.18341381274205 26.622088860637074
26.1098089729119 26.650345492253145 26.88957039878574 26.30088782716589 26.291231827470313 26.741681144430494 26.83202149383677 26.359924550899294 26.328519082870457 26.597251498349127
26.7747962874244 26.37170522783728 26.56862292199501 26.438684454502223 26.188020709664983 26.771880542271727 26.738046557084978 26.449893050424347 26.22497786509369 26.912572476154935
26.74646594180178 26.61666908076748 26.926761713468295 26.6521706904601 26.181461224285385 26.373513475758397 26.712660272712725 26.414001812821553 26.34985714987167 26.963251435044356
26.44194334343799 26.03787705253346 26.339335682842584 26.822206889661846 26.59151855930725 26.421374408857957 26.723398324907222 26.492187830349348 26.38395942147593 26.90181424727387
26.213419472313067 26.530259786344224 26.021697255832457 26.565237599605048 26.77344640372094 26.63826230499326 26.535708346493486 26.185298774182115 26.456565516296944 26.7662489883786
26.140816789987127 26.292835237917505 26.496068391793056 26.257508752070926 26.404772390050262 26.955979192184504 26.990315326716082 26.19755220319109 26.98455221605284 26.211026927895997
26.85710833944164 26.00542388030729 26.160872937638647 26.725883614154043 26.60154909081512 26.962927364223233 26.910691346842555 26.200752723793673 26.84077218639561 26.81582708891275
26.797507743831783 26.214840783369578 26.459607049035665 26.800817146756575 26.530577888452168 26.713199733446498 26.733137145553794 26.453023685552793 26.64667657126082 26.094430957058176
26.745288143505423 26.331034768992204 26.401846165710467 26.907826264639525 26.95699136166537 26.35992728421572 26.625601661618642 26.497622781187886 26.833132606062858 26.83748746092401
26.986353627616953 26.542400452947554 26.02441070197942 26.27479837087698 26.844348730653163 26.329252359304515 26.718394219689998 26.149593719048955 26.627217251276324 26.775209091418603
26.423478347543607 26.339254434159695 26.45325546433852 26.662501079559096 26.63010895952689 26.470050647496763 26.548860383796452 26.289593146153273 26.505553870836405 26.670208492427623
26.85907308152743 26.75652800783891 26.02166606771528 26.246607674985658 26.1339758351848 26.400966385953602 26.689497803689022 26.61839213721655 26.688727754008543 26.480413493105193
26.380287664747947 26.43550297053831 26.981312022480434 26.056472812882337 26.549258060806462 26.186119201734016 26.129607799449307 26.17856984500439 26.546823435859107 26.75421849718733
26.498187836595573 26.88743988069975 26.601224364404914 26.326946509609463 26.52528296876162 26.26277582671362 26.487266502582795 26.771210317177125 26.03164292034506 26.724783091161406
26.857757117231273 26.099887626360225 26.3555622425597 26.065990651723954 26.707396712540888 26.930270199650128 26.792129468722045 26.237518604966745 26.46329659381054 26.90083646363618
26.979796093168943 26.743104190269154 26.751957584247556 26.85717485375159 26.073651651302296 26.60454007574 26.979459306968796 26.24385614461849 26.772329753515145 26.253779498786653
26.47977328155278 26.546278934998544 26.524259222320936 26.379815785039852 26.13552711400372 26.81499024140553 26.529013590913834 26.712543595807443 26.056211608642645 26.274708229803434
26.470801172434808 26.961162487944957 26.11073577798933 26.771252023729378 26.273676806714136 26.64128346937951 26.854399765297412 26.341809143646316 26.55184603986831 26.322752203673964
26.664769152083878 26.507448211437886 26.84347076098262 26.90930271043038 26.706598383938573 26.98151084563209 26.162674980825148 26.92150807021454 26.682865009423658 26.363493473582682
26.881988329446035 26.396095615612303 26.19714080423268 26.04525612787137 26.46625371767486 26.937545683684473 26.95193918566053 26.99487189087658 26.11906510759064 26.661994891643115
26.938343501663944 26.30315751868603 26.97408982987505 26.258816123355828 26.234133721449773 26.378901661613764 26.0661693534248 26.16184903727655 26.020793828631255 26.461034641022813
26.950881558292263 26.87010679249253 26.954195932716413 26.67945923056323 26.506286163427585 26.786885706278387 26.079421543275203 26.24098925821842 26.14686435691437 26.556556506900364
26.06709393954444 26.44281918798412 26.407202884948738 26.76991747771944 26.66676027714014 26.123174020851277 26.6117613700681 26.08184089428456 26.92227554426417 26.847266110822872
26.137101401143767 26.239046180499628 26.874805156106504 26.596411438779786 26.594244270300127 26.251184618270297 26.19097629505594 26.9791347006913 26.11136395643345 26.955021878039187
26.396872941765405 26.015319233663206 26.78081053817789 26.51935636352149 26.172983066851874 26.35793423422347 26.24949852364992 26.017412920821528 26.470870706504844 26.411598111777348
26.377983537212156 26.05380293935091 26.049259658955577 26.183213881576098 26.871090045582466 26.57474340369184 26.39537967025005 26.857138507301922 26.791741532212676 26.413079086457596
26.896840137664448 26.02582499062666 26.909683902262586 26.823753981110514 26.559959966258056 26.22660252215625 26.908082011729608 26.250728546972475 26.532396892701083 26.93623651265446
26.57350766102986 26.832942578431144 26.181083165074668 26.45713693455734 26.228627529947197 26.704773302823018 26.500888904770417 26.192559912927912 26.83193740856418 26.975541198271383
26.18509816759183 26.652874105874133 26.36517919771447 26.382966967281096 26.775697051488066 26.16093994314898 26.356615191312443 26.00708480125285 26.929637229258212 26.631876486588478
26.647124358454324 26.103968467294948 26.98665232897617 26.99096710508798 26.796123289800526 26.072728884861423 26.704868225570042 26.76318146898025 26.845604317865497 26.804592441053707
26.242363555601766 26.118768711350903 26.513122069325565 26.17947188126517 26.20599910878159 26.191602279896703 26.268348715312857 26.273292585242977 26.863250517110497 26.80043405223751
26.16285743799306 26.91843846885007 26.418441343965277 26.79794180278439 26.729082592084975 26.620034115669533 26.59168891846495 26.14843052247826 26.741944065998023 26.472380193982207
26.607038117898572 26.492274940387393 26.145412483644158 26.642711687472406 26.095673541224702 26.39366664149148 26.98633091120475 26.193549698922283 26.350763714026847 26.68795638493847
26.76909777731239 26.5002688864443 26.83240550239077 26.345858291957523 26.247354944154072 26.28710469163078 26.814300539883444 26.054009414697408 26.302613520957273 26.35267567493355
26.588210304124193 26.274854475429862 26.22478965480562 26.38519788633446 26.697899537114342 26.89355256131148 26.40591102097909 26.877920060312757 26.26119256281089 26.685578678811837
26.185794316100328 26.04690940076979 26.55693081066602 26.745919938215646 26.347282497119366 26.826170108713942 26.70303383121101 26.709242396288108 26.548670459990806 26.469177473895463
26.43253030414148 26.060131739271228 26.8022358418194 26.021262624170493 26.686339692737565 26.083486654670473 26.9603317123882 26.943884146451943 26.984748888496387 26.037371152346164
26.054286116727685 26.469674697822068 26.31394260865779 26.944108228308046 26.246393241507512 26.846251865017596 26.56961030947851 26.99012374255015 26.101569498808487 26.487134573982637
26.436566302381262 26.901026413873247 26.862787048016294 26.189707450773735 26.951483861793537 26.815635750993422 26.423186524717327 26.003027672649356 26.89525842239852 26.12114686490906
27.727809478128684 27.03236952028807 27.592178436566073 27.431347460640033 27.409180427852082 27.45275453562744 27.654997439397597 27.39077860231819 27.563507091192054 27.27031573247352
27.7081638771342 27.269958008069196 27.70805697716118 27.918196513496987 27.14588018384605 27.380260529316192 27.125307017039088 27.60278616509882 27.53732614818529 27.181777636253337
27.99575217091109 27.426445655123054 27.378296001917672 27.583453678787944 27.948798418940385 27.70447875542364 27.506662305425554 27.34202392362858 27.91995379961386 27.56695505651929
27.648494256426417 27.654755320403865 27.492570951561113 27.89009348831418 27.242321763340474 27.01071799201693 27.22368335797683 27.837265750786795 27.900950904777552 27.116291535414785
27.80601653918428 27.806281288763735 27.613400034503034 27.24283728082996 27.30204450633966 27.377466671609884 27.06394079864223 27.657943961798892 27.101000982002283 27.93615387749113
27.250891013303878 27.89638059954056 27.69604403246963 27.00354361556837 27.924721742839242 27.502867489042927 27.85631121655037 27.951511090433872 27.233204268132912 27.536002291721783
27.27739223688678 27.69977377300091 27.36073657815056 27.561154851100238 27.33378482004017 27.197941511026983 27.879653690557973 27.079871379101462 27.128188133796122 27.98032171542605
27.993239645929414 27.344304397618995 27.635027994448755 27.847953072546545 27.843323272626076 27.28741212405096 27.369396487656125 27.780193580618977 27.579753817271058 27.86314737196271
27.67762795701973 27.507289620970027 27.944716830219484 27.435582080122305 27.44202239783572 27.785705052777896 27.711764303044063 27.981891013369363 27.719766293406842 27.309589745455018
27.437597600054225 27.781344061601548 27.594889982002364 27.364620109846054 27.634055509508546 27.950933401989282 27.312139609898484 27.784544157461152 27.648423894954014 27.657988273055956
27.582931295376536 27.50611623228091 27.25209729738023 27.091106773930015 27.806093288444945 27.034707888363986 27.1807874378912 27.30296060515972 27.82989180552723 27.43073250144403
27.643886752604693 27.852005098388506 27.796875031104108 27.00612348972795 27.126260209250354 27.76485373265665 27.559358448085057 27.7804569599061 27.642651729842928 27.71705257694354
27.13091433290353 27.887911498636644 27.97305631604747 27.48721693878809 27.648016933224866 27.549109356366806 27.30682258240652 27.67796892414405 27.35603392153411 27.925984553413272
27.15391491872601 27.41684105617538 27.20504409732647 27.163175535725227 27.343678019268644 27.25128802241098 27.743499697754068 27.186041057050993 27.42461089562622 27.734174753958875
27.131541843005476 27.373249678956974 27.803071793461626 27.259585937048154 27.260815237270172 27.050995138764435 27.514498841164556 27.553528449424245 27.163918886605988 27.866240824696952
27.607645946420654 27.850074757720073 27.124167261315055 27.487998773729316 27.74049723428194 27.190722066467345 27.155126416762865 27.75849972072189 27.73593727533138 27.4732183192472
27.809428099434637 27.370212431441733 27.52591878297958 27.845832881875527 27.59765402468633 27.38002232547277 27.12478308331709 27.79402620102144 27.6506216932656 27.388480522545986
27.01555307369594 27.798699614721542 27.64219216623886 27.00988632818621 27.607432395235545 27.758682199453528 27.404759053058147 27.338067887902728 27.228408105038287 27.46483937982738
27.11586741959951 27.473076612894253 27.453769242813436 27.289163426885743 27.411949827482733 27.81561357739445 27.439516573852032 27.90943317630652 27.293956612321203 27.75885642974237
27.329053702699756 27.328506596460123 27.22969563770567 27.611458199493075 27.73221345588849 27.6670366886042 27.42898637214871 27.070839908312387 27.73758746252937 27.20937728129722
27.870272260955403 27.332500947525595 27.912291069429173 27.964672361616653 27.29112400403947 27.96892275835667 27.267709889150638 27.568598819234243 27.020105979288203 27.04074272522356
27.225437739444125 27.695959072823676 27.22376629990913 27.513226934191223 27.204530919623075 27.280296852643286 27.87005120112684 27.942671678658076 27.569366407104688 27.743935608884556
27.46823222079678 27.570215862284897 27.32680699500801 27.130315898906996 27.43547490224901 27.414646983451348 27.142039473591502 27.50023438139038 27.76146584190497 27.691136149853403
27.95436637990994 27.204564067732335 27.495054628720535 27.89943770845652 27.717396126160562 27.678261328452567 27.46065590999138 27.22294238144586 27.562489916428238 27.21394240283606
27.52719607783678 27.459072478136996 27.989988249143693 27.768038488974586 27.69867802358768 27.561860988387917 27.52965377154374 27.22851468851117 27.272976559983018 27.01915662817708
27.679931309407234 27.730365427254743 27.324265941984535 27.709749507496362 27.835040025434164 27.54357453388406 27.80452057354402 27.58981274791849 27.33957650520983 27.77795577870021
27.630818011106676 27.54340760881019 27.772221905612067 27.65026538910708 27.227713773421865 27.998401028483148 27.053310277410485 27.34120504214603 27.127745174964033 27.45699582877334
27.279298576355814 27.235033796131923 27.87270487853004 27.942948429924588 27.017560164624996 27.68492815032122 27.107029842141905 27.14544611110233 27.821555286869444 27.016512256807296
27.187419847084122 27.910517697128615 27.87517101166862 27.332803615407432 27.25780939389843 27.776905040221706 27.491488006157837 27.653189965028837 27.188322845778636 27.538351304619848
27.255589541374178 27.68676496700733 27.202481747530577 27.938579581634155 27.829778380533366 27.922650933530953 27.274867536851865 27.629806817198837 27.080899857066495 27.133774776416683
27.381301262647604 27.089403951373637 27.66700905640914 27.03216448835046 27.551766376963798 27.846539227165575 27.729408332351554 27.73668580741439 27.07571435762966 27.80911855054518
27.87612120174462 27.91823921647357 27.140057144254136 27.70106306961863 27.214157005180805 27.972790264103686 27.642064251652588 27.620940935971603 27.790460456955387 27.339206550134133
27.912547079673335 27.515196323129395 27.435228682754502 27.126727007303632 27.60912595276318 27.922696277143462 27.666317703879464 27.54599058916273 27.09504062605374 27.692041360743218
27.009749693233722 27.247902754157433 27.205878244744344 27.499063438004487 27.81887043417041 27.566219946947722 27.42475712464232 27.899160291245895 27.433496700793217 27.832583815791036
27.135918788485153 27.337593123853484 27.31043142608448 27.386838318265443 27.807344713332345 27.010599977998975 27.57801375095275 27.640814544150683 27.66492829338322 27.721154135037363
27.31991078670354 27.57036978550862 27.663896629853376 27.90542363569809 27.777145776454525 27.30831852876281 27.33759059720064 27.819464249672585 27.57239759917453 27.089995136887108
27.409376305717934 27.47040495545949 27.00689490198771 27.663539064722258 27.89037421502017 27.252361665311074 27.4577673735681 27.418595458999167 27.753857267919642 27.40454106999312
27.912505815280625 27.909975029509788 27.176582262778094 27.347473618645395 27.71722177190528 27.15691932950148 27.767984316137667 27.67304065944464 27.686686252288855 27.083968369569803
27.170076457581533 27.064937926904733 27.82666660478912 27.736029745616225 27.904062193607928 27.70844332340029 27.05286909496793 27.448099550316194 27.364081794812797 27.811834360609108
27.455834473332573 27.979187091851678 27.414177705325766 27.706526631395658 27.85742215171059 27.730347103441954 27.13147808851628 27.618981405068865 27.632058344392252 27.558324379532227
27.856762164842284 27.614656999774034 27.02471203698078 27.369167662453364 27.862984475881603 27.402755253241626 27.487602201831304 27.630271068964774 27.63299966883362 27.66024065077321
27.87892821277397 27.17465261285383 27.94964325858304 27.284586848104098 27.719455054370467 27.187881609979982 27.744487998748934 27.51693094324736 27.086573511578266 27.065917576534826
28.926009382954593 28.190793526578233 28.1404946886197 28.911225153236273 28.213558207510015 28.456248204243117 28.723527583445552 28.79488128148213 28.34045167099037 28.205401239631374
28.950927127474504 28.553992262551255 28.857659087071124 28.082268566903245 28.220589162164103 28.81658955206702 28.168972081798017 28.39861387823811 28.608908398536137 28.150275550035115
28.359212895187056 28.49703786196065 28.191403615493556 28.716241216899817 28.838949435869747 28.103585806483345 28.429254490783467 28.57687978861908 28.822348440340456 28.994366688316493
28.39668214384031 28.85307172166952 28.179213531621382 28.86415376641589 28.28914617121092 28.25631816298325 28.257917925528087 28.629663343264543 28.348618518639515 28.13125108748465
28.862856213223928 28.526184606109318 28.069734457703813 28.035650846776203 28.68820370201118 28.263460402579398 28.309409985592062 28.057952098996708 28.159185371332082 28.19519495828653
28.712553352810353 28.526322038139458 28.812721266674323 28.926291504370788 28.687788425188398 28.498745265963745 28.06122845808598 28.0328990750956 28.0196459103531 28.44015187239724
28.426524601943978 28.602574387692005 28.087467836874023 28.79047673310805 28.10519131172605 28.115341266768286 28.576309919164125 28.706639276869346 28.03242031857092 28.781156672749358
28.511414812983215 28.121785182736687 28.44827905846175 28.82526893368199 28.425369521755893 28.406732149414665 28.33849661827131 28.37018032194203 28.475847837827846 28.341414344563024
28.021284849681287 28.501402647007097 28.37187895535455 28.808221067224242 28.582373603585946 28.823921305832148 28.037871921605618 28.604477000735823 28.822353120186534 28.317259409021506
28.047164546843042 28.037912840416148 28.873580825292503 28.579260614440077 28.990654784494208 28.516826988755366 28.66832323729907 28.612185421614445 28.11111151411934 28.175739975390023
28.995468751192522 28.149442772886367 28.730050631209092 28.68769542555926 28.970060099861676 28.14725457601771 28.221601534053747 28.805962548758085 28.35806003915735 28.472778366853756
28.546578111371097 28.850747096663873 28.348177698542187 28.008688880527785 28.650007473088333 28.310618549359916 28.04324691827522 28.363946505922655 28.34665843890629 28.96371388184458
28.155562099606556 28.13145707650987 28.671651501432926 28.440378988012085 28.13374125388762 28.1655536780995 28.05702004975734 28.946760691854116 28.22309985611738 28.665707950019815
28.1101328304384 28.947964093270276 28.76718307136597 28.94760528866982 28.216175882887764 28.96974089942104 28.395018405582356 28.658693985838102 28.66443131645345 28.31927682579975
28.60681422617543 28.852545956715808 28.506879954430765 28.448496940193195 28.670244435657143 28.77484237044074 28.897693178196242 28.887409783762656 28.670122987626268 28.43352491458427
28.23346890018211 28.160362716690877 28.01618645655212 28.026628983250518 28.016605227409226 28.86468203729181 28.706866425025343 28.08354278481046 28.997995133937167 28.139023846013117
28.171348254651534 28.738911883504745 28.82026346494779 28.077861942107702 28.567876117758896 28.903135968024955 28.079057810961412 28.258892108690258 28.00317877309054 28.219380729294947
28.447442836951794 28.441732224479253 28.256054130173343 28.6042548194915 28.26723765549881 28.66915028098724 28.237565384371223 28.85777779419904 28.801173921294286 28.45615360365184
28.600964914346225 28.29799198936409 28.161042251389247 28.487623640995604 28.62637633173118 28.62654759175623 28.779533107988435 28.261783281196053 28.748429820843732 28.263817037255876
28.17726759392908 28.41463429356572 28.869458685947485 28.205570721050996 28.691552364121943 28.0396043473339 28.906530320141222 28.047973733461145 28.77968255420011 28.176994894989814
28.857498242490152 28.203638518973403 28.487154811723826 28.78942247094874 28.039425906997955 28.488696164873538 28.6799423594748 28.96229749780433 28.052147385333008 28.19932470611673
28.68002261891483 28.772486333117644 28.450393572773443 28.51589987167722 28.014637211931813 28.253654238183127 28.0698273795889 28.573910172295474 28.09230305276668 28.153387507770848
28.44549446779934 28.82300448303146 28.752382514368183 28.725045876862744 28.78561112672779 28.359017394118474 28.800059335782482 28.62639667399996 28.519274243913543 28.758543757450354
28.83485675808696 28.107434565893932 28.523592702983628 28.571610369829884 28.908372236379904 28.061391990279564 28.753903526284834 28.035219697263855 28.805693549097168 28.185796859611262
28.150150154292785 28.759016675611527 28.034998908629547 28.454535941429143 28.373164386236507 28.10405653110312 28.93113373094745 28.337233573083026 28.136507398983383 28.726627714823753
28.631495038289987 28.718857151681625 28.64268940575845 28.291311226345773 28.06634413248423 28.27031243937797 28.90700177861353 28.670933384398836 28.520706698633234 28.099892990397752
28.557859212866617 28.045796496827386 28.771309040416867 28.87579998264664 28.039463517959696 28.190547550238946 28.279537920948002 28.25154973946403 28.01076530946737 28.89427264737989
28.430200589704448 28.34893874461829 28.134113045957395 28.897880384469346 28.345900614182526 28.25733605205596 28.377643705807213 28.952564674988608 28.378134521824006 28.993426274060642
28.417382848377386 28.60411406815764 28.978752652349836 28.1321263153421 28.71818630982524 28.090060468939704 28.289217421978407 28.367251830538898 28.39706972208307 28.3001378154921
28.236570456610046 28.439938956597775 28.830784367128732 28.605609609719618 28.95518147884369 28.01222462352599 28.119415422964977 28.59724002992112 28.889285431197386 28.4898610045029
28.483066719650765 28.909246559268265 28.649145483964627 28.08357496366481 28.23113467180632 28.148614883175437 28.70967613079639 28.25923153983014 28.309729546514927 28.567610107997865
28.502723380441058 28.851376414198054 28.57953338184328 28.742341257076163 28.478530361202356 28.057012782190764 28.919181991192193 28.273665297870135 28.702825799170803 28.86359901574323
28.52578410972962 28.85787376363651 28.924135696176265 28.622478181898764 28.792978839907473 28.497456053066138 28.945333527770003 28.417429382481103 28.18697232879662 28.326335027675633
28.564107620479874 28.59775510188888 28.612283378482225 28.509322370929706 28.308938792905128 28.3462971171852 28.86146664413662 28.942142505490256 28.690345456218914 28.43499906288932
28.876871585158813 28.026225490308786 28.711567121623137 28.384110684149245 28.717533629699773 28.621571043785238 28.938521743037036 28.085855353242778 28.32058414671916 28.391337066862256
28.51578598307649 28.579358953050573 28.37410357541361 28.143407873394985 28.133511744806377 28.070864642959492 28.877132490912437 28.447048910165833 28.099606549875276 28.48173491363506
28.25259330194978 28.756856050599573 28.352168954523155 28.77646858966059 28.20016503193179 28.511559364338602 28.45908475811138 28.073937260171615 28.828692442906405 28.191842749994702
28.39485330730698 28.07727185992863 28.991499889009983 28.119192447439545 28.159127893528286 28.671306904355315 28.163019240271666 28.8568885781816 28.107117712442037 28.631216710185665
28.641430490940834 28.434606360346837 28.198913054244734 28.261953750528747 28.339552379596874 28.259694111070367 28.24295994963495 28.445326513362915 28.9350100360237 28.501047338808267
28.60832365045068 28.010030784450034 28.69074476918368 28.9356000401296 28.81104541376756 28.5596741743167 28.82822128729308 28.732804960186613 28.841810194626145 28.894811234160294
28.93822578226309 28.419077122925334 28.09530749254915 28.94723212572853 28.547937858795073 28.312025765207434 28.286081684262516 28.708225205978422 28.627998246450495 28.043402032709402
28.79133153073293 28.977259765487535 28.519583241804884 28.400040613329168 28.44803383808741 28.88351211296951 28.489036066155098 28.603675682379915 28.94992883002516 28.039884796325243
29.87639388320919 29.323362788505076 29.63932034621162 29.877644963638637 29.594189186911017 29.16833990150712 29.669306765011633 29.179534708680446 29.554192378683048 29.1445125198262
29.223973462254538 29.080182969757455 29.452301854363622 29.57434906409901 29.727241352471122 29.834874502485704 29.22557736855675 29.277824613439833 29.74548009041597 29.47120865283396
29.410450467096542 29.391152583052982 29.59465858536858 29.032907075117755 29.577436057441112 29.06039506139837 29.499719852012895 29.501005528153186 29.9952073411113 29.388644846616057
29.52203060812737 29.63489248296209 29.685685759242265 29.438323152469717 29.37017103857997 29.91413285137322 29.071836707496747 29.794238624558695 29.639993111528476 29.481742257964836
29.491150694108086 29.178405285840157 29.99179097330521 29.490553692868588 29.950328851318314 29.874218139405155 29.265590180298222 29.536545038776172 29.630480356981028 29.265436647662515
29.559976978472296 29.926472266011913 29.817179152848563 29.624528493527045 29.85555291957839 29.371879943727702 29.12601549803497 29.39527695883105 29.8510140310967 29.327537154565636
29.121817738003326 29.606156984341396 29.29801781766874 29.599573520564828 29.6885082358365 29.723836804113173 29.270415609900823 29.037066372825123 29.796596566160137 29.210263229387834
29.484091506511973 29.09055712485968 29.636602440365824 29.28214052005148 29.995563778562552 29.77195085153092 29.439239505761098 29.888214028407027 29.350667854959415 29.08248040556345
29.686980422449928 29.717621965501646 29.529054926425896 29.288892126729348 29.836662486647175 29.131679161488623 29.83590373591247 29.522737473952187 29.119082670240285 29.271809562001614
29.229157189256483 29.05363099596253 29.45906913796501 29.23794454959976 29.438759827061215 29.244561933613827 29.068306304209226 29.154556637264985 29.633786008483447 29.63582301582453
29.803228769625314 29.145598998914117 29.324012540446045 29.82384695284972 29.951589028550202 29.724973466444613 29.644404127181915 29.802217240186312 29.713842709650883 29.875750560371806
29.16414338840968 29.214346758304114 29.279284347313578 29.139217245624977 29.88625189264185 29.530794393501168 29.06190522209398 29.363929180375493 29.159512052528747 29.508915634337313
29.35723480081147 29.375296205924883 29.811314588460483 29.418520945548494 29.408965308433814 29.717831308974578 29.928219425839416 29.424440918714687 29.632948953370338 29.795044139921878
29.360432792663968 29.20537491694914 29.53619566928783 29.186063387312064 29.20706679808869 29.358125833258033 29.689788806008522 29.65342157113172 29.250961955804314 29.387300038272464
29.967175047391244 29.373039858334074 29.55501747667763 29.112779005110028 29.143073685492276 29.215299845704877 29.206387650022616 29.140744412443166 29.86329013182091 29.48519239156873
29.500567214193733 29.638766345894798 29.942006724554062 29.389884414326296 29.69430258616706 29.031439774276894 29.920663505188347 29.64364621184355 29.824429385021514 29.39028177934696
29.83133067763063 29.042933516425165 29.98915169349458 29.23007787683231 29.147513418897205 29.548520140791563 29.918941483094123 29.143593192497327 29.97661858340752 29.396928422922194
29.626151604913808 29.20753994194636 29.650852317774234 29.030006322971808 29.415599114243104 29.37491972100798 29.007106294199186 29.17935176999618 29.56279049212083 29.132335741893385
29.81142968310226 29.271386014486367 29.52212348151439 29.545596423369958 29.97997255481451 29.429229879326968 29.614315033169742 29.442908286787695 29.475826003605434 29.73913763688758
29.760468991393058 29.89218313255909 29.0199730921435 29.122095619648345 29.97961015135567 29.317460483504608 29.044603629679855 29.10529342210357 29.047177031459025 29.569173115180174
29.63833509101897 29.02352784662907 29.923878181292327 29.013960135620273 29.585421149056447 29.697200739416967 29.307482063128422 29.241958289442028 29.984817958795293 29.431423774749792
29.934523719460074 29.30297927016575 29.350017523476907 29.25984460158837 29.06457651958716 29.477706833159385 29.536847104375443 29.717160549162145 29.916650062597828 29.466024317157814
29.294643579682468 29.37755317921625 29.281136632445598 29.145507970298368 29.735764356333465 29.07455535662996 29.320710617760387 29.76271432818673 29.3375214896277 29.076669913390695
29.215923872358047 29.40629947735157 29.86361218918551 29.74269218801735 29.718680044601655 29.14873420572321 29.584140084087387 29.838431597326036 29.84158757829722 29.518340749427303
29.775436420706207 29.74775184758606 29.967827676172725 29.48522447643559 29.91544649089385 29.36493238221138 29.681871448255592 29.50988957601298 29.932133664610713 29.27897714110827
29.63992431920725 29.46487216607481 29.043017540959287 29.33022359265805 29.62026471227004 29.97507529616379 29.43587670614556 29.870581082837525 29.746183647683694 29.739092814741156
29.2838105153545 29.090954749418728 29.75802023818456 29.69165934997722 29.362268883341002 29.59288714365499 29.125828054137973 29.44646634258343 29.841322487566597 29.976176939758197
29.74049507676959 29.318935173939057 29.663360203721872 29.59021002649525 29.89868063055822 29.37013983037811 29.284564754767572 29.753965294268905 29.305720205456755 29.33592341382908
29.457931356895315 29.688133722256833 29.860689212968644 29.009354211268995 29.166258289406837 29.12251633427194 29.059105429010458 29.63001874552433 29.775452398106758 29.042842440837422
29.95128869575573 29.100250487865004 29.97165675711359 29.32337686664022 29.728185905822457 29.396244806379432 29.07012155537732 29.055161222653044 29.171508138439645 29.371112150601633
29.839403188684376 29.224460301943278 29.401316146392197 29.25727301343183 29.071391270590162 29.021962264865415 29.58172866977843 29.567199746839883 29.74582653176673 29.470506886485854
29.50421845186792 29.764362031881685 29.787387068699974 29.247593149278597 29.25799849584097 29.030334090343615 29.09408453509267 29.54864413392166 29.5182911698247 29.689373737149513
29.520254476000556 29.999816360856624 29.012909355363195 29.19194940717039 29.267344379883816 29.80451190916587 29.47851000217298 29.11930523198416 29.691432698575596 29.60846019647403
29.072192294092485 29.047877937058665 29.921046786890077 29.297720874078568 29.967925339142386 29.937583705803483 29.4840743249321 29.79364866091784 29.12545104551421 29.91673948647952
29.51480211522464 29.999086254508793 29.582154670774802 29.304775499462387 29.97022569117707 29.450887637643245 29.11518333563002 29.345443666408418 29.318062426144493 29.06234721629641
29.502358476568027 29.725992005014 29.823940118185956 29.66821146441997 29.66609244656971 29.30250138806285 29.261521959912237 29.695302163580294 29.571433646939838 29.577558018835084
29.59686798156931 29.173380869923104 29.86752835835099 29.383660887577847 29.957122270114642 29.473736523780232 29.91120186358401 29.9142408788077 29.983653683045624 29.617079500876624
29.992025087681668 29.713893863177923 29.491067822021627 29.72767685712154 29.290147477335772 29.490407636580187 29.206046131604865 29.227265071179822 29.341340501569242 29.643387969548613
29.24375785311964 29.660128270219005 29.558110738491184 29.217766876551718 29.894628839933127 29.619831659910425 29.661404738216685 29.585201783725537 29.240541191748292 29.10845068645053
29.71434299820968 29.532351126397582 29.097075879404493 29.800739286492302 29.817583565123535 29.592238867183685 29.787200033139897 29.108530662064567 29.425329981813437 29.39339629941609
29.291839910869218 29.64476698444767 29.67166309744362 29.521196658465286 29.394068765293714 29.67190482974283 29.05878916401688 29.88677432958116 29.536178780413483 29.3860456435827
29.351961722230875 29.88114691788647 29.242694715702484 29.435991278582808 29.550248084507555 29.655635357625048 29.12742645773557 29.90552699848873 29.357975912394867 29.714403585321012
30.698946158854465 30.097585108683823 30.66860904531573 30.630915547078864 30.406415141589864 30.850544742635233 30.190965798349225 30.10733470554608 30.626474746101117 30.78977425323417
30.497107289164337 30.784366881144848 30.581954257789445 30.8716243322013 30.45188715882285 30.178774274697716 30.504437973485185 30.812432156460524 30.196068197094117 30.876765235394807
30.705273032657637 30.511697391866605 30.59807557215724 30.643690416451857 30.603388126413005 30.376443303479515 30.363870150070177 30.42395292070648 30.173332538782653 30.53287742826959
30.800089605626656 30.29976638967905 30.7232341437802 30.271817795531884 30.562519285768865 30.353371849871312 30.38991370970118 30.715952487682348 30.590118523334098 30.034550143284754
30.24718234124571 30.619851480729253 30.82424216195173 30.073743872462565 30.463387481135346 30.417751709479163 30.243361591385533 30.20082918075367 30.515562458615083 30.119487647529326
30.20550289290169 30.930554081220006 30.070073205231665 30.421541285288253 30.083784572654032 30.45788671088028 30.773445157292446 30.448036724014354 30.704850733075222 30.269993805903507
30.86209192010944 30.865606827557755 30.155659990647393 30.42629534801523 30.195957321003394 30.72641001254047 30.111004532884643 30.58401919472928 30.048620196484183 30.285177724480757
30.95229737318905 30.753904673585744 30.74520141240811 30.209023954986698 30.597580346238193 30.45918188327422 30.02945137464151 30.05285025404238 30.14336954133579 30.440679048879648
30.862684903530774 30.608530995424243 30.130868115562976 30.301887747819716 30.20977006998921 30.75266526510171 30.492241608727547 30.520041461860007 30.251166352999576 30.715533319367974
30.00706415352281 30.06274025047094 30.375046261274164 30.272997101414077 30.40470833210962 30.444380341892213 30.24982427468328 30.223435871706815 30.085365384408902 30.432624440078172
30.249289531631977 30.00579570154617 30.30200514427056 30.645916760113607 30.150921799632826 30.974375326738638 30.786352345884733 30.798838347643702 30.56162663286919 30.673436763699815
30.727147366841518 30.710068310880075 30.589612049036855 30.80167143892648 30.667985630563287 30.02930223724334 30.277839516210307 30.009834924487723 30.9718015052374 30.62244647507746
30.03299869486864 30.305711194444154 30.73806381240709 30.084725654748112 30.744676184867423 30.82643316270856 30.72451148969479 30.35407204833857 30.15529581745328 30.916910737889122
30.711123178850247 30.635870285831363 30.47588048132058 30.047314407858387 30.064049756877665 30.87555262080432 30.14400002041606 30.463162334305064 30.44471867345031 30.373935518907594
30.357215103556662 30.561133898158573 30.247124319869076 30.227848856908025 30.319165512818106 30.224005160552203 30.232237284008775 30.23458716474422 30.415187456792868 30.10833411333317
30.32709043866691 30.643929346229342 30.032243730158754 30.94569435983096 30.099715861135945 30.05272207729094 30.31143375883867 30.169593053308272 30.18340090861398 30.234294085510314
30.224227540901335 30.266297608238908 30.916894849439572 30.4771942690252 30.997356162208686 30.295645916717547 30.991612952999535 30.571224098023645 30.5763309708825 30.35701774125773
30.68514791510407 30.75479247556363 30.034376183954418 30.79404252257786 30.623174060394508 30.980200797733552 30.860745103430293 30.755598081589806 30.710641813481935 30.394043972106676
30.08079654914574 30.454856039671753 30.066652053635945 30.590753667660987 30.838062001561692 30.346854614739062 30.908664675951755 30.094302734633995 30.790444205426738 30.83239040969743
30.281223107399665 30.596523018614388 30.914541742952927 30.970728615431415 30.11606253909089 30.33299720828506 30.94520570462895 30.08551793264205 30.682714378737607 30.131467727186728
30.07242911051238 30.16262222368456 30.49750857111557 30.090556372006823 30.417084028849146 30.87705779281227 30.798914524617356 30.550691038963553 30.237685348355697 30.805951531473273
30.768450180294188 30.004486248821497 30.78227421329326 30.8854117144914 30.778928279403733 30.860426765192294 30.192678226563924 30.451429963290277 30.08559756178777 30.52155451083891
30.892819546255893 30.26840923754456 30.5407757120956 30.069961098638583 30.44840600496464 30.79363945162643 30.1088602298349 30.958238985063605 30.97225468174244 30.552018766405315
30.186142257612335 30.500647070987075 30.767661149017965 30.902545301895998 30.98863728126099 30.629596808545255 30.05164170594292 30.666580385689844 30.56118605228351 30.33716742617192
30.28054034006822 30.05761122620341 30.282368048987813 30.45671009107671 30.81240554521867 30.10321715466563 30.092308421967033 30.95620213478227 30.383706938516934 30.282170716148816
30.054249286404033 30.712864603020222 30.152375017581356 30.413080657753873 30.27579419451036 30.81765724034939 30.864812032395925 30.925711107408954 30.662025012281408 30.818617502928298
30.73059154691481 30.340131691483645 30.170268638011837 30.358794530284047 30.095471181907666 30.641384936387645 30.649104697117927 30.34312505211073 30.232952080501544 30.687130513984954
30.37499793643823 30.092538121560306 30.63261872350582 30.72905418646147 30.50133325094818 30.233436009143343 30.968641864065646 30.43139322667028 30.105874471852808 30.696119852902633
30.374204027531903 30.40249091242715 30.470981143021106 30.679858389208338 30.036841206161924 30.96795959580547 30.250796686330503 30.396933866768517 30.768539864678033 30.666684191500007
30.007860428730215 30.331291705126084 30.994467459265255 30.40499913315753 30.782260044100166 30.217146495405355 30.425503496976535 30.93972365722609 30.068354743829676 30.193873754751785
30.433627462789065 30.01973921709995 30.727013311118796 30.310342763295786 30.393306482029956 30.505246108600364 30.2620372042896 30.92358164835597 30.934119827382332 30.6322064544589
30.095723987916084 30.71545831522046 30.704899636365447 30.77678126780259 30.204735379114034 30.99651249794804 30.49981227204208 30.7147788371021 30.44397853515657 30.529146546293283
30.738934369390343 30.54437630883918 30.287314521697088 30.702960564690127 30.424057250803507 30.092286567310868 30.949638032833086 30.06513011833254 30.282640667110222 30.73821515234827
30.25217582310487 30.527878352223883 30.368501375749723 30.437178929130212 30.789139374088204 30.685446073549468 30.474735503995106 30.345234440043583 30.181406996184123 30.064565121593578
30.332538227368374 30.861390757194275 30.461699698863978 30.805291402910587 30.71899809938446 30.0869579789088 30.92575354137683 30.22315622482028 30.277607426677527 30.673309064148775
30.10528115515343 30.938945320419354 30.067144393401723 30.780009549693855 30.871053445491462 30.77901735242855 30.597746157478994 30.397495907460677 30.058222024406206 30.446924507577965
30.387407074160254 30.60196005060731 30.42104152320928 30.046199804587022 30.87779927121775 30.404824027165613 30.1704407282034 30.8945274023004 30.885227521569973 30.735165487266265
30.825429510521488 30.7111129737552 30.630694468279376 30.750681134177682 30.618118760204645 30.181924012604444 30.792465664250386 30.111251817050885 30.232168440250597 30.111570349663598
30.95518866585253 30.068899492470784 30.22576894872367 30.85594732190314 30.291534271321545 30.22890312167206 30.092799282191866 30.496365510191044 30.305491606604047 30.61906663750327
30.549595086484874 30.263742579958894 30.990863742633824 30.267609153352275 30.29979826626955 30.050533865073806 30.81417343669186 30.834873881645617 30.22604948937935 30.458430821992206
30.518103837251655 30.97002872097748 30.6848231320141 30.721456861879584 30.859762046593094 30.971158545840456 30.33949443881644 30.016942798249502 30.047468247289945 30.015624909466105
30.756766372577758 30.13096471175368 30.82043662760095 30.697296352187845 30.81287391302714 30.180179485158728 30.827628732589773 30.858228606163543 30.80852191776037 30.10859386008261
31.205223781360186 31.734600192356563 31.075301807784566 31.97565557644395 31.026564626474567 31.250186588278506 31.771371614835527 31.63115547564933 31.60410207650124 31.885381311633587
31.510472925237895 31.232782117877093 31.459774256710013 31.925750071475015 31.445897228942492 31.203771265381707 31.148421903832833 31.05132962270141 31.43980304308377 31.650944557378242
31.01825448678959 31.166360532429806 31.98832495513342 31.967532910620186 31.423046129272414 31.08886885367919 31.644203992594235 31.330532411395396 31.862654362875556 31.22048851920452
31.781208066983783 31.06894100732318 31.02161855243636 31.59914320726458 31.678400616518765 31.42707691613276 31.700009600508405 31.80068212068138 31.067354194666514 31.07628039473193
31.18636573712461 31.00029166019524 31.481695065992866 31.83865276770092 31.70946372505132 31.130480935571597 31.975903684412373 31.478087509044318 31.223839035357095 31.479665767753637
31.039085463933024 31.08670032720853 31.933382175299535 31.263852294201605 31.819464824451817 31.548866385848992 31.638002646868113 31.67364812326366 31.096644639919607 31.800424447022866
31.20026605593902 31.649805432025307 31.791212694834627 31.11720946195934 31.172074170637618 31.17272664439866 31.18506528604467 31.4649262569661 31.89587114047935 31.16484036061689
31.440857418772097 31.021479286308637 31.200523929949746 31.199481724490763 31.4552781253454 31.343223999619337 31.148938773092127 31.085887276653406 31.558388461139288 31.288207745031304
31.162639043269856 31.057142217873114 31.080048809000743 31.732319439765796 31.247944978785092 31.72639306837715 31.34450101255244 31.31836851551086 31.979058857706548 31.19636648533173
31.225460305275316 31.963465765781844 31.355273707636925 31.708210961212725 31.996610679975973 31.616679630190937 31.6426877546028 31.99790472946884 31.84618657834458 31.80679360486476
31.835220693886228 31.091949780072433 31.089362917155004 31.849091797874756 31.425391727955894 31.618798987615452 31.80846420822661 31.19045089854269 31.76223422067814 31.838438698661513
31.378543229563185 31.26361917704491 31.39188469305616 31.49977706424912 31.094667861713177 31.394413536027017 31.425798891282458 31.323964139581417 31.9072946393159 31.759668688513077
31.162211291122677 31.381496345871515 31.093396123964443 31.129122380094014 31.898368630531543 31.881934926510606 31.543548332979974 31.141023958434534 31.11423184185219 31.927294160281406
31.228973772023313 31.159103307384456 31.982755397271408 31.593631748764054 31.32757416399438 31.33764049308713 31.467516217109907 31.30010060084591 31.434276843451595 31.381726456601612
31.105379630408642 31.80069743439169 31.25855686557785 31.631407990185032 31.94005248884413 31.29117033614458 31.220786722905036 31.521260747702776 31.971788827390196 31.06202424857917
31.3991044446723 31.17103626146712 31.919176848781937 31.848289333039798 31.349779353980175 31.84838023064318 31.050850285149224 31.527694318630466 31.42659497787632 31.31122091719944
31.338131032967436 31.101113110405514 31.358556164228574 31.5852782001076 31.204024618420878 31.95262960346128 31.010268048949687 31.561245115968223 31.69965323460974 31.2312924441173
31.44562249029644 31.906545582634383 31.02612594390018 31.822607531234556 31.64296699668912 31.17817349315006 31.938009192787664 31.785043088381705 31.46872035185541 31.695969599622522
31.713975188683705 31.31529862620956 31.80643830961371 31.689794802403647 31.060869358521828 31.27581533715022 31.059621070709962 31.46940926478049 31.52935270203987 31.068982419799106
31.599094492722493 31.88246916750292 31.762438430880444 31.1747202365651 31.109584725308256 31.12390360774877 31.172656442684968 31.981597750839587 31.205146392585263 31.039036501207665
31.449243738324174 31.63636817532481 31.129392168009787 31.423169249510043 31.633671942961545 31.512783772420153 31.834011641305306 31.461942130052552 31.36998846738367 31.557776388244793
31.237856140851324 31.379643213868377 31.33586043385497 31.21156806084832 31.008904915042397 31.566735950782597 31.790876102116503 31.81800155438674 31.782717626946393 31.943227444149176
31.640571145980253 31.442357838624527 31.333516868800487 31.08110144788865 31.40781230740505 31.796153853668812 31.847833652884844 31.656891393688976 31.027584326937134 31.53189065484887
31.115687554927145 31.134570681904137 31.43689049288223 31.51544834295495 31.15056292513691 31.189288511066355 31.51839096781385 31.809800855307525 31.476980702741358 31.274081555564862
31.074567312898367 31.010950484922244 31.083255418970744 31.904543264314466 31.158615607874143 31.265458044101067 31.827065195728093 31.69053363885645 31.268934451074763 31.76867165345171
31.90275219112914 31.879364919947335 31.6259885752864 31.793733623192924 31.83180986294579 31.191498852600663 31.993492639383494 31.333670875146712 31.321801870050535 31.027644102642142
31.280273578444113 31.25235200662111 31.253997973239336 31.705242986131406 31.464834595575123 31.434819383232927 31.006299536086523 31.24268850787187 31.221557296309133 31.80348242438799
31.295567586157574 31.35121471379002 31.995642791640925 31.223883818761124 31.732255093701347 31.717254098804325 31.173306964283334 31.262227666902138 31.32028394700216 31.362158093241348
31.424408386954063 31.476584662817164 31.206396483027294 31.85152795859627 31.256602313467507 31.424666213978238 31.085750370479566 31.393004711151214 31.31327763365703 31.85328599543078
31.804314601793415 31.409218928232963 31.97194797157179 31.598103674585957 31.863663703525425 31.001702003119203 31.355432065588104 31.566972755105724 31.730055933201957 31.831912670428412
31.955072854699825 31.80619004840906 31.0772207000143 31.337133920857955 31.683408457939173 31.05617201934582 31.35106917707529 31.87184683525128 31.323122442204124 31.39155886206547
31.334581420275896 31.319289870015858 31.01976507010327 31.510474174625756 31.71241211081567 31.953263049948074 31.677650515988876 31.98864465379668 31.98729620419752 31.84683875473601
31.861500360069947 31.346310622841052 31.484125044555878 31.922491863113994 31.080816338414063 31.089334866927814 31.592602055162402 31.817263806479122 31.139630362451832 31.980643959741204
31.845676880976214 31.096926687680252 31.57119376822075 31.674112424741043 31.90849506556009 31.994714832037666 31.04533097065452 31.50022710101709 31.061390330430413 31.773043327353644
31.03559834078546 31.631345337636315 31.300484847778296 31.01073395314964 31.964051397229568 31.074087358601926 31.750752299306548 31.603621078823103 31.503338804672943 31.93737953326571
31.68893751945614 31.03301116716543 31.70900522428613 31.2068920695167 31.107515741495156 31.504321659092923 31.17929899923421 31.820091104053148 31.41591306534704 31.887325823527956
31.495444982724816 31.18085162335712 31.571499415573726 31.999782509050902 31.782256766384755 31.3785543490504 31.660403840638136 31.667830621190983 31.34712664981755 31.283816423697854
31.706991457600235 31.16938029794801 31.004845758958222 31.38148172258457 31.280880000821465 31.120833841756244 31.87637060739414 31.671224054194163 31.291663353685838 31.602821187348408
31.16156681641861 31.217092088999856 31.214048391995874 31.337236609718733 31.62912462314483 31.959552536456208 31.869900319096978 31.025714014502558 31.341254509555924 31.217063328893538
31.463738081692373 31.722601776653523 31.870327272026913 31.39637338668083 31.223777262432556 31.34765258211289 31.26886276669244 31.343885506960778 31.89935872782036 31.02077573233208
31.524786320689596 31.437915028451606 31.488654681140055 31.214803305531873 31.31723844419308 31.88784827952586 31.473655410026605 31.236728191689778 31.55742497419478 31.659985541778678
31.29920606825296 31.04837699113167 31.169076556465487 31.589432110949925 31.25018453890988 31.13260056346945 31.17416869296095 31.011643730716756 31.207319231876294 31.935530926108918
32.99457760929229 32.862631166646906 32.3803105934558 32.822678480878814 32.13913579309368 32.86968118650415 32.2663333458042 32.6751214515913 32.735590684566866 32.408551605812576
32.76266130654932 32.22176469932738 32.68825842998847 32.83845072505683 32.57406974184944 32.954622886848725 32.59470432602563 32.64271206108149 32.798835542758546 32.006308252177035
32.93856997961539 32.50092784307132 32.85156818268378 32.6823810308445 32.49070702673734 32.49740513062193 32.68676965814182 32.43594620234176 32.297065334600454 32.031161341513524
32.62393495069614 32.94785732005427 32.10932380007391 32.63427614506705 32.94316885081113 32.63311440580286 32.62304002499652 32.828269343501304 32.81970912190351 32.33251997852519
32.42813461925836 32.35227543070226 32.09640980609397 32.16838308098269 32.14781477771594 32.58213689261064 32.855152965540505 32.54403842536791 32.844581333874274 32.726140487769314
32.741320616035445 32.04917399492423 32.405751402166196 32.43097161938364 32.519873128935224 32.59643704468571 32.28596934762127 32.76056404453677 32.39724450805072 32.45951508257096
32.68046651920311 32.12087341619909 32.230178391835274 32.00886484390352 32.93037001750035 32.59520453265715 32.86079351893186 32.848489034423096 32.720149400922516 32.32757461573432
32.46658076155008 32.74563696394049 32.417330110867674 32.04569499661455 32.99469831374294 32.21503187003033 32.725889790204505 32.550506859048284 32.46184561111716 32.87020438092408
32.67729494364233 32.015806811419715 32.14416039756629 32.68673789103597 32.86692248162101 32.239350679128016 32.45599762440781 32.1357082620782 32.75865084320266 32.56592451192886
32.6221131357005 32.74032729200302 32.826694495368216 32.06322451491961 32.08468839194092 32.98477483119581 32.2812936263119 32.67298781737073 32.954797658909754 32.66143257686797
32.13366142466867 32.482668920915565 32.71733211584656 32.68120734788949 32.39562916029078 32.967057147007544 32.829059987368694 32.09136002199985 32.2807188404587 32.03458256065969
32.81141572223351 32.54623121249243 32.375912437007614 32.97965917990085 32.9327754126495 32.75848260938186 32.887175311454335 32.990266054715455 32.59938934021342 32.52194867414366
32.22683101183655 32.68906804690291 32.129806970584326 32.74192041012283 32.40717315437927 32.29672998088602 32.67454387051886 32.53465911667701 32.932239617134215 32.39767920703338
32.66090341105032 32.86516492377209 32.13846319677659 32.9614233580023 32.29228131239544 32.38070139239704 32.22495167572556 32.22663154420794 32.31194365397264 32.06730352500853
32.53543980874881 32.290538695000585 32.45318471326609 32.107474379527076 32.00649433768459 32.762834490609514 32.74093356227582 32.849500128296505 32.08034240409168 32.64104998875995
32.084293432199544 32.11229203224688 32.795733026671066 32.64355600324124 32.40516143248294 32.14438858715786 32.2165296895179 32.59663990888317 32.88499036561428 32.43172904695122
32.83527203715256 32.1137279093793 32.77991850307961 32.206034886498784 32.09773297419494 32.727672381528144 32.65390720622948 32.9441136148123 32.73453701231074 32.84112481254322
32.8101904268567 32.36812445837606 32.15719461712757 32.34536677322063 32.16325395901136 32.45782342153038 32.778446089830354 32.524572709623236 32.7867265363402 32.76803076159788
32.75059820028053 32.91033007301965 32.896979165105755 32.90804093967234 32.28057537400654 32.080343726849186 32.08789245364131 32.3844215822038 32.37669616969601 32.005603221812464
32.219166722229474 32.13462461406688 32.60972558842406 32.441893058185364 32.47871280677977 32.986059083460056 32.22954174856823 32.03437772634012 32.78907607288613 32.9637519931067
32.768795634699416 32.25809449148402 32.908510222211966 32.83945001026091 32.086230812375554 32.05253914631465 32.28923134340506 32.56599105624884 32.65486956136201 32.02513070283941
32.99854655840455 32.27300221813327 32.78406064179123 32.39619330165644 32.78296639143382 32.31345591722375 32.379423331467144 32.43719457781532 32.66107300467054 32.44534379017414
32.79101105720871 32.01433173605859 32.26783150134481 32.60870350342122 32.27755721501409 32.99115785174663 32.54119495795461 32.915461038778105 32.62345481334977 32.666792604281795
32.241268066788486 32.40802690667622 32.48516054493929 32.13036326073266 32.22295827943276 32.86231157352797 32.11500313777077 32.39767312450604 32.34495776726338 32.411802177286106
32.212914655307465 32.46269644336872 32.39106282126137 32.05156867995171 32.79039274784317 32.94435005371491 32.404252272461726 32.144544517252406 32.09604059890948 32.83809395619697
32.38960977318673 32.89715340658564 32.84832072921245 32.992264245482644 32.42908961618237 32.39733014538995 32.24869764915445 32.3206435311644 32.86928887581221 32.215210388980225
32.507133349541085 32.43562566618329 32.39280384726444 32.75524024478187 32.9019390121014 32.3404328114091 32.464411789463995 32.518183845341284 32.71727506388004 32.054194996047386
32.8552337938598 32.18248298955168 32.75413082057331 32.560303014037544 32.69119807523431 32.94664986930047 32.49440419525627 32.26629827304181 32.74653760065165 32.88785026259687
32.41274081384711 32.24266345074031 32.50871963755882 32.18656135765042 32.37708115194005 32.86823056443719 32.8781188976891 32.94316475578115 32.55640294622575 32.15152352627239
32.233910300974095 32.96956172089005 32.76293588104619 32.92020507188456 32.997071118884136 32.377374459110655 32.696163977808645 32.27489809349128 32.752046452368106 32.00402382617412
32.12722038268029 32.18900407954866 32.45054616411685 32.718950044126906 32.66481862604278 32.902742688121556 32.21410520530283 32.43447011934698 32.37765281292075 32.80748741351211
32.77645360262032 32.2092417978642 32.21323917490853 32.845574812511835 32.66240623378876 32.17703048741315 32.84945935002478 32.061115544704165 32.786896633942916 32.15945243961899
32.34260606816845 32.828937471177646 32.27594342661661 32.72859383047646 32.69451998707081 32.46164266829218 32.96075122022613 32.17388170946893 32.25144571880927 32.34886120935277
32.17681300881491 32.297309926852336 32.668524775602876 32.51813685453654 32.21179439002889 32.2120992321526 32.026381338398856 32.52348096910107 32.989143856655645 32.35209740392238
32.57004627370735 32.86548264130019 32.34878837330572 32.712701969930684 32.455503890206494 32.72596408126668 32.59193652611687 32.93881451019487 32.835434983857915 32.66052324516974
32.79392617288879 32.251312224147064 32.593268515322784 32.03390528313151 32.75721739922713 32.36074865760243 32.043443750026114 32.4059978880393 32.37604559715963 32.455472744980064
32.95582333446175 32.78034560904905 32.61491383490141 32.071080975014965 32.33348731079729 32.61243091692507 32.265017247502136 32.1490949612561 32.47567648877158 32.741570738449795
32.13585682555092 32.874982415693964 32.99144347717835 32.95812871305071 32.363713403265976 32.94911680785969 32.59460786785124 32.74684559633302 32.07431741115491 32.78899720518075
32.70690197537498 32.8574409115094 32.72396343939303 32.78702612535923 32.12373172357532 32.74524124512575 32.06148291249256 32.15537040331287 32.25576734126807 32.597441920091875
32.8029025033694 32.07790614663526 32.74961640185774 32.61471008071274 32.7912794214876 32.85897537431171 32.6121220782307 32.45318917663018 32.62611943683268 32.50965915688945
32.31536742820951 32.24856612402685 32.4899468264307 32.74449761826059 32.74325627875076 32.44171423030384 32.17401027361633 32.67506465555649 32.255580231375 32.704526115529795
33.110772236337425 33.58153130180874 33.5917699885557 33.6249030490052 33.55774348582537 33.01932823315696 33.81406882285871 33.451467987905964 33.945388760209596 33.17524462104564
33.99865465526567 33.12142172016732 33.80124343638508 33.82577730534885 33.923276455856396 33.9990628489823 33.59304511057731 33.470270058709445 33.571259754006945 33.237843790688636
33.29559806809589 33.212360326997725 33.874274857074056 33.44543683413008 33.47925286042938 33.745476376479104 33.75005096926485 33.37913556982016 33.24229708647053 33.361605233642486
33.15625782398074 33.728018833501714 33.36521733699953 33.24727774141252 33.57806604775971 33.648655513989574 33.65170710597079 33.45669372572614 33.09443601194655 33.61273063962299
33.53945839292034 33.8591371774573 33.926974768680424 33.29782411428546 33.713189785952 33.04630747824458 33.16523859205318 33.70667560265015 33.63302744799412 33.65491964423908
33.18364907900382 33.43562029381731 33.60326925456924 33.81090261551136 33.11772844756617 33.02948197373393 33.24972700483987 33.43375188189991 33.65114981788278 33.658061011346064
33.04825512262491 33.95306861564784 33.28013688042885 33.9284574484829 33.852738696389316 33.58404455515953 33.16803605547945 33.507819564310886 33.20772740796331 33.68462800684848
33.680424294601366 33.37271088980263 33.599066508075445 33.87433341068923 33.699903567084 33.92413981663785 33.69528935201691 33.5331329082719 33.85977301386945 33.91139755583851
33.06320089741046 33.018595405653876 33.90705854985196 33.09320168799432 33.80299468007809 33.440414904267286 33.507918365670164 33.83124422208061 33.041410699665676 33.11369637995092
33.94223273792174 33.359094734993924 33.24585536885729 33.87584443144674 33.29922446423063 33.2985102476871 33.87806841569043 33.296626058638765 33.9822464032252 33.105555883721934
33.99283630153799 33.436955697926585 33.558410921424695 33.52054095273259 33.005415569416854 33.21917715824866 33.247525315796466 33.7686275554904 33.0007429260436 33.660093798535904
33.63483661316957 33.21206958740621 33.63817436438692 33.18772443562685 33.513377815615755 33.39039238675384 33.917408140264456 33.01373982924841 33.11424684152625 33.901423939490655
33.81441157434 33.06576008792257 33.36693870309265 33.3739409862603 33.07058504895119 33.29717076149363 33.246890146985635 33.86179418152193 33.22406126227572 33.286841841557475
33.713685526530924 33.34972872920311 33.30895113801991 33.917109723141294 33.220910969542906 33.70271778789438 33.516512404591495 33.57560984821959 33.28743414504283 33.31347806870098
33.511630816449156 33.765023454265325 33.15992448009752 33.90693822016813 33.02866769433448 33.22452861395851 33.167719420926254 33.44578243142702 33.83264216208683 33.66772288995531
33.97367974352848 33.84779312888716 33.12487981623417 33.02401034019539 33.558467420783856 33.27356802125208 33.996674218049975 33.63392339241256 33.44071752753147 33.072288837220384
33.59017135579669 33.19357588037258 33.33186537427832 33.083569873394524 33.212601160323274 33.369420383433116 33.15192900052407 33.88501698139385 33.76814476178692 33.91170950479203
33.09133571764888 33.74797819236918 33.52113946717249 33.78353730929658 33.1939215805516 33.51806967834565 33.38498832321366 33.29206374442255 33.75752023991505 33.37241144288743
33.64305444823143 33.45950147309628 33.701098126345535 33.422109520254644 33.25098482601339 33.90367064778599 33.931180874959765 33.42637229405647 33.64432236073628 33.31140470378281
33.65535571011548 33.46375063971495 33.28092860467845 33.182815565240276 33.536923149967116 33.266342804073176 33.98465425469914 33.90040443420902 33.56231045379932 33.064406944041394
33.52485784028982 33.33422984692353 33.50164872164829 33.21167493831021 33.76578800546238 33.13282200098651 33.88295415426232 33.56576402324823 33.15050782765089 33.5692585761276
33.471643077786126 33.58343271113215 33.24595457856841 33.31279390980503 33.349649782666894 33.357030703526675 33.568891787310854 33.77865970201367 33.82220485788349 33.366342394516515
33.93692485872631 33.77213281196954 33.54537106941375 33.5491267880162 33.14441534005505 33.987690760493386 33.46372269908274 33.40400670383803 33.85004331877808 33.55005407736747
33.375093341832596 33.23096290454115 33.180930914176834 33.19113934602247 33.1981064411209 33.28753953055067 33.707654778489584 33.845424419048165 33.30824144442115 33.59296914366871
33.12513841917541 33.4159538882089 33.629478276113026 33.347777318390456 33.18633049181597 33.21418856638588 33.521100858278885 33.45302810128597 33.178738195423655 33.109130545805094
33.88303052046603 33.41122318344702 33.508299641103285 33.73463064317395 33.3180985573394 33.96996937413053 33.76074283422085 33.19851288374502 33.63595615350908 33.229880478223805
33.94749293136152 33.613126120961596 33.460859829806495 33.57978107031833 33.511353855422534 33.424160272455524 33.214358330756255 33.74513150515417 33.066603938387765 33.953040787914155
33.78061038973395 33.21900946560217 33.72111603064883 33.530679842168816 33.35991374886932 33.70221498040635 33.656493460610996 33.89584949080207 33.88052789731299 33.80281398871767
33.17024552006184 33.63530690674941 33.54924590672902 33.2104309488725 33.12308768492292 33.972892479147376 33.67280366073265 33.17130783518737 33.7045715941424 33.53376269456304
33.60251197141506 33.12030569322066 33.40503100338142 33.76742702775115 33.81494456106979 33.9020033818722 33.93109377468321 33.975033725587096 33.31621259415364 33.34972260177147
33.99496666198557 33.94069107568475 33.800520223965904 33.02353525952427 33.791488011994204 33.46446195557057 33.76810976911202 33.72178552908576 33.8919829236277 33.67377116416597
33.11336938831211 33.97538574748937 33.230244198241444 33.850316663581175 33.53078979306612 33.110121658120676 33.83350186353947 33.651177346243784 33.454621086410754 33.619429116529396
33.96003270617539 33.025661409380334 33.14749429044557 33.52858121632485 33.34510038302665 33.83354144698731 33.98393701396182 33.15095078821358 33.32820626919799 33.1556728874058
33.93662558710956 33.13799040027171 33.737169304819 33.55459546556853 33.76638150174934 33.00679810692443 33.538343179716215 33.09056752439018 33.441332600722056 33.39261392676007
33.42731741546504 33.72758558815014 33.86632487878006 33.11831865998257 33.7307385017111 33.87429240152602 33.09058355343155 33.79898308069339 33.2174262212404 33.19627884883709
33.779787167740956 33.10674220432885 33.67574899879868 33.50913640035978 33.88813184608732 33.009745863931386 33.40426181361303 33.515718093867804 33.14662753744924 33.26866312619521
33.08389854076675 33.38641822038054 33.19578109422338 33.22519545070148 33.85255025893461 33.69788181691712 33.93398659472261 33.44927882910091 33.786649905930915 33.04340705572717
33.927355836405674 33.125132905563184 33.40942243901457 33.70740501987565 33.53238711170663 33.151040924451635 33.29174934741312 33.15663275034298 33.719784012031056 33.803720838899686
33.2891348392027 33.74251743600974 33.45589978679933 33.475375312982095 33.46705025046782 33.93174094333027 33.897697577612696 33.42998379946734 33.306972605517515 33.586355098503375
33.58778016420108 33.74512723410725 33.35672185407838 33.30005038891218 33.29795733628866 33.60661216093372 33.091240689443296 33.56380186695765 33.16298306436072 33.905387721600505
33.38374969922505 33.58196765728044 33.27050841664355 33.649725294484625 33.652249945825574 33.8890169619044 33.928960613093096 33.05035766932351 33.44263369509061 33.5274164230881
34.42197246812932 34.2622504491542 34.93720378642115 34.43880469522649 34.17615027379298 34.673905714458 34.63619017503233 34.89343694274681 34.91838306132934 34.32357378015926
34.249892306686334 34.23698281161982 34.579559052476945 34.491476253723214 34.66036430297305 34.96911218968011 34.41347033799993 34.76811940299967 34.664099421304314 34.18490562153896
34.042850123616056 34.93100382238076 34.090958926368515 34.70797700120082 34.91890116816553 34.77551304026561 34.80962999309067 34.82329815449704 34.98633823275537 34.640489920542684
34.07618616934848 34.378066355986995 34.18288120937904 34.744986369881545 34.65986258763539 34.160557505711076 34.770299892915105 34.60989889656418 34.18894806335447 34.88975894955982
34.39352501366464 34.77667827664946 34.19973435403269 34.85267791043721 34.19500490213287 34.75502886027792 34.4427524120141 34.21157262632218 34.27340037608919 34.63248945109718
34.10306455067608 34.26995539861222 34.26887525129592 34.0610138558719 34.72517019502546 34.53406754498867 34.88165340575541 34.39914636613086 34.79812235965316 34.235628675904294
34.68617773355584 34.63311367694969 34.15274061093392 34.0920135987129 34.69012022259038 34.32613099354143 34.55034576948814 34.471612106141265 34.705656480936966 34.25244760572908
34.101230309443956 34.8049782424143 34.74983193208603 34.561132492029444 34.44111765405392 34.03647737416405 34.37151165747458 34.28432819814759 34.915152741785185 34.14649091333419
34.014318654705114 34.75567716174292 34.37150497058526 34.29083984563456 34.26813075056077 34.03685134467687 34.550454023312746 34.90194042829124 34.13611941857158 34.7635927852341
34.46986788261774 34.1753060016801 34.24997833965704 34.91739901918714 34.65427163174216 34.72536155111679 34.302903580400205 34.90496385099524 34.53224451471681 34.83613815116802
34.838050925612364 34.98471090841062 34.83567195521925 34.65526688277206 34.92961059073493 34.51823350380786 34.37441804796456 34.883792671832865 34.22430297541735 34.74418099906912
34.13127334890116 34.99968055820038 34.273013790802466 34.773108919231404 34.22457198972816 34.81948807990725 34.075450311147755 34.28403565049087 34.919660408775506 34.25052962674501
34.844858111454165 34.08055272695647 34.41281385642369 34.20645322642774 34.10823829859863 34.58186180356147 34.17299259939061 34.19252920098762 34.563619914665296 34.506823730343754
34.6099088165806 34.38069665938118 34.31636547326167 34.15937346215044 34.53121840756491 34.09597180833656 34.81955082088687 34.11478374323223 34.45940554551716 34.63971103364728
34.16602034148343 34.73416602013641 34.46414439804213 34.72111572078079 34.736697601515395 34.099962232716805 34.935526401412915 34.295339365608086 34.44297513006448 34.17201866807496
34.20833975159412 34.45593181509701 34.77854562977166 34.10543445985913 34.31575205593112 34.186583450523116 34.9048264308109 34.09422881214561 34.05016102576405 34.71560749308909
34.03416783704173 34.80897296583782 34.93964202520647 34.936326246484754 34.446325005512534 34.48188392033364 34.71033567194846 34.85750262682596 34.576212207181236 34.95947895598577
34.29828261813114 34.33018573129009 34.74474736555579 34.59074140468314 34.498626152897934 34.360815243968084 34.269633735439385 34.64784958706803 34.895768672836425 34.165156301843545
34.88921480882098 34.08687250958433 34.80498057891093 34.74361277879055 34.66007733372722 34.847437584110956 34.57412514306815 34.16569393844177 34.74786674762893 34.563226716224925
34.74357690230772 34.93988525467771 34.820817973965255 34.50925948270871 34.24307483829799 34.81490162823835 34.07679407744184 34.84727277472988 34.0161659402584 34.10927691660142
34.28716393283684 34.74710855803953 34.20605869964386 34.198471054172764 34.624639174214025 34.75987261334896 34.31112027300253 34.10215204605841 34.4572300331792 34.8977287290671
34.212924643142536 34.96427137895943 34.580205826157695 34.82239745243088 34.76548974894365 34.41673302301966 34.48151553259295 34.49667448686912 34.42226264120004 34.965011362169804
34.03363315413168 34.26749805816955 34.47820244198627 34.81890399577898 34.40837867813661 34.18182033817077 34.9296791787574 34.75106550577325 34.57855462608342 34.55151597326104
34.67230693031229 34.509695051459126 34.81781970860779 34.304207168309446 34.13733832362043 34.99746018410202 34.22031598117237 34.97704936891384 34.417920521812356 34.93128723644723
34.729337720599716 34.30687708233649 34.69530190923333 34.870499703310394 34.813744473394024 34.05858617162191 34.56511743818875 34.95488803885517 34.11148492625141 34.203355396213915
34.68517005224541 34.42964565979523 34.071511582971375 34.809286368837626 34.01866435688773 34.05070751087041 34.86853156115377 34.0392681081357 34.83063803656039 34.76187911093753
34.63945139312485 34.46434860374039 34.510375389479066 34.61424561448953 34.396039235629 34.49562203508171 34.238876185291225 34.7587019751628 34.80524068460553 34.11361786818551
34.497993097416646 34.484046740107964 34.39674940202921 34.23140358363585 34.426638466600465 34.69593382872349 34.65684725113689 34.966089735736354 34.06950161339785 34.93607781310138
34.89819292897203 34.813152887784604 34.63500652190433 34.02646032993678 34.75715231678666 34.218968070524255 34.981778029671126 34.68988613903807 34.663427149685134 34.32916915606764
34.686675257301175 34.04608962454566 34.65115374467842 34.753932242435035 34.212488516390316 34.71169339520699 34.436306561641935 34.036003565916005 34.88968597889759 34.342672866078836
34.772155940416305 34.13326986794529 34.654135294112336 34.84958171793517 34.71269353720987 34.634896121244104 34.74151377168614 34.18864506331645 34.5633527000483 34.618531650999586
34.82916082667899 34.58592846474254 34.97901517033952 34.025812535459636 34.43741481207543 34.28714275381568 34.88120973295575 34.184364499713936 34.755015172315304 34.44224581687474
34.60957255196057 34.63673747400131 34.436940663903854 34.53185452933856 34.99705237188722 34.75017896430554 34.33809311995526 34.821581227567265 34.86400883008104 34.675880464437554
34.59252479355214 34.69076063646463 34.7632652824807 34.10230753711248 34.925447279595346 34.323635261561044 34.67634208648545 34.90445051766354 34.59404846574488 34.17391801350702
34.76051027308808 34.229309822850624 34.893183075684064 34.817753047289656 34.17696948288571 34.77765593959295 34.73329176974627 34.29544714347658 34.49236826473737 34.04308099331138
34.400442341338966 34.80894535826717 34.13904879037706 34.05158547373944 34.242176110525634 34.689876614826154 34.943812036136556 34.708419706011036 34.687881335739476 34.882095850570444
34.79066377740438 34.20362708272094 34.70870451809501 34.79300189637958 34.069915587487756 34.0537117147308 34.54954990483882 34.25951048039566 34.684179219914 34.2640804867298
34.32450596803359 34.547414672662775 34.03120668586155 34.78538550792035 34.857077436380045 34.75696559132984 34.56419250808522 34.90661986385966 34.96788979072949 34.74285855313758
34.24206874137384 34.478796091145455 34.265072545426165 34.67341062826188 34.42548729294168 34.895262897387205 34.376316921147264 34.65156800074458 34.54859810752866 34.56819330170647
34.47664207433426 34.399482094233996 34.202396095082804 34.235502373734 34.91219352275953 34.868746181496945 34.102323394553515 34.80843088336696 34.69793621672366 34.77998449109099
34.7809778180242 34.62725667266879 34.675893908814025 34.51833839426689 34.74619265812257 34.93107240384544 34.160625580336145 34.515495165702035 34.27541630607643 34.0672953460248
35.96991851064161 35.234256953870194 35.97923511934963 35.46755050377991 35.841216826974744 35.13824854184233 35.760046507649186 35.69879605943735 35.36809349580158 35.57721432815148
35.81630321139098 35.962035597070944 35.756112667166335 35.34745681597128 35.898414257250366 35.255689085925546 35.89371810614449 35.797319977492435 35.10930163089167 35.04667029524623
35.461323093603745 35.73922251503818 35.16077602100028 35.69944570777994 35.06056584920265 35.10259803272199 35.14630933117643 35.101825757708774 35.63573338514331 35.216199927497
35.57144480519496 35.89596658891987 35.78064629099105 35.84358137160922 35.595000964055465 35.47403626286325 35.87683572816081 35.61216112603602 35.177388460980225 35.430226720051635
35.39263289072493 35.27413870092676 35.10677371459683 35.47426847765432 35.08783038192241 35.316623019509315 35.67948689014411 35.90633275292214 35.314864050219995 35.79869076305916
35.14798614749437 35.62918098290394 35.08500272068356 35.93469191998561 35.91785390080163 35.330649273844855 35.07682273652491 35.8659719835712 35.87471491252542 35.90803131429232
35.30428241444851 35.267281265189396 35.152630448947555 35.42565015316792 35.733001783496995 35.91949380537052 35.11743600968355 35.89788572619235 35.73589099914705 35.146859570845706
35.33165533502603 35.972151274992 35.9130603575305 35.064865794911576 35.792036319919575 35.14978890094924 35.465984046007144 35.9138839328284 35.78641936878649 35.52758076145593
35.012178283366566 35.36413111625258 35.30356224363719 35.168548892771604 35.45419423303398 35.56907625048099 35.0477098240833 35.11794327156932 35.27551449750519 35.91727224234558
35.75911126463502 35.76879453627628 35.425981610330545 35.886697766681344 35.72235075730425 35.751134064226996 35.78067558754069 35.141043402513795 35.05627276755154 35.76996063120482
35.0086970268943 35.02397835841171 35.62244592912907 35.849259755561846 35.57210087120568 35.90528592606895 35.16352458960626 35.25285799179294 35.490265494912485 35.411857000419964
35.5885304620966 35.94762142301785 35.451270383226905 35.436882779857214 35.158991254713975 35.85048384367437 35.829395198420514 35.96218941105041 35.698037265876565 35.258016651023894
35.17664159047864 35.15150845223576 35.84397031861144 35.795729530140235 35.79621867647686 35.87657929537935 35.80048483211122 35.9440166996414 35.07722161331878 35.82333050362022
35.99763304874483 35.69864119690012 35.372272461413466 35.59198927669029 35.570792393469944 35.205874951481945 35.333680795945234 35.752819107468625 35.5893055918858 35.27589014149447
35.78872130743432 35.64828804318261 35.52212877311042 35.52272303433488 35.43091412798633 35.84282071557751 35.51473712889591 35.50510868276886 35.83173323796733 35.51288958488177
35.66970112035536 35.64971073754818 35.53595662093288 35.74305200019227 35.6727608492324 35.926748169504705 35.2939118227134 35.64764106999655 35.78688995563589 35.217746022744976
35.805158865954375 35.473170676194215 35.4487545202865 35.06611515498023 35.70069178613812 35.35311546665954 35.44513665345514 35.03349140338117 35.87452933119234 35.184579109997195
35.92130635748736 35.198242021280166 35.690604172085486 35.17546525813053 35.27898942134497 35.42727297137494 35.03714908118086 35.97111710234932 35.3584929181088 35.92824831109588
35.67831757604072 35.91099340955319 35.167714462362866 35.2465581292466 35.86156579686226 35.88880002734426 35.82017488117406 35.30984917749451 35.679361230137744 35.493597762981366
35.27487820773844 35.34265855186877 35.2550728906068 35.59475878189281 35.93271735443947 35.47466682941899 35.42543684731891 35.30024550305294 35.13730703154518 35.648314533122964
35.22578014021882 35.26553751189231 35.152540578302684 35.99500159946441 35.14922462976295 35.65963326653079 35.24483052027143 35.19381666786778 35.84738212062597 35.70490548738834
35.64210063918686 35.115577543066834 35.6146929228559 35.31101846738448 35.15471732561466 35.745333062381455 35.33317062841424 35.442966219756826 35.14574844674786 35.50384749371939
35.28849473869765 35.4187995990432 35.66457290792485 35.66668775200224 35.324334937244586 35.39577738586317 35.91480249231487 35.5304072402717 35.18778980752525 35.503096761463965
35.384489045576416 35.601944821754486 35.96531180431236 35.76961622684334 35.91467934211762 35.48495473693606 35.839441723087724 35.00853403854105 35.055469365051785 35.95211155418121
35.469117348440165 35.52746161690153 35.098748852023114 35.39653604703942 35.72698528482195 35.25205661816498 35.2481155040678 35.84083918421167 35.489059070528576 35.35235796891141
35.48897787860334 35.948883033696845 35.665230607954044 35.74319092313417 35.855654872561686 35.03320924637533 35.683555993173734 35.893487217996764 35.95731850325146 35.880186912747156
35.19690110002751 35.22409215421215 35.82091617271016 35.32528351454277 35.867445903848804 35.99960615101655 35.33674728087336 35.90246406445949 35.702711305951595 35.027035914716755
35.85115866237994 35.56457486388748 35.56618540013155 35.66250611828176 35.74086140255837 35.425670608552856 35.16629094031316 35.597009665880684 35.124661999499764 35.71159430232512
35.03934945246472 35.64315060293458 35.22093851472386 35.62172146103454 35.78536142942057 35.277060779227234 35.24298245058664 35.6026314191678 35.08983647350429 35.00314757255856
35.13936585316953 35.61357062326861 35.8705709763491 35.70405698735466 35.932781712320235 35.323923490799444 35.225185110353436 35.014212289616076 35.88834560589953 35.82450875705653
35.72339486633712 35.41251582800974 35.251135030918704 35.35737043895559 35.987409277728275 35.168277274313674 35.832782051389465 35.77283416284173 35.43450657131707 35.49415906910835
35.298224249811504 35.907951127282985 35.51775731307729 35.26090540196544 35.60625734890357 35.84705365440446 35.7940266913056 35.41084859782506 35.69132271623165 35.07299772237566
35.67280192816271 35.77066252298114 35.13900175850699 35.846769469510456 35.75505529888732 35.308559813563534 35.30397762506901 35.76348425316341 35.25826671146572 35.00710577381386
35.54436630741277 35.47387017547333 35.53624399120516 35.75596196641831 35.697473402804555 35.35272555803085 35.01872654491313 35.87480637087995 35.58963505646154 35.99739993624065
35.37785503380889 35.72102980830355 35.7392973425683 35.53161277523353 35.622598999319145 35.55702128486679 35.03293572486669 35.211522579186656 35.78027091622363 35.706866932331835
35.44201655480857 35.31539413942258 35.54738702140688 35.28792527420769 35.35861931681054 35.76463589679453 35.04150416602601 35.04341674053618 35.13373490739173 35.875895799879814
35.82447320287129 35.500422853656055 35.832918484503445 35.36363134731945 35.4388389193606 35.663042843219436 35.18589025101418 35.21354526206545 35.80165507765281 35.717056095701224
35.19984096186116 35.329505571670886 35.93377257453227 35.77029146734023 35.930613635129845 35.92004476694837 35.66769749058259 35.482004723841555 35.46159634027427 35.43525972942857
35.173405306145774 35.54491841575676 35.227075550141535 35.49091045303108 35.369035883501226 35.37517864809897 35.43496320184215 35.6237423995063 35.5421836775108 35.03833608908077
35.49322516255968 35.91053332411772 35.797536462760135 35.39355885127057 35.025002094349894 35.453092867586726 35.267904235127986 35.67363745652594 35.2693288264813 35.4824186754476
35.561700193212175 35.14051724275071 35.215202889605564 35.677095316154336 35.00912630934977 35.62150230775479 35.96932978603519 35.23255856524886 35.84428017127928 35.08983773796601
36.65092689544051 36.653253083372825 36.260101296982704 36.4990559734161 36.71269647057828 36.928973637761445 36.54672335703858 36.90910619214113 36.02621417904443 36.274881396769636
36.00776499297558 36.58880912877805 36.611819012991816 36.47558607988727 36.62675118778551 36.21650339219041 36.04821446981122 36.65995403762622 36.61846163649356 36.41060284944243
36.09550317678951 36.8755696601236 36.0556658011731 36.1665117584039 36.76166547099519 36.44212813745433 36.34861962624548 36.90232091211832 36.77003266747843 36.95464013592259
36.47286149775182 36.722934149506756 36.1440933690592 36.98017979202348 36.49026033384434 36.20075166422464 36.41601159863639 36.94600949486195 36.08893231207614 36.44076284820171
36.78652364408174 36.452266067917634 36.57955613248636 36.4488780114596 36.41642012598462 36.25899496029095 36.02878223836375 36.8545548079848 36.913608396589545 36.495170098015706
36.98484400253282 36.852252030673384 36.99478999567612 36.21643916913615 36.556143855756126 36.82096952887223 36.24707636520384 36.29868523585876 36.44050109420514 36.45711021246574
36.892405668960464 36.79609742663733 36.8709121599365 36.413125829093055 36.46641199202773 36.315294689627116 36.343088228997715 36.372885758888295 36.36343783650065 36.661148691567305
36.42069935360453 36.214433634516276 36.27066967291019 36.995302791954586 36.876167697667285 36.411773992827435 36.61691511116263 36.01498626376117 36.918017350409826 36.109557134823596
36.29532973577844 36.20757412513753 36.28020171638289 36.368007296996986 36.08444052628863 36.0654444475292 36.50449364798586 36.920165584658484 36.38810179988654 36.25603691873625
36.83393766792734 36.40949584028211 36.14255869533006 36.133617602363046 36.75352746624762 36.48312795720182 36.997582439151614 36.65210672305941 36.363686377775345 36.304490144285325
36.16868037160989 36.692427653343884 36.452791814045 36.01880755704147 36.67867309299805 36.05318690218912 36.3468997382039 36.45592196388287 36.05947013743045 36.87009649501392
36.35798814936734 36.887113194666654 36.96866421655867 36.0274018382785 36.92645386320482 36.96607969110439 36.59060386443883 36.203679249361045 36.35925967617074 36.07896273888203
36.137892500272265 36.55471954724161 36.40204413950896 36.20427424205434 36.24680202464333 36.67781502774512 36.75166959284623 36.04081574632986 36.56887691975841 36.42461938150067
36.015098229832354 36.60015225458604 36.401045114013364 36.333850956249776 36.55115053656611 36.67993099186551 36.767840006424734 36.94046178068086 36.09361350541235 36.63531223607197
36.971877454320875 36.98449634525631 36.04733145657018 36.64800539780936 36.262520792591665 36.590715529850755 36.87332492669112 36.25588034742011 36.93770562770508 36.819162531755644
36.03464821278315 36.25085065520675 36.89018539690661 36.59719953835267 36.56160985666523 36.178701768153786 36.336997831970216 36.935145237941846 36.41314408067102 36.58176359553467
36.22974150266687 36.50049475528332 36.460535907715034 36.813804187143745 36.633290284438466 36.07980539928639 36.10036637677131 36.726246687943494 36.18186338772743 36.19268291429398
36.21545801585985 36.77578943086517 36.57390704432393 36.138904746843174 36.445765735982015 36.135734847132085 36.95103315511574 36.057568088849 36.50557122323245 36.206809557701554
36.9212995230109 36.15625244716055 36.58900390486718 36.51798494929641 36.93340491988719 36.128537489841634 36.742825146651825 36.383783646234896 36.68591176162972 36.91981909200115
36.45357645540388 36.84178406988671 36.26439786211381 36.42421758356346 36.59560662053837 36.33251173270406 36.73947793157794 36.39947408047544 36.31715682732103 36.303632862964925
36.02992467057182 36.87208199917941 36.403596588908194 36.42134170088771 36.93765812992947 36.57150293165878 36.15006773837622 36.354060341766775 36.395161324273445 36.48016713234115
36.800207563327 36.15704585526505 36.130918888126594 36.415060547946304 36.16328624406118 36.131226189687425 36.15476483326623 36.6670521748613 36.109007952528515 36.65556316697536
36.692564518051576 36.11571675114866 36.25738882135834 36.899466943251525 36.45844478898771 36.91025936532246 36.330539364511004 36.510263424240684 36.442825572311634 36.761250476661154
36.31384258667549 36.34044222844076 36.71579526364229 36.12323092977316 36.7859334028836 36.03038965675211 36.09791074399977 36.06484855282864 36.52004900022942 36.794537458994675
36.93429319946072 36.42103900657377 36.73373373790116 36.07233507313481 36.62292826669841 36.90086572651035 36.16954620425845 36.80017902159598 36.99436962614351 36.184984659465854
36.526330324136524 36.936410620221864 36.11758337095626 36.68830180981264 36.628776339884084 36.528718364006515 36.61545969088646 36.586242325082104 36.12241141856914 36.05175961931873
36.11355771644431 36.907152437630785 36.411824071958094 36.962541107922654 36.01693812986208 36.97870594053148 36.02184008477434 36.42207556583686 36.4124773187686 36.282789646243764
36.554532495352 36.91405765477047 36.52784614320366 36.82119291101215 36.93936115736722 36.054779361213726 36.84337498700306 36.4235283528212 36.7294028084873 36.23323120504362
36.64931614590327 36.03916234935112 36.78354512141742 36.84631242857612 36.56855376856841 36.94653529626385 36.79268386050829 36.801299845668986 36.32360025981312 36.98610362076372
36.75737491824162 36.646201586183395 36.816757395168715 36.37723636277447 36.70505798024764 36.158348454639466 36.41360938423991 36.414751602379745 36.64688227385114 36.47255228656952
36.17255421896088 36.35737877462412 36.017329081627615 36.86238723386128 36.64686855385939 36.11828489199515 36.61423936029577 36.101626341289894 36.80084071462517 36.946904311379875
36.362519610109544 36.92759265670808 36.527795115967024 36.15166299561668 36.061712408532856 36.50416022510172 36.23537086514859 36.054789811091055 36.645782481296564 36.93936732085419
36.667546159210715 36.06127245975478 36.46307327863765 36.72578705609811 36.813214160094226 36.459706532327196 36.415641322833004 36.61478194442359 36.67668254071465 36.11405807205332
36.257446008630914 36.418010228760984 36.01839956305782 36.33376816758078 36.78991851897305 36.22596661683258 36.092293597883284 36.33685225569444 36.246750930891814 36.27776192609676
36.65313639935017 36.73585944620963 36.405965065747964 36.267277435406996 36.27305347587678 36.21721821140858 36.61390420364003 36.42414889511088 36.003279578641745 36.09612608737144
36.17339622814477 36.1559801519484 36.56093677853339 36.26768167315943 36.79827056739333 36.523428255774064 36.118192320112776 36.500180768919094 36.935040610926514 36.711520472117705
36.049783896033695 36.777394212283916 36.62072770383514 36.31779060638273 36.50368886842318 36.31949647669832 36.94521622707953 36.716298150425025 36.19975304655531 36.11641595204337
36.11719400507517 36.976320733795355 36.43238400215551 36.29272917293583 36.59464599915004 36.815486441726534 36.85595232805695 36.38982270425091 36.73403331922699 36.84933974675937
36.26533407707673 36.698898398718946 36.93670374784379 36.9628108108505 36.249066173680625 36.107498951862915 36.326743847862716 36.97378467214091 36.28887559979358 36.532582004046986
36.25562896218592 36.59905312128269 36.3038107145843 36.87857148069847 36.5881468543315 36.635112793326314 36.721196194615686 36.77298557898749 36.34001761869238 36.11761166181917
36.2571297989384 36.931935710574685 36.63539286331078 36.02898309821449 36.49177280398439 36.70026993096203 36.54091572099138 36.08168947338387 36.50710881713486 36.11329306403858
37.25882458686689 37.527402598350065 37.04055066767622 37.44671224304168 37.41953758943015 37.08206061870309 37.448614546140575 37.595608929716754 37.72911938975564 37.61209490036016
37.18967610697963 37.807125474685286 37.267070561779555 37.93122348572662 37.96548773584526 37.01128230410256 37.80117008003216 37.042557665950085 37.62304972890449 37.495316951261145
37.58863882996971 37.4273711120018 37.41159268965307 37.94916359737928 37.266682833423445 37.52973157465706 37.21384208145902 37.9731681161373 37.60051220803798 37.41529758830796
37.926400429310114 37.98386008328844 37.05322296707221 37.69293327494313 37.25099602599168 37.07957983077309 37.36946547854886 37.179396803949466 37.77651192289864 37.83498528990013
37.623614740765646 37.46020883375702 37.381122255237166 37.18193970779662 37.47319501155209 37.45390959121462 37.66452745632254 37.50400827424029 37.67960129298214 37.32226387059503
37.332194061605655 37.82276762305082 37.3106988174287 37.585575881575984 37.19666836644466 37.48635950231494 37.42367118044204 37.100126491309894 37.73544777690407 37.084195764932645
37.441526109293044 37.633847595863216 37.95055758127893 37.40644907632039 37.882957725353144 37.136699483369206 37.611894816664986 37.14293938936006 37.58280275236739 37.44381908214964
37.834565073639084 37.673254052931405 37.04911713984812 37.07235791016415 37.339852130251515 37.73841449713025 37.14293896656975 37.9770309651447 37.680124472481374 37.00413061680799
37.83809220549919 37.614748305299614 37.16989656523087 37.52665883297166 37.420925264850815 37.435303781249296 37.258427079904045 37.91450787556455 37.12366717193349 37.96294582053351
37.603650133449385 37.542712147381856 37.85012312018045 37.962757717551476 37.162899724305504 37.52111888387983 37.348720644983864 37.796125580450294 37.20280188846724 37.24411256013806
37.91545641077489 37.96117450854461 37.24887240709126 37.25642596846524 37.468082359366534 37.986904292062704 37.64477302180631 37.858164437581145 37.622910099212206 37.303858054714624
37.57184218088221 37.34189568589858 37.226900122032625 37.449508727505226 37.09143111863717 37.00563488333028 37.650242306785884 37.98314961561274 37.015739551890434 37.1177805818981
37.02842348428664 37.78292694174877 37.18726005369886 37.823534425892284 37.55781579915976 37.97675417881329 37.052603404830855 37.577063106395876 37.89510997433356 37.619198746642454
37.25339180335368 37.05963862284332 37.68845563327013 37.368034147945565 37.325071063409865 37.701218741226576 37.27696044089689 37.83700151927892 37.493906110678054 37.86140653012551
37.635238780372525 37.005426377504655 37.993089402802866 37.44545404496793 37.71098955563639 37.05068781383497 37.280804659471485 37.23195234635401 37.40612211010054 37.23613919681908
37.03625347069967 37.47107596394393 37.58573792815008 37.034930638817016 37.834065686634 37.375726754371954 37.664315124129004 37.49928532422034 37.95317874939658 37.972649030348244
37.51473187383877 37.99513317433713 37.86318551743075 37.40656368135297 37.67330342942787 37.81360714242886 37.54931344845877 37.19759611849628 37.072797310769445 37.843758694491456
37.986613079754086 37.14074930516227 37.825429436556895 37.44495058637862 37.75459681887083 37.50589944721848 37.89913374385927 37.892737253400064 37.99548377014297 37.947769065529165
37.8829363847462 37.28864352589923 37.662370138969415 37.067557849580616 37.42105490937429 37.62210522035489 37.27805888413233 37.88138930657628 37.31038200784919 37.751935557579365
37.230946206613595 37.54545675207443 37.70230204551498 37.43503405127149 37.97127685703234 37.56372958492962 37.32732814407882 37.171654827459854 37.33924384632594 37.36130686211277
37.16983630992874 37.55940434463845 37.655822624567676 37.54498188997535 37.56021234284333 37.05223846360444 37.137893645839476 37.392308102830064 37.223016257767355 37.50608175542456
37.66112119301466 37.11143319046705 37.42230795785689 37.65929278408885 37.88722096139686 37.19619472696694 37.9790670575919 37.744050554367334 37.29666182512384 37.764447397586935
37.600678861797654 37.753839583784455 37.72351289052488 37.112318230796426 37.65874729168766 37.50256163707103 37.576059162433964 37.84306306180744 37.27903499601729 37.50240471763156
37.04497497595906 37.83642387321059 37.366119712617824 37.86045068838129 37.25025711657004 37.01286303521762 37.97539498743193 37.848105023008145 37.458784108473246 37.316777517782434
37.266332510383705 37.53278317980468 37.21628245362864 37.593772319803165 37.12346238137476 37.87789034278131 37.480644025588674 37.06929871468087 37.415316798918596 37.01498216621069
37.06345770984104 37.764464615337886 37.20006446211936 37.14788324617838 37.96009042760162 37.19085756456687 37.76665901680793 37.45691017492257 37.27371379754835 37.218786600951915
37.88082412377447 37.74946570893212 37.34389135826021 37.032204552184105 37.70717235354602 37.124382439205675 37.70357946889507 37.322326941118895 37.36516073133977 37.800064639892
37.737797813170005 37.831895265775145 37.07789689567183 37.87031126228471 37.63922926748597 37.21618296919319 37.440765864375926 37.382024014380214 37.187634992529425 37.37189793775113
37.63412653613585 37.359098468523584 37.10751003230719 37.776736648666294 37.02249153357829 37.80402332634226 37.01719336038897 37.05519654322916 37.732017576448484 37.89718849024117
37.272685585950505 37.940354906334036 37.478797735615636 37.58363018439595 37.33071667697244 37.036674112556874 37.13236161592385 37.48791716113225 37.6081447766318 37.30549467359402
37.24195225972455 37.630109120259235 37.198556703420124 37.9927287932937 37.027564121668796 37.72919472846929 37.221979322200795 37.79736920747063 37.14338941498003 37.97514309640402
37.02990057452828 37.43977916805358 37.858234672097524 37.02667975905912 37.96533734182033 37.43033143222514 37.16563351642314 37.64912378627554 37.886477181511204 37.76181499561254
37.735795317512114 37.84510005140993 37.202459150172125 37.453130999808245 37.552193731911 37.55066704686917 37.74114886583405 37.35714945700261 37.53751334110213 37.97037661068435
37.37130132652711 37.4122010707828 37.46683616512272 37.40700963465262 37.93529452027346 37.56452951357991 37.99036446902293 37.0052071788737 37.71365555158099 37.91813108929093
37.643639813839734 37.17294365168044 37.338890539815296 37.27876034702959 37.31013292466434 37.570765533231395 37.80366812753549 37.15048193367302 37.7192423608903 37.465944646229154
37.96719572599708 37.416000108315785 37.212154651440926 37.937172754827905 37.75366684568932 37.38609950024587 37.188682220809866 37.88514999636075 37.057946445743305 37.638881504333035
37.63120140416713 37.32656524529541 37.462706552977814 37.539102894540825 37.658110599308706 37.425238089148294 37.33061041039574 37.78804281151285 37.13716562119804 37.608457716502436
37.46042127623191 37.82826540259551 37.725409679695005 37.16314303527179 37.472184397084504 37.818849457574146 37.375276147911265 37.331322511801126 37.07759116591179 37.23986951546785
37.3113876756562 37.667078585673046 37.02417832942055 37.37053757270783 37.96535633951292 37.4665215383922 37.66319273943448 37.83672722884548 37.815392754186256 37.51374318690634
37.604043360868936 37.91272555818589 37.24257125876483 37.21480284015696 37.4739252544598 37.10678425388885 37.7118869054472 37.30214851394576 37.88811508936176 37.18601785155462
37.813779358203014 37.6834789481302 37.35460125009858 37.20342402598713 37.96058801600086 37.68190282993514 37.986126347114315 37.27827699644112 37.822441217896184 37.86835379312031
38.57338299971284 38.850871790154784 38.90837200887199 38.92257061227299 38.78501911309333 38.88357389039723 38.05099172361149 38.475554405622155 38.003271510700955 38.01235502267276
38.93684157873358 38.68426532024096 38.578462148139856 38.96647250950055 38.23958195477052 38.36842367659668 38.091254233548774 38.66867646720539 38.3594676220968 38.899631229435236
38.54848025612032 38.304305233343804 38.25009669767633 38.67463039681195 38.306517616350796 38.304856067348766 38.322209674729635 38.92737066431713 38.91560182326233 38.63009535970503
38.95435441218795 38.83865273656121 38.00913106196318 38.95249787267571 38.71152170205568 38.387472934121746 38.82393053159812 38.348782686660535 38.97539533635523 38.154791659123944
38.93060804401301 38.88553843120128 38.32364927908573 38.33830122148452 38.27754765280322 38.04940859497085 38.6607642815189 38.565870288224545 38.70775106558554 38.31703267827876
38.799124498183126 38.70569343845213 38.69465125793732 38.2859168884815 38.91669440588583 38.7627755961947 38.16118665639801 38.69463370819011 38.076365080799626 38.12423373882156
38.895838309790705 38.349226579499415 38.78209794538963 38.8699984852482 38.259996339773195 38.4424227141123 38.36828344288693 38.60085060461646 38.59293633842176 38.00323292904086
38.87127046551795 38.252328948949256 38.96385024950903 38.24674508784276 38.91581258500148 38.660897666653284 38.694790376016186 38.40739284695558 38.0642147097744 38.227861961599736
38.384049216198655 38.23370935984623 38.02225448975237 38.88687397421838 38.99641193360987 38.698551207691864 38.07349025827889 38.722470819879675 38.95488208505368 38.636004799642684
38.12235763683959 38.009939478927976 38.06789594167516 38.954663985541806 38.76649536274714 38.15090399424808 38.55670388361939 38.7966941559331 38.890029772818046 38.96438227642862
38.40951213163872 38.51307463847147 38.37208723840839 38.059661745051926 38.782141817501426 38.60763782586936 38.63859206154669 38.56519366158292 38.189376713275486 38.866000054157155
38.950446814023415 38.31680877691726 38.78683451132703 38.73020555288522 38.517481221844776 38.718907414138 38.13011120502649 38.60588204774833 38.75509452603593 38.8838792236231
38.416111659324955 38.19593194994546 38.25930547284092 38.327859497181564 38.36089407101944 38.14326104535328 38.36596313566765 38.455030035866415 38.54901945059295 38.234772133894566
38.48116076687695 38.29802444382204 38.30131183557525 38.16982783100938 38.72243398362657 38.49859935469159 38.851098747172514 38.42861381991605 38.7941136296411 38.31058447283631
38.89341561955209 38.089309760165996 38.43524281770123 38.48622575672806 38.37732175997939 38.537701841408946 38.22475657330277 38.26738807810851 38.748389702254876 38.88884783153211
38.006161585558594 38.344684827349575 38.71659377602638 38.597631600754646 38.7027427525003 38.570453707920024 38.024237866997375 38.173520670139204 38.83436223116073 38.41559934277976
38.61922601726315 38.13456764724863 38.61820559798614 38.64567530126594 38.10089433521037 38.336671597404774 38.13836899887676 38.45817907767301 38.29878593860038 38.596343537493155
38.70297020953981 38.37088569213896 38.369165129139546 38.08869538493943 38.172505320958095 38.48014685447162 38.84973126150977 38.34709936078962 38.73946233981011 38.318434149767086
38.699906213541084 38.81694062201366 38.366741501880796 38.432006679704664 38.47223396881088 38.82311304757407 38.85122144522358 38.972434356318665 38.40984483011331 38.49938406245932
38.26884967010382 38.04981059098029 38.44560037077188 38.69748179128042 38.37892398579776 38.330838948500144 38.79045002489522 38.14473320129688 38.41777200958135 38.3815801417933
38.04169369910302 38.15130985813695 38.59582320412712 38.55249724493506 38.516258879227614 38.98161327550008 38.52710867452275 38.78253899143736 38.81976542092641 38.59905897371972
38.76651166223779 38.559351682252604 38.49906434765017 38.86949514035479 38.60763152639819 38.41431277301302 38.99410149833295 38.46571755331787 38.30291283363414 38.753930095864355
38.0043714144959 38.65401994015216 38.907730059430556 38.53325255035862 38.815889658949956 38.86344491278034 38.02140790257353 38.26228946521496 38.096527360797666 38.4393770917281
38.80069570572583 38.10303788043305 38.16071437251707 38.2653471813844 38.75500409024394 38.36256753677925 38.72893272660812 38.00039173055724 38.99775064041331 38.516716216660626
38.763085308321315 38.52404028598584 38.82445063752917 38.009298682198846 38.04573903601943 38.8069778473407 38.715727717532154 38.46333425998503 38.78940593123595 38.832657331488036
38.122208980103004 38.61365009935704 38.711439549609125 38.3836134957638 38.678307247253734 38.22431801549432 38.69078800376339 38.47595565003234 38.81318302947037 38.489734855346015
38.33475940217109 38.97649403859278 38.079717371836026 38.93475777976223 38.52711888279489 38.46918035965927 38.90611598393808 38.62715748424442 38.303251338303845 38.75102010335933
38.889803981867615 38.594753751334615 38.203787207123895 38.43234068086886 38.19955993331034 38.69994919745293 38.59500314294501 38.99227601363614 38.129376475712135 38.86597940592784
38.31247364835892 38.29755474169338 38.356324420521624 38.47204805442728 38.38386319549085 38.03115546401008 38.99473574329494 38.93861808289861 38.517412969473305 38.69711987221923
38.11031035066171 38.009481173908235 38.50459041595304 38.86879009299734 38.9602904461748 38.003829410462146 38.678533266425745 38.12996391800553 38.85963520943984 38.35940456445597
38.0943346518122 38.721937833765836 38.238167922888444 38.11690193263956 38.152879091574164 38.25413435726958 38.14995627211544 38.60615734891447 38.97685396028456 38.96198682356922
38.22372611188557 38.486247738396784 38.96572449077912 38.90298120577192 38.80189768298611 38.4644862372849 38.60587494642019 38.170231297272224 38.80587239635924 38.47339595514506
38.79278221333511 38.67268995037885 38.68648773628291 38.820096612851714 38.634002410583435 38.28207575996187 38.67109599425712 38.83914070589939 38.94491525328577 38.178821009325226
38.40251284206058 38.877686883252494 38.42358451788812 38.042823573451535 38.98011980522909 38.02100039971567 38.79675739104323 38.32951153547225 38.359694068348745 38.82662145550692
38.8931279414247 38.381941180859314 38.87728994630784 38.44710365955656 38.312151499299674 38.22807559064279 38.37424170335036 38.381554951329704 38.824394379805426 38.20829185659484
38.824530866114394 38.08838249255087 38.43977629952011 38.17378723217059 38.23591121294188 38.49338415092318 38.37816661499377 38.98189214925103 38.43568335574775 38.44851735370913
38.642866905059364 38.0145479393568 38.501286770794366 38.44731859860026 38.30124020702577 38.242592369587804 38.76878126997754 38.41568703875232 38.610700885642444 38.176459743061955
38.13604554259329 38.92303366483986 38.41831849085256 38.99800368981784 38.058183635907376 38.12852327839802 38.583577926299434 38.40350266675652 38.84454552126341 38.52811418082082
38.526376790418794 38.20450940213311 38.609930889605565 38.100326029444304 38.3861308475923 38.53105716405615 38.506960104173686 38.762143719075475 38.69289651296339 38.56083752028889
38.67225973911405 38.14119102177 38.89770917835397 38.05831557742501 38.65602477972657 38.54628475672237 38.58687489001166 38.649350316091265 38.972682968853626 38.67570649885833
38.713741801779996 38.67973920268319 38.80980165161673 38.04100575922746 38.721517163433155 38.71020777216731 38.863040459465246 38.30387472226968 38.00198487161266 38.185716772818864
39.72686847154202 39.72461147968841 39.73751678186846 39.58356035659957 39.26392753693945 39.702915125516235 39.80756125848766 39.39258104259862 39.900338065113914 39.955232772361846
39.10583045805345 39.604928301969586 39.84990730505361 39.21760487402888 39.310697596523205 39.01213945884005 39.857114724892845 39.48893207386688 39.87885406212616 39.488922891249565
39.166912486373214 39.73681327708487 39.79106560000371 39.62087526256391 39.07879355215311 39.67658091784017 39.36890565755241 39.486466269985534 39.62324388032193 39.70388647148823
39.302633340258325 39.138975179253165 39.61060919464284 39.31216555451945 39.88292184101982 39.350666233434545 39.545570956126525 39.35853820447333 39.31293324944381 39.47934014029398
39.67484013330719 39.355177212394004 39.89227374509039 39.896501859898855 39.74134135386503 39.557903366591376 39.81065280210265 39.27673509496831 39.855074674667584 39.99974299144272
39.26660900652241 39.18947655067844 39.259005101996806 39.77441043732676 39.63545411221448 39.85723415490737 39.66774530101388 39.813153664327956 39.4506257386768 39.64839451924795
39.28746025754787 39.118128786397456 39.03392895540528 39.85811761466363 39.587336901803255 39.91644482955112 39.71268495247975 39.59741707401279 39.3861258145829 39.48124761188481
39.69559517836093 39.15837666562728 39.84167603761133 39.4296874470691 39.84416754631319 39.05255507252646 39.487048430675124 39.15234225698126 39.77284084864753 39.02998238419788
39.543706618468356 39.65464416312464 39.93848231675533 39.77775346684078 39.36044897346773 39.498084440632 39.63872253166797 39.670075057306185 39.976158946760386 39.71744753674597
39.128630879575056 39.89572448923451 39.485115369982736 39.56005264304826 39.386523653076466 39.524230269734716 39.09551793121129 39.643956507613794 39.41223619877149 39.58868558425642
39.515047812925 39.664298816289495 39.324979489842804 39.06095780888156 39.57169680372728 39.090447404015244 39.94294053110596 39.67415849476738 39.78376270977987 39.39132754913373
39.973074904750064 39.90758981886637 39.92982286832626 39.20229559961512 39.417079431763916 39.090985376949554 39.53766155561193 39.50414438542435 39.308321002439314 39.50771419256798
39.610541129645895 39.323304125214435 39.43453778505601 39.58071879155136 39.83987100360465 39.682028866319136 39.27241714215977 39.710309864460584 39.01524227809848 39.528335619898094
39.96269425992672 39.09954112596145 39.33596032169892 39.15768927130134 39.78820435867818 39.950739851276786 39.85262125914637 39.20190360736692 39.2823603106421 39.745870331633306
39.3229426807338 39.60545466563143 39.791816648857754 39.93375842769306 39.352972762204864 39.13537960851543 39.04462017457892 39.23880779222386 39.812966231479365 39.878160983230195
39.03393610830497 39.97868890246404 39.16662952137021 39.86547215800726 39.31747796513509 39.23258481208717 39.533101453217725 39.4403871922561 39.65405850225458 39.43692780850664
39.01295018816272 39.22663409434844 39.75121802111107 39.00216380125671 39.05263087282341 39.595697683771654 39.78167521783824 39.841932188427 39.396262631229696 39.34005427316686
39.24138515447445 39.28515059440329 39.47924767425197 39.85554737034597 39.66827793603784 39.701845945453684 39.95516913262573 39.51189002104399 39.71829039906382 39.31517395755055
39.415568887606035 39.047505642438935 39.10409249946033 39.09492168049974 39.26161952187931 39.763396591366046 39.94194926722271 39.331888697683056 39.117370176876534 39.01045527453324
39.12344778524374 39.47789412687793 39.136158769617495 39.965609842683 39.43135815417256 39.102758585491344 39.044947803769766 39.97442294294991 39.25268630510042 39.36746140222637
39.79575511921056 39.80123830418509 39.907015442629934 39.241775141310455 39.249014362034806 39.972697007729174 39.80452236415898 39.80503076286326 39.400614942932116 39.0264210797533
39.875593416863786 39.36026899368507 39.282534388693165 39.88388949618396 39.97275441865449 39.76488426801488 39.81639073637282 39.755007598731154 39.23566748654374 39.33496948063835
39.57990630502423 39.95159781384791 39.731237471579064 39.915921597929014 39.65818845995487 39.738015791534316 39.033408568804866 39.228469225429265 39.494896741554285 39.87932320238145
39.79102224319989 39.39713538116388 39.93278039541631 39.860924467277215 39.74714524063875 39.64724966234929 39.43873345403344 39.84830141800401 39.11956675439114 39.51697602919563
39.84542974846397 39.33145664289656 39.72970171120191 39.572423909067126 39.8097632497268 39.05590250845477 39.775927260852605 39.53676163480012 39.5877335752461 39.28050971270972
39.687417935578736 39.94835307283109 39.65608121296059 39.622255586733 39.06583416871083 39.94828980569218 39.172889660346485 39.748888947117564 39.32475815055805 39.56429249879654
39.26253720966521 39.962754995332794 39.270559653508656 39.905807295351835 39.63479422942485 39.28250030624705 39.53341396769586 39.01422384662222 39.1035261163182 39.97410403489481
39.453482829146004 39.72249378843076 39.15737642967916 39.60865915410102 39.754808371278706 39.770029689867485 39.852968133008744 39.63155252432966 39.09825919622823 39.59161614225255
39.950575842856466 39.11617082175737 39.394906912922394 39.65316642747668 39.39288505233192 39.844984492995714 39.58250005992271 39.9425092108321 39.93936922475824 39.11183946362404
39.23562069069565 39.23223303178617 39.02149867022515 39.09820895521448 39.38558755647092 39.390158749877045 39.42147875391431 39.10345133415537 39.97865045322087 39.930804338834946
39.989642692572765 39.9865515761461 39.930209210805394 39.25811127489327 39.362613384483495 39.47955146619319 39.96240336085196 39.821494681387485 39.18245453570604 39.74198521042462
39.47671714650538 39.79533973024117 39.64249381350346 39.167012917350014 39.58735950398101 39.22436539565401 39.56881427291505 39.74376853504231 39.46584044449436 39.507199960837184
39.836761243691505 39.235474003499384 39.702829060423014 39.935240248089876 39.11810035950751 39.54322336904932 39.480292069134975 39.62984232614898 39.18200195520087 39.01694197919816
39.96507688190668 39.62811870992479 39.2318159818256 39.147877183127314 39.48451585885876 39.05609294543708 39.04964045979394 39.03107929291406 39.72529361614356 39.29768948528397
39.041975724551186 39.22168215675738 39.40873299521312 39.81901338739197 39.6322960339555 39.12539477669494 39.63881886737981 39.83960031408668 39.83015848854394 39.86146737506902
39.39369384997379 39.35579478996235 39.22150895993352 39.615495611720085 39.43702336237467 39.11614037265668 39.071133444548146 39.85977994161769 39.26254182895159 39.02464256380789
39.70574244979299 39.46055682387007 39.553255974887385 39.104991524197935 39.854964843253875 39.614271710936336 39.03619501528431 39.597308238866525 39.16756700615349 39.75916414330511
39.5442617784044 39.97870468991595 39.691502057266476 39.09378746926265 39.55865250651419 39.6999244510079 39.70893279981501 39.100686840627326 39.498477881708794 39.21255755568543
39.95116124916475 39.52131125983661 39.548630957668955 39.42479938239361 39.88343695950399 39.55733635126518 39.87261255392224 39.06844992229725 39.44590463141977 39.68392664391741
39.64393812778926 39.585827017594085 39.364491629615394 39.35206738261175 39.44791462458934 39.052492698118805 39.90432392842161 39.02994755666136 39.25498954561785 39.34016923851064
39.728299177092815 39.48747750181973 39.347538866600296 39.19394735629075 39.34473384992373 39.96337570547198 39.29387423507628 39.1488662766143 39.480540723697345 39.87086142939828
40.30641390793768 40.24317132630282 40.600182312812166 40.99584089429238 40.09537635385197 40.299031538099406 40.70568439225785 40.72057653570336 40.635018879231886 40.13622635813878
40.49928325776212 40.66618058652969 40.09635836534667 40.46028717890283 40.967819331394615 40.28887540038836 40.56847481412 40.32380545549299 40.4567784922154 40.38781476970675
40.08991242594547 40.99809670595682 40.34192201906768 40.18636210327 40.942357508581594 40.81213506607129 40.477734845825445 40.63407256119039 40.12068598783737 40.01665075065845
40.70446079768327 40.843228248237246 40.38663761037685 40.01350850545842 40.8292828090331 40.12162668514696 40.337788113081714 40.353962238769675 40.662245059153086 40.892424889469396
40.47915445849619 40.75410713120114 40.8838028589636 40.90219210361228 40.371682461898814 40.001827512512804 40.748425442421876 40.50992696508814 40.55002997273789 40.03676519143543
40.887465874275726 40.52264511809107 40.05147339872495 40.673309174589974 40.76455097757027 40.99724610203586 40.07842850982588 40.406334901959724 40.65803377609851 40.66371902340738
40.528991454681474 40.49039721734209 40.39758971037178 40.14134830044748 40.873069381065136 40.015307787841145 40.465826684927755 40.91743278668327 40.12608428452454 40.014504825174036
40.49081897237873 40.137132473066806 40.477897955397104 40.737348731698255 40.60176275296934 40.61340881081558 40.47151951318723 40.09245460134813 40.597491450436564 40.10762657894269
40.49432169267556 40.92639862318601 40.386377088461614 40.85423614356927 40.74390554292553 40.24061195745015 40.696183466570474 40.50705706618568 40.76141744080726 40.66900253611431
40.62372595381554 40.17003531831702 40.08703681303733 40.539821677400134 40.1967315848908 40.941948057546576 40.585516080807245 40.627518739129975 40.75408239333448 40.452381150290755
40.51406956081419 40.26380393982679 40.61566385960358 40.19540682061207 40.46057096517215 40.82186572716368 40.209329599012285 40.07773963712181 40.86693432982602 40.713666071448216
40.550031982333856 40.489751233672614 40.97071619636831 40.947462899946935 40.72495837133718 40.38057526518365 40.64739171378252 40.981186322728135 40.828550516188194 40.272635990223236
40.81642115358499 40.07702126268711 40.612574797335625 40.886285116383085 40.78613717228959 40.61352572238368 40.96894949711563 40.06183354372528 40.155647500814446 40.84384078103404
40.246824376123705 40.96411565223073 40.666361697317356 40.402024637289976 40.3204468805664 40.13382597679604 40.70141473423146 40.45426995331303 40.27063897497067 40.81021889021171
40.96817406984025 40.76773977398261 40.520246436004605 40.09136437014911 40.267180941518426 40.12698450782914 40.2727127790869 40.92100379713314 40.15029125449804 40.46637843456777
40.14296818567245 40.59515146057167 40.70144437662337 40.80674110859261 40.941113387172784 40.466939428205045 40.63540326033393 40.585285711086996 40.67191702741517 40.794804245217726
40.40297287277402 40.250262343970896 40.946934625722974 40.22696609101656 40.01561820334531 40.05514149820167 40.17109600466476 40.244252582274086 40.85806664508147 40.83190938080615
40.06189691374737 40.99367040006234 40.844394606708725 40.14902280707843 40.28687043708654 40.33673012490298 40.89126117028029 40.66679856595419 40.26380166894686 40.60938101507132
40.83136648814975 40.691488461506374 40.458189293030145 40.54451366086984 40.570876283534446 40.89901784369364 40.83374610109546 40.043340831934955 40.50646787543878 40.950341755984674
40.46426978632094 40.99856732142011 40.96081759126027 40.252599859557236 40.69900433977423 40.17011224812376 40.66976282847468 40.43372758311687 40.68865167539119 40.19324788827575
40.16003674967751 40.19290735826366 40.52548147317677 40.159371457654 40.19338733326567 40.0652205562742 40.728527508057084 40.85122723763212 40.32105649197288 40.2960876494443
40.31364637807647 40.63724825593212 40.99200925802821 40.45955971844273 40.228254850356834 40.23378845549989 40.58896699104029 40.67425208411947 40.501850074137344 40.029367406396325
40.228212550448724 40.2716867580975 40.06595701842735 40.43165164092079 40.15229964184755 40.55403689093538 40.83093537090007 40.74574801203006 40.0692121718027 40.841743628492196
40.272118389087666 40.42148584944549 40.847184425710815 40.35620150138086 40.47404429475586 40.11771698091973 40.56130558189757 40.608685768501296 40.30908053243514 40.923263141248356
40.89410222042204 40.435326948372676 40.37131617311726 40.79316719060639 40.858194872708204 40.511582973197136 40.044612195902914 40.13888347580395 40.812391167674605 40.57770767449421
40.812983416423286 40.21618810035295 40.61882192648025 40.24179358279625 40.80719745431634 40.97501271306089 40.51407191701488 40.9282085697011 40.66263394038018 40.896601933120614
40.408289823689195 40.19315406515274 40.169453908560016 40.88247061364151 40.64387101657136 40.80171407170645 40.29580953649934 40.295492168080436 40.18347017015157 40.96901351894571
40.56215158420603 40.67731851912475 40.22151489162087 40.23158066762936 40.90973226147619 40.49543347724916 40.76905565656042 40.25973532105585 40.402688676534424 40.38349325436608
40.84870106931771 40.54780092121094 40.330632575461365 40.73020917462354 40.5545520624983 40.3261650488826 40.537460082146 40.14487932374158 40.381462306983096 40.22768961869782
40.092134749144904 40.281777239569244 40.908616266105945 40.210698700025155 40.738486195778144 40.740957773264476 40.13433030963922 40.99174803036432 40.91360552218901 40.27964103530147
40.502146850095855 40.773607260315615 40.50820805357981 40.36618792323031 40.93270465331403 40.367362660899026 40.95737253571255 40.18778113014178 40.98153336208395 40.90227368981852
40.696355533675565 40.583278284080414 40.57983387547253 40.19299477619967 40.49371852881341 40.01430436474022 40.68347045485013 40.49099890677613 40.682794210987055 40.61050289739289
40.55481438635345 40.78551689353736 40.852557724974275 40.528966505891944 40.332743299776844 40.0390328614656 40.13025770380174 40.35321927312951 40.00801387199459 40.74335236617201
40.790700599503744 40.02372462268676 40.914390372416825 40.96448691486882 40.56087150393799 40.839744336411336 40.37032501408906 40.60807464426077 40.65361319308779 40.4014755777749
40.16165004069188 40.98178381528685 40.260374405290044 40.97174445809384 40.14265641352242 40.8571221121732 40.96057745317646 40.62813662792657 40.351096898211665 40.14030153995374
40.2639441410002 40.74929590045778 40.68206617765454 40.95028495739531 40.292158522411356 40.833224876845634 40.34637447438019 40.37186721282521 40.42753311307367 40.38077192365029
40.05094506564692 40.402620187202864 40.60888559737996 40.59409113483079 40.081930345735195 40.64475744755352 40.838620698023554 40.937712951247335 40.24565515108793 40.10645130044017
40.38005223964952 40.18896517411393 40.92815987040623 40.07186112565826 40.07028833273649 40.464835526482084 40.37103029271986 40.37510846981458 40.15154272511346 40.8539679270182
40.62936490541286 40.57066124947689 40.03252352887018 40.70533718021678 40.57714460348826 40.43106577929564 40.43159036575724 40.32924751890813 40.75593372123799 40.9226916638382
40.424659236040156 40.85165247281582 40.82475538008063 40.3111317520088 40.02337433772254 40.22939483953638 40.86214834673811 40.330125263690555 40.04285453074374 40.981817293744925
40.79582645220712 40.41134924382606 40.183361076436555 40.023295447901965 40.791025670584084 40.81714978710194 40.44652331204888 40.09159721004525 40.51553846594434 40.14426112430797
41.23429657151957 41.65857335776244 41.81759830132611 41.07378738618071 41.73761688413815 41.88253607578945 41.50219212745002 41.43119791705689 41.511755733996345 41.11578372988269
41.5720418773552 41.58981439570885 41.45666662244793 41.71608159518871 41.51141088411692 41.00224364977259 41.77315528028317 41.42751014482285 41.93405456808436 41.17643736537685
41.84949344540874 41.393943537367754 41.191049032220725 41.72653615312528 41.44813607450814 41.94752299806018 41.33989545017119 41.22338173815916 41.00848987874466 41.67484122842162
41.21321176538315 41.4455582002983 41.35922148539524 41.90515513083169 41.19348776087543 41.28904930777447 41.64238106925947 41.68779650305894 41.69979320505926 41.03207545064393
41.79165776632493 41.5300509926232 41.322993272789 41.87140090482498 41.47837118326791 41.65212809324501 41.007938845413605 41.647377745766754 41.04134291794433 41.28244562005497
41.67426426141859 41.45722030299802 41.5505812262247 41.56430429925098 41.19183835693681 41.41947978853347 41.81975010899496 41.97412967593548 41.682579004384465 41.197415787473446
41.878684666555785 41.7618094362349 41.70725553134447 41.014937641564615 41.14475194336772 41.81525670657368 41.014067335869676 41.80601553338247 41.2906469971018 41.524180879408995
41.175200961932596 41.82693711296008 41.596251969428046 41.672148972880045 41.61823232174327 41.53051307999909 41.39347563953014 41.12137284911957 41.271154279184465 41.75231036895643
41.065529548257516 41.071258080401826 41.282974467232876 41.291219309280095 41.94588625807025 41.96960290207708 41.05624179657348 41.780137131840426 41.3772041415789 41.73443653285499
41.13352447041623 41.337276700344866 41.1367919102804 41.80483775435048 41.31677612558646 41.86458637813377 41.412725843815885 41.68067681427775 41.76669108986926 41.01699275279856
41.523521093749935 41.034074394912935 41.72856363726372 41.804655320056455 41.61429769006329 41.17947371458627 41.96183002798145 41.510148313236996 41.63367119840152 41.67457292908831
41.912386530446184 41.10346129471119 41.99813660167199 41.09096667502089 41.159940435529215 41.61993731785731 41.48450338604474 41.541197356554825 41.69706516795886 41.029743291842195
41.055978776895806 41.378017994923134 41.15229490176493 41.9721941996027 41.523785101371494 41.59202040288027 41.156507478173886 41.35422927360203 41.17373612753419 41.82538350496869
41.670009617568766 41.21956492887294 41.74598686934403 41.59234888491667 41.23715123964482 41.483525249769976 41.44620968077676 41.25113152594481 41.81596058337161 41.098278405615616
41.98773903927371 41.50732563217118 41.04220578548479 41.96418277594565 41.016766405622434 41.74546691936283 41.53045219921889 41.43517407497212 41.65645524229998 41.283264377425965
41.089099280456516 41.57960078600744 41.320885852465835 41.722115877631296 41.53204474198298 41.452642044709144 41.39602854294261 41.9278738100872 41.10653771256602 41.512418314600545
41.862482387220865 41.81742825262942 41.42494662750963 41.96913232911846 41.44350656714897 41.04952701927128 41.187582057601695 41.29505392408678 41.401909684245496 41.922353197066336
41.914377925453394 41.34288884941502 41.68065189298323 41.26573257226264 41.36514972115781 41.521048697194715 41.68455365431872 41.88244476100392 41.321311270456484 41.25656512079008
41.63429397892858 41.14096356710991 41.92634654522076 41.53986840863664 41.088919957843316 41.651053433995095 41.83799657037082 41.690377144390716 41.92937881909195 41.56400077833479
41.03203564031917 41.60782152086402 41.82312230187733 41.93086001444541 41.21567548381448 41.6814505908445 41.94862260773275 41.72494630157587 41.45804924835998 41.21774923562622
41.54867803624635 41.58890798291407 41.82589229873014 41.7170177414467 41.70267562475696 41.102063719284054 41.524449949305534 41.580143628105915 41.560516971667894 41.38029064920366
41.28680702777467 41.859120938352746 41.164702721455626 41.11860134975392 41.52924751367141 41.478350400769756 41.902109987294196 41.76564942131808 41.095917419262655 41.94847853888438
41.573286431864545 41.37975447494806 41.252977378723934 41.97051217194909 41.04462331335164 41.85763925007095 41.96059573674575 41.48516980491733 41.45755920078289 41.649923116849145
41.35054738563312 41.66090899275132 41.00900513823969 41.78151766447944 41.76784677498295 41.03379487892119 41.38847077617934 41.98042148876473 41.696758688404834 41.51335176144776
41.059910477921505 41.985013578385484 41.38469337516536 41.25076601684895 41.710097175067105 41.64779513252613 41.00190741969387 41.4292854450053 41.35037075580342 41.28263218658189
41.73059561657797 41.88138653492066 41.754897367433855 41.8129025311079 41.26387286785955 41.063257769457046 41.14611412779313 41.66955200422538 41.81330979109994 41.32437355854224
41.29682394574702 41.0609169021356 41.873099026036876 41.598410057811485 41.50844309759119 41.19027065838671 41.669593941222715 41.61148079943619 41.24619414068727 41.23240476064262
41.436875289936864 41.45464613796549 41.56457538985046 41.397155209848464 41.40216531547902 41.89987781430321 41.840227189860265 41.205637306721 41.63932280007035 41.1521358279574
41.74435455920299 41.184053710858244 41.75431705095323 41.82494174012389 41.83315459150291 41.54029112956954 41.70349246587935 41.80280912219122 41.612236325140586 41.030124037718004
41.91359938461209 41.311117996672216 41.43980934679178 41.1426940526161 41.27198129413022 41.95249738480241 41.17345723740844 41.9390360408158 41.48597229334424 41.68850592899818
41.036600312987915 41.36277297629593 41.77247276847987 41.74637760674115 41.783291505436 41.60870380348927 41.83183545304356 41.21282591770452 41.87377831491804 41.18285937179933
41.584607984525825 41.64037638292081 41.03830264861833 41.61670368724849 41.20534202174401 41.33642411603895 41.30289975704698 41.40850899179812 41.57459350331809 41.13118940523723
41.27849588292869 41.6565347237798 41.38840214459137 41.327970902042885 41.273394376190474 41.02149209966461 41.813952396675745 41.22757298624543 41.57927771441101 41.10987761985399
41.76078291662775 41.088509525153114 41.102143286905296 41.10511022439896 41.548824365329736 41.63556393829064 41.36212887109977 41.490008481074916 41.9977105894155 41.261511057848836
41.76997335610881 41.0019958843397 41.736221693807494 41.880283644877444 41.00289694705848 41.541523557845025 41.836381541409516 41.984592034883185 41.24897454325248 41.614551517841306
41.713646856025605 41.83698317806512 41.06661474852326 41.0315312908471 41.602788192985415 41.88055074913065 41.61454607123836 41.008183728717505 41.8184782300323 41.393985142210724
41.04775102131646 41.51746799667163 41.44026603585517 41.13537886226084 41.94607793774293 41.727489196392824 41.02353019035153 41.220178822176656 41.74479924404304 41.62669307600835
41.43116832285632 41.76090423221496 41.27017395251252 41.4855486640349 41.9051936414895 41.85972486021653 41.64811142700495 41.63302058422029 41.05307414826192 41.3897213698261
41.05032244521605 41.13648482561893 41.51056344732005 41.626625585170665 41.96988241508175 41.36534283065197 41.660936680664186 41.200065732033615 41.97692104548622 41.091440845571576
41.93995891676718 41.021817344845005 41.19519156745747 41.73350264532441 41.936577524448296 41.81828818207641 41.06156168718562 41.588135413902215 41.71124371854481 41.6454410173587
41.2830077222239 41.40657038915061 41.49693351742377 41.29658563785066 41.2894821267699 41.47415075009391 41.22235102029365 41.82694707468596 41.89606383445252 41.428681966344534
42.10246223120256 42.51364452938953 42.33409019483983 42.414109779036835 42.87842088797684 42.445691277319966 42.28850745653561 42.80759428023557 42.15711237013257 42.59585291528719
42.08746710800745 42.68089869111089 42.69995539069699 42.66467747014178 42.73023327802545 42.361113921775065 42.44126549183799 42.206737841771606 42.01075597821151 42.9410911618544
42.47839830523535 42.55010337215773 42.59680427375166 42.35655603113583 42.26905493970115 42.802283891106065 42.5583418242557 42.694730525281955 42.79554511134473 42.79936618036539
42.50386717825674 42.72838878641494 42.51146873071253 42.19978955517789 42.179729349364884 42.27962607943063 42.473190000733595 42.050183530234364 42.11496911100137 42.90922054179724
42.176642207067125 42.057917194689836 42.65302479698334 42.60031976604381 42.26941592604925 42.4934867001173 42.50168112253361 42.55928522565198 42.48874685965753 42.11559330176913
42.75392791764213 42.99187954453271 42.88793386890491 42.762741877748596 42.18493529980887 42.72958274524862 42.65688180984498 42.28741499777272 42.514140560285405 42.87867572447653
42.616877837546426 42.32235599616691 42.23648125300909 42.24383019482866 42.77537373926045 42.963219163728965 42.57309792833332 42.138296345833574 42.16346140812505 42.82782329249488
42.06936886791704 42.334380606268915 42.54689182107228 42.1094704406681 42.37692893191489 42.3307580573885 42.50090270015154 42.18026871693255 42.79636269170878 42.817264957116855
42.76978395656244 42.020124296115895 42.22855175850505 42.203168679465726 42.79402338403123 42.248044680674184 42.285195216199774 42.341514257189665 42.78104038616026 42.81462141635478
42.44281086243098 42.12999755125693 42.71992832068261 42.478037307357646 42.289564299747845 42.49791739126481 42.29629091172037 42.030669777188905 42.11056181585713 42.399110109562805
42.75017204953739 42.869338266974246 42.28478193969448 42.82237148689969 42.338242149371155 42.909470481454065 42.22561018446107 42.50372301536403 42.21081844925295 42.031938677223295
42.88697971850391 42.97898061156806 42.194960982665116 42.22104372345965 42.178410505331 42.850435626820996 42.186799407455595 42.30310129279998 42.984777993920545 42.65805942658974
42.59941043419168 42.72731113996676 42.87043192517812 42.54349467900964 42.58697945714499 42.14406693860983 42.96232450648148 42.97419772870109 42.571644162637064 42.63059064711941
42.95309652424028 42.155447991344744 42.93633182119722 42.28975195129079 42.64260896061453 42.39954240988542 42.61506600461703 42.60516023899982 42.945196653002334 42.64434359361138
42.71163287475105 42.37409238387033 42.829959707143985 42.51745290787168 42.20816067140983 42.259546929181 42.232697478472936 42.82763048643666 42.28708074258622 42.003691521871836
42.580628763059515 42.13168629794097 42.783101893255335 42.127196781956485 42.20483116400071 42.072917404770784 42.80624445268261 42.50242684567744 42.58037155714081 42.5162687168476
42.63264415860035 42.53318284791982 42.03038861859925 42.11574565864845 42.54674998146722 42.79967274159216 42.25792743612766 42.8412088001074 42.43670458682539 42.934606779210156
42.82811541112715 42.16453236764557 42.594109336266236 42.18479517837305 42.51330744668794 42.05920972660265 42.35004080616148 42.582350559117096 42.2351178970514 42.70284051347963
42.89109889871059 42.90057455481069 42.18979531611454 42.78853619995684 42.84243138278281 42.60183460564877 42.627185713555896 42.64913161307862 42.97909345028364 42.798213121391086
42.668568228959955 42.97719222302095 42.73276491865283 42.84043845278836 42.49493727931938 42.784157891052295 42.99776196219844 42.52658295065749 42.21484335979265 42.383566330200935
42.10844407353718 42.07924033609829 42.72969408964612 42.60614961232957 42.7595313398251 42.97837117967507 42.95445660282165 42.15870032023223 42.07151074051959 42.456731759737295
42.82299034641604 42.023954118619734 42.96522468814356 42.965778104337154 42.609779719343756 42.06533772944814 42.502898786896495 42.202163572715484 42.233624063714956 42.54828290746424
42.877279997869614 42.34842507988402 42.373881963780256 42.11890831911588 42.2862203588183 42.026179445187864 42.426155972544684 42.89122276854532 42.01695566226726 42.08612787442824
42.55184271473136 42.685605062756146 42.6824921839049 42.766393369469164 42.33476241762786 42.134167234061884 42.701929148978365 42.93919219888946 42.84812126867274 42.32270924391853
42.79720807136916 42.13556718832905 42.25634848775085 42.87432494643495 42.490694856903104 42.78888735070519 42.428889838434685 42.89632085813363 42.331163827808915 42.67004445487558
42.42682755030774 42.00996062645814 42.850167668726606 42.8007543594446 42.13823636857364 42.76164957933693 42.05644085525651 42.22609687245528 42.78447387107311 42.074525535728235
42.61289822167477 42.90340486226439 42.49714314272147 42.041023417430225 42.70895477630642 42.62183971573505 42.674253782061434 42.27983301961387 42.04030631023717 42.305466911069075
42.36414747464723 42.284770498638736 42.23897512194181 42.2723720716125 42.497042458480436 42.67843594264079 42.55833854029737 42.023334080876154 42.386590912602124 42.05013101337351
42.61102256844165 42.91579885991345 42.55763204330761 42.10536195272914 42.48195664095823 42.642373939687104 42.62136286870292 42.18335497932416 42.59454978134108 42.777789943531836
42.61543756209924 42.80936287207117 42.29486247154596 42.78425240582703 42.954045423299455 42.84014233549997 42.23681230067242 42.77233350403778 42.89180682104632 42.93383456086671
42.300866226938105 42.00302988169063 42.195364895706504 42.52958155883723 42.95933548820678 42.58633929788277 42.5378406191282 42.25756346974843 42.71330388614985 42.08268571220882
42.92784013786945 42.01080498140698 42.50381246065899 42.589406748664096 42.542553492162234 42.736539172081685 42.236285031094674 42.28181922462226 42.06489649295769 42.6981484188231
42.26036694620187 42.58946336208767 42.94923873683356 42.52913059686392 42.85543824944524 42.067417433601406 42.18497066349308 42.77737845327285 42.98153090156852 42.13544121783192
42.54978460724398 42.08693443908402 42.343523221326365 42.344375678125644 42.25224680154087 42.83975327069296 42.37576881950635 42.59914749313557 42.92658131160992 42.44231703952814
42.759005999944094 42.9104306765549 42.49825103798672 42.286674602804865 42.27768446521825 42.357368705925126 42.52583526412624 42.04145306982914 42.053383801196844 42.3353621755407
42.2428668349192 42.335616534006505 42.44878789860441 42.8357789360305 42.67270666360502 42.08622257177227 42.2267189363132 42.45854476136502 42.87019657742991 42.691154861741765
42.87002256333552 42.09392449154963 42.55574653749306 42.058786174638286 42.3206359315771 42.72640475659501 42.15067547397992 42.97875230137646 42.77995904555398 42.61144170185553
42.497039314829046 42.6514948489083 42.6276883280411 42.154937760371965 42.35084434484619 42.28895663337538 42.96256158718443 42.185663717801575 42.0744571295369 42.574790305060475
42.74600133002794 42.952443809988516 42.82218722623561 42.429667568096974 42.03843342765891 42.10077275474942 42.912432357200494 42.96575237343124 42.35809663885878 42.08763584873226
42.01044010881011 42.734128733096206 42.76344763273277 42.978654053856275 42.20765422163779 42.36994966013558 42.862805677861495 42.33827817217599 42.07677725230038 42.52230098293519
42.58866926812983 42.971607632167164 42.30609626499233 42.519249643655684 42.23917731412908 42.60551064965149 42.57228116398378 42.56327336933706 42.985475286120085 42.20707441732412
43.89778043570365 43.37824446983968 43.771286648160206 43.529015579351594 43.85710240703249 43.136367800319256 43.28977867567271 43.644532502161766 43.64568428260075 43.1819487365796
43.51285077568633 43.6881827279282 43.20571573628929 43.53859412102232 43.06926255138341 43.75472028636449 43.31519740436099 43.43742559296546 43.62055798105846 43.92442942048162
43.789678630619605 43.13611111587943 43.267530947885874 43.681342441620416 43.72053366493027 43.111997108908554 43.93501663157675 43.569831492579326 43.97929842882454 43.307350440514035
43.62908228551904 43.79541501296199 43.054505048475484 43.48069556040578 43.43822980745264 43.617221649824295 43.6556146374524 43.87545927358347 43.15901186417776 43.80240592800443
43.41806358250843 43.35561157898746 43.46650218265605 43.11691120307342 43.474102058699856 43.87771806365674 43.62134964169153 43.8123273385306 43.616017672139115 43.66979559445375
43.80768524349136 43.335191896189535 43.271501776126904 43.76958967543421 43.329939452493036 43.03293555204358 43.535328953722484 43.63836866100311 43.06166712918663 43.459773325040715
43.05718553461803 43.411056019824876 43.7357659750752 43.996195447121885 43.67239591399884 43.969499103308316 43.893013337802145 43.88731304461027 43.28046018723527 43.43289870315687
43.5646358200654 43.478165063143535 43.62573067356492 43.84790105029202 43.05466458919308 43.37819498959091 43.315218304189095 43.83057962357476 43.50911875684288 43.52245698254248
43.620435024313444 43.66351130060786 43.311598080882035 43.61371279123626 43.353341221692155 43.883377967942806 43.72865544307751 43.22743259104414 43.38088208242535 43.708000490721325
43.64335834661967 43.940813995823014 43.148260752581535 43.74643982788054 43.66173801039184 43.20728545406415 43.918009609299595 43.311775151157775 43.35436390133517 43.339561700441685
43.3000859631345 43.31339668708402 43.90406953524872 43.887170185289676 43.047631682379574 43.14412667396564 43.97089624733335 43.89846967852426 43.02370099209426 43.197208886800325
43.156608800420386 43.04253288916513 43.70617434357821 43.64918347148843 43.0536770752626 43.33286726495774 43.5912403386824 43.92689056747815 43.497406636911485 43.24279953094997
43.380242093525034 43.84032266986869 43.304940063347324 43.331450363764546 43.89034791598949 43.70777215620879 43.48113994621845 43.10957860664307 43.21642103070072 43.92569740131047
43.59890378641187 43.76617451292242 43.78962602084905 43.342956652111404 43.820249715149096 43.54953395235116 43.6277251833076 43.48753631419509 43.81455141548317 43.050646853592795
43.252680434630065 43.16362617415763 43.6515892795472 43.37208450498028 43.46309201920582 43.187870999998275 43.59962414418236 43.18217249874589 43.392168007218736 43.065854569103855
43.64248917149779 43.952086727167725 43.05633364451108 43.22334814236796 43.44473398543955 43.25261227511134 43.905252975877715 43.001582998511914 43.440144694598935 43.84765633697007
43.720949728337516 43.00178222887186 43.69650253946595 43.46320741539905 43.58187815518664 43.521414011953595 43.21823239051257 43.53328545010563 43.507208612127556 43.763105310399084
43.388632009816924 43.92852813746621 43.82725730190619 43.21688091362114 43.324661921359855 43.658411305880264 43.28790252929375 43.117369998902326 43.019814301070205 43.8047016948257
43.38999508154231 43.15984845843042 43.284369315106524 43.49159293046415 43.48918363948348 43.722461897892146 43.65738509335122 43.527076648907304 43.73724048596719 43.686701096242935
43.661058135756754 43.46045203530808 43.03288670633396 43.57417772342506 43.99562849626173 43.192479431754684 43.7682803747429 43.1249751355696 43.53179444354468 43.947534169091114
43.30674490696169 43.63132549626166 43.24763909548719 43.37121928646794 43.80797919067005 43.31009087401896 43.578362159096066 43.752246666857026 43.22890495223105 43.748502846869435
43.9996471063979 43.8839981681647 43.071470963413695 43.9898412531175 43.04928492771721 43.87902951158899 43.7231477154734 43.139209910804176 43.40671342556765 43.32888158101083
43.04151021052235 43.4642929730058 43.09642067310069 43.561915182493514 43.171220794570814 43.841952818891706 43.35870031687645 43.393486732928146 43.44988766342799 43.058756483077254
43.24003512286933 43.68563422364103 43.658689093316816 43.91199426719439 43.49542447096718 43.23754419959689 43.80431721167604 43.27748113424049 43.96626077091957 43.01342207824305
43.080709571296936 43.3114072531406 43.19989821197566 43.48098945700882 43.65220022394104 43.73573160339815 43.710847104500246 43.881684257489496 43.42413685169848 43.720088261635844
43.94856544874277 43.58274031772628 43.02267375083584 43.21790198758211 43.733108791955864 43.271675262566035 43.792365366905635 43.74038629300756 43.64743856911138 43.6453166971584
43.73834835828817 43.459323626183675 43.63397771122455 43.41834824681883 43.98931472383891 43.21800369622734 43.833042256118475 43.930459050483705 43.53814250627419 43.49942314557631
43.522065373458595 43.36653112725915 43.728964423380205 43.651825340823635 43.867070983478754 43.62090136263773 43.20261913972656 43.703886821822394 43.08164170381428 43.13458572259318
43.786843908037575 43.91533223248966 43.50366580409171 43.61345539707342 43.12323093702005 43.80348746518892 43.04643669652594 43.39570596224578 43.65988473529258 43.7622558897328
43.458217285825896 43.378562003756635 43.00688072476786 43.54723033194556 43.8331710627732 43.83701161690356 43.55104060491507 43.83912951951494 43.856600439280506 43.171466229357264
43.65720285613117 43.81747382758577 43.33872205318009 43.60659355779314 43.745081821621525 43.177392704110865 43.69374806709485 43.130171933240874 43.02397218803481 43.304681872022705
43.15483086402777 43.508667062275194 43.69197019703324 43.38770533166023 43.68046871478193 43.04533265967191 43.96204659605286 43.08946372815369 43.70425771216194 43.85698912081607
43.36422087545302 43.029127296375876 43.10741558560149 43.83723468590015 43.391249654906275 43.729557635353714 43.05229105473184 43.14669634487397 43.704657228977524 43.87582022987517
43.60511239828309 43.025028556957366 43.798599222170736 43.69941463788748 43.397516882279895 43.95471937860752 43.23096501589144 43.05392745432087 43.928942870489614 43.72336566013498
43.274288724500245 43.28003859962331 43.49575467307742 43.728930227678944 43.11345205961938 43.271288292178575 43.14800963546822 43.95159538256008 43.52282699572323 43.246739115413384
43.52106601918197 43.37617890724884 43.292419902951735 43.61264327345437 43.866769118317094 43.29068011264568 43.540743071236044 43.95245288584044 43.11774228114366 43.8093753232458
43.45155340424803 43.62298617405408 43.3583485294923 43.172983263754105 43.90226225743714 43.65429057116929 43.647177453199454 43.86377287096412 43.913734618575184 43.651719284566745
43.7384512412127 43.340087394584884 43.844359441042535 43.18096462414809 43.88353261823449 43.24261000034914 43.7756873998707 43.6802682975992 43.55875678634372 43.25379826772769
43.59259638170897 43.28875505044232 43.66209809239297 43.40226580734031 43.847858657306475 43.10581275847876 43.44872175286837 43.49549122798781 43.619148632430445 43.303668782611155
43.23425955666141 43.53708623590761 43.21594278389945 43.20378853450635 43.68468777627355 43.43895603249722 43.7744289875966 43.89744931093524 43.33297453607704 43.074036748985755
43.49045531720474 43.24181853814963 43.81520291041049 43.731896551471614 43.48371302122238 43.09509250287467 43.20266523331148 43.33733800078784 43.060762297983395 43.467727883686834
44.721462720718506 44.37124152378072 44.45017359288568 44.86152520231233 44.0974343231517 44.29324068907764 44.9199712451194 44.44429979464756 44.74177705999595 44.40742240621245
44.55573015955382 44.86510248820706 44.001509498561575 44.5350956802982 44.87709044364607 44.453428493715045 44.738969190982296 44.56277510409531 44.901119271646685 44.26558022106488
44.57582353130803 44.91887608532459 44.22286230769421 44.94232528067749 44.239613178682674 44.29922109316842 44.176592620508636 44.62421874940218 44.58463560058253 44.50930684974742
44.16567747796934 44.23443406734597 44.02401586652122 44.12038490662806 44.80464869526206 44.283674412059526 44.306100555744095 44.746758871731025 44.60397563163722 44.977712701686336
44.795849873344736 44.14330366860347 44.546204274653505 44.81533464148494 44.680692067780264 44.995063263506985 44.05153949286155 44.05293623832384 44.81034351558114 44.22488532761578
44.51161238556021 44.38175341560388 44.201386134446764 44.88040246407316 44.78208793991667 44.9146783610081 44.58993433744321 44.17827159164786 44.76793249928234 44.1118429453513
44.79951094583605 44.08143412463256 44.50957497279079 44.587627434572134 44.10629214603171 44.86426186820163 44.98385935141967 44.836477861195085 44.23016968709443 44.48080422847327
44.170600176432046 44.79089310140038 44.05761788405098 44.192954665456085 44.80371698347248 44.782168478630446 44.71114215837795 44.838205582890375 44.62533751060824 44.912959952093445
44.120124691476455 44.32076224381235 44.89192365435797 44.07045890678558 44.819171826019684 44.39513803309258 44.34338824779711 44.80994444611493 44.302607377128666 44.577955279413025
44.8393345105544 44.120706736580246 44.89754420735031 44.071526483540296 44.39096464420871 44.64981117252385 44.783006495030925 44.911893574791314 44.372867610910475 44.30390009492955
44.47886318079296 44.164353203317766 44.285810202609795 44.27520499165619 44.855873224153314 44.88109878102477 44.55982018738146 44.445168838687344 44.47693113112478 44.708460389227355
44.536263238711506 44.80755506590304 44.869641507190764 44.48532606806971 44.94828090909277 44.022645518359305 44.1516394544708 44.90967956006607 44.93086951293285 44.46510710438187
44.28261343091094 44.36679019356105 44.83504474042023 44.16033289273079 44.100775593693186 44.31044373342069 44.89495073615872 44.81754010531984 44.21656440057715 44.16770283969818
44.10243627224602 44.76263406402373 44.782652689156905 44.59803887648521 44.48053459954625 44.94982380918704 44.13687396432219 44.07927718259183 44.315448228838555 44.38820129202132
44.323468380613534 44.21565051518181 44.80605305504195 44.25797313894794 44.53808908584761 44.867355900590944 44.020601081669305 44.71076007086489 44.61329880793129 44.18636244757425
44.01221480213708 44.849355877722 44.76382541585034 44.90981915965909 44.4379299734257 44.664564504609906 44.94463408564252 44.81026287216052 44.050458416951166 44.77020979316625
44.339913502112275 44.0309284768456 44.98750554663506 44.62214017036477 44.69736151510391 44.144815033495654 44.87039231013912 44.53302543651923 44.449695749425054 44.16776285836017
44.34189458958594 44.201971078794045 44.82410295080138 44.42864813531563 44.82262762933683 44.66645098208117 44.43038049559099 44.15390361248464 44.94596684809262 44.553786391818555
44.13981218971427 44.85892490090733 44.34341059811454 44.2603753574217 44.419359528762385 44.15552385385139 44.195454414978144 44.21910384257009 44.66953910574457 44.382442119491074
44.23746042950463 44.72884565011023 44.52939516649099 44.54503901736565 44.71566966584194 44.91468545037805 44.55826630126828 44.410620267788076 44.12541895589578 44.263475376536384
44.1815832441017 44.24747470377469 44.43178823494386 44.83656233428452 44.296724975462936 44.618538597693565 44.872318344328185 44.699999784880326 44.474998289224324 44.84470804850169
44.37210305192466 44.332284419030984 44.267095923029245 44.238171876085254 44.06347329975209 44.77063417430314 44.72192690972264 44.97273892829641 44.39565605985476 44.03905159114396
44.8625019829815 44.505985055929315 44.84420355158962 44.964891827100274 44.52759603693297 44.79714707066074 44.285653329857375 44.83538247904225 44.68419848442396 44.17504196785605
44.68979336143829 44.471517737053944 44.04330189498933 44.601891596668 44.900070364161294 44.20397703481371 44.57036742039188 44.251784676445666 44.922094033520715 44.924194082526895
44.271846047574684 44.776609009979985 44.320853414588036 44.85342915863918 44.46042196372979 44.3676392551204 44.03917583044271 44.9236741118212 44.55418507087826 44.73756599131744
44.19312339226188 44.69644580428205 44.34872761487921 44.44560461643285 44.17443520880915 44.55900051600436 44.61619955589795 44.56742318255108 44.695788337108546 44.5322285309495
44.831645977150075 44.57198044221912 44.25156414233822 44.400464278723575 44.804489219835666 44.40896646123006 44.83497088136987 44.030674111307185 44.00180745679883 44.23339050022968
44.651787409770435 44.68696084562024 44.39010000108809 44.89796136072368 44.001656966273046 44.86604992998559 44.69351948698436 44.32925775678486 44.459774145826614 44.680399237787
44.069089567403445 44.170287725389095 44.98497189590444 44.09780102822879 44.33321592472424 44.61988719208816 44.6046300317 44.40982076561507 44.038837595994345 44.22851003987415
44.882490114086316 44.146144640782644 44.89885454029754 44.52031292891017 44.462376266874514 44.27788352626758 44.2790066665816 44.70304024629634 44.59898498947235 44.960108462275
44.742168166259994 44.40006573773839 44.73632163169918 44.252368573716815 44.91606052103973 44.2930490621019 44.87502471898859 44.22566919699003 44.27767635846291 44.79901717892837
44.68173381976351 44.61536480139805 44.800245523168506 44.42228196414559 44.03682062738529 44.71164733871663 44.79236350131991 44.21945667591958 44.991216431460394 44.492787808019465
44.67394194560145 44.89493639568735 44.90873435300586 44.101014593011996 44.879929561512206 44.40455772789735 44.90719760661552 44.63688979403153 44.56029093972723 44.586756130878534
44.57984975795406 44.90527010462721 44.25352001097264 44.26338953361243 44.377936963241325 44.18441636279239 44.251003718777504 44.456499226774 44.96601610491978 44.30954188008408
44.940840802964146 44.85263034649845 44.323456663832445 44.36306644691808 44.02225917503546 44.412935683707296 44.35876876352764 44.046069426589106 44.11556509345608 44.07513854222591
44.327803134699494 44.36891182245011 44.95759594722856 44.822531266416895 44.40253347437869 44.64372406432906 44.06893749475664 44.0055382031209 44.32404549072617 44.88743230466926
44.506705688051085 44.6929734801009 44.19152061991384 44.65122314940084 44.07548247164853 44.00297468649714 44.08841727300301 44.980822901923716 44.15903306359206 44.81769625064579
44.4277157016329 44.68169418013242 44.15672289795389 44.021197137791546 44.610007201545336 44.31422920756479 44.36108945068114 44.41655913184306 44.8313722120273 44.376245582840944
44.996815257115856 44.776123870037544 44.652405751714525 44.94356726910554 44.05638603529131 44.05783787941221 44.24541325722268 44.63419966549729 44.5140074078653 44.681046862761036
44.073713278901806 44.137584192343766 44.47689304704307 44.896681924071196 44.125148036733044 44.707644885520224 44.84182552521991 44.7096315775048 44.72131655224785 44.95681560780594
44.064930840399406 44.51519576973722 44.35470961827894 44.00796285311431 44.723896145334706 44.59686870814463 44.96783928039625 44.5620965925298 44.65439953524455 44.8992999012532
45.581620091719785 45.7219868661975 45.576309857396005 45.038133459706 45.20467334849316 45.47528180946353 45.29025323290974 45.337527832841936 45.510889338887004 45.58544795712597
45.72143263813316 45.79650942832995 45.85949693802712 45.26483153945581 45.31512512545797 45.27691544047681 45.850053972754715 45.41136489708496 45.54707130508474 45.878532430227814
45.754185600520664 45.378919628884944 45.60200973035794 45.4211388144904 45.846562213348015 45.22103408619901 45.59489903203958 45.18851137462533 45.86952259822897 45.09871958831697
45.061908441699416 45.606056872467306 45.60891135068323 45.07527612540773 45.8320476039549 45.32158186381171 45.83311503734239 45.83452534952885 45.805344831245634 45.23781511030354
45.652943882515075 45.95359460327968 45.60977225791445 45.4056488776868 45.69692159275815 45.23736256610934 45.58665573401291 45.32866644090631 45.36470853760084 45.27890403537155
45.063095571362105 45.15237514234346 45.82079843187449 45.848746942621766 45.409964484617966 45.415665833692486 45.32129256282927 45.93548270537204 45.95533665395556 45.527370832272894
45.92846930783572 45.261245827718746 45.42574255514975 45.89739445849053 45.66103137316536 45.87780702526263 45.22143175409859 45.69974142179704 45.65232646693451 45.01249923581805
45.496865849047715 45.573870114059446 45.94450203961655 45.677923320196925 45.7139527078596 45.181149566283814 45.13346807982959 45.68535658488369 45.06307171547872 45.42479977148921
45.197706453401 45.60901354357195 45.905729363686824 45.314547538176456 45.49337898284606 45.936785471383665 45.18272330377305 45.911330722123814 45.07885100660191 45.11281113346695
45.55298217965993 45.522736046238954 45.243660610379976 45.42820856880274 45.880787210653025 45.33645648064623 45.36012842632302 45.748523165745794 45.572871461964276 45.97690637283057
45.95021645018892 45.87992512724386 45.18193067473609 45.04923380630652 45.16590852067276 45.97091502244908 45.63936931466801 45.595321203126005 45.7182995060873 45.72227303383683
45.45764474043255 45.52796682156924 45.65874370456014 45.33521412565274 45.25136043421199 45.532291282260104 45.31482761554033 45.066187963641774 45.96629960846701 45.6275149711407
45.114595802859654 45.97648854563752 45.2768784668932 45.5676035052814 45.994373173730615 45.96581578193168 45.715038230065126 45.52588039087048 45.57869031930321 45.46115708570002
45.227383563562746 45.05655691279182 45.34523349157098 45.19583425815519 45.02241454829916 45.155231660455804 45.543404243973185 45.35828689831881 45.76598788707207 45.35076294966557
45.721987840048506 45.016140662245554 45.410682734206816 45.15251957649814 45.33959405714129 45.12833498913731 45.20353499726113 45.84986610954712 45.08094760953914 45.64656131102773
45.706643441197116 45.61484162926829 45.182769652150036 45.17698986464249 45.98643966785636 45.094341121355676 45.28490588234697 45.424239210706396 45.47995350731411 45.19471122951112
45.0655209021367 45.171769389428505 45.4301939483136 45.55952324008026 45.19359239262208 45.86635633257328 45.19780519592748 45.320387854556095 45.93760279446223 45.969031354793394
45.20244621123827 45.06102756712495 45.10624044758262 45.11084651145466 45.72488142677266 45.576424644352606 45.86508562667702 45.74905287671209 45.309559080374314 45.93171370171788
45.3726718810526 45.45775537737737 45.04749306555765 45.52958947513514 45.10997619533665 45.20683483436132 45.59055265941937 45.3803524011523 45.23930624816239 45.98390345153517
45.35080455269576 45.535315735863556 45.32171668756615 45.89628775781204 45.97233923232897 45.692149634951875 45.24650072710446 45.45350869037415 45.82805436406478 45.3098392449254
45.281967065125066 45.075455234504176 45.99015574360867 45.181285284423204 45.74362666111969 45.997424988858434 45.85067602555806 45.30317740558562 45.89407743480499 45.65043114626168
45.327100281410964 45.05562190994065 45.33828937797017 45.283652218929724 45.37822655430765 45.15810695571434 45.35865664939713 45.06562709703529 45.3766787899794 45.60374042764455
45.34609706361174 45.151774962422635 45.73702813030142 45.79029638792615 45.72664337229147 45.238046052558445 45.08226831621326 45.36445846807519 45.5573854986853 45.933985357986955
45.14642938698656 45.87474943291462 45.27128573818618 45.883218783071605 45.55740303924684 45.18898805725781 45.887304352584074 45.935346915805056 45.62159268337488 45.773715987589284
45.37043596962882 45.83045891423378 45.24078917174998 45.355888698235056 45.72567174685799 45.795955069832964 45.13171339606505 45.19122636670861 45.84056637244066 45.175093244431594
45.58995524261414 45.14897199437306 45.05300290937248 45.707651224495585 45.14257766075247 45.089405475683186 45.91391242154503 45.36532331986917 45.567443916785834 45.55831431712075
45.639119668235644 45.70794605811421 45.92236469849936 45.65172285029775 45.30014991904463 45.5713747095825 45.423451377624104 45.01453354778975 45.890746510053496 45.52380860902868
45.23960005947826 45.32833533238981 45.02401182431008 45.93458997921209 45.528820956535 45.316486254473645 45.16449989937335 45.68797739098004 45.33216592691224 45.248677828044414
45.98025135794494 45.54412190253495 45.26229675958825 45.16254162424644 45.61167677013932 45.90044969863774 45.276274955485725 45.53645914831081 45.39735761268877 45.23888291704049
45.20594408762786 45.945588027471224 45.871248684854585 45.85780528278192 45.13431349637692 45.31221887818965 45.65142971433012 45.58240729549613 45.15264231762532 45.72192913785613
45.17746771383522 45.02302099560904 45.510460943955934 45.418601357474856 45.12161611586811 45.60828197273187 45.67955700453442 45.51422512000983 45.69849050789858 45.058432056680246
45.392991063750046 45.15350338230059 45.02852489663116 45.183802760359974 45.29149713216659 45.35863562186943 45.172426564717014 45.894496949762676 45.41216170144432 45.54625153961407
45.44701158253652 45.08951153848188 45.38806390726719 45.75632077665686 45.15721711002574 45.65702145952197 45.89259923170773 45.96196576107282 45.934750679573796 45.16227141786859
45.558497256279935 45.43945610982093 45.46075082488375 45.925498537941316 45.32908381133694 45.06926488192748 45.467997161024876 45.099535454216145 45.95812644133142 45.61191808461262
45.56762262410968 45.045220217230415 45.164641653946916 45.45647106706005 45.625944018546996 45.77246566209338 45.77033076865843 45.074796219003446 45.128941679838604 45.46581770030615
45.99985096439508 45.431468748177586 45.21508243800629 45.145558305064235 45.0079169177688 45.89688809781261 45.83159509648741 45.328885838157774 45.61226717647361 45.790374792770436
45.774970509022964 45.1504316359071 45.157819006119475 45.54033360763361 45.21337345342644 45.77734844555338 45.414874273617656 45.590175764901744 45.656816991862385 45.111432845724494
45.42302765683223 45.60154444275446 45.24036419696191 45.709220552641675 45.23246829064934 45.2104889462832 45.61628619219445 45.57071968806042 45.56565423638477 45.57758551513603
45.71301958221464 45.94842387254263 45.52487888968627 45.23960292554975 45.11193031089322 45.61047375288537 45.605036760765636 45.31816398136652 45.817305079444246 45.05531170914071
45.43593597995248 45.96995435713302 45.750655535465974 45.01990126634845 45.87479334645804 45.073382705921105 45.387334580325984 45.24955965222963 45.29708682013501 45.53819701802117
45.57162794971114 45.904677608845596 45.19272990590675 45.29741391089765 45.69589868380782 45.168078202265875 45.46457062517804 45.995019234813654 45.11002575916224 45.586492105306036
46.1475078967778 46.61824960058958 46.83929240450546 46.430603664429356 46.6190561534109 46.83986636815207 46.432043886565474 46.89034903437699 46.75597868310425 46.63368492084863
46.03284818838218 46.2356233871933 46.90664928845106 46.805723987351556 46.58255727848593 46.16728140295814 46.99509053369457 46.44369057221212 46.383581048057756 46.459291901168385
46.55017624824072 46.92911871288636 46.13684920825813 46.65013327630354 46.96227485314973 46.07933077202355 46.956351605635774 46.979993936565926 46.809649130184376 46.19049227759764
46.797810581099625 46.99006756032 46.668217395194105 46.238382668454236 46.19995340090823 46.20121061427463 46.42081955140573 46.26010550860583 46.23001696618773 46.07145484001492
46.71592115052393 46.98781397732641 46.04953088612605 46.99534527318347 46.89072724955349 46.134628369391294 46.5720890858466 46.45279998445816 46.36996699415436 46.34327440936927
46.27173421932522 46.54116477425984 46.279149276514715 46.699572220133305 46.31874334508352 46.03136250219057 46.7698781511696 46.88575785997417 46.86901703152809 46.77751306439054
46.34485653870643 46.502720651837954 46.51393855630511 46.7791271115745 46.29149522895893 46.82559098123439 46.60948360018445 46.4459526691313 46.185583591975636 46.27371510449899
46.44652506247236 46.647780532370874 46.31026742035755 46.1739048177631 46.99869156691902 46.94499094952644 46.75061807970004 46.97495148326123 46.28980256998736 46.99035089598256
46.87036672263261 46.93174556565929 46.25981646058666 46.46854684429862 46.85491604249458 46.418944124391594 46.37639294672508 46.09716611592508 46.013531007701445 46.45698074123426
46.13858426055947 46.15131468670093 46.573649480665495 46.73731324307091 46.04983422944747 46.6937872508859 46.77154234893808 46.41915699023212 46.59937838790687 46.19368124201442
46.14609204763972 46.23655217755875 46.284301939551135 46.498573179581356 46.07624702855079 46.00246584650839 46.72892706882036 46.18885227931191 46.76774968019441 46.42573065860199
46.51386428666209 46.18753301465348 46.091023027390015 46.266973603845045 46.4139777336154 46.12484463720654 46.899641797845305 46.25129041118868 46.362677128060795 46.36412222463845
46.71760169684061 46.82827166202008 46.609364313705655 46.784000611296115 46.97363994427391 46.82408931006737 46.21752531560495 46.38163897320519 46.2821497201316 46.26570341395244
46.26287394342013 46.51268025794306 46.62276945099809 46.17385010556094 46.83411621617697 46.115876667047715 46.65451741451713 46.919324221305004 46.213319204729636 46.583788285639066
46.81538110792487 46.81617054459195 46.41853225339047 46.035689243981494 46.30455987654228 46.985750403805184 46.62822214608171 46.624791732091104 46.52209836883589 46.167250448963266
46.8752481150215 46.16912521497898 46.04943722301317 46.07305364810503 46.79751648908206 46.83388450968208 46.79444697958681 46.091492493854524 46.16311922802992 46.81278686503501
46.49579984128933 46.62485723082688 46.34967396364875 46.956955233509674 46.38407278803906 46.1171327775694 46.9507478385405 46.08207069365218 46.43076546031109 46.87378987302063
46.2066614163455 46.24801448171176 46.28145422862452 46.105057336898454 46.01263250143696 46.64994564139803 46.6655936952097 46.2344540900651 46.84413456546483 46.88573786502926
46.803015695046895 46.405961049309745 46.057507726720644 46.27192490765278 46.08596475025319 46.29606462327179 46.67327495070991 46.56878089885233 46.10554818226166 46.79100494967211
46.93027975865031 46.94488818167072 46.912768327856305 46.82491380977279 46.61067609260715 46.26252233037247 46.25684292695065 46.69112848467972 46.37896475052694 46.79740992071074
46.42730909313147 46.436819663215594 46.15268525303583 46.31989172782186 46.24144522484527 46.5301726656276 46.82803564641624 46.05925035579814 46.66483473425849 46.84971324617528
46.520607102579596 46.4489378875649 46.53043352081499 46.18697057565144 46.84958412953027 46.707665492172474 46.830293288524935 46.876521352675766 46.69317530610666 46.24979424600298
46.09413119594433 46.87156134854358 46.27370352387781 46.6381918387598 46.44022549864348 46.56850094016976 46.39269853344896 46.29369744227541 46.98665630397721 46.950684142313804
46.129499344180935 46.45756288623285 46.44469874253823 46.16918136662189 46.34128697364246 46.966715360278656 46.881216167261755 46.50770777012135 46.85813346262388 46.24641289663403
46.83318872588932 46.78907092419868 46.35356571803791 46.550840967350155 46.18505280728071 46.67215296623214 46.489308177649754 46.889424718650986 46.478315204956495 46.96128365815479
46.082281127996914 46.26510806207197 46.61294539719436 46.00396303158414 46.72259654825183 46.82057757149934 46.221337921520295 46.48824291026495 46.48320667914269 46.239385211287626
46.3481763447804 46.46767926292002 46.10502513741408 46.28115125073184 46.45331906961557 46.23961777655675 46.315754137110034 46.64350427936023 46.16986661950285 46.781677528468336
46.746315416388896 46.438142959699 46.69585843864311 46.8116486579234 46.24569677283061 46.44437953919231 46.17558735677774 46.17762183533876 46.26319012992884 46.960752854902026
46.20503952335538 46.05936815207636 46.505505127943984 46.66794006650907 46.97613326172261 46.987288733836344 46.234990357133604 46.293010754456894 46.52999207763085 46.601789996286534
46.782585097696874 46.823334490739974 46.224445247855 46.645089644067006 46.97644525103323 46.40881059900988 46.52617364223946 46.97025843863989 46.32411547074981 46.63564453354578
46.021785310742914 46.12065534947188 46.76113638798584 46.18059567559695 46.62253497769823 46.41815352040933 46.30730905793851 46.52312020363857 46.27457018655741 46.56854528313808
46.25575054742778 46.64840566901663 46.2735007572595 46.480583035161146 46.80133757138835 46.45188047904227 46.051050639496054 46.9848275078519 46.42038318446271 46.37824389028244
46.60143132827087 46.306556122278025 46.85872482132995 46.86391428353805 46.29384773291202 46.58109162927026 46.17014476090697 46.914442623108606 46.366576767306455 46.76094694224079
46.94480111300941 46.0613059486284 46.469348710913835 46.24953339389704 46.829263356400006 46.443473086705865 46.72329991135785 46.862781352945184 46.93290857139785 46.04136076976787
46.90155496976968 46.2678735684834 46.739850258954355 46.15427515667239 46.498534904593 46.87739331938988 46.70123437540247 46.057160484636576 46.65237783397955 46.2875408971743
46.76965234707642 46.398452633886066 46.11239668121486 46.74067357561616 46.75558390623266 46.30806252840326 46.702288359832366 46.765275631629784 46.53519758778905 46.37299054638265
46.01984758674782 46.10056692423205 46.8195000839609 46.60779948576941 46.43522727378093 46.248309581732435 46.40673990410662 46.29815082391761 46.80232728420043 46.51097421985227
46.58313525945058 46.127834820584944 46.681681454716404 46.173279010746434 46.611409415918956 46.313202196896725 46.28825251251083 46.56321536963284 46.052281600414226 46.5636312208707
46.82383337294905 46.0890270303446 46.000974762319984 46.562640964847276 46.33129240413922 46.990209732507715 46.18896661444578 46.32148778159917 46.71668914246816 46.46345091784873
46.30062324856716 46.19555871708273 46.12532621978629 46.02852995973371 46.7850197254387 46.57360232581594 46.42909223258737 46.484551540090656 46.90516544375133 46.25081334525896
46.184989333761976 46.5734857105052 46.76001635996895 46.279015093903716 46.058528428492956 46.51584040309708 46.539070352342456 46.65065928891396 46.37071382879443 46.91239321818955
47.32500570592396 47.51808984080108 47.12362852800784 47.11626098301435 47.34673728650217 47.77549379327328 47.58716997338785 47.07118740171503 47.70342841369192 47.73818905526572
47.28827534011503 47.784780401368444 47.22941100191272 47.34237500865444 47.0340149330686 47.059532296496656 47.35063048414894 47.75819909512509 47.4212204667246 47.839807854207386
47.495145873836 47.559968256267204 47.13785474275892 47.54958637277176 47.86337963611028 47.62956170673493 47.24511809632983 47.093595880573005 47.13822595182371 47.782576878338666
47.54432595867298 47.77357889571026 47.02079025592206 47.70146819197535 47.07888111967328 47.23178076809051 47.31444654313256 47.13591373658989 47.79920312873334 47.675353440686145
47.64806345282754 47.48787235572874 47.42726655019898 47.05821844189321 47.82866408130903 47.83726970993783 47.5974385520565 47.601035232165174 47.24444819612482 47.1839785940267
47.4215959989961 47.0152719782086 47.70102020566914 47.18273542681239 47.72904017593308 47.06397786080168 47.56682981188058 47.929861278162065 47.3655178070305 47.639707021767904
47.128246383454744 47.4241324265005 47.10069439142386 47.3691464569815 47.61035246341736 47.168871876909556 47.88971681533747 47.86435134522287 47.4064554846794 47.00831012646779
47.462039419535124 47.13209277854636 47.67748123023739 47.69848969647966 47.46947821951001 47.325674881886016 47.63182620186112 47.90146464850889 47.715496101248554 47.977679149375675
47.47691055116131 47.26127292621846 47.30901157111227 47.087446373120486 47.24558700032653 47.971135932831025 47.93856191002891 47.95370692262794 47.443725220039724 47.77356596653555
47.84644148411124 47.44062290954166 47.739705573240286 47.648539408988555 47.49747456050067 47.44460617434965 47.7222197386908 47.53961925768614 47.38337084818587 47.689628663819
47.08968998785505 47.343888108880996 47.881151665216045 47.62034253222204 47.50278299773303 47.04877812978191 47.59292318896334 47.08517907188835 47.730908085732025 47.33736221343837
47.13431234381905 47.70569767379005 47.65425384409712 47.20339657228177 47.91017031231753 47.31380654429641 47.14483107755808 47.11838127000587 47.01868727378092 47.60507951070263
47.843154289819196 47.07513251039229 47.058851328887165 47.20424421035687 47.371607723946134 47.39583636262444 47.28122345209004 47.668018466648924 47.58120628597789 47.53728059838757
47.218289561027134 47.56082381409266 47.01537540792329 47.25193771808832 47.65818967278388 47.63050597727811 47.89253851090362 47.370798811804725 47.584413346394015 47.28404398897235
47.5587141254148 47.16233442647917 47.494089324982255 47.01733158253453 47.54198932749062 47.691685288108836 47.32878715842299 47.18846509747051 47.05264996019897 47.85516224334558
47.10428635984729 47.54057480675117 47.01591217247552 47.797361288001575 47.20955924416156 47.17808721263725 47.49861398768438 47.23167605537 47.26025109818445 47.27940804047088
47.69688961446948 47.7797170324414 47.338231924045985 47.689367003023555 47.48876312183065 47.8211228947355 47.42633168985728 47.676366716195915 47.92376248516861 47.50247616088938
47.856161029757125 47.56203026951125 47.92106884211357 47.4925120169792 47.62695799358775 47.63524298458474 47.87837992564894 47.790535364683016 47.52469049808182 47.747835887943424
47.85558050112013 47.395938188315114 47.0731835020502 47.25575932485756 47.49047725135969 47.9289354253399 47.482828455355516 47.517447898653586 47.828268933607674 47.356114466245174
47.92747217768846 47.990177930851054 47.80208717224708 47.81911974230681 47.67637113078718 47.075571638350524 47.18885707506319 47.190770567287224 47.83563599552749 47.25700267156245
47.48289110025924 47.390136781121974 47.712380791681106 47.744510230773905 47.279043496861455 47.6765734707171 47.104829678429404 47.79692937076563 47.437916699062654 47.112442638264696
47.14292373338295 47.12629790527239 47.51752542449699 47.13522597217401 47.656508830847244 47.30620091396687 47.69898777492124 47.711959848186275 47.43197512046173 47.90356599033273
47.70822716834042 47.862399843476965 47.13325762125022 47.13252354568102 47.04133283493194 47.432048919369095 47.10939616806244 47.1892983864877 47.13814042163539 47.872159766986776
47.78839246514295 47.06870020219416 47.01675876174512 47.44104862805023 47.86589073561274 47.58563204525631 47.2811826755615 47.67953409736444 47.037247732192476 47.529137592970834
47.3447955211819 47.233041444697754 47.592846799466614 47.36185950441346 47.174479915507 47.09388896923772 47.799049832528176 47.644382913124566 47.853218314623604 47.119500278338265
47.62096979471196 47.41178908819877 47.78347984092595 47.24576182597839 47.0082860708067 47.058846743647884 47.409353502367466 47.159472876570966 47.66161334487914 47.900619293770546
47.92230197408931 47.31981061243055 47.92447413881926 47.46686808887562 47.5335744341524 47.12596001421273 47.20471427291988 47.761483710122064 47.545730773444774 47.71653510167321
47.07055642029987 47.583122382564945 47.51603909268493 47.62973659052214 47.90358128560941 47.16220041954102 47.136395536569225 47.79116993080038 47.439545684125804 47.096807105164565
47.95904783999556 47.660481777316825 47.15996288073642 47.75277337237363 47.35668880857558 47.17795168773621 47.853898380138496 47.83163870780039 47.80868158569632 47.113257094874
47.69285864716648 47.136632598784004 47.929165576678656 47.15483858363758 47.07674560086414 47.228778456321386 47.67139442060361 47.658445811478906 47.196219748472586 47.3122617499616
47.5213253028454 47.74996292230563 47.74997917492577 47.97043079117464 47.6272671753255 47.025463899316044 47.27987551933438 47.43727514066569 47.9774349087228 47.92055004163087
47.14245202913507 47.93395332028761 47.93354538731176 47.93137269411859 47.22240311290972 47.22591762166765 47.65613048998702 47.261346878735864 47.11161859046789 47.96341094563633
47.04599669309134 47.26203288383385 47.80208574225682 47.939131273433894 47.19802969351318 47.81260816501149 47.90019733009616 47.565626391639604 47.89272281747058 47.324894044909094
47.54011556225756 47.75649268779545 47.19423788883418 47.245338554968235 47.77687365206141 47.86798248836532 47.20328804534793 47.95122122210996 47.08753110617856 47.32131430099819
47.504927456131654 47.29770056909029 47.94001165272471 47.74384063778635 47.068528619660256 47.244650753185574 47.00005738851497 47.689043848881845 47.7240010455851 47.16707741757136
47.077403450675725 47.379481987836265 47.8002194522289 47.45388010164969 47.51481698527636 47.68340888946332 47.50479371513603 47.78195425127609 47.3574335995573 47.58364352873676
47.14872630816796 47.01610281856043 47.30486283141522 47.72636614664656 47.375167898954146 47.02995418334943 47.1448239683568 47.24786910407371 47.13839501050286 47.86905936662282
47.09461196692804 47.968893189537475 47.29729826537841 47.584568059410174 47.23548279586566 47.21903072057365 47.33708358699921 47.754360008476425 47.015086299846665 47.00777865388269
47.913552753274104 47.1782342620098 47.61436384782616 47.99417678964529 47.626243851171004 47.48473572633697 47.827866890196155 47.723567186074106 47.669876228483716 47.41942497287381
47.99024220505642 47.897862924196936 47.787958495930376 47.39787373993278 47.3966676964769 47.024815487601366 47.25808253522232 47.50139503704565 47.61131275263357 47.65212218456487
47.47533988637425 47.46949374636707 47.03543532600025 47.533815662745866 47.06846174917399 47.40024953207544 47.11551762275452 47.499230523723426 47.38269717406227 47.808321053966225
