0.7964061884138992 0.9682316997058238 0.7221714262610124 0.4442372703335059 0.3356565213833327 0.6739541734861181 0.17682833224180694 0.17439210360632196 0.6262992066123934 0.07998399174727977
0.6451967305040782 0.5575246468987871 0.10855258859209549 0.0435962279266473 0.9090566178366427 0.09850754797774552 0.4146415820665086 0.3131436275422137 0.7749284894265241 0.02284319165688431
0.3015464096626106 0.9905381223160584 0.7748469293173317 0.5255607795817708 0.14928852755534816 0.15104384929517245 0.1021203475137733 0.25861696791109834 0.07092726260502424 0.671681547048878
0.4967072189199435 0.5460881341287102 0.5876666268324718 0.07833362424946555 0.9676905531625437 0.4658569772288056 0.5109484202086954 0.011678029177251248 0.6944334993763505 0.11715962483701414
0.14313485701234896 0.7333680816945201 0.18335138182833954 0.10527397653808368 0.1593593639798796 0.9464145576966575 0.7738361203990027 0.5177936878235005 0.5653521320691618 0.08751556977548669
0.8847212671858098 0.4413467072829682 0.9395225255936562 0.16411849626717911 0.9717770152285073 0.3732806688902095 0.762307347655452 0.155287387284054 0.027076236113687147 0.7197522148711053
0.011770873206358612 0.9729886823275362 0.5926743137526954 0.9398211432084239 0.36166831350474415 0.9891964877533015 0.6838967105995083 0.7945638972915644 0.25666212725826343 0.17425842319149598
0.7216303648032798 0.5908856548640052 0.8591056653843462 0.9632514718058688 0.5583658923962189 0.2716241175987687 0.36278664581911624 0.06959696770889812 0.9493396609963348 0.6967016175872947
0.45124841853394415 0.59899214272653 0.36797618840663515 0.4844973097129516 0.7417843692254763 0.9817556632698062 0.8939327012721213 0.3382741200939219 0.9009266957626466 0.4379726804381301
0.012399706363350527 0.8694099279453559 0.7432277672049111 0.9173648626439689 0.5549122621487456 0.5473465487231264 0.032358746625511414 0.7145989994246145 0.6847791968236729 0.5555833559631022
0.8920266625237618 0.25078806610557725 0.7843380010864657 0.013707524930773318 0.7039377088958233 0.8332261595155944 0.33659561260821313 0.23736623736064877 0.12101121125183789 0.5579393856872484
0.41041613864861826 0.45125015228005483 0.3562749083791916 0.9034224323290835 0.15626869895561113 0.6445723659045135 0.22134947247430525 0.9789706754521887 0.7986498373821729 0.06418997362951162
0.4831557219804409 0.8373060785513606 0.971646494949379 0.17743038155134216 0.9834556612796139 0.7387344965848525 0.8857071805660791 0.8048480280421381 0.6230642263746563 0.7628610588709852
0.7365405990736023 0.522551462460057 0.7510453464903725 0.7039292239361482 0.9711624507068032 0.36440481951933723 0.718933052074132 0.7571381733301766 0.5114627441773509 0.3163214304615254
0.36099387323053256 0.10583261928569976 0.802267350158894 0.08803202666774412 0.9437744789780664 0.1532474868321313 0.598719527253962 0.1721233633489324 0.6916542494440486 0.8075298575822488
0.736908109619139 0.2558076834462991 0.3398492006473336 0.9250486622273633 0.7420211894923321 0.6377971091005581 0.29229082861244005 0.7445426219973494 0.019905104520405503 0.42082144403474997
0.8690289051498851 0.9034452300809925 0.5507608226198052 0.8997417134417545 0.8162849458300333 0.4177651571958938 0.4578106792045684 0.7458758780378029 0.7220089432569168 0.8281891557737467
0.5591202620722432 0.3000672825176932 0.23076862341747517 0.5676138594057161 0.02736211927558796 0.5301903867143599 0.9840273733963891 0.4891018447973111 0.5801588269440259 0.9832024336447128
0.025342987520034832 0.40829635974503997 0.20274534535226463 0.3675137236989652 0.004746616891129429 0.4606180288531758 0.26504127901227903 0.23836341632757785 0.8925372361997996 0.051106552730145416
0.03682614196186784 0.6270514203322531 0.06995390112939714 0.18355841284529806 0.02756127254678431 0.3542914960947362 0.6026646142037714 0.9956517871923419 0.2815047406633232 0.19861446414597317
0.22273682105268933 0.3980379351576585 0.7441161680109702 0.052664467272049764 0.04573170430354401 0.8179183660528192 0.08235031037083551 0.6933954337618335 0.3317903232685353 0.1814151413274192
0.8892901593682732 0.8165888648953409 0.6630570359031529 0.43408169884433256 0.032671330428823975 0.541778207781741 0.7545111675015777 0.09518966506579529 0.017201237921977697 0.6805789430479082
0.7412555666799369 0.5689673353846809 0.6221784515631104 0.6795878160071304 0.19253631125171855 0.19475336889141082 0.7487687114348289 0.29842869925071014 0.29124503050442174 0.3080691723368696
0.3653958128086584 0.7641862450911522 0.5873814139336606 0.9059021159765089 0.6750573900523916 0.35538324315936765 0.4849305509418754 0.8620309344010466 0.14497693525106392 0.11182086381896406
0.15383558599165503 0.022013658415561577 0.8368546138840658 0.641015781745104 0.872223699846057 0.9224973932364581 0.5550820622023461 0.7976315110878899 0.8987688549352687 0.3257986209672311
0.6906364945360544 0.3492162435422923 0.8510523630949067 0.23824141840793045 0.27997241844773024 0.6097223976926333 0.22300834713011353 0.5895302666449022 0.721079537999612 0.42169823882282154
0.11301748121999178 0.29047312228945 0.7929781613264216 0.7987053939785299 0.453939769048057 0.9576595687213217 0.11027395413364616 0.0014300877073076812 0.03735300462771207 0.19623749869315055
0.9109961742858963 0.8141205936977055 0.4064900303486657 0.96572181941495 0.12379484249673944 0.3123965609192989 0.2558454366378846 0.2188064669789923 0.9896737082629083 0.46914073358170516
0.3201475105400149 0.6994410390532364 0.12378761192172971 0.5320973408639816 0.861369013465069 0.5139721162942155 0.7944345207196357 0.2249652919102323 0.7696762809771917 0.8479382297159115
0.36922368202688616 0.4731886763741825 0.9826928273130259 0.9911467860263676 0.3325033910282985 0.5363111063598889 0.3971803443623715 0.6549500426273113 0.013482935815525288 0.140674231354594
0.6982162620826382 0.41817666536028075 0.18108546086699295 0.4494051928515198 0.5631741662518917 0.021963866047922775 0.9594191429214598 0.48105153361179265 0.5112888615991699 0.1487750174093737
0.09685673280549112 0.8938863300085713 0.26431594071381137 0.2671757017684915 0.4820643085620635 0.8898202997724587 0.8597708284958395 0.10148124142507997 0.9419216467525293 0.36002164973861395
0.9154596038710626 0.29417697851790925 0.7791287861545333 0.2937587073012411 0.38249068344151793 0.8690521095227729 0.2113942984113315 0.9026442397568927 0.8436819853196161 0.17427678214693532
0.8594526690728771 0.8743741949944793 0.9152560518815244 0.08719132437276422 0.6977595397898582 0.6632184679506319 0.5919412080143148 0.3963653603263222 0.4295654410622406 0.7489344531792946
0.4390737876043689 0.4415237864488125 0.07716990751433572 0.3514386842256716 0.3800229277774748 0.28822558278707666 0.6885094678433261 0.17548575868896765 0.45323609320741 0.9417206204251678
0.45283493936752417 0.37776810659171045 0.32043009833981273 0.36319829679781634 0.19108416786248528 0.09826380175405258 0.49592840719001785 0.3416815057767838 0.14065914517524303 0.5783238078980504
0.23687314364144318 0.5961079385319829 0.18966669058939878 0.09990436104582345 0.7850155314826996 0.8346801749092079 0.23228454426210043 0.7235140511825757 0.18301621585192318 0.8823547349006446
0.11476551563483162 0.076859115572532 0.20166238753896648 0.4023797356314891 0.7206943559749128 0.25183458294985706 0.00913626437489512 0.18407949142520386 0.10446328537811367 0.20442351008081738
0.08944522659788523 0.4466237036503564 0.22353398646275724 0.9202294692394389 0.5743507805608221 0.1173076509030252 0.7429049938041933 0.007782685369067344 0.5916101516306733 0.5829093646461043
0.5893055331336957 0.3124235531867794 0.45207078693117186 0.9839782831641749 0.4179878218881704 0.6054816078541058 0.4991345307101206 0.7244492696520518 0.9215920021311763 0.39663203698151384
0.22633503249509146 0.5027648471344823 0.9584088986893495 0.44172583448110125 0.8322480922609695 0.835727565254399 0.8064677210204722 0.5740538720447395 0.7266818959067061 0.7425935270641414
0.46022727104213934 0.07391909947213748 0.6280696917119717 0.9844570889942148 0.7782508365543589 0.9095551532339895 0.7992151145062734 0.012765723366743753 0.46309621944480706 0.8318439578376606
0.6570159812142076 0.5708436260145789 0.308754551071745 0.4859485526970796 0.46151956532184557 0.7135906712913163 0.8863222700886397 0.41489176900379465 0.04063848603644704 0.8630636373142209
0.8551929799478745 0.07327535426194565 0.5390834172403491 0.4014346114100602 0.38490701827677964 0.7437481288198694 0.9935448499155611 0.21786134156061576 0.7518980973853028 0.5544959973237868
0.1308829325787949 0.5720927161123648 0.03572834414328363 0.6329403238717952 0.16206114785353454 0.6151720643209119 0.9810040627461967 0.7989958326776616 0.5017859764942096 0.9163900396255985
0.5140167708432242 0.10065267049646864 0.28229093178154063 0.38567737158519755 0.10725488062509891 0.9253117533886923 0.24943081793680666 0.051917688302671294 0.17028367278425327 0.3822162453676191
0.13022754250417956 0.26019877478061326 0.9120920817434801 0.14448650000557495 0.8432361539251148 0.9848105159497742 0.6678572554337996 0.9636792053244067 0.9865760164460146 0.11983603824087774
0.5121782214030242 0.6254565192763847 0.8831986800772639 0.8054725483848685 0.09118284290896672 0.20186385313589228 0.08894051711647866 0.07575628773386689 0.9975128304249086 0.07387994470437731
0.6761347128718516 0.37215641964859114 0.685043476839689 0.34731680333488635 0.7940339699925751 0.757540316090263 0.8742967717742167 0.9658104812452275 0.9770216575813668 0.9863031060145349
0.6348571466453768 0.03655859107880777 0.4225656444709277 0.9389923068876547 0.8477015558403557 0.6276240083525656 0.9930959838137874 0.3135481582641807 0.5482069750905715 0.570038504476355
0.00946351805079848 0.8803190518581419 0.7296994111104271 0.6036037358273176 0.9983638378814549 0.054300502306607434 0.5477607016115851 0.5422017060439409 0.4320870397397576 0.01558517354646538
0.5071109388779051 0.002590301994614186 0.1561803206334923 0.11780061210528203 0.13573528809074542 0.6400739543441125 0.6390872247011712 0.86435045123846 0.8550261710753095 0.7651031180503536
0.3975539995551234 0.3035635661985109 0.24006335464866835 0.6767709989204898 0.9525695853764838 0.2963954115095626 0.6307553159808466 0.04233911713318428 0.45283281043002954 0.7441138290287604
0.10241765011079129 0.17633835446221602 0.6662168534532003 0.5284417955032344 0.13346570379170075 0.12845520451341208 0.38442737347671874 0.6129177228528405 0.9182493780994977 0.07632792381542475
0.41202728848419023 0.4817736098036125 0.16466098584595068 0.6375406196086616 0.21822831883929927 0.8514198875557786 0.3889971720039319 0.3645177345682614 0.018324909131029132 0.3796654996721205
0.17465871950618184 0.8666855583718607 0.5213737133988557 0.9190900294165029 0.5966226366363852 0.7161809384519988 0.8316980016305425 0.7135245016896412 0.030223025786121238 0.5365521848049917
0.024022639893438336 0.8203861145871327 0.8606288698477396 0.44831039043884846 0.7255222787101735 0.9566512812746304 0.18850790784098237 0.3508542981877917 0.6327916983156978 0.9125404498950241
0.48771799366955904 0.35720506853771605 0.2677242910426961 0.6545273964065133 0.3124682228766499 0.06615207534748802 0.4335100111895961 0.24807453105788702 0.5742443094209929 0.25582452450863313
0.7704424255907943 0.7705346557718402 0.6128939030489734 0.013367819282624649 0.5309495548492932 0.45594942129608984 0.27161892008356414 0.27731772335466065 0.194240578841968 0.4160127475840939
0.45222417203913967 0.2624293495339043 0.8231867634000873 0.4152574286737555 0.17482236732678236 0.26113229044864283 0.12953162321744527 0.3435616766812013 0.9952976583501975 0.8714468389552296
0.058251772999093565 0.22536164398709113 0.7441813872579758 0.7881107849239285 0.32786656676885295 0.8324949551836448 0.9421948316357387 0.9118299334435457 0.7707213797954062 0.22638941300535986
0.9205661162124446 0.6809799064277281 0.5057454739144548 0.8453499427561951 0.6283290132830979 0.21075065380686353 0.9459123399377534 0.07398614842074147 0.3441639326137156 0.03663897819474271
0.3936069190466428 0.5843616021311256 0.02694211189059159 0.002359072791256467 0.5093306901086169 0.12223551805959199 0.8369861842636148 0.10665418723443865 0.2526516756840408 0.8268058349679305
0.43916147642219094 0.9291575868211782 0.9890340224666285 0.6186525562723765 0.05926414355413112 0.5923643955983815 0.3321571820319065 0.6681187158614731 0.9067738910192796 0.08493999316292966
0.9485622806975094 0.46515562329607774 0.49989023879510897 0.17100520468668 0.9899390742200598 0.5516979460357788 0.6328733054185655 0.04070192967310271 0.038093944000136215 0.5489236924511307
0.2110611798212283 0.31925733242911214 0.4486158437942831 0.7142924496546253 0.9455381386912839 0.044928716478475295 0.7614833072690338 0.8970451358358416 0.9472787056973431 0.7506253072971505
0.4103329479833264 0.42588688877156367 0.589694817307986 0.839666806571896 0.3068355082330394 0.15886428721467005 0.6188647291478274 0.0330534107003887 0.002602839099393184 0.6529868484871669
0.3823234224969537 0.7837852795514065 0.038275404692210135 0.1699319304115886 0.22014674709003434 0.20318420862191355 0.7779165933937299 0.024211237368143568 0.5161619812406628 0.22483347372842954
0.49656642362149694 0.6014661483670899 0.6424700460283554 0.4436668499152825 0.7397841943210625 0.22709806447804337 0.04706553664865909 0.3109010641724005 0.006235909966349817 0.9492295098067041
0.0321926089418898 0.1399205391728786 0.6178589642699857 0.21502980279806583 0.3501761818739797 0.6838868830833477 0.23686302984355379 0.36572930435107853 0.6038194386867243 0.8827601157191427
0.8648029091404074 0.853184671751056 0.5800604838841266 0.745582514388316 0.31618537599284746 0.08964643793703164 0.06843204808364245 0.2332895266180628 0.0975488647059245 0.8824200560577737
0.4199703247915346 0.43797736873507276 0.3426809634919765 0.4763997664348596 0.08756982426168336 0.31646970056532975 0.9556161122846842 0.3299942520774929 0.6553836392086033 0.7291909206017018
0.39528126439183375 0.8837519785202073 0.4127191142859139 0.559766960731826 0.5991351514909333 0.7460329302253693 0.35698114238746004 0.2464387913437831 0.3878720214384008 0.9163630978806262
0.6205666129799681 0.1432882077573726 0.31923849875648247 0.8946463332552805 0.708215222135721 0.747438710075052 0.36623788441891614 0.7831980659924176 0.6041731011373909 0.9778093313363707
0.9834732515483543 0.7786037703639299 0.7626276927654436 0.3716626860259472 0.09510711011008377 0.771694602207754 0.23022382445969725 0.27710268671348726 0.28889198149803774 0.1264713896520141
0.6660719507671886 0.8628416552439402 0.03295265993839136 0.0925974820127129 0.8225118668889906 0.04097037020250527 0.0454780018424209 0.7211195877325726 0.12899635712625346 0.20412880862018512
0.04220579476931996 0.5993656164607295 0.3818105330015652 0.015389226904036768 0.9625615500400835 0.19850632959495929 0.1839449596677014 0.3573277225453505 0.4325386126942232 0.13605818540081127
0.7022913240983393 0.9461737659416712 0.6608826552915398 0.19564253634887996 0.513431657640933 0.047591953664587794 0.18487168138572252 0.5176059765370223 0.7946434108998319 0.19256375830786854
0.8829575223997556 0.9766459704191278 0.8833440932937732 0.7850017794502434 0.4537629948235592 0.3963741605868414 0.2760511353274667 0.017141999735171387 0.12440414954546564 0.9157896193532679
0.4670337675275963 0.5644248876233009 0.695834458115813 0.5189229302463794 0.6371856305434315 0.11848918504739958 0.1588838549514241 0.46645104506580715 0.09524822479920603 0.93506683770319
0.021892390987751198 0.1268721512736759 0.5463667862570702 0.2229816669790473 0.17931464607694947 0.49486876673632485 0.7170619608231831 0.38111774753966243 0.620397888584765 0.5057761032207734
0.6010520284496503 0.8021386510367716 0.5280128902500617 0.10761218143800266 0.6069620099991297 0.2049014676906259 0.3499438207343041 0.9359149573146867 0.18680779034818906 0.23192487506267456
0.23841936193960256 0.35167094915299935 0.1032445159402341 0.35393342082815393 0.848394136949911 0.5489088082476463 0.3539204194716681 0.9604151686110779 0.8610661479263785 0.41607035370168954
0.9128788008211276 0.8832933317836602 0.7563422657728449 0.8440608105191858 0.8718022113158036 0.5002269631502326 0.2964404930262998 0.21391876740788696 0.2679946930290772 0.9947193308882598
0.9025444321965934 0.8683356160700618 0.871349307049119 0.31212739406982115 0.6074016429414594 0.47379345535558925 0.4691498747056426 0.8438292017338892 0.5489844060982754 0.3138790901558711
0.7354074065568116 0.8962205067121509 0.03380760880773248 0.7193711227308485 0.6005331055203899 0.556875576386172 0.043225840698361995 0.036986150400864615 0.14750166912670848 0.6571217811026033
0.6820071575062013 0.7662091654328212 0.452259853295793 0.14844099073563688 0.4757085277082058 0.752422191889763 0.4589870287852852 0.3595254056408498 0.611854153472662 0.614584243514439
0.934916284682461 0.28147908892820994 0.18964448231764264 0.9070051295025872 0.7847751550170131 0.24057089603020854 0.29389995095328747 0.8672940705815292 0.5215083178671784 0.061108254640038884
0.241170803080346 0.9863537215159852 0.48779432312791005 0.09541543593039103 0.6594202099320665 0.051328912050956244 0.5019714297425728 0.30356411459976407 0.1574147057591404 0.7587086766848467
0.9623384324371415 0.9024178874104993 0.21593264679137603 0.47231899087041695 0.08539789716915824 0.9717167078355535 0.5901277432441756 0.20973291663284188 0.8764615036127718 0.8043409296439089
0.9508615192365997 0.4806639136208508 0.6351375596393385 0.7185591162273074 0.7125448415741668 0.17219686246632826 0.2835737517744823 0.5119775048898982 0.9960054534037 0.27825063597906385
0.5719283433898633 0.7300732678849601 0.457124918304445 0.9044553782105784 0.26339566353690314 0.44660775453217605 0.2754647926602656 0.6446658643946893 0.7302128056356766 0.308879716383867
0.9418289293188598 0.12162247095077539 0.002426018154182197 0.18769298929761857 0.6096845172253977 0.21180948001431066 0.20279699112571292 0.8900770552241407 0.6825919091635998 0.23334989598898714
0.4740806609190499 0.04221245174227217 0.9982692642962442 0.1658150679713828 0.9590078820453236 0.43067789720479177 0.43964490315404015 0.7921161170768555 0.12865766350319763 0.802049571590126
0.05422654996060894 0.5051837580951688 0.7715054875967284 0.3640468769138654 0.7953435574983575 0.40593168807882496 0.25328546332539226 0.005833732782033252 0.8122944320108043 0.23403784013693685
0.23690605544785137 0.5607476730806528 0.8111589006105725 0.619367468872743 0.9120102201311718 0.27164390264299454 0.38400984159804197 0.11940002429050822 0.9253726674477724 0.9872048293661333
0.3614874171328868 0.5168117939967218 0.6261785422862903 0.5169802090804095 0.18217409851401256 0.8914050261722395 0.9443290983021271 0.00358673703837864 0.9919358211801046 0.05186289509038455
0.2052718433194981 0.13241000248602508 0.6873713090477277 0.01534953330204325 0.4514538180048737 0.4923161765072612 0.39973750366613736 0.3567627924969329 0.3883487121848245 0.4252943168908303
0.979196645492013 0.41448662875350206 0.9021096516413115 0.2586144905925568 0.8839562613910537 0.5357791135363523 0.20625125230514485 0.900001259595049 0.5048499603785671 0.7724712878082262
0.0663660593151566 0.3944855853341068 0.36313420079229053 0.6964406579354203 0.22473207834100328 0.1910124896916383 0.8077516525595863 0.29436286682031665 0.10076973607907291 0.5475463602093531
0.8080394910937122 0.22253342869515325 0.07865778418544034 0.7153288453188654 0.18883657349099925 0.055091058565051476 0.21002005503721055 0.2861093835872993 0.18717055428232643 0.5427630010354241
0.957445355061962 0.3605817196446277 0.5231825406580226 0.3142914195421732 0.6837056271938545 0.0019243035255032126 0.27267291053873044 0.8989898508398362 0.9518878513164589 0.775256163461702
0.7046295072684013 0.4264167870457034 0.34325797222551413 0.041984264224571466 0.9043247375598729 0.867943448185362 0.42252530778898956 0.07743209832974951 0.44104570928488707 0.22503087773517505
0.6842788941255205 0.010803512772954549 0.5592476082693633 0.6403217895338943 0.799717511632365 0.04844981930893866 0.37289701028567057 0.010190169453372588 0.24939759315136678 0.4345722653308397
0.32499865161843167 0.3111823157312521 0.47557449070473823 0.12790597005533766 0.7377757875760648 0.5178204995865028 0.01681372804424841 0.2285955463771593 0.6237001613885135 0.685530718027433
0.6979013530513934 0.7763866089071927 0.05354546828144324 0.4999944891624645 0.8396828995352914 0.6594217348923886 0.2848631137653994 0.3530135867142369 0.6263133170535211 0.022342975037537238
0.5427571408011197 0.7950161589279168 0.22150050833760648 0.7430674789470838 0.8145608048604419 0.03562138224230926 0.9606776398143982 0.25951689367721653 0.27099420879214065 0.016218809346910557
0.9626405852985271 0.27074486903102735 0.9586088528819191 0.4623080037886954 0.8020382610090177 0.6113215412424788 0.22180171422835215 0.2383826574216521 0.46320553946058807 0.9034974943400298
0.9074077239779843 0.2744329359480542 0.6561796984042321 0.4285841442927695 0.7808562892531352 0.3106782650252612 0.7173431460341214 0.027151294706995066 0.7401041531141718 0.7159325390912642
0.7399863624527449 0.7370566833301684 0.3520330280950398 0.6750421398883846 0.28418721921892554 0.30898666103094574 0.9557276562597901 0.112126575823283 7.53520694210752E-4 0.7011008549911392
0.07802572305245403 0.8188907152928794 0.7705779715029184 0.14753797256209755 0.18895843819094904 0.39106612930205664 0.5086060421138713 0.41995381812744914 0.8881764503427334 0.7410788735475901
0.6107183479130399 0.45692683763216413 0.4581827804258407 0.15132937092878984 0.1321815917762471 0.6229804632368653 0.34617089766786013 0.060009554575561785 0.1779228360352123 0.47713530814436733
0.5434923700622151 0.030171430028923307 0.6577339663000554 0.08031905111545257 0.020255724765865457 0.6428002198069411 0.5136146006943686 0.5516251332466596 0.34228375089021745 0.3759342344382608
0.7618131734366491 0.7953258633345313 0.34863413273324595 0.8844129138725833 0.2087275707712305 0.0637096428775985 0.3001139775709175 0.4786231781106187 0.4976784455070461 0.2952256731612162
0.22269582162889612 0.015653835853647213 0.22266943880555168 0.97308421484967 0.26446907893679283 0.8625562536934456 0.20560049938720182 0.5863738508889503 0.7607377580139516 0.06894890181187874
0.6750020145979938 0.6439217596973098 0.3591011653353352 0.3949924838360406 0.007208897520467605 0.5905367408335989 0.9948318797839982 0.38080124760876555 0.8949950946260294 0.9059392440096438
0.7265907488191395 0.21464526682507612 0.29404147084739796 0.12859604200513197 0.44349609289281644 0.7598373400027769 0.26421017672732716 0.5398418727397113 0.23679041657744992 0.7339875820707643
0.8704514569661758 0.7680841202831049 0.792824575565409 0.6993475034718439 0.6372699807003385 0.6285507798468403 0.5088060017294277 0.21925460398314633 0.6610286662133038 0.10095587234725423
0.15873399046863823 0.26322749349738783 0.3759706779702482 0.465620750906388 0.8441717569525644 0.7020506772124234 0.14269124539924705 0.26800368921181006 0.6529815533819986 0.5242271696262127
0.28189215767065634 0.9622541176161613 0.9188754739008295 0.2264661943422307 0.9116041805253203 0.7963219666292867 0.22561141727581724 0.6834123551541872 0.9626635079606353 0.7443170721622477
0.331890046435395 0.6856112619545456 0.045080385510186005 0.06622679379094043 0.006485342691149976 0.2497466296520252 0.41703921129088417 0.38076475744040816 0.35786756218355775 0.7514718526173243
0.16862128566206036 0.9740377667785556 0.6185543740989892 0.9086987760986426 0.873942852459015 0.4348811501277643 0.5016523384923157 0.6519953063618174 0.38825260136395967 0.607127848767392
0.18552724726388747 0.9587824872813687 0.17063427775194506 0.27974023416196325 0.7022689500393149 0.799310767441948 0.4983119054319597 0.9976473070135404 0.006592120629745346 0.4449343139988092
0.20515641541956509 0.8692946976893894 0.2840416865193658 0.5229912187770284 0.12484399488992515 0.2713284905411265 0.12084773573247842 0.36763639267041415 0.24821837378049183 0.906498062443738
0.0025015249221498337 0.41226339277419344 0.7147605239608128 0.7577772624957742 0.23410045809627822 0.5966899274379679 0.1496706919279467 0.09986709701471153 0.7827370622698929 0.021071498225509022
0.5309199613697481 0.8786575903094459 0.7306829534408965 0.36854592711015177 0.7247290240604429 0.4498900578897045 0.9978454411765645 0.9399014219557439 0.06328429640723432 0.8801753535122322
0.7429515094502105 0.4960991794859758 0.8551028253093186 0.7566877065857825 0.3851396470421533 0.48827112884892643 0.5163085493971166 0.7262678201821425 0.5011174524556945 0.6698519410564886
0.09018494010818712 0.7903328032170168 0.9477684700138989 0.5317941200953511 0.2827195184682384 0.7189048742202121 0.4360695426251875 0.4793535257862387 0.7834584449095046 0.815234585230224
0.4394052050542254 0.17772179994702442 0.5638398853296389 0.6619083326832685 0.7578432663971559 0.033821935697770256 0.04927719018571153 0.4099944904477163 0.2796615844129333 0.352870917919222
0.5466140895964874 0.6346955769227026 0.482393216846848 0.3108539777309447 0.07517589433124561 0.7741392829728247 0.9978828742823642 0.5178428084440758 0.7974919230032478 0.6923537250028796
0.1293252034308574 0.6121298978416645 0.5748664802720439 0.9631378485473806 0.5529808161976087 0.021440110626121944 0.7833265287227542 0.05845066600508242 0.5632438720145582 0.7550189991635318
0.4170766191575406 0.7431080339837559 0.12696012889363617 0.8491877571609576 0.6794425261596899 0.6269891613388814 0.7013723797713812 0.878992252845276 0.7153867621598449 0.006619506688003263
0.23979537784128535 0.7698639374186762 0.8750310581958598 0.8399102219081135 0.06010030073916728 0.9957484950473545 0.9142219749323941 0.9409991951612122 0.2833139654268988 0.13394787590729385
0.8360275930144591 0.25655198860510653 0.36311595644527683 0.6619600473472038 0.6561549377091525 0.39054539825433143 0.8217419521399918 0.8278899895568067 0.23562895710576115 0.38147067515762023
0.6837795634525295 0.4035443167836462 0.46567600091355676 0.10405683349092953 0.25656840957967375 0.13811140660012156 0.5126056923517492 0.5670292867120775 0.8443932208743017 0.7703674884614093
0.5345870392378899 0.8090826898814025 0.7033852913156963 0.5286385520525314 0.26756620634153316 0.057160784936268416 0.04502424146956119 0.15028672538523113 0.14417477799544642 0.30430057394129073
0.17835821694104126 0.5862792684759179 0.15732871195752884 0.4887118973128375 0.9445378568167494 0.7214367127730278 0.5093204762672023 0.011427617125088552 0.441985162802502 0.637246631514767
0.19755740303250036 0.41677357830506334 0.6664957480232262 0.1716674160030135 0.07970169279941663 0.6780718792573707 0.09779884962694474 0.7891369512419237 0.633818929172667 0.6804046404412087
0.45257646972209 0.06403870317973281 0.5832426689965899 0.17292984516383858 0.793669306439641 0.40216782822852726 0.7912157730091671 0.6751547194611417 0.9361740772520575 0.9772785003082187
0.34696934553885084 0.5647363071685058 0.6233627064661623 0.24358279262895588 0.5627522129934717 0.8487927413942169 0.2588313600483423 0.8001105249420114 0.6804257481338701 0.9263730341566526
0.07601287245784316 0.82912871557019 0.4465897208681996 0.9866471674708281 0.5021636260617671 0.8083579012157985 0.3568072448423143 0.555542244198287 0.13116158438520364 0.7055122454649372
0.2923475737864736 0.10296450511158661 0.1579295966962424 0.40372888839292764 0.4769677159607415 0.5534114825974185 0.34702399008179297 0.6777414063838679 0.1666052843421103 0.004691876608795886
0.6089054241370705 0.6431910183879727 0.2514561910550157 0.9526356913938833 0.039635378442713254 0.23525872286501104 0.9977628296494597 0.844090349811017 0.843218263900338 0.9378398222405384
0.48573976316014467 0.8361632435463817 0.9005355934085437 0.6807722541648185 0.9104151411741555 0.22658499378874775 0.8747955113334046 0.5501684931545512 0.8037686104110989 0.13823158626243348
0.6506471173709273 0.7156903733377281 0.4093967693983659 0.6902579689112377 0.5925860082368786 0.7686446586286377 0.8950397488560012 0.06895939336378365 0.5780035269136311 0.48606702432601867
0.8236536395072246 0.6233910986002017 0.011209559306087913 0.888500423027326 0.32031530946334363 0.35394096801051134 0.05698408875502514 0.34296334460085176 0.6700972235841619 0.936463762803877
0.1456907888909541 0.3776422778017646 0.6611521046356502 0.7302494603962478 0.39671096783778936 0.8211321108648131 0.8475982615686543 0.05501285102982889 0.9829338491356309 0.8565866458289214
0.04839834429646894 0.39025484290343226 0.6162653891265014 0.5899311859294908 0.8212756619379175 0.049760592628207534 0.27259400254623556 0.7713276645285398 0.3548138570811791 0.3146632892873975
0.994378859980465 0.3803721337057594 0.20723717047367696 0.9704167860970256 0.11000243358584239 0.8880433840087466 0.5869702503932008 0.6861838780264727 0.49125563820023843 0.14221050079527264
0.41792792236327914 0.6995616697842525 0.533800647621191 0.9885465006118486 0.2615869252718416 0.8252290056365763 0.39018291769367364 0.9349836857516753 0.27824314562131236 0.8930154118659094
0.6109404318406705 0.39538609268385805 0.8014595064932328 0.3390547057589637 0.7565848796070207 0.3069029168517785 0.7725612726420328 0.8231008568557362 0.7317059376337088 0.2055063075759297
0.23613676031278685 0.4257472970725108 0.5621766561838157 0.16550543080856106 0.3328536906158601 0.19120551397619212 0.0874138366993843 0.3613685933611175 0.7425022100933379 0.5244622354642302
0.5718748841883283 0.39397318700172845 0.3280275440824315 0.22604904466675135 0.5534480731214869 0.938443521132184 0.8104170214162965 0.7533219287855268 0.34112067908944976 0.7170243661198834
0.6646574105715453 0.6340627337481567 0.4502852903377168 0.2779784113842598 0.06857992733572882 0.8263782629680216 0.9212715652807666 0.5702837121185577 0.6592627021887383 0.21828686624246418
0.9051672242722494 0.8439471456242115 0.05576080262558958 0.3910465009689016 0.12071839469837709 0.9770384059724142 0.5922865768439266 0.2321924571146391 0.7870763278238667 0.9330883990622577
0.47256403765963306 0.9774164746829781 0.41938375185929166 0.6862851203439364 0.6039326829886288 0.7848336806186315 0.437670895627147 0.61693838495505 0.6988778662888137 8.475301257366841E-4
0.8842577957255889 0.07597512991142963 0.8420161846618758 0.8637368430166618 0.6708357978167159 0.5447646221272389 0.6121660591260206 0.5092534813006858 0.6836281034723937 0.5753632084350362
0.02198518954465145 0.7919327743458666 0.7635054120870185 0.48630664487738695 0.9917581440535408 0.6164836083721942 0.04765951871891205 0.6103668967309474 0.8092688256572899 0.18553814772491195
0.41041445299568335 0.7432303679609282 0.044294364197416614 0.8132062461297692 0.7729803681349149 0.3258422079086408 0.6841081415537386 0.7282927732380723 0.8654336379802234 0.808201765085713
0.8354816916462852 0.5967009909143818 0.6189312799499025 0.5886821230733257 0.1990262917139518 0.32945833763648424 0.7421458368820844 0.9004866555692228 0.6633171444117699 0.1109657814201509
0.19313284161747146 0.025644085409458728 0.7890940702296125 0.4814854208272341 0.19631920486352672 0.25698254816564214 0.6579346578527856 0.7385453509285678 0.17402836741502048 0.09981274898996428
0.5451470831210941 0.8838548638870161 0.462933608613027 0.30758876301716065 0.14323160159863335 0.8354869562112861 0.9680580504842189 0.4796042721834072 0.6101108980523431 0.6494994627542529
0.9704165551520415 0.11382142893820713 0.5454316029751815 0.05082982850459483 0.1491206136301806 0.20421818103575384 0.10859029041824031 0.6602128148450548 0.5047447468743009 0.6995790628969284
0.8837393283847536 0.9220346913758533 0.2779788451434785 0.39944359168787114 0.769878946922862 0.8874509127672988 0.14606764349383594 0.15296554496944936 0.12824411461201612 0.6877592469926233
0.9492653202274554 0.5477252435106921 0.6545457828761021 0.7449332602241404 0.9505093109950923 0.6280762030818099 0.9602280642535863 0.509386325792065 0.16374443352464563 0.5663964374930005
0.6447541821730154 0.7894494395573655 0.5998046625898542 0.6256538729691781 0.7200355493977152 0.5427106085119126 0.3734868123567663 0.19798445822363653 0.6084704577443693 0.3362776601527351
0.49142637922491583 0.18152043160039888 0.5776595961907366 0.5511902803044685 0.797613003581892 0.466495179122303 0.39771768498057536 0.8056211203001844 0.9918590393283118 0.841690796157347
0.21120217637302185 0.0021699654791884626 0.8562618405815998 0.2035827049322545 0.09103107925761744 0.8664689277978643 0.8256761418410206 0.5530751773897865 0.5283639752786801 0.8374809524180091
0.8204404205346013 0.8985108330854379 0.14027150965140078 0.6942873895411458 0.8230768427945939 0.848675856728889 0.21612044631490623 0.35982531797930783 0.02541153807390395 0.3758119122818844
0.331952939989531 0.9089483483303493 0.4985382906473015 0.9561849986864299 0.15373993748205383 0.9263498193736184 0.24527509570208494 0.05455002145495014 0.7232405308879771 0.009300280280773787
0.18324010496776189 0.7088895965594609 0.9743005434881423 0.3908160063647991 0.07639949352391251 0.7930941443217572 0.9627750970640808 0.37078898753097744 0.6839168017222649 0.3877896084820621
0.30986158077758363 0.4857728911663536 0.4273593920110287 0.5733080913270756 0.6564808100355575 0.12253374119391791 0.6907948811181076 0.8738359704398384 0.505446227269132 0.5861381147965397
0.4630361111282484 0.5280629112352238 0.6885117585405649 0.47026522495916456 0.4072706569306307 0.7391942825184444 0.8369913507827088 0.5455942825380945 0.6005368732716734 0.06597859633229397
0.657494085425133 0.2815315440727233 0.12398501427505859 0.15644075814425262 0.5184208965867528 0.547206295507502 0.4045891309964367 0.09730071173456878 0.8382198274230894 0.9995786128497839
0.7099512269048898 0.7545964486552873 0.03299916351955445 0.15966619451743747 0.48006620933601474 0.61481890922763 0.32894846876961903 0.20231105878706035 0.24339257979148854 0.8009062361029919
0.5741198995319677 0.04057175301924909 0.7093005707461493 0.13373281457099284 0.2944728938671366 0.37273994897945284 0.25494542887772476 0.3372685544688866 0.6306879111834072 0.9781449553295005
0.4318410144317052 0.7443722114398643 0.4651055040754506 0.6973235737652497 0.30588439160624525 0.15022229494378225 0.0022490806856206857 0.21279658947685398 0.41430978281337505 0.7816773313138253
0.3017412658012846 0.9586075858540192 0.8740256353913544 0.7033971758285722 0.7790251497500207 0.2299434857540883 0.7080161923663641 0.36534561369049046 0.48715337300274775 0.8385706926085031
0.7699647564694097 0.4113335782188523 0.07200961831847819 0.4654842354307622 0.7419827839397088 0.3145514686402605 0.6536783583390454 0.1990820730747953 0.55630535785774 0.8835784186050336
0.5282809162676867 0.6153399430630566 0.24904030431455515 0.19114463867042264 0.5074464329385688 0.1558770527082417 0.6925345133831906 0.01796299249497224 0.9166890546059716 0.4904662268359178
0.8726478642873404 0.475234176202453 0.7593134196290797 0.012456901915540941 0.3782015617864263 0.07196942724600741 0.3190721154183247 0.608742550987458 0.5520943391670444 0.12706377519180434
0.5226509313210558 0.3703192988110644 0.31705633590671234 0.09109147704775533 0.7121587051221546 0.9651452910152495 0.03373745383000082 0.039084824993524725 0.08815027276882248 0.9819256426828379
0.874803025084146 0.3230963801989365 0.97531281224592 0.6716108168801443 0.1059366703754997 0.1321335732035005 0.23579708247898867 0.16281128917962728 0.35312623026946977 0.4970939065003551
0.6092770825344257 0.40799455532300277 0.40533617896464025 0.09961835579673695 0.49417251336577395 0.8292452587930204 0.35264498529535115 0.09631851769518596 0.7010709451423691 0.8755328455011822
0.8921542514466959 0.053623661272080625 0.007237246216428406 0.47784548219536627 0.44745140065680455 0.0035314616826817025 0.9201997889844327 0.6942130498712711 0.34213522110254824 0.5768365028370571
0.9187548572726527 0.6735557093243689 0.6438900236296046 0.1479485073696185 0.5813313324308637 0.43545905489988634 0.45282019164725873 0.934202275124162 0.4345104242092832 0.8623907492722267
0.3462341463912767 0.032599984423401285 0.058595631286000205 0.7315375415726294 0.4117929548881727 0.4482153981089244 0.9724808247609256 0.5753557282858587 0.801915297534541 0.2710290508579829
0.08666480118345798 0.6530920485243127 0.02455730213701146 0.2917518874681785 0.06111306676322026 0.33994623410178526 0.2489622752976689 0.512234755858972 0.7337688173790481 0.7962104834320329
0.7497017244846067 0.20234932541221518 0.8958665599670366 0.8656349519658171 0.23830587594523944 0.38276579842734026 0.08180359473501442 0.770432740415755 0.23900823092911783 0.8718411253600907
0.7141760483718905 0.3197516382093788 0.853605563865047 0.3248715268963639 0.8986876140191102 0.029104339858301298 0.2301609888937428 0.015250825262084988 0.39899097187585253 0.7601622229971363
0.801254423079164 0.45961638537501315 0.8381232004545558 0.23348272603766973 0.889711583179989 0.3728529825636192 0.9710479089330137 0.04115361244627114 0.5932185696796801 0.8538637337742362
0.9519191006240071 0.5920020570271904 0.9539566351454166 0.14930690480352782 0.8800321148849368 0.7589301828977488 0.29536717862261197 0.8200358807687013 0.550030083683966 0.8661029955965714
0.26538443659089017 0.643769185343966 0.25478439787522766 0.05312848538585779 0.56394965456779 0.12755595087663796 0.6934702949491512 0.9840338496594057 0.552346615817734 0.07489167310561651
0.5227098313013929 0.3307561009323039 0.9428759288348624 0.2548782983504748 0.8552561250561602 0.45402878868922725 0.5496110656567308 0.8546109128607052 0.0585441498323469 0.2289612168652002
0.6444562407998714 0.06101360315097126 0.5345354196234899 0.018270222257168678 0.8074527246240668 0.8146351559662666 0.7726345738148934 0.38303893184446225 0.2862566465728603 0.5054545644854189
0.8590587702655073 0.2390407020348564 0.7869378822126186 0.1395357007964848 0.7988907675365146 0.8160806437271129 0.3067264270164529 0.2954090796912515 0.46114946600827444 0.9584712620522431
0.08905881554051998 0.010348193369975167 0.6925626389148898 0.01667271421851879 0.03225395832082911 0.5892465184718324 0.16232803222933534 0.8232921173475611 0.9153746593334042 0.21259062507909
0.7980009915552797 0.02105081659712993 0.618306688203816 0.1350638387047287 0.25174804792807903 0.31599206210438524 0.10781498118613353 0.2126039336885951 0.6965574014700731 0.0661160337988721
0.3373121907334512 0.4732773847972386 0.39359914609704294 0.9837928524914419 0.3653020311356343 0.4561217284439638 0.8947793219510506 0.6297188821807654 0.9359359204899949 0.08214695834728891
0.44863343351535656 0.8068446396286705 0.4848482790516845 0.8929752317211503 0.16305706456014446 0.9246179466481103 0.03441240809675061 0.5951382628547905 0.7449719574410043 0.8970490433689763
0.7247851865255269 0.9818396972877668 0.18487860757518537 0.16251886288055561 0.7905857637058297 0.4690298577561518 0.5833468967295662 0.9689157907581513 0.6377795659928354 0.678928539168559
0.4268484998768033 0.15460010137339453 0.30131593989557603 0.7316711184078095 0.011936276219466246 0.27385929379556495 0.9712938686516793 0.1645417068565871 0.3896272213949086 0.06493199683455819
0.4639071048535264 0.6882972702362521 0.15594717248403256 0.9393415150411947 0.483146508042853 0.31137392246481443 0.64994729045266 0.3831949188601079 0.2702139589034305 0.7153077925147185
0.6371035615898857 0.9042670710085036 0.7698285534026362 0.14848978494609155 0.35386217365254247 0.4331030944839226 0.756082859340271 0.5204144909520462 0.8681954251624713 0.8920373465718303
0.4552329965128973 0.8248713346244949 0.07138428119188012 0.9829402690970241 0.07878338546612862 0.49806542279514177 0.25784491522096675 0.11266924995283234 0.3374529485103511 0.8264449714072983
0.17266867694711407 0.7746132916491434 0.445087037427479 0.0590509065753243 0.6106462313362795 0.6353853293605838 0.3413047692142033 0.45049322306298945 0.13589804860669075 0.03763029491570935
0.8626490956275408 0.06319803116801082 0.25783519683888223 0.6230812161259952 0.37423271640199296 0.7913582643851905 0.4470259173691783 0.3044090426528028 0.93734998413697 0.7340596504268363
0.7036448821563974 0.8700768844371585 0.43325113994460873 0.741343242421439 0.001533818750972582 0.09332250930402652 0.18925230643755342 0.684504374919225 0.8225035078768385 0.33455778937383196
0.5605804431518384 0.7607173325606297 0.1683589944359537 0.2758872268289343 0.6098299192739386 0.9321136438820519 0.8922309681668359 0.6071121572808312 0.49563323112019975 0.4207314076725216
0.9261486470864222 0.19450108433735613 0.43312522039863155 0.033292098351769606 0.9983899165681149 0.5067707807511852 0.12100684608267154 0.9735498204100146 0.7319972160912867 0.8471366887939709
0.34349079991846376 0.7149977781718944 0.594948209286969 0.2459554805001123 0.050138255066656034 0.45300530752747126 0.0328227336214153 0.705396443486241 0.5925719663038874 0.6329980136549371
0.2564083276250292 0.8557425044442908 0.9542782274672693 0.06008267278798063 0.5795386221105732 0.9823358772031521 0.7481861999117505 0.1355575122499323 0.9065605076108488 0.8128471529273478
0.4764400749382969 0.8370377134204561 0.9541771042905681 0.41646109024523226 0.04775572470794631 0.1614648164664565 0.05901565296602085 0.05973578864733309 0.8299802562863604 0.8840578886150711
0.9701206390530905 0.888306872565033 0.578949720427167 0.6513034769440937 0.8546742304741228 0.8592715276776812 0.4294661421223732 0.6223703531023178 0.8555974276069995 0.4360016954346755
0.7601921348881562 0.10087390085140469 0.9312873952495627 0.17530001600658884 0.15148790667970458 0.8577044130977377 0.38059724674134965 0.48622558804725813 0.8436914920418207 0.1356725398783215
0.41026682064610187 0.520581178204378 0.07307045995131989 0.6480139308000598 0.3373641677529696 0.36696746552718096 0.413648990746723 0.23533440035776776 0.5358991748283226 0.46347358851293075
0.7853416350466768 0.22936632494286402 0.03462203786927864 0.4184880762183738 0.10230093967202714 0.9869450554926856 0.7521216069871098 0.23477746272547706 0.6301130729118658 0.5039044460961467
0.7156890219548302 0.2688946206354228 0.9964520989939007 0.4961287010178149 0.2520147291147967 0.12614254117120838 0.4570299224562283 0.8437872366104233 0.06063784874207079 0.0907334707169033
0.4571558029220921 0.8348182480078912 0.2851688379228542 0.6214472858560944 0.7489455821621039 0.21501578917587538 0.182657426075451 0.9050073323385566 0.32519748587675135 0.6546138824028989
0.7580801682915786 0.4525554311063772 0.21317793649706474 0.8750509597583358 0.7787725066622824 0.2490227507343974 0.7350374789016307 0.34463610731378846 0.9127329898898839 0.02085616920508715
0.18630300773148623 0.14812848578294469 0.3450775233048914 0.7744747115653206 0.009869781090121488 0.3627797498333568 0.11852427129942555 0.8759944648534728 0.45014258823952147 0.03217847313242905
0.616640775918565 0.5921740510187801 0.36045251614807094 0.6192751942848608 0.06268641780735928 0.19319738506691775 0.306601870743873 0.6412547632465808 0.6422352755743542 0.42982427121691646
0.36036686082622094 0.041462764839517385 0.874365336193184 0.44060296068897664 0.009013604329529246 0.7373810811427917 0.15405261413574345 0.9192540480114109 0.4203603416107283 0.6986870186243611
0.9675090570024899 0.6779976523976199 0.8976445627188614 0.855719810920345 0.14255579964980625 0.5795113345384468 0.734430787215708 0.11621659658012973 0.637723996269707 0.17836890013441575
0.837021128304727 0.7769698003794231 0.7966277166344945 0.31222572759166867 0.42030740696096525 0.6570965049493579 0.6982545267669301 0.3136787468743527 0.8027298901926867 0.35089942129714113
0.21917105456513652 0.47564497783477533 0.8269849473027314 0.10083855661073649 0.6902424564531788 0.8962649039083218 0.7153494413507927 0.9249210858258894 0.5783162817454043 0.8537522736587356
0.23196741895230988 0.7978566141719182 0.45242249398309853 0.41727558383208896 0.8691700256266917 0.8816136765242945 0.6043936792291769 0.08687011265003897 0.40087747351031866 0.028552580103665015
0.08540997857449595 0.8735442672481006 0.5533568397508936 0.039098725407630486 0.592825915121016 0.3801573830243863 0.7320878251938874 0.4459595299583583 0.5957371850617156 0.1243105282082767
0.713213514426078 0.9181771050017968 0.32309713666877526 0.5564057595648776 0.9590308785408819 0.7308482990342172 0.7547944441813462 0.9691934792849061 0.7492019148974152 0.13013202953478964
0.5539549934208335 0.7695415670325263 0.6328427117993553 0.838203672659084 0.9578321877515872 0.3888238197367664 0.8013745988392601 0.3891049131829458 0.005002023346892814 0.44523964027124774
0.85799798666823 0.4639764084987381 0.11818043446324633 0.639540801788425 0.1168760197991322 0.9029502038808549 0.9848321222908325 0.2650549986990257 0.0035916733270900947 0.6110173677234667
0.8818416098768628 0.1435604188648073 0.3481688959907244 0.14647550864421532 0.07586886393068926 0.2604790655730824 0.36292409436586204 0.38310021440585096 0.6976133579049562 0.3660211233484094
0.8796419742378866 0.27097310656279106 0.5360618301985094 0.3333263614794627 0.9840453032121345 0.38593847569575945 0.5278972299233163 0.12031299772163107 0.5302552288817174 0.6539493814795834
0.32759678801256753 0.7688579479494416 0.14391536772211977 0.3641036382123424 0.2353498268339479 0.9930971709493435 0.22987909053115674 0.3429581289523387 0.932776669486823 0.5580481094467119
0.18883650747778236 0.9527503935739863 0.93053224297068 0.8304211729961709 0.5169836476116667 0.39744412795247985 0.36722879658933616 0.5954001547469894 0.7138134691916224 0.6730551795147981
0.8157144840276058 0.4763368777725685 0.9553343038336835 0.3825033416795127 0.05059540427206288 0.06871795261386027 0.3034984538400879 0.550274360476579 0.30999092396819583 0.20542707758146328
0.8173498717883321 0.5184656685594176 0.4448630595059432 0.607239105144253 0.307376555244012 0.9833283654882097 0.49086285469706303 0.540647004083414 0.6317797124519549 0.24020694308120438
0.6204875757582861 0.004536455643744053 0.3718485229059455 0.7448178515499243 0.1374448118504128 0.39788709962237845 0.44335580394939966 0.1700959361767891 0.16047059404107 0.5825935885359198
0.7018663394362065 0.24037832209310583 0.9104505144203169 0.7486631080608828 0.8820762674012308 0.7584830175454648 0.06254412459335956 0.513461115023554 0.27477862654319174 0.40627936559062583
0.4541149302054923 0.24233993052771285 0.3897764343704847 0.09563653510193038 0.549619123468909 0.6648997819854303 0.47904154128312537 0.8741746980192037 0.45520859537636715 0.47929553129376234
0.201643752766137 0.6490332535741853 0.9486545694555057 0.7864164900214157 0.9004517220593748 0.28190940521680463 0.9443004393767926 0.8764307654844474 0.9303329062915432 0.9299088999796717
0.04810321245467375 0.10209974241735087 0.22855753466237383 0.8592906209906171 0.3744254297146994 0.31643195773670896 0.8503370345130885 0.3429753442704888 0.5940901085710015 0.626660663096428
0.505904604145579 0.6677277017425025 0.26231331021579873 0.022191917244496873 0.23027186822156465 0.7232105001289613 0.8354805675251307 0.7710857849536579 0.19277229261043183 0.12264830483080957
0.4273345163246278 0.34779600223391904 0.31072845109467073 0.31362724323639 0.2779931880554144 0.05430797760809292 0.7700569224312376 0.6775967071069305 0.11331960808226615 0.4274794483031743
0.7753510909698026 0.18792751395265406 0.05751482298912014 0.987301499902573 0.8529584720481576 0.798920420668202 0.5284086843446302 0.8739620297760651 0.8127966066163002 0.3719479687847155
0.5927732763080547 0.4460079410664305 0.03812650660632444 0.609951360309142 0.5880865898794547 0.9675663653617586 0.11723123764483412 0.16780347424156716 0.4275242982180043 0.09949868569363396
0.9569219439094072 0.8335880890992031 0.8965605353680577 0.027526376853849066 0.4250213355971657 0.434634412572904 0.4224088072067398 0.7097805248907764 0.25745084264872775 0.9121849867871001
0.2516363517319302 0.906891712972487 0.43527412189757586 0.8298644282651843 0.70663707646333 0.36965074165138145 0.488026299286196 0.433654964317441 0.20824920159812588 0.8024347439401767
0.21188489147951528 0.2648745773417792 0.04965547836738826 0.9950074955988116 0.10471487152016334 0.24269165111610458 0.48580570693096903 0.8209662145664904 0.41474682110890526 0.07900021776823807
0.5629525914762223 0.6380222598373435 0.0756238307792988 0.8660176113748703 0.254493159181864 0.9934658261561746 0.9577794557438342 0.6857569829889734 0.892160703302764 0.4375801872077598
0.8045851028800436 0.13056456814580608 0.5857121823888574 0.6784340063792486 0.9414324864374948 0.6952019757307185 0.30960898432102923 0.27339485321321944 0.34689275808629205 0.1034920797172102
0.601789491603795 0.5458711597693122 0.9573207962665634 0.7663363676368733 0.36748444844837136 0.44020351368207356 0.1397497383435009 0.7329508333461305 0.11012633476776035 0.5832906058346023
0.1126470674168959 0.6934559814523379 0.02175720640927481 0.9084492126746829 0.7200804966613616 0.8184967698512571 0.7569394019736702 0.8151713409858181 0.37206832078951635 0.4803556017387024
0.38702613468053515 0.9878560053607731 0.15236537797826788 0.19006242020804698 0.9857502894256128 0.677257196343706 0.06466245029077367 0.4062937174992598 0.5324410417394765 0.4603034153075456
0.13915343883345366 0.2243915856934947 0.3357796985367758 0.2371083264647491 0.6536512200271895 0.3376237630686729 0.9788579684051146 0.49840645796030636 0.0369096469387451 0.07784351175440563
0.8654026586412261 0.7023112657718232 0.11653577911829283 0.7889980763590293 0.8073834730259185 0.9362075807238299 0.2498527928973514 0.26447324594013033 0.7358209910142913 0.9077542104344835
0.5333010058857717 0.48805075257581954 0.5394643967430461 0.7083865310512538 0.7244403755366035 0.45829381598355856 0.24010947404015948 0.7233731887910361 0.7303450714083641 0.4474660222775072
0.19867933956231876 0.5243946445097517 0.5171567707503233 0.6486269556242318 0.8127916366488022 0.5737759494204155 0.07779019892469252 0.798337802901004 0.21438788797839237 0.09391969088965291
0.6582607739543799 0.027448438940467557 0.8051016175090969 0.5111493417147296 0.787831076128688 0.8887273282981989 0.07739420486400173 0.4700874350501274 0.7841489676121467 0.23763420689197
0.06108836727754163 0.5328566678832022 0.31177724701709675 0.40132448305411605 0.907780895707865 0.3268064454488765 0.260990981581673 0.8610137715229167 0.5797182812121496 0.08513136983424707
0.6834453368366901 0.4941196343731369 0.3450695309461257 0.236662031377466 0.7722930604883811 0.275136895262478 0.7981328449247213 0.9442729263693727 0.906557861473758 0.2179918341730246
0.42086416315401465 0.2657658493003233 0.5930459239187176 0.25765984450824564 0.2812168962933421 0.9167516892140987 0.7338045418887389 0.7151197892924142 0.3241339580722875 0.4519673349905169
0.023113668914694574 0.9672577290195884 0.8526347047064949 0.049628451363201154 0.4352224204531462 0.9521218375299529 0.2192911813775723 0.9828331218807282 0.7025192609804963 0.1799687122163487
0.45248909068102316 0.2926952900009495 0.403551169178222 0.9918312603655324 0.52722099544731 0.13980087799401897 0.7812835791479225 0.9098768050755763 0.256760690167785 0.8037439170579084
0.694219655724483 0.057613028520763776 0.32941897275229637 0.3249136250152528 0.1664736879717139 0.7930392000850653 0.8436830410726548 0.3383676698830347 0.8476202391379694 0.8941281696481066
0.8053929216885364 0.7365409346148741 0.3191170561323746 0.8635644481644574 0.44221008221664637 0.41570327823509445 0.5913267047401758 0.17845245780283092 0.8634850581412943 0.5104931326411285
0.32363752117740363 0.6007479342015782 0.5477320775389447 0.2015191733714825 0.269912496381987 0.9854550700948393 0.3752708429215651 0.3929348541383595 0.20246963812216368 0.3761704251235485
0.44019642910674883 0.3000559166449217 0.1000252374449827 0.5613439027239491 0.673690734434688 0.2615041766650189 0.6985074275081397 0.6796665708334287 0.3897894587909375 0.8960255059355471
0.5983737443150207 0.9092834972694639 0.22507110966610466 0.06104357801147475 0.9980438700671699 0.7530691244813594 0.5853354508081084 0.9381755024073001 0.7802840378015217 0.9409921874812502
0.6351905804922375 0.9703488787360294 0.11685743926088288 0.5106352781132173 0.07056940006645018 0.3058244751458151 0.9764803848640126 0.1982243056844386 0.39954795095091433 0.866342572081424
0.9221016239631553 0.875061379354649 0.22343925932709852 0.1497747732219531 0.36574764515135194 0.39804396218741556 0.05798816913918059 0.4020777538443069 0.01265429134836471 0.9079924177229222
0.5635944802957232 0.8490090258806122 0.571131289991322 0.30579661678483927 0.6638423480095743 0.26497880889078196 0.9305824175701604 0.3639321364425223 0.9232167385135475 0.274576670971617
0.917331301280786 0.6896845757657327 0.7277381714798028 0.4317250892422557 0.42637898413946174 0.5464605979411916 0.26634913797364235 0.3020765025403822 0.19694595283564464 0.36085281978290307
0.046237125205341845 0.4861841353054722 0.7506280965776302 0.5956647385273706 0.6918803292240845 0.7641417835643106 0.043222270246659034 0.5528912438396756 0.07545442884564513 0.31680025048785865
0.19475444525068897 0.5856889117890941 0.4053395165088536 0.28433411591830005 0.25696877691960074 0.14465981160774044 0.7598183550426426 0.7598449286180087 0.3535137088529199 0.06131111267749567
0.6946588845656045 0.6838519951571275 0.6852872403894118 0.4803424892652629 0.976124670381183 0.004935443601324807 0.8318796851695863 0.8924513826260685 0.19505947278525582 0.9024608307939531
0.4997796151827001 0.7906366324324069 0.0030430251111329687 0.8292277505533586 0.36898478684001323 0.5755185570554177 0.9782169006926584 0.6250502777063254 0.9718860544026472 0.4689838031521345
0.67623106415369 0.9766897321693896 0.6017699922245786 0.3605017140536211 0.2508629948050297 0.055225279369320424 0.09301078980768218 0.7067482509091747 0.1392128254013001 0.24886161757561465
0.9410005240183962 0.8327124483290274 0.6979799368942521 0.5273370038233227 0.6370916855027725 0.24124959342856755 0.3501773840982526 0.12350912313274998 0.2823035021774388 0.8280842919727076
0.7557426633347561 0.8983600656254996 0.5132700042443652 0.22055556616823047 0.7548543614654075 0.9675761796903212 0.524883732041173 0.8109354731826153 0.34936632182760397 0.9110221476372524
0.5063164373469878 0.43894136879637025 0.7856221445974197 0.16084308633508593 0.12057403067964378 0.09310140154189406 0.8810145226330708 0.969592274335665 0.7524697807303534 0.4469217383385077
0.09700544324649418 0.6966964410418043 0.1258764386135982 0.5233429145411977 0.5029250788436338 0.019734096370390364 0.5483444496560052 0.2897620761192661 0.6977181720820684 0.07641727686566824
0.4796500270315913 0.5259367111903634 0.9609091292918577 0.47383026669064543 0.34056308803247815 0.8783747209307827 0.3894078444562026 0.563393433709639 0.47910229585317277 0.6173542681796234
0.5433801374594093 0.3731844095247845 0.9937704275851122 0.24650686691625123 0.1722582932785176 0.11366246764613475 0.6767398653115178 0.7799350758398306 0.9210688909496908 0.22850663587724995
0.6846850476502604 0.19812609194058384 0.5276060482136942 0.549191448201282 0.6709348678087349 0.3214611375623939 0.912580749021163 0.23008905467130947 0.019844557590679712 0.09890998748611901
0.7377274604768559 0.7902997444154976 0.5127634207200482 0.0995383687627227 0.46095153841533065 0.7690775386761799 0.22470120276913674 0.8157460421098806 0.6529523738264249 0.21363124694616287
0.701772266525119 0.2396913547601376 0.35635815871194554 0.46124576966385555 0.5017237364519785 0.05814796402650735 0.5662608146315853 0.45208197056396304 0.9933298640851584 0.7260778859690095
0.4901401260820478 0.11467818701268873 0.9051617613675794 0.6254947662167143 0.10551852196568445 0.20308970037549157 0.49021817390628886 0.49372929018983003 0.67528863076146 0.3327676779385248
0.33012912089889135 0.3139989858899195 0.3035083493962514 0.8616915143649837 0.7411215925711583 0.901222794130459 0.3185588826299386 0.6939345963175392 0.4636622083588836 0.4873099370178027
0.2559129794433529 0.044755659323263974 0.8186688842984937 0.7126924778386348 0.479362491581953 0.6994731941507354 0.7954097668775175 0.5646586583400734 0.027405632199677843 0.3227941268468324
0.5996846616701474 0.9680847188998691 0.10059566452487412 0.9309316726546427 0.03561014520658967 0.930450522614441 0.7160050360985165 0.725761892385114 0.7203067328718973 0.3705645187184574
0.4465597496237076 0.10843224250197725 0.5380126043228324 0.019211849137096282 0.8358507090236754 0.8392492757775043 0.9286251894847217 0.06997895791301179 0.03313045352053701 0.9913373778450614
0.575398438969927 0.5797968354829888 0.4285548997038804 0.5574736023250734 0.807499857646616 0.971284150792509 0.5853316288484612 0.31266851208473634 0.5653587101854969 0.3727608897218855
0.5632874834548682 0.8094764663763684 0.09021221758966713 0.946841580865811 0.8074702185385115 0.18868332276465882 0.5939844498112813 0.8048068206205261 0.13575002065068809 0.824932828626242
0.041607974788199775 0.5814905971325821 9.885597131374935E-4 0.6950181888298425 0.8351257232506261 0.25420998943860607 0.1261951453275436 0.7559780628426299 0.6273866931965156 0.3293028860533339
0.8151900003653969 0.5508015280450816 0.7128757914511016 0.09112864986090019 0.7266477381708558 0.7214594439905277 0.44419459185565036 0.21092525936227025 0.6659944563005331 0.10214485858243738
0.904936616815353 0.6467059447517088 0.9974839097278464 0.5900181413140259 0.6331768035889622 0.4304172655246562 0.6078800776059108 0.046417374529811095 0.5345220210732186 0.6348694808001353
0.9635241959422581 0.06840808168578072 0.2496454131328163 0.5404894658134834 0.69416697412316 0.5887105887571419 0.14845459825718987 0.7807350316987621 0.30979711851338143 0.9114577542353643
0.8115194616634648 0.03504906907167227 0.11079972798204551 0.9718989893544453 0.32911283237528055 0.6595204920899119 0.08712943021961694 0.3200815376327062 0.9991930488018755 0.49795868417819467
0.618784411701911 0.5717033748369388 0.03788444096699117 0.9998762082389661 0.08771933926977571 0.8437463900700705 0.7294881288395433 0.6869149066361024 0.09043690697544171 0.9981626429681184
0.03778237178469546 0.9555382323520202 0.8008487422497025 0.35380041626355874 0.07634781189206563 0.1813527739723232 0.17459842890510802 0.8949207505500946 0.9928797792599396 0.09921048493631945
0.10889102049774457 0.9040696358053191 0.7609268039764252 0.47328215816670105 0.37597441750768634 0.3777346115814727 0.09221983430227321 0.14258212625159306 0.1337703475202663 0.5451288338881007
0.1837349680821131 0.6299627332971698 0.08375345376585741 0.30360968838498925 0.29585707406971484 0.6363866055384685 0.8940291144347944 0.4086531838117857 0.22149034965938907 0.9073235791679551
0.33466208637079564 0.8119691101604122 0.5506863017206638 0.154408279290153 0.6826592645898028 0.6282565595464373 0.2613380881790728 0.9430334705118283 0.34561195076327067 0.8292627680911149
0.5737153330044272 0.715343074704143 0.32585421140394655 0.9132229967935013 0.19509101429477538 0.40812845642568985 0.10109544659678238 0.4784226312417641 0.05043784556933395 0.4464195440655666
0.7328373615417529 0.8415373623807282 0.3461487789450596 0.24610286158689243 0.5304861987680591 0.5845705163086925 0.34596251608689554 0.7426861976030508 0.39692362689593597 0.18862175748767995
0.5517512170688919 0.8783697402148761 0.060400515984376346 0.7183844437016894 0.07655487243434023 0.42587182564716797 0.7579698655369547 0.8581835580751962 0.8732225315015517 0.004997294305135402
0.5772762135740559 0.468530088690262 0.13924787467062494 0.6567245858736476 0.5863710597830764 0.23158164036742412 0.6568625138144242 0.8796275329692499 0.08532485804741152 0.8845633185320672
0.04717770420231748 0.6047365888131446 0.7987578660777618 0.0021168661231423247 0.9181408586746184 0.18748309581213318 0.5950139267743715 0.2817101678543764 0.6683007823250321 0.1291597648603342
0.36555227777240573 0.8106531743793066 0.27185101945583534 0.9053688822586785 0.02723487323081608 0.8489305933835612 0.7151484900862317 0.97521969381006 0.2205372962715717 0.24897546616225597
0.8808798032374604 0.7725744917173438 0.16831362843276632 0.7516720846219783 0.5832756330068222 0.23943317270272313 0.33259710576959656 0.04729053199195887 0.14624881764717668 0.25158375141440525
0.9610194321529141 0.6707194492155009 0.3860591896625748 0.10793641907347828 0.34978392270718217 0.5122773353346098 0.1110844370706513 0.10749768696370932 0.6667286660996579 0.9685471848872028
0.2835031119913233 0.12172932030897499 0.4758676799007263 0.5320928943783747 0.8011717971865643 0.9850771454504289 0.6838995901037193 0.9245803617996697 0.4527060218007741 0.47274281247072314
0.4895248878363625 0.7147398443195955 0.9747499398359467 0.6123112100268127 0.05801437782102037 0.7307705687824751 0.2976475787934567 0.08463511966378867 0.06632297464249015 0.4762022578103814
0.004203654437001325 0.5094178020629525 0.9681447329765065 0.18889295904600434 0.7459499846040444 0.4822231699000963 0.8136562162647711 0.1447555747868977 0.8623086685677955 0.3321825874988136
0.7252972665907594 0.3009708668617781 0.7302708973544695 0.7034557157471687 0.6787895658079504 0.3978573161868266 0.4356862331168988 0.22854272500158257 0.06769487896118109 0.19423394887407286
0.2019837816378096 0.7578339020168742 0.6401667245364756 0.59802439552241 0.638123553458679 0.8373211478914884 0.7881504684006242 0.07201641838053607 0.27480236331714203 0.38518624836926574
0.8421385623326008 0.8441036804658042 0.046415985393458814 0.8080183272220797 0.9786892030546702 0.13200143800530217 0.34600484897188977 0.11870349851344186 0.5832681928510419 0.804341774875351
0.03138778258537489 0.9705671558240503 0.42757544683243187 0.6432177846168929 0.29291486995050287 0.9061401772206406 0.8183689676310637 0.6476603679456908 0.606746844851562 0.533957595224795
0.9539008812458846 0.6231954703125968 0.09229471400445077 0.793088895427366 0.08443165715216383 0.6395434263841258 0.4684307234220829 0.9426371350347165 0.7148898620385411 0.8066861576501267
0.4603074989885624 0.4222335964432451 0.01059704584132759 0.2189424347351263 0.9470991611608728 0.26959352044795126 0.7710781724188631 0.8473547474744499 0.360704589210171 0.3524880294105731
0.8223301121604747 0.6226060268106169 0.8464300736898301 0.2750255515793786 0.44452184507857273 0.9438484469071644 0.47889411169997576 0.4519259038005701 0.49995220704658494 0.37324002708341775
0.3898750019149647 0.5095089243756379 0.25519168582003804 0.33164964369225214 0.009547267867848763 0.8684085864102089 0.501687334777898 0.19790446106831594 0.748530234091576 0.0905626262493765
0.47071041684205517 0.3321183803755231 0.35539839467404766 0.33181687660102444 0.21137892718693363 0.19305351629524026 0.8727798141918884 0.031522491096006355 0.5545879905518108 0.9001315219213808
0.5848951504040965 0.7917930863222157 0.5210330886338577 0.30262497564610946 0.6003669997905662 0.2516284028682455 0.04811213351338417 0.861723836549517 0.7463550697504379 0.6448996104821606
0.20834502303590474 0.42558497799995776 0.2635499913507625 0.6462308210451513 0.6710494106302479 0.2831381951538773 0.38628464722228306 0.05510017695775282 0.019364359596061753 0.7193348589259079
0.26799847377438424 0.8460232736331137 0.6763140703378034 0.6626905039672746 0.8695173500489538 0.12147016297135582 0.6164561406807888 0.9153858593133679 0.3660870975730298 0.544207079631381
0.7437600577609602 0.8868557637207088 0.34882669724640236 0.8970421596742045 0.8017131661382395 0.7137082684145071 0.5972422244564464 0.5204943580037209 0.9482530170285363 0.14198183108566576
0.4816706644511711 0.5126930748085007 0.6759765543643041 0.5721610201563886 0.1179980572443825 0.7408556670451742 0.5871782135918747 0.22303655294213542 0.24172372255483277 0.9099788286271615
0.6436202665620019 0.4574082868460684 0.3944186502620345 0.16191857705466617 0.9025408475621661 0.9307951249321067 0.42285267288562445 0.9368233427254031 0.42325608942309734 0.3737288730592033
0.47954170405812857 0.11892325943210902 0.9828148304749005 0.4988734565999844 0.6831926540255407 0.8099674820823439 0.4745153814710116 0.7361252444081211 0.3485006927598985 0.42614159627643855
0.3796963102314258 0.2420139698965954 0.22697940105321546 0.19808467231855276 0.5010634896980362 0.9041378077153791 0.5139815184766447 0.5686659010537995 0.22491838170448653 0.867030350955706
0.47179424405956316 0.42946923244733715 0.9400035664190143 0.44277131454166807 0.3946697120749141 0.6144733446303872 0.882282902679267 0.1378168102017875 0.29887778516548 0.5782037502449245
0.5978257451285607 0.926938982242346 0.15934478451891554 0.7256727211315461 0.42006594947436404 0.8358289890961442 0.734168763240318 0.43271157777023606 0.8430578166881194 0.35583134606249023
0.019277681043988526 0.39783946165711814 0.43895306288221037 0.20744191211794627 0.15772432122191127 0.6006010349297233 0.015774042632763274 0.49361525018023666 0.19158777099338564 0.8063454185559296
0.0406604685960853 0.33959193602276583 0.3891777605537774 0.2537071825511351 0.9641179563513919 0.702869968856554 0.006215526751859435 0.8885893208388316 0.972398623928911 0.1551084749547721
0.24689016900362537 0.26723765600413385 0.8679956324680406 0.087166290284314 0.8791672575510928 0.041034475587247043 0.23233434204619619 0.9691418797604755 0.4284522075444679 0.756928890218205
0.7600956998610477 0.009194861390812603 0.1246878802171083 0.5599599810150862 0.6712075400445199 0.7980940025888176 0.8101921817921498 0.2681185491329493 0.4043921092612196 0.3008501700789842
0.8290183683061766 0.20483122882886096 0.37525924207752914 0.8624570875180184 0.5133467805381391 0.12064107902706422 0.44228617673489634 0.7316763663039165 0.2583938542487795 0.5131966842501802
0.8656267124974886 0.9749679876805539 0.334550539816165 0.663451923089624 0.966543951245963 0.5520810078972677 0.5239386161662163 0.7460164307728088 0.39936216394984037 0.7554832527691299
0.3883005417014209 0.44288720492125544 0.9331853903498065 0.17772332741696084 0.47611439336598504 0.59232940096325 0.9072313102695868 0.8639818266247012 0.05905239883033586 0.5384649026165583
0.07148123575106813 0.3314828749667612 0.051378135520656176 0.012164981542710729 0.353447799335017 0.6931014277806276 0.6106037730693108 0.5701335835078878 0.202214229240387 0.20941515561485335
0.5437054879753425 0.8466056979925679 0.5525001310037195 0.2116148385739527 0.05042187420119648 0.1308754588293256 0.124360642698369 0.4871001238066035 0.5236362299471875 0.07390689788919957
0.7282269835276947 0.9002523768635731 0.09657094118874754 0.6485694185990281 0.48034850191165746 0.23279016085120408 0.3774979308090769 0.8405798327364903 0.35029733750566683 0.9712768132191879
0.3448962189390572 0.9310206495165811 0.2600487386596596 0.04376365864770848 0.6894641529797016 0.6463445268884532 0.03325164114438017 0.3132170150713762 0.9841202766660121 0.8980631294729037
0.8536553900464838 0.9722901726284784 0.9391032356441789 0.3118581851297674 0.5332603239305899 0.8521665434337895 0.6565084117427723 0.25464092346649525 0.8136114297139315 0.05761387058258105
0.23707420389419986 0.6081261161025389 0.12775576092450014 0.2710532825221301 0.31175911180118543 0.10877490979969318 0.7357359848316481 0.5303612775900607 0.07162574065435823 0.6765007517837306
0.9130940022269441 0.2782867823663202 0.15177573037427228 0.7883208837004815 0.9197097544682762 0.005779395529110665 0.28855487774234057 0.6181754496289262 0.8054027200083426 0.8671890147609211
0.013975907632238882 0.36042548097899896 0.7190742565798439 0.23221094989571023 0.7772810677581493 0.8820791269734519 0.2797711586605143 0.2576153046065939 0.7907948095517636 0.6075861445357701
0.740901860780264 0.21121241771465848 0.5856925539203603 0.3300779598211018 0.13293890553782672 0.46117132325217636 0.7330383370894065 0.4642211814500372 0.3052921223714684 0.7557214775228611
0.4364207367974896 0.10839054578878227 0.8046392007935325 0.6614324514047512 0.7347428927889491 0.16765658795063187 0.8248512928416653 0.8026800939973455 0.8671991644798263 0.7041227558867392
0.042753462216747695 0.850572076220114 0.9471975211173853 0.6274352951169935 0.014310827783049374 0.046519349217640116 0.467963105910128 0.8158282651207494 0.9474330490497251 0.41380458624863337
0.3197851664215636 0.7668557435807704 0.09044144706248602 0.7099122852890556 0.9373462519621512 0.9170013814767126 0.6793444415019771 0.6030496810029743 0.915298723239171 0.8406454773285155
0.37241862035056483 0.5182012353949532 0.9312305263371504 0.6414081707246074 0.36719437403096056 0.09122410899996714 0.09738866010896119 0.9826764190067522 0.9427963234151859 0.1939054982226066
0.9260053348004853 0.36916228053540834 0.9996909575448499 0.04856708596464321 0.9377981523842379 0.4876277030944356 0.2792445583054637 0.03771600419409471 0.5691927340173676 0.6424516029089578
0.33709699332098386 0.43240558900510473 0.4410420805114037 0.5805027218935072 0.017207609491983078 0.41238304451366936 0.24009428971634206 0.2898220070430405 0.12753193847860222 0.4317660094142508
0.43418607514674157 0.6779062383508233 0.25363870045254533 0.19590309306484666 0.7931165003203059 0.38792455731313213 0.16317859913959332 0.25823808423554406 0.21938206243079084 0.3949881387057712
0.05196782160376223 0.5204115744796274 0.7064302950033398 0.43963232183320056 0.9615508397525111 0.7244975668970967 0.336816155517356 0.8019598950436889 0.05845844622170149 0.36318703471839064
0.10862160897302475 0.3974329702001963 0.10697866038506532 0.30189387742622853 0.03572568095263706 0.6840899903744374 0.3901098679990369 0.806173738846218 0.40598871629987143 0.41100372037802413
0.5374666994923467 0.5985089317784537 0.3011410444404886 0.8090847115923692 0.20426113765222886 0.030428308806386806 0.4831428984104431 0.42787436393705636 0.31208262572469747 0.44909333863898293
0.5340091426329104 0.45576018295742926 0.6100528032349658 0.361897135304146 0.6995685234465691 0.02608519037530055 0.6440314986342326 0.058286394198700076 0.2323542266474521 0.7079125893460183
0.8319030052660977 0.9349304522729942 0.15479879423226595 0.10774565149599025 0.23457240538172863 0.8885259813063101 0.27113275258728053 0.2672919776236138 0.7851537960521661 0.7899395621674146
0.9448636945361785 0.3324001767857808 0.19293369917204528 0.23405463213526412 0.6284381620184972 0.7895865034313927 0.47404427156566376 0.47160336132460756 0.38266587728109624 0.4191073756490875
0.07738297515644332 0.6724280023281921 0.6557121649333556 0.9973232791486539 0.872166452314355 0.44403040777001557 0.40494115104822914 0.6961388213759127 0.8426080722770611 0.8349322169231223
0.2396185501103527 0.07359169939606292 0.19556047921104702 0.8892828669736957 0.6384597928155359 0.5272038836666975 0.7285654081552654 0.18731583683531894 0.4532358048272014 0.09049607784435232
0.7286051726378527 0.7056683916678202 0.8481246354726313 0.49310643951309563 0.37595174923462615 0.7622433904867566 0.5442249339161086 0.4762432556266635 0.6128601854382091 0.7722065469038414
0.7396224933276955 0.4577401304238803 0.7034559542482288 0.034876047993709136 0.3576285887540096 0.7747719778662595 0.25901610350449367 0.7956755458869598 0.33928509021574516 0.8973282565652024
0.3319465324507509 0.38298609193182653 0.5409576801103477 0.20182985507998719 0.29210877684857073 0.30664590031584926 0.42381556913595364 0.12181441701086748 0.5907516217402445 0.8230114698943368
0.12922201012814394 0.7514043259896085 0.19015395915162547 0.6209073244599862 0.722537172710473 0.26731042625610457 0.3911874888803719 0.9634562111448151 0.3575608961952683 0.8564139525914398
0.02635866534048814 0.8326945802811202 0.864819912622124 0.1885075342341066 0.5024917471661002 0.36704365568182895 0.7991301804206284 0.8575662032460977 0.9750654071431938 0.15611920632826426
0.29534198868676087 0.6299572490208181 0.015317729019733495 0.7630280768512294 0.17590185824250504 0.784287942880083 0.4915856044122695 0.18121295927377268 0.6298416639589678 0.30512813964453833
0.02794599279344845 0.8010714595588786 0.44003242931110864 0.20163495742435356 0.3260784439272053 0.8609892626193709 0.17401624476818578 0.7621446276131708 0.8403694981227586 0.2880912908910659
0.9734565990533594 0.12708675393335933 0.781631327002406 0.29592905023325355 0.5782243265693414 0.16511433084020344 0.19140849616230227 0.09948596873321292 0.0033620093788673255 0.27113282194866006
0.8766982595684693 0.6322971725872414 0.8506473808103732 0.3699498419223797 0.32401146788269974 0.2061437075458602 0.5812018131996332 0.105556679506985 0.32205245271295446 0.6406955372882783
0.20156720877917245 0.9235915566042091 0.9138983579255521 0.50864161394376 0.7229009872892823 0.513323896807435 0.4724092116770078 0.7912594423459023 0.4414152258736287 0.8655375312398261
0.1467023254366192 0.420040684577198 0.5579128181747426 0.023980383684784612 0.6628756122620063 0.8919030875054548 0.9052500948067155 0.46058670941586277 0.47876629662715053 0.38868355542356436
0.584781597147209 0.888467245662293 0.5903830202908429 0.606020833847373 0.12631970844320628 0.24170189142661413 0.8667505777363105 0.8024006432295834 0.3808680410416926 0.49725823396065993
0.6502587668135025 0.4160499958166537 0.7313640631317031 0.9918984514890392 0.5012076268801572 0.9655313964535148 0.36389354192722445 0.8957263848091793 0.3880933103730312 0.8493020413566361
0.2803149263710164 0.5440652434440989 0.32928059363740303 0.09016676583431582 0.45295948668552544 0.4006458063805015 0.4770589233500687 0.03246788745364548 0.02304880242167673 0.5276238711953263
0.9016813746801295 0.4930189935388841 0.7266979060824089 0.5717349330235743 0.8808364050653978 0.8912037718858729 0.7958493902742608 0.440932652872425 0.3291049358607152 0.4393251513893387
0.426209716661468 0.04214770430507342 0.11230592571390707 0.5612039770789015 0.5302358066173118 0.6783413432120803 0.3832357906241801 0.3251906239790051 0.9004469268230221 0.9618185042461552
0.7481582579402615 0.8271667453002212 0.09681262665550838 0.3908030400013257 0.02750297537527413 0.13977887032151604 0.34169480964755483 0.05756763863980641 0.6095826565918692 0.6560592364120493
0.4567982761911801 0.30894959984597226 0.9127400002653787 0.3987534139725323 0.4088104361783601 0.5638729846699478 0.2691877105146644 0.1410883517025383 0.3438878948750512 0.9075363558100915
0.6229056019384879 0.9903787156434608 0.085873832492948 0.5282147024762764 0.794311330069747 0.42278310365133254 0.9491068240596989 0.5401631252907325 0.7060219927681766 0.6256859304007417
0.37390810212386394 0.24489878444703372 0.8868760675765285 0.40359522848968743 0.33131121914121875 0.42317699520006047 0.7754863809707575 0.8341098085893061 0.6633243524753786 0.8212658922994296
0.8299462249330681 0.3224241460942059 0.5259917386569073 0.5976637461592248 0.2169126870945317 0.6960031076522256 0.8847482957879246 0.13019169731416458 0.901142759354736 0.5054722860715705
0.5750367578703905 0.24843370824995192 0.2856588065872422 0.7534346473252895 0.7858842664391895 0.652784972618104 0.16307246383362395 0.8598373688610653 0.9501113645858129 0.00890857475204132
0.6301965600084724 0.7906773679279457 0.9320730706483245 0.9651896901344494 0.790927396006943 0.9262478469767818 0.09230823474522598 0.13081540599701547 0.5264799264582573 0.425792442272955
0.2782000138692068 0.873397438149687 0.3474111884990191 0.557347357608823 0.04072677221066434 0.6475939548853322 0.35846818769858957 0.7047160318841971 0.40960926116889496 0.4499761513463364
0.665148013259447 0.53793514421404 0.3726367369449155 0.910423538746828 0.12996006282682626 0.13925455178045842 0.7996807939208277 0.47662187903271336 0.24673094472072776 0.7135679183360051
0.9278826342337628 0.12577596907141186 0.04289518530619563 0.8803949674594169 0.6817261106583242 0.04643924814260214 0.3425655613531725 0.44393005222953075 0.04018485819571149 0.7734004732170348
0.4272789947618324 0.9683362789122982 0.3828592110894208 0.32985750319824403 0.1166652845712367 0.4473779237067256 0.24799442101551972 0.03364702276440623 0.5578875220074064 0.8506484396319342
0.2174988099529236 0.7580877127543129 0.5605546447463585 0.3530649834049321 0.7075568066621284 0.6030343080992886 0.1429081769636793 0.6099649175987624 0.28815816325452126 0.1280280021645409
0.06543663800433852 0.5270533882452789 0.7808417879778934 0.5269686323308083 0.5196728167683775 0.592615302669693 0.7911786845308341 0.38252263315666535 0.8127805647280074 0.9888191065583176
0.5209950662746788 0.928519822565583 0.842639345299746 0.37960398108986393 0.6750638454389541 0.06988142497891026 0.39348647619031907 0.4845557947530952 0.027968266849910717 0.7621606179106202
0.7987781437649155 0.2913413635085963 0.7490692030432251 0.7365656877809604 0.31578253828222846 0.0336848054915484 0.8969831868110524 0.9713756992800103 0.6355193675086069 0.867533724472478
0.5897051896578481 0.7569467234083883 0.31201163992616654 0.5149766346951509 0.23248708939192253 0.6790464403987598 0.5364178482775644 0.013638042919337123 0.8428086044746098 0.3540435932647126
0.604463234764507 0.10869047444170366 0.9502546803789952 0.28951802936652615 0.6296912124131449 0.7552879538000961 0.7688393906802541 0.8151460370566944 0.5404070193853192 0.6611383190180323
0.3402934788747176 0.6312547794042797 0.16478790205339 0.7920972376051738 0.1290585553364093 0.1562287726904752 0.2564844739277048 0.28807931516042207 0.11320849368746644 0.5189901216844607
0.6421413133140409 0.29224696537300665 0.760243823177171 0.739063739136993 0.28261441384359587 0.7833511837281657 0.4026828952234355 0.3642774788472688 0.9312661350327887 0.6192625247916772
0.43559909766408866 0.5949362070604789 0.24556925666114693 0.6491446050077307 0.44673036320207904 0.7133483109379744 0.6623531989037704 0.9323868908403846 0.8595140149798547 0.4588712966767291
0.0823776086342144 0.8143268808028598 0.9203758671256281 0.8411835100161497 0.4265191406534443 0.8519564485381302 0.8938298952684417 0.7682767307774037 0.423710031585248 0.35722121999352696
0.14242074608881772 0.7807043532153225 0.5698671905354279 0.6311852171562904 0.3632681458349848 0.12990865295969434 0.05740379599176637 0.7992478787626779 0.6289487480017973 0.4159894959777525
0.616515057519311 0.5257643124536745 0.037677726086964514 0.009066301744706906 0.6322831751499335 0.785833256304517 0.7162287532513288 0.5184238948678699 0.6057465607271538 0.302682444136675
0.638757512863146 0.6449218267315179 0.012431242927602004 0.2209934081812659 0.2256709695331146 0.8546862534477844 0.8784428309316473 0.07967389022233518 0.9689101833824114 0.44589184958353645
0.9420697671932451 0.1719980408892574 0.3934924495402321 0.7454810817840799 0.09794977292255302 0.9367001999923587 0.5098835066130074 0.3689565717063912 0.931203094377914 0.11052141254838199
0.5377484127667113 0.703921597990854 0.5405376041048164 0.9908717468409212 0.08885565284376062 0.03683303886455491 0.5221825651025818 0.3066862554298171 0.18538545407922902 0.032469733741571805
0.9406090930797465 0.8762155540676605 0.45962052401649456 0.5969085508604411 0.3473475276913611 0.44240697387270467 0.6319730830630566 0.5073395690122409 0.4258124700348487 0.8196955223692879
0.8965294687320409 0.5758405806540259 0.637899258534962 0.7604384940750233 0.1567696395423296 0.5292704207355733 0.32721543152802635 0.754891385223648 0.14884552605010848 0.23372957102633796
0.09416411689519533 0.3155368479459709 0.365779006929034 0.3695756945618037 0.8996963828550927 0.16474257307373408 0.35316653964366285 0.17177054848177942 0.2774020121468891 0.14413788985684473
0.3854542209548437 0.3903740298796363 0.23770930333340523 0.5947632603514237 0.7515734726925936 0.19729013855945532 0.933316518498607 0.4189603104341194 0.8797043730884601 0.367908646127311
0.9215783255365005 0.02813491780946964 0.313159885097711 0.700075078710666 0.9074231249704655 0.9049391450660377 0.11286097324781441 0.29786148760248776 0.17947828715267 0.5640824579369994
0.6065992237748186 0.04389834352616606 0.5624312925687686 0.2828962467402144 0.5312599699441086 0.3115680971526825 0.6002577413831287 0.09094036298228236 0.5214057311477059 0.727149388252274
0.8577972013165267 0.15735364521208983 0.5860958681385363 0.5820397488997257 0.6822604237823944 0.8953151292271763 0.6855456598527133 0.3164747073358233 0.5016030155417717 0.8148964334850854
0.7702038672771768 0.34869885233636555 0.7533013261804029 0.3987498731446312 0.6770546956312621 0.407334774352785 0.8349191552019627 0.04949097694242677 0.09142675035754977 0.4397340312886172
0.04695417280110192 0.46329796207488205 0.3773180007515171 0.11538371652274415 0.3588056773178768 0.6211651829690371 0.45522223042548327 0.9209811508522979 0.9703058308188578 0.9574112542813898
0.06366923442099304 0.852578199945993 0.06410899452496 0.164456618952883 0.6791674481028815 0.7502362860154198 0.8483344430168386 0.523549818472741 0.08896438883656599 0.3919212454660731
0.9742103551904944 0.6130351345477911 0.11201658731536535 0.5659072999556508 0.6800673288787682 0.7389189486195646 0.24578738592956717 0.4747478759776226 0.560882289752819 0.45690588784582487
0.07996801224772798 0.9889099288669662 0.6916748233800261 0.11073984496377764 0.16294278916468263 0.4644583076317802 0.9434090379490268 0.398599334483693 0.6327971385653407 0.06671463152277113
0.7216565989983853 0.5974603358427597 0.331892776616012 0.8006052206805547 0.031127467061176306 0.22475416128766568 0.31251127056609496 0.7384508827405772 0.723276260230756 0.5973116908508059
0.6107939904493307 0.25724123219434114 0.019544726815443614 0.9594996117227615 0.9171825353446298 0.4499744611503572 0.919400927499579 0.5956179968180041 0.30379077573455726 0.259432994635286
0.9001887561834789 0.6160433263117101 0.4826156001188482 0.2978047159054661 0.39490178599975145 0.9122640502713385 0.16322104211566146 0.7618478860584896 0.8943478802698125 0.11287106333306984
0.95450567050112 0.3308375192004448 0.1617719214889578 0.240728379419197 0.9123909706893703 0.44331981278129506 0.9708559776130253 0.1709644304145851 0.2737439550530748 0.8887403006387272
0.9821176644414479 0.9200873716758262 0.13657479216932567 0.2213002467548456 0.8580790463025949 0.25844296997942007 0.8475258927407066 0.10593560792204582 0.484179757117556 0.13139676958962343
0.6398959555446034 0.34010072790551416 0.21026007392222568 0.8990367515130958 0.6289191721665004 0.9600792844307535 0.35654060222190254 0.4598569805783863 0.6157458015505322 0.5368331697472281
0.8383776299396427 0.9107958955651545 0.2775473830876881 0.4939393877918894 0.6556736469322546 0.5141682919720578 0.22839623152407884 0.03895417618054697 0.16567524201584927 0.39144293658421725
0.12404550208289522 0.08958236468730119 0.5119914366434674 0.5444822356004086 0.4534623593018715 0.3973194917126822 0.31801714621718236 0.5167748741835537 0.9109438798907326 0.923772553844588
0.7695484294613858 0.250355439295356 0.274871480270928 0.4086551580927641 0.5092271373270377 0.4685203803515756 0.5326363734890516 0.983491316396338 0.34455480031732433 0.22011215739129608
0.5859948444190655 0.6313512388262239 0.6315665190225331 0.05805915376540094 0.24708949160409122 0.27048208161726284 0.33785763121180923 0.6930216760321183 0.3925979788991911 0.2484846771120176
0.21150739582524247 0.8624090898875806 0.08194839788391228 0.07372752526831572 0.18654538118207276 0.5856970759409214 0.16526638223057544 0.28197730512874974 0.14095774617552337 0.9388879674314886
0.40769599222483466 0.43876501209520447 0.3898325614932069 0.9741212429872951 0.4389623580030505 0.4117954137512323 0.8440943471762183 0.43485552104114455 0.9005217265985596 0.21274682518418886
0.5943800253597288 0.472706750769219 0.007369623942719339 0.9040971315915353 0.789959774288414 0.6589425486169054 0.36755602569140244 0.29415117216154274 0.07420782004920401 0.20179546829153872
0.3096816057661508 0.40223362756529324 0.5109800457139402 0.43017282627524656 0.1571265738225487 0.966050364279701 0.8903564651600994 0.2850045840132983 0.8574898952194535 0.5845108105604162
0.5375586057560686 0.7713845762316188 0.1266929866532691 0.4418423595421468 0.26545295672499747 0.06782495149995027 0.7994291617088131 0.9426173243421341 0.90890353726806 0.2633572978475024
0.39111591308716853 0.0023519094478676728 0.9583380091318577 0.49887814247891915 0.971234453026502 0.18462541441397484 0.17024367512927674 0.6260506400754199 0.32391676549844195 0.3532076420684668
0.6739103651278777 0.36523841800834633 0.028867539657398633 0.016470710837764635 0.016590324593997452 0.34336110319128854 0.5341845930747864 0.08140125398353171 0.7933447529538652 0.3232259514034236
0.5123682009171181 0.30581743667702477 0.9932004874206455 0.39780319589380764 0.7917859909381397 0.33993503202863995 0.9598395965451578 0.9160774614760828 0.9380869807469225 0.8822148700000165
0.9128981282632155 0.43152118583755084 0.12353461198395876 0.13946406364611674 0.30505073747203293 0.01990047797373906 0.2669554380763861 0.4774517404701636 0.9004095108924826 0.9000375257870753
0.552976390169044 0.8758393195400221 0.35136759493061187 0.4093177181478186 0.3464503972272365 0.5600146194280999 0.22386896536541956 0.03514448833948891 0.20644664730785378 0.972457810963291
0.8751876126752687 0.38420743125932266 0.17390803700483515 0.06755648530417313 0.32365128707376567 0.6833450988533686 0.7580554826799573 0.7663261767018545 0.26634563527038335 0.6489463464143492
0.07884462942452442 0.29128179893713435 0.6986872107465552 0.33624947484837586 0.43625774416843854 0.0167439691388952 0.1688544127297379 0.885561266801338 0.17193968476291366 0.41615445690235886
0.5604177952591015 0.9193332203070087 0.06466348104300224 0.6655125548798063 0.4381121085115961 0.7121955508421909 0.6583379339017241 0.4708345625445569 0.414544363488922 0.15546373727367535
0.8597455570872033 0.7275765475215209 0.6997336581382742 0.9682969033086435 0.8629265677559378 0.6912506435886391 0.9807300938414173 0.5696008275110472 0.9581004359422606 0.44100323356136417
0.04516168204489035 0.5179325157503618 0.06524363576264758 0.5517131889684715 0.11040954260734515 0.4510779905012603 0.8959184224861033 0.05520685687503102 0.6492135987604263 0.01263788242859365
0.49167419458570694 0.9674760517907994 0.6128622012254797 0.3398704701769565 0.5133196477915956 0.8863237219477419 0.34472085809262354 0.30520559187217045 0.06259019096896301 0.4226518816467144
0.14970667308630192 0.8532563002075413 0.006211999526198331 0.5186444224946344 0.4394168584634619 0.4558204127991057 0.7420904836286579 0.027387678702530227 0.6079712237728245 0.9192768100075828
0.09832733749107847 0.2810094015236033 0.31022959472661304 0.5219466094421392 0.5879972935915855 0.7582070127620538 0.6118976097493624 0.7334025209177625 0.556092039699735 0.37707426123535437
0.5601352206340069 0.5733741402975999 0.8497650929888156 0.38542487307224194 0.08363370842635287 0.004811080989817085 0.5189885241679522 0.2983507978458886 0.7727292055822533 0.6238296380830302
0.7119584973830576 0.8415415505032033 0.012971787556812053 0.3086829964625294 0.3680634267367028 0.3989303510895341 0.14967066630902914 0.4205587429665628 0.5309550747819262 0.034521853150661586
0.8462883019709814 0.6109219350200767 0.10523925146316537 0.760795287025549 0.5661566947312041 0.28328572410639363 0.6625297630750501 0.3598657068145501 0.15484177993326653 0.28170547067850393
0.4660853899683147 0.7286253901709301 0.8295827021790709 0.43395696901392067 0.227976607881614 0.41537655316056443 0.4925845902704774 0.16427260580737424 0.23870490159315594 0.7430049016260621
0.17654498282026376 0.5086741789213479 0.4164245647003345 0.6725338279863413 0.6036454729304354 0.5153544393212658 0.5113931668188981 0.3509367929513272 0.2933419263096635 0.19322397632719301
0.17100324871181705 0.1083755822218021 0.38963830374499164 0.8836541004813286 0.8217249175618486 0.5225704371444051 0.39512982168855215 0.173609859758044 0.356515070651489 0.0517976696463599
0.296954221925683 0.24278235459447328 0.4297256450396135 0.653048871595611 0.1488899135373135 0.8429927872369118 0.7562700965884722 0.7481756310077554 0.034192553813163884 0.9450549031928586
0.1877837174560305 0.8783818814262264 0.47536254064623484 0.45644688229006924 0.49573958574085186 0.39621572087696144 0.7798874006383223 0.3125576583213797 0.7299595136752279 0.5842513588574922
0.5151051001650919 0.6749360894973031 0.7406846112179298 0.6609409461536003 0.2906856292900225 0.9318867064198185 0.9533477784723617 0.23665492114605824 0.2938293918245898 0.6899185043854725
0.7674162766134648 0.9167189127336017 0.5701331114956388 0.9689684144129108 0.01414945337736262 0.9132941607771723 0.8721753310595023 0.36998422702204037 0.7528432255353293 0.7242371480878703
0.008224749243649798 0.07036660956183283 0.31110916634750374 0.164613860628693 0.015076831495742904 0.12093326294279405 0.8819631879635867 0.29533258450498145 0.15187522871200232 0.6674827252746133
0.178974760944988 0.08339830192804643 0.665876227233018 0.40069949213377754 0.6204545659962201 0.9495812656274442 0.5164662267960309 0.7500553303389126 0.2646350557059498 0.7118307965495363
0.760343400463747 0.08052728185571478 0.25002442289490734 0.8165545810549415 0.09862661761887137 0.42536513494035466 0.8085920281125539 0.164923204773479 0.16575609661860802 0.09380660756875292
0.014168855638333588 0.2876481139958288 0.5004018427024073 0.8295518536769465 0.30442374051445553 0.09922086224941629 0.7801974659195234 0.06397310128361411 0.4720025991831702 0.9713897420164259
0.8249686569055621 0.20744924990077096 0.2588942694665298 0.4056901317702927 0.07722702295780126 0.8528795248963345 0.9078133434513158 0.1561327256920958 0.7540515106655246 0.22734424240858753
0.025366769564622027 0.25569387693998025 0.6310815623671462 0.22104439492868344 0.8939976484964298 0.0340405220671951 0.46719696691323287 0.8470668234956217 0.9331761642142234 0.8789619466811686
0.40756203594474183 0.04118447229828015 0.35503431884796266 0.19026921419007992 0.3130620928237412 0.29781669174591796 0.18561733364350164 0.7024622433374839 0.8557627430256021 0.7564372086189478
0.7301516978026227 0.111253958354125 0.39287345574079324 0.002132879186959702 0.24920556826707607 0.7290791280407284 0.08579890651861954 0.024679169751328556 0.08234504813528576 0.7160058096975199
0.46621258147983624 0.4924129094812828 0.7068649267439666 0.2850050564720703 0.6676893216856358 0.7403472806129398 0.2514002937347729 0.1643248286038984 0.8392845117993855 0.6463872079892407
0.7977013338913317 0.5147519528189143 0.8365497402900277 0.8751683233718265 0.3985802960870837 0.44583617873385095 0.1458254161025171 0.8059556803552577 0.11601625896310064 0.2526884013207986
0.1392537591525217 0.8292037490998295 0.5406299922655737 0.5037550520741558 0.18080558868459584 0.595792038890698 0.1922173400685373 0.15000899184269634 0.8077171514122126 0.23361546597762084
0.9207567546151805 0.8972869604714214 0.19708418146978768 0.508122681646978 0.9282824136380321 0.1860420553312565 0.39396192524275964 0.39655906063049806 0.3142418890082511 0.2565694302026509
0.32517183218910917 0.5700859791235301 0.11043275591761226 0.9428018946243668 0.45211659221411993 0.833610927800376 0.6163399820363648 0.034061527290716875 0.026257411282694543 0.6600785127339265
0.4716722859721113 0.27169223075731086 0.30250847556437543 0.5741350422266476 0.3101217979488675 0.3062874512829288 0.7386552188423843 0.28949427643696324 0.026848574431392103 0.2312663071342287
0.1630048311446577 0.18499613851399466 0.6619175176588973 0.6298401260117829 0.12782878782209373 0.916263199391498 0.6528921764915626 0.4249508261935714 0.18275854424650007 0.7030252936301447
0.7420162664967775 0.20555161365194508 0.6001477216896102 0.10659529161448356 0.13689040907706518 0.11763918328799794 0.16351489940314035 0.9176441041169464 0.6182781344356884 0.8547360645257186
0.9905334619769575 0.11133655443415591 0.16465177030060907 0.7600607179219911 0.003635730266487114 0.6950539071431749 0.3203152240653634 0.5614117383984021 0.5841508087837494 0.673343054575365
0.972417530908761 0.799832154872795 0.14999699216585505 0.28539620022954004 0.42189753515794715 0.5844083238058542 0.8823007097110571 0.13227914720681533 0.6343762711670717 0.9080973220386019
0.5929162209123767 0.8042903138935334 0.33924055637788997 0.39326566647257377 0.7726712967424088 0.14324640324939564 0.20863812384054736 6.614441994616804E-4 0.18926592790577612 0.33015515514626437
0.6928301271108541 0.931830364330611 0.014102813209313059 0.5756493380340749 0.21432471279018517 0.6825265391190937 0.34892932805218557 0.30872041298724373 0.3304412387978325 0.9634562433400718
0.19602319429108894 0.40870410172777294 0.16243086983854593 0.9947336712806941 0.36975462191304564 0.20613437910539434 0.8590071061592557 0.5017151790721099 0.5827101294509095 0.6899966234964523
0.11311482723023947 0.5924188206529164 0.9561640423292541 0.6020739760979243 0.7829943655820023 0.580524375112717 0.5025360796851962 0.8734962580651333 0.4820726926688137 0.7329882037355018
0.7065739390946688 0.16426348331366658 0.5969409471209277 0.8675964961929807 0.19235254737485075 0.10343119567607839 0.5686537477937312 0.7033195733127431 0.6047821193737102 0.1958083051411621
0.4298127828616283 0.8751185957407676 0.25716957242656135 0.26043210878794243 0.5283727570585351 0.5648955949345766 0.8004787695912319 0.696749906769641 0.08883575653502629 0.7715664667274971
0.15528707286763543 0.8363498271305584 0.7624752988826632 0.34577568499245515 0.2140371243353436 0.13124809087982636 0.6004587218543657 0.04856058647296413 0.369034025934336 0.9541539242400857
0.9472128350292373 0.05831235625573272 0.7507402750565774 0.3417971202723228 0.5961043595436529 0.5466694125639462 0.17127174273872814 0.09931783572583985 0.1754833140144485 0.17151847808745568
0.15960002333376044 0.30188159912019585 0.14036379738568028 0.5940672212790936 0.14781764233594175 0.37909723593133526 0.9334937786317046 0.41699184738257866 0.8219245812719211 0.648478804118019
0.8492912640697673 0.2619517911904231 0.8859456814193113 0.3761075540111821 0.8851013321897068 0.05730279944466654 0.0047907481311074696 0.18581305783902724 0.3964552003562558 0.9906287433543027
0.4891196144973011 0.9126072741299841 0.6864883449517538 0.9957516944283549 0.364577417905508 0.8017693347615555 0.7544019567768645 0.0901686379743718 0.8281155313523169 0.2918928188484877
0.3038285608492447 0.3564023140374353 0.7357161587104653 0.48837125269214576 0.7691882406176166 0.869543065254579 0.6886896752719615 0.8332116976560359 0.5566001424188717 0.41329710258558616
0.48981538342064335 0.40773064749707977 0.9156387021737682 0.3981460016881341 0.22594805590806044 0.7665998314732847 0.8592019340568645 0.9977612035310277 3.1430690235800807E-4 0.19487442776210695
0.3309849943868046 0.15360657264301092 0.38557385280343337 0.80404953391856 0.3835290783973233 0.7627006667985777 0.9978230528211356 0.9388551696846447 0.474542166861708 0.059799783062438716
0.20206905638651163 0.9534142315251662 0.11516458628296922 0.9328019642649018 0.8513047998937072 0.5335515287978303 0.011079257365789186 0.6689609771614098 0.1341664691336497 0.39145633664779744
0.5258427045627053 0.4195383302814657 0.06025672544627525 0.3395650852928952 0.7655396363334802 0.4918108050044777 0.8475684466440049 0.4624444073994307 0.834840510820964 0.42988959522440573
0.4930455094883871 0.348619423867758 0.8467679004231553 0.7295965089999377 0.10516840446928388 0.11870577738884991 0.08195410826445493 0.9476816622451765 0.1565541050101923 0.2918679680107601
0.2878993251357942 0.9119560772276663 0.6749116567077471 0.36954112487630764 0.48471542518819644 0.716451855626935 0.5322955451629949 0.3835167198247268 0.8010681584514936 0.1945113672083535
0.4154515451495435 0.5549071566668945 0.8025059847958644 0.6027463281734254 0.7641504706791381 0.6411683582450548 0.49409099646163956 0.32009639685411795 0.9497572685205736 0.5102733473678991
0.6802239701713051 0.468755972102159 0.23288437915912963 0.9742935412832021 0.6467815006010041 0.49752733089133083 0.5868296313822753 0.9390595426290793 0.19416073410941082 0.9331968048018177
0.30260088470127466 0.48223600671031375 0.8945527794139667 0.7018200391206751 0.4016808763653704 0.559060225431097 0.07274307115262346 0.6493414154867061 0.27428733967901275 0.6531576818908086
0.4169634932934463 0.14976174735468406 0.6337351247687705 0.8392618740614266 0.3147972599802332 0.9791073770529554 0.8316088463709033 0.40532991289292153 0.9788642658970665 0.9547429330692672
0.8138052092220687 0.39345957592143843 0.17799164798215383 0.19210909741059556 0.5141072561176171 0.1621770757400911 0.921800110501852 0.21475568113566523 0.2798026246084945 0.34707940776035406
0.7601134955916998 0.568579364773486 0.0029610272486852995 0.40247901520631246 0.45332589458623085 0.03746488263733927 0.9913365374089494 0.24361235159900263 0.6458365616364018 0.03506666630045108
0.2544624723981389 0.3771383430513485 0.8318901560198743 0.25625832077488075 0.80335821458555 0.307066502808235 0.34163564647028566 0.21181469103180173 0.7663684527163029 0.933918884636726
0.2949444804146598 0.8411821386221591 0.6090072368483925 0.12684351096827984 0.4715045964983958 7.301635698160336E-4 0.5122809676404938 0.6415617305015039 0.8279339392818038 0.2586676656815674
0.01181532843274169 0.08144551078499629 0.9561333386564733 0.09284545670026256 0.3292136753801429 0.654684742254484 0.12182516524910214 0.2839561948591288 0.43742475682622584 0.06741905738401488
0.6482010817559205 0.024181838830895086 0.7935007704273497 0.010872259934497586 0.3168283760966061 0.020127500542811316 0.8449766800878243 0.3499419581802714 0.14644118620174007 0.6589200652143262
0.8702044097105832 0.3013607633378864 0.37996939487345294 0.12763886076816733 0.4483266559685499 0.6014594783910231 0.761134429211644 0.22878428058991385 0.8711767933275686 0.9067271227061059
0.21416805981056308 0.5182804412098694 0.10724256381574193 0.44477610296249404 0.8536866066282771 0.3075454430231701 0.5069334118500425 0.23898552654869454 0.8464793022599217 0.017453483608293685
0.2987420715144874 0.0670092053183694 0.02294702708939711 0.34955082517319447 0.06749355868583418 0.6814992973114428 0.29315286169206467 0.7486775065470118 0.8287253082300172 0.7208105598311275
0.8609237874938919 0.6711854376881894 0.017344388522957166 0.16811389873184468 0.9491683555667387 0.24423261101305282 0.6940592568064065 0.17926247310751953 0.2505524823860217 0.004172057619431846
0.5396846128905888 0.5929174275480491 0.5999015464484885 0.5358436574493407 0.7552700704778084 0.4608542251200298 0.4281740797335776 0.9996156394985332 0.8151044640389078 0.49203487105165467
0.40257818890601227 0.7293117138271755 0.1299995073725857 0.3909454537145939 0.2833789658996294 0.3116988143201028 0.06985777230351164 0.688862043170954 0.4351718275582611 0.816999876724289
0.46738182902760117 0.8161225684071779 0.6188724377981382 0.1399343658333566 0.6788826465953489 0.8441460393685158 0.6604015935299967 0.7320792151136303 0.513497289337804 0.5378545364268547
0.343018890902269 0.35888118821910964 0.8587269235568556 0.10231786226938944 0.40248648243849183 0.8984411714386127 0.6280586123124395 0.2818540747639152 0.8177201822613509 0.6142298157213703
0.7355346887607163 0.27548394654511177 0.6843120196130575 0.7801828625839715 0.16248657761243757 0.26955091155561717 0.8342848136982943 0.014163901650105282 0.8232499535355497 0.2564824808389612
0.022665981933594592 0.18457114593138635 0.8595310153827591 0.20808285999546405 0.9399441370497309 0.29490367026916764 0.19719412607107178 0.6024109497838335 0.5291990745392744 0.3223921985828233
0.6845935305199328 0.7652114053515225 0.08767162312365584 0.5893379648551155 0.898172905901613 0.48003124838360034 0.41476706043019185 0.879592512193652 0.7489079971182414 0.845567734544184
0.8319618358210937 0.1776507291764 0.3522695905978356 0.414458218114621 0.24481038277412825 0.6041174927049492 0.23473535930162415 0.23463563319739655 0.5432248923262485 0.8488484935245866
0.8414804312161074 0.5325384562071659 0.5434277555895229 0.16185423051871684 0.482728786635338 0.4268773658782895 0.3634530731633975 0.7520949633174069 0.3103484665418301 0.242324971791941
0.5937997104627288 0.26558456335020053 0.6516254297518006 0.7044091507037291 0.8758155641906683 0.8667588865245354 0.04375246360340301 0.5400546372290216 0.5326186271247145 0.33085446830981446
0.6104212043642663 0.7826317107293799 0.7108376888551546 0.4700817375201435 0.0010065376763472855 0.386034015754962 0.08618127279819177 0.1626663301319522 0.973184633235923 0.5892231913026413
0.5618208735498286 0.23137108813931917 0.8414272506176267 0.8408403275008762 0.545800221678137 0.426900174257254 0.4366661668274796 0.9928997395305228 0.3321595926379969 0.8116262407953088
0.926524170531624 0.9032435298980279 0.8301903508200394 0.9103701807176116 0.8308590792460567 0.5483505060526013 0.3872115136340193 0.09750224030382992 0.83397034143052 0.24125584984063075
0.7324867614471059 0.823422664388028 0.5426683974713541 0.5737534009008287 0.1333770816554536 0.4485183400825098 0.16850860863763018 0.257715049096201 0.6995501654885575 0.6489818301040348
0.2228438636243596 0.12727731310447032 0.3970449797021822 0.5864175981652437 0.7049503156516734 0.1818075293651661 0.7412161832177991 0.2919495850663292 0.9363334404086379 0.698977803824773
0.3260593387992383 0.005583432830369772 0.14842253428736385 0.1279377596457465 0.3171448823752403 0.532865426458692 0.1662133073353974 0.6844917368084882 0.7863653208233995 0.033419567413292106
0.047020157545785146 0.3133500205471057 0.29892631174055107 0.039733081581621366 0.33135095471992393 0.9569377292849749 0.4764891939194269 0.9195997528959956 0.6420188605677477 0.8759089705585273
0.355099052443128 0.44191971726206425 0.7279572709065147 0.1034283117791045 0.23250897943363358 0.5830931092482166 0.6908054602892609 0.9834450065658733 0.35673732390871726 0.22003423937949107
0.05518416265427373 0.14260022547927442 0.24617222985491682 0.8958718838946449 0.5476818207133554 0.17607096087598395 0.6512632132455525 0.41569076003901395 0.9349237755042599 0.7895689169961061
0.16881694963571225 0.6322073416230524 0.03769843953661389 0.13287611449085446 0.3021404813893679 0.4150637010777315 0.08596562309234645 0.5847137113052007 0.3237520023161661 0.46246045764785193
0.9086742430242565 0.30440397203470226 0.6421056430927145 0.3101405443797748 0.06266792319628367 0.45269975996242795 0.49975324679198274 0.6202733740131436 0.8965584790029806 0.10231996434027346
0.7375931391563901 0.5915786604333341 0.7182992483156476 0.5081430442194478 0.048331619489374256 0.12206810478523589 0.689291227414818 0.5876753676353103 0.612010484252925 0.17707223305572106
0.8032069748376797 0.17432471639245406 0.25742948724395487 0.6677584576692778 0.32431873867617744 0.8491736127861087 0.32551988836496804 0.029135957588907524 0.3579685119278323 0.9313610218589367
0.22420146529526574 0.6015817543575414 0.8049197840092076 0.512845310791992 0.2589821979356125 0.8662112697212732 0.811681786747443 0.2602349881779048 0.6995358687315797 0.5619563246945675
0.9704991758355841 0.0745382350428524 0.19972009433776183 0.7210016257758105 0.9455510192914169 0.5990961758624308 0.6269732823693154 0.6992711259987171 0.9060050372806272 0.9966284747748803
0.07675598597764233 0.34994310571058196 0.13192436030588806 0.378234818860989 0.34867826093951804 0.5905137979014683 0.425625658502889 0.7603589629837284 0.44318158379362504 0.7477164349885825
0.5089391797095789 0.4501365375177403 0.7011204434000595 0.22964336248296913 0.4159224965453747 0.3152119583086809 0.0533147827299808 0.2707068381238341 9.317801445062335E-4 0.4810236912979158
0.47312163713839883 0.7226136788995112 0.07355546189733997 0.6167210359465612 0.13230063778105416 0.12331784241260635 0.3447672858268479 0.12029003833618823 0.9489245076830435 0.5659541677552378
0.32275662377973624 0.19412972590249522 0.18581227325231697 0.2110453776013672 0.5322463248614273 0.014234553027349217 0.5089397947670026 0.6378138324573649 0.9477089169275017 0.9393022120752312
0.44750820835998284 0.614218267648613 0.32874466497256283 0.980500852650342 0.5108279213293709 0.2803749363450374 0.22498563170447983 0.5582930144172956 0.3119022581906098 0.18631169130018077
0.7782418471200322 0.909628464224578 0.9235711786908546 0.10254256399677397 0.09120739698403468 0.3769813880426528 0.35030233668017907 0.030739387260228512 0.8548953420313493 0.21012212181926737
0.43719315170150186 0.3818162541432687 0.1310725493898549 0.4421771156529867 0.7574742535788512 0.8600313371396772 0.6713163709766515 0.8634454074710778 0.0207810679075503 0.1942501784596652
0.9209174269666586 0.10960352401282225 0.32668695872076026 0.4913028733276533 0.9037036103435888 0.405344918480271 0.1514678909978463 0.651407673684457 0.5129625628316801 0.5601643933940212
0.3007953181144637 0.981921371273022 0.3439910181960618 0.39991137109817787 0.18702998413777905 0.8732169217140985 0.0954012349202652 0.9359007322809049 0.6970168081181841 0.15927730033599374
0.7391661588363927 0.22278350300119876 0.6047566940646063 0.5756336372745444 0.11348656344328967 0.03704360196879597 0.9530582047648819 0.5485652041010279 0.3279150921914219 0.21990163904960347
0.0792483595549518 0.40201707353106153 0.38677335139941016 0.7715697158558756 0.9922486917541951 0.9524813321569539 0.7347502561961791 0.5582166262641269 0.6217986108506086 0.3771258087345596
0.00767097151856877 0.7986653498606346 0.055335605737318105 0.18674406793023568 0.13177749095200675 0.33476047352741123 0.25401747110401174 0.11263927408849828 0.056463576936148674 0.057505460128166264
0.8965989071357298 0.7253431965744694 0.8282583273589822 0.7604854077716714 0.9383513573975124 0.6431114635828741 0.41795378251200943 0.1227538648325508 0.1919408707913225 0.259424522580487
0.6981242626942212 0.4852768402440286 0.7381564849472354 0.02126312125547114 0.23488617605018358 0.5781909764566412 0.2566070176336184 0.42371618658396104 0.10559858704236447 0.3805472153812074
0.42998151127533224 0.05151828783333523 0.7833068584875315 0.8498750382140497 0.42019475930988337 0.19440222990998657 0.23908260970969986 0.3458165115565245 0.040716035720119614 0.7906920908105225
0.8050153052519067 0.1902435670614827 0.6566057546120824 0.712350762159915 0.013462169903188492 0.9556858521408039 0.03226108164056096 0.694735309737793 0.5822645913959379 0.7545606812947414
0.3165985465040332 0.5356019600049514 0.9509908710239138 0.013610450625562431 0.10637773710032317 0.5404426082308822 0.2898667122912364 0.961117186539888 0.06059729231819 0.5750227085994057
0.7009062879346707 0.3288780427762944 0.8523702974547042 0.501030195441019 0.40985860290487686 0.5765890608799932 0.33941341669573344 0.21703401529836164 0.10793504265883114 0.2831993052356846
0.7102601824832122 0.004489473218195816 0.24388569920167147 0.21796108626909527 0.020535724167914604 0.3873174333979482 0.9898437801811658 0.0033161080707715396 0.9721066362149646 0.25362272228350335
0.8084588905632448 0.2124216022499108 0.007646031920331864 0.5594066628358804 0.034191291607245655 0.20603433165188934 0.7941310110809103 0.5366673314869705 0.6482412671831731 0.006634689542674654
0.951015747879376 0.9620707369338068 0.47443886850616757 0.03208696869754024 0.4423000857464976 0.7074144521038702 0.35252105522158006 0.5667960202919694 0.3964403727061374 0.48939496956971384
0.4555748136960628 0.4352343983352177 0.24402546412795212 0.4637286930046376 0.8100265699837464 0.46087874959414654 0.9703676414096535 0.0674657663881163 0.24940912686410555 0.9430073220443353
0.9686347061114629 0.30337482060775045 0.48723995988573565 0.5644754839265237 0.44887585848169564 0.4815658842182199 0.7296951321960902 0.85549937499115 0.6092708574988303 0.28605793788968714
0.2653656087244961 0.5816427383538645 0.8081585073434258 0.9177860858455911 0.7672337609334868 0.1986150739851894 0.7888763798761625 0.9805832628235007 0.621109544332349 0.8221541640024833
0.6041715911485698 0.7229595284383612 0.45511727838478877 0.9981796610816551 0.26291767854259596 0.2260417197498087 0.18642619051989762 0.9265685180932269 0.2790997037770546 0.13682519785194858
0.3242681161549954 0.6913170628528563 0.24150686249497677 0.5859278142290225 0.9723887433320447 0.4805190380032862 0.24229716140388502 3.2664515693958673E-4 0.9594295469659794 0.741502054966568
0.5035765546258701 0.6240956099978434 0.7923390838380582 0.7096301394940246 0.8233606479626235 0.6939521364484367 0.6757643322181625 0.7736930532600453 0.5257641253605129 0.38145973306426795
0.6694739778669478 0.6964678398044578 0.44498928020515505 0.8100225691390605 0.16621728245412049 0.7959517774097794 0.09866183099174641 0.6823468564856789 0.26402346745851657 0.8109301163202114
0.6132886574358083 0.312833466959592 0.2797985239762186 0.32395587310959917 0.15308876055197307 0.14940459831484576 0.605177675450123 0.295483400351918 0.5731749580837098 0.19055713119795936
0.3409431212062527 0.47481091022056066 0.7690411097340718 0.05597360663337536 0.6629186357746771 0.19665170730552206 0.7265353129153143 0.8528114019615856 0.6701039001932612 0.3465679247616117
0.5899768719648322 0.3948294437824734 0.5449129909102954 0.0841641333918759 0.16080091193175838 0.7778010399385766 0.21573321971503223 0.24985284024808907 0.1150912490760071 0.7922002001727487
0.353621938089138 0.24916762994003028 0.8855888139826621 0.16293826439915482 0.4578102895103121 0.6080138542906491 0.5922390728422163 0.14596632312304825 0.9887849437086892 0.32291076310985856
0.6250690129985722 0.5828483759564276 0.9930700130552347 0.5921932079180745 0.4841604280720947 0.11694880717689715 0.43043294445133073 0.5073049304841646 0.2637127373242515 0.9086671115866067
0.46208990226691615 0.8077295203941068 0.7306657312690131 0.8521919854773687 0.28758778552346786 0.8587693905364239 0.29307831998817224 0.9925354443609311 0.7283910340971547 0.5982969207272322
0.2794366269111206 0.5691472698146348 0.6478038752903769 0.3167660921665699 0.8572910708758341 0.8711987361597289 0.46970938033234 0.7841872107976352 0.608098620090907 0.8796639224648305
0.5127084267384259 0.41843077205968526 0.2448730192556856 0.49261579935867894 0.5915940095537366 0.9011414775647607 0.21022224714829119 0.9826932595885458 0.3546963767995457 0.8907064933245218
0.9245792929013978 0.2194847534059664 0.12348793378069922 0.256137068904735 0.26790851677292116 0.10461254067093473 0.5799364061236661 0.5613858025940689 0.47289681599475497 0.6135914632483902
0.5074482999166624 0.3665365815090843 0.9836150730323979 0.8160745935944632 0.9328443365985102 0.2804679696177358 0.9908620398988442 0.2548870804466685 0.4396619294884597 0.599004812646905
0.2938794312003037 0.10428969059660897 0.12717983001356126 0.7932372704605289 0.8578536050526486 0.5992006900048369 0.6749125119180428 0.0746000038469562 0.9375953429599736 0.32964580665992194
0.238923149455334 0.7564688006905356 0.9200165959226599 0.12849363590804996 0.45415567088399467 0.15644572318260352 0.1014987238142755 0.44557341050830734 0.6460877503685731 0.3391679510334442
0.4609741606027471 0.29756149114077823 0.46535833567177576 0.08638954285272937 0.11551923653024376 0.11056116562610074 0.5506251722978666 0.09924978600625511 0.5524830899426698 0.031090133420999977
0.49775831669513226 0.5870547916863125 0.9206537920854757 0.5712288479359897 0.36757867624712914 0.07756474858155615 0.6326894183691163 0.7749718998729638 0.19970073315444303 0.49569151691205204
0.28201847172706895 0.4453635818808692 0.5166413610639691 0.3006766408218714 0.40964052952094665 0.35578843833631246 0.6002071845638532 0.7462331955910588 0.9697346920257551 0.7838256344904594
0.40127549435903365 0.13379937059068447 0.4377096724003291 0.15236616147891757 0.3044342470577458 0.2659651735917963 0.38030627299819886 0.04023014484925691 0.6105492011492777 0.17529866014880446
0.9645894084143513 0.3333108394548301 0.5231772234613019 0.6032110521303289 0.3211433131365049 0.8273111552065158 0.62884643362197 0.6341649310711924 0.8965102153837606 0.164427319231083
0.3465756758816383 0.3524436479555718 0.9308894643626776 0.5888736133396739 0.5886069836065685 0.38186361344698194 0.9793403442103237 0.6399308243683646 0.9221767815629799 0.6932262629148611
0.9582085629011381 0.5662404798217235 0.8512523940960538 0.1199691310507146 0.5432232362358409 0.9413559798414898 0.4475129290036469 0.6093909858370858 0.8716869781190459 0.6881003341324573
0.45145416632640434 0.3549888775027483 0.4084090514697276 0.4780699188271421 0.13734963233122033 0.604859844425088 0.5235079706036575 0.2626623077902861 0.6899005583400553 0.12178338295279623
0.7999358632095553 0.5132954297802976 0.5757601585819195 0.9825155077428304 0.33955435447124294 0.6010243568427479 0.4097180958705452 0.646988829842361 0.3688176429261685 0.6295509403110592
0.11318316194739497 0.0025273197361339594 0.25859543480182623 0.9506611132965382 0.7417041436282559 0.3938484078526654 0.6673944940802264 0.5374128715002178 0.2186191906437489 0.4865393420207448
0.8932148206680774 0.3679377376071141 0.35352687389128445 0.1798584654281692 0.6765020128726241 0.9815073752321073 0.947122949061851 0.6841264024433674 0.6351352113124901 0.4085557361372181
0.4880485259959405 0.3086359852351739 0.23211545066247785 0.7476369658313272 0.9327470094904102 0.46792431355936637 0.677596331258078 0.7648372625619242 0.32592870341283764 0.9074133781985095
0.44912557840687284 0.024949021328996568 0.5670934760912593 0.17384098023908734 0.17744232797356552 0.22875405339406774 0.45766353494784695 0.9115669968159367 0.48990177139386637 0.6270516879968561
0.273629809508373 0.6527539570494731 0.029575038846298862 0.6096071664303698 0.500217171082401 0.38758574237286514 0.27529928167816753 0.8259840219138495 0.03792509872324157 0.3501013608874418
0.9764289865984396 0.4852639777659251 0.14340195608247652 0.13588560796347904 0.9857663431508584 0.8029463407877565 0.6039629810875372 0.47977188577621444 0.025124904780439605 0.9158583752093659
0.16116305398674713 0.7648768821181594 0.45020777117877264 0.9696969417936755 0.9966873704858267 0.608700624135386 0.3949574066081961 0.4988607602085615 0.17292447260026544 0.6776899070973554
0.7702612009337969 0.6645218366547604 0.2809375745388778 0.2185764041830226 0.4678736509319541 0.39442377376742543 0.19015213694429456 0.6629658260791537 0.7776419334437152 0.9766831903404329
0.7169285063148966 0.06106745953928894 0.46459881976902695 0.19991033611194742 0.2332906061113591 0.031118563477985473 0.17221319658653467 0.7032532859708307 0.7224328918342083 0.37297125244859586
0.8190648961099564 0.8025098485307974 0.554229524560393 0.4874741671479148 0.4384375143884308 0.692239769357934 0.3018211117794938 0.26769497611713045 0.47379883210166374 0.5888492291050051
0.2494560963272474 0.18369392807130236 0.8878657757804134 0.07590879460645772 0.8521153626302573 0.8694727587484345 0.5689265590643094 0.6405046084003205 0.29904997865924376 0.6388873094287402
0.4253201506592683 0.14821211477759566 0.5062142003167308 0.006726027718668148 0.24744886239018882 0.794320394089661 0.31667647376709884 0.47182124221208377 0.8864270942305869 0.8902244484660576
0.4234436822253146 0.5309731533317713 0.5494455504296393 0.696441552930994 0.5457347206767132 0.13563173732008937 0.044156654534663775 0.3974973227556807 0.6875915059268833 0.5776946145293232
0.6178639925663503 0.228965558297739 0.886816818028215 0.09644418503396768 0.6320244209906245 0.7132357010523133 0.7225802039978682 0.33556012637028065 0.6885485971480824 0.9381202018643258
0.9916342594297818 0.1473087313966185 0.9816123363101421 0.8212035739075114 0.3859358752618286 0.14042359167577967 0.5871669691990616 0.34287362078644446 0.7085678580827961 0.7988566330062792
0.12206458295623446 0.8022648585846491 0.15020848946968268 0.9604926668314733 0.7056895197457299 0.25288259741759356 0.4149976093410791 0.9380842852221551 0.43921483355372803 0.4084657631292392
0.03250011908644079 0.589078617878075 0.6810784827489553 0.4746854605497216 0.02156833264463276 0.19667069863289666 0.242001024272814 0.5585649234421649 0.1822573214671248 0.11133317492619188
0.24884256758200007 0.5350461444084642 0.6835478171621183 0.7202351858407137 0.8338240821533148 0.5089174914693605 0.28748395803449334 0.4613783664999226 0.9941137469397329 0.3003549073763294
0.5044334392423686 0.2799409663567691 0.9365066983358622 0.7036195798641877 0.20953068119183516 0.136235736371501 0.9729020877434184 0.6209928552701999 0.7669635215237479 0.917851429308901
0.5645084813100553 0.5578191294773375 0.5066172638247435 0.3829610213490062 0.4261851919817955 0.37956589780637373 0.4766897668801062 0.5674449927253098 0.6970535597940593 0.6780995826787646
0.756244218191969 0.42539077453580787 0.05948838602077555 0.5719145901755173 0.2532669699969141 0.3406948744121697 0.34582736423648497 0.27384242141589976 0.8366496331901048 0.5469069156662187
0.6106116367266057 0.29980610675894215 0.8546162727011017 0.4231201229707322 0.8658980828603035 0.7634751988818093 0.5774678779578792 0.09562576009124923 0.6781600109376614 0.8042146871498703
0.8691181881899299 0.768214097312011 0.6075197969111178 0.8295109374330325 0.43974606355190504 0.7284175154695176 0.03353338095823366 0.9180965556419394 0.36099166773299596 0.03265651224661703
0.25647309650335126 0.4262851416511543 0.13547473929630605 0.46016246246108106 0.8890320212461188 0.5675658704154496 0.5040154275421221 0.44371560358628304 0.4605994888226783 0.4942971709057744
0.34678897630839367 0.33465062059252937 0.8447339554295695 0.20037766633070198 0.4887479062407787 0.5402463440701313 0.5901859886741243 0.38506148270545115 0.9549961434394588 0.7835301395650455
0.4868007658806418 0.2706242954048649 0.2384018545609503 0.9786911815958361 0.7298560019684849 0.2503756327553134 0.4395865057811088 0.9897118355719663 0.8598677175299141 0.15855145554158756
0.7185300990624516 0.8454893875309302 0.2496228846859102 0.8999110123944943 0.3573831223395718 0.8216351352492897 0.2861746771816158 0.15440002101715633 0.8756784740520208 0.16730149403498284
0.5527622506564022 0.8810323376141527 0.061986956961557205 0.1548022880321137 0.2540939854879455 0.3851801154696983 0.49016245604661735 0.5604547517057106 0.8481593883443267 0.7847527867506479
0.0736739398844184 0.646986787543292 0.3487115318736176 0.8132834695318766 0.47812333849605726 0.21101609393032728 0.04478819525281774 0.031730361470379664 0.759899573619239 0.28352251261000094
0.44711730132812755 0.6858405709088051 0.4280207269785743 0.6268988745313191 0.11597738663814683 0.6422120030624079 0.2365680515075883 0.25907944657811643 0.6510617700166423 0.06372840317246875
0.4067169914187643 0.8534094106025388 0.5311208714376715 0.743831865669812 0.6502215348146304 0.012332731389255613 0.6796339790427538 0.3091356461528252 0.3203106269048528 0.09363984299396211
0.6024880595520187 0.8211698239904875 0.25130619162088463 0.47993080333167304 0.6946182370087058 0.6605909926358441 0.3648741075006817 0.9251133090880967 0.8447905538008625 0.960976281802213
0.9186712021688657 0.8861692700723184 0.781184856023239 0.2743612232806607 0.3522528195509027 0.5540879030734871 0.6951613855737205 0.5969699623397124 0.04545676023219447 0.6347765068492426
0.5565720133636961 0.3611251936549985 0.9460814858892221 0.7989255748204945 0.19120321024222764 0.5081146500209993 0.9465276551430213 0.11921731105669653 0.6294143297070457 0.2968297569028506
0.09317381063141605 0.7439321668933154 0.45476156920124766 0.07428103555950549 0.19760841189128442 0.5179209581805557 0.8823746675406012 0.8366343198359569 0.18544221044837494 0.2550749270679328
0.07907932913147542 0.04320034176443632 0.5662764025682947 0.8908397524472564 0.8007356421873434 0.8108498995008736 0.7375033843526396 0.7989837182417029 0.7669890088479194 0.31261539777811787
0.4449690183268771 0.1437443927921359 0.31960655184450204 0.9317789682312403 0.6151261632105945 0.25664210664208353 0.8177987392484676 0.4815359955149695 0.9461614119881075 0.6766624784783591
0.9124024798406236 0.5903626471410365 0.09967811372009672 0.6731747811882007 0.31052836556125096 0.17450426310609246 0.06987071420236213 0.7828662440043263 0.8932515362801023 0.7715410815830158
0.32372660045822765 0.13513726884592503 0.08115193659390729 0.392776687948433 0.6036433450534243 0.11481586998248683 0.15598662720195255 0.46723352127520823 0.8629511756197185 0.21671436157725066
0.8415028443142992 0.3963289041421204 0.6651813165627877 0.7834646905954511 0.8223778897851526 0.21584430369812502 0.519523111809445 0.6862336146054208 0.0374975678931474 0.8705893330225541
0.0477640511253522 0.9073323835420051 0.5222621146721143 0.6472009728929163 0.5821084483206418 0.41439989201233585 0.294334859232837 0.381808275858581 0.778621901906294 0.6777525003318225
0.27822546530596004 0.16183066520789013 0.09765089525345438 0.6756573715437533 0.5463260484413768 0.3749683611588195 0.5504173712390849 0.25670057930367196 0.21749548007703623 0.123481254893962
0.9400907647398048 0.2840853199149428 0.19901291139499988 0.21814278919528163 0.9359907718479868 0.07360908746720474 0.5836990620551157 0.1937933389423807 0.7111761320681548 0.2552337748208223
0.921229619763988 0.047207641264797595 0.5465260661646754 0.3375753664878952 0.7711422260358813 0.6880292783938188 0.7585225673374986 0.9353053629868531 0.914764552543539 0.4148143461201059
0.5432935019024481 0.8313689108716064 0.3542681363147899 0.08076578529410372 0.846077677687071 0.7890896214327165 0.7592785565194845 0.9975287126521455 0.16312508463147635 0.3036443399328672
0.3349496743034843 0.04045595215071318 0.2621466293677489 0.2880560140321502 0.18013584449260855 0.8650426585083147 0.16777933415520274 0.02576596692024069 0.08027265961992291 0.6217672205158933
0.40013500146034253 0.5900118093752875 0.33680360460131387 0.06536509588229988 0.37735117916682737 0.3296506025543503 0.6734660159214558 0.49460158043129177 0.09716517775965483 0.9517313174906838
0.4794769044471585 0.529897798686432 0.6978838318667566 0.19303463791297637 0.6506353105858237 0.33870402797338894 0.2657224125626706 0.0659622863549244 0.07158473239501173 0.552303077420624
0.30333842996473404 0.18857164903801749 0.34595554972737375 0.7827656992944885 0.6034871717605238 0.7642163804300899 0.7258338119064128 0.3450689741901385 0.8820777438551404 0.36316685877137267
0.31797987372030734 0.5169278350584207 0.41650947519067294 0.7767491770785274 0.5514461132342726 0.42767857321823954 0.10802048889782512 0.8639546311393137 0.5797201911784472 0.4575929564128174
0.8408819385064799 0.49113665524926586 0.7602466163811122 0.8502895937913956 0.7466221159098625 0.3773253114406596 0.6051559122755966 0.09344941384769245 0.9980676205002316 0.9008540965732621
0.6292572869018815 0.5068303319918634 0.0558386868558175 0.6974076991170355 0.3348273334460429 0.39161545911418694 0.8690388600467415 0.18526345684040324 0.16745372159600558 0.041418572640737894
0.3922297013913365 0.9904131312843979 0.6531696182824392 0.8928092474223736 0.9223832756587939 0.6124159699110604 0.08434068644002168 0.10200930683829745 0.1823565483028733 0.5712478737860422
0.06024382981307019 0.8744511212576568 0.781533566306983 0.7060757067589917 0.908002549320039 0.9451778392718292 0.6696324996524271 0.25879965608524447 0.5105210558332796 0.7106039944387934
0.46627683200979697 0.8683707548408396 0.35028534400544387 0.6459443814480829 0.09678060129514066 0.6263048456920738 0.6413762538364236 0.8076585677366829 0.9937001497040433 0.8994779565558627
0.26676620715276333 0.4165462456339597 0.23405577245940468 0.7132024784221426 0.8639475070418392 0.7446693660403042 0.3737282644624984 0.10574765592430557 0.8091668428247222 0.7880643093572923
0.41338734139744626 0.014881275103377889 0.039017519230863607 0.49724794840933895 0.28440987079855784 0.9376746679195295 0.6178668233686317 0.6588094554693893 0.4785980839268906 0.8167259429849684
0.7105731516471077 0.8739193331539222 0.9621087241043786 0.3491215396026992 0.15217356740366128 0.46337579918223004 0.31185644635668663 0.18886921283953828 0.11969955400053511 0.5438482947548637
0.09175575148848658 0.31920072727708004 0.5060046771012584 0.9662663549279211 0.846517639638277 0.20805551513192766 0.4714649685030321 0.2848413735991061 0.7323184691145658 0.22822151294158044
0.3066391849356285 0.43399803640968604 0.7265103681917903 0.22302281330085794 0.17745245350121597 0.3305310094746028 0.562643867856822 0.02910823210653002 0.5441939359809215 0.18959159053793373
0.022425036710327584 0.22980874339602142 0.046594926009132176 0.9456481687906042 0.982831126527701 0.4056958821204897 0.42948127595242513 0.8033533213677778 0.6644600270287669 0.6733872875442304
0.6469696430467183 0.608289496487925 0.8562904858567091 0.3593094521030832 0.6279044126294464 0.42385433139141904 0.5023820150200294 0.2420422869493566 0.31120833482217025 0.42808541475924455
0.9276440985837303 0.9150332447983244 0.4670464345926628 0.0030139649384108846 0.1526567929453594 0.4708840740537612 0.5081794598413754 0.6791752665992397 0.20162576254029607 0.8890761812661402
0.9656097199920769 0.41919333749941334 0.04290664917794873 0.22091528369678626 0.5535985491133909 0.576895948656343 0.8181351956200086 0.9086399026189481 0.7813613989033883 0.7522054792642613
0.31385079307820085 0.350052383668329 0.8822229977764212 0.6770900643506995 0.20860346893892967 0.1256951605320884 0.425741609439498 0.21414825236143498 0.48888475028009293 0.14250890253668336
0.35428783010681675 0.5269400789830211 0.568825651967909 0.31607351190064414 0.34279051664876337 0.4899660559996991 0.07145538753028569 0.3129467982911217 0.3188380586280716 0.44623447054600407
0.9334170698708251 0.30527990622900003 0.7000505139917528 0.49164714210066895 0.4803874103830541 0.6518021617452385 0.4066145730642734 0.5679722909077876 0.38704929388593934 0.9124329650588329
0.9890995689775391 0.7799621458411387 0.9833179109363003 0.6281913480642423 0.275149425724142 0.5172125259598886 0.19762212342330499 0.8537387282864013 0.7833724531262444 0.15765039292360927
0.538394950472754 0.5168040656383425 0.7787266965514715 0.35707402119857823 0.9065279712880737 0.29690454001495703 0.25092560177203904 0.18796042990945827 0.7043966871363962 0.8651895231159995
0.285865497332107 0.6807928158175534 0.6611647095369662 0.007898960551854017 0.26980212780647106 0.6424505422210645 0.029427011156470062 0.36784182854305736 0.11698118653456158 0.9787427337372533
0.3248532458167189 0.2814642654374694 0.24365326386754904 0.1319559967199745 0.5783442648043395 0.4634909723895251 0.32488095939363404 0.6593256350644218 0.1493163123748661 0.09678752987422046
0.9652722280832344 0.4246288405226488 0.5090789574414959 0.22200561076176917 0.290750205089097 0.35263745207874464 0.044874327809736325 0.18973664337595553 0.12569715295321482 0.20495682159751938
0.8579969708875861 0.3373140178347859 0.858285877585204 0.37581651009771155 0.7335149404098941 0.9830676478867736 0.3165390054223872 0.2776675682787034 0.9444644709405668 0.2927491928343162
0.9786330857185696 0.48898014555782465 0.3199922845132589 0.5660094089134245 0.623190742849154 0.47042427286513766 0.05477059559476605 0.015224676867988673 0.08878100753913998 0.32065592049762415
0.06611231286697172 0.16463194586511876 0.1565742364189875 0.7392190238910588 0.31556445616391926 0.5846471319904771 0.6960747889772241 0.09161378105678164 0.4033604226827574 0.7944048111245083
0.12108106514533401 0.23037023340227136 0.9169624249974162 0.8149719174268935 0.8914991965651762 0.5160052878133788 0.4690275372031768 0.036351598174509836 0.2663631830170915 0.30303040068167597
0.09548216404043774 0.7733081102201744 0.7643906172314753 0.00871630282652247 0.7009910914415144 0.1282069012495054 0.8206301957340829 0.7661101446684371 0.5369594945860894 0.5534790040610051
0.9412333760614663 0.5778392239535121 0.27630689764618144 0.8119819483966217 0.2531090335229209 0.8335252308020034 0.10960452521730779 0.8704444516096533 0.7211970320977361 0.031171099154647774
0.4287685105157345 0.6293452527673675 0.4633225851113336 0.551672472381295 0.08735308613258286 0.29199130013509267 0.53107039210639 0.3756440019275362 0.9305898665497118 0.6062242581561685
0.2448434295306341 0.7030408670918225 0.2736698794026906 0.17409805481279328 0.6722488800304589 0.5385935460985665 0.2733679740235804 0.5180347780914973 0.12117882104247046 0.43986436288111086
0.6859595051111889 0.6163801908699081 0.5824313820363157 0.7897723010930248 0.33348146522590094 0.1769436755049144 0.9014433842345059 0.15172226365790764 0.7107417207718075 0.0040223010732998166
0.08468276529007235 0.4930138443504871 0.5570814074663905 0.4325719473621661 0.5534755628224559 0.32099364664380525 0.8897470269202578 0.9526032389788157 0.34651836173319295 0.06645417475405802
0.9498308177923415 0.8275435644241101 0.24205427175255045 0.3700720775242389 0.7470889288230139 0.7222205859982858 0.5216667267530031 0.2802162460918335 0.40654886814014646 0.0992871336640655
0.6298718035924312 0.7542468536664604 0.3176691832674283 0.4173207442636836 0.2971668820609411 0.27046433696857786 0.1659160097925464 0.969495964477355 0.7889193419470023 0.804156919990415
0.2869721047042507 0.5386407821792484 0.8184561515085595 0.8987342620551521 0.42539662226654285 0.9126532560323506 0.31994133405292 0.0717238293211554 0.9024043067621382 0.7036683271904282
0.7151051344302466 0.33544559720129774 0.40153502062182167 0.8450284115818837 0.5276150976399843 0.1834699439627826 0.06633616947206566 0.6020260126400521 0.19985587308861186 0.9965024075870559
0.3707813294570783 0.9255507127965907 0.7491114448265374 0.4551282279708079 0.2710011623520605 0.5021860207319508 0.4636192894249307 0.21188858438319824 0.47600324384860926 0.9099668889302794
0.1836933165353234 0.7714496107960863 0.28540930623959315 0.8759219064752704 0.839088670396906 0.2551640034244662 0.33384037176307346 0.7496884488004371 0.8210079196242701 0.48511456234985983
0.7544310902865614 0.9569032967837587 0.45562488222537345 0.612767827432836 0.7280568280215008 0.3767352135364175 0.3157290994483264 0.33865476330551336 0.12020804504781335 0.29983982258882624
0.35806989166653047 0.6220352621521499 0.9240486923900646 0.8661814470696507 0.9062061925554568 0.6632913393232278 0.5260461763194386 0.6565807200562677 0.31214472911673197 0.8568338420621746
0.38966265007520673 0.4175104337225458 0.7247751907126737 0.35859587828925976 0.6129486320211249 0.7355763470067349 0.7690883003030815 0.8897256975944562 0.9574816299865103 0.8462842649488791
0.0973889601541108 0.40688043848571154 0.36894375462474727 0.6611075216386291 0.7121929205965362 0.3095617826604856 0.7137343178384511 0.5275346175271124 0.6802225484126908 0.926222714628457
0.44136472006013217 0.19868933943543154 0.357893343779206 0.12341471558022155 0.14898415828874678 0.9822810244891149 0.5309097191303658 0.01603287516289087 0.5722371912716464 0.06305556162065862
0.9340650624450175 0.9217560557592889 0.3557545220187607 0.5485829053734693 0.462067276199705 0.8990680067871699 0.06693110540016578 0.8751297765570432 0.008188465600907913 0.4357845127407116
0.3082462405495451 0.828531477106227 0.27476292275103564 0.11380064233970788 0.45623283649955937 0.5843896137176416 0.08803486161571661 0.36581134956374917 0.5093035364984685 0.8525878046477123
0.7195836410210066 0.7610475538897554 0.7619940390267588 0.42303029358185773 0.4675308105229101 0.6096090970760872 0.539784708532206 0.152673447984367 0.28296001824181405 0.058764922089376226
0.026513376761645446 0.7083337409300166 0.540456900484178 0.2696298783848543 0.2954940532064506 0.18541962932810807 0.14640345243289588 0.7089165032099047 0.01580746474756667 0.05964956724122117
0.054637151649714055 0.06799972086303585 0.9468309433638734 0.7969814590585766 0.9163120432139439 0.8303205249415879 0.25692720655697265 0.8463940081070961 0.029275636707635555 0.04819486432411446
0.9063123441150116 0.6708233156341061 0.9720016768379457 0.46138199943472213 0.819475712911953 0.933473292729502 0.3080959872682967 0.6923065098367325 0.339125319372963 0.9498816423353029
0.529618341531105 0.8866165199371123 0.5014842745368081 0.04053749416192287 0.9709407106520737 0.8328002487602042 0.0018654150857957408 0.4745114423315845 0.7695882195912551 0.29087178992191065
0.3298023443044368 0.281471240505064 0.07648599367695741 0.9876762513942261 0.44461743488464833 0.32762277218747016 0.6252614656717428 0.49515318202866054 0.5351580388065763 0.7005274623762293
0.4587285231337628 0.9979367155939315 0.861534665654782 0.6284134333425843 0.0804061208448521 0.7779594788540555 0.41204528577303257 0.8715105345112774 0.5499006775481219 0.09626657278725137
0.12507294208769026 0.7661039009118445 0.0732084369501923 0.03603518977278597 0.723593792193807 0.8764148005542086 0.45246994191423695 0.7858339144928271 0.7890357194802378 0.5150812183310179
0.35443577024947626 0.7884456479790471 0.5615782501419032 0.22992520397163163 0.7328792799791702 0.15811626343530427 0.09558643208022366 0.7228577109296032 0.897418236936729 0.7778810062576003
0.8217230073047838 0.5661857086733576 0.6596843381143899 0.5286589362894172 0.2713844329042111 0.5122508371742877 0.7075056248014773 0.17309555174179725 0.7044582541438095 0.15424216522114476
0.8587439247807044 0.5196718978211756 0.6480006209636647 0.1891906043596463 0.12865549282364075 0.6263885550250088 0.9012842601634385 0.5585657308899369 0.6081199450971089 0.9683710628849204
0.3917692231885932 0.29756054711436064 0.9948089753494157 0.6900327982113825 0.3768996441542901 0.01106313438516704 0.24534304825516207 0.2899706770125554 0.8782317848306711 0.512478777456016
0.2237104386937102 0.3455571984380502 0.9072501438366254 0.3109799009310519 0.40970030885044784 0.17423270970198457 0.996329679172848 0.31342509731217305 0.7008271119376512 0.6497895298936766
0.7836540709340275 0.31910305950144713 0.09220102850938716 0.744479600568416 0.917501465998899 0.6286206449878672 0.551025204845169 0.7515658471299843 0.34316053712422134 0.3626692020390285
0.7158771353451447 0.557976761852138 0.11484129789121633 0.8920662080582663 0.14565856761195595 0.783012560537086 0.23529700197526537 0.11738463250120601 0.7190741558621906 0.07659078256566154
0.6674744579411371 0.2046454282974779 0.4427262042051284 0.37930744640428793 0.5853621016541853 0.782963289314022 0.36438928899732226 0.4866299538406671 0.13530662282087713 0.5406993365960421
0.5077548355679209 0.8308260714284211 0.46442025736221826 0.6185892014241825 0.7459126835765787 0.9967730235047499 0.5393028528449803 0.19147810820197475 0.31306289150296507 0.12157956391407776
0.3261540446354785 0.1547094223007922 0.2174280688962431 0.9929926578873701 0.23245252299074326 0.8868767221070556 0.16306210515674213 0.35785029348419184 0.3207309193227609 0.6475637773938487
0.7142293090939391 0.6793797647541595 0.6965766509909412 0.2868604819684524 0.34325278344495624 0.34093138409476387 0.6458401100159413 0.5928576897760339 0.6912087553465399 0.0837748945986726
0.5501337247096039 0.7839866875066044 0.840569441431479 0.2878766445239095 0.3450564590092028 0.3649843822219522 0.6498738697033447 0.5571131349610552 0.3021803135508151 0.8084287192432585
0.23273255362564693 0.954166863480774 0.21368683529803245 0.2982024894833576 0.4769484043731751 0.14538848403471616 0.6376427076723187 0.0769090117850999 0.09426307295765834 0.6621990013504275
0.722256087958733 0.7761756695871611 0.06721417068959079 0.4631443044949942 0.26905583250099663 0.47694676873493336 0.5168156417602061 0.9895041735662198 0.11778805166068584 0.14628016595837412
0.9532498827385536 0.9473956426452275 0.6399257046737464 0.5278268869852805 0.5914870337573835 0.12060120349486858 0.11303846089339964 0.5250866931279425 0.9147231620268026 0.6208901702764104
0.01487177375837212 0.60969647246757 0.9507558631477089 0.11639131945079462 0.8238356497390293 0.8114229778072367 0.7898920913177222 0.7436136013910712 0.7417050507995648 0.40219482651591676
0.7177099582212734 0.6050009152860092 0.8646854541881472 0.47342300771418755 0.9619723816612249 0.9814461102195571 0.7205988225300052 0.22402359039247544 0.4602174579496019 0.6479781205354196
0.7627965440067376 0.9259694018892196 0.24302659289849282 0.9708756995369052 0.3655076958294692 0.21486291968278048 0.9976982152527447 0.7857496599796058 0.10068235528303526 0.5649350666446807
0.1280315685256489 0.4086751872695207 0.5929914657981679 0.551040204744706 0.15815128971070735 0.5162443372007984 0.04749597732205313 0.7746304689295317 0.6417803240315255 0.04544855923416424
0.6236000810184229 0.13635741008513447 0.8330952549847694 0.7105891079040503 0.18925421717048008 0.47486266890125517 0.2512746166488269 0.21195345285601386 0.6309758640947818 0.4594834072869326
0.9280772750791523 0.7197841595357203 0.8181069942741196 0.02401249564081087 0.5662646517006898 0.7571055867635345 0.5238291790902881 0.5593174414155531 0.05640720532200849 0.17626355156712725
0.09080850461738876 0.5445359109450477 0.8005917287988458 0.5265716254354331 0.39594411373094496 0.2897301278796012 0.07377317138509387 0.7442468122459504 0.7165461652860143 0.9872961015945936
0.21699067795615934 0.7608566886782078 0.4293698241037015 0.3250880526194567 0.8013946512530967 0.32278885829651993 0.08428390546231723 0.5011322183717621 0.02800774730871658 0.041792838647374486
0.2859546238100623 0.5979683353453912 0.5353694762090804 0.45543350671170557 0.9897756434308682 0.9240713245782414 0.4756906956526892 0.6663343444089473 0.27237820453032957 0.11046945966726662
0.18987082790107934 0.9503774310274827 0.3724055975602927 0.46258962878929255 0.06270692285450119 0.5765668539663804 0.8138388836960618 0.31052439456113046 0.17185071461153067 0.9650506135338474
0.7220113974988777 0.8753291697134548 0.1575461156680441 0.22483568515367847 0.02155178031582128 0.474622571785113 0.3349059367393541 0.059019482711488824 0.06584647218640349 0.7276764823799007
0.4464637412063652 0.002900402572789673 0.3892143303640534 0.7883467213382003 0.6099628830553327 0.9691191077228536 0.6958376734692757 0.5336092272579216 0.9548213217091924 0.11402113784514589
0.9035952737461714 0.06613080919932357 0.1604376520283458 0.11072063179643099 0.04629481308705374 0.8512171550684972 0.6104801432286853 0.016883753300238502 0.1044035466014287 0.30164565313504355
0.15952716178027104 0.05904018967302338 0.38222781104713055 0.6483036794650687 0.5719041307091005 0.8202691052054193 0.8785930544944606 0.4902180063278547 0.5372881378478795 0.5143956772173454
0.2084282598155316 0.5044741993754762 0.7936288475565656 0.25737361841852324 0.024259782608821112 0.41468966226164616 0.29515987327754056 0.5053172979887514 0.5594712140992955 0.4661175102373999
0.5517521361078102 0.11868685325059725 0.8692875686706821 0.3361227952994372 0.23558697222822256 0.8334186795575277 0.5807937945815674 0.6206866023814607 0.9021031261260533 0.2723322705919512
0.47989851042828346 0.7807576508056706 0.20439870921608905 0.013934178886744863 0.06100657184705949 0.7066849101228398 0.29374568652643807 0.6507779415218387 0.24426435576704186 0.864629045117341
0.19360062658030786 0.21582919191784977 0.8255942071003012 0.32576445137659993 0.8104726227761191 0.8328228486614419 0.8663354656840986 0.847247662556369 0.9022352928760139 0.9553893474503106
0.15216142767304364 0.5733420331162786 0.7629467920289426 0.09976553294104729 0.055042930792410405 0.8557526768427273 0.6029679714339174 0.5471949012645976 0.6173807170656908 0.1541397166217785
0.6041455203962085 0.09466100871256777 0.4440307966566135 0.9709417511559533 0.4120537269117237 0.5663868289770015 0.03579787947550939 0.2990559339029596 0.3907644422593948 0.4635722612940445
0.5270741499941195 0.1165846834342319 0.31034212885878953 0.8261303896831869 0.4006518213035887 0.049773322585088375 0.2632369895641361 0.10772277886850523 0.6443395367559335 0.4434271013359735
0.5129757150407339 0.62418297925395 0.9868645978345902 0.7275097525989385 0.6670261054867561 0.9254560826465243 0.3046438739025864 0.1492903169908779 0.03543863431574845 0.26247206769182063
0.026358417758549746 0.6523185300053067 0.28784382181677826 0.17290869976428158 0.3788682439332848 0.9266735149974089 0.5536116690622279 0.09358971903701019 0.6158551098363851 0.42934424384616154
0.9234556246240003 0.8223026694863345 0.9496826371261233 0.479264748872122 0.9054897514756627 0.5981097191993443 0.7673152137649518 0.36844044251786445 0.7647253146087868 0.546764124042448
0.8527379783933982 0.7987668672537038 0.8322183301966056 0.2466339517657149 0.7611721920927195 0.8535553447883569 0.808557070637323 0.2105737589962171 0.19448177938134847 0.14344464390149025
0.8061049921602975 0.1504738161916901 0.21251835154720267 0.7282918837124659 0.37539048991571233 0.9937558909370156 0.3817534770468832 0.9097992402419031 0.043262286347832246 0.7548732315692699
0.5103987827385078 0.014048266215478056 0.953905231348275 0.5299119546459101 0.44831582169236095 0.8387764309647638 0.04853811707654232 0.07867943016135825 0.5403692583996149 0.5271454732590037
0.8455914304146984 0.6862051151753341 0.7134786066589791 0.24791486298395715 0.29039010799490195 0.25436767411300687 0.8504748387120116 0.21134765239128483 0.3318419682190168 0.8644017203332859
0.05797087169184234 0.2308403237789829 0.8533600436493078 0.372326270893356 0.6708047886011733 0.25218196915699753 0.33622300891422907 0.951876395671718 0.3522179988371349 0.015512594905678134
0.16580452901771348 0.883308147538196 0.4467806971115359 0.28946398092741354 0.8045790893212066 0.3014865894262707 0.8221796168176311 0.9226309635501935 0.15053839856057205 0.06295499416862671
0.7963335900099703 0.29443479415216667 0.2756287502626096 0.369223078934369 0.38790508292425585 0.6156045730337327 0.3960468587218704 0.29230067643999436 0.05112651594547335 0.9279163591661299
0.36470737341007164 0.8885426408596101 0.25996227210541556 0.5834941843310419 0.19592288798012847 0.15815969642858219 0.7919787474913722 0.4458909474858155 0.1333129970985334 0.7102889571652073
0.3288962113238114 0.04833108992590063 0.5541857666234387 0.6273071706422388 0.03864799544136921 0.4689113817956374 0.5671118270600515 0.6871082944405409 0.13287390726064474 0.7382200128369227
0.5041373572059664 0.7983567379617694 0.004126651025854411 0.18174798160206418 0.6350592974873481 0.23126603597416262 0.4386711380271272 0.21763170978517743 0.3384122239268237 0.9852422478010844
0.5736084916727174 0.7796784892821967 0.652293241917236 0.4247702390988589 0.7211580859544259 0.7162919250724233 0.5978777425021601 0.1362098722609303 0.9182821108482437 0.2278274535948588
0.9194551411028926 0.8107087218852097 0.07643958957253694 0.6480726898129477 0.9170407432567981 0.84222654471826 0.9041071574250387 0.6499611938197055 0.8610959999145368 0.2447056803458948
0.353806556573092 0.26129238211980665 0.0736164888289712 0.43871139097781064 0.20572978667359754 0.9131443969093426 0.13582279808574316 0.4354041688638327 0.5416544276252984 0.11183063974600338
0.8399168048859715 0.9544959734715581 0.2856935051820114 0.22466499981118382 0.44084202959204066 0.052880839887173514 0.6925254638080164 0.3004645929354677 0.48371308328787943 0.9119198283681026
0.6491017298440405 0.807633208178363 0.9835564468423859 0.5338988658222997 0.9224306059661455 0.6658323823245025 0.016230670623378796 0.23196755566190919 0.03388813146133596 0.9716612365712043
0.8428711593917091 0.962905699938176 0.26960753719328756 0.3744305116049448 0.5349309501506966 0.7483536366306528 0.44685131406804135 0.14502973312727396 0.6928656578405387 0.6576815172568156
0.4478707787052485 0.5990510817460974 0.2587372202857364 0.08446126108233432 0.205609744061361 0.6847473322404874 0.6114876369584212 0.3385449400891407 0.7797106961755046 0.22706515101287184
0.10336056591173759 0.8970413462309972 0.39663339828993927 0.5309095440964547 0.946925076938432 0.010022105257841751 0.8442968966199073 0.7899586922602926 0.894382309940268 0.7405781711837423
0.4095083655586056 0.021763178735376143 0.464312881502589 0.9338852678845792 0.6255429152534958 0.055527071366839875 0.5657487571101418 0.05622772692148481 0.45759058012868536 0.43588259544606045
0.24543019648933784 0.3224673936639052 0.1953881417932657 0.974134570440842 0.9413351229278767 0.03923495988699066 0.24520491422184942 0.07786396771179682 0.06404456608188913 0.6311588078413792
0.21745322252809363 0.920445110630395 0.9472342777798941 0.38873646354805136 0.1915459794700577 0.9739439811715201 0.20955962400328132 0.5789923304665118 0.8062252378069511 0.42203031819141057
0.3524269979544016 0.1938545203778561 0.8714368866713113 0.4939489983548111 0.9816218733399226 0.2762228841816239 0.5269290179264796 0.8162614686238789 0.3854897335827705 0.45998892196054664
0.5831020083199632 0.46598107040126724 0.3283434832874843 0.08780808607364465 0.5712406810022221 0.5268910427490153 0.8249963095668666 0.029212894347108165 0.20311035834975233 0.6002470157872998
0.3507969768558632 0.11169596631212575 0.3939996887493573 0.9017309287262774 0.41126962165621095 0.8986791614888121 0.7386455068984397 0.2884368047098631 0.6464380449230903 0.40082604942901234
0.3460756751205868 0.8028326388044729 0.6771397660931695 0.19094249622510384 0.23725832415724646 0.09505755110655734 0.7141129492707724 0.3077500080186768 0.08854638097992251 0.39057646304723437
0.5453646873417931 0.2801052312374075 0.9642591342156469 0.5071292690052233 0.8933066233310711 0.580778296077107 0.8233428529024788 0.793075457818305 0.2903697897690837 0.827691461047551
0.007905073775812954 0.7586487324353753 0.5602876725074867 0.09055883019772426 0.6255180977179838 0.6023008112873003 0.711962500936762 0.7321567874518933 0.7225390950862348 0.7962275881440102
0.5538067627790605 0.3159940885898199 0.41229559675727523 0.38833426767455237 0.6186783292298623 0.2459393618215998 0.6698370412681656 0.7023111423045211 0.05300421947065448 0.9684028675004397
0.33405392357355823 0.6731547112892481 0.9684143662273226 0.7639588158898277 0.9683187788989935 0.14238388850487316 0.38018364527388626 0.38283283403770596 0.6224034295134357 0.0553643015068217
0.26400676909031784 0.03746911012774634 0.21127974897097035 0.6525681162473805 0.45110726764266795 0.5554302267351157 0.18051174009839022 0.42726102877181715 0.05140831493453635 0.8171717348679647
0.3632991520573935 0.834021779004949 0.8454697277903831 0.9557730738228037 0.4508337360190814 0.4756636862692085 0.6181221973836957 0.17949519641974243 0.29548110645293013 0.7705421026271586
0.7202060437643883 0.49307384096105333 0.34540288836301136 0.9078953450394294 0.23954855215127113 0.039947618215327885 0.8695849578672796 0.23578079276608177 0.038290660990550784 0.26515803486423506
0.2738396293285008 0.09433210949106507 0.5708998147925074 0.6074480092521896 0.7312008931743438 0.5064774636762448 0.8356831961036392 0.9691249949454237 0.5542333523740461 0.06892269719407307
0.032341047296399306 0.783542903210613 0.22212740187455438 0.8481173035208199 0.4990774670813135 0.10259701943026323 0.7420542371460633 0.07908570186387176 0.28501173154048176 0.7604145985142668
0.07210647700220396 0.9894193526692955 0.27711015310500875 0.33446306552090854 0.6622510237475085 0.1263905230034198 0.14558521843218097 0.32158698000688823 0.7800730320802052 0.15206156658090542
0.49768492465681924 0.6740234308289368 0.17969108815257573 0.18942814311079104 0.5370218464718287 0.5992355175911437 0.845074850537219 0.452048942901516 0.21406870765064367 0.31744149919586406
0.9930991891991209 0.070278130800138 0.32317229854069873 0.2920073852499113 0.2570188959890637 0.7391310557316066 0.25241618287701884 0.30040883146028874 0.9876507844785956 0.05597811779877626
0.12488718829742884 0.5972580946303645 0.9074009181975358 0.190674941416915 0.8833786853710013 0.3359300344675873 0.9313765463254605 0.8364019568049265 0.46528943753560703 0.3616110410965192
0.8301738478324272 0.22640005879899283 0.5904538061482019 0.4661332940004117 0.5505340124787665 0.36995286032291297 0.8418652645225285 0.20374579763708012 0.43291189249812945 0.5603811565185353
0.6577320769851702 0.4070132209927497 0.2691030100684525 0.6384775858993234 0.5730304415294518 0.6133218749092153 0.12842617732789452 0.4567254797360859 0.549696779918911 0.7150119935633472
0.14756063103685457 0.48280821374608685 0.5168278278378771 0.2799438945638002 0.02698817950547283 0.5053306033483972 0.30573326959231206 0.15434512385628818 0.8060922858892698 0.9603375449210741
0.009412545859527999 0.15607449925199146 0.5993175674269983 0.4841289589865987 0.42200400658245785 0.8939781227971726 0.36739518757877254 0.916034539392306 0.6209809035121111 0.00780138604292635
0.47049026917974546 0.12422561854593483 0.9433455780798986 0.4131603246974642 0.7042302187244198 0.7083057401999859 0.5767995571484039 0.45736439177163624 0.7549231798849564 0.8443351705652276
0.7378439264075912 0.24442200325441754 0.5268785861221116 0.2811093340104448 0.9409909213231947 0.7713492480149678 0.5925920254853535 0.7709243639645327 0.17674406919816388 0.932941182440186
0.09565970003497826 0.023727876232596423 0.9107311781345985 0.8984540608744719 0.7966380102135755 0.6104664076132097 0.6923504646629927 0.8411863408827459 0.5936660340220494 0.10960577219744894
0.818517212799235 0.5107347234821198 0.7725202198075697 0.1902134735770057 0.9365745218385806 0.6777412269677252 0.44487181257400976 0.25565823547526756 0.6901585823286337 0.05223569638741776
0.11886950456672396 0.7338934191762406 0.5127851484734082 0.8792179907143504 0.11277121525957134 0.09345750935712582 0.45615080671344965 0.04891216257610387 0.5702002555212276 0.188737089439181
0.5036188289901624 0.2241650508202766 0.16470295210184804 0.5937027820028009 0.16408632045085225 0.18374996992725434 0.19163647581127885 0.17024247585301078 0.267405520067286 0.30787571666400115
0.637016742426068 0.23538006556948743 0.7897592620629639 0.8909897478385971 0.9858081507666957 0.34108195143545383 0.22586640178933926 0.7570041252206547 0.9862385891509142 0.8610182984599312
0.49462032768299924 0.47336099242866714 0.32207425172832105 0.2905587313695872 0.6157398389653387 0.312894311514196 0.16139082034908436 0.40944791865271635 0.42723802281917633 0.996232857222891
0.8482288166860356 0.23101899529173653 0.426992000346499 0.1625291588263178 0.5826229630349126 0.9674679958899536 0.4164223968120183 0.46258768960139396 0.7948459882893527 0.07762576832093004
2.6794645016048335E-4 0.1460050100321877 0.061310203315607215 0.8318284165542623 0.15366779526079333 0.02272340171510634 0.8324205789652781 0.7279009447657362 0.0062398348870017495 0.7194385596234623
0.9467751625878225 0.522933246263197 0.7125706031760016 0.22259133454615143 0.8914603044697303 0.6074414696405762 0.7795084040756094 0.8022120536578559 0.034789453343470944 0.9416715032426906
0.5028783278691434 0.5446754579499302 0.6056858607264327 0.7982162928953351 0.22971376584331538 0.8874631266230603 0.023011466972815975 0.11078162396985713 0.006826314711642745 0.7453193641892133
0.28849521624757124 0.3158500146328138 0.8025119881723387 0.044725548323456765 0.5485162387305609 0.1921558913996303 0.8954183181142883 0.7424072628760998 0.6028482726383884 0.3522995456452034
0.21307380406394627 0.6936270682163851 0.09257392420935828 0.721491099814998 0.3723071687050049 0.05730533797460857 0.33472821332594094 0.5503303050411518 0.9247612497768365 0.2775506079546681
0.28783311246607024 0.25169152544963413 0.842931736704574 0.06496938420711884 0.9303357898717416 0.6261976757975776 0.5956390228978753 0.21616522053015708 0.413065115264428 0.846430692989526
0.2565665144345024 0.5561253889912269 0.7071726499416751 0.9069405305804412 0.9654764603589374 0.7657327165977058 0.1106254948323272 0.11527811886110695 0.7189401595176904 0.36542908900894844
0.8991702915690326 0.5986927200319838 0.905896502174888 0.6660965924411785 0.6117892452688879 0.7317971265317195 0.22307892682532582 0.06951066834593145 0.9460203678044494 0.8524189260867128
0.6063278464902606 0.7032592868207682 0.005115718636161892 0.626020145697919 0.5960316213032991 0.00881106688686406 0.6868632914670356 0.9434809140746724 0.11841660955560473 0.5664540211836202
0.332999494803781 0.2927078215554416 0.009132096589113625 0.13711608825648502 0.36849060332016303 0.13144093635156828 0.731553807979767 0.6286175708520034 0.5515636213575519 0.9067979064420892
0.6494555217706527 0.45269433640812584 0.6282180012321372 0.01650774751957862 0.9021745968994671 0.529170199319282 0.6390514747943598 0.187450342003745 0.4001248956831952 0.014945565029963248
0.8615850226364391 0.45903246826615884 0.7094858421827562 0.6880087828929656 0.38787317012548383 0.20209494375902348 0.6271238001280421 0.8004654167168479 0.6350374955408001 0.3784594822131906
0.06027828068268326 0.12961988680631054 0.6654631798926194 0.55188768643084 0.4202717596504363 0.9024330839238226 0.053749249588697534 0.9981395506497176 0.11547916865492136 0.24621841025582036
0.17910533558787112 0.6299817709524024 0.8860185196351045 0.8272277568904873 0.2447392545765983 0.35241082872952023 0.6611021417422597 0.37881849443089033 0.029880970961758346 0.8940201942222276
0.33971328998213857 0.8921805023110352 0.3654403426544103 0.12235414099232378 0.3962501046833252 0.34514285488532936 0.5908974009400396 0.3442555629314329 0.4950054970895412 0.9783674453896932
0.7978759125804674 0.11662896719969362 0.3608276580816022 0.29327664372113615 0.49495189213636925 0.6487035670640975 0.9980330094487694 0.14235105551858873 0.43860076480792787 0.9637961312659645
0.9756193646798532 0.509972278605745 0.766788355934495 0.6067365323967802 0.9040543125243735 0.8407750133370014 0.24456230931171918 0.8325336517258374 0.41738974407781915 0.06251132174137686
0.38510227030429844 0.8925230578160553 0.9441806056746467 0.7717196754758591 0.44503849609858526 0.2461517986730527 0.30166176772488074 0.4030297787524847 0.8094505472353257 0.26972014932957256
0.6798644979500591 0.586723771208631 0.07980862835298219 0.30781377835887447 0.8958295717622052 0.3142130123686394 0.2572224405479785 0.7188240279528556 0.8928011190641971 0.9773791163444765
0.7737133411061535 0.9028682617481456 0.33526207758967275 0.825266618517102 0.7658276372713044 0.1685858668851533 0.8078980765048247 0.890404105244675 0.9077600022386793 0.6946999621548106
0.5650535581070729 0.977069258536752 0.3252579626236859 0.7728987469152686 0.9969706636756533 0.87510259493484 0.5969296771427968 0.9805044410017654 0.9800772956124826 0.5654139962932956
0.616178849235947 0.9245620184154507 0.0608182061440532 0.8171142327665863 0.13484220442743244 0.7233936224984114 0.9859988088915704 0.2412442754684535 0.1387068143886605 0.4473293663148584
0.43733819675445285 0.5623625510285111 0.8154352334195997 0.3272380249174198 0.9539048625359641 0.5967907356257639 0.7670293119700146 0.6576468781693887 0.9333341737378859 0.1851070662246712
0.2918137335921971 0.9706521073076957 0.2912044007482998 0.11651512898557181 0.01502298685918213 0.23748719565254028 0.8276736871036252 0.904005669167516 0.882426251354957 0.5665288808860811
0.6014575367157017 0.12176760356706406 0.5480268400025844 0.10968616134281683 0.6434526576206537 0.9000934318447484 0.48472395495200193 0.6635301615930446 0.155789388009825 0.0880637710921145
0.7259263244374112 0.7571882124956919 0.9368223470150414 0.5405842438669434 0.006458869562628422 0.8559385609008306 0.148544166388892 0.963887445329189 0.2127047985734023 0.6776065983995131
0.7001351170311055 0.7624014566094609 0.4747776190202573 0.5182776286122214 0.45983672224178485 0.36992567043774927 0.9376185283506068 0.9145048890702069 0.2270653375434586 0.6193436870851621
0.2332667260688822 0.9311061925843178 0.8976568849944032 0.807641992046632 0.9431513591103204 0.8568058593347398 0.5373615990160764 0.24679228003643128 0.8871057503190536 0.1143934208742039
0.14218356875034932 0.25609449376929305 0.9049055691718823 0.7477341192006515 0.7088865671437491 0.7478663344138514 0.9064848448139501 0.9348805394821912 0.8649644836750493 0.7859045742411368
0.3585848694903395 0.5946986565180002 0.7146006722249533 0.7549319491922306 0.048442466475193124 0.3038357386400866 0.7456178188983447 0.06928303953588322 0.9192261284428873 0.42152155107232925
0.6121458146393118 0.6703714978337783 0.007279813888374953 0.5316083423812143 0.35871214722659617 0.9150193593863227 0.027835614755736482 0.0544191825771867 0.18368561425480856 0.8405195788985467
0.9537083311949843 0.15538849866815097 0.15348088018643125 0.20734063971467065 0.010586538784994937 0.8831420799460953 0.37365800515831393 0.16667171288225957 0.8728860841408985 0.8065788298933552
0.9990273076243386 0.8775465696798023 0.4857336926137952 0.2886797417630913 0.12209691960142532 0.9070718590869374 0.8614998313358655 0.9341840253571674 0.017676736648756797 0.7873263965576826
0.4034017382112538 0.6789366274857879 0.4411788849069208 0.673785426101467 0.7940486191258858 0.45062471868081544 0.6791318013917641 0.6526642537174951 0.25340323468814074 0.32378561204718026
0.832651061160991 0.8783636187295288 0.01848519414169536 0.616382056441993 0.37808719760669507 0.3872391706812679 0.2262426931245225 0.4309051257418931 0.3937968340091941 0.13020562357867604
0.9913717995327398 0.7298790402203273 0.9679602935584001 0.4942260085731123 0.3624628915652881 0.15380621990901844 0.20959534882026454 0.341524781621781 0.012706224266744393 0.43900489187811165
0.9733934614405432 0.38540340407671436 0.9754898355163698 0.47345583245131195 0.8787309589746897 0.5428250040754863 0.470574529943242 0.7406887403304527 0.4541849309539405 0.7564751812740321
0.8831323953718919 0.14490253095579808 0.27110926511483 0.6627936320609379 0.2557867342830936 0.984928901981954 0.7433038379169822 0.3975113964402237 0.23289299865447888 0.15031085099335884
0.8645354573431737 0.7765171975571145 0.2566516149720439 0.4496840158311812 0.5316462471903962 0.06741519949627894 0.9562456394669528 0.34981069362687256 0.25821183837117934 0.5759260849463554
0.09404696517441147 0.30303216385899767 0.022187874941463792 0.31132186345889323 0.1370373818719789 0.271567832650251 0.7107101576489101 0.06637439420020752 0.5069414122408901 0.01900434946072649
0.12619034168400778 0.34983617303963743 0.8291697760600786 0.23248188382923296 0.8000754780157199 0.7432614743917703 0.048524317191076305 0.5634985315934535 0.9241165693605541 0.4190145311835436
0.10871598404295857 0.23091804743660305 0.5537174656725178 0.7526010486030511 0.003099635526702782 0.9166804607385554 0.8639122507605367 0.18999777353348246 0.39563068193309014 0.3028785516696013
0.6457458026641274 0.7894444361664127 0.683900398517222 0.7482776857141215 0.4193089225845582 0.14720126567729264 0.33020802145642225 0.28302063723341186 0.5094053817042702 0.7380640093754595
0.5219795986561718 0.31217267196355125 0.18080563750380374 0.053968310416937504 0.7394446805062623 0.16192667540237193 0.4622680197845914 0.3078031149329655 0.6063342501886789 0.8767017207299588
0.601984729271715 0.884593208948653 0.47846384417875154 0.4810331480840796 0.191836804885675 0.1684988133380273 0.5854184605625933 0.25706551798395805 0.8738186736876046 0.8516201596555549
0.18215643829281292 0.45662452178229695 0.19921923853676082 0.33938352491901225 0.09020187392167767 0.26625780134878574 0.6496235916233815 0.40732431604992525 0.21219598582622112 0.7742982894984103
0.04852531089384904 0.83537210707784 0.08892995579269714 0.150918473079234 0.5933162404508735 0.3482812844241969 0.334583162401511 0.2453074881388262 0.5196472894810986 0.8246402502864917
0.8337419659947691 0.328517088544804 0.9736302263454342 0.40193109217520995 0.9128764436051184 0.766186913314001 0.012076754768175157 0.8014006801483811 0.30930326028617516 0.9922732196369098
0.7769482614515787 0.9240432128345658 0.6522650320321774 0.27306925714009644 0.7974157009813553 0.5277834330450929 0.34360790933802465 0.4002199876289899 0.06140601212181962 0.5859885521097807
0.17964030037817458 0.632097368577217 0.9682375854983347 0.7487262828991902 0.7911080296808121 0.914816795522778 0.5249244590719949 0.18072501822196851 0.9948219608216274 0.6573391673890245
0.18095485465190309 0.9337818324427547 0.4483260163789359 0.10951759166249586 0.5098266807427103 0.9264024690860448 0.5780954428881474 0.6976109418711112 0.5403490155569443 0.5497470708508806
0.6121058858147023 0.5087012236414407 0.9166951834980626 0.8964937862790531 0.6892163845662489 0.4836158818078895 0.22341950611444805 0.6180223209117186 0.4406600897002395 0.7773694021694438
0.7501264722622287 0.45535786089202446 0.14303874121700677 0.17680361405828382 0.6902077531819544 0.5606050721184859 0.5275679863471021 0.42701943742270343 0.2690386052454786 0.828141159254584
0.5969226480159238 0.8113572718550182 0.579252484799602 0.5886255856021358 0.34888212914631356 0.35409723029156415 0.9641883742061301 0.18392373558410302 0.1350782945999488 0.5707141855927476
0.6353327535164279 0.1373300578627472 0.4934988935647565 0.7774372265623297 0.8355541295714873 0.8610162328887396 0.6850022233294902 0.5900265697276378 0.2671546845520256 0.10141796844800433
0.8369493269391752 0.39109541994571084 0.6922406012916374 0.61331402974881 0.5511620043645613 0.22596840532234852 0.5826383983876283 0.8746395251966987 0.0687667498242791 0.7989816426014148
0.4475619955194676 0.006614664523900138 0.601085661711998 0.9852947214956707 0.9994612630827546 0.447559690634594 0.2335873135511799 0.5476974004348348 0.6319594423192962 0.3438049702816428
0.8890123771375922 0.5535595870694828 0.778513739646971 0.06739500861438619 0.1961396031683943 0.32398560357405426 0.5964093054654767 0.7478240147426665 0.7522602277018926 0.6153990678263408
0.07792410242277481 0.21382929010400853 0.19027972138964389 0.13319823323628566 0.1289782879723378 0.2813083604940262 0.6654676253745457 0.4077853489116575 0.375308186050447 0.8947146975899795
0.8622280395782325 0.5251885859646024 0.45718203068133423 0.2318254044894985 0.387864370948122 0.19765828524436646 0.3559005825319079 0.5155642348459779 0.46816385022655516 0.18403368195866832
0.8588028618752889 0.9416015579582093 0.18872896835455988 0.1253406167229295 0.6142233133045536 0.826742114478118 0.1363341442134226 0.44799391806457767 0.35382355170779134 0.8106512865102956
0.18618799984646084 0.10514334205858111 0.766948481798496 0.7022579578430448 0.3538327845506598 0.5761153807841563 0.2001328262751848 0.3522132127675286 0.08451418579462844 0.7245669143279629
0.8246109239376012 0.7540713221020658 0.08820647126501358 0.8278818924182559 0.16565923434888363 0.4293996514848848 0.8450791903344047 0.33350516185897516 0.9198272652002024 0.03581285918472488
0.20404347855418592 0.672322272759619 0.7995894866739016 0.05196572733692972 0.07611743153374773 0.7648578434111568 0.7396774836562684 0.3398280426314899 0.08470159611593231 0.6929795392725563
0.1753274063659196 0.36210436337861296 0.17645718828360213 0.3779580334592645 0.2599054993556119 0.8414499235511557 0.6193314271523928 0.005148310485979191 0.8278499455888967 0.6881735362235001
0.5183752998364091 0.3662208798407147 0.6285946287135996 0.0944073061480466 0.965351556904983 0.2517862936214197 0.8581164293972976 0.7952617357717516 0.20473154902763235 0.5204196390029133
0.29697461053346275 0.6312742303599151 0.7465313195389193 0.49450650116219075 0.42718720625345685 0.7114980627837775 0.18553915176601588 0.8889954342535911 0.7450160348610878 0.6728673085238153
0.5968379231018647 0.5660561891440306 0.11270814177563515 0.759013401320778 0.7691275555861594 0.02680709673558468 0.3994688142561621 0.700497004776521 0.2102040403553791 0.7006889756088668
0.8504169042592896 0.6684584809499077 0.813053664375323 0.7737270055379601 0.5920005659284575 0.8949793072492219 0.3063717981892151 0.5088361245514644 0.4333276051869843 0.905985481802114
0.12991796773952802 0.7544894729294334 0.6550914325644172 0.6963136805973902 0.17296999612346153 0.6124835506581403 0.7912499295339769 0.5915991389414165 0.8932416697691249 0.041197807192819735
0.503341515766632 0.9879340245970324 0.6939802109370928 0.5076604929144064 0.5232988496983293 0.6377838724738073 0.07856097529392947 0.6698963233749885 0.29784718916105346 0.6594384294906733
0.024748521070378393 0.4704463751278206 0.40605152724915894 0.9873129222062825 0.22489517228048106 0.952613501486278 0.04130232353349561 0.5517042377474481 0.3236987686100319 0.5729019281027783
0.8500071759469097 0.07914590152547563 0.05174424377843012 0.7762826295190716 0.2014811455356903 0.03829474681303224 0.2009037423272667 0.12533090524900758 0.5270066168891292 0.9213210398790449
0.716772715123835 0.3299461680723955 0.7107583674416785 0.7470634143132748 0.793670549754924 0.11127851851456572 0.6412674556978271 0.3997481783519995 0.7493355666639223 0.9516499429842383
0.9393234808581512 0.17586241437732597 0.6292964351139709 0.43167309778845453 0.566691262424611 0.7018090335902738 0.9450029251616716 0.03643364862761356 0.4897449636282364 0.20626095205870665
0.6851511546133431 0.02451697400378061 0.8230989001565102 0.9836706828050279 0.7562393566941977 0.19682374592032337 0.9105408383469265 0.7691806837090123 0.3062423820002643 0.17653290282206457
0.6140504649550742 0.6602189266710141 0.9643943028399388 0.11723500673644649 0.6764119054223491 0.16635332990773233 0.8904201888297943 0.5931723793069124 0.3989058564517839 0.9465171922798437
0.668159728837782 0.793687124045635 0.03279373892378823 0.8015076872418464 0.5013769009673833 0.043391929499653425 0.2217822554678468 0.5296978490283316 0.873651354149781 0.10024234889559946
0.5523838948105281 0.32519171413454584 0.8195988004762768 0.6456038559650321 0.7700650271703156 0.5001917709661075 0.22126961606698614 0.8735706853225765 0.5013003080237178 0.44713612960693994
0.0914254901158118 0.11120739655968359 0.3851279014495075 0.9212026087007372 0.6344967889441022 0.957048760767351 0.36252748449752226 0.920065788767963 0.9863736056692863 0.5121067958432237
0.4979189117767595 0.6653317906490578 0.9257862085368201 0.8957986274101443 0.11430627830724205 0.4488651323553101 0.5228808944931171 0.3886223750445549 0.21206844341639752 0.3972608284916803
0.6447001953908924 0.22407269395832718 0.11112410587982702 0.5290037580557803 0.47262681651474525 0.26420104784915166 0.007175358160893652 0.8313968944652987 0.7034526789108613 0.5363911699601408
0.6649611565164694 0.46812855248888596 0.9035863342715197 0.8833322263588994 0.784927583715992 0.6433881037887269 0.5650128552871887 0.783838304134768 0.6744494735044405 0.09472866255010726
0.7719725639302757 0.7390756315454718 0.730713574489034 0.664414492209045 0.028926126778856975 0.486923254899556 0.8996007258381803 0.9077792905122316 0.7232250507373875 0.7066072580226267
0.7133805625206827 0.23716145723990445 0.9000086778819316 0.8064124631806028 0.7297591350448692 0.6712709119561244 0.5121996016093341 0.8491894635660239 0.19579622138011832 0.8623812283952769
0.07507169001199421 0.6635393284345996 0.542435772015263 0.7075299530834355 0.7027160285316233 0.7129717833832298 0.8788695649063547 0.5149491871447623 0.8328316917919697 0.3509975438780849
6.803679600574375E-4 0.39323711670065287 0.5566201154557233 0.6770285066177391 0.5516878600779402 0.2583209520710291 0.3621630838261578 0.32612452515135226 0.8866470704593962 0.6120498777147484
0.27251596119617194 0.17503923511006825 0.8704252194315034 0.03629671467937423 0.8138494468107018 0.12768083392774998 0.31901020676940517 0.1677351064618281 0.9843249141599644 0.8550190057921346
0.038679615058501704 0.7709987934940412 0.41098924717821206 0.6076321573554863 0.4518865226062707 0.4117182438514847 0.17982755688419383 0.9935036528455912 0.6118943297779214 0.14596895894650763
0.40321297380986876 0.9193399609095132 0.0029198468130320343 0.5889552474185847 0.4493447401472085 0.73059722196833 0.8985200436219052 0.7032915637456076 0.8998672529574983 0.9535671743749303
0.20818474698715617 0.6560334863960283 0.7247140426728739 0.9422873885513078 0.6805739959151487 0.133648740662057 0.8673227290397876 0.1637047826703183 0.0515652084304522 0.5754079613624073
0.4187179616670075 0.8164351333163598 0.22625229442517059 0.8882142165073056 0.8255615490277727 0.9716261953225058 0.8662647152348764 0.33967897442403594 0.12511988983060796 0.44884506680141045
0.8172517895125595 0.49129149014922646 0.029200977313446508 0.19557521414711743 0.6561038180198508 0.22981758823237497 0.7894643703534635 0.0258225444850414 0.26345757730771846 0.18260296059746806
0.16810932895390962 0.19149366083311758 0.7342617086956781 0.061245007246905625 0.5107977823903075 0.40962379257346737 0.12765243808450188 0.7681363117945229 0.8727703533041374 0.6491957133314997
0.5271178197134485 0.4216723462043438 0.3844654195318832 0.19320543211104213 0.632904743243845 0.808454136648312 0.5595523676894962 0.23479411122608174 0.6408496627022184 0.15460683724786473
0.046141925886372115 0.5406795692832828 0.4752904590749448 0.5233732037998856 0.40103860840720884 0.5207856291638449 0.5384434529450797 0.5924307246103909 0.8272504934900032 0.37988056390204816
0.014606250093669892 0.04191969983932753 0.45657473362945244 0.8952009114675541 0.4247734738245754 0.29295924848290145 0.6819275844966192 0.7634500686249571 0.5657292579716952 0.876466485385015
0.24818978903509736 0.39122604465635147 0.18740652652340817 0.28338392970891246 0.295689542989916 0.4648462348318445 0.7632802831845571 0.7499588243991906 0.3170471891409594 0.6287011323604178
0.4907878288928279 0.06550716205531604 0.03595671992930094 0.12568352124814652 0.2222463998775397 0.1551346177044174 0.5455814514648666 0.3089028246722979 0.3714643436961954 0.886174807988466
0.6545920795701119 0.520809396118787 0.9672192169875273 0.2746456969314236 0.2804775121628974 0.9540166848191757 0.932002146009271 0.026812558836536216 0.9026100673313368 0.7575239443393605
0.35290519609934545 0.14098609810419704 0.5416482932178641 0.8327057715039875 0.9812537578306564 0.11597276271762302 0.46721217846035323 0.47534902052547334 0.4485641571183372 0.1651337295318036
0.8523672380626908 0.26318171468043083 0.7186318138147831 0.718797622675648 0.8913053874474385 0.3627526539532331 0.1090323747871178 0.4128117629947261 0.47571189549769155 0.7351842682289885
0.8100454853697733 0.7073051629297271 0.38565987008898783 0.5572356220232287 0.204986046950966 0.2572758425202287 0.0924745907825637 0.5422762207960494 0.45315558744831175 0.1654042456586744
0.6938619322830327 0.7451858460269306 0.7351022305037895 0.28753329817351336 0.20569685235797053 0.8658589851615756 0.27960481762559763 0.8325448201594673 0.42021883822631756 0.027907145888239837
0.792772601236031 0.6009010924585253 0.8069835958246238 0.5023160379700393 0.19187941687096166 0.33990964954844105 0.4807712807331722 0.8702286707607892 0.6100268578449681 0.8588079044442087
0.08975311523655038 0.6746898505650462 0.48245833652877057 0.7430538384050684 0.5875702384995047 0.698100998261343 0.15132184903509305 0.7347475634978107 0.24457966564741895 0.6202988196606938
0.8329063275750735 0.10489829476838386 0.9263741790989868 0.961585375682089 0.9798526404719963 0.6332892898950976 0.6217843963939643 0.895700412284787 0.04056708881967608 0.13298357654577964
0.4379228235435344 0.7296423567324932 0.369041786781954 0.8090514400990217 0.7964311433839051 0.5904066388461916 0.5705127336579048 0.12489008438087768 0.3629439750875417 0.1331257930634463
0.8818631222181942 0.2645449366830197 0.3208831900496807 0.8907583444329251 0.2804059132074236 0.7257311031942699 0.9610493524364867 0.22238884390630587 0.8906562383284908 0.05579241758880582
0.2000773785755311 0.6853644098415272 0.9159308032803012 0.251624796004862 0.5636760119957525 0.05590798543130926 0.7600879696956417 0.8846296199709724 0.37467168850982935 0.15351210657514835
0.22444903225536927 0.583051570289226 0.37122918756157586 0.08633128827718317 0.665917063536062 0.10659520468161088 0.7472227612277345 0.5279549431800582 0.7845372266876486 0.8820027342221829
0.6545833928602879 0.1603572950337172 0.272218302073982 0.5333150672606881 0.5365491669811111 0.47348410559698184 0.8990618866414336 0.6368271536286635 0.2710972204569837 0.698850788480868
0.7397224844444833 0.6582875575522318 0.995437302782716 0.7726900151614796 0.14944824523207112 0.7886816556267142 0.6552990177159159 0.8736014768923566 0.7879281868655698 0.1849759890881837
0.7768455166959222 0.2603198610606199 0.45879923414495627 0.9434919568469231 0.6943988956854907 0.847132088373002 0.7836418642947031 0.986114256862946 0.4837632648205924 0.1976377873423517
0.761520755131364 0.9233299143621951 0.14878381200590318 0.3919621315057521 0.07860244327799704 0.8731323097189309 0.18788108281088922 0.5281935838342472 0.6271095208106715 0.16111349723354262
0.5276517276046769 0.45573318097830373 0.0688465147220817 0.8046074524283304 0.9522280962592479 0.7064064344081503 0.43575986594426797 0.6925359548086542 0.579941228100856 0.4886025340611406
0.6984706711776082 0.4126476499967091 0.6429327251224253 0.04036987742120568 0.9534454721357365 0.7491300804900074 0.8107128108487902 0.5993110295516562 0.3804468961987236 0.9761134127706662
0.565263597096499 0.7402840474820656 0.4041326082882848 0.2063739800540647 0.6831379975742619 0.8563314503730941 0.5571475578180703 0.21958409959904457 0.7091060941487282 0.11392182275932727
0.38678089682923467 0.39074469772373155 0.4162527343042183 0.3005037559283926 0.37323602546034906 0.5669752697839939 0.639031435354442 0.6005347607164829 0.23478788765757785 0.9996257588983306
0.5386311118829874 0.48556339403430915 0.18357935057528774 0.7287131073358829 0.31411423433692964 0.5846052453247579 0.665533829804023 0.13797501999617423 0.6081357719186912 0.6129689161841708
0.8688391122694455 0.7513721533875953 0.3726547713568229 0.18085115332121404 0.8176826917915402 0.7256589662703725 0.757901173013767 0.5774351087117252 0.18139669685433835 0.9086827949652984
0.6669624026366857 0.43188915708969033 0.023895857938730836 0.7793597660965756 0.9787061342773777 0.48957810947359415 0.5942694776687643 0.06281457460786655 0.08335622030742995 0.6099629046767312
0.9166146037480951 0.32296145356128625 0.29789171921490754 0.4920782830385523 0.37567369470623935 0.37484149336056405 0.932539139693113 0.5641425744996837 0.7145676956651361 0.9303211827709887
0.26498070562897247 0.9357677784865485 0.8618907760769023 0.49329600493452197 0.4455020265096368 0.30440168018066827 0.7876604493183735 0.15433206727176463 0.40415514421140064 0.23204840124465975
0.15109305729699318 0.5997173296652298 0.16011354150500356 0.2639776007118593 0.8479010923373045 0.34618385347344627 0.5437478714809962 0.9480463281821261 0.690785260455651 0.9401007935121568
0.2335525162823231 0.9314222254758426 0.36402136935541285 0.6187274571802357 0.18290460640641437 0.9609100648014547 0.4815178159120096 0.721154334822785 0.9657388135047094 0.7937485560271362
0.04744685531565529 0.9578498132875208 0.3055726379299928 0.7376574361402655 0.8695286046391704 0.5002682359026565 0.0689188221215905 0.7820798553243152 0.5072739668395884 0.7357652838136514
0.30197235275225653 0.05697839020047568 0.15096895799887367 0.4481046467978119 0.46856217411491696 0.6612075811996012 0.4219092495362746 0.13012975395143989 0.9077080501771966 0.7393995768828485
0.46037064952563955 0.11271290617715879 0.6707257067449228 0.05446401675252177 0.8250278043522606 0.20288369856105626 0.3206741071135234 0.2022167734383481 0.6660095590420059 0.5640769808519843
0.9810408619131563 0.04531642305036743 0.3535065574986378 0.6427306244605606 0.905912783569805 0.9056019613299324 0.2448227362330565 0.04800133429395903 0.11048092660204134 0.5470882468424416
0.5549890954954442 0.42515691016542223 0.14857994780552652 0.006290715734294072 0.3595349537837973 0.528241389226652 0.9530643879650736 0.8822143800341838 0.6027379412327738 0.8938994409826906
0.7651750040254013 0.7852565114115043 0.6106509333151914 0.7457848573990001 0.5706505015531099 0.2624361898926776 0.015430746719692356 0.017767232474518502 0.13319120492142156 0.6657781500644537
0.18596944598111964 0.6741902282756249 0.6699832642944664 0.1113426536279506 0.22955653919064478 0.8267233135368331 0.4493425648947543 0.8883063094190161 0.38027585094168814 0.4998886524995324
0.10714050911247452 0.42066415823718406 0.12206845898755325 0.2811331589654035 0.2765238021311308 0.15853590343456858 0.7078689084966988 0.5063553852022228 0.2045436496965367 0.5817247702650179
0.8309488204134837 0.07808572668826208 0.389659339097318 0.8350900527101185 0.08057845344644865 0.49105719638009915 0.9156849934760075 0.38345964812577793 0.47134334375801445 0.1486937993186629
0.08059770767593577 0.47322228744044426 0.7739299219258636 0.5940818314558123 0.1227284567867456 0.11840343889371385 0.5949201587221862 0.8502791413151496 0.33220778338697965 0.7909429384496922
0.1541122353227481 0.6673558621882082 0.6021401308930863 0.988056309855332 0.4901105093995519 0.10734961098717033 0.5218326510209288 0.3739761672934848 0.38840501217441403 0.5633572420175139
0.4435048085265604 0.24903353868629963 0.6708867088871441 0.005273716281072871 0.5642579359137317 0.6859537623203356 0.6117216638075331 0.972228689942589 0.956684763141917 0.7914050517766836
0.15173413212184472 0.5905593140006605 0.6543502467263579 0.20025209952936074 0.2719242477579308 0.6861981052581712 0.352477330136033 0.09063131885473708 0.3564734134141657 0.881642470388364
0.019522496903980557 0.7198782237517304 0.6265667911973561 0.42021260663552007 0.7319269191285906 0.7245014048371319 0.7585886314465453 0.34409298155553514 0.3421820710524469 0.20181179917013625
0.6137229062498825 0.5676918837843269 0.16944828222159047 0.8964800117389445 0.6007185050249341 0.33414245992920844 0.7623181489216829 0.6522085196252712 0.5695542231604596 0.5203077457519373
0.9249169430080626 0.6568692445160668 0.2909661215804592 0.264441537357899 0.6203843543993647 0.9088718990869492 0.5152756494627847 0.43069553174601194 0.0698833355755607 0.7631916132983828
0.3236839609396167 0.4959523816164275 0.3506332731725045 0.3773991593987329 0.9861741673735294 0.5470040375686769 0.06306652102189925 0.37120059448225295 0.8223901610428749 0.20988245855415155
0.18505859667834745 0.037407830199892134 0.6253366932723515 0.49819015253950716 0.060284067981621337 0.9979247639517445 0.052472423051690975 0.7635663997282656 0.5781017414760339 0.28524905380504195
0.014743987166209949 0.15896412238791813 0.9939742105498182 0.4481518621500524 0.501335748392981 0.2842016022927458 0.5122786048028745 0.42961403858193137 0.46638638186657133 0.9732921619835309
0.7074664901221749 0.6457591544478406 0.3736502785211786 0.5043441602142812 0.0948831340833397 0.9064398249710844 0.7460577609844825 0.8653623855391488 0.6791571808023809 0.5612961559573001
0.5993554821009833 0.09307141668743768 0.10592376603538223 0.529520517115121 0.952484009957514 0.11692032366949756 0.12174580175332672 0.67722600228227 0.7020769678415163 0.9867170886198893
0.4074490331625835 0.3432304497152634 0.02444218294903233 0.8398804047222962 0.4916889639891602 0.682231930233991 0.12561207082743697 0.47308545422563564 0.3744185348377749 0.8937653909287933
0.5985267513948392 0.9231193940933302 0.6940275197084981 0.3359947551220611 0.8661406321387689 0.03305093457665098 0.7572756825253322 0.985308019956965 0.19021881195918577 0.5823584744158992
0.5177438502617336 0.6958479204088767 0.5078170525497624 0.19344892685153436 0.6363781853797965 0.23752398130281693 0.9209150741606154 0.8920397293683117 0.0868047914661576 0.14671620750280312
0.009399958142157216 0.8951646150123762 0.37844288693369754 0.010794836304772626 0.26357237876977424 0.928103557527606 0.36204721862634737 0.925744316399907 0.8395757448876869 0.13032565290131604
0.755160837155843 0.5155939382539922 0.5296241872600329 0.40057335270787675 0.9790618868310922 0.08302172532446273 0.3086322133753172 0.8525051847176836 0.6341391137354038 0.1724117826693642
0.06982547141589046 0.9048533439120349 0.9572322434105026 0.06981001772632289 0.19413850858399817 0.4138412990328749 0.9023256270503472 0.5386367323782261 0.41168183988297846 0.1706462070068624
0.06508414340069857 0.39567874950923687 0.008287672733967244 0.032979239742824795 0.5320728638820035 0.36879782543890016 0.8061195319303113 0.9373965722181892 0.87710286452476 0.04595642482781914
0.5045581527772558 0.04774271598438673 0.9499973184243767 0.6245753345851316 0.9060523610777597 0.33516657016947415 0.8071738368250732 0.6009025713708648 0.27135016077850205 0.956440358743999
0.11879030487966646 0.5009859426907072 0.549501873780945 0.8998497715286183 0.6538028948598877 0.2480072525007142 0.5102536981332997 0.5017136885366904 0.9921369821449983 0.7851482252860865
0.8699269324864011 0.6016298343496443 0.4422727283695408 0.12882432754133222 0.34660391090718934 0.3008329324564474 0.25289917312311827 0.1140351332619679 0.2064191596125562 0.5155899534037494
0.5988915851943215 0.7117446709249314 0.2699803711756824 0.7763467793045145 0.4947190252288891 0.9476194871665873 0.5364201611967357 0.01337949264159155 0.7424904627651765 0.13211538581832372
0.5523066296512592 0.3909923142391011 0.25719887855750456 0.3238187515485784 0.4036171083247726 0.6048438727295761 0.6283251921265197 0.6911117668312131 0.7412057776609638 0.44077161653383834
0.5748144404403248 0.7116454062259964 0.5636727813479394 0.8085243257699978 0.029539419844347048 0.9547676823491659 0.5762689374552412 0.9101009713158176 0.9497168787234073 0.5289691307792697
0.8204463197276621 0.6799332836740023 0.591344973715306 0.14457109384056588 0.9258923816587374 0.14293918632113156 0.9085803289976099 0.1412970669946183 0.7753608197656338 0.8765120346489659
0.9430757889932756 0.7610306285494526 0.5923398357652601 0.33380107629746136 0.5536512700309469 0.4079783681051219 0.46257444774288026 0.38817664523725304 0.6032714116625264 0.6316196174497444
0.08268620838000085 0.09256259864104954 0.7681555548269174 0.09223932190771766 0.09261069663533661 0.31235873021388794 0.46294690367453184 0.8245040140616452 0.6932986847130299 0.5869634272261179
0.9862197676263257 0.7014554130655049 0.3771046401940008 0.30244685171326213 0.8822046078839529 0.11945986839825729 0.5055119123149029 0.01671394720297459 0.6874628954419879 0.5740661124847353
0.1573209392170929 0.5685351671453169 0.685344813667705 0.97738741984371 0.14015317730548482 0.423112256557188 0.026414738574684904 0.27953942217753946 0.3091002228342884 0.5593854872509342
0.5896309374248238 0.19982731186747593 0.36857387540374054 0.08807759841253071 0.2569171902607882 0.647791702729448 0.14688986040077512 0.7045088497669114 0.8528659981707135 0.7198856272977306
0.9278437497043011 0.026506770994968232 0.8616646087342411 0.9944693423961789 0.7995155009520418 0.8452731053263827 0.1749360843798876 0.2159739399624272 0.13776375992429857 0.32585944005149214
0.5470398514375784 0.3584985921608749 0.2803495969828246 0.23394250930635274 0.13847758484019845 0.4897703885169449 0.16735421152847463 0.3368785951672725 0.5134015315629931 0.8183096861920062
0.22453304363195903 0.22955583859994666 0.7238241404429887 0.7998083035431072 0.04847416591824516 0.9693526931731156 0.6609796701551618 0.20314140066977004 0.5159064406092081 0.06954893016749442
0.6833895308786199 0.5920984756948204 0.7842284844212443 0.5968254991187042 0.6415351474946455 0.7658326547089392 0.2763069812859438 0.3460283019050854 0.8106430864611556 0.31919149911757627
0.14981866882806438 0.3241598178263191 0.9159397619151263 0.6335069859710266 0.9398873347247197 0.06560183464109814 0.3888332802581148 0.2890859873444266 0.03349381395980866 0.6218616107882561
0.22783282876452116 0.1025564674408147 0.3851127709387735 0.4216726915116008 0.35461650053100346 0.7353896546892212 0.41525794677188355 0.5810706094662533 0.15351083709059 0.09433108422463221
0.3470926790896596 0.658103176231447 0.9617465022003469 0.5501387548659095 0.3309900004224232 0.2931235993811748 0.6382060446070121 0.33793996548207317 0.5829029896843698 0.6531541179160932
0.979981440483385 0.37068259418321614 0.41963240723812734 0.10759671701926532 0.6789107296862285 0.09657079582234351 0.512555345006341 0.10260662553199673 0.7143642163861506 0.9620392145405203
0.9011051327006137 0.7727331947135422 0.5639029287809566 0.5037333467915165 0.3082695958969295 0.43097219451138935 0.38003273172428764 0.0861285835946366 0.08260073950529234 0.7121622622272891
0.3291301023491947 0.8258337284533632 0.6547059087060081 0.8096972859029687 0.6177160888281349 0.299289364971587 0.7409172814641231 0.9418161095847957 0.3416071462804894 0.21748536874526314
0.652812278217304 0.9112690236959766 0.18507325065004576 0.3694857027506092 0.9784849515803885 0.38095074653617633 0.1699844989942867 0.7859631045450264 0.5899443338641599 0.27812772090727134
0.10902996546146959 0.2546101005450708 0.40074274017446065 0.5611770150009021 0.15244314118775248 0.031206578394646245 0.5489131381837884 0.4352931408391867 0.8342707475292497 0.833288970968567
0.7125216457868857 0.9874082827808729 0.32207252897652494 0.977779227959265 0.07861760405538376 0.12561009233907328 0.15304174031040274 0.8295966303370659 0.08109027005466685 0.6546307992161826
0.5998874154901773 0.5651889951121488 0.3989175798474477 0.2965200345003185 0.9514207990694201 0.6230842622413146 0.8635194063422973 0.47440299520524565 0.41564042868029993 0.11297721308730502
0.862403834138919 0.7172647739234783 0.05721135706483427 0.8855303177443682 0.5460217140937454 0.6149902074513353 0.16658609963266002 0.9269818060411212 0.645721458526047 0.3554286096023507
0.724615853415545 0.23581797431819862 0.9929225596957193 0.009040699575270872 0.17435281426057436 0.36318090928736957 0.8931025103976613 0.8917250160042073 0.5408452197384259 0.35434668006779346
0.35291883852473127 0.5327095866161752 0.05007900106914509 0.9155235586370182 0.7847645557518098 0.0019341821561080774 0.7898208071647319 0.24838329359799194 0.22028116606429626 0.6101367665280353
0.6279696329867206 0.14415314732525863 0.25283106059628846 0.28489790708844764 0.5581246324286385 0.609759674708113 0.8986565284362631 0.2471849362027677 0.8774295571189092 0.5104304405182244
0.3174301345438436 0.9654774914448254 0.11835464501040172 0.4563225566445912 0.8651271602122256 0.7483443842233874 0.45392945475002466 0.4351621215532907 0.26562761239747 0.7513816695017721
0.3750407375652737 0.49854217511706145 0.7821819724392115 0.620710213194889 0.7987613254269003 0.14644092229795003 0.145850969886007 0.47277012454987477 0.40827835808285806 0.9226858647877213
0.6552569022426216 0.418938929725596 0.9478389919761492 0.13350418349908755 0.30046006679603643 0.3835391773944189 0.40023542365629716 0.5319627780644458 0.9835003504784263 0.5350898835432361
0.45970058734503183 0.2730164579233906 0.9091213552213157 0.2531960477438565 0.47968916333797573 0.4370460635673531 0.0014198925330795031 0.18725865028069055 0.12286878088732711 0.9441827562915602
0.7656413003065897 0.6282275406367409 0.2697488656326178 0.7373787857591652 0.35906670441463373 0.1109077425581253 0.3527252057954705 0.6990986970075698 0.7609156735587569 0.8918696098295008
0.1739209718399436 0.8846697368445496 0.8384137029690051 0.7068016321377453 0.4380552699834491 0.3047435412874485 0.7946508013783607 0.0011842388915613844 0.685672826073892 0.6699854894840096
0.9535839541235825 0.6494518924609729 0.04741970036300791 0.2230227397672856 0.08851294459664227 0.03034950333431874 0.25665100908051386 0.02584478927344458 0.5325852064310933 0.20997887064958698
0.6555089655647537 0.8452659349420283 0.12336234615654196 0.8990693215756987 0.5087107380448946 0.0847217323924977 0.6282072900804386 0.7972961080625539 0.7996367705845191 0.04758675494212705
0.6732277576444357 0.9150091976510648 0.8249127586981121 0.1853639093291971 0.3557380821852174 0.4715237918302192 0.32652907388037755 0.8835107974850179 0.6586781382731892 0.009163845074013244
0.6046435339117544 0.7683315950055595 0.5051547859672324 0.43353741920468747 0.039564768246606596 0.48027778933120635 0.7922474487820208 0.793063538650206 0.7180152668497106 0.3521645610924341
0.02544647051485649 0.7445579347963165 0.4066241407138651 0.4552243722360072 0.2385690177869213 0.8167246887670074 0.9447020769548226 0.03158244927722431 0.7287242089516206 0.7796897833054764
0.23870166258381287 0.41865380620051007 0.7618754999046693 0.6562516414242674 0.43236841235469325 0.18912512481057153 0.8117750373663831 0.16931275783988697 0.4994390832864084 0.37959854182392405
0.08352100004173735 0.7099954443981762 0.4598457710950795 0.3616392396682835 0.04271610959334604 0.23223424288887617 0.655735163101275 0.12088215372654676 0.42218119690661227 0.8321759644053458
0.040214701404257314 0.453017238390076 0.7104050839287612 0.1545079183093917 0.2295884431144648 0.8598871456390577 0.4393881071920507 0.18287372895839293 0.14894725187653313 0.7345950135796677
0.6842632137301402 0.4178251881189776 0.4613290521758858 0.7614340089908714 0.06305550975030982 0.9232976319110165 0.612267206856741 0.3246145111830233 0.1821671407319101 0.23138569102319262
0.2443959268769771 0.11917887260769666 0.9116513508329055 0.635234675218174 0.9408835237830567 0.08815761918915443 0.09406597478203416 0.9711529106035234 0.7418158242935095 0.27193520730742327
0.29167332108129296 0.5935881615808255 0.6442537191741026 0.1489573492976306 0.9589795619759953 0.8804015624682332 0.34454007883000326 0.5713260810888747 0.9910840370987326 0.27091057755607895
0.8105332831193469 0.4544928016594021 0.9430344429362727 0.5354623814114299 0.8817956393728309 0.9671734196297712 0.3413617575194132 0.7028372167237568 0.9873672207582599 0.0857741234007624
0.41619361928054677 0.830571276455434 0.2436063753414004 0.027030059983279786 0.2708232824719332 0.5933270283593728 0.64868041900542 0.2532234369469921 0.9753363692564441 0.48572836506302464
0.8256413145043583 0.45626141726794767 0.3218748992979865 0.2886167635562862 0.7826225421262591 0.17005856725370072 0.011344595664503743 0.33147387674638495 0.4565454062694343 0.43508245538284895
0.8548478520600009 0.9987949564010837 0.3858239681561292 0.24458505967466937 0.1678514925617619 0.874486593821516 0.717909823491156 0.33895666978402916 0.9110746521839908 0.8959014321653443
0.899119281880659 0.2828034442340821 0.28930934914376394 0.897911260741398 0.8170373741533141 0.6587630192232394 0.45786211917550534 0.9674593048009359 0.8698939795533193 0.6427375733080735
0.7060321953410122 0.10032145677111315 0.42265983480472924 0.18713717920891715 0.9880179232403508 0.7543451184490916 0.37621111713500044 0.5318903849864544 0.9538700255712729 0.027223730138857594
0.12376293356739432 0.7873934787734995 0.6965863920880973 0.35190367056732197 0.997873981914614 0.8892333736049586 0.27617037223897645 0.7990096895917342 0.421675667935673 0.3114335133274154
0.7074500631774059 0.30321383448608663 0.3695810499089467 0.5431360526636457 0.5056839728737148 0.38926197815012376 0.4155800651652386 0.4830478622390678 0.07245342168402025 0.2634112856999259
0.6013294802641301 0.5866415351596143 0.17407039935661783 0.45732053441688036 0.5915973775664393 0.8130171944937964 0.5157044784360132 0.5639748594869128 0.10122331219940917 0.1614945687037197
0.9466600280481619 0.9890153121043128 0.37560745380012317 0.8624188706961656 0.14571121669299847 0.055882317501255385 0.5858428317824066 0.09232835161513075 0.7301286737516116 0.2494719003880974
0.3599570773249342 0.4205452875156649 0.6080085098598347 0.8605420795695525 0.31333110271321585 0.0624161022849693 0.050740960851841765 0.8018959549807628 0.3642138715330808 0.413840557127906
0.4009320696249541 0.9074072273267615 0.824354195461744 0.2723940879824759 0.5508190004328996 0.596243024094927 0.7401217042846194 0.6122611493532145 0.32719565991319366 0.38717758341373465
0.7260909524734436 0.7733617948223044 0.7010921561414124 0.38167982074995477 0.5809140796185457 0.4494673945185037 0.3039278008671339 0.49949668696244687 0.3044089951512099 0.9157660568250954
0.0765846091602318 0.9467432350195739 0.7451417399233795 0.5232516163053609 0.0038240119823089724 0.12404952124483726 0.9993829816919363 0.6054749077463213 0.7936966466204507 0.9411034133456019
0.8551706161682481 0.5926093977294611 0.05007133270035391 0.29396740442944946 0.029311337197764464 0.3084478171433568 0.9561361379470235 0.28283698244848166 0.6805064463347004 0.13786021890081734
0.7377008045070035 0.6004462644002476 0.6983878004166495 0.9954081861144773 0.20735630973064256 0.40511693122429426 0.5661022667054839 0.8002235450268878 0.5040244814756545 0.9074844627126305
0.17318397127937457 0.46792471202567776 0.7371560675542637 0.846225146202561 0.8158052079092253 0.2672568640783687 0.6208133611085632 0.0056466941148252126 0.7630992408405362 0.7573075200107529
0.34009932554421995 0.9367938531841801 0.19109848000227925 0.42056161101866485 0.8308719455996217 0.08375974673007336 0.9899342058342493 0.5377256482087893 0.37340921209470745 0.5881826088343255
0.935295164751204 0.8121636195778946 0.901666354362005 0.14744689519695087 0.9817437184840964 0.7449518366785793 0.7119938882070657 0.4358964317479769 0.9833400048709315 0.7859739565160364
0.31866161598824816 0.7634067044126522 0.9761263219785783 0.8421411100965528 0.04825967552928001 0.841952022236713 0.26737507077460987 0.8107367570043331 0.5910250530354647 0.7583429342201959
0.9681055591499199 0.42404926063993365 0.1343682528888719 0.5100977125085044 0.2782261129883782 0.8408698937178167 0.8923511419341046 0.7514513301349612 0.787760135735488 0.10109746039139622
0.8145938493726032 0.7177938804222979 0.292965428632987 0.7716051802244576 0.00906509668909039 0.6493700426055768 0.1427587014311531 0.8546894598442134 0.9454368276677096 0.418859699457127
0.9287076999482341 0.3048340232201878 0.8191605959246332 0.4824994077505086 0.4109557607292782 0.30518735597501556 0.5511498166860902 0.7206927867141889 0.9327948940324511 0.7920649336226593
0.7739283878515061 0.21159791402175232 0.21820472261982515 0.5839523343090851 0.8123327648344244 0.4899677780538141 0.36952677863056027 0.8708990122386614 0.10533169189697555 0.38355997597827096
0.08654471290596943 0.7508566143144677 0.7352529909952569 0.09072008671196319 0.6135928525702907 0.9614299913814137 0.7316851539279114 0.7652823917746452 0.6879169272447158 0.9486728609887913
0.5995466418349269 0.5087213438847568 0.8103623425376221 0.9389744936672421 0.08429289382766514 0.33452511299815757 0.4885672008179712 0.735747224919851 0.5319578187678945 0.3660524870530284
0.7131883255613668 0.549539454446301 0.3277025290171056 0.2566732407126837 0.8192907888114038 0.28836231093675235 0.8037713734114089 0.5797808082708917 0.0578822787206702 0.3844323169427897
0.696231062857694 0.7263058390897057 0.6566756983304165 0.4141965431064758 0.6995960148396827 0.6686473379722455 0.8845151377970812 0.48042080499829065 0.9194190372392441 0.8024783240226294
0.6505007670962417 0.5682855928933048 0.055153526305838585 0.9616707200570135 0.46670159106806697 0.8618480091535488 0.9590691735663779 0.6166244278866538 0.18244480719974376 0.31289288212836297
0.8117308315983424 0.212573767546529 0.7585231907747243 0.5911094941047741 0.5305256108736813 0.5819839539479913 0.49126307631115973 0.9126948201561231 0.18495071615076897 0.373939160043666
0.5192470457134648 0.1438983793366202 0.1308503750655 0.4834628654770684 0.14958720835885142 0.00668725781391033 0.2955177121036153 0.5350002711214501 0.525996206475648 0.175624750790636
0.546552718623804 0.5768314983864142 0.42750497783400776 0.5482193913059685 0.35959536221894217 0.2769735049193629 0.5345277691774611 0.9954156161416634 0.0635282851550264 0.07616759891005775
0.32807608188843396 0.4545613825612749 0.7864710663727518 0.949838524951848 0.8982754872068522 0.31410173918923445 0.8518637604710473 0.658450191211977 0.3299402175248214 0.6574119365872526
0.7811647031741425 0.6244722701204914 0.005812343135112807 0.08259742437541262 0.24816352499097172 0.864210507053847 0.12217364549721144 0.495751990649857 0.2996374316018251 0.7240434166058658
0.9468901608925571 0.4870798030029675 0.9080547216675143 0.5231463474880756 0.8665506597820807 0.6424508824520561 0.4542568726576197 0.5885732923892228 0.06721197112621502 0.4173734760984886
0.05152645701251435 0.5836061161569561 0.7723659381709242 0.006031263899888728 0.7171747555525537 0.476569403891121 0.32209348713267094 0.9749470878460725 0.27376009331777873 0.9748486333936048
0.018974274801149327 0.29899891156128544 0.5192735637013077 0.7576382296776858 0.589170126990279 0.8369280645157975 0.6441062527882286 0.38098514206886624 0.3112038713418328 0.2141436929562529
0.09233807877611189 0.2999829564338512 0.3503054996996351 0.5425413701063018 0.06586508190161267 0.0555097261385632 0.6027993225727057 0.4002180260481233 0.6521085741626804 0.3066931027269215
0.4028580964303402 0.018379206529676617 0.11952616412156669 0.05532420265798477 0.7730506742385943 0.6783990538215665 0.2698712654966411 0.1047314300883222 0.5104618439126126 0.9089071593807009
0.8621239214731243 0.523164147802247 0.2917647708740668 0.19094061054674438 0.030242896282917986 0.6405253477071979 0.15347720891772154 0.5286136947668869 0.3053651091742964 0.8973317674821307
0.15773523422761426 0.4234216262984002 0.32280520783755684 0.6860681283073403 0.7892690100546988 0.5022089031221363 0.5451845791089499 0.1776423848527383 0.6458670292097913 0.29199678555894104
0.3652458809818061 0.009436940335428412 0.28246694782446646 0.4092786578729962 0.7653853873433827 0.6264904266679304 0.6481121591603222 0.7370558406051471 0.30566210850987807 0.013633513220963511
0.4153655530512208 0.9998007777843103 0.5880196971433062 0.5339412858971102 0.6433727826347261 0.5146981331150436 0.5016827674620116 0.5976537777342087 0.6386193932688576 0.7969291894899002
0.49316669425466386 0.9257553970427348 0.5815276304037927 0.12742792748244747 0.8240660580294185 0.243692871897219 0.47238991680731335 0.15345234375894667 0.2807636604311943 0.34325062590363764
0.21673833524142738 0.08547754885997738 0.08242827264893027 0.5843914595935045 0.21810021374085997 0.07833233648912141 0.7971465039285501 0.07390924316731706 0.6751918437668408 0.9401639666709426
0.9207600182215453 0.9540300131017295 0.8909540957949733 0.3997306974044954 0.3989561090147229 0.461635948654724 0.29243493432073553 0.7806854068289697 0.7803867098526829 0.6775770290507339
0.5333753943942011 0.08092734960334036 0.8770665424462614 0.17557282071993174 0.005457509330364152 0.13576416239700007 0.7780286979234488 0.10149737453586272 0.31952394600287415 0.7555388146925551
0.8131915460152596 0.5663777842880916 0.8346804849774347 0.471541880450716 0.5966181225622013 0.6202273661932408 0.1110446482288272 0.7984420548951281 0.5918255244799572 0.4888725837927661
0.24100476035922402 0.7271333682181573 0.7365280882937197 0.20222232448656308 0.3742054672461075 0.49881007902142993 0.5401752121147658 0.21996684704546288 0.3930775285411291 0.5792456507460022
0.7248708282521721 0.16948345187219527 0.6185809513701869 0.15166560683319896 0.9187382793466312 0.35076401023162385 0.6299320764148911 0.37726785377769845 0.13052096482524222 0.2344696504372873
0.7674374219143024 0.13435913475785355 0.7351853085827024 0.7817558316269236 0.654157373013625 0.9402388601607526 0.48252002202555455 0.04830110532495091 0.1199760906866365 0.28437742181050885
0.604200990914286 0.20001137598684093 0.24075371985775784 0.657098335820109 0.4395187211398499 0.7641604358057196 0.815590238004056 0.14488896964933262 0.12594135278166718 0.6672670854446489
0.4968306065208189 0.5816280661643433 0.8079128796759233 0.36979793483553747 0.9602929166489617 0.8944324038629078 0.5057627078225819 0.19782373691439992 0.9573032163525373 0.4634891468075375
0.25632957181764826 0.7930470640379447 0.8254712038862568 0.027154293162333976 0.38787891202092506 0.4551569241857941 0.05174365849296325 0.9067618279125326 0.8241196609807397 0.03425641947690161
0.779123429714084 0.10000242533544379 0.12560314636970038 0.9461471552801489 0.7275432295540399 0.09739393601803426 0.5715127740837161 0.8295444916201112 0.8597356642356587 0.11328103938296352
0.9608303804817032 0.3418357934724273 0.26454193756453326 0.7909642628733344 0.9690912826121267 0.5987834125075406 0.15295334843346686 0.3409739507376084 0.8354167637136827 0.8036131635165408
0.5662816139064877 0.5021672549250586 0.8742392930352795 0.6822179017662934 0.38120486532321507 0.6772421956458107 0.8071122835019914 0.4437450142259802 0.46303879368505363 0.08742492359312315
0.1922229657843776 0.11962582055336779 0.3664328240100916 0.8155020347555237 0.2927029449260481 0.29914357699060534 0.8117936679081095 0.1620326899599236 0.5695585751332308 0.4759263588029413
0.2760896673602128 0.8264899792427031 0.6110185951307843 0.44728958274499897 0.42829116125765554 0.04324497225122803 0.7173242194085181 0.467142421321907 0.8125534875685207 0.9517205975635219
0.5484626689761433 0.14321136521050848 0.1363508039078538 0.16070707327060463 0.21207178013528205 0.39062297733998064 0.7561207273912333 0.6787440567375639 0.9197203893267334 0.10642731606883338
0.46958110099439854 0.1256395412443082 0.871995121501019 0.6134321998284279 0.5217316587746926 0.4146087613682802 0.34630115445732224 0.3367580061537936 0.8106552544546101 0.9001810322472295
0.05601100208417398 0.6228111815454681 0.6395849366691029 0.3239361858669847 0.7255718322517877 0.08791418616507674 0.0033038439853881885 0.7582964064603789 0.48340869768098504 0.39261864434047533
0.31979787226764234 0.14801358346163906 0.11293698424385579 0.8777668990342106 0.7221812696843521 0.9796557511543819 0.42172487423171345 0.06965716628251017 0.5112679411484801 0.07131103415735296
0.9898222548895028 0.6642059546994616 0.13576188349627127 0.4678909359895852 0.34049968732846003 0.23379048632853328 0.11489261014443675 0.9518291038257157 0.14011737380244538 0.5654931111786157
0.647422232050501 0.7346359523207985 0.3785705355468961 0.23575889538457517 0.26130305057188286 0.48168325621492103 0.6077346263629851 0.7540160115306656 0.7498654944737211 0.9407570684025636
0.2225595707439808 0.36659853424553357 0.813268352257037 0.09433143161883173 0.45793963531240445 0.4023493770575536 0.2780444558073061 0.93617923844749 0.2442115341250215 0.8625709292640377
0.5029264392906093 0.6848508371393973 0.3151101075775028 0.8105294988864131 0.595739375285105 0.48971489429109805 0.9942376561437032 0.9995089960159832 0.3639977878588908 0.4596702952253485
0.8995790983648275 0.09344834201894348 0.5009467995283167 0.15030152036280509 0.4003223455006343 0.7804858939672441 0.3691384227537138 0.48216460520351156 0.03621910987086063 0.05727366906680986
0.8852356426603369 0.4310541332659138 0.26694866607435475 0.9707127910458081 0.4325882854588071 0.7305166460874781 0.8574230178541719 0.1438010283731257 0.432226859069744 0.25753886550056426
0.924698887466102 0.4835719285744243 0.1882711747434871 0.7342541596677139 0.17313832968031428 0.5716444831254882 0.8903529339667515 0.8716741546121191 0.12668641346608112 0.3716912168313641
0.2035027177396571 0.10586672610100134 0.2306108639430201 0.05317157598333355 0.7050532268886527 0.6326654467262969 0.5397753517707956 0.9269665207263827 0.5384624755755099 0.5339099082562045
0.3364942137114413 0.7160895175837928 0.045561922290806134 0.406380042413398 0.4282437833900248 0.6434379925193562 0.8115864105739059 0.054002173891800176 0.06398098664944585 0.10858826481217076
0.5114440933874653 0.4845678671830642 0.37754734525029165 0.046926573815775474 0.1810360202544995 0.664121370756484 0.017612593838647217 0.41694705251813147 0.054036983556290274 0.2253350255199168
0.15583893856424846 0.6453372398334108 0.9024004322028101 0.6006065499528145 0.37842321547272617 0.2745106629619033 0.8979519891191015 0.8562756748923537 0.06090122862688707 0.5035346685900728
0.37278762348427885 0.8412718157976523 0.7020746332983395 0.790941378273399 0.4977941274377493 0.13166911589775376 0.35014781566322806 0.19669813897478117 0.82146106611709 0.6520380347722633
0.6926380273567506 0.6806532205835286 0.8152549137219132 0.7851480149559797 0.6013496753331686 0.14606160112259037 0.057177954831215905 0.24348902964177788 0.9246789426137366 0.6193344772646633
0.4517351697173837 0.9692439628104312 0.10174281557336962 0.5909453579769315 0.9323855197931402 0.8537582925025498 0.7363017838022294 0.20746492967501495 0.42165368022106164 0.12321685894324652
0.6131735472161854 0.7009852642068176 0.4344313644568818 0.8241524330551766 0.7658100068123432 0.16973386480027675 0.6015982578441293 0.9605740792947438 0.11093776955093382 0.5824661868365772
0.5639441151539378 0.4839178205448166 0.8546382531945346 0.669265340341351 0.14047534803646577 0.5176860738558939 0.343970005165836 0.18266559650255887 0.41054103038792245 0.9105564345008899
0.2892127972762242 0.8655567006851246 0.36581441441879536 0.4549041503582387 0.31403921853527383 0.34611360901137767 0.08601825294949317 0.8820973156625724 0.6043963959954358 0.09503679195537729
0.9713831991827387 0.05158706827830528 0.021606832315730795 0.5266759347100151 0.4251803453667603 0.5877299078936531 0.4211737991930713 0.30315010454878044 0.5212705977941563 0.586442668767508
0.07600383425403079 0.9093657051650534 0.6144651717863822 0.9132053471970348 0.0412344202493089 0.6068729262746225 0.5555926988675676 0.04459048672175425 0.01758296236594714 0.9457905676061309
0.1585205060302204 0.3674121599958048 0.7711080448261349 0.11656790586657217 0.8329788700080691 0.34275193568019546 0.4495021236813188 0.5571413817093492 0.844888525780305 0.9665324491428964
0.19851007015091537 0.39608334095311515 0.49499380556698536 0.5139742278341749 0.32679548869916 0.5086285142949468 0.6169544310759538 0.6421849329687189 0.8935525623849493 0.19000329968233154
0.18765176890715962 0.5432940908445931 3.884541018038812E-4 0.7092722676806468 0.5153155184391482 0.9899611467967775 0.25747712532301115 0.2969547187242956 0.4251795933246335 0.7957478088271931
0.8637126252989258 0.44095356392486107 0.09772686685562426 0.4247607326524039 0.4915660840346613 0.717878130739149 0.7311841303302399 0.22813358214875645 0.6995772274173202 0.7706309364134234
0.9977800488841672 0.059332551277714196 0.9088881629578472 0.4581678734614856 0.3423810596151423 0.8259327557454579 0.07495308885669782 0.6496305843233814 0.5324707921535691 0.8724274155180437
0.06153485658176905 0.6125881727187797 0.5100408313602346 0.956795724341854 0.3813254048617025 0.45391520614139425 0.518812265290061 0.9829690078296222 0.40600370948243536 0.6118714358222317
0.6843081411233733 0.5819994144590406 0.3682717158030555 0.9692381219011079 0.709649920985257 0.09664905664522139 0.47938491991472076 0.7599047825693152 0.11655117735093212 0.5172816971050379
0.2679211362546736 0.0750889740117564 0.5088342945759412 0.4413530586760557 0.8090073719656421 0.440411411066722 0.6648970640993934 0.18446002591671196 0.8579512621090879 0.6313371065604334
0.8759078324067663 0.7578229571627952 0.028200383812794216 0.6220326840519556 0.8381092547257286 0.5452395875910632 0.06077881416975295 0.32147900981782696 0.5804623048093862 0.1619626533720383
0.920827448456015 0.5407173466577548 0.3629638877281479 0.15861792409906472 0.9266005572212801 0.4563959819839255 0.21632281091386807 0.9451930519237475 0.36724820231215927 0.688324185980693
0.8102805699233285 0.5532918276099443 0.09794030714702617 0.9925282384412991 0.6357146693555831 0.6292625544988986 0.4143647564800169 0.48634435713361945 0.06476435227254307 0.3564730727383181
0.10335879606306952 0.2683719260262639 0.7135694479625817 0.8419194268413627 0.9424090060448665 0.27364945517529005 0.6738150713479514 0.8705188838996188 0.07798228999439039 0.2132050267163772
0.6021265233442016 0.8298521547689506 0.6511265679419618 0.4871718332683348 0.36045995003355114 0.03878385884842017 0.7585061851699064 0.03194851138702215 0.8859861328932694 0.6753042066570559
0.33801428312340587 0.16442320920600706 0.2355663084548827 0.9920990599205843 0.8503301703661729 0.6200690186081731 0.29777049638716024 0.5327693106592464 0.6912669409982936 0.14675799360363817
0.49449013717095114 0.6172850462078976 0.11448075669330571 0.21242936698003667 0.9045489622494948 0.4521735672706928 0.07008982661444829 0.6122874489504645 0.6333168993347255 0.8391046699448319
0.7719778740116466 0.01999293010949832 0.9251837184048352 0.6049506172574936 0.9950332626416948 0.8173509712567214 0.4698510216608316 0.557062134664614 0.07330144713143627 0.8582883540894259
0.5887519557329348 0.9794161334037199 0.32100532194190146 0.17545073015154233 0.504510120531835 0.42845448858152724 0.13061422630092034 0.021540773242628153 0.6942010911101283 0.8618478486486585
0.3156190243467646 0.05255602622177935 0.40628016231140773 0.939081804887471 0.3603974631379908 0.9063757581233594 0.7813932435182196 0.6696775008247872 0.11553029028611494 0.9076834300839327
0.6588879990765488 0.4530223192772467 0.1341552520253685 0.13900229309920187 0.07369477299633354 0.9532006756009609 0.28342283822784964 0.657659054528725 0.6523475309912153 0.18287872423653395
0.48484394185991575 0.2097809206486687 0.6022678880293719 0.6322111290070197 0.43829627622052814 0.39496932970430987 0.7550353926411504 0.2719019276599285 0.966683056574275 0.869083610467677
0.17221990018054067 0.7839655785948761 0.18171373096192767 0.837606252698042 0.1514529435434876 0.42939851258590644 0.016003659934842762 0.7883510211336606 0.08076667707617446 0.5488853434466194
0.7926651976293717 0.1398135783403458 0.48083040799685395 0.8108281385608634 0.4107906700895021 0.2402541669058862 0.7475666250589641 0.9704010679538516 0.4137027229271273 0.9426401982620919
0.561729564505941 0.08399708416618978 0.6765752307324758 0.8018660605531935 0.6673812087254297 0.8353467382154399 0.7010040292697796 0.7932067354447632 0.7378011950247142 0.8727542978803994
0.5363333835894035 0.33474993500579386 0.34521839081781025 0.8313092185273205 0.1610204913912051 0.3115919812744298 0.6298537166039722 0.019596104656208868 0.7520474396626463 0.7458702480216948
0.12411534986349915 0.587339717977213 0.6463657529230825 0.7342450905801059 0.32938885551013963 0.3585858683293629 0.9555861076754086 0.28323272248709874 0.0657164045467804 0.41443322835336693
0.7336015275319161 0.712829826391382 0.31876103227016395 0.9399948242943226 0.3165597995064232 0.3701594998814749 0.29380282258096235 0.812182335929619 0.9555764474754161 0.4974074031952549
0.6531165188750738 0.8980703453107127 0.14480717850436797 0.23210597990161408 0.4609303611092732 0.05801151539110572 0.11097439240850215 0.8828637063369873 0.18926859701281806 0.40333799643667745
0.7751694226278256 0.8199252375108544 0.24833107484158845 0.44539836061697746 0.12372870519215651 0.5474876375105979 0.8966649499262939 0.3908433513803925 0.33220827575053546 0.78348664256185
0.05923546992335016 0.9874877935292311 0.17495816874184977 0.6626063714343927 0.5356037030316992 0.005740231739692292 0.2225241430109114 0.4995544764015225 0.3157714130838779 0.6525056386687815
0.08008135183444232 0.9021841469972678 0.23785414472744204 0.9576311104530598 0.4523306686240235 0.40783334196992305 0.019595747400563246 0.4473776717631176 0.13376535437247428 0.23129059403803243
0.7748385499793206 0.22506648249296823 0.11794180616585781 0.15908606494409494 0.4864153744034333 0.9159606417053677 0.8953652992544293 0.10234503277896867 0.5485312349697571 0.8016089962788876
0.6668277079893449 0.3292308153834401 0.4145534632839334 0.8682912326480913 0.6375108174167209 0.9380426949218102 0.5902312877485401 0.4248688284659793 0.7768958684650625 0.7033233038898719
0.6977174202725446 0.4072593389717526 0.43049571673379305 0.029869668505807856 0.10236481260021346 0.47991650536872443 0.9516534528253332 0.3833305954747428 0.642124867544951 0.5691120296131233
0.08512713349614964 0.2311121653587742 0.32847346834169555 0.5184794376086721 0.17890732826100897 0.22360265591615014 0.4981436612243473 0.14419419453396098 0.42669045401025263 0.07326672697626202
0.7865451904193301 0.08532836379497188 0.25065781100604967 0.34794788322596504 0.4666023394006301 0.4943323317715964 0.6226860889732636 0.18475773506956983 0.15084345233585905 0.793259947475136
0.5918426833120906 0.7522188805712187 0.5899271861962582 0.4332675945116481 0.5369946638380535 0.14086809010908707 0.3173912617503215 0.8380819243303708 0.6955875313010075 0.24631480522557936
0.18826241455823245 0.48654451937159215 0.33312644705113215 0.12378962526935156 0.43826632873775795 0.3950068277860862 0.5126184435076165 0.2395063189275537 0.7507292291228875 0.09726138397205242
0.7992117358411168 0.021699394773811442 0.9598633258802406 0.5878607719683095 0.3924939183126386 0.12298973499146715 0.4419804878997843 0.5940888310513782 0.11738801398980903 0.8457680240660549
0.9502799086441063 0.9725132829237073 0.4243115506914874 0.25357635029495595 0.6342069699905516 0.9879626699474694 0.050240474603630014 0.5940065364769808 0.25098231885736844 0.7259347091880093
0.27454635392959414 0.7924231030036056 0.12475148380123124 0.9138572915367409 0.7669519234831601 0.9408577320559662 0.23790711308231127 0.9822872249722767 0.8696763686862127 0.9027113115662736
0.949487307251712 0.2840459427303129 0.7818184698440157 0.38143852578492254 0.22715524847917568 0.007455800589618811 0.5212524076068374 0.060179166455150424 0.9521168293623561 0.4692539464400324
0.7277871466466819 0.7093392835903929 0.8104344793600754 0.15342547376676352 0.34106766982256576 0.4804145141172611 0.5195470262824373 0.07411138878589141 0.9376717704309853 0.9568866900324526
0.6554068856249177 0.7839108270765092 0.044083931975503976 0.9168142826142962 0.14349773799804133 0.6233112775010639 0.05570329467153412 0.17677610412918032 0.5560970019907285 0.6126444149173983
0.4867700724602919 0.33311649982160485 0.7184991627172087 0.7248794921404487 0.15207079518645572 0.693979929744879 0.7685176895811239 0.14572990371560535 0.5385096578725872 0.2044113356196282
0.7364347363356503 0.5269629398308745 0.06310961728724196 0.7068379942537184 0.9166691815344216 0.1694666315224782 0.1337335644214197 0.4505375883351814 0.7877856575186192 0.5345418422880818
0.9297924879259057 0.36623637995059166 0.004068064217527478 0.47505138793562907 0.6024338343050364 0.25577035396186765 0.029733367363302787 0.1024727093996689 0.1571803385940952 0.7117809030865339
0.3159623484104067 0.2615640087583042 0.6267153880076591 0.2787067380012883 0.5312761771220947 0.17126817096827818 0.26748869438443346 0.093871319922045 0.24738868424311644 0.9086429514033785
0.42104124862439085 0.006255430410718521 0.6555162262912361 0.06201967802182429 0.36942615890189434 0.9605828942599217 0.34222822442750134 0.060256946267803424 0.9838281450408537 0.2556365490134952
0.8892732849201547 0.3968697891774252 0.2164609174907055 0.13826114508061882 0.07841724171959075 0.210979121051853 0.518048366141631 0.07829801144204351 0.7801812024663816 0.4614397330908717
0.07667203433375014 0.9847363565876797 0.18446875928563833 0.2361699093158347 0.36849411447590696 0.5696545951006287 0.8914238076240149 0.5756190891381664 0.8868411306138323 0.044063885353096244
0.5224614414688761 0.5574747751701589 0.07336089465605045 0.338556146383434 0.9342659794942232 0.28912322520690314 0.41344124164551777 0.0816965860998149 0.8226521451909549 0.8850431920513059
0.377805834740247 0.6403909123705388 0.4885364784589248 0.46822538689808446 0.39317892445465386 0.6289957409885368 0.804868074011337 0.7278750937440974 0.307137453523184 0.4277303444786875
0.9712187712161925 0.5900689652574352 0.875745601600997 0.41598638926293685 0.47183518094777455 0.11370093012900784 0.647292988052732 0.8224218464783224 0.7633057901380096 0.810966978897844
0.24143498013085152 0.3212638966058642 0.6095985758166237 0.2098017320794372 0.43025957822978833 0.763035317164874 0.6550753754989896 0.6250943646872158 0.6162820769697325 0.7179571767729112
0.7801917992629658 0.7861753701417445 0.2720955047656116 0.8315701165579715 0.019942124669844352 0.17997956897098277 0.6573807566971805 0.34465574013204003 0.3417106074805757 0.7124551655538053
0.6612078742113634 0.5133283282683095 0.37704235957131416 0.5652019648261319 0.9310355290805804 0.08020610833552266 0.2809479286260331 0.9299873437086946 0.5445428355754764 0.3938610288622223
0.25270810784569553 0.6407007454003891 0.3564042664409507 0.25128416625585814 0.893746089412435 0.5904733172559069 0.8093445955836929 0.046893429413118026 0.5009865929748436 0.22110212430722187
0.4372877297885869 0.3516496684147542 0.5982225184015847 0.30258314738568215 0.5081396523735213 0.6171351753867318 0.4933613150663003 0.6824708135052678 0.2547223626358507 0.30198913576071196
0.4160253150527622 0.6779465504684603 0.9246022539076355 0.35188233315102346 0.8378310610742328 0.30789196143233744 0.44303266610808145 0.6292533376725582 0.9067748388928869 0.6179274335165836
0.8279575679531859 0.5853170437838743 0.5375030677378628 0.938289976308015 0.6219990703675375 0.19439564719852864 0.5908474619970164 0.032588660916397116 0.5135786369667757 0.9294111862048918
0.7488566983558158 0.7448904993313941 0.007798085357922813 0.3474176357716 0.14565807872824754 0.9332525963136102 0.47743337376407324 0.6753402463713172 0.5498335810075874 0.1897315280048748
0.17537029570711815 0.6386278005299033 0.9105971955509993 0.0900644275738739 0.8220380661945808 0.6593137867184067 0.3779108599131976 0.49063024488320606 0.1948732584671531 0.4650202896718152
0.48577915761384005 0.6959641241752433 0.7415732816220871 0.09672866043021688 0.0483133808823637 0.15701155942927736 0.6148746971656865 0.2806791240937885 0.4597576850931254 0.7284731483353867
0.6838187958935149 0.13855107414852508 0.5125216190064515 0.4130048065171359 0.014943013595126398 0.25011480309226175 0.5513648066070345 0.950702566442335 0.03656351955307369 0.15383414289470954
0.7672308789718938 0.5742147061212817 0.10029084608978556 0.47343918725847844 0.7008297575720388 0.7429885405306024 0.43614680011527396 0.992276705536199 0.5739186730058847 0.6945728712705227
0.5611280624178523 0.16228507696097993 0.8953338041515251 0.20656140678721668 0.0457872892205492 0.7307301563310225 0.8991762315161307 0.04967624447692631 0.16938063874489107 0.3953765509079552
0.7641573446017667 0.23065492432651735 0.4013557013329758 0.6575590087280044 0.2359602691245053 0.27301841444202035 0.8354314179148793 0.3326565353382762 0.22857564354573656 0.46446140202936104
0.6722477049579036 0.4987619395055578 0.21592157955457814 0.21152045402110298 0.5975390122409825 0.016877765190950522 0.7416591710003477 0.38533959215939684 0.43501299736750365 0.13975918588880953
0.1729664554129945 0.8167671343902649 0.7665913432409723 0.14156325762452993 0.9031352667660608 0.9046810511014697 0.30739724339630203 0.34675278295769285 0.5682072902578391 0.6383551489464041
0.6988497780356848 0.4142427945123359 0.4844667071236759 0.2028414908563657 0.0404525493150959 0.24156574495373861 0.43645860486312016 0.735759209335417 0.9193402430867175 0.3938714821309742
0.14930417011872776 0.7345434102328249 0.9163733237086733 0.5338665362371671 0.26443468370915313 0.07512256518245908 0.5685477443783356 0.9313366238976803 0.4044683030381734 0.5961560450832957
0.5497132634209595 0.7646850919642079 0.9608051902678505 0.7273781451955846 0.3950700265192775 0.5919593692547397 0.5666177550604401 0.696259053184228 0.43964011532733427 0.06512644366360354
0.8282648502551502 0.43410638692892334 0.7668872692560079 0.6888970988850399 0.7797597056979682 0.4208962934823436 0.8708841233610976 0.1841885301571916 0.6977736980794575 0.3575361689435378
0.42390357622484653 0.8063530168075829 0.36875878262674067 0.7349254373048469 0.011036699795118676 0.7895901670471339 0.63512378939382 0.0810951287189563 0.9444167893560753 0.9414990809003657
0.06400072815857882 0.9108704194555273 0.30185535686551557 0.2955154646420435 0.8799889867394168 0.17691544477740184 0.14817262962661093 0.6440186008384271 0.8823672816454018 0.32668231033252204
0.49223132597969177 0.7211811369311578 0.9276138329467937 0.9067015973417062 0.9086597795307307 0.7821747169508549 0.69967812298117 0.02381522210892184 0.9104759527496419 0.3341327158073242
0.9132977542039741 0.8723659848232561 0.09730169189860349 0.8143109474235213 0.799756560557546 0.9670234932136581 0.8235821237294977 0.0821760162903995 0.7098311662514221 0.6828389477138636
0.632201896894304 0.6946901589123702 0.9352748609930556 0.19728610105218325 0.9811172824848046 0.06785026183260223 0.39803922642408984 0.9534594720586768 0.8540984502620315 0.792578229950412
0.6855356134191435 0.3192650165909603 0.6914037916836014 0.5693486119603889 0.0205898571545855 0.20435253548815924 0.7021844213120841 0.45347838223364045 0.1463455248318033 0.014703219777272292
0.027643236089694767 0.3617931495349064 0.7792222232419541 0.4741995542507673 0.41245016057285266 0.08142296325908349 0.2371375401032756 0.5231692309794038 0.011640862732455681 0.3427697942141106
0.08555183401468769 0.7158083189074467 0.7112038656207782 0.871228275420598 0.16049797373513908 0.2815537805611523 0.8727863135492759 0.7160297449131836 0.12560843034071623 0.2898882438302295
0.7264265649941473 0.5696192573873599 0.799254464990902 0.16372541962165998 0.7299469436325606 0.2372638789712398 0.8482633417030581 0.12343754913404881 0.08961789714163604 0.8941299928502676
0.08628137643419198 0.011750820674395146 0.29393011134538927 0.27585598811463496 0.5377018548956896 0.3491485950648263 0.9507888266632221 0.48868626386534764 0.6321786188740058 0.40008653404336725
0.4381703385569531 0.6965211969684799 0.3800975701309578 0.4922374137782414 0.8792575332333397 0.5447766379694373 0.14598029177511962 0.8241479711021499 0.7352980774391892 0.8147361967153149
0.6846445617845777 0.5211037702909477 0.8729048911353823 0.4671179859222703 0.43404948721356873 0.7546622385727629 0.3072458554158467 0.9298668275392623 0.6691035223574133 0.3282282669252239
0.9485455140271082 0.21272206081127076 0.012315177048721648 0.24921073657101878 0.586548467650182 0.18989997773073675 0.9700187127084651 0.45771215992714986 0.03607095422940232 0.18226913223072905
0.6170076580517263 0.06236813716480538 0.8364930259154216 0.7916856385638391 0.2877610999261385 0.1458668868670343 0.14902094920156794 0.7926949560943769 0.14904903345539855 0.4458437231871346
0.5277755853882528 0.7705953601151937 0.8265548262671839 0.9912588170399927 0.05423928214385787 0.10989749847612951 0.8372543488485621 0.08003130918965706 0.9193202699681884 0.8835036698426713
0.439642546992573 0.8206160670132103 0.9132702611491269 0.17046931405840138 0.6555003898711323 0.8283743873801462 0.4409172078811362 0.3389982595085056 0.6397462813408012 0.5670032437150743
0.6181522273821248 0.871362377562374 0.279017647874244 0.2559521169326241 0.725335652655434 0.37872562892511374 0.8849800222730422 0.2266705027272956 0.7942643127751466 0.5563909483646574
0.1149624535511351 0.10369297087698404 0.38756834045835886 0.9637781038668367 0.8003700116231597 0.2109832535617826 0.6928825522447561 0.678479303927624 0.19242477725250617 0.15962212834336187
0.8988636302447267 0.07002867075675256 0.24513948508055083 0.6598387133188695 0.4461018465897816 0.16656033202979414 0.9470285842333579 0.2185485248478587 0.1532012169352699 0.3463197913409375
0.3859135626708273 0.5329752903313758 0.4067798736247189 0.37603106491490645 0.18528062352463748 0.07159846050814977 0.5738682099455686 0.13941246859597245 0.18600088799663073 0.5455815877869673
0.5461591233337753 0.7516718233488902 0.7638239649819898 0.7170013585006197 0.8577914194372868 0.13960186864310342 0.97090831030178 0.2646107779652942 0.1318235643816209 0.5819348972411792
0.7687526474926841 0.23353432777839744 0.7052822328305567 0.15090553894685366 0.9802444750135669 0.9322068167074127 0.15864582719344056 0.4735089614330056 0.23014352192501153 0.008031710957797422
0.13285043803932417 0.7397309373534295 0.06616902660833102 0.8326488522509942 0.2553816717106705 0.4250659505212402 0.6569618082634188 0.25836569769783635 0.21674301089004844 0.7659277683543332
0.9485434012138386 0.26921975415644406 0.039567259956565404 0.6290960176257074 0.9274961599410291 0.0433045644599418 0.36486437964776175 0.050132325418264845 0.6869395477151481 0.46740536232659446
0.14337627718946333 0.3807371892098359 0.3204800155831361 0.20065439000452223 0.4647342064616242 0.6813091644133719 0.2796627112396787 0.9708304936038008 0.3830926378447279 0.7225059890630842
0.7220551429320328 0.9050909043690639 0.5051389527848205 0.7183970610937691 0.5499448040526793 0.34633803027562626 0.7948550377322764 0.7038351592672615 0.2937336410766971 0.7870873579373276
0.5191337975721535 0.2899650023554817 0.7294643114743017 0.26461725463281327 0.5093299157051164 0.38432460969415505 0.13651484965008187 0.8043450012890835 0.9460505867143174 0.34578493326773496
0.3993491162884397 0.2727879103729174 0.6879688552978036 0.9596122975512876 0.736313259754177 0.3071321294951834 0.7601685836778809 0.5642270170353252 0.698818524530669 0.8253458942229844
0.9935065946694698 0.6387707140378005 0.22585365920875322 0.9889380952828951 0.9637040201849251 0.16938404794160766 0.9616206451574494 0.38987711072870834 0.3173560702311059 0.15213555296741643
0.7481898527531149 0.6638486247159059 0.29177471771247243 0.6618310799016414 0.19042156294611567 0.6939457437607387 0.7365568336551042 0.01847291642331128 0.45700318234619264 0.062048340625021514
0.22699599471248522 0.7169264412884481 0.029302181456338894 0.4295627698804203 0.9229326343473911 0.9503909244966928 0.9388370317321083 0.08485720741357872 0.6713644507075348 0.7545608170601157
0.14451949577754764 0.9816417345254335 0.4771150062690577 0.026902404548880154 0.09242365217525306 0.21070680992417656 0.8730851790612495 0.9342599653536751 0.17368807503544526 0.996847176573364
0.910088673539558 0.5120445494004245 0.7502595903895596 0.9934628596157801 0.45599942426173545 0.5795478762333499 0.6535383430187576 0.8592426849907656 0.24491523372877488 0.4484620932271953
0.5775856755863968 0.8445000568046389 0.6492684217815923 0.28547649855265356 0.5864075933615409 0.3891443084018743 0.46129126854614866 0.4048599616221972 0.03392837565699258 0.5399357692732989
0.06496987755917405 0.21322804540580897 0.5556204394008923 0.3315859213049247 0.2555973184824256 0.006231966954782564 0.4323581143353622 0.1444286187482472 0.6212632647489724 0.32569641390989945
0.5499143594739102 0.4508025285405477 0.8390935507372589 0.12577149803544674 0.38162133700590706 0.292948130076664 0.45878025322474136 0.5679538713542551 0.9070671346312967 0.2971380297838173
0.746918922066665 0.8673706932614823 0.14630229698127117 0.021922018890560224 0.9478965165384656 0.24650919328119658 0.036882085400607445 0.962783462917324 0.8805497925434401 0.7176141133069057
0.710170820923398 0.5911670416207764 0.13454107535659832 0.11126351729335016 0.833687539498091 0.3927520468911684 0.25637400955357725 0.49617346958715824 0.5778724648176303 0.9880098122857669
0.22219944442841444 0.8940703440208144 0.9385066084854796 0.06749733349989706 0.18303723013507156 0.9835092979021228 0.6001171329082807 0.05500386009493441 0.9377670475817083 0.30780567337191045
0.26105377232589655 0.12358070672588628 0.8402174041246098 0.35478617074086405 0.35752247414796734 0.4326490566199559 0.8789088027222317 0.7598546404455713 0.4217141933730497 0.2287943081111966
0.4814835976226616 0.7989073749045346 0.8882683744383025 0.7585197387279289 0.1905814083873285 0.2839209745052297 0.02366232580310257 0.7781460216881767 0.733895787047626 0.9515756702825965
0.794718687850876 0.8142078720966178 0.16837440519351443 0.44406545912774287 0.9152758984855847 0.22711226165471343 0.7170012891994915 0.021285959581254454 0.014166517655537558 0.5614873058341456
0.6363264617720714 0.2148795306627006 0.853001576532412 0.6285652037749838 0.9538848226821088 0.7371565071909899 0.788859227597826 0.2591054704739916 0.1968728020702134 0.09170052839178178
0.22482846147776459 0.6897806432758649 0.29692760533421747 0.4975046934542865 0.6204596507147405 0.10160878593447875 0.7005804992833746 0.9347746515671185 0.7445258172842801 0.9159325912286326
0.34093256497470936 0.34807366684895313 0.2440993557557366 0.07160810936186923 0.5333273074270174 0.30127380144220595 0.2768012193812135 0.6564808443401702 0.046271269277947225 0.6688162007231008
0.9071806396638177 0.9468901839724455 0.5685808526710586 0.26907293716902414 0.20353529786318236 0.12085812443105648 0.5447091528957215 0.6981417669198917 0.48808320304115294 0.6537816646818574
0.8824340864133099 0.006193669189492268 0.9912494136161817 0.6798625084346926 0.3505652511386921 0.27353339369843854 0.23993187158028884 0.40817182319814405 0.5790532783226479 0.5898206966431804
0.8699625800605177 0.019161856953548106 0.4498626383542874 0.41744034264071184 0.19458168546383192 0.33560014328825905 0.32419484620908046 0.8287973414106217 0.7835936489023789 0.9613162676804864
0.9901257728633264 0.6473529260816748 0.5119763546352231 0.5118151547636702 0.43444745741361823 0.09350625632292775 0.022065243947048674 0.022724792334676946 0.543481192461497 0.13896558170889284
0.3100366925161241 0.6152106647407981 0.6198553036943456 0.4070415825087912 0.19526566253115218 0.021902763795016544 0.16571757608343973 0.12133489094728134 0.760234988820132 0.6325457123701202
0.727578991752181 0.30157896868570555 0.45902471453688154 0.3054959497288263 0.7239615634815084 0.1329380542782138 0.48401158386105525 0.309354517348417 0.08425036115465345 0.19384955600313303
0.1532603220426213 0.40843778254119956 0.21562553478146873 0.01753889008826459 0.5351901936013359 0.2864524578353417 0.2846773663273813 0.2836241549799349 0.2624514099886609 0.2146557701840579
0.05128364490966042 0.7887668627462256 0.503547793353431 0.1139446684637555 0.5245552226128702 0.2291140534199222 0.35859391836299825 0.9347337176299007 0.5241323222044652 0.7423161543496096
0.5246956913361284 0.5841432270097869 0.8248403628482497 0.1031944210775203 0.9367960101783043 0.4669355431743394 0.9386914293490564 0.4446700697724396 0.23142781606544582 0.0747992894440559
0.745442920173827 0.38435690641959785 0.3036685830387348 0.9579972821195014 0.1214025120051111 0.47725816943514876 0.9316925433082834 0.8440564921073095 0.43589463370136394 0.9862972645955832
0.4286673448321746 0.6300933972785174 0.2857801470199459 0.06495123316387696 0.5483443622499612 0.46853170506042996 0.12064793000686058 0.5800446790171447 0.41854310523898275 0.1903835492689253
0.4747728975431431 0.9678012781966309 0.10583150543813491 0.8659294777038026 0.36666256298668964 0.7125387572205889 0.5250559549969578 0.3895463260148142 0.05298976026525748 0.26493224879365773
0.7989758943082879 0.5935965065851625 0.7309362877481813 0.47556052813712624 0.846109947360689 0.5457059875679926 0.9714489026873164 0.909487803297376 0.9290016068096764 0.3644222802263949
0.6356353475764771 0.7289236971156402 0.13046443798275065 0.10015846489768543 0.7775044340726696 0.18354258350901254 0.24196818168402445 0.971492029722731 0.5684816743318452 0.13183246347136834
0.3461784219834232 0.521303018936329 0.5926075386033242 0.431883116555809 0.45476488395945935 0.0628985348255856 0.9560523354501147 0.48631191103597093 0.9229437785672389 0.12318571657458621
0.5305586457148966 0.7035645031479483 0.003822298366046528 0.4581188621084139 0.3076480459440374 0.14661767136316672 0.8284642611419363 0.6150607797158598 0.27890625832716076 0.18014928826822263
0.30169751679644796 0.9473621006390966 0.4773866585578429 0.49853068380089816 0.8890358676266384 0.44837659738277635 0.8161492257030306 0.5195347650511435 0.036688906538451915 0.7652948497610633
0.14217815990015348 0.7624433274011105 0.014485332047290633 0.2775919577970224 0.48739835732444126 0.4942747428160643 0.3006371500859919 0.1805500550200856 0.8432370335534595 0.6241436802006816
0.237622573271851 0.10122931277674363 0.9111538143406781 0.5533024248917875 0.5800684762001767 0.8924261629057891 0.18878870424983718 0.4472033538301411 0.7283636855210753 0.8995710411548219
0.4398544655502594 0.18596022603155205 0.8958363930473399 0.17618204888378275 0.06562588685820692 0.07087596445751987 0.19268065668467704 0.8354050243733439 0.1468554880097327 0.21724301859368078
0.6264182230652421 0.9683347564426803 0.9571714276129435 0.4474117550791946 0.31653375087819413 0.33422580643137634 0.5624903321752618 0.4131610917721976 0.8000227131315278 0.33336573259991065
0.7157036773959728 0.6226952737028746 0.16494331496504777 0.6102975246814946 0.631873666946493 0.025128843666118672 0.8906648632233821 0.0032419791924038766 0.3864006790283635 0.8141118832049173
0.6963568337204161 0.4549849805097268 0.6171008806261952 0.15228576614320877 0.40336441850583926 0.9311585728058493 0.9308595138573516 0.5895495678228653 0.8024677474922489 0.3537589842402946
0.9165013268598654 0.050655630528198214 0.7836239072673687 0.050908443677390336 0.9477470225395809 0.40144225164964364 0.5336419687947546 0.2482822315411055 0.023600481786863803 0.7680504713241544
0.43634301981748025 0.6832859036783571 0.7382380143385011 0.9797608631223154 0.42010896186697333 0.5099820766393753 0.09844832812713955 0.73362535795339 0.889325024500456 0.28093016388918657
0.3138973661012172 0.3378583832235741 0.049072777739385676 0.9415163329634668 0.8739694081065926 0.18099026115395855 0.3865318445765995 0.45301508600397533 0.1946623263984114 0.3950752231475787
0.30790006530336145 0.8725383249592896 0.869991168041139 0.5337854138000516 0.4462438125000735 0.4611910728006845 0.09458101621069803 0.4700109977849596 0.953540845807169 0.6661676569734768
0.13760677409000188 0.13262616730854615 0.16928068809181573 0.628186124225406 0.842963598107224 0.14836912273498415 0.4183384826774862 0.20257261747787625 0.0065287761291377144 0.932323899862205
0.3324396665639596 0.35047145023664905 0.13860227666322966 0.2792804278595823 0.012385103476706627 0.15607085589092817 0.5580894639791926 0.04828880624842924 0.5523071044552804 0.6563984210888953
0.9847164306990287 0.10401196921806155 0.9325786451246643 0.13215410870943456 0.7965447623254748 0.2810213118085777 0.05459999490789913 0.501212998710023 0.9022790773400254 0.7709673441559189
0.7385377419421656 0.9808438133719672 0.741337396805631 0.9975979626484947 0.834193510562831 0.24035373694785056 0.26938085672151857 0.7408848627499348 0.20553090331643542 0.8527832748087134
0.9129758125240626 0.9990583334395862 0.24099069765867542 0.9724399041223368 0.38428799810823067 0.8361395898103117 0.7145760291825114 0.8144729176251982 0.9351851213611517 0.252598782609343
0.276790900381356 0.6933555548883639 0.0998503146912818 0.9380557224007523 0.5898665834608227 0.08905517549377695 0.22598628366485352 0.6174799911314217 0.13831276808120707 0.4528362464066723
0.12691551646919208 0.586135443737111 0.04368070461298745 0.23905441076150336 3.595995270472274E-4 0.9435537645368957 0.7915285510651862 0.9549644418947127 0.35440611944363043 0.9831105172598343
0.6389294318950327 0.857479153455746 0.05714918461877916 0.1713159971038838 0.6124653364148346 0.29397964835447066 0.7837153820975253 0.1597229480053426 0.429500408426457 0.5836921197513852
0.07286418541182604 0.31239144921052076 0.3796301754069231 0.7668100095518632 0.9250779587903881 0.30314083351053533 0.1885531875002765 0.5104546061769663 0.3750333119031639 0.43935734856718855
0.1532147465368242 0.953731140274444 0.7535723790412994 0.5029157090238303 0.38492245109841117 0.29855148703344336 0.41776891205634703 0.06381107143219888 0.826236185346584 0.5085587664798213
0.5724107517617637 0.4183877104225965 0.8177854831043859 0.5654030313232793 0.4321966519863226 0.5315892349018138 0.3827701050373442 0.3497813075388153 0.3811724085281145 0.621444688247036
0.06974984109925841 0.3640697145094711 0.9744071378603943 0.31404350853285645 0.14843226770473417 0.19403852560150348 0.5966377864759244 0.6185416335032785 0.1885179641135165 0.819056412765621
0.3435860129284374 0.3242801113103515 0.5682648929239803 0.6233527582697895 0.2238785123974626 0.8058864964916788 0.2572844739563447 0.23532219228952533 0.0929781876522443 0.6372686225934132
0.29718419018322295 0.1275187776482608 0.8252601003833653 0.8616988859729519 0.7640227212304855 0.2469017907687565 0.10634301201858609 0.24272703579891464 0.6381449603307566 0.8130586354947742
0.8850135002610415 0.3294477075763935 0.9298166987325452 0.8215452792421958 0.9625563981831565 0.709688631302096 0.6131789195899094 0.7201475896966011 0.417031886819238 0.3959740424983065
0.40639477648942357 0.18778203869889143 0.5610161139341162 0.8916573663456452 0.2024626583625022 0.938917613354604 0.9135485768939986 0.118405601066362 0.0030210607557484837 8.1520438207483E-4
0.2305065307938866 0.05125791722995077 0.5365718362205399 0.966544514646047 0.9823526356687953 0.6037688212500183 0.35290113669680157 0.3136530325146757 0.7941791739077814 0.03328651278252104
0.07707733904256098 0.996525012286322 0.2701983796390318 0.8952050882537572 0.6792582131486535 0.16988327535894165 0.31330517127360946 0.36506901475423104 0.07064037967390524 0.08154996612354748
0.5200649576140867 0.5686970931191967 0.07123579588064233 0.8844969075677955 0.48245598671374046 0.4130321680735539 0.8117619774946868 0.3613801598403844 0.8599221650530317 0.2942118288245813
0.9297833473361693 0.32916735679576037 0.8987685862978315 0.974394782080246 0.4993438206264714 0.7971306192301879 0.670659053086804 0.8651661896536447 0.4936811710356569 0.7883916783846346
0.6779512661555128 0.9328845347016401 0.7222161622282819 0.10337006418751815 0.6308312565549697 0.4501217095752502 0.6058605390333851 0.2028995663214247 0.1396866713668422 0.8573869893296644
0.8587893895344845 0.8194413065167738 0.7858833565406963 0.07061445755986595 0.13017568059166218 0.8667370202633294 0.535087734680925 0.6724330602541251 0.9259853119659481 0.7114093183588408
0.7395028201302614 0.5590265287167336 0.6787835238041765 0.8944302106499941 0.0388633553231541 0.779430942715664 0.6626045014932272 0.9460429099993918 0.31476127408717114 0.5004051119248851
0.5602876816721157 0.024636428753055273 0.47884961369669077 0.2575491979193444 0.8822859923534807 0.7282362277686659 0.2826997967282474 0.9121358485133465 0.10880277553057394 0.5766879989593212
0.5255630665671597 0.023156584389184 0.38121536782607146 0.34327668879920026 0.006014290165560432 0.6653761422887199 0.8040955351747714 0.6264354962452229 0.3144322240099825 0.07672564637955448
0.93573777213656 0.7953651386682482 0.095497132913827 0.9021552323230292 0.8429586866272196 0.7177965410196551 0.7233634919390037 0.21610561347086066 0.17503182303997133 0.48379482633961335
0.4268914357974739 0.9520467558552451 0.07197404454361389 0.6764164621387772 0.7782978975626694 0.8450715103067123 0.36400100040595085 0.6081952283007939 0.11581425761917696 0.5023206350711191
0.44182108096890993 0.3418469736100229 0.9094146506184136 0.756055052951743 0.38153835969681915 0.24424715984797574 0.2984047384456273 0.0254798735537084 0.39328702236291313 0.284649148338308
0.030638148304158452 0.015964163772063 0.4293211382105613 0.2812752575688313 0.8153537826438169 0.7180891334221265 0.8351350073771611 0.8248269908938772 0.6651041861849375 0.3339969718901439
0.2562914382558864 0.6631241890192754 0.14697115266604655 0.4548008950177366 0.6239862306425576 0.9179978852042007 0.5892421096534185 0.5403568703458019 0.9339791006459769 0.6237248003040073
0.19694652376056498 0.5114857497803577 0.7063727019070858 0.725706003082522 0.7181288395856905 0.05477444486101313 0.4678231240414168 0.8587563712924747 0.7724606064751972 0.061372814438217294
0.33311644892550907 0.9362850314518549 0.20477112679147935 0.47374304650590193 0.7796479744969185 0.8248115393573744 0.8583026263605522 0.69810672029667 0.006191845594455292 0.15267659474967543
0.9759723041762833 0.6553738008118976 0.8464507905650472 0.607469606881913 0.03265039440004003 0.4896274265197377 0.06822688628421159 0.9136103503924935 0.17743971985124174 0.9307766095625598
0.03065596987259467 0.049685054193261524 0.6221691607157379 0.3167788567040749 0.09480006550887887 0.16455224554426306 0.2507892169657726 0.32087316877606786 0.8869932691826716 0.08189705512481138
0.4440857309464956 0.500552987619026 0.499688780743768 0.24482702482652152 0.6151027317400851 0.8875484920546496 0.9811556132855273 0.44526658589667123 0.2328937174723551 0.971875292554828
0.013225701464844586 0.707321305850863 0.1756954574289894 0.5980470596724909 0.5053931098096154 0.24944708097920298 0.09934662094851143 0.48783796698695026 0.943919312791749 0.5371735878831212
0.1327486978481739 0.3315196429931485 0.7261991598221086 0.05629521917845415 0.6193944876630196 0.6482872785828824 0.38349480113771794 0.5858571454414149 0.8124646719298567 0.9066275429861945
0.5492452134644465 0.43092762224493386 0.4007209499401837 0.7166710147739414 0.765511706314768 0.28706237330310824 0.49339954940117403 0.2591100167626351 0.7367203063612785 0.15153032491607055
0.22453640255441254 0.499052496578282 0.4377143659364401 0.9707846464815484 0.4506310461074394 0.14822137012850978 0.5622315609699373 0.5193265975281219 0.11028384670499813 0.7851973926680023
0.1582716138193666 0.3420239859761506 0.6904165386986679 0.02094397436395279 0.9384221089837707 0.46011009186658536 0.9009136388043378 0.10563945218923854 0.6760618401823449 0.940502884429336
0.09799837737879002 0.9128834393579641 0.30246234328498356 0.35874874982984706 0.21638323604580245 0.8086314871856914 0.8051597337831508 0.6478082621189273 0.9712122893807221 0.514751970338171
0.794571186528318 0.818066542432667 0.8730383622682863 0.7108880137071192 0.6536809106493209 0.5583641383875046 0.1625553059975593 0.7833466097124071 0.5147232177959981 0.7835086351864284
0.11653172333654327 0.8260255024736296 0.9171407271913978 0.7806411901030051 0.30236935170221735 0.7259282646015203 0.8926981879430725 0.7249966226996581 0.2659356434002814 0.9246065662209215
0.39648347490428504 0.985009059545749 0.8257968909328861 0.23690769258901145 0.45662896623926097 0.8173798979223206 0.6167046841958957 0.9296946529954945 0.15093826189578508 0.7646383656271384
0.776164763626041 0.11574517328136436 0.5352044265746931 0.3108895381070724 0.7001447156113576 0.40182498392911237 0.9458578455031964 0.12585806476837524 0.6074524039086976 0.6449695837192504
0.6786832040769383 0.5330007803615635 0.24704455183220597 0.6172983867179258 0.9056964902690414 0.6743745714520599 0.45850096791243 0.35722338916663154 0.8338748527584561 0.2131105061178692
0.45312643502464345 0.9937041433151478 0.5322833763071222 0.31375915649294817 0.6216192745481922 0.8702398261114916 0.5582445064052194 0.07143590425069157 0.3939715479289071 0.8665779591703071
0.4985475950770747 0.5226094742471815 0.17824301814923904 0.9186584984325739 0.8082972380495154 0.8635405459058983 0.6870770235834337 0.8711015972070647 0.8778510713341019 0.5267917889603342
0.024303477196151446 0.9615853878943729 0.0873986896242499 0.3218942717390346 0.7487003876838284 0.43275018701507084 0.7190856792400557 0.933169878133461 0.7579619321621026 0.9948039991136608
0.9881876381505412 0.6858727297446066 0.2431479837535424 0.12079349167752973 0.1276907051380327 0.6412271309534258 0.15236602414295108 0.44654352840108613 0.4147374053320554 0.7616035231693152
0.572163428388979 0.8685575673930394 0.26274697713071793 0.09898793142540419 0.18608437906900532 0.28571030723454505 0.019621992974703684 0.7030644416115909 0.5020723859856125 0.31435273323492685
0.9103040151303189 0.2196444940765505 0.853875721712466 0.7214891175730236 0.6410429793872287 0.955840518733769 0.2763400454839652 0.7669745171746453 0.5430961266395506 0.5252957559587843
0.2304486180228752 0.12322014547987126 0.7751741842189667 0.0549461123955759 0.8111972979693843 0.5496833988549026 0.026804181911125324 0.3342040383342727 0.5098682562690936 0.03945814791246027
0.36887938438167245 0.21811802792894786 0.8219921839289794 0.7265699630850275 0.3830188074806924 0.05797628293723578 0.9932665321800057 0.4451201281384154 0.4679601704680838 0.9259861411331715
0.9779225270432755 0.46521144100643286 0.26906166466545756 0.9250757177566855 0.24751142387937985 0.5956274017313735 0.5060896360960404 0.9305277875795295 0.4328062413595536 0.5395260964384893
0.08482070848561862 0.6970703176494693 0.9074922123797249 0.11694869878374403 0.2695884158961317 0.3832119352201854 0.3295455490994037 0.7267315908148639 0.8667561010514273 0.1940244884229343
0.8446766898927652 0.21045044505975152 0.8231993084640717 0.024239727265455202 0.12594112656088163 0.10231349364799225 0.37923253331198337 0.6954398703100074 0.6745965168406033 0.10146017482223635
0.9320165902138398 0.6242873452689747 0.839512780446243 0.4869105264171535 0.06333465156031293 0.5331518310370362 0.8259170262873832 0.1104499109604885 0.7647264129149808 0.12015757821923545
0.558982619921585 0.5490223417393697 0.7533214692507064 0.4425877306717021 0.6437479272481685 0.9757451149753049 0.9133145175099737 0.1357463679519626 0.8200770361667228 0.31744635866337456
0.3208764232699657 0.48879332728567504 0.2498507958129157 0.306665960492157 0.014397381323577818 0.8297305453184546 0.6933039688116934 0.10734998493709136 0.6573087987563425 0.6336333087617726
0.13239984279515715 0.2960069426405908 0.5073333367338716 0.2613829603691312 0.6813612420269933 0.11388417339416268 0.6538632933665277 0.26057269975990327 0.6879522119217266 0.0707610032760444
0.3142694282396058 0.7159213774496046 0.7738327551377437 0.177244799772164 0.09029367605247196 0.2234447193896245 0.18828390239236947 0.3099947878792284 0.4772809706766784 0.6807972118086482
0.2568283775841177 0.4730880847795227 0.591856841861818 0.2356120397692707 0.8947477560900831 0.008780714920357036 0.03775915083526027 0.4143305903740865 0.1252239680197733 0.13220618264532946
0.0648834487917257 0.6659271029758688 0.2928096107216126 0.5170926746890521 0.6932038363960545 0.2980977313395965 0.1951577771525589 0.04336936013473802 0.27108166917786836 0.057898185795475454
0.6694189772125604 0.23257123954288117 0.016577210108700502 0.4144770730643773 0.2644393486454315 0.34324086591239655 0.4507298616687694 0.9384671901531201 0.5058703500871147 0.5760647629910999
0.27337471512797173 0.04076031829203275 0.918527483155658 0.34727083228022315 0.1549148378282903 0.7328054984546978 0.40881157621208086 0.12885268915081227 0.12156956273012876 0.001234727333076835
0.8297329700483074 0.9254754507329988 0.6969717007797932 0.8515341771938021 0.5520554278881249 0.06045705511134858 0.7295870126535947 0.06864280386566457 0.6473030616440368 0.5770075919947354
0.8832816542633066 0.26677475629713376 0.8518506194033958 0.22594888772368626 0.09746468473689429 0.8564256250425708 0.8260431635691817 0.7074252386391646 0.9335838265744416 0.14343677070392558
0.3482685843957921 0.561655231481551 0.6163551493509278 0.8931562203293408 0.991132589408281 0.8625638935067227 0.7509577238232261 0.3421484034117289 0.5153621711826523 0.658173397252317
0.15152710745258557 0.8205691241017664 0.6867904716252388 0.922919264966152 0.9516321260136062 0.8602364835392289 0.4727525957558737 0.6395986975155648 0.18402126619574122 0.9065922307561273
0.6064477605318395 0.512446369881354 0.31477704783236016 0.5271619774727557 0.3213009213599525 0.7278716543703861 0.7961173326853391 0.31478751694460705 0.6520821408772973 0.12568155649728852
0.562434883121982 0.5208173384058703 0.0755201435806262 0.12115110243149085 0.5357681796565517 0.8216066777329387 0.4203714625614292 0.7270933571375571 0.6297467365280882 0.521091859789269
0.9153843808296094 0.06511952305248858 0.44515776212691194 0.9228677719061091 0.9633226119026802 0.8265687399826892 0.8356306349906116 0.5671115097590979 0.7301910926909126 0.24612672652259682
0.7885385482307549 0.5208595714196909 0.9210314572164947 0.284940721975835 0.6140675704152714 0.9345591610929218 0.17713305698223392 0.8850780473117983 0.26450516994374385 0.6334794494523094
0.3742304598591346 0.35346385997081786 0.716151730918456 0.5994816416073728 0.7272357672265904 0.16097356389146622 0.7378603176771347 0.81681121148417 0.014280307198754616 0.7011436641256378
0.04306111785116917 0.10498998893330358 0.42131706334406804 0.8430043815456114 0.7762291299641395 0.2425491285402488 0.4782613912590361 0.4338263239965079 0.5201047495329818 0.8972589098993737
0.3086247243140813 0.26011228853409496 0.5265784374941681 0.6216745099678438 0.9468217353663495 0.3589549030942246 0.6720029394742832 0.4472318508116392 0.7908088132662775 0.9869190847932809
0.716796911551633 0.4157907992156097 0.3524376321299997 0.9998982955004069 0.8095566041486154 0.7244378204211007 0.3438845559045459 0.8749316923697961 0.8174927368854181 0.027523731149450392
0.7957429319848534 0.11375915245946655 0.9878620806428036 0.8393264240208486 0.34084216274265133 0.30792953303738524 0.6491645088884075 0.911392675933421 0.017583551099706884 0.7165671843025574
0.14622746140072973 0.9205269747932768 0.9475600987622729 0.8104402152373068 0.9699021762788509 0.7965593280314034 0.024453353947530232 0.8697637699478811 0.08994691893788265 0.5434384463228068
0.3146775776726166 0.3882097848242553 0.8287739452298009 0.4628602155349979 0.21496748015204592 0.7318845103015956 0.2240893332163355 0.2765560355370478 0.5380828961410902 0.2295739319355451
0.7200553030367235 0.7615290617135226 0.6050297253921952 0.6293456801554478 0.19945701655444947 0.16194094352964128 0.11067375025266013 0.6466363712126396 0.8234568744816412 0.8220153771340146
0.9993498001097904 0.15024090943156987 0.8808714075545006 0.1962392552864255 0.8380457397854445 0.38516049712011546 0.8655068144984955 0.6363054856104813 0.20696717265945286 0.5150545177571395
0.29794146186730186 0.12865669713151973 0.4407653590223546 0.6820807327568238 0.3872443981440221 0.4621521760657775 0.6484372833932344 0.7281974085362493 0.488471350506697 0.1422949070458065
0.31588367223575986 0.6995396962560777 0.45338068284217947 0.7366194741380028 0.9523367990661168 0.26427210296387804 0.3946633946986742 0.23525595942150834 0.18034708432369606 0.21435759571904944
0.08808304546745693 0.4413483754375048 0.388743746208851 0.2929730064138243 0.2222729150332018 0.36792114448378466 0.5689611141619485 0.6918398799206582 0.9725391786624579 0.11095022055089931
0.23734928971188074 0.6965281076658838 0.9228706929355359 0.6928103639634366 0.409563916426658 0.12282969729316273 0.18945725209753705 0.9259335909510948 0.437856794101134 0.3835885088779366
0.7093698637861324 0.43342818050454923 0.1480652582861045 0.25291095945874076 0.04965839676259487 0.5815713090521841 0.12032500080465336 0.6534719346141606 0.7649729918599779 0.228503158062638
0.14600768926573504 0.08266886729007616 0.2859177039087438 0.874113473722257 0.863111040847235 0.6146665060763288 0.5556960346557634 0.00802641901842216 0.3233057522461231 0.7679134499010735
0.1492099339828551 0.19575310704241344 0.7760700790191439 0.9115009362999863 0.4066249691374578 0.7174956752831816 0.26881983233689544 0.29877313100891467 0.192516358140699 0.3797503063721305
0.756667331307818 0.2628876783316274 0.2520617949092834 0.45677124771668653 0.291420573542697 0.5865638209155141 0.7773488308241374 0.5871214849598413 0.5166590206706294 0.5670448170702155
0.7197158135065217 0.84995001075869 0.1342004227113308 0.8373403324827469 0.5881473893282144 0.1762996920164276 0.22699842271954773 0.576103423053682 0.9590966231516717 0.7126637393420706
0.3244882232295604 0.3410361483407325 0.689707739613922 0.7471725731387432 0.8786233056254549 0.3945063153359435 0.8742649889287064 0.3332079514508087 0.382323485011937 0.055097749107678506
0.9127945592140393 0.8009036863293869 0.7067808040542453 0.30510458665661844 0.6710979606697266 0.9339077457426228 0.3600461414894327 0.6115199545436618 0.6030973564674322 0.7069440697759692
0.2765463965209103 0.6768581286216286 0.8792242271434025 0.12912631781751938 0.4356584871984631 0.626188196844209 0.018684705170502025 0.9186399032959613 0.07719276520342178 0.9580465026462871
0.2587863843133087 0.4463232878514314 0.5326152929415986 0.4394343493594064 0.9111131990003998 0.6288425114098599 0.7230650362392578 0.008896088905251398 0.2521858305840591 0.2265682028012348
0.1886982035246808 0.6667121268019499 0.07534765260385035 0.30692719814926683 0.1086187830434141 0.27753031352636093 0.890967004056251 0.4709160553276739 0.1466311675502816 0.18829833005257612
0.9036483945173044 0.8086269305946193 0.11527662756907275 0.5731485658977715 0.3179970397865747 0.4490508308429959 0.3890926093914501 0.45692625710009016 0.22858223096632446 8.729419394393201E-5
0.7177601275235747 0.44034056907250385 0.33509700328055114 0.1366033362339617 0.5907809065611718 0.2522574712680452 0.990313037468634 0.08754881881375776 0.5875529409230589 0.3884421802182668
0.6362809942810947 0.797549537733867 0.21018930728457774 0.26109821101238495 0.5133285796404771 0.09406294211129629 0.5411516356234526 0.4798389296112566 0.6367595825541645 0.27809595206688575
0.6937466503236518 0.11226669949733104 0.42775945307549135 0.17464816366460711 0.4307602022663988 0.031123655101402914 0.057863504656253895 0.8284578042483084 0.514979954806249 0.7450175264751169
0.5204466915416784 0.7112920380515023 0.32508486924580204 0.431014279777443 0.6780440908355625 0.5189367420331471 0.0213552942632379 0.2399294575343972 0.050914045124383134 0.3792059402935166
0.0778851365725507 0.3289380972098741 0.910106522414953 0.5667039172542281 0.3114531194831256 0.49116289539699975 0.3174013359998348 0.6257382593064444 0.6319374558797419 0.6981889919797766
0.11483236645679629 0.13969506758004968 0.615134332629271 0.34899310245868886 0.5081151542374827 0.2533527069044451 0.6560676448093203 0.5275633563745297 0.8111474359037422 0.4540235206922366
0.8993532846796266 0.11152568492508796 0.12285299584187348 0.04807774817657684 0.36290864928697153 0.14538152583918285 0.19299135494029362 0.23131759795067608 0.6722740507881757 0.4945004253866909
0.5001572469933355 0.6448334757042986 0.6050393619465724 0.4298006356255383 0.6130450044290942 0.832388615217648 0.20834611837510397 0.4580896289079819 0.23515521355576485 0.07104222401144444
0.5971612368709089 0.40932517733532114 0.943472070704611 0.633635518324779 0.6669958797977762 0.5195975537623303 0.5232413837439405 0.6599289412414044 0.8619686845814448 0.007421582482589173
0.9738312078542513 0.462592835141874 0.8275900122554909 0.4309668013150406 0.7147582198762115 0.2749181285430795 0.24736956276075783 0.9351431192223385 0.2563146120865011 0.15902772096113083
0.4133271144283427 0.3499981095263516 0.61583186827066 0.036532745762152485 0.1127120074107485 0.9856712729082632 0.05846963007483297 0.5779927717052129 0.2267138836688427 0.8841899088645024
0.32051868832981156 0.9932022589976934 0.03167391247965845 0.23467979976908038 0.3335595947577422 0.6012404636290721 0.5692818381681755 0.6361035114059578 0.6094192655434757 0.42738525097238345
0.60947117600113 0.9004278106308908 0.8687198920854691 0.9734058120676096 0.6682012180930306 0.12916074639832176 0.19991581690537386 0.7384134792037305 0.26204111763589455 0.8674883049429867
0.02106581727221657 0.029363219657775885 0.08244797325734254 0.2427795926880696 0.3831894970109423 0.09346328721230135 0.05485719310990189 0.12801786383406422 0.7019083656054526 0.6291640097296499
0.31118027015919825 0.5357548969601091 0.8331736250906738 0.28806070986195964 0.9490313582854122 0.6444743769416689 0.5192340469845268 0.866960667449164 0.07698077612453391 0.08678948232213901
0.6225993188946493 0.5075264835419377 0.05236023071060558 0.38768865330286306 0.23860527902212547 0.3703242620552699 0.006620743605950108 0.7310828032360442 0.7312895631331989 0.9307672948351523
0.7229713492301673 0.5541962918600432 0.9726372467151183 0.2563611100271189 0.682002517456713 0.821882712099614 0.5818580419271544 0.3678194709320115 0.6232258210634339 0.21673611635531287
0.7592078654747063 0.06103490665488931 0.2839364360742086 0.8959069495884409 0.3879692323592081 0.3725513783788965 0.07153354517385035 0.9118212595946953 0.4385568174788119 0.20810100424802447
0.3014083394509842 0.8715405722617969 0.3503154254781673 0.5219306514641804 0.28973729388574165 0.9182893434166239 0.9894299479593325 0.8340582821435528 0.028994303228156215 0.658715326045318
0.9854676114318761 0.803262792502448 0.3937218639238913 0.23073789150005752 0.7344253862679695 0.03552580083831269 0.825078372205063 0.3093776931843535 0.12275588763001122 0.300807049252944
0.2249046011836734 0.48175119037866143 0.07469761127802921 0.8554497226606576 0.35352983044355524 0.08745122640004022 0.35433619995265486 0.6231760446776853 0.37026350295664734 0.3168250561713657
0.6641755800967484 0.5745470878084358 0.28149625080738083 0.08720000960066665 0.9735989492459796 0.7629254293537151 0.9685591944687832 0.9758953424161315 0.1834512961077316 0.12439281478791142
0.15596843639196167 0.27889914945303074 0.6870766680017214 0.3297395474571986 0.15040697600564634 0.08537696689220342 0.12349515138489298 0.688555806275264 0.4317736829495352 0.11071871248326182
0.6350059194821651 0.3486197219099594 0.20985524493228835 0.914619300268258 0.23935397991323282 0.8081907753044926 0.8736533779074106 0.04572715357284285 0.5057006912425436 0.0644811272544189
0.8551264963327548 0.6006843740867618 0.583988432329323 0.558491859067877 0.8050814321395358 0.662920777179172 0.7788927854898612 0.4445646695830212 0.13617716932405421 0.09535395208762487
0.28240569057321974 0.6124142403520519 0.9264796569466752 0.20118525479465899 0.3831959343376633 0.32006990914333133 0.8967326098247226 0.8382721533494607 0.4562438723943568 0.2580700599626814
0.6754863961408794 0.6750954643022139 0.30284952237536966 0.3584157057152112 0.8484533348764418 0.41012918696380085 0.9589643005653289 0.6862051158322723 0.35193445863431894 0.9414601292265372
0.9188984732483392 0.3075341976981647 0.6148889810575572 0.669793162392058 0.8318079643943767 0.114162043568248 0.48019505630893755 0.34551718826294664 0.11996541363528568 0.20360507067674072
0.34287599542707925 0.1292958108920652 0.6406724452480328 0.5627368839177537 0.13154351689551436 0.8256862464232748 0.46777126153727655 0.4836357636549885 0.7290355185932421 0.5705782700507025
0.10406535800325689 0.3523347244557321 0.1792031711647848 0.6057846565787657 0.9525607769480283 0.19429424835288622 0.5590275406969462 0.15790372793433438 0.6722908707131605 0.6348310304000999
0.7087239813713347 0.853612949440152 0.12358899085173414 0.7384004693399941 0.10721772775009053 0.5498425499023473 0.9680252426469449 0.5275448063459794 0.05635160244776061 0.9348162874147119
0.6298249388594263 0.8504826408149991 0.9944129767673839 0.7647364238251901 0.2484378759329241 0.6657297046339143 0.19804355464851853 0.1409280403600982 0.45602912952017016 0.7428049124894923
0.35132226849499193 0.8035479588654906 0.29901396252628887 0.2399896170247987 0.46178856421940573 0.02050168928815921 0.3893604211094547 0.6132723098120071 0.38539863030544974 0.2840015359561734
0.4192350950706131 0.8350246940330912 0.785885504922936 0.6922374615123507 0.5016692957246179 0.9566194982435606 0.6987188749197457 0.5899221059044719 0.4102739308253397 0.6361142466346593
0.9958379150391657 0.7690096574227968 0.6826332715448985 0.3702893140736281 0.9545570988893589 0.28967784501447 0.724859448591601 0.8197426907676616 0.8225205152216549 0.7717013182517618
0.5088907640831187 0.7964077232465041 0.7403083308276749 0.8276332523983552 0.1894687015440949 0.19477480307829886 0.6342739774995972 0.16175214285952222 0.9843299344987129 0.391260979323625
0.7244184995880762 0.7425184573079898 0.9590014941426641 0.41058663459435607 0.10558421434361354 0.37132608683656687 0.9366883068078842 0.4636816644035482 0.45497695591593934 0.9166216410319463
0.6140943554178769 0.2985580304034011 0.29500229652521237 0.46000475311779054 0.10562001243556984 0.17374954058735637 0.39762796364099595 0.6097101852274203 0.5612297823188397 0.1633335118004947
0.8549613357426346 0.2769131191633163 0.20738622787815997 0.9332137244478275 0.06045710336464549 0.28158710105488116 0.14579720737392698 0.09025716350847313 0.3461468356238596 0.25718330011968016
0.5113256117675863 0.699042104639558 0.30350926547899804 0.4571891929004792 0.13826179101253 0.5853883047873997 0.8790760051638822 0.23166336240259044 0.7132607019864976 0.6015047013728962
0.18059403391120388 0.1381326840396243 0.5035975300514101 0.11450392231237405 0.5555434546284497 0.8787766412458363 0.14099663954088248 0.5981967463278408 0.9110349660664936 0.5146130485993983
0.614140715638535 0.35749412954623383 0.4325882240889867 0.697438390393042 0.5770683661043714 0.0954080550708909 0.8290190397500641 0.9815649336354071 0.3160198819806964 0.2445569359601405
0.9816395124668327 0.6299358209738707 0.23389262468767635 0.7282448952340983 0.4082023925616235 0.7129887741197054 0.509318942249458 0.09059873238961891 0.26549663094622367 0.7136775903315729
0.666481066809592 0.7409103786269241 0.7092287064991166 0.2983499921059799 0.15212927301212187 0.39424630649246184 0.3057997663231825 0.3907194311428325 0.6578705497538551 0.6585500052232426
0.8478163260125412 0.19495733071455879 0.8486473616258794 0.11787721927916306 0.36364765184445547 0.35397164632068034 0.3624269943435158 0.1920681860284208 0.3310706038054074 2.2628125865997717E-4
0.4314739493051848 0.515074349231712 0.10601854483914308 0.058995212195492086 0.24217908798279075 0.5673224100217198 0.35967758497649405 0.7977342510119927 0.19827123214645315 0.8219109804959945
0.8806506459500657 0.2802923123223875 0.5813379426277292 0.7201009343330076 0.4436351438198418 0.08097321387228884 0.7129341943811556 0.3784728153583401 0.5720381730029989 0.3409979177501786
0.6141590743920524 0.048290506386839294 0.9291781085587317 0.008706588278425298 0.33143218165599375 0.9970229075118499 0.7611995297946222 0.894878377661214 0.5513028964058825 0.6626403026466994
0.28455354048565407 0.9958362709002283 0.8624774517129007 0.6432160825875591 0.16187358167164045 0.38954343505159195 0.03985011398546112 0.32752815310820427 0.2423020694846637 0.8936861159732061
0.023176370683296033 0.746768790302007 0.555800500533662 0.5897778921314097 0.8421278635542889 0.533135690659479 0.14570224962025236 0.26360834759084506 0.5998198061048253 0.7079908429375554
0.699743273088682 0.7898991240476847 0.7685035878708127 0.39043824858834375 0.09703336738255497 0.49781871053897553 0.47396907777900865 0.41658515587038514 0.9269061785315603 0.5940466879613562
0.14930193020954607 0.2904160037934955 0.7553136290201184 0.7913671971621324 0.9239934289821617 0.849121892708447 0.41540648593653573 0.39331044214784106 0.381001841216429 0.5188926732670582
0.8811694501226939 0.21915001428538528 0.8622154313020773 0.061593078600231665 0.34645571478706927 0.9186031017775868 0.3318694865591143 0.2684076579086564 0.9764926323242468 0.42186938181240063
0.9178206059877954 0.1434541513318609 0.4249064928672195 0.49818381740944806 0.6421835604971193 0.7385284404272893 0.6165411279369075 0.6548474007179216 0.5256873994134702 0.9495584765204608
0.48482148159771543 0.8987389189201683 0.20420898837330426 0.26600884081851495 0.3221400358250235 0.20360014247116853 0.431293817895403 0.6763911400591285 0.15272039559034623 0.8789257627022803
0.3570755709975497 0.6762000330307686 0.06963890930964545 0.4200781454542829 0.2718570606289237 0.5990085284091905 0.7911617578671891 0.8342866518681529 0.5817175762758364 0.2971200231658745
0.7862816990376453 0.883479835490769 0.14386212070806548 0.5350893914968752 0.19531497793403962 0.16243819359779343 0.7310306298899258 0.32758815755144666 0.42864544885869926 0.43954382508005396
0.31713605807316336 0.8525043830978355 0.7651798337388188 0.22744305591755098 0.08040221585464646 0.5008308006144944 0.4918042241065269 0.12222645199093041 0.5056236982824837 0.08680942328935737
0.1261088180444534 0.0522700617420363 0.7337717736795363 0.23496449012360654 0.046874233865428105 0.21167096629541837 0.35502142370011347 0.48507013862401105 0.4202892439824879 0.11824881505660256
0.1703770531391342 0.7117627767842551 0.6545967234760546 0.9323743465162008 0.057424907853762974 0.04242270225283784 0.7418407863837622 0.9004252813604408 0.9673426314222858 0.575112929094724
0.7526145616085556 0.5454580869139409 0.25314754151109764 0.847778009276864 0.4381853014983482 0.017724509797053756 0.9832669481909491 0.19056895631636028 0.3640990311018115 0.8389493761718956
0.6298652298648998 0.8050750534474189 0.25034460915166135 0.12682670302532673 0.5379641880019608 0.6574069442011412 0.22538282985327718 0.269978689129164 0.8792443615297387 0.046489836997020584
0.5148229383879089 0.9386628893131804 0.3735172091600578 0.014589208484318883 0.6802559176180218 0.26280014476476055 0.9212087404991598 0.6040062087125266 0.8997299069123049 0.9864366040727038
0.43179767709225825 0.3320432384333909 0.9385798946265214 0.4165408681506917 0.5560019911934283 0.15575470126199442 0.3978006534268276 0.024077425536818797 0.733609802477574 0.6286620174175482
0.5468777788477879 0.6265855978175116 0.9542017269357367 0.913525666029401 0.5489691347319798 0.18403324118295006 0.8946138198704178 0.8084315959313014 0.16855486035681166 0.37350284330576633
0.6448413884898845 0.9678629925355016 0.11515085651204326 0.2733068884380796 0.06318556979877277 0.056092526388174746 0.021407432577674634 0.6834187225880908 0.9117965421862394 0.657144688347238
0.6798912806442808 0.8366437258956896 0.31536823811910186 0.38374108727223666 0.5700750863118931 0.5137449405975589 0.7585913282021503 0.7770564947952666 0.8955363791152565 0.8657764565818099
0.7920728167747403 0.2697768240069697 0.3210932843669594 0.5681667628755727 0.8517817665672346 0.6968647473467886 0.35058127191092503 0.28363314110248394 0.11368310877175014 0.581602430986793
0.8182022826742531 0.7947977957521756 0.10307176792190431 0.6988949614270605 0.279853292303785 0.5824149531778672 0.8572220873881417 0.22348240527319596 0.1855685420165839 0.07140734511569091
0.8003185342478103 0.107622032161802 0.5901859756972967 0.24444984636327072 0.1312351716601161 0.20096662306066482 0.8165751060364697 0.831626740501477 0.4475832189503107 0.024778729999550775
0.9242398460642807 0.8247282448781097 0.5335473548211077 0.043285008644039835 0.055836948084383 0.6360411192630151 0.7243832260378394 0.7368882838286381 0.7351264439854318 0.8240271732122273
0.027049874397149343 0.7751198269720959 0.9720978296332913 0.9420724540580975 0.2243025765718255 0.11162771119609294 0.5944918950077596 0.7315290491892638 0.5186731743698225 0.8791615385509851
0.5696645610600165 0.5765605642824884 0.8831162825477823 0.5494278735076588 0.20671615685528644 0.8658412496827377 0.1767018257585774 0.9408545913201426 0.036035304377288746 0.6649479468378892
0.2565851638318001 0.30671661034243203 0.8518842665635564 0.8933229195336672 0.7715883422981964 0.9167394533427413 0.8733778459699206 0.020974995503229787 0.05807735378686496 0.25721119153162453
0.23018577822434705 0.15262511051365635 0.5754214756068002 0.21779711937226798 0.011514218148656608 0.2507916752641137 0.6161728174545269 0.40766632937624836 0.9303987049615599 0.16435046011195542
0.6052057253544966 0.049202193971629504 0.25006803715937975 0.07539191539563295 0.16240671814440977 0.7344841163130995 0.995114118571779 0.9547390110804803 0.2451080586099995 0.6978910301155199
0.6274305117781352 0.6252770186213831 0.10930858959643452 0.1575917653253861 0.30535780240685706 0.07228580782059224 0.5328282236980337 0.7093509737983944 0.5642017061964911 0.7112544619025996
0.7288928440944458 0.7179939728927955 0.7572651332837618 0.4261971462171086 0.645248794305884 0.14503717122703963 0.878763123086405 0.3252779167936699 0.8917573725304354 0.2754056402163152
0.4534653123275614 0.3255913588725027 0.36852121741319155 0.36182281775673075 0.022637691360215317 0.8752353194033591 0.7769462659869544 0.29237151174227893 0.38183145580890665 0.3483504386520587
0.5877443211583276 0.004889744734221213 0.13329396212240707 0.9075907806450989 0.7127329305491668 0.5212788168982433 0.304252643530147 0.9185288369783567 0.0813910421253824 0.15546478382230078
0.7520500683375473 0.32178675703374715 0.5584798260798138 0.6606692878006502 0.8280840558418283 0.7212256429283034 0.15564035715632063 0.8248088422220694 0.30473419955697567 0.3303127569999046
0.2877311826249296 0.297256691000944 0.8829317662302876 0.33382638271353904 0.9037698289950578 0.23586453814959607 0.692757601714063 0.6683468167146831 0.6826948581283481 0.7000562236783586
0.07542807468893142 0.7025207275538214 0.12576571361510247 0.583968905300017 0.5922565478568169 0.8068759831431064 0.30026962406762026 0.2830319197966228 0.6446540605726233 0.3430022079631855
0.19330652282525707 0.21803708271096633 0.3089592674759082 0.17320198616497573 0.11977402033763795 0.8026684389845401 0.9908650240809294 0.3942565130311231 0.3952763865079968 0.4336237148252311
0.2864342430439909 0.6327384641412516 0.5325332075556161 0.6068733762071127 1.7575583996698452E-4 0.9043441970470998 0.5489643390530154 0.3192677769988487 0.6153761817993577 0.7360059471165229
0.5834800102677914 0.5016163681296173 0.6378612068710614 0.9770844689082012 0.9121060755062343 0.3475275438039571 0.14158578081716067 0.48473083537574846 0.6249262141530421 0.05171135030813889
0.5329294015584037 0.6585459388122881 0.6809241455345715 0.6521116165382923 0.020299571049494092 0.6209546147987426 0.792660765189203 0.38214801014097255 0.5266223521684308 0.6922508859177461
0.6093228401541219 0.18251249632264444 0.8145262191478944 0.6930596137858154 0.964530598601153 0.796378975978914 0.407501646169769 0.5219990034285953 0.5343943577202389 0.17754876075919934
0.48504526727574593 0.40261746124165476 0.11166085731515818 0.7779686010643349 0.3057745468628469 0.17121720713778554 0.8433920198394257 0.6492222187733673 0.8697247716805369 0.9859666025449216
0.20247042890422384 0.19201002425809244 0.4695172711174379 0.8777413819310587 0.16732710134978568 0.8182962580742177 0.49981415550957886 0.6344250404412287 0.0696390764612016 0.752716388575915
0.39545135178246515 0.6129366597347827 0.8363454846141976 0.6930016928008976 0.8508683119560417 0.2070445609294267 0.9001826511779457 0.07359272812995721 0.5369295175983299 0.8640622300700089
0.8820403222933522 0.23227615442679883 0.3759591763613689 0.7398127824422188 0.258792296988819 0.8665946950698066 0.06178727384757732 0.30878707553048257 0.6218570007992035 0.7849435197533637
0.9188314962649198 0.5052091468300005 0.8045941723097456 0.10668013792974218 0.382716534617776 0.2607628345125321 0.11074652154074516 0.7462395904286524 0.3546582655182663 0.6260211233937163
0.11148569608865522 0.2281603213747121 0.4328173483513924 0.015160027052376512 0.9952239423399547 0.6230901378429484 0.5560529314345977 0.4973270648505982 0.2522049400560672 0.6692564187722185
0.9089842389198907 0.4730739280551626 0.5549875118420763 0.9495475501882673 0.03199381873892038 0.5205516810047728 0.056288973225982586 0.33126803032967933 0.9557831219404521 0.6737062269137215
0.9672553255625994 0.7437926351183016 0.8373176632226702 0.9035005168525367 0.20207766877712152 0.7687596636982543 0.012475326023126954 0.11322906327516447 0.07897545677007001 0.448107419914894
0.6004381831561617 0.5302798553797058 0.5529191742454477 0.17717149019845313 0.7958447606231973 0.9792370936655654 0.222065846954709 0.5432255100481538 0.7669458884584963 0.1550078431849663
0.39773336889350175 0.4942608276585735 0.6414845292185652 0.6796944544023333 0.856840214555778 0.2784660939054663 0.4067456293730608 0.42322366896857233 0.5060893676264545 0.18178025323935165
0.6761994392688805 0.2952825660771663 0.07877636355521445 0.20905790870735352 0.182387928186044 0.4749004812616039 0.1579534921779474 0.503798923895748 0.5441802233884799 0.8340548925305477
0.27378290474131795 0.4820593075394968 0.32625034986694557 0.13296876367642252 0.5582639253978269 0.3680731494102767 0.6596061392566919 0.417305337208158 0.45712070419478346 0.06228094368455761
0.7242254096539187 0.9312561148238614 0.296488178792195 0.046872475273839975 0.20833206817138228 0.7755560247417117 0.08113569019905276 0.3396170110174317 0.4535708189775054 0.48574972649468884
0.761319820115881 0.34366778973505263 0.37131631038271684 0.683571143194013 0.3469584614093507 0.809191415086539 0.3725788285159284 0.9630880809455926 0.6706706433218211 0.022087198203953995
0.49244520456359886 0.21330278107525424 0.3053278862759212 0.7657252532290423 0.6097204176214318 0.6501876318959993 0.12711430298435789 0.5635464997060622 0.16341126874265455 0.9336753228116417
0.28169421851221754 0.20353161326414648 0.04992114106489964 0.8789111465381676 0.8589380797886842 0.5699600011220847 0.4483004610650041 0.4361142101135035 0.4107582853042101 0.36354415106875837
0.16562427057953555 0.809683808442999 0.5569587023458953 0.3779383325458876 0.7205454588723675 0.8147258191884783 0.31560304046136733 0.6187855236348835 0.7902979005898025 0.8279632743762648
0.4672585566497477 0.7008792006617129 0.8349008152380633 0.9800343432033264 0.21657359962121991 0.6396821453636214 0.6820423038069159 0.5574699562710463 0.6499986331176822 0.3653574529006036
0.6070961985444521 0.9351821244661571 0.005062116763286717 0.03063121753526643 0.9749533343591592 0.7440839076356027 0.5644643115642124 0.45822087356476393 0.8238243565493496 0.39349955670061276
0.06735347758324228 0.8792265806667587 0.8658986633272177 0.5143143546744652 0.8905003414998134 0.4507976152932378 0.25571952624121885 0.36635081561928884 0.8936886979743268 0.9095494663558672
0.13436283061731136 0.762248363160679 0.7464912447632858 0.11662172431053641 0.39598311719418167 0.6001619479498622 0.7577013698675283 0.1809303928495416 0.3430172498418135 0.6688845248748022
0.7140433265173749 0.30908308751468827 0.8973123524697593 0.9915370034265026 0.001384318349019087 0.5235886311131037 0.8166717536371616 0.6077585048258694 0.32952466317664986 0.9154078649655767
0.929788523413023 0.3593691198796479 0.7107419836697295 0.15255519506507276 0.7472635702195892 0.9407659232879946 0.952619186242199 0.5533757134782922 0.9323809372708411 0.20285226828846137
0.8172852524812872 0.15128586471068073 0.02254032605906664 0.45808965973698546 0.1720512827662103 0.8271801703561691 0.4807228340002918 0.32430021775176365 0.9105247809044267 0.7663704566091948
0.6260928835155893 0.4661370452700586 0.15863686005763855 0.20883821239559464 0.24381550765711668 0.44567882212252785 0.29661909417984145 0.7047444108238445 0.7063948690885268 0.7773938294273535
0.6258175263200277 0.8615556199675756 0.2523169310840325 0.19775806160186182 0.08833376627790601 0.8748091397574731 0.6625044850563307 0.1061007083733011 0.30783384228326927 0.9714538111308653
0.9510711118381915 0.11078976967421161 0.36146780775504583 0.26286731978141653 0.8440853483986067 0.6236590544873838 0.11569394534307875 0.4040650959566032 0.7585343812200595 0.4856177096477089
0.6629036471895698 0.8862793847962168 0.7134023297574604 0.6776716268717626 0.3810939259530639 0.7520019936675243 0.10575489649706982 0.27412577471920285 0.4054368866388085 0.014747350477607668
0.5669489053621215 0.9285251188921461 0.8484460268151681 0.0902072572978887 0.17756171464651094 0.34793113229009365 0.9345420599881775 0.10113253382018372 0.16436186801388775 0.4074201508960221
0.325171081866267 0.005190658259122016 0.8286194122372039 0.7842279448914756 0.3022307757996884 0.11321300615954932 0.8622800665175849 0.2497554822682413 0.15041121345263586 0.7146588253400262
0.39700493014939253 0.04768834688367496 0.03315821276020359 0.2077874113405812 0.10080317611877676 0.10777237134303863 0.8923194654603886 0.34394440659339076 0.3879623122785969 0.1973268680822372
0.41813459520611873 0.9385310840701512 0.34020678935331095 0.49636544755054957 0.9340820555174764 0.6756409156930895 0.2504923074954982 0.497234379978419 0.12019757957186461 0.43901089895626577
0.7955702247492066 0.5759664042965162 0.8588299612882521 0.9388491512338812 0.7194322879407666 0.06008801647656048 0.12840202277671997 0.2722651652515796 0.5669730224125036 0.12640658638059854
0.7935958443511538 0.4544419305376102 0.44568347527864294 0.4023430777611684 0.3444831155513929 0.8883545582189838 0.012916605893465993 0.7156649518153388 0.12247267650322513 0.20275292958047775
0.8872411440550227 0.04001340646898899 0.3375495230822134 0.8812906033029028 0.4646273699374027 0.3174073998948077 0.22913027314770074 0.6300963035498547 0.6836845628158544 0.5039465502527043
0.05196244891917201 0.48674781578271087 0.6288972190310816 0.8812240422325283 0.17884589744270007 0.26052296160169297 0.986782319779861 0.4034993877982468 0.5035568249413896 0.01196569171693429
0.27711807711932157 0.6094702372543521 0.5002054751433852 0.9292198797543628 0.4698699054801011 0.417521359396812 0.7493614746488296 0.13924709243890498 0.0681664753591239 0.9446181362292392
0.4766311889348521 0.7039589885916463 0.9886554152352212 0.34155076306672705 0.6659735212512619 0.2944589129387307 0.6027943285039968 0.5210245240707093 0.6078922529584335 0.8110012672020749
0.11610967017020579 0.5701307134338702 0.321744252901739 0.5219414348312132 0.0571825953816989 0.585021472023922 0.15175471828506815 0.13186293020462803 0.02409722314450624 0.643151170589536
0.9779320518217232 0.5572327385323181 0.9933135838807692 0.6372360995612123 0.9059266257506777 0.08734957025598011 0.43440404911845654 0.7351228538234785 0.003978966365769554 0.039014195364219906
0.1938182904352661 0.3010454485109767 0.6404549753053941 0.9752646138980905 0.6118188259001093 0.21628970822134808 0.24206692765367932 0.05168345146442621 0.6189553912398483 0.6710729679084154
0.8407305079166127 0.07819836292325533 0.6219233589342429 0.6644859103876065 0.6061102419720916 0.4399610806811991 0.8333774779724982 0.6456326200436042 0.6712566276166844 0.107803867356709
0.3262489890204465 0.9566437609081723 0.9503401147042672 0.5869372512755511 0.5003413415215365 0.9970271732506273 0.32033879501134643 0.8019658649809898 0.8374547526888719 0.3188587999911685
0.49263782953945345 0.5969644420510025 0.7910184105842885 0.1836065652533756 0.13585057827867653 0.7412689366446091 0.4071839031525595 0.46391812882157424 0.32777274850251537 0.07480273899589385
0.80656127691612 0.157492984568127 0.21223255141363662 0.7011714028518845 0.969254867038732 0.1951985487396365 0.8157012722674835 0.9424237555100183 0.36058313680352383 0.6718783973163212
0.33888042691366727 0.10629092461195744 0.8108429542453218 0.10584040392129301 0.8800830976590583 0.984879506134694 0.7197057750661687 0.8418013681133217 0.4700785307040143 0.4032081775816667
0.09430893337802537 0.25210370241756297 0.5021710533667532 0.06664243332023234 0.14983294351333243 0.9623090588487706 0.12663504375114798 0.4181947785471354 0.20233100618098965 0.9298125427921853
0.9452306645111972 0.20982296930398725 0.3658048272148592 0.8379105909226536 0.38937496170076813 0.01627206424673744 0.12899603264610426 0.9327941306418184 0.4946458686483167 0.9756707655777154
0.23209029404986792 0.12722833275551837 0.3946474726602349 0.6280062384786328 0.38950675628083886 0.92221876241537 0.7488667879817539 0.8407656814447886 0.3121728667625122 0.4567531416747691
0.4920034883950807 0.4604470015855966 0.17116065025160332 0.785746904354578 0.7463562709418834 0.5093052825441798 0.11428691182234274 0.3076097867193527 0.47420006631234857 0.45861523041439545
0.6982573648505671 0.11538963221370124 0.46369113025353137 0.35289450125750776 0.13115999176915305 0.9292389763455338 0.5396874947533141 0.3339463385546968 0.033590389552336286 0.18298868624031295
0.4699743808688205 0.4192442024254792 0.021418091406696593 0.7839021058173629 0.8977358013200766 0.2260954437483107 0.7891794705241681 0.04222245922911816 0.7727147699656972 0.7011844776533704
0.5303093739525135 0.27591491729653694 0.1763564940114818 0.814510562491817 0.4689001046612786 0.636044075273241 0.14032998434495136 0.6073992551696934 0.9974033190692863 0.7695166120983509
0.04317597451789601 0.9461801598890516 0.41566619652550774 0.03845786957432351 0.4364293580397055 0.8262884881019427 0.5489209957425081 0.1492802579511514 0.6994170071449979 0.0959612524247655
0.5858221471048313 0.20954041948529822 0.7510329050544403 0.02436365131680096 0.3223531207642114 0.4269710828800547 0.15714409412024222 0.22589432466070292 0.623400706641146 0.8926126532140172
0.36388249259695216 0.0705835770984995 0.32102170794160123 0.14875875932266258 0.45992952073177285 0.8599112798771543 0.9569028529932353 0.5324688063819872 0.8250015103337325 0.7280363076586486
0.7462421450548556 0.6066898454144419 0.2570958987016958 0.4403428570245861 0.89125575211086 0.34356898383439227 0.6876594843315149 0.004373301847238165 0.9047413174184256 0.10832685212995263
0.39169169557200867 0.2826312944241455 0.917605367560686 0.9071012533578461 0.6788975218289027 0.6024025308748922 0.038988533113707424 0.8084599616565586 0.4123558690777399 0.6946552611775096
0.7135996341189627 0.9258196338212846 0.3427712366664981 0.1622463459306599 0.6780951891223873 0.8567979178408688 0.16922792292224142 0.07707239714062453 0.5568186804152758 0.015564209870244539
0.44146709367351056 0.2364706003513657 0.3569395087452363 0.8655438980177066 0.9040597338971857 0.0710864898723802 0.12400833601725658 0.6623696537335525 0.6494485312666232 0.18959133390989213
0.8011728185268773 0.9507631478321766 0.49468504207911645 0.07004506899702478 0.8987729385539911 0.7240683341186056 0.3257881805387025 0.46336491328255147 0.9257631511789203 0.8514482256175291
0.7640034234316834 0.6612739174001429 0.6603839966429778 0.10529430020484964 0.3998423389274568 0.8992681970332422 0.24473293329462997 0.8801883175644243 0.013634360873926443 0.8145544957638339
0.7763608508782489 0.4847944324703437 0.655423994389886 0.05957513326460595 0.5397466114027459 0.7093487608169424 0.19239821079199826 0.883650787311501 0.27147943415908493 0.22395298130579255
0.9486305954255302 0.7384353524455008 0.8852046845809782 0.24666706436758634 0.35977991202268944 0.737291805137044 0.8958656386953889 0.83543570319455 0.14448290012726372 0.10436184156784156
0.37750037715640894 0.10417179585462155 0.3545320182193086 0.5860156952941591 0.6648292345069561 0.6408598079623904 0.8075310921520621 0.16553340370315306 0.16609506953603237 0.4143302292532294
0.8285729378811829 0.32128205800015364 0.5930949883137379 0.4963962174482004 0.9315844595375835 0.49931823660324803 0.6340688920580209 0.9973316356538786 0.05633705981488091 0.43325851698752216
0.5960867413698198 0.7152100436255788 0.24372074230060714 0.43742510182517635 0.8258026818633333 0.13341161293049086 0.17973262595667927 0.8236879134885342 0.7809212665015669 0.5656457194712727
0.8677317204146525 0.14808809764989117 0.46944741710561144 0.4441245078551602 0.7988637983563793 0.08024235605175734 0.599767566045109 0.9740630705900497 0.3821609171348227 0.3066914104172326
0.19183767867626922 0.6364697958485798 0.06867317713276555 0.02877009289383048 0.5882282446791017 0.3112305001216117 0.558089877508486 0.2962401842065421 0.7735050525970417 0.11377849589687461
0.7116609405293277 0.6298420414824408 0.661399222344968 0.39118149298276406 0.31182923231596804 0.12908395054073618 0.541448015806322 0.7072664022454122 0.6068369756392523 0.5360036067776932
0.19026368364307356 0.061440753531477155 0.6576709104223188 0.5312986462844422 0.24731422594213026 0.03215983042067516 0.8650619697626242 0.8761385408714377 0.3310769833824587 0.013526398772891524
0.6958574043105229 0.8811335943587997 0.028651914310237614 0.22230047292625343 0.550934166240974 0.08335064681509674 0.3303984121231618 0.6926339773015188 0.9209248019545072 0.9429297809173337
0.30088613127693375 0.047135546451782084 0.46137762807224125 0.8327699527156904 0.7784261614091428 0.43540911607930255 0.3855754823517301 0.5879153938235726 0.6776765507255429 0.664999222443849
0.6210883629739996 0.40568940475975956 0.033291742708135286 0.2147147068048202 0.505236822795261 0.9432851721416536 0.26731267967372463 0.5165922008805373 0.40499484610201153 0.04643841467224008
0.288970356218623 0.6202989794878747 0.5384622994928709 0.6609697177451016 0.942803067931954 0.1125648305027569 0.4478886309902842 0.12839936242405536 0.00946286006324415 0.9542706059527557
0.028331039040398798 0.24750084936844852 0.433314535263573 0.7191109259166741 0.7513819201958221 0.19557357595999392 0.7019062756130732 0.5702874267535785 0.7400021502028532 0.6463796195934565
0.3346177650576465 0.19547770717213608 0.648347823467149 0.19610271739728447 0.25126862102311576 0.8353645493442088 0.8795801840831549 0.5143527845219689 0.3861955129430146 0.487298766362238
0.534999839643671 0.4741521049170171 0.28928449463340444 0.3432084333379235 0.629447701954692 0.8830044881881826 0.6126696228925799 0.5296558966308641 0.5307669234043013 0.3365620711621772
0.3202876399002861 0.2579832098882151 0.28522166391604353 0.14706880990133508 0.1772031514002892 0.5637761889444494 0.4761199056626171 0.2606735669894735 0.5765967272477749 0.9174151134184116
0.5294892227632708 0.5708700185279866 0.044533918939715034 0.12127073120369314 0.9285060087065831 0.05973443176369375 0.8261105770529793 0.07414183152506337 0.6274799417119369 0.754296442675211
0.8012955285163765 0.17982090526953964 0.06654758995855659 0.5722924123818981 0.6047691709141875 0.40421252462289936 0.5798300129136732 0.7497142121880092 0.23128231208373784 0.24421880274366992
0.662661102944971 0.6919813298644434 0.5965365934592324 0.16164509018830586 0.5175950856175208 0.771227308913481 0.49331437129489164 0.35666789663885246 0.5342528042321846 0.8041064235460843
0.1335621996886568 0.10794677334641734 0.8746680483306659 0.687689891572425 0.9993589870953532 0.2902500948986262 0.13364744078704882 0.9454353983640117 0.03917624696884736 0.09550440808612959
0.12275754681435325 0.7408775636589029 0.34056448267258344 0.4294657524859169 0.18690603673675354 0.2536012127266587 0.28637626431791563 0.933750487705673 0.10408402185384857 0.1802232735369531
0.8588631644449565 0.09175241782277255 0.5416890363382425 0.5225229759979403 0.19446040555007693 0.4170114605317652 0.2469492200015908 0.7555247019195077 0.7117991946377917 0.29388915107114166
0.6343212127044001 0.9302511197406268 0.1364640067672398 0.6429443079539479 0.19933541734002047 0.25902887805276 0.5282378338646491 0.21719206337700747 0.23621438303046727 0.25564309999480905
0.9800556022141375 4.6785297119356084E-4 0.6656908235532845 0.5583005892183931 0.002612317043441892 0.8754077581056104 0.3898044069231098 0.15027615981360432 0.734548730744424 0.456094819039483
0.48205704127585813 0.8112806899553686 0.025364629702212427 0.73921077767549 0.6941584564215367 0.28200274623038823 0.1266855857483894 0.017571154472663664 0.2146953683822468 0.8049406744480065
0.1972362021349644 0.3212111931266909 0.35040905666483035 0.41655558026627804 0.077849041955393 0.5037286198335493 0.8173676170201332 0.608939551426832 0.8250651833431679 0.9753788796151232
0.6271709826524341 0.7536081753178302 0.30535904490644394 0.999457086512346 0.13242809549010215 0.9856895563922732 0.7467461110576573 0.4147903392969391 0.6560973247874474 0.08369718413548788
0.5205097400478353 0.6247026854903941 0.27088285145740165 0.24823674795826722 0.5830085280178271 0.7016047116524614 0.7177309800130236 0.5824127497123497 0.9460036476162268 0.49639806822179844
0.15657244261926273 0.5073627623555362 0.2636707556836182 0.7131749295710758 0.4278077247693304 0.3082633222501848 0.12543896969343915 0.01223104529080632 0.7696344897754277 0.49931401876075054
0.9260248167636547 0.3382003557728178 0.48416738735168907 0.7206208716531042 0.24750640265657986 0.8351579020304064 0.8744023454806368 0.43556467184308445 0.5330091871216016 0.9068273123734829
0.8844289406212238 0.7841529949687167 0.4575516680616347 0.20756755990246334 0.2668958724564011 0.566019522237993 0.8088252715865564 0.6086034581893784 0.7745862040119932 0.47614813879982276
0.8791600830320796 0.4740028157696341 0.8270609108099705 0.3970629354705557 0.3396539191510928 0.9021925234460955 0.33868007264348154 0.7631400263245418 0.31841919692613263 0.9413450588273792
0.9109135250953732 0.7558604196224727 0.937128460678641 0.17075548314728928 0.38970368681094014 0.36323779952056967 0.8735160910256831 0.4553685855676066 0.8677451259766972 0.14231881540750946
0.6122201897230481 0.12690455210797524 0.5718968545432288 0.8605677948681074 0.9223252413606464 0.3225707262777464 0.7175451461243573 0.06011139877218763 0.7571927472302621 0.7211361201612333
0.3345857903233579 0.9882335450835457 0.21064345945539675 0.4561841940194372 0.27379697022374416 0.26817415516032517 0.3832816361987874 0.5576489434876009 0.08772449011196337 0.14619999221367075
0.013727997375539536 0.8752777131284293 0.2468038210787442 0.14407959261344516 0.5117549917927283 0.07145394154404672 0.1992940665392361 0.4705083630814447 0.593794145597161 0.9358514201362732
0.11270071147145777 0.6006941665811432 0.06601209375439143 0.9706815355621962 0.7447162973503105 0.02022772966602948 0.42612853673668893 0.9228329525943665 0.7833084559554475 0.2475257208663364
0.8623755305434214 0.6979933027757919 0.1684374949027989 0.8985497724633325 0.9164745209164019 0.8818808751631202 0.36198650044435743 0.7381669356230968 0.5472337032151224 0.9150035470709355
0.26783900195553945 0.37443280666264567 0.5823455203299186 0.8199013062927534 0.520640362607557 0.49524150720695714 0.5781894220027437 0.2636176272743197 0.15963084623033874 0.32120131351417547
0.9209232130704433 0.653184268198608 0.283040150362009 0.25425873042042635 0.5968712910669629 0.9081928598398323 0.1388840915759747 0.5385074316038059 0.4361960589053264 0.5320658991289728
0.2496063463527861 0.1177832750088299 0.7910638802465071 0.6124286508842277 0.590859170724881 0.7740602555291192 0.5479951139172647 0.4210228345614734 0.5488192139527261 0.06132590890559597
0.09381292478772563 0.3548916072770215 0.365785357492171 0.5115298511784362 0.35558289256485953 0.06310481436962834 0.050407811507975575 0.08236190792804055 0.3171620063724736 0.7370823040870464
0.276748521846386 0.8410314551272879 0.4784516950916353 0.7076121280694347 0.625475275833714 0.4338828969721916 0.5681767105529598 0.6879498678727569 0.6308428397916913 0.9785966704965322
0.44698779213558804 0.22992382852771287 0.48871620522461867 0.6338889294629296 0.5449127660669816 0.21876043472053153 0.9537429681915537 0.2510377004812354 0.36565745978527087 0.5223829909659443
0.9078826167198463 0.1922264234481159 0.5599840493834913 0.2322258734860595 0.31785294506948725 0.6126109178044695 0.8213712494839057 0.28514559584184807 0.8156547623725053 0.246178887752855
0.38938722072223986 0.6397991237157026 0.934187885932651 0.009886012470821881 0.25968279150133466 0.5958987536488823 0.10907288438262841 0.5462160640331437 0.2942387780398906 0.29104217362447027
0.9181448633137527 0.16122685961157524 0.3014783003084611 0.887355036480432 0.671686365206969 0.4833080977700879 0.8130810046537089 0.4689730499592424 0.3893193306496844 0.5672905509620311
0.7228129986176066 0.21142877595990128 0.4035762407459228 0.09921099734328942 0.17241296207366952 0.9552982102023234 0.31552305300925354 0.8189506945100309 0.07055081468795066 0.9190008763166331
0.7944077636888984 0.27112940562871723 0.4131029813623428 0.9194361799527424 0.7611599728436573 0.5190513289986018 0.1364635622088991 0.13417812886874536 0.8246686647434709 0.5121630848206972
0.5803385736254065 0.1352391910188323 0.45011630854819273 0.38439765467932774 0.7624457859971911 0.6519535245387434 0.2302500446988024 0.07894341459481602 0.5747702949085297 0.27931867051008186
0.803320993633884 0.34438966622905076 0.6995016541839483 0.1381736326193812 0.41552552269692156 0.3278660137387308 0.51250568726915 0.31488104588915067 0.8611327766492609 0.7027053735142453
0.49316001307224766 0.7607192816453132 0.5500852979908655 0.5113258375217441 0.6916095407262498 0.2149800515481688 0.7507103057178086 0.6784394204441864 0.6179739778908424 0.6308060501722642
0.6342813242579788 0.45536094288652096 0.5127667990223281 0.5290917858033732 0.6085213017644828 0.8931034523211259 0.33376109366822715 0.6833105276477753 0.5687395757445421 0.8101111917774241
0.951764257043125 0.5469187113227827 0.11814713684623301 0.619894824239564 0.9862407151241502 0.8750286371084174 0.5129959395861505 0.8144981964475505 0.4314474249833593 0.06332903414547952
0.07353916752908518 0.8616392633353487 0.7247244386370968 0.8297724790764298 0.06841198925149528 0.7665326056955916 0.190808654949975 0.998337453141522 0.6278827597471165 0.5738144127128175
0.8595159446122002 0.3092117723238391 0.07052668916623217 0.6406552668426012 0.49886294234405726 0.37603379702744455 0.1382258244724528 0.5990600412140686 0.3316768060144246 0.1383660006997257
0.02600030781633056 0.5435180718271474 0.3109675349658161 0.4163655035334649 0.7660274355531704 0.12958124336154642 0.017814032795608337 0.4646540345926904 0.47930710347764804 0.949611193592287
0.21524168022741508 0.743680524892581 0.24378320748720161 0.7638512108501538 0.8425459303319516 0.47940671782599953 0.8443325308799023 0.9081427074073557 0.7667425912639765 0.9659366515005801
0.4678837420966053 0.4740193113242078 0.9213024811847959 0.9807494344266177 0.4860316596116556 0.6625769084172383 0.557054252900184 0.12848351754217735 0.8278619501523726 0.050431048364871
0.20611637381586112 0.40676034723128585 0.08730482824596442 0.37423753612895017 0.6169448278878489 0.7963237349177225 0.43218605610302785 0.8396662568215641 0.3570609844273346 0.217810838483114
0.5862468152113782 0.891382164974131 0.9997492471189586 0.7687592628034989 0.6407540696054533 0.8425013549043531 0.8119917261306213 0.7569943435707452 0.2189257962570994 0.7551542324276023
0.6431332583196326 0.6803292133108951 0.5642462563397165 0.48820235734810313 0.27724666183221913 0.9675497429851123 0.4528483769875682 0.8838184646316897 0.856894898531318 0.9919454166443087
0.4404918164894218 0.6515546424287475 0.11196304090968545 0.5961857644161638 0.8462668585565755 0.6266864466779427 0.034459940556129 0.1261321324875797 0.04800580418046596 0.729035722657046
0.3286656337144179 0.7612123290965832 0.11848506224907152 0.12913832846395457 0.43572734572788974 0.7502757765333954 0.5668528762393286 0.8405374664155982 0.18278342711666884 0.01438539117242521
0.9663189380959983 0.20014700349497738 0.1389211465259147 0.4617913543592679 0.5469939110143587 0.47304372979184406 0.5737507562951899 0.2753715096814965 0.41186824599741023 0.12371087820790927
0.509104903151793 0.3791115833232368 0.8942716758392558 0.13266995763152345 0.7303490411061586 0.26773802391657187 0.7167554525428241 0.10560169584721757 0.781014881914731 0.3924049252963202
0.03419211287342805 0.8214707503182317 0.9029457014226796 0.33537564544897913 0.14798816925696756 0.29683351011863135 0.6038686434381028 0.07792906969841029 0.6636570419188155 0.4054217094343835
0.035286129206870576 0.76825918112745 0.13060143192205698 0.5852590863856562 0.6458045403322494 0.5299257245761876 0.7508049915088932 0.18998205799812184 0.6384952246506006 0.016453103470223662
0.5722360200449065 0.5966999969980934 0.605609296633917 0.6139632775414939 0.6931160537269908 0.26964380453909964 0.33994456041140597 0.4212678690298145 0.3948089894601279 0.59701668106704
0.22938893768937596 0.3956334599802176 0.7939371834769962 0.4678741329721866 0.8296416887302305 0.34247338077346534 0.5584327586987529 0.23652469802264753 0.1798403098368342 0.7485081367658766
0.4675841878408724 0.933857137709318 0.17679742448951719 0.8104758154336638 0.11273906367457165 0.32816334841156647 0.8557784958180938 0.3952627795710486 0.8331765952780549 0.7124409824715079
0.7392278499662993 0.08236418951999958 0.06076378604139043 0.10082312223835543 0.5095771939117085 0.8858726342521227 0.6073616875540605 0.8536970567266599 0.13824689669055523 0.7307326837810667
0.0705492603461455 0.6192379173397816 0.26017768709255407 0.26678776042091246 0.45608396610976387 0.8784969772472014 0.02170591488735174 0.1441851072582675 0.3196199833746902 0.31184864455848527
0.8493231200327855 0.44499351247214913 0.2155562090987999 0.6665141651753652 0.5878364956949717 0.5684277963917035 0.007488114748355423 0.7980440951497084 0.23867385181012313 0.5008624837182027
0.6425885770690661 0.08305573433143487 0.092552770373035 0.06685715895665956 0.3213451168511928 0.45618559033001393 0.39546077350179254 0.45370404331579506 0.6044316776466206 0.9111313689987166
0.812869414439908 0.0295479720263484 0.8900955133640703 0.42382157897433714 0.8643320679574215 0.23391806133075643 0.8682902632647889 0.9051652770978386 0.18909158840398854 0.1095489343120657
0.011889345453525046 0.9714984127976533 0.9730504573914075 0.8656589143726897 0.9006634350438715 0.032757278585952676 0.11843319949035547 0.7153915746258437 0.19030934214444917 0.4415735022805076
0.7696964384398031 0.11391576364856304 0.33666770648930033 0.2208996290835019 0.6227195297628545 0.43871872624410935 0.7643690784507075 0.1934372987415255 0.039034423662362316 0.0999158013641237
0.029499537721115132 0.17305567581702752 0.362830682098336 0.04593897439123895 0.6674785028712112 0.2465500599469923 0.9956975052016316 0.638756420069253 0.8401928519869979 0.0735063870871393
0.7225418521602113 0.9128131003570005 0.6005329811656791 0.5626999117158457 0.5018474541059245 0.30317266560002554 0.5778285251513511 0.24537147074830934 0.4344170789937202 0.03087908592896993
0.1542820517530914 0.1588883491746821 0.9069660063041912 0.467346144280431 0.7503517100899441 0.07871075783116355 0.9704121471139507 0.9646215451917174 0.6661343451208762 0.4922493399438366
0.857433758166979 0.8346617077836197 0.03615318947048729 0.7951127083549648 0.169843493874678 0.38829224423139874 0.8465546465209943 0.8084085528887447 0.6735528642025232 0.20331821297549912
0.6365713713573018 0.8651757229115402 0.8273788769454504 0.08128752364348457 0.4602096213961877 0.39468849473803547 0.14167000138320007 0.4736993746667375 0.9194707262396721 0.14528890100151004
0.21370645451931514 0.5109893365363259 0.5970182200654612 0.9295663538740484 0.8190553679682846 0.15141128426748618 0.014053257570305733 0.05011845869529352 0.7515381746396398 0.3819756945765468
0.31826321405683666 0.3697904751582529 0.19919468050714573 0.8498926048202942 0.2670591247884554 0.32720564938762475 0.31960395490507165 0.7805071379114141 0.712919947671675 0.06656158709442961
0.3351496314150164 0.5465037695363673 0.7205125862310318 0.25008313782553304 0.9072928842172165 0.7931953418891438 0.6493586156075732 0.05218550240421471 0.7686437633548917 0.5960014550809664
0.02116979068819691 0.29631542530936117 0.5925975180481445 0.7287599623222288 0.7575764407967772 0.6886030184370973 0.8625293941810459 0.7553045598755498 0.4218241752248323 0.6268698515636816
0.06601780436611249 0.321780241996683 0.4271156684063425 0.11920376084121043 0.8842924667213333 0.7234578618049068 0.7846264078063043 0.9332246577967769 0.1730805999378987 0.5473474578205444
0.8558241450377575 0.21532964476294358 0.4382508900985417 0.9506998761695281 0.7465743715796018 0.4686197349252894 0.19813126199207687 0.9255245152476939 0.43461412340078054 0.9588748087604243
0.09410335862666952 0.7205406933906923 0.45733007719420227 0.3298570853750913 0.8620533271156879 0.44451879172207487 0.0033760987521045394 0.4523879415680575 0.3094841628283316 0.7587565482765102
0.549519350191031 0.3060565255774339 0.2565728443250248 0.4814749157579812 0.7632034887369581 0.9980830596850472 0.9941807923446515 0.8732070568185992 0.2516707104572913 0.8607733669987815
0.1878033071277626 0.3497929799044692 0.8800847915609008 0.9371656170499839 0.31367043387971094 0.37838135823756847 0.8039496558539798 0.0638841914192565 0.6516875354503106 0.35187932869497807
0.06521907138282468 0.19087947578320186 0.5796313667387901 0.30857980605214375 0.5868446403539941 0.5396468100975904 0.4139929067330378 0.466235457083119 0.667111398405841 0.6946814776979574
0.32508591789601526 0.6736367529861175 0.6229609066435833 0.7473409472206002 0.9175158772853137 0.04779151226520162 0.060604263920415735 0.16694965965219455 0.9118308673919383 0.2610914385664016
0.36207848587679103 0.16089556591173138 0.9891525135779814 0.17039097002116554 0.3680012326979839 0.9036315022646589 0.26781176483098834 0.7387127104908835 0.9096307406024766 0.16390942935075137
0.06949059458559537 0.49033206205306945 0.7974391882655344 0.5402381582095809 0.602097338351962 0.061284014924657626 0.10875929416698848 0.7264708674331981 0.9375803103298453 0.7598727862231258
0.13366539620649254 0.9725913550874928 0.19511024077465788 0.4355549753992001 0.13610217709749184 0.18018314035599337 0.1535392741986904 0.36960560516165897 0.16637545044574564 0.8777288371300125
0.6117704111533675 0.34726557078996323 0.521470892207992 0.6578016601304661 0.6916481663874687 0.5486078679348481 0.09126872254491425 0.5263748842739691 0.9352072591874253 0.4041494779161189
0.7515730724708632 0.013889185737715248 0.48659353814979167 0.1012744104199218 0.1689771927011985 0.8283818101156034 0.8686969283677901 0.9988225817873464 0.8679366047592795 0.29289543919207195
0.8655136993237164 0.8097386000456652 0.17702406640906188 0.8025491486435733 0.8034810315743727 0.04546298807339533 0.719191871151614 0.06106720607352567 0.08850419646926377 0.8807879750721004
0.4399684801611806 0.9122263344039501 0.20012277972695702 0.2941888313939619 0.7778679734526232 0.1685953007396499 0.47023885623684025 0.0661806770119755 0.47289254368572553 0.9581054742372246
0.8810571281724289 0.9770400426412559 0.68185955536958 0.7584045715365993 0.8053629087532103 0.335269146742891 0.5233867762272442 0.4696101568015433 0.08199094336754298 0.7894704061857002
0.910720050745268 0.5879932740656522 0.07031436681025394 0.22883712645050502 0.5471904153362113 0.786286875670449 0.35980959847310834 0.461256107430042 0.2569380393412277 0.9807278909673194
0.6242298105647097 0.27305628148945194 0.4026428121367064 0.27060500476876703 0.7046459631659184 0.4207270196059314 0.002352650331875039 0.9729999125440107 0.3815908503916807 0.08246871527041666
0.29910192215070897 0.3435717454727194 0.45376853156043173 0.30622702713579497 0.9598644789360452 0.4736506045292166 0.6792676932715888 0.03090169871057946 0.7844866346396915 0.284568334315194
0.8549444076773727 0.3287095673988345 0.7905980234018093 0.5020701208619986 0.8106158245830354 0.6192205818820683 0.8070985099577477 0.986813625148449 0.37693372098790134 0.7393746956745575
0.2566721748263401 0.821377084632301 0.44928220832950794 0.9188265297705986 0.6368799435484176 0.10986137195808054 0.1147717502640685 0.906253892355574 0.3197347595760949 0.5330852409250324
0.4353771890357473 0.7198050423283596 0.6812642590242203 0.3205374528404067 0.8874946502613703 0.7536489246536482 0.24541754012922212 0.4496627608360456 0.6466684014841669 0.2626315952595193
0.48077460740002476 0.5637233687876734 0.8759655288506956 0.5683308701320278 0.12386789017229538 0.31139137408267503 0.9274528491753957 0.6823407417020193 0.4195275399977215 0.5543919523194318
0.8984567169714169 0.4264057409479105 0.4665133188052851 0.16393055930466605 0.2977635247385636 0.5440647355725514 0.9357975285962937 0.9323021187933949 0.6716446437467919 0.7447527341816851
0.7892152310502235 0.4629939769287408 0.9155666661201735 0.09884805399128527 0.2677990230510693 0.7707582154545086 0.6546737030258067 0.7109416439943544 0.3419680622645701 0.7225436344629542
0.5146060590300825 0.13864418502704812 0.019841701558065528 0.38084076380264575 0.32394496489908764 0.5955354982426784 0.39530007679718804 0.7729086338179557 0.29055056142982494 0.5794005738917855
0.08401583906333132 0.6025146346253948 0.9762864984326206 0.2006844710057073 0.7435320206419997 0.9452343108962803 0.45810101467263664 0.15113839929880712 0.7025634564437806 0.024020773273517815
0.40816112191400034 0.9489179010620463 0.3350500450871029 0.7486682370671707 0.9517129778507354 0.8239330805642302 0.7060919747937464 0.8209580435167728 0.06856805628230955 0.36604010269306864
0.1897489495533864 0.8566893323523096 0.9925913978051553 0.8487020158027674 0.21278614920245753 0.1564611510954811 0.5332946780159571 0.9620364039706495 0.013802153169843345 0.4689862246638402
0.4946134948914933 0.5417056529629498 0.3237750287084086 0.33388108864566546 0.39817463108273876 0.7638958365121172 0.1719145103348474 0.36529126138224177 0.531836103616738 0.19166811838145148
0.599809828574535 0.14337411526720412 0.9390084867758701 0.004256442474414035 0.9272142978542046 0.21757621075789402 0.34024375569112064 0.7184239441858573 0.35440912629403776 0.09380591357850165
0.13580326319431824 0.7197796898253908 0.10894071987324283 0.9770162009849276 0.5763938116653805 0.9619966200366431 0.04862745373528199 0.4713767065591242 0.9089871496533751 0.26316004362061296
0.6180828335106583 0.40212780777132373 0.8056146232235835 0.7310158607149985 0.32260404701290357 0.4163739993756411 0.6652554125076722 0.9826761470706997 0.43112669589679764 0.0444877860997972
0.442413412281495 0.9893791287827446 0.4490471037872319 0.4594589147566356 0.5007040586405761 0.5731895930723483 0.012066389654936227 0.25843866247722824 0.6157496030914854 0.8100644304808486
0.2438107938668974 0.2088923773301944 0.6589071064422977 0.8524979709560637 0.292835660473003 0.051187333189892326 0.6818304350650031 0.9749998719387228 0.71872054418009 0.13010782329499426
0.09159431620213487 0.9669478636499418 0.6323160696734756 0.8397028923128314 0.35708448075488086 0.3498968672009394 0.011803180887661413 0.6090359383296564 0.21958493916453703 0.28021454706774984
0.4140782091643792 0.430820289476033 0.6939698892579337 0.4129528949254815 0.38007811280521087 0.7405883161783233 0.2416342105145438 0.4491543723944601 0.19301187422853128 0.7909555270457008
0.3722732104481098 0.5663299874550068 0.29006578873006117 0.533706084709513 0.5888487043358288 0.44063614349322167 0.5510018234903565 0.4218390339761835 0.028555255222204368 0.10931564632736579
0.8911697096978086 0.47437962447640236 0.37232673191451826 0.49325785008653833 0.07180517797960106 0.4086734400809079 0.5964001526422029 0.002071764429823375 0.4070881617091323 0.6380457320494017
0.9216800876965304 0.2778546889560285 0.0952865745412127 0.45712173977737325 0.8801238132871025 0.7988785990405146 0.23041215111722035 0.7927685245125234 0.7620934509314747 0.7607051137931427
0.16116771410658248 0.48553241923183754 0.8345983545790521 0.3797792344005516 0.7555653133357264 0.1846103256356989 0.6275775610463435 0.5233406447795403 0.30244712950277175 0.5888075881128179
0.27384815350427294 0.3595313619934747 0.23524271664187069 0.946598539541904 0.3580725865407417 0.5428660965731147 0.5986467164573704 0.44032042910871616 0.9810743730662467 0.30277253988178254
0.19550423487705115 0.3226952813724674 0.778057723490503 0.686696216548688 0.649041113245933 0.4482882522878511 0.442763918464275 0.12430481305349994 0.19467900103764435 0.14817537588865382
0.9043234210996951 0.42561513119904426 0.8760262565728012 0.23300728119169167 0.6795390360355458 0.3034054298232226 0.9612370998461017 0.2778196201727642 0.0805626205651504 0.5190647341063553
0.8187834301002553 0.24135558439944504 0.8964039207357437 0.7910696181969846 0.1957849144374748 0.9033288692127796 0.8864367862953362 0.6765684357414067 0.8273948277430042 0.5649703614111795
0.9250446271527278 0.7390917176611322 0.572340188393923 0.9513658926878586 0.918773614936599 0.4491963414454546 0.8175671493086256 0.2785056315091867 0.680838359255669 0.42989096558067774
0.7240430618001491 0.0036308076078731544 0.7925520149840843 0.8549781064887686 0.9961192878538738 0.8643768697208903 0.10722844132475096 0.03598822621673514 0.24845950763076308 0.43037629751681084
0.9593312647821065 0.4921699592437815 0.7173904698752742 0.5403986906970691 0.33012139544111674 0.08803959647006321 0.017633255779166634 0.6787693393346456 0.1907799938453345 0.14428191039890637
0.8807250045614655 0.5567219234630272 0.994962182113003 0.7803338543631513 0.32804242987328225 0.9075050450504758 0.8249616047329263 0.13077140828294143 0.5291899808739728 0.7784759617896401
0.009143872955553078 0.4926589765627163 0.6756173492661687 0.40907943619907805 0.1230324435086495 0.9073098084034111 0.5596821357390928 0.12052333663893833 0.16240808767173187 0.15744501133001298
0.19097554998349398 0.5111270340051584 0.3340085537081574 0.6695278502135398 0.7045801352600293 0.6507320750561926 0.34789244190009294 0.35108879397114734 0.020030320553712677 0.8982296733455164
0.31525767202374866 0.9641463527490121 0.19509838047325123 0.4281723970823895 0.35648104760417687 0.23836715787544172 0.18512905237208155 0.5456027437883711 0.8063726508050659 0.5613984637102494
0.7664990042413041 0.39264415697466903 0.46711476705470767 0.7488447466122339 0.7118775887656488 0.7060652137059966 0.7040822577809057 0.09264959167496867 0.9153177163206315 0.8719408725034569
0.3057169268032396 0.6141826852933864 0.05680693946557758 0.6416993948507599 0.9358560670918168 0.20712137836849598 0.5687603345599911 0.5232570093841843 0.6953911256431958 0.1452544625410459
0.12103850740103594 0.041607138666833965 0.7798592504776274 0.2516260120399536 0.5764256816197645 0.775144416766391 0.4705472676400456 0.8779750353987732 0.38510391884953155 0.317168280166648
0.7289138113462275 0.7272168141886997 0.6845117075194851 0.08642452868404027 0.47761207424695074 0.4667497841970625 0.9500762669595956 0.21620789398447726 0.24612243564619218 0.026661929680361074
0.9026605844591109 0.5884621305322953 0.23498024384052996 0.45444908384221094 0.5201681816778624 0.4474784541077159 0.009811152092286557 0.2066465831102624 0.42359916483478743 0.9272074470356156
0.9748626393529435 0.7978152302982682 0.6119538862737351 0.2568631415232715 0.4954470278205019 0.798611007125072 0.5057312865021065 0.37141237312416486 0.03968775429133409 0.27720764519321794
0.5253706907465868 0.14670663714878251 0.9921873974954675 0.9121296322203384 0.9788378319198697 0.503427298709585 0.8557125025446959 0.16959273224067217 0.8616566576255947 0.179679651736679
0.40171644216495583 0.13473805512887194 0.2830409730732949 0.05898486286718885 0.9564988728418552 0.8136845244750673 0.6233805982523126 0.5585833140539493 0.41702586175348444 0.982114083122801
0.20118897819625325 0.7323766041278866 0.7789125007112121 0.9461426375526742 0.18172051665789057 0.42349973608086033 0.928795405335669 0.9025190360681312 0.6948173639909655 0.01342902865141471
0.20429946783792985 0.9377334520495753 0.6461469049942054 0.05769515220297461 0.7570300105319095 0.08940540238895955 0.503843283454803 0.3726852790510181 0.06749753813141379 0.30836094315137064
0.42166700018023096 0.9436816009624241 0.05560930871648695 0.6060974554632671 0.4201489404632034 0.36119850095806283 0.10633817765166831 0.14987350534886223 0.9887864429758159 0.3608436730026545
0.9874060611161335 0.5764507105406051 0.39521034752364237 0.44134344027401506 0.07429551555331038 0.3355527658513835 0.19134427778084206 0.46603625651969693 0.517629796579217 0.4453967914506948
0.8919278213466987 0.6150520925267828 0.9889384814371193 0.6451907864860872 0.5673780249445757 0.048560049723339604 0.42305159769541445 0.5632796095449961 0.1408143910881211 0.16588027255498528
0.7388425966428667 0.18466205757679233 0.5081744435082195 0.40092040654280836 0.8647666562232996 0.5978894464920101 0.2106983574457444 0.08131070987030398 0.5216171854867285 0.7288961545794802
0.28066290242999115 0.9967763819378755 0.12215055195630331 0.5281009849293999 0.05409627432270914 0.971699306953487 0.8357048341543122 0.8671576621337166 0.1983070899744468 0.9174858038203276
0.33566579402808416 0.22302161782337337 0.9374124943832848 0.5522707991335093 0.9986090048136291 0.07953943747276615 0.4756514950276346 0.21865297717638976 0.3561744968313807 0.8605562370006073
0.9161217662795897 0.004569805104946201 0.41420592485389307 0.12357549747671104 0.5516791276272781 0.6780847803398116 0.04841376680428644 0.6892947646479289 0.26509097272144044 0.7837738867126782
0.06179754543356342 0.35987978757585337 0.9171362642690609 0.6165620495788579 0.6462899926329854 0.8876287251025825 0.024196102286855314 0.688274495300272 0.9295611602522905 0.8957170646346512
0.7309808864438883 0.7328319001881971 0.007648175540631907 0.524003038771911 0.06939108803782701 0.25793241580057413 0.36505244147728155 0.675412233979852 0.7611108885398427 0.14422760457745043
0.8661724996619955 0.8722093578570225 0.3693845685859849 0.8174135635131248 0.5654178190148683 0.8965041566362377 0.43452831378177403 0.07432211513164999 0.42807468895548617 0.5856271331698503
0.3380805117687692 0.7310117969009887 0.6799726992874773 0.3805505575062894 0.03209580610095031 0.8790215617627242 0.9112261345853434 0.4843186199594699 0.44293968790330907 0.6853647578138032
0.24780160616897406 0.7774898642926674 0.31304170797106456 0.35250493858713083 0.874390018850639 0.958884302609723 0.47941738888624597 0.06646882877493754 0.9430364943694226 0.7324664812399474
0.10436982073967016 0.5044161680877229 0.43420999328858334 0.24498467045253036 0.17163435775495095 0.7473999712482 0.8504695488902311 0.39402581178224705 0.640330384151209 0.24971500306412808
0.7176112868514963 0.07243474260255722 0.009436734760309484 0.8531461396412181 0.7441568922040779 0.8925849455773159 0.6871080606227069 0.7025926492559228 0.14727069002622395 0.4427777732465137
0.4820014108718199 0.3189578933998952 0.09166890928356175 0.6680856592898501 0.7378838013432671 0.015858814812041433 0.40781168567613346 0.5392440063015299 0.11814312375639657 0.3086231627213909
0.7566441858276741 0.7757357136598291 0.8134261636915977 0.9572060620401198 0.19038091170414773 0.023001037535759328 0.993479336974339 0.8090728572952542 0.6223025537432014 0.5487448056459946
0.6533689048886406 0.6637578025307657 0.0632622337675317 0.21960192873713313 0.6146094535006957 0.9677230575333173 0.6085741870760923 0.2469613295436215 0.3333307119521808 0.2663064592909675
0.0661845758899875 0.9495372669449675 0.3404642776556117 0.9889602914334668 0.8055004287144106 0.5703163878230868 0.5930336171990214 0.3246475185834421 0.8759799585651278 0.006797589001831583
0.7509822094966643 0.6561762102326043 0.6955629557817817 0.1659811087308407 0.41057598171334464 0.265416315481102 0.6412478549439776 0.5393521632746984 0.6232683167247742 0.7957578903224326
0.6875974036272109 0.5081435400359294 0.6080167226867157 0.2638332385805371 0.8336821582383849 0.8354506456603382 0.4253926712991499 0.24943970950492844 0.43494764654824714 0.7793115708444482
0.5234267490047348 0.26076411592730553 0.7137168634824064 0.26965372838384394 0.48798392444949745 0.17142355405236076 0.6605172202318191 0.6320478453912682 0.03456388610502348 0.056501638960283485
0.2581470622573545 0.41249891872563793 0.2637746786443066 0.7166731779888482 0.46137370407010847 0.9600430685773502 0.4693276642634826 0.6726742810540625 0.6473811672580602 0.5577079908689454
0.3352547717644797 0.4367891953868279 0.3155628836119114 0.05743407694392533 0.18815002036551054 0.4236889027427717 0.6599806747333881 0.17084209154088925 0.0805885328522109 0.9498708772727205
0.2637882952400198 0.7952725756629525 0.8734784884847951 0.3891132841374768 0.5721439106697856 0.013310871275839298 0.1579526983790902 0.7007710029671649 0.9886130850937791 0.6940512207089381
0.8115077579630127 0.22840491818156383 0.40978979307942076 0.9456418678433299 0.2184509068423084 0.8781500343116537 0.7638398662837409 0.021192864835142045 0.7013159880485342 0.5293920891894212
0.6508979445029773 0.6639164019104701 0.5077609912463579 0.8047358998598486 0.4967250966356368 0.29240966887099573 0.7765623612845004 0.1319138310831519 0.7257614329578251 0.8732782189317395
0.2666715162703309 0.3671954712208877 0.3356842049029716 0.8058378299085323 0.27490167610849714 0.11802472271740172 0.9128083487817646 0.6524211298855164 0.09066381693111092 0.3020242496009662
0.566143682211662 0.08785472475220235 0.540272721624515 0.41017083903555207 0.4776484285478346 0.012961907201970657 0.6586955012548198 0.4038603074775988 0.7671964337312414 0.3794841382434877
0.29321616795420025 0.16874326993278355 0.1530011346660608 0.9076047257545712 0.4913420388452674 0.9726287575836836 0.4517164955773474 0.5422963375817837 0.8543787374798191 0.43041516049080675
0.3071612155831196 0.19100332330345515 0.6484524202135072 0.06592314431306556 0.6625895684022082 0.012709012430252797 0.3563595021446555 0.6786689005266037 0.3986582222510191 0.28722708830652066
0.5264752330857614 0.3730297540532369 0.24771552483190684 0.6835951192217987 0.2290547964517804 0.28791927555894636 0.5647659834240297 0.567737554960296 0.16561138642298 0.7770013960190656
0.7864390814368177 0.8421044466659894 0.4936578968007159 0.03263930399258286 0.4415186272136754 0.6937812973196085 0.7269498805233622 0.9211866277414458 0.3900649488561885 0.5426044863866638
0.6504696811314538 0.10289453537095494 0.5628889651965044 0.42710562040172073 0.049742444159170174 0.34662083522373177 0.8491137923242924 0.04364747784511014 0.19567668028566887 0.317692407837466
0.9367859680654808 0.6629031965861492 0.4489739065057413 0.01668546229481438 0.8499751001522869 0.18786927853378 0.052252548790073794 0.4775528494380983 0.6455271118668112 0.6888920526664124
0.16338404285764418 0.29544138938976827 0.2336131657533339 0.8537268615401993 0.4501394335269818 0.047706162611852676 0.5684422269555035 0.9244370037108623 0.11409741171259402 0.6960430766618949
0.5189828097563386 0.8579803522363605 0.04086530524992371 0.6133247713825798 0.5742648745806292 0.6436187528243287 0.8840171978895562 0.9656393002937366 0.16381053370580234 0.9378258772020363
0.28175353024371397 0.7981947439388085 0.7809676075621046 0.4361572372554695 0.07813970592152464 0.3231671937684325 0.28539785855301725 0.691585710832004 0.37488114196758093 0.5882336924668805
0.7306972964321552 0.41009492585149687 0.47494533212488566 0.9164454155184133 0.8141028449098995 0.6068615233490438 0.2959417100011452 0.25126091076993307 0.5774668253492152 0.39014689417433024
0.6290225329259873 0.814972923744806 0.3021559149713413 0.555057640355793 0.6981693629894116 0.29442641859326535 0.635259391311489 0.6156234493350717 0.8350808637159832 0.10483973861808937
0.8604666659813738 0.3811797674700337 0.7264800640722321 0.15070470613340226 0.8842016290215403 0.6918318998928578 0.6135095834628281 0.9021554201447335 0.9460774002682465 0.46781623173752507
0.026986419822925045 0.5358598849042973 0.28246177257739624 0.798863429139496 0.1276377279881421 0.3514023050120353 0.972920128778944 0.4022072306198612 0.4870422478413772 0.6672882396036622
0.9815293818153331 0.4116717043688448 0.19285222909420574 0.9251188656174345 0.9685328252923083 0.12530908809740282 0.49097325108153855 0.7861442687546775 0.7925323899944169 0.035348979286668136
0.7877302283179645 0.5913202569462641 0.7493915168779345 0.19175904593766546 0.7266499122999303 0.6741569761758701 0.5012481869124805 0.709506344511665 0.22734157390143594 0.665061675274541
0.3375143826607778 0.019647403404697172 0.828058904551008 0.10654212107480432 0.8794647400127684 0.28566424840185667 0.4088782532524271 0.41055115477649373 0.5909938727639363 0.25900292834060135
0.38902939188632424 0.43241701745501926 0.490348013085516 0.731559458869289 0.7897666228250857 0.7102179252023366 0.27111363788773635 0.6578980325197722 0.13327022561068846 0.7241239706114649
0.6354721247079498 0.9662747746817509 0.008418658702969317 0.36714256182521166 0.018705856714488434 0.05507959695409226 0.27587459651678214 0.18686877004052205 0.04116817075084689 0.9800978282778199
0.30777887212512023 0.8572551476803568 0.9624056696406584 0.37803217101766307 0.3614480068903976 0.7700801253741784 0.13184830955733484 0.24301498312012915 0.17182271835705665 0.5977078804611005
0.9314589393251687 0.7753793342117667 0.11401626426878808 0.17189687444637902 0.9879610564738105 0.655746973086973 0.8351629866849768 0.047828142929060014 0.4957392791457733 0.26252993698804916
0.08386927878791284 0.6781885893308048 0.3362343341845949 0.5472320112556637 0.5759202607054079 0.20905843195024465 0.3056308755260292 0.5094748827907559 0.12649738845280512 0.5275162976993862
0.16986215847497832 0.4724631422376244 0.9520138845345303 0.3402893065754715 0.4544334699078981 0.6496414136051666 0.9987759271116209 0.7434393849250615 0.8462916325341423 0.814585721880827
0.39102959116463576 0.9549917577273744 0.835945229120378 0.2387104941178365 0.6075548861274689 0.6255747758798975 0.7602661815766764 0.4451614483222689 0.7938198933158239 0.4165550034502222
0.7198803840092617 0.7423039513019859 0.6958093919791575 0.34081509515143316 0.9397813507168882 0.946505088976418 0.06199393690277755 0.6982362687470196 0.017777372529000246 0.18144738921673953
0.0015075304099955167 0.30611142034062455 0.16260956726120435 0.15000029018942074 0.7094523586711767 0.1241283825967524 0.9620541957984157 0.8147154985806544 0.17435179814932622 0.3042275730334112
0.4410499444836984 0.9943006364967393 0.9681241237950754 0.1575519970454109 0.17086667116717646 0.98596531152166 0.9855501838347087 0.5238715844610247 0.9725592970820451 0.9573220705425346
0.0480612351670876 0.5532781343037824 0.3214264919604568 0.5165645053515884 0.6157733603251041 0.965611019670738 0.9039210637771301 0.5659333099850375 0.4620473886524553 0.43998772518461415
0.9044347853992726 0.2710203430203211 0.05645420609981533 0.9049781026959828 0.5066077186577419 0.7372500222689351 0.5748772930532896 0.1493739714720116 0.7822877430877891 0.7749158251065079
0.9095857728550907 0.35417119988765877 0.6109935828004168 0.955439490446565 0.7874625278883839 0.8582943222155397 0.5237104104458662 0.014059140188784625 0.12117411815881562 0.7137585666426639
0.3970738338327 0.5379415085772011 0.015920247952956323 0.36037779968434425 0.737475067917101 0.7937529213992193 0.433502127725783 0.05579096684553231 0.8893460512751847 0.4950123218426118
0.37580124106306967 0.533494248906928 0.8778601636707677 0.2870891501337539 0.5913606046129355 0.7297290777097875 0.7535108031357536 0.7364973424575908 0.23161322326599543 0.31949159670918126
0.2445063870901053 0.6511764158870486 0.5874029808650683 0.2325921179715459 0.24264715710596552 0.6297392404468057 0.02179582576720207 0.28260750791179035 0.14932576080896565 0.8402053359335903
0.48177966814006534 0.5347340368050723 0.3905196292835922 0.1625275054451163 0.5193036272418146 0.0629613979397523 0.47312052685378847 0.9942588065695716 0.5812086338121567 0.3026532320262434
0.7996726698380865 0.21499577311889873 0.4379530524818741 0.29153359928705147 0.08456736937678888 0.0327730013961105 0.012638062620075385 0.7102423510204594 0.6219691016854372 0.6943731092230772
0.5446900498407881 0.7830372909119396 0.8442239358018393 0.331555482884511 0.9766577276115057 0.7798841355103796 0.5792284998304857 0.536495597045465 0.6879341672606254 0.07308995075297076
0.16621334042996072 0.6122668418930366 0.21581498260476673 0.44479982634711646 0.12162206900418926 0.8279844734071795 0.40215558916635796 0.6160901565080713 0.3602433217532648 0.4232718364951247
0.4829920073697008 0.7740562608036218 0.07148002960564659 0.5529968385957654 0.9988414171143762 0.21020644271273115 0.2266160280969025 0.8407664224367719 0.04500003148419851 0.05163778367312477
0.3501678833118588 0.7184556398852104 0.3040072870928031 0.46588409141366094 0.6268847973640578 0.2690869520568231 0.506547428838649 0.6509895442356107 0.6356877546295538 0.8616646038421986
0.45241061381151404 0.38427625900019635 0.0028140768668957206 0.4691076881187338 0.4897373565906835 0.8964379800202373 0.048661127597984466 0.1942149735349762 0.3986219050566753 0.36200562196360053
0.06629905018417859 0.19363312545437705 0.9542515101675362 0.3528953052958347 0.21434909196064023 0.8860897779982424 0.05511001176461483 0.18866295159712432 0.13290067744420497 0.058690901790013905
0.19337616730728835 0.23525367855751478 0.2983665893781391 0.24387216969547176 0.21749798785783692 0.8534486886482666 0.8216529767441065 0.5296320514253211 0.7910267872625175 0.8788756806770252
0.8637465132299161 0.7869641161256268 0.6871454478497347 0.22736378637506516 0.09379833506054303 0.15094465880707664 0.07492734560819636 0.4625871728656419 0.6470104580507805 0.4757213629174769
0.2512139845021045 0.9373562282939844 0.8531074155925106 0.3986869280609151 0.8511007378325898 0.4255789649515598 0.6009018007866057 0.5954114686485453 0.4303716761030474 0.9988293028067167
0.580439725562785 0.7844463439209483 0.45482643960357494 0.26962326626302857 0.801437827958834 0.04990055306041552 0.15429292527439487 0.022917869630111554 0.7252011804507166 0.08973093267007726
0.403221764339713 0.688011506081386 0.06693677718657909 0.06897546204987215 0.7751100686581792 0.06493916960312363 0.8263549000462528 0.8596987248360886 0.18460282402211126 0.2126193543942031
0.3866764102984579 0.5832073263837367 0.07897294723721882 0.43042386890261286 0.5856413860333894 0.5351320764568717 0.9697815711293076 0.820505686374887 0.506840038637 0.7702630759558381
0.20587242215392354 0.005134254320336096 0.3656646219667319 0.8515627345930119 0.2804551542910855 0.19145135857185958 0.27140649112789617 0.5265707002694653 0.6378845398724525 0.9254752631823824
0.835499910073239 0.3844540729331001 0.8998437047731304 0.5578441751552055 0.5656401170802868 0.8682449585247747 0.6659911452838139 0.6557049441884276 0.7364801124027031 0.36934670354497645
0.5607330471587574 0.33831629218352244 0.9598371429269993 0.5151793970497229 0.9956336242472952 0.7883504276328289 0.9908162225177465 0.1758736745514139 0.19607832467975173 0.9965404307882829
0.40098475054241756 0.16221148921270656 0.4011555667172373 0.13423572561345576 0.6257088681916619 0.06455163114681128 0.7873249953096456 0.8165908417646375 0.5499887567626359 0.1912661967619359
0.5892911139049237 0.9185277014605976 0.23560645523804247 0.10525403797469302 0.095603345533669 0.5362755638293233 0.6121265970217085 0.8283854755348814 0.6818546390635682 0.14920607450642753
0.9552668882166525 0.38627280302968325 0.8109526575337315 0.02984616390376571 0.7583816491908392 0.9995486296020465 0.9777886818083649 0.474364373122071 0.1662785706889055 0.8928745575659435
0.9047317056938929 0.4814911664069109 0.4853149821361322 0.38919092502969643 0.9047257483066807 0.09474741157011135 0.409697061973857 0.6842577161089025 0.2203711593711386 0.7410192630583299
0.511131153677618 0.45532588141586106 0.32022074078816276 0.5479319130269416 0.22745397969716752 0.24781684672375226 0.587624918014202 0.8031388454522587 0.055594015805301766 0.4051780339860481
0.5728099043813205 0.4305565472267885 0.9051938172787876 0.15962015526257245 0.9954758587177042 0.6017400636618222 0.6014488165588241 0.3852320090860807 0.9830527045490692 0.3750073717824668
0.33919537741052963 0.4300069192173597 0.6088529403379669 0.5605854688463707 0.48500698110957463 0.3896045493963022 0.6547130074175325 0.8469652064050119 0.5000340047593388 0.16321050353747302
0.6643153156211207 0.5918154058682715 0.9135497496931385 0.6406453540563056 0.77623546218053 0.5802210855394406 0.2156406558457553 0.4099137120823836 0.5298602092053518 0.48367508561001404
0.25720683886408136 0.44567328806804274 0.822673659039722 0.7151658790545325 0.24641416069673328 0.3416424125420451 0.46401039921242326 0.8688686163788826 0.7129665048866263 0.7837541465414342
0.31822617792967745 0.9573606958904608 0.8750432134112086 0.1259038234173233 0.8593379038281201 0.21494697624411607 0.6884731831838096 0.12642596935679573 0.0695368258163529 0.32259388463068195
0.4836937682347485 0.13097567656428444 0.005579792543143891 0.528135868795484 0.5032690007022839 0.24627856119477476 0.02991524487347441 0.2848313129571379 0.8412185794473481 0.3392524874325863
0.6575025967942338 0.7120097810665247 0.2551352829612895 0.01729320505753329 0.20463416697356906 0.39346573250460115 0.07304500124496471 0.09805528806280428 0.9426716196566496 0.772418476684017
0.9491906581167683 0.46084878464761814 0.2574596085568468 0.6762719483261175 0.5363971079160196 0.5868108240049393 0.3942810307319289 0.3100721461293857 0.23740141042256135 0.5413008327194734
0.7285702440617755 0.3944736516394426 0.07350866027539005 0.629506816092096 0.1442015003674687 0.9921915589323193 0.36616097599231034 0.46503944509855677 0.02402215512300232 0.9663282997903001
0.365483001008866 0.7313292807809999 0.5614011624942961 0.9446294024293979 0.1795944195085184 0.48693248062546624 0.5869152309733692 0.12563644599473955 0.3594562335272372 0.468388085310248
0.8708965633620299 0.25586896564349537 0.27624422598884324 0.47806032199616444 0.9104175588167039 0.6315815824214572 0.9917196850265994 0.6094374391931179 0.5383894972161093 0.034306658390557465
0.6667937305438207 0.7586483420842265 0.30280383373897657 0.09630662350487762 0.6794583883336578 0.5984969395022837 0.4557461105248063 0.7102243528061658 0.5304843786750573 0.9501033134632952
0.5646642833866959 0.7466338306573344 0.30376124795648773 0.2772799683208139 0.21247466008883797 0.5238579852444263 0.9178832071033165 0.8500602409917962 0.9884402785411653 0.18633362726831637
0.6565596323701112 0.9763353801917638 0.9883580607719371 0.3909685920061071 0.497656402399411 0.5843454900996472 0.34044275973902394 0.4753493659294389 0.5741502889253484 0.3538088383564818
0.8523972282055841 0.5873220156828873 0.6950057073869347 0.5397629067058529 0.7355098522333703 0.09238350422368491 0.22995913714578864 0.6107299834831037 0.5032220749125784 0.9434835226298667
0.8194236294472952 0.8316086300433636 0.5644599559080848 0.5972523776774473 0.30920188895540224 0.9617318309282564 0.7361257107172362 0.4913336801119086 0.02942355759440818 0.30982152528808893
0.8844963918670051 0.059414690937789616 0.038097984546413555 0.49010843867241316 0.17187866863398782 0.753711651679578 0.23190155456279815 0.35767481060857576 0.9327200934762487 0.5690810573344882
0.29029394889214977 0.7661172792248253 0.03247898277364458 0.11859217736386063 0.263785416686406 0.9869155894664017 0.6729062671191421 0.397310087868884 0.2431525309546133 0.8574324544960205
0.9989946637876291 0.9892024643006513 0.953627805064752 0.9832583917750171 0.5357016669042447 0.6214976370827875 0.30656370823975365 0.6106550304715999 0.4366547336655606 0.6514853214294205
0.9107993909710417 0.10613887595354321 0.7623984160365067 0.28266539975346194 0.2969340752123767 0.3327868467521621 0.5223448960199146 0.05031469682182621 0.13993833471112382 0.5966341605617067
0.012440713618245614 0.3909549666790282 0.07901051195915287 0.2515737425169573 0.059664383652759945 0.9158699885375786 0.8283124059663395 0.4974557810902265 0.1448207991742344 0.34573374956715275
0.14819476337037285 0.3836249339557124 0.01670009679119322 0.9315751161999721 0.9037498934658155 0.5389217778457367 0.3335202528972665 0.5867190993582011 0.8760048475806509 0.6892142835605537
0.07167410439989708 0.8850089700575549 0.21079572377995015 0.5948138881528185 0.9271529815567477 0.5425264692021715 0.3913397674770345 0.6426700994649187 0.701621150948665 0.9931932321749269
0.4027487657172929 0.9620264158674522 0.7129661096277127 0.19304841580717003 0.32020366008155754 0.5972595106951908 0.5992520696799641 0.8436638661441733 0.8972368816775956 0.9679127141715561
0.4953550138241062 0.8120701935211945 0.8565456713521789 0.5734737063446579 0.4531594839840598 0.6427326052360509 0.4929857396961399 0.6592357130818955 0.1490488472535969 0.7065286380074386
0.8868718178690158 0.3496202857012055 0.37652215241218845 0.7123445044144346 0.4954377165641197 0.5766287778203152 0.5571225753109278 0.01882016093011174 0.1412851005980711 0.9836291190970556
0.5194638397464021 0.4269381320023038 0.44887727083863493 0.8684729345978052 0.09399210049506745 0.9085644258511141 0.5936099757371717 0.14497764613699426 0.6502235986477944 0.031714309960580445
0.8227187361474617 0.24809696602619347 0.5635483716072989 0.6802298322283661 0.5832577235077986 0.8856422122390767 0.7402930686302504 0.03371979230358502 0.2496130700643493 0.5482064052593941
0.7525870321637655 0.6730270126376856 0.3814885889295284 0.7289813775948332 0.8386772670994939 0.1071521854931945 0.163029710125686 0.8764479534297441 0.009689659941805262 0.9794767159781688
0.17472731739715308 0.2054578218347053 0.7704354403294744 0.7042923587744357 0.9319697220869941 0.6260151781180062 0.5097130258337219 0.3090581998265821 0.6875880857570659 0.21410466674702833
0.4446577264095499 0.8134704471289236 0.8404665484522909 0.8452021291812793 0.11404228236629266 0.5633444376454968 0.9182652058338242 0.8386427434787411 0.8070340713746346 0.5554718065675843
0.5095306839358049 0.7198109308430685 0.9867648453357893 0.9390305098798329 0.7089456085540562 0.4971551108538773 0.7221719477638936 0.5597891660001074 0.6091943400199272 0.17231954678550354
0.3769206628499736 0.6252610599634496 0.12389991030171288 0.5542247179386689 0.320818564311514 0.31212740245779014 0.9583125519287551 0.8317162018310492 0.2269856873809072 0.4116636685581867
0.8579076002652608 0.7744419719747335 0.5971441979715199 0.914566640014834 0.3597767529282043 0.8779063216775713 0.517744207867137 0.7734937066720315 0.1476731280590713 0.24618790364349874
0.2912429702795105 0.9497906281759814 0.7687974257342437 0.5145987499455836 0.5097068500185135 0.2502973943189438 0.9088889444696624 0.6545996833327545 0.34200690204116735 0.3907861522296142
0.6419115802687421 0.07457703694631324 0.29123001362091105 0.18449930336984488 0.07160176051899081 0.032624411336486525 0.4455299781323412 0.7474198874418203 0.56437176440203 0.01126228375792837
0.2934934134330788 0.13632017444054056 0.33653823415763995 0.3690675407781083 0.5041980936534677 0.8912990083840939 0.5035726027908279 0.2804737308993377 0.6824916489350817 0.5414317558526576
0.8250464317364898 0.7025422212666964 0.0016213673539628992 0.25032168959869316 0.28617123517451415 0.8662933442209058 0.788196253453725 0.4277546313709103 0.3453092661191334 0.5802257060095071
0.5885649692408296 0.31432381634490214 0.14655774609593308 0.4549407586648496 0.9810443490900944 0.25780526046504304 0.24748610212143196 0.010329222149087824 0.41503470241796625 0.6432281235866082
0.4443320393661033 0.5105644972385313 0.6559102611170615 0.2129988758025939 0.09043887270150752 0.28718743959768367 0.9936736872360855 0.8191020149092141 0.898443301393091 0.25685620583302327
0.23371630022827128 0.4863138284214781 0.5926989785429494 0.3178736773669285 0.6296262313375407 0.033530376383844485 0.9356482906275692 0.31839372437261515 0.3408388800419452 0.39972428605885624
0.5903309642772451 0.3292475712613896 0.7020253901381616 0.2517095402093211 9.446643005549538E-4 0.02561944435499297 0.5764664092090178 0.4128071358556069 0.9743496686713082 0.08434072353576505
0.3322601150658807 0.14466870569928103 0.9276357808715225 0.6373601830496926 0.5280648945609402 0.3389294232181632 0.8303467004650813 0.9869873042534636 0.22417859095580106 0.23102502459897967
0.7146830329001884 0.9847948381500455 0.9451080150216339 0.3354226623447697 0.2529826019089575 0.7036053112108804 0.71138383128484 0.9196785912439274 0.309001977396815 0.2907760009921533
0.23122732704744675 0.4841502086368912 0.5580011551830311 0.18103512288897128 0.296777707962504 0.3948538351175426 0.24035863873929564 0.16841187409249403 0.6649392048574029 0.028873931645279405
0.8644216945590187 0.18934129716559844 0.21950990904402723 0.5348930422299119 0.20652216925547806 0.05281457426015157 0.0091047797146242 0.5858264458266549 0.26956605085021323 0.7684840788868983
0.8344878297190701 0.30620882324980325 0.9563300264921537 0.5699214427067523 0.4192789823323182 0.8938951899145754 0.08957620707715375 0.20776677019681855 0.839603822886989 0.323801366570733
0.06832202363252338 0.5962949442211994 0.8111049154123048 0.9208244855205768 0.8880788076066312 0.43696521065623795 0.6358358817270977 0.5197469589671061 0.4725995983480815 0.013808350526996138
0.0969100701714104 0.3918421265394798 0.2656530094736471 0.958045692414171 0.3553782178278333 0.11106391749503386 0.813566246764797 0.41312242481079886 0.9516601891806077 0.05711620529185324
0.6327577659898812 0.6963773860991158 0.3429578445361522 0.3083623184363017 0.001205594489402051 0.24986020568244272 0.01842766935184026 0.26444906225365394 0.4387748301826089 0.4003457889575637
0.12549335341958545 0.4566833912686079 0.5485535356634059 0.20738559184282102 0.713529882714316 0.6536141472624232 0.5798237693333002 0.4682732187536628 0.15525237348189047 0.549935447748287
0.5430200700750399 0.7700923265309598 0.04149464409133541 0.03874219476231788 0.9580050918953267 0.3315526339890582 0.8616637147602121 0.31033207252760475 0.34921790259609864 0.26110941830279566
0.08000828527582571 0.7951630597709013 0.4147279792256843 0.7729012584423145 0.7969406039883052 0.27423888659929496 0.39095329341285145 0.848329202332228 0.04500293151629475 0.3171092371503642
0.5107786563549321 0.8086399404096567 0.910671095910117 0.5758355711153224 0.6100360370534788 0.2726647120863027 0.09603931162930823 0.36268755242712947 0.8757858271750311 0.01390462778888868
0.23853219458815222 0.3699987848697066 0.449564319451524 0.3024419322657489 0.2921410791520117 0.3525251883035424 0.09973914121405592 0.41969631407131724 0.5402836267298873 0.08581271514645661
0.4593410702774957 0.16783383383072437 0.3582371621153171 0.9384960955213474 0.3892173632466249 0.36067557561322017 0.672197659815626 0.952113126190448 0.8710778652519174 0.47924203767447193
0.17236815610417844 0.40893446631071195 0.46098216075495746 0.9026079881964625 0.7290813317341565 0.48647163755171274 0.7410425709888621 0.383532508575844 0.13381331543847952 0.7467411179188221
0.395593785608629 0.7283666252061854 0.24104694081721845 0.8890258357906531 0.507807345876816 0.9620315208741687 0.8222939410741202 0.4067892334838138 0.4237051237714825 0.6113980222927182
0.9601877366738463 0.5325621678614862 0.06275270525817034 0.12418809633173855 0.6084098914211781 0.12903564302419057 0.8676901584357645 0.855557684185769 0.022314206230180766 0.9902573463213002
0.6809843314694092 0.5008092077814589 0.12546518604208623 0.35374395024845895 0.7112630894239468 0.3302215855832713 0.5189079475298799 0.2924846111850019 0.4103187467852254 0.090774016080163
0.7628390335459325 0.055225784812682255 0.5197445193367528 0.9795796300242298 0.7644489205814913 0.35409142048914344 0.7659940008374113 0.6651332775029389 0.59105838030169 0.06050621005920087
0.6836308673314611 0.9350176602289759 0.7942726282236631 0.7635544002948466 0.8287618109267215 0.1825003604623272 0.37872867636493346 0.16931987133802318 0.20812314533752307 0.6094939614644362
0.8781131280532648 0.37541808893990947 0.09401712053403877 0.7196399714348333 0.6114784858542763 0.6418438478889115 0.521271548166213 0.4028167843625948 0.08448859975064782 0.3974234776336676
0.6696217901205228 0.6711608427140979 0.6730746605238213 0.8705735922199913 0.023392029574247575 0.8967288511014978 0.18108512297795776 0.9137329641610811 0.670078050246947 0.22221874264348984
0.5988641731544386 0.3027482254347106 0.3504110549677728 0.6687053043217553 0.4062955019434372 0.0356575355251052 0.9047085875640941 0.3481359789910785 0.06169883032126522 0.9297313712773025
0.5737947847630441 0.10337133835936985 0.8970690674791135 0.12129275904091219 0.20749909487009222 0.8448435698552359 0.5004991325235915 0.9097538346014826 0.8097191100581934 0.8304456070893974
0.8082286892277819 0.7554697031848265 0.006259626795341311 0.14405254333646778 0.5516136278944003 0.1404242399773058 0.9601365338620893 0.6681158640281094 0.40841133856861045 0.4314270026330935
0.978761166005615 0.9170604137038545 0.19312975180424186 0.8474141522077538 0.5583963716887476 0.20075283213061212 0.6877884721301805 0.12561046446482316 0.8935034658125074 0.7210991835329911
0.262292818951675 0.5057236529089457 0.9420743169173644 0.36986893029494494 0.26272252436622645 0.20700616919390924 0.9827705368289077 0.1921310909071623 0.2561889292869607 0.6599336937598663
0.22566783727584672 0.7072276379427792 0.6125155033714044 0.37241375417691014 0.44562991061389456 0.5379983692022551 0.5758485214164626 0.45985169976440643 0.7958135149031363 0.08901017684180135
0.9334062540838354 0.5490657660064641 0.9285320553953166 0.3358332758000456 0.6239262975815377 0.9779563184485129 0.3016825206767252 0.1399454032986115 0.1449724948104647 0.9559993894576161
0.08116614386967524 0.8876345752939804 0.4161144103215658 0.6250477063788589 0.3632107152402636 0.6663095228319953 0.8340938410446919 0.765587043093657 0.5352283619030608 0.6379168303896315
0.6164444933538679 0.23050985242285826 0.46981933644966234 0.7467015279059817 0.17163218328263363 0.056631724415758145 0.9037591592984348 0.4073386786133696 0.15663525541680812 0.6035907405405696
0.7922827284196885 0.3595007696668686 0.08698546144412433 4.3366171822734056E-4 0.6487055494966234 0.4462163362727227 0.8496418231058606 0.6421069185835372 0.8803992730551298 0.6759130783536886
0.23567144847397148 0.47123444610631315 0.9143646284083151 0.5618286791453191 0.6575626797310019 0.304978670771886 0.4691218376874985 0.39751122492810864 0.5450973547615744 0.5224447016494832
0.6743650078402952 0.8234199401742066 0.5240611834373379 0.01500198034511091 0.865803817744961 0.7671765930786513 0.37367185850384377 0.42006186200787443 0.7898417302161829 0.5988065748121217
0.9314571167365521 0.3082634279038077 0.6412173637479464 0.13234771258420142 0.5684155152105594 0.17468398484497183 0.8264615463194168 0.9264942970395997 0.592645124031214 0.7966046962255292
0.5969995809854789 0.18948230712484782 0.956226218532332 0.7635261649136325 0.7279544282325604 0.477211561028014 0.9379960778754042 0.7595423278831134 0.23218343272571673 0.28863890240579426
0.05395540483998207 0.4838455143814143 0.6938076702094506 0.6087659608590167 0.30739732903343775 0.9320495033062116 0.18146920237096786 0.4270843720109093 0.0324516811860851 0.12918115952361797
0.8587789190408373 0.2681294581930186 0.007588708094594776 0.30460583579165523 0.34789304424499023 0.8108336382150017 0.2197280384640733 0.9298153341087098 0.6218842258797189 0.7446589475510811
0.6449500325399588 0.0019214221121662822 0.7025485901815548 0.11302761459874822 0.6784087706020968 0.44886210056092013 0.7225174089329552 0.5283583745766659 0.39389650273153476 0.5567415699121415
0.9740182682619494 0.8080558535645205 0.6426123584645839 0.8753894737508825 0.41135721386613366 0.7770884624561977 0.11103818030400403 0.14513819467085798 0.7001701742105324 0.21033023146619623
0.8494269086852796 0.4059818584787165 0.3137180323370514 0.14663061204217176 0.4552602230019279 0.5996944489828621 0.3649768910256922 0.09661539684372289 0.05013374300303064 0.656148270026615
0.8330009709785905 0.9875109489013787 0.42387931693412084 0.2669885396829841 0.5930127157535106 0.040823037181838884 0.2363361232048662 0.29298336060405084 0.19190108340041379 0.16249086676513746
0.9650333304652898 0.02578315400471043 0.6242851301879438 0.8401753693087518 0.3661488041051908 0.33048684772252923 0.4590273563645827 0.9886304503860436 0.5764600553997566 0.032326770674322436
0.5420571457681704 0.6616447970954711 0.6256049302790608 0.7789481214538442 0.15859146387020107 0.05783068769386879 0.05082132206987988 0.009172852446437063 0.9763166202272416 0.7875755513535282
0.5104365128707463 0.5898018724779251 0.31082153012489766 0.9397611448277607 0.7777287637659257 0.14392362066645514 0.25554872177726706 0.08939378620520277 0.2633845924136138 0.08736122730158691
7.574441294739831E-4 0.021079021387960584 0.26262756927407105 0.9143041326940696 0.22946786935327002 0.6083121926931493 0.45219548044472624 0.3288346125338808 0.8230836315774033 0.9848460732196728
0.7726943126947695 0.4059733553227569 0.2353654662619762 0.8719356858599262 0.7234594168181948 0.08403245461974906 0.8006556703333143 0.6840493275228843 0.2699052812645516 0.9394782157997277
0.9307295843943166 0.8256739801951659 0.017447491608292953 0.37617019768800275 0.6243770351717574 0.41313232346992723 0.041431323298267264 0.07275703300861536 0.964792789688038 0.507867736340756
0.7791036229917859 0.7751736490577755 0.312082246281676 0.8314425870577462 0.6875158083381911 0.2955984221780873 0.7116645863741681 0.8475342206116391 0.9503474027475822 0.8848931127077322
0.6340825507556896 0.0425021404318886 0.3769914757578414 0.9824621427338831 0.5377044099234065 0.21363897395808962 0.7788442207835499 0.7156323724062498 0.9030303743167086 0.5830067767609207
0.5305930395784155 0.42006788579991694 0.3257918026883836 0.594799409575331 0.7283990838256319 0.8833989773562685 0.9757590971840788 0.32546068483145163 0.34222113948117683 0.9761584337130453
0.22914954569566293 0.5383270071497048 0.026130085193688757 0.8272818249978046 0.5647539070440407 0.548352594026722 0.7983143195091816 0.7258434339262969 0.8773765519467844 0.22751392608970988
0.6315778886451366 0.48636259067937093 0.20691054379701967 0.6777796438793301 0.10548527264219243 0.10192992909252285 0.5073462425281614 0.3260707280828635 0.6629075929927424 0.12756694668723312
0.48723750278201783 0.4544252904220827 0.6865772802295259 0.3856459229561664 0.7416270544269329 0.46862100897496006 0.565359079707324 0.2658621128931662 0.36515878682210634 0.5297974311758019
0.15529752404893804 0.10416335481310979 0.9870811217275517 0.5261595483562933 0.5571021431564913 0.8682068081695093 0.701072662032579 0.7456329790416891 0.929583177624552 0.6513265759017814
0.6762973246007942 0.02538002272057871 0.1376527068558514 0.28265973505025166 0.33082312775615685 0.6003753575097195 0.3938566789004485 0.6979926483314177 0.8245152469488712 0.3507786596131418
0.6940061944158163 0.5840533000862973 0.28574032297660434 0.6566308866803493 0.7703264261790539 0.20838971637285497 0.6246960061503263 0.6084399307881727 0.48964464913308015 0.2776382627893865
0.005905827066508218 0.8935103164441696 0.10948917276107206 0.12889979306948707 0.05339627970156502 0.2804107139456796 0.571573410139581 0.5521059783599191 0.6442995466071566 0.25776215431962457
0.059990265338549564 0.06567180221183222 0.7101018572771524 0.04856901361735788 0.38054400611324246 0.5233942772704454 0.8094839747729147 0.9176034407963997 0.32799806863304615 0.517471926438501
0.36267688654352503 0.41689361861794505 0.09961914151853501 0.16068326692045798 0.3444824628639719 0.973154731443306 0.9862488181880454 0.48017652781230225 0.9215851188965175 0.01104086858766451
0.026236503436374403 0.8359873592045736 0.9895075363490163 0.6273852292009098 0.04291810224654835 0.4893146990848606 0.8155393905125732 0.6841347505801355 0.5029270329834035 0.6887497421545119
0.026195515022099713 0.07147453554509031 0.9304753114805325 0.41706630059434957 0.9912354735206841 0.8076766844858676 0.19184447133655824 0.24684554734289488 0.2510038198125385 0.588496881985389
0.8246771457445089 0.5901217586987497 0.009826748751771142 0.37648119589397455 0.7282620553309631 0.9953998790552115 0.8754269799829532 0.6293348395755531 0.953856643279731 0.04480999477929937
0.9627958721254479 0.8065436489177117 0.038192837370931154 0.8348272027871297 0.20068793932112883 0.8647277644031115 0.3086637693872225 0.9859006340566742 0.17987958065707732 0.554746438752148
0.8552896759854652 0.619497938698535 0.1645605633020918 0.46736207359293236 0.41241402254559933 0.7654868409028244 0.9517030113107398 0.9393097643355114 0.22218140902094186 0.21843897364831566
0.10797974466040694 0.12790921328862737 0.06220110244243193 0.9483548777369408 0.7397797159339261 0.7898932393214887 0.011401218549468073 0.7894740044964991 0.35909546383450874 0.5589175712311469
0.20093007554338072 0.2802467416390566 0.5965337231478307 0.8062547672078229 0.7510634983199185 0.20821006121930863 0.4824268664469423 0.4904646647850076 0.33042709011843396 0.6254222663424034
0.7679997335715101 0.7543726482558447 0.2904456426120765 0.8432765025033572 0.29077260252361925 0.4114758942843988 0.12578208380005906 0.1899265743514481 0.7018578216055269 0.8789373962003474
0.09063070224243397 0.11922273550699947 0.9675340782118329 0.5606159168781286 0.16108067715362862 0.5969694978147282 0.9334589462201783 0.16111946335243754 0.17536746814310933 0.5584807959928664
0.8971070525868504 0.9206591766148153 0.9066813908611285 0.6308229944604437 0.5724971894885151 0.3005189274116793 0.027303980416499396 0.24379915227831062 0.05099890830966192 0.22024560869438148
0.408194596065346 0.7156429313547636 0.3629855393993101 0.5502038079767418 0.9647509413307391 0.8925540256699822 0.027326753054222275 0.19692782265925846 0.3073192833214805 0.4456213745495142
0.5391909047221838 0.7837427903993833 0.7841309780045217 0.9843443002566186 0.09135349420225025 0.6254161177274844 0.11469414165976222 0.7328757499286253 0.9501849772943716 0.42313898771808156
0.7032704493131874 0.63327635197917 0.8147175280116596 0.8649274189742688 0.8949188916449908 0.3894810356717451 0.1756669498763026 0.10657068967949568 0.8906895415989613 0.14634527963427935
0.161012626963142 0.9295445546194293 0.7739023713871579 0.2100512398856903 0.605714637890253 0.22484561782536105 0.11604728066202075 0.45931827913436907 0.1153742252845209 0.33549192587437104
0.9286935056535812 0.8712765994936241 0.7071198716282098 0.7054747176093886 0.30689759949604356 0.8915269044506751 0.20572815736617478 0.22923407156240339 0.9699514409698784 0.2148223590518562
0.9489647891995951 0.6732719096642221 0.046912545352536084 0.9109742769374463 0.5133583247386305 0.550303111910836 0.8772110588165926 0.7299958263544801 0.11009488935440792 0.8663859280405739
0.3007291902806861 0.8511633531642999 0.02044950278781632 0.23276143216761924 0.8971002317651857 0.30258761564980496 0.9411456160134618 0.9366704663729145 0.9005762616718123 0.7710527525392038
0.39226147230643416 0.6992061343333539 0.06466486329685806 0.5462934847561537 0.4037781026732796 0.01329905036648138 0.5798367812836748 0.8995462473984975 0.5415906200017145 0.1512207757458286
0.257958232610101 0.28312310158408005 0.9597808112644197 0.15853086501056313 0.5887029751428792 0.35592215607610267 0.5731756326422687 0.4101816157119046 0.946050618105218 0.9892016024601905
0.632693103412727 0.5945334855262439 0.17707982475702222 0.08760894279400899 0.9557030191823683 0.3123236877582296 0.04061568359881684 0.2723708365531703 0.8146070539991909 0.8301690906308569
0.4798932761656539 0.2167133319414125 0.019069197305076946 0.911973687727604 0.5112496829128949 0.6979958682245562 0.04080371633125446 0.0666504573046166 0.5899595890204133 0.23670697981427158
0.12455509478940074 0.996855479580218 0.6746799445397782 0.5293834006368556 0.20488009666719642 0.5109725929353603 0.853571864575154 0.7506782125483338 0.10556951785514279 0.6693745162225874
0.31801858026882746 0.19921835554322875 0.9370230697581687 0.47602663930299893 0.6739602273258347 0.6925548956691404 0.8266177658818535 0.997787759534371 0.06621806574068778 0.5784246392919815
0.11808670921635034 0.39630210544527944 0.35778169173041285 0.22270471302406258 0.9581515285887207 0.9911648828258349 0.6538846591667352 0.358856531135764 0.7521287651849 0.1380837881949798
0.7897960769898063 0.7393192408948435 0.3149563141037953 0.40204727284092046 0.01160582189175885 0.11622691014323572 0.6700632623070671 0.233049444880719 0.970884336596287 0.6969878491865386
0.35573285379133057 0.11071112862874488 0.32694827013920535 0.8696784513292872 0.7870846002928585 0.9141747781471776 0.7045652260461194 0.17386783784307136 0.6915284565941447 0.09494079441887826
0.4902826055501861 0.20440425317074107 0.8865203461474535 0.08285159622123695 0.9671668467861565 0.3788571160567793 0.7006749152219809 0.2392184226575511 0.5855908334806095 0.2737240494753622
0.15276816741499355 0.5861257905362175 0.7468093101661775 0.5401753183321045 0.5978887506782579 0.48723664823252044 0.336413022141442 0.24702208779149026 0.9259736410165224 0.4329610759971133
0.3863545155742929 0.8667601641597051 0.5551904794125725 0.09164004966878048 0.6670894637005249 0.019953147701089802 0.40110499053272797 0.8284348601275185 0.7154796218033271 0.5238847988989487
0.7222990397686352 0.9649020559711066 0.7894543892652751 0.2533229674480465 0.24408109162949432 0.15477256636075454 0.507030183473766 0.8144026767559049 0.24415733930868122 0.3852431568520045
0.475137680821082 0.05704911266024848 0.3476088059274949 0.2781265616490568 0.042809404901307024 0.007026058730924767 0.6232455439717783 0.561497052669311 0.4236306841987941 0.885608712079475
0.19938630338879737 0.8100058422899746 0.8239596247956301 0.503044544861892 0.02433827181274939 0.810830683768405 0.8862724245850758 0.4613792505198242 0.5853280535421054 0.20226303792577838
0.7110923873208815 0.28288969128549346 0.36936170878210295 0.3532245594864373 0.9563125745181876 0.7922787173088297 0.6004682424771536 0.8045447013505094 0.029323235256229263 0.8239521686954957
0.32000727868026657 0.9766195276792161 0.1852072449149711 0.6001111886732914 0.190198631206007 0.26311119821130957 0.42336764784220593 0.9310576095779235 0.4957577133831631 0.07663653168802464
0.43530389691752924 0.7260244925012581 0.6944970982317212 0.8899324995147927 0.4978540280832028 0.17100723572367704 0.5249820884171992 0.8247749368134634 0.1290718846896377 0.32948557945676893
0.11780309798895183 0.8809662133768342 0.5280106165772451 0.8525899274885459 0.7767559605533497 0.4689966512164282 0.3050342936520256 0.9471805543525968 0.09719647916264484 0.5125237193422889
0.7758817523556735 0.7434714910250293 0.871062822321119 0.020601228432546304 0.1405580387719807 0.7282450737139894 0.7915357231860436 0.6946312707042342 0.1972304844637317 0.965367852011145
0.3150330771672877 0.8312991093649532 0.8516579544516412 0.4122315493485852 0.16421180105498356 0.5102917269835728 0.5742833496454588 0.7589079395512192 0.8628769960293866 0.8143886752294736
0.1299712520345605 0.8662195418583389 0.3821741781462885 0.6195535510305927 0.35947367166337185 0.05959299622441827 0.447167762191258 0.31394357641309345 0.5270588438847125 0.2474754039290218
0.30388490440691884 0.657293053284286 0.7653396819040773 0.07625820461588606 0.7791307150133573 0.8759166718214584 0.4461892916593301 0.108067475376742 0.27885725254645943 0.0036164654969594867
0.8857336752392664 0.3134429714254754 0.9655953836928959 0.42506655938854854 0.6517621385000679 0.007843105853892918 0.7314350576664357 0.5557876252942613 0.8834984337380045 0.7290762586778372
0.7402661906784784 0.6016132334899389 0.4565265690283965 0.4521737401387448 0.2514689601887241 0.38058811464847897 0.5297671843538382 0.9688830125562146 0.1569684382460762 0.2615289318891836
0.996751702384301 0.22087439406515408 0.16454602589151135 0.37601544737071735 0.6300433157320462 0.8689181762412499 0.8425254504104113 0.39437058129886327 0.25550490177844887 0.40470352504860607
0.8044286990459093 0.3212260965457485 0.12221627672275048 0.667634121210317 0.15692341662336728 0.962559792427123 0.7441940854219335 0.7158499307388709 0.9603595401099376 0.9436293816982342
0.8816695166667673 0.6188883782594587 0.8584201894131098 0.4160171190650457 0.0025305638647885598 0.888812523293296 0.22188790513865675 0.8820383882159262 0.5186371359090707 0.9472972568342801
0.12125391931386242 0.8860564054258194 0.32706857487189467 0.23807957554810932 0.1938749215096175 0.6747843784027977 0.7029653226735879 0.33734203276620245 0.003608218824274312 0.31244561591607545
0.38847751187625357 0.6890133983404699 0.804332790462537 0.15170069532435915 0.8014347455652979 0.3976338666951347 0.713489969712324 0.0075405601462246175 0.6477036057341157 0.8483469782034112
0.1777549722180457 0.8588827305768199 0.8628002088013519 0.7917436042837461 0.2701757575995404 0.4113975422817181 0.7311768248539388 0.9306985123346729 0.7965933214273162 0.39512984538363927
0.2357039853063464 0.9770027173619409 0.4088836516395109 0.04177116127754665 0.1752194330486977 0.6075104073144707 0.9235382146273591 0.7889757639970668 0.3546188143985012 0.7426818425805267
0.8263261865635911 0.8929038498914489 0.19981258858171258 0.09481882003422892 0.5072585793694036 0.2952135746773723 0.4789769717512937 0.9889528265353886 0.11480094453381795 0.7870129394338856
0.4218769096654553 0.04625988262823466 0.04425721849463515 0.23982162625936798 0.42064159952297764 0.43804086060102987 0.9824750634625178 0.4323818456008337 0.6682237400607881 0.06771918905913432
0.11949831687296786 0.7921964928318264 0.544876592579828 0.2189727559958229 0.6075197637648098 0.19196154232706697 0.298332704759967 0.9200304094777528 0.5984632467854394 0.7935994361004278
0.57997135536541 0.5173275772393825 0.22375131706104112 0.8163883900147527 0.6971124756653808 0.7261296919645406 0.6932906279433345 0.02072233679416502 0.020676360263266802 0.7313961539109837
0.28543442213548487 0.6453248650546439 0.8478005682153563 0.7490716209155812 0.3756572724146837 0.5132796662468689 0.1606062913918992 0.8261553237909837 0.8089047022409813 0.03102926444527665
0.14515861948242093 0.5573134587356918 0.8590560673087911 0.8445324620632041 0.038766429007951464 0.8264635241517215 0.7386660729890151 0.9880605524478403 0.8591191400587088 0.6436736114649008
0.12312701570750806 0.4636507374397658 0.8353591255117001 0.6408837556432065 0.43561958315620086 0.32302490736987066 0.9090404808265456 0.8143705756142577 0.7026978984758345 0.48882053391978675
0.5020259462743749 0.6575402151651047 0.6350797384169896 0.7482698001393063 0.858725626949286 0.9145489550377732 0.21419042726328086 0.5800018161840876 0.6616825274470851 0.8034149574464604
0.47223481347602225 0.7334323043230888 0.2923617464449534 0.7066982612240588 0.3420486568023755 0.7702435602178097 0.06310156750868556 0.00849069546014658 0.4227071998628442 0.09874744690010628
0.9815360684248565 0.96837115288969 0.2578453107489118 0.3844620620922111 0.12540087805248812 0.26614592803013004 0.2558700191909252 0.6040232025851129 0.5034848618975359 0.12560734234792592
0.6947229009290312 0.4245891241748687 0.35759232035108446 0.7312090486509251 0.34857648872795577 0.0371882017837446 0.2207316192114387 0.9884691018284859 0.14982525698483173 0.04999585543492424
0.6883481434172521 0.5470770948861022 0.9569580530125238 0.5563184346002978 0.7822704476268741 0.40509500700395473 0.9373762643272123 0.03209883951426473 0.9911406916612442 0.3433058296181275
0.2939475075938246 0.28904926684755194 0.5564513020818694 0.9006779477560622 0.06506176266376928 0.3120544742864998 0.3399120947199785 0.5950772978041365 0.5101837172253734 0.4432787599076574
0.655723040290738 0.6177736783589581 0.15637078461226572 0.040448124815919195 0.7804298405032033 0.2859509763152157 0.9259537150051188 0.433069094681111 0.46339071717313973 0.12434619788305246
0.8915526901645175 0.727883975394678 0.6524847322734475 0.5653049361852742 0.11182871773770187 0.7736516220862611 0.822543166807674 0.9059562553482804 0.6898462647525108 0.3853821555151672
0.7480872723658609 0.3418731422976605 0.6656503282989963 0.7494424521050742 0.29730732616068556 0.6084990543635269 0.605636897097335 0.7834892117203339 0.8408189957164965 0.0047852725827054465
0.7835229312874537 0.10897440931140956 0.16658549034535675 0.3478976231444233 0.6611983292758442 0.20900810530813596 0.37149459463946355 0.713515174303763 0.9724687390069023 0.2906517229851495
0.060431692891444566 0.6531579618991538 0.08867513243853142 0.3482543070217945 0.3252916485941464 0.9481441979438999 0.5024018144402921 0.9332338385419784 0.39922345293480044 0.8591922472099693
0.20396216964553104 0.17574368441429167 0.5855035843160808 0.26134590625041765 0.445076969465486 0.6749543980071891 0.04578525417038504 0.015816406565722585 0.8851372067048158 0.9772192075041943
0.29907258319513585 0.42349801896974426 0.397670155545236 0.49518169430692816 0.8306199155215294 0.6293282160132524 0.8781030740405312 0.8859218182339598 0.03905851576000674 0.40232817278626865
0.23864653571508698 0.10252695257905753 0.860404061906962 0.8030721521265428 0.4020954287168297 0.5610125564030323 0.799200106062609 0.8684996326691365 0.5135720727903829 0.12330666132066115
0.7699041605321575 0.5933974269329698 0.7777127506131416 0.8870516079618518 0.10572471129518257 0.16854307965516246 0.29852564963056616 0.09426491169360274 0.32746899581040034 0.6474153103356891
0.05012422699547614 0.8234407946443771 0.7815627629715011 0.9565409614491676 0.6387671764023328 0.5134626011045107 0.05425523460463366 0.438962012209285 0.8301123159418823 0.782735670014145
0.14812339656603035 0.9259705085181544 0.9103184846129987 0.4532390495986669 0.7673420815553563 0.6691732212571543 0.8256060377474319 0.1667335248346299 0.6997872041837206 0.3331115816856629
0.7021130663526658 0.4891528777335934 0.20689137071183428 0.648077057095484 0.7863611365663449 0.9392435338941515 0.5362727042095009 0.25342589348697375 0.06637078051371104 0.9488079701432954
0.15750920499059962 0.7236110036610742 0.83444354139623 0.36444516093158064 0.08803238055377438 0.7623135234223449 0.2348540836150863 0.7344710679851507 0.72396573554766 0.07446958785844449
0.40317224631031723 0.2897413890692163 0.9198350121028542 0.4816532023137202 0.14866167603195302 0.22338700074491935 0.6714288871145904 0.43318882602889297 0.2571779868885916 0.6020126922334083
0.6476900183307672 0.18353254667241836 0.39921621811568797 0.9996979441296696 0.9903685245273806 0.5558737625726915 0.31623381040196474 0.7361781287047844 0.2542705491319456 0.3925743383036302
0.42810186544375317 0.4218730796025455 0.09628744019291613 0.5049751903623091 0.25551390924981043 0.36496989696174986 0.33799126089807163 0.17826545473832534 0.0834083894431743 0.2795545580014307
0.3244350691261002 0.06152225725746008 0.10493695676603343 0.6488275039911193 0.08089714182014729 0.5786944041573676 0.8802378337927973 0.04372623965298328 0.6296604230612018 0.8332164448628404
0.3202500094201932 0.6748176850638733 0.9705196488140176 0.34710376492463324 0.5630299140545224 0.4641116722176416 0.6515604706454043 0.8747940783247625 0.04850972861891356 0.9634866796353163
0.5608563327859052 0.9626637888677365 0.8173625952264245 0.517706996366111 0.5550801646454957 0.887062696845363 0.5606163230324246 0.1725506521903396 0.8076302965925731 0.09687359508302762
0.2288841217231844 0.9623555459967374 0.3067203208239332 0.31101843626001113 0.07355747874153185 0.3763309297482913 0.7629856400609298 0.9769959079296617 0.8370324203866786 0.9992702130738891
0.29650970587741676 0.8834498502141397 0.435017596173471 0.5498400162115107 0.6647752885757573 0.337931788341148 0.8811985012094394 0.7984097104973987 0.46589759124826746 0.47043501581132374
0.3930093105492989 0.13642467529241953 0.7055972031381849 0.9039415877906566 0.5869899775395108 0.8906151681616388 0.3517228694314235 0.2451379239635323 0.42318299479089294 0.8278726307990943
0.0167354801622992 0.5916183281693346 0.09025078655702701 0.6804132179660249 0.706416071543739 0.5263103670160296 0.33647093103756154 0.9358886023195044 0.6521624953747034 0.875519654957523
0.8464936862764557 0.5833918166710026 0.6045906882522002 0.8439057038574611 0.13972200618253494 0.98384644115118 0.6077583095117737 0.007864976730056816 0.12340145340264097 0.5420550890211832
0.19617973794697408 0.048210662933535486 0.8719836101287557 0.39772330058333105 0.16090351253116852 0.03370354349476912 0.42405330614052317 0.9240633878756218 0.5162740364099683 0.5289014814184528
0.3890865549213349 0.4251221061892799 0.06560204440730477 0.7929601439606074 0.9385325135395738 0.05676492082212692 0.011818521646748681 0.8604306229188757 0.3191895369939034 0.6612888935355823
0.38828992335819434 0.35076443500480425 0.37157176762688693 0.901925102762691 0.6953224697343056 0.44015021550240185 0.661939400270477 0.8110307350733126 0.01948624821000311 0.5474701140489304
0.7438923469651908 0.6245598721882242 0.08574038003560791 0.9355786982944937 0.7539032976769715 0.5654410694870505 0.14644281552865956 0.6097704915056587 0.01489328281127189 0.05977930199303361
0.3466793432816956 0.607216736479437 0.5729289268475998 0.7223381329153014 0.22194842765223022 0.014316294026456289 0.6243470706011353 0.3315477798001335 0.2820894548054109 0.8233186172778034
0.6040896602866062 0.9293233127684685 0.2144443440120979 0.045242337668417676 0.30075771325430034 0.12726672356937818 0.09959324288971239 0.33302553691327497 0.7398698889538002 0.6783650714040468
0.174606974228403 0.7370089836668454 0.7340379146950397 0.38208660664840544 0.101610637261769 0.11426698369072608 0.9372476901069873 0.43081534234153995 0.4035539747951402 0.14396488927191975
0.9601610983242466 0.3768540121692209 0.7144355743556476 0.8628363664280998 0.6043306226574999 0.0017639792215474737 0.7578303768315926 0.12803721220522235 0.5554449719821954 0.5036001854766061
0.5154203396916992 0.4390472796284891 0.9392009189563179 0.5826379739270077 0.876330571439369 0.10595535651136456 0.9881225600050394 0.20247757190098448 0.16842442199828833 0.8383764875797348
0.6936264946651701 0.030951687172717013 0.3643126534818567 0.44741490264822137 0.7248571780461472 0.8240500262509632 0.42768340572926833 0.5025001007243357 0.0842939338713996 0.30611393626318084
0.21966121109567593 0.4655874594137337 0.9398573979249973 0.4208435762189575 0.6202547585592321 0.037128899827114537 0.8242195656271771 0.18019869741497752 0.03655502449804515 0.19138320721265256
0.9242485154276321 0.7220635378338246 0.26719645029187167 0.6530495271525947 0.4969951839526183 0.6025852449919503 0.7716957688502247 0.3728719671187328 0.5433563969580366 0.7953843063603684
0.7536347307722586 0.8967770158917914 0.7465244008235208 0.34737440309302103 0.10825390906946541 0.3912692597619467 0.3395604638336057 0.14971846269525113 0.2078773087121789 0.4872259060415952
0.004905968116435178 0.8224866200822312 0.7026881868234337 0.034893538673513746 0.1283714591560634 0.2828706767435627 0.9997282962722385 0.3248053360200651 0.7311203337032721 0.1693487724688031
0.8495949695559274 0.3225009503596069 0.18539079330390318 0.9279835470144874 0.5181608409349087 0.9893448143284259 0.38317573041525477 0.03207525226463559 0.3497435861063707 0.8174036343731783
0.3718074035503557 0.5026809696790253 0.13850417459067588 0.2932567534470819 0.5963698470015811 0.6250501920729605 0.6164537772108719 0.12377814662276332 0.7960884693675355 0.5148154834242126
0.5393008598104326 0.7063421797037982 0.29032361077060576 0.9778167173117019 0.3054719889443607 0.5065698627255129 0.8595201647899344 0.9287260252624074 0.7789908812698892 0.7186456640484596
0.6774431533906443 0.486179595537527 0.003502257411976406 0.8264000564020233 0.7832548862554594 0.7459120444411838 0.7925784591566908 0.4577658204173328 0.3954661989655701 0.1484273883409658
0.7605481072754233 0.23088144266498678 0.9645209808349908 0.3040304319641419 0.21843818037195306 0.1270276773915614 0.23674923643494894 0.11558079615355643 0.5012218457218113 0.2937488584474901
0.759651346213434 0.048121503440822 0.7154164510167748 0.08092308356830613 0.19695163345749145 0.4345726979403629 0.600177324283411 0.543210997082855 0.5415871284989145 0.7779701127964186
0.18038467971092165 0.6042254150963571 0.8157729271677042 0.11326709020888337 0.15682252776410244 0.5709296383138509 0.1295127774643835 0.6255083655274805 0.5264002026848233 0.711184887355659
0.032399769339480966 0.8862220622292486 0.7544680999338449 0.1630325808158135 0.9382786927488613 0.2661660760895206 0.9316316507647203 0.5312105827703876 0.028318306861099263 0.3101041683589194
0.7390683217091434 0.14456648794350413 0.44526772807316894 0.11807523693704236 0.7192044935206189 0.0974457724064971 0.7801488103314927 0.06765968454407034 0.3027104652163225 0.8787959505437906
0.82236173484331 0.5330346065490051 0.2781233042347021 0.6046422782649289 0.29515838383632564 0.6091492083706184 0.907009017103842 0.6127549253899182 0.8306645388562217 0.23314103413752396
0.6854269503464286 0.452740565680111 0.7521080844260029 0.5101520210596565 0.8315608956661406 0.11045699464048675 0.32563749422815846 0.49699333780018184 0.9397329922616489 0.6425616331099028
0.02009100706046041 0.1746462013936736 0.8826180284853717 0.2651704931201897 0.9703038368970687 0.8493753463631689 0.9663273983244207 0.3400169342411986 0.27801701534235557 0.7622710217270311
0.547133348098295 0.6321646731539513 0.0041781680837444934 0.2583240185331759 0.8039559705975658 0.6752426157641825 0.7074010239807914 0.46867759371533324 0.1273366543510691 0.07333372116131798
0.16557728261252624 0.09348922725351394 0.633473671207034 0.09306435789351175 0.48111047605429236 0.5378740927514887 0.6409965574114068 0.9551038942224893 0.11496862032227562 0.34969117503645086
0.5585081768408883 0.8211990339341945 0.5207287049483253 0.6354721322401252 0.5225245105165801 0.5910311943198718 0.9570125182154959 0.8895819760131736 0.2982936797946304 0.272599379112895
0.7451902338180203 0.4617398939918399 0.41007764561563687 0.8704947963124768 0.7089545490268949 0.7093172289123356 0.20283146431935195 0.4483480116322982 0.7833443224717702 0.7333689807497172
0.5538161602139966 0.26489304385001766 0.8130243399261061 0.48114440728124075 0.2505334778301054 0.6575070334221712 0.3731028666804306 0.9128606939871448 0.6304718866223984 0.6527482947170533
0.04049677705625243 0.8768137495995916 0.9385048669374385 0.1203294417860461 0.9198291758746361 0.31443815909697637 0.9993841122933369 0.6551264686891352 0.38507226529455163 0.42571827443417876
0.2256220182344526 0.2712385868677407 0.9366236522785663 0.4653908132243564 0.6851588428627026 0.42277791466743253 0.7932319116837433 0.9116690428686937 0.9385622898691617 0.8279819135872217
0.3391626664746812 0.851756984959261 0.6221080012628554 0.0664057109441144 0.8292241901618279 0.562211883575107 0.3009416534595495 0.9433654092345436 0.8177469579215623 0.42725135681255044
0.9456245682603355 0.17146765028651156 0.6223391423034141 0.534391903926474 0.4957163951282004 0.005974689897562224 0.7592157287595089 0.5143430918456533 0.36565000132224534 0.08891816525337104
0.6941263811275191 0.4508720397705105 0.4210053261818958 0.9062892735720259 0.4413827072719637 0.9763912291131619 0.9073902724406353 0.9432963932771607 0.5132133326647305 0.9903117511969634
0.049488674564796 0.8345961146907764 0.47265049089844535 0.7897434496634248 0.5544365712462828 0.5495667933879299 0.8753796619636084 0.7859123031826338 0.05153974253215077 0.9271087467549841
0.6994592291002271 0.39470433346867817 0.5794471108987448 0.6801183576504894 0.4565444150867841 0.13603479060114376 0.5922458816527669 0.32669818976053766 0.05422618694243819 0.45427975292218403
0.5975462842497514 0.3733287621351937 0.13632195043650353 0.28079723472259144 0.46247483333427386 0.4746419467507704 0.06643218263859896 0.8996031134919843 0.6275971979848854 0.22509983577021409
0.9398029599920731 0.24855672442567334 0.9541426358021282 0.699797357947353 0.009511298360237341 0.3909500946193213 0.6965041377144212 0.8547703119159751 0.695216899668118 0.5261832794247078
0.1398396002118143 0.4216054356248583 0.9061999991186284 0.5732481751460369 0.7717009991688476 0.986812322966031 0.7551319878150767 0.05703140128355377 0.4669702811536992 0.5333316195441806
0.8650020068672408 0.7549866948387505 0.056981962798468344 0.8397179082888573 0.3788489495098115 0.32051553503344654 0.8265640559887085 0.7819494792527697 0.4704252359952844 0.889434399395801
0.9368308418133732 0.7634816456375464 0.6236450903408532 0.4971959510591256 0.506912081812089 0.21107387012208523 0.1996467722824946 0.9870701385483653 0.10440504568704789 0.3170856688913031
0.8425244824553869 0.9732809943987957 0.6921874754514223 0.9833494725726852 0.08826250695935167 0.33813318035400064 0.6583307456221097 0.22739356223533835 0.1361308391219176 0.6884520844624248
0.4162044629444148 0.14870143742419073 0.11777734088764669 0.17419965320963127 0.2034651467485319 0.9208589540588017 0.35647930015997786 0.08091791150282124 0.1314729490218557 0.17485367193976986
0.04749245874688124 0.6476907665689401 0.24078247590458635 0.5694555465465109 0.510163220203077 0.6336035944458036 0.3037048118348137 0.30652194398779886 0.6634457894070885 0.2582197614754419
0.3815396419249323 0.8422343222877319 0.6586923982130898 0.2753815965911933 0.6919280679776587 0.06968710792234434 0.6670619959113742 0.10468314503865217 0.17087791651575934 0.803914730932995
0.6636187135524172 0.14125021594500853 0.22436520559539963 0.48735541353828904 0.6761680590946955 0.5920031227117226 0.5560169875221838 0.6519155748704565 0.37410588270359724 0.4453662008254293
0.6302319721879555 0.8232118051997713 0.061030939823211394 0.47142695386131284 0.28419751660096915 0.23323224049059854 0.10459913057934445 0.47083758317439417 0.2376126541295298 0.9195725391984115
0.5880734956394311 0.3432897049038146 0.7655283966415788 0.5325662696822617 0.5002512297423767 0.930182974743594 0.5975685591988005 0.4460432872103155 0.09392472701555865 0.0011467587980468208
0.18589522092823985 0.5731136871608024 0.1377611708645834 0.20036364955472263 0.8446353740596441 0.6252892699751667 0.6624608642763911 0.24618202617731744 0.9050858241099011 0.4214182645358835
0.45928170167805893 0.18629465035216752 0.9538660558340439 0.25232320908678463 0.027493422548228952 0.05079849258245084 0.42528950382831154 0.23769593555401658 0.8870519008900053 0.8167411157881318
0.3045754735992855 0.07371773787601232 0.17376040051903208 0.20029689061648503 0.46512602894026056 0.5630366700832331 0.216411136072738 0.42650614801475684 0.21094272134360637 0.84314834984795
0.35887705584008245 0.7915492432413471 0.9243606035999535 0.2848900883302281 0.6348506241548639 0.5288163503680109 0.32962784720362903 0.6196731754771115 0.028902321195679148 0.21757314899359592
0.7744611688090443 0.9722409514940001 0.9647588466673158 0.731811481477783 0.10455882366019564 0.12515579248239272 0.3501771821124172 0.5169132051622537 0.16015421815087882 0.5218808475992349
0.9775170160185711 0.8030443182360458 0.6590452427456116 0.22723739763832596 0.33009140090954125 0.2167358792900711 0.24713542736008598 0.3071823651756478 0.876600926909127 0.13589694298952726
0.7953749558196894 0.8642644632881297 0.7494345427834787 0.048543919567441085 0.601091222290005 0.27078191706433974 0.29734541151130034 0.1218199422695262 0.012049717284504324 0.978578303472571
0.3789879193960374 0.1654167262390176 0.13318786060056675 0.6525775293691254 0.4210276207657152 0.18230048655615272 0.6988164764783487 0.2745726951918923 0.20301324949718447 0.7396827671416721
0.8971837717495101 0.29444782488911203 0.050925447278096 0.46446568153207957 0.9196501461507975 0.8679257040433395 0.6222948233152426 0.06993049674674634 0.2733218125659356 0.7130984340941011
0.748007155705534 0.45422746579689177 0.44384432039601873 0.14241229933579636 0.8593909329925172 0.5762637351653673 0.32415760767217017 0.38244202572618935 0.3739088564908125 0.010875259232604018
0.9353662249316554 0.3807034683398094 0.03875113973235589 0.3127080633473269 0.35748008814056575 0.9169184508594609 0.6388555833601547 0.5770225252327246 0.46063197771964437 0.9855587202483094
0.6643553858048098 0.8756743175921644 0.9814805839157172 0.09716094663198893 0.5021826178935576 0.5678137415580791 0.7248585396738451 0.35781772675921897 0.4675315742309655 0.8373854043268274
0.1873268143567206 0.9294147966244893 0.5231131270568827 0.1932977716684181 0.6971487091223233 0.7475975204686754 0.8476072890169886 0.0831728386435141 0.24429761833989827 0.18011475917829423
0.5094483025194498 0.21787390032502574 0.5344649511733007 0.6451016163842449 0.37805252462710814 0.6815490561887201 0.4426353717736391 0.07702722104273407 0.06182656683520371 0.4107171735138615
0.9646490787542839 0.5274470530637657 0.10076922422645218 0.16596190934767097 0.9692715688873303 0.11836394643813952 0.8612076106281075 0.6910886135804597 0.5386431666914523 0.027915949657194905
0.5811841303045149 0.35713762828316564 0.4515824629919669 0.18127277542752307 0.7972379972231856 0.222437284902246 0.41206873795056287 0.8440374039937409 0.9468010079804875 0.10491817348526977
0.9543306528563452 0.3711124769592802 0.2851542553260621 0.9591998182423954 0.566319744967478 0.9509064099480441 0.38186875205181203 0.5784997595797859 0.4649487578877888 0.3029170881222272
0.3688798162128073 0.4002041530440573 0.6293263628378356 0.936145656480591 0.8008212369215152 0.9839782460839411 0.15232199958388815 0.7564569226235732 0.45797208111138843 0.5525834708875196
0.7061450800410649 0.5229168344320588 0.673145606730197 0.8381081227031535 0.9342253183541372 0.8963016172840478 0.7960758783789876 0.3601065056744298 0.8795319619072341 0.597387306016197
0.22233494678461585 0.17718100092415778 0.13857150790182693 0.498292123889298 0.008539365188486192 0.09983086686332232 0.29065489287689994 0.3070587854426836 0.4715816536291365 0.3299299446175764
0.29362679347719767 0.8738274547760334 0.3268490282091502 0.5009851068351506 0.9601013374863181 0.04636396757094796 0.8588678248315923 0.1333660505941202 0.33234982210215336 0.43337282872171035
0.3375394431140434 0.5899861910648143 0.7593377763054739 0.3959374475525963 0.3941088442687958 0.7204534106618261 0.7460104538246346 0.08059506276913753 0.35323478267532926 0.5154984970581549
0.1927769022758733 0.33196733775000764 0.5810063871257023 0.2585284712477449 0.472244687181401 0.8785318044007305 0.7534775321143142 0.857440352529895 0.9006091285563271 0.27203357471144696
0.5762673556695881 0.267370674640128 0.5527016683430689 0.6792005465513444 0.8930013493133279 0.17384491678483194 0.0425545156754108 0.7738393895454919 0.3088444857255077 0.39582980931865785
0.8454395120009228 0.6580540273249929 0.4251038489312571 0.7894809612923409 0.9726912444157364 0.9532419717280205 0.5318554403881962 0.785916975780513 0.32722562269902766 0.9446879345526414
0.13777580844557713 0.08014043537288784 0.8655170029990416 0.9379888369374583 0.029836168149585895 0.40326522862916336 0.7708982372205788 0.7912073158907068 0.6502429402411452 0.7564986486580891
0.20339969066871455 0.9235659662044394 0.4539852004160696 0.9628658849122734 0.8329451971069827 0.9696579349724157 0.5675765713064042 0.9014534272517932 0.28557339645682667 0.6475638618931263
0.5080547028475851 0.3289871480714752 0.8364562621366725 0.33992893705875193 0.941029292700879 0.764849663849592 0.16883600307822566 0.34896826580317863 0.4575448586351033 0.5181810151386488
0.7846052048101507 0.7795327294250189 0.13175212152028937 0.5694952238634631 0.7001048739276643 0.5287810218079443 0.18485776322704495 0.6842848557711488 0.389817914711875 0.9166687454035506
0.42554914066560967 0.8323746501606933 0.5509864590324548 0.07837810398934297 0.2630669988392761 0.7143238766297768 0.15378284965302746 0.35797710907730584 0.996326017581373 0.9549669786410727
0.4145165983115877 0.5920104789495318 0.7709591204132697 0.31422058402045405 0.7834599507070764 0.3523884299606259 0.0658886429410297 0.08657365277609252 0.7742272462351002 0.9298544432802114
0.8220034374239223 0.7132178978876506 0.4782443654927492 0.08247603523453217 0.35774805947666 0.5145629908951684 0.905696165266631 0.3480174401457905 0.02990628594870981 0.36592162029859343
0.8734413128831628 0.024717010433874864 0.19258810819536454 0.08543747001410396 0.020735885877654292 0.7619057053886231 0.3834059295305112 0.28086891895688737 0.6752079939114772 0.07006805067990629
0.8230517759151191 0.4106299447146893 0.7143779217227848 0.9593599333770517 0.2529645887195895 0.8545289386665068 0.27211929183374917 0.34626257531197624 0.8555027384176425 0.8609351766293581
0.12480878363380554 0.8299654545655014 0.5020134919578981 0.3396417318982139 0.8585130990641268 0.9332353091775968 0.8564181651074484 0.603482740885735 0.466413803373553 0.9269426605019422
0.9254075445487504 0.3268018523473589 0.8547717680739035 0.9130804183561276 0.49106933162869826 0.18515790113183184 0.8460851692462796 0.9280245631327365 0.48774569463953543 0.8681928845915059
0.6596957400364077 0.4459497239502942 0.7921456667447666 0.41637630342988996 0.5229503409678213 0.8117272315907694 0.08421322788206753 0.122378992966518 0.020125825957506005 0.8132971189736916
0.40597942813264987 0.5591189539797549 0.02167717883696274 0.8154195686337844 0.7966023751720591 0.6490599490340594 0.5529702164254375 0.6198752872853933 0.9140263130221657 0.07313381524751994
0.7595119024572663 0.4915986840088826 0.8671672192631427 0.7326956388027649 0.20479253825756538 0.5958912444805895 0.5772587736489768 0.42421003097491017 0.0972062662048202 0.4287771406455959
0.8629695454272529 0.36390669534054565 0.684117145936471 0.6907267624354707 0.10112830457628519 0.708431166799204 0.9739901784498814 0.45338811488665165 0.7533714803957646 0.7575570269722844
0.151608048069364 0.39962999624960516 0.26875268954326836 0.0963138122352949 0.536745831352902 0.37911503723148454 0.87333149769797 0.5364248494474878 0.7032775152022028 0.5147845615485421
0.5399846462584565 0.3507375507700766 0.42353994822252616 0.6200516579440652 0.9951597602911635 0.9593682977459504 0.43188083627772267 0.7421622989335003 0.9640181026652815 0.922572770480626
0.6116700140903708 0.23409909654951944 0.9813893264448508 0.8228919055310345 0.101653247717026 0.8755659213868111 0.0031881929207094872 0.3779124336850773 0.9903810592372715 0.21300570781240014
0.7414191227181273 0.9150203035901029 0.7215453906552215 0.46926799748681414 0.11562155679147523 0.16081416627894918 0.0684089581833579 0.08545659889256729 0.4645854409607407 0.15038520920486842
0.5521137598950233 0.20065222037171293 0.19439279974083246 0.9454587480129182 0.47650674682141214 0.14961836950121776 0.3523176173077214 0.7654320056371365 0.33122189661176715 0.3642634525589915
0.21084360055279028 0.08163143142002649 0.17511007666806822 0.9015458725001154 0.32203459794403344 0.20265236365231387 0.7537090640452376 0.18867269772557793 0.659720793153326 0.8874322675058618
0.5272980481419856 0.4758570808566268 0.4054384444899002 0.5627487795830641 0.4901823891797621 0.9175632734885162 0.6537893357808406 0.7931216498428618 0.6472057430092288 0.1650820760866495
0.8138609994955195 0.7536377724281291 0.2800887998660313 0.846444313939591 0.7655767698368291 0.590007322237507 0.6840446308497643 0.33409274328693683 0.893320144875432 0.7151973388172131
0.8842230160575865 0.7563982708544391 0.9639052976358673 0.2882793372830361 0.9518871324323995 0.29601929964761764 0.44194168750674223 0.34866563930494765 0.9318277830544001 0.43626789412907974
0.2428675374935051 0.33769869687638554 0.06537170111659363 0.9660597721598354 0.11240320796391035 0.029596566978898342 0.9474426426793925 0.23468985955329735 0.7909025696589084 0.21504657179392117
0.4914843698923367 0.35958888668543265 0.8720562418904388 0.8332788663708259 0.0926575867425059 0.8333805021220674 0.7976282346732874 0.6322398090529213 0.17757335614452452 0.2509725660599912
0.7433827947040458 0.851524818734615 0.4079276279478564 0.6830804579160095 0.24608603689063724 0.869019259074931 0.16575285801754203 0.5594940449107387 0.2974426708943594 0.22973466249117958
0.5896046400491646 0.7935641123363142 0.2880549351167919 0.9841171454680069 0.3538520607717761 0.2787982980495318 0.6229677750719151 0.8031434429065937 0.5873429121909207 0.8191203224490003
0.050090127234156845 0.9088096443655223 0.813066015998993 0.016260648561393642 0.7437595605536889 0.461155960614859 0.5570342551504224 0.6309105272907857 0.9679433268349622 0.676760933391458
0.3224643301319142 0.45868585756804614 0.7070460583154266 0.6186764757986508 0.9544293502873001 0.817610557429237 0.9970205269716886 0.29406512305900556 0.03051400473996191 0.3307442844932317
0.8154545205349744 0.42333935172951853 0.8046012012674113 0.8057424289928359 0.29653365218996297 0.0033920550009258754 0.4037727897295993 0.6625509206203659 0.7252560892051287 0.5775466015768849
0.4324072378066871 0.5411023217049152 0.23500231001941196 0.9461433723879122 0.8729090119616293 0.4327937134059602 0.383538769909366 0.9042191703878322 0.18910623697561502 0.922690884576074
0.8147619313290625 0.47652521201184717 0.8362044713718731 0.9038175878363855 0.02696465185239849 0.0351674467604427 0.9602861270222058 0.43055243386747377 0.8631343691617447 0.6314434987071096
0.9306964937674636 0.21507026191645162 0.7147681385266526 0.850987962772552 0.49025921923373594 0.6389288815058184 0.587917491323247 0.5101283778513359 0.7311152480974358 0.05131597200472682
0.11865086933629454 0.55139202255784 0.8080809253445331 0.5561350554199712 0.34484984379126005 0.5673937293658885 0.2867728867564274 0.4520237787787814 0.542230133812805 0.4848729275184782
0.2903482154374565 0.9825613021340721 0.7147065998448908 0.07443842561730696 0.15656054966494537 0.07833617466450682 0.39269652579895 0.11661750131335269 0.1459341793201384 0.32820981702027363
0.2376831476512694 0.2510951350789613 0.8522094405077238 0.5040247007655959 0.5773374380694761 0.7635689029860467 0.35781484946609465 0.5811710172290526 0.4027225237594466 0.8234331627908316
0.8499724703590473 0.34683853999649816 0.5475825396461483 0.9755461557001239 0.3671446261500295 0.36844594821479815 0.7394429483805575 0.010621703171336816 0.5808823567015959 0.30665238467300093
0.9632274562958465 0.6913274166987938 0.03473623189943975 0.30052129964495466 0.11032170715735279 0.19495934801862824 0.05974293383800944 0.42682002955148945 0.19949184862340497 0.5486026171221807
0.6651020797842309 0.04110293965403522 0.5507915682468482 0.7789765903337168 0.06300922742560011 0.1451396234925877 0.16956835411707094 0.9767021024185044 0.12821264739032334 0.7934144910767175
0.2549061805848668 0.9835172040557529 0.015713295002569794 0.9508370232896519 0.18531834168910422 0.951007386270133 0.36412845042631536 0.14446716409514337 0.5542305005951975 0.5907047858564147
0.9975915118960321 0.713973547916269 0.8287711015315887 0.5379502538900444 0.8056618709108562 0.4587068399434123 0.9876124324418214 0.8857010766911984 0.5285699393017453 0.003684166951298473
0.05708223256546352 0.609506528775332 0.504224979404379 0.2624450298863219 0.809492362386278 0.30116177555986245 0.04376359548688913 0.9616526673047681 0.013607976962711543 0.35609070152039146
0.994019583881106 0.3104796668624421 0.5344062433574059 0.5182964259209182 0.2181464233679824 0.5472296904421333 0.26775145028423164 0.4767576975235166 0.17972593527761682 0.27631215284290156
0.3653389326472666 0.028438660907120883 0.5510477530635337 0.22060023638427362 0.45623712183255816 0.17561797473896334 0.7828460913458954 0.25736679065932677 0.6035839082270654 0.40903282899331117
0.8706316726939117 0.38040672784641105 0.5484696204218255 0.3433723251657579 0.13185839119888942 0.5366189264947622 0.3877654929021742 0.8179434576269148 0.6685156648215712 0.12223380611023138
0.20863354053910632 0.5528725488735646 0.3313392135398473 0.29203808825320676 0.3596798682622592 0.4599936137253531 0.424684467318706 0.134361182960391 0.9771899292187498 0.7476141730912148
0.09520823999547345 0.19525224483591874 0.10461141742755253 0.029638626001252777 0.3328559109362358 0.7971910108523339 0.24442622546139692 0.7520676012250486 0.7792534934017104 0.0908395087930266
0.4637802240618568 0.3836813397784157 0.08645425277694307 0.802755551750218 0.23871550388265073 0.982753990992542 0.3980925140232212 0.1976535787419511 0.06657711019112489 0.947934899872861
0.6353479889146666 0.8607118079675492 0.5021415783562443 0.9889717622506315 0.6617256529827391 0.5235891173613081 0.6802428077080072 0.6117398655012497 0.07350801553965347 0.30722920092313144
0.57614591419423 0.7020805626954321 0.3168380321458699 0.43519320488960245 0.2246469382960543 0.11424127281139584 0.06774232465985408 0.6831765662641559 0.86985298658542 0.522248271637793
0.32800626149622525 0.5735294886204773 0.5498234488080281 0.17633245644775064 0.4876637221364526 0.5980147673358744 0.9337299071747308 0.6215679221854545 0.6839661428715048 0.5577007138384146
0.32391870582323234 0.8821713873075996 0.147046701929349 0.44580088997587997 0.611236859647116 0.09245032320192392 0.8640976969645674 0.16743642805000192 0.6292083525259337 0.06417622614214846
0.8167296737582466 0.7897109092083016 0.7911245461783477 0.8201988515909006 0.2502837499106879 0.9461517898238224 0.11383922848733141 0.6954059917192676 0.9192188941218963 0.481486261824717
0.7330347162297546 0.20867269546527134 0.019298289705169447 0.41588380470750574 0.7969528354727559 0.5432327973329137 0.5651503053317317 0.8322112824823156 0.18906041913343374 0.1379445940664087
0.3008807617172856 0.3455112548111239 0.8748461357664942 0.588211815146318 0.8417654909414157 0.40082725768107996 0.7939215974596248 0.7828596157631154 0.636652833919683 0.7636646668772096
0.1258263822027602 0.9620552358894439 0.5135581533942085 0.21678966036974656 0.4464131469005044 0.1714008635337565 0.025033510526579206 0.6577322948539408 0.761415982462044 0.4086165398599979
0.545247106202841 0.5032747144230862 0.654780724385962 0.6117688206242742 0.08730920661627284 0.5503687225620878 0.8215637466440708 0.5217911902863035 0.1072322386378669 0.21734145685949413
0.06868128860458445 0.3670800544222732 0.14001465498071763 0.394912010318202 0.4615186324353132 0.2642401767600294 0.9736896613060151 0.9734555588001363 0.6703843773517264 0.20659199869045386
0.2087813397340661 0.4811158942470971 0.7280224933444783 0.5208424080383744 0.4734623490334843 0.1667814232159338 0.34787023415996654 0.7123597482664172 0.2688092161642256 0.2926031633117767
0.6724778027628833 0.690782583089376 0.4039021392584131 0.36264838087937346 0.8224811984157577 0.47023131070063673 0.24711843371107356 0.5074463130119254 0.8987467475644317 0.5721803236131081
0.5678200207456584 0.2685975696226529 0.15378256827511916 0.5240874501052974 0.5717369035117601 0.5832821744738249 0.8932379545747479 0.04316723416533674 0.8437002951566307 0.8554156386941153
0.2942893282304383 0.7222323665201209 0.302980345440361 0.6183662975078459 0.7349370573596655 0.2933179636890433 0.9493353600228069 0.4435614088290627 0.41671457066161743 0.8348415919370377
0.13198066353288818 0.42997346598141073 0.03303735921204809 0.6093413310833561 0.30903692662366666 0.821392009806517 0.986396383203246 0.5713732047287918 0.781619307076661 0.041550906394542286
0.1898267476330736 0.9689382219146502 0.6845804138670907 0.7115944100411776 0.801559038711612 0.8768486914692776 0.5950215035079522 0.020029890003057882 0.3364874216607645 0.9467320283267121
0.48003819011193916 0.15222892703737068 0.47406508829988125 0.13590972925404465 0.34676786393471637 0.35470253524568385 0.5394642371646078 0.6861781976936993 0.880658575394199 0.6087906705071433
0.07331426128048213 0.16355695673845205 0.5619795529021187 0.8190695927765367 0.12505832831659347 0.9413590271512405 0.2359461940400337 0.8836953952205872 0.9059456160208328 0.11147732737687366
0.878433068732259 0.007065773990086566 0.21990193701738858 0.44256990447095657 0.3471004485660918 0.13959587185273814 0.6539993298391873 0.6688659268159175 0.23686136994818963 0.4850688598254649
0.8549709073222955 0.08960339318406751 0.5689679805218912 0.6029351113341045 0.34419392374622493 0.18664872126519494 0.9345969247270436 0.7510985621413647 0.23079106721835774 0.7266371910560155
0.8866657327124421 0.7641425584197514 0.8709757348422542 0.6040124838770499 0.827713545552245 0.9426116352187179 0.9914946195211334 0.5026325311811206 0.37703053060998826 0.14087977624851022
0.04599642472507415 0.3061480306826573 0.21682299579154862 0.4842995896620068 0.6053829505070154 0.07114889833700544 0.7150515813261962 0.9207414917380776 0.39667504614572224 0.2921131248746085
0.2016824629610796 0.11729484315472005 0.1996520302036836 0.1334815777137438 0.6354422177356013 0.049818635346284945 0.18650083624676128 0.2817212331374601 0.5397694739979884 0.0011919807147805495
0.4469365074807603 0.07902830353824086 0.5095070104501581 0.583529386605333 0.3797329531465299 0.6403624108599754 0.29398038455479214 0.8302901749722872 0.3513292773602863 0.7267908914094469
0.44746043367467614 0.36612443427617847 0.5231534657650411 0.2506626265904037 0.8046083545363486 0.1554630740369516 0.031531900982769145 0.42191877006542633 0.5863536919307233 0.35527296171876765
0.7675296869950834 0.7098876908098215 0.7707577689069764 0.3530622298293148 0.8487930654303535 0.9911998568136289 0.47376542429220236 0.15813533535730429 0.501442495390334 0.48199789821920136
0.47635069561370347 0.9322606948180868 0.47729057560157473 0.3114057295982856 0.7074130048788928 0.5953289546821852 0.3201363554944311 0.8832601372111004 0.44588188516774163 0.1222426439708606
0.7646136406561524 0.49439693481705016 0.24084044682380346 0.35919333852533475 0.3020477192357155 0.03032301692809114 0.06507859663416393 0.9306454784971876 0.48000143151202146 0.9428947654626175
0.015339188876375975 0.08276077939070525 0.8156678686888768 0.12966193694217776 0.9516214938015618 0.11466067797319923 0.2979941727241595 0.7808259521984703 0.8282581220346719 0.3858388566435096
0.3293964281427997 0.7372997617160314 0.11108284412759462 0.7561994923483132 0.6151532891197915 0.41214613255790467 0.597858919301745 0.7146110583835665 0.9470419261508094 0.8677098237146113
0.16323807796769407 0.3825299564900452 0.04750638623179049 0.21204871223884192 0.43487309301455834 0.04116157183832814 0.6416255237439032 0.08080723770296883 0.17390733556360727 0.8237911921075961
0.7063737264658877 0.6044653189597041 0.18091699930283944 0.7393307528712884 0.4101442820325879 0.9259347509099053 0.8774829922438153 0.24879154676545867 0.6002323302207988 0.02976372524138038
0.32392089375126754 0.2033074312988924 0.8219500183226822 0.3717497299914664 0.32529939443174016 0.07049654227829671 0.7602738498068182 0.5565500887810744 0.4507284887903851 0.02536418263203377
0.6834003102352217 0.10091793577923902 0.2450011768933874 0.6626131300442746 0.9373125614488247 0.14148126012318918 0.6470230796367241 0.7991420284090629 0.7914375851971149 0.7985209624189178
0.6460664459744005 0.07867635226796088 0.9676997051756393 0.7909935965111075 0.5047367414616043 0.8648906137800098 0.9987527579351387 0.8130830738404902 0.45664087888320926 0.21504460115618107
0.1559004210241277 0.12885466492437403 0.6470985379492226 0.563070227651394 0.06318956940676357 0.8191242173079628 0.22683909082547382 0.10920998481987276 0.27138959331637735 0.12344378889740049
0.9314781470659433 0.8127219152170031 0.004045858832393057 0.36014480542894367 0.18366972982843988 0.3148297907996449 0.007522680074986576 0.9786679487840667 0.7401812241810208 0.08101189172181866
0.9379280787247043 0.40094915813071375 0.17274010716802135 0.5448852653754503 3.796599466521222E-5 0.4424191316253735 0.019352677392662443 0.060356514735051436 0.6168154261407042 0.2682134716545853
0.27189709890870994 0.024374466987873933 0.7528463532880896 0.03647949872348755 0.9761439889351508 0.6195340610323699 0.14098940086328604 0.6082046174793108 0.11196005941390152 0.2439445700158398
0.0687651660771117 0.9617804745299149 0.5943010480935758 0.8451896175173452 0.569485633124483 0.24055613741424153 0.18970260899660962 0.05587068271204276 0.8328517920746238 0.6829222069075294
0.3783286667547988 0.2401392205234898 0.4007237096208133 0.03700765581661347 0.7082388801059628 0.3037871590379364 0.24599388309733683 0.44585931610967844 0.9863878779427498 0.39487963488329825
0.14597162436607625 0.20401375479869266 0.7299710022630695 0.42757723885378485 0.8564120648146448 0.23265970291105809 0.6620825088416443 0.6987098996550871 0.46830088860580144 0.5981289729634133
0.6772538348247423 0.7348280169351513 0.9867314823930625 0.9072421022655803 0.6252911659081272 0.9068709201353335 0.6096885910625798 0.9530746829615981 0.46593315409395775 0.2802564188091403
0.4042784975198559 0.5559989815625729 0.8322007882998 0.6301094938176314 0.07892276311144619 0.14739456056345812 0.8069137285386382 0.5445125654835739 0.33225872190432293 0.27721099884775335
0.7646981530903004 0.06307272955099674 0.8229670942853837 0.8916044824938472 0.4609133917800857 0.3537670320768662 0.14947260588279598 0.9231591357925836 0.15927565986174375 0.5179393891196742
0.35444147936998693 0.4637434688664209 0.48155936084813644 0.7314878534305574 0.37622483428104947 0.5488408027348293 0.8356072491534714 0.5796943712674971 0.5578745244437417 0.37223173843417523
0.7319831105300433 0.6238137742616857 0.7940840685351477 0.5711963807512195 0.03495134115146448 0.9494522489907626 0.14738417274799542 0.07494200820377406 0.2100701332665439 0.6899299918177322
0.7971486241227453 0.8927520585007771 0.9285362840189146 0.2922366985208653 0.9984429726238433 0.13339053031423487 0.9675205601459905 0.5988525682163537 0.3224751810994205 0.49358549585493927
0.2060853994179871 0.6556215296549726 0.826383872728525 0.43095403498028595 0.657877158714517 0.5240277380808935 0.9573260050333414 0.2455205371314878 0.9046370326668836 0.27563983548102156
0.9343031934284268 0.3340186924213534 0.9986768694176341 0.7771524749184019 0.0708914259555612 0.9524571706722825 0.8878165088177231 0.8363675001465428 0.0030166223283796256 0.924967597852618
0.682882180324389 0.772622444993607 0.06814370081975274 0.870742905427753 0.6357159608928933 0.49958714313333363 0.1457249051860915 0.6859127061945849 0.524748405091935 0.7640136748926669
0.11347829928352104 0.2134919773549787 0.25553819395791155 0.27093910376593766 0.7000449684126943 0.2620778323363162 0.8752833053826771 0.044004143486528924 0.9217992225928441 0.39275860844637844
0.8731611696666387 0.5189652985467939 0.48006334557392105 0.1837386063558658 0.5924553387586767 0.5491416617406298 0.46470435812887756 0.0034703512162260752 0.8157790141865628 0.7134524432873
0.4610675323341833 0.6756260069836468 0.10130650387890505 0.06086400521160373 0.6894270994190626 0.8030281363427876 0.24577581376503033 0.6994809122119114 0.11961203049935643 0.9326992658547244
0.3291264440036369 0.44417792344805174 0.598190688657188 0.1904788700287815 0.1559889576609106 0.07358530132142715 0.9015749812720241 0.4911949222979547 0.5508436092682214 0.615402924080816
0.2856313252698348 0.9391672658331802 0.8865173911823193 0.4784331544570948 0.5408618280000254 0.5738578286585456 0.42979014618110367 0.18038649307271326 0.7819463858151398 0.18677277988879948
0.5732320526449487 0.8824279715057544 0.20141216930237504 0.5382605357246718 0.7889964861716845 0.9345964328463353 0.7994240595216315 0.9366379840814043 0.1881436558259515 0.16064272621965325
0.6651661459958533 0.8071174766529059 0.8981718918609619 0.6664971511232234 0.7300104690815927 0.5742949241076112 0.08178521838779895 0.5434903185649553 0.038646515255755465 0.9094997754660753
0.3115274916740859 0.9556158131610231 0.4915707225677305 0.15309522329261183 0.18776452019880097 0.7495370177092242 0.7008125989719045 0.5118574337944295 0.5415976367846741 0.9067046165272221
0.0704999586370324 0.45285063554718874 0.2996434822427757 0.8688651790008718 0.4648426993176725 0.5677546846808247 0.10421619296640927 0.011405585383813976 0.8583410022539397 0.0653900393130471
0.0803003727508751 0.31339164122814045 0.17650068420537568 0.9652251553621041 0.7198037429027969 0.578824031662783 0.13006420880897973 0.010939136291678198 0.7139311979487015 0.40054787144377235
0.2217435666137867 0.30065278430956976 0.7061222295742149 0.42641701305152613 0.2616665385480812 0.6392291969830667 0.3608465193278506 0.38672810718074124 0.6662258475163539 0.6580848885715682
0.8476529641190719 0.7726028383105623 0.5347455211451009 0.819241049774231 0.8252198387681775 0.016912017830617576 0.999357245230197 0.5228836917795322 0.2767545660411097 0.5224981510083188
0.625704533934597 0.6714906481533293 0.09594400948675852 0.9068677401291713 0.7055697969813047 0.20862232888089083 0.1517568113137282 0.3881886496459245 0.12724594025646818 0.3467621967224842
0.6707517619857813 0.3243417424655549 0.13545065003219847 0.4261319434339972 0.16714691900046663 0.5349398187946115 0.6998077142173691 0.6051955654658272 0.8237565869084993 0.18564190195089691
0.3993969826529069 0.8736056476593228 0.1810041252826492 0.6947536621634253 0.7006004484978104 0.19963366747211375 0.2265703843504473 0.3340198242795519 0.2564490072030635 0.9766661324454234
0.49483939588829484 0.9386781176936513 0.3879005875766911 0.3171365221178293 0.5831539352705409 0.4162585295485174 0.2209574285507473 0.15730270495450682 0.5709958203394949 0.5492750487401102
0.04825623910978649 0.5825680737909081 0.18855656729635317 0.9238723908850326 0.35974183908710244 0.2605842653546232 0.2227665315617764 0.6846530667526358 0.6442619050228422 0.37816185486163545
0.5717012270303815 0.21532469653922848 0.5023957753618435 0.01805455911685483 0.5623860295487829 0.7754718022242046 0.8305582987912801 0.4829721515767198 0.6323712044917323 0.5856697893470695
0.8373951783690039 0.6767154340935623 0.24205138754734223 0.8463233950312944 0.43571338930149073 0.2861163816034987 0.9325548037564201 0.7000256683105174 0.11666643699344925 0.1725052062258664
0.7731293759184427 0.20289775387771336 0.7576412922511367 0.07771554306593842 0.052304123474320785 0.9572835219124207 0.9412698551272635 0.4771775427214562 0.9587060491944152 0.17633778065057126
0.2702146949980224 0.17143833204068226 0.17026426367772174 0.6004601002647989 0.8508553254635557 0.9974875865712922 0.7246345856186824 0.8661907890246715 0.5887276816841158 0.8625558107065514
0.27902923431821347 0.640099701181831 0.18954620693898805 0.15559151355725875 0.884238259964498 0.07336226096992682 0.7918646221925361 0.475412454083749 0.6954806509788689 0.9071314463082198
0.9709074959285795 0.5295657017269495 0.6218241973580078 0.8644784163672405 0.4478319843135109 0.004219824256822435 0.7762658284745819 0.8015885702401765 0.21465502577156148 0.18295165233357702
0.7301644536259275 0.4590637468380352 0.9423086060172485 0.10107951213092004 0.9985709778078995 0.5535956893423394 0.4777612557406201 0.06223326690028386 0.8871007478960038 0.3809395196062937
0.9558714585730812 0.415141156031139 0.8163463034577357 0.06303034851477851 0.5526146597047836 0.5911522394272364 0.506428834177008 0.0652500506988064 0.18855241506108356 0.5368019760288281
0.9521389672386217 0.6342653118023002 0.5548883575546742 0.8407683397641316 0.9482190090097845 0.3625223584217171 0.6791828985533295 0.05085407288889565 0.03469000790272314 0.1723973512078184
0.8737744706491616 0.9041703546170788 0.1237288685759711 0.6311659740673206 0.31718214057783023 0.45248583366443773 0.742452069341371 0.6573694689885857 0.7072406266630996 0.35474433555261764
0.7800645813879165 0.3598188262630081 0.39444575277896154 0.9300434320624182 0.863183333654341 0.9623922109395024 0.15496446179583478 0.9169050769300242 0.9997469762109265 0.5109456704425098
0.29499042434380895 0.2684588922665836 0.9297747131093044 0.33307050675339656 0.09160273198467972 0.7281973017613163 0.7003386889896225 0.02709504690655562 0.6700114555588216 0.377251024716312
0.34246607723929534 0.09364256668042414 0.29305114185336245 0.821672724299267 0.16928849706618976 0.19122136561297343 0.696008917714461 0.19700511393170983 0.1376078016908151 0.39673656277132374
0.5383511379611968 0.707449295989484 0.9191492856279752 0.7824780341081213 0.26363903796352517 0.9882381660725578 0.8131241675790615 0.08305186979583712 0.6598998123358859 0.18235861732234993
0.398325797023955 0.21888815968444675 0.19494693462696244 0.25655533555109766 0.8708344732798067 0.9673706313739301 0.7646194832306705 0.7465882469039744 0.34250831731488696 0.12829877942897205
0.836636921573245 0.8180044352438086 0.9857884544696384 0.11730640405938575 0.09874282341725138 0.25622476362208324 0.8019487859727955 0.039025231203887234 0.6270365891215025 0.7585341570727462
0.9627720606086032 0.9411956523639843 0.27887005080113536 0.6906038736417404 0.12973534153357336 0.13159150746533932 0.4844111259636462 0.291462765940562 0.8901398633020007 0.15153870590080887
0.8619543422434748 0.1633741259119843 0.4662216177549934 0.24297321241217984 0.1142838734888455 0.7668631545600959 0.15113043530800985 0.9203961229982477 0.4768716202976019 0.5561799542235684
0.5047672575693304 0.5647491655364356 0.5834194950492012 0.33677074649117833 0.20282077446222058 0.7931470794138109 0.9902312239216173 0.4038708851703702 0.573945534699795 0.7265678622853328
0.7581261166284285 0.03012030628888851 0.2828763720560743 0.17701562964178508 0.4290833968083947 0.910142741813367 0.32137449807591223 0.20633524468857112 0.4545323520658139 0.24131810682300148
0.4542526199606739 0.47077142219094015 0.6331801416472642 0.22251712360619746 0.5343281175129145 0.2585298510996471 0.39849584496874046 0.8863555797280975 0.6480044466056107 0.1520109174919898
0.8594453963104802 0.3455658044944935 0.8822831826886112 0.8020517159485366 0.3427993224224364 0.7303706382737432 0.6143598388513668 0.3884253694360521 0.811311057926992 0.3212856219428436
0.6165587542577673 0.9590110663027944 0.9392906063657229 0.640563014681057 0.9422139536004245 0.9894620587880675 0.815574922595333 0.5555309234846673 0.5122038669833895 0.1858634022012169
0.21362249578502912 0.7683700619453904 0.5571998859675745 0.7647845849910057 0.11943682082898799 0.4194090019878298 0.5872902911755347 0.18829686599609596 0.7402493008715806 0.9148087139909212
0.3584921943575262 0.6059389206716538 0.530369351762179 0.5045454148679218 0.3847661640757458 0.06127839081066211 0.8653356666225437 0.5828905087023115 0.9044997335580499 0.8576312663318173
0.871479116229821 0.16112507292745337 0.8520269771027658 0.34566479411806406 0.5752345489874203 0.4710154049121278 0.30760388874617506 0.7950238656433423 0.975015201926874 0.1976154948639821
0.1033599913679556 0.9427849116677137 0.8581899884910564 0.4112509924153692 0.7480983964372236 0.27345516900807754 0.18668058979284652 0.8710784484015552 0.6004186195301302 0.07839943695424156
0.6569215071816539 0.0064030719589653895 0.2674870911433628 0.8669906622633798 0.6034033614865457 0.5469761580216471 0.5358827197383691 0.7574442261787662 0.7597458408903763 0.46978415212352265
0.7512958755301663 0.0622104427204736 0.5172232951404413 0.6573784567101636 0.45546112366567715 0.40096360723785207 0.22789278049687467 0.42158583259459903 0.26155503677103 0.32363980726220587
0.7879507069080005 0.8364770542461154 0.4033928584721156 0.6066399816810815 0.20667087144022322 0.6457614195751135 0.1291082590419943 0.09722919545782971 0.11725331175787224 0.36231315788749985
0.12660306432531054 0.22432571428023185 0.21813966321320866 0.061325197321583924 0.4659044921097243 0.0682897896742567 0.44682774496144273 0.28362475954102495 0.12266983634896145 0.1879837705143368
0.2829443698381702 0.41197424707038366 0.007429107911586019 0.24029085437109365 0.9533116592886718 0.8607197731171506 0.5667586855312536 0.795443357383945 0.468969580908268 0.42793943850238725
0.44543021450792497 0.6509250495036777 0.3625928381930541 0.19928131380533898 0.4026800651528333 0.3773767223850494 0.7144678618406399 0.46397161167206447 0.6610970286920644 0.7918482100033576
0.5561715156720999 0.20601128061924712 0.1332270968505037 0.5469033288030971 0.023319875474738683 0.8673692392732693 0.5188456923503909 0.04849966979704379 0.6922322909301126 0.24501883942055958
0.09494917384430124 0.47122776332323124 0.38008199032218226 0.5799539224439053 0.13086964992488037 0.7264093019603075 0.31408153795701554 0.12385928976835803 0.25251773352850204 0.8567176313700755
0.9824777319299274 0.7278997194090745 0.7526101881372714 0.48039777814914797 0.16860703342613226 0.28813065041020536 0.797840748672146 0.5888276546121822 0.638989497148515 0.20332298053985565
0.7193037114348544 0.21307591343090182 0.707415576364802 0.3535330965845531 0.0890819388569889 0.21827599507645645 0.4292063736771362 0.4915384730604807 0.08376197271527241 0.7590499051332176
0.4933053006489938 0.35429842748845763 0.7147409608258222 0.734879653607028 0.9745847305464261 0.24788834232118717 0.8655413634037257 0.9212380263577677 0.9847285506333474 0.33689512176330794
0.7179509891510077 0.3204544083203378 0.9172775932740915 0.37805011755260765 0.07165777301261889 0.6757057094374891 0.42090178999980676 0.17791570486713337 0.26614974473048914 0.022186237648459284
0.45468911917698795 0.6257298247312358 0.899002906190205 0.6114246917427322 0.7802186749065951 0.7550524406716109 0.30128034526822256 0.5378800736020322 0.027410447345073363 0.9216468391549243
0.7786186493446516 0.9213629430482754 0.034622754070116946 0.8500676166669241 0.9556781321038401 0.5544921518419927 0.5081930524963425 0.9977162795876332 0.17198560581808353 0.5113111586252929
0.17259571079469782 0.41266475548755865 0.7687999295048716 0.33135252689779904 0.489616152889647 0.020335494615997707 0.2794818776069634 0.042852649028939704 0.7134177213414572 0.06416689548231691
0.9899516747195025 0.4694835944382384 0.5181039662383801 0.2466807634518986 0.07116880119923463 0.9768821648764846 0.685355852101805 0.9699083848003454 0.5021709270572576 0.05842106227264687
0.3719494904618028 0.9579205904602516 0.30005926103916947 0.9340806291476844 0.290437181725567 0.45924608584729665 0.1524204103624256 0.6419438005844951 0.7310007447780192 0.17325164859097364
0.408025385047895 0.9387514717645248 0.7284624291081976 0.022096695353742035 0.5232487469703253 0.6941183648746574 0.8356660511178309 0.8986638329507278 0.4845015958878294 0.3624251142989249
0.9029166616283757 0.5609060247558922 0.4310748429850344 0.5470648679854804 0.9828942392094144 0.9143403679346969 0.6881392934077758 0.6336377689521098 0.9814331849154103 0.02695673006390331
0.6862520755181005 0.9618503299590914 0.956786183949698 0.3545997495289527 0.7915694623318751 0.030290764378121393 0.03346695756974971 0.8199206413916321 0.90006831704376 0.7839155935051986
0.7414941470082483 0.5842850713228992 0.759429473178582 0.1209967189573633 0.2178336395666035 0.5795619950586015 0.3738384914025701 0.37444228400911117 0.11406472778251486 0.12550764250222746
0.5198102140106742 0.6718188113455537 0.24277071462351973 0.248497815295588 0.35524551034446317 0.7590659391081327 0.96488211171708 0.6386507220333422 0.3392799923658124 0.08480931244179002
0.07117674310785971 0.5349216367058843 0.19708602437280953 0.6853414216886075 0.4433674732598285 0.21153976321963552 0.4616412034076307 0.6847536360516796 0.09368519321559554 0.15419679216190552
0.20357730616707292 0.030367389532285682 0.27659109480781086 0.46068543242482507 0.9205763601090658 0.4205263927642041 0.24222882504098597 0.4782257627629978 0.19938117135442412 0.2499753170660971
0.8584534090930048 0.19850568438502247 0.6863393250457126 0.7974653094375034 0.7667512764342309 0.4715014792579897 0.10650179880028099 0.8108898945980629 0.9570909228637218 0.6704329567390713
0.5566482874568525 0.10716955096630776 0.6477216837056297 0.042747093910088685 0.06421300501085048 0.7972668890893032 0.13816365399495267 0.6158130269691444 0.4519367349338711 0.2711286420023338
0.86710882961115 0.19105032827449941 0.8771717230589339 0.1330146734466796 0.25168012183979127 0.6565015124247509 0.025118404600170896 0.8645881602219214 0.01047106145986687 0.5753987743053334
0.8268737100126471 0.11130559034241849 0.5800162174814215 0.7670643852587893 0.7460228580230637 0.13705845096629177 0.922818151403212 0.38652226171277015 0.1316078532987075 0.17268366301905613
0.49478407565419535 0.8304888033237654 0.8706574933583964 0.09587275091554293 0.3909013044935884 0.6499485572283292 0.5900651819363251 0.12317467752502209 0.7202074165543183 0.5333104425922918
0.9554526762212987 0.9692008439618894 0.07458779204609833 0.33917888867882195 0.19375897542509213 0.23380493277236536 0.5506593526487985 0.10406341608315361 0.8266458251355464 0.6149245102833963
0.15997617002177789 0.9278890752391067 0.7434120687723281 0.9129349883357413 0.6200191957584039 0.6489594789471187 0.16496117030783208 0.6917810631470647 0.4569085823178274 0.26006303243569595
0.7544678433008207 0.8928145052184897 0.070504222270377 0.08870222471416389 0.11574082041376199 0.6591811971896159 0.9135361310349738 0.8669645003265656 0.18688083035906855 0.12176472557176032
0.21863292430607473 0.9503429798068794 0.5846841169121914 0.922107420353094 0.7705939253661634 0.10985347285657143 0.7843435293336726 0.8033943513163865 0.06597565254521687 0.5180842875862351
0.12935084351948956 0.6874992112672418 0.8280416496156894 0.7773534226829824 0.058105314931919616 0.2742556731272696 0.2523493796975861 0.09693756237460172 0.606585084095836 0.34853144992725404
0.5467262992458543 0.016375851624599647 0.2005400276836231 0.6613466575759116 0.29911228915818877 0.3931408568762751 0.9860154679384892 0.46319186857809425 0.9577229329108543 0.7255079406540071
0.46361830889478006 0.510865568219373 0.2402148954849762 0.2652432265828496 0.9897886478881943 0.6435643910289394 0.6020101266278891 0.7897700307520962 0.787440998330628 0.8296243127190364
0.9886637663135854 0.34976174634239543 0.4686916831884481 0.9222240253525561 0.9731358364841493 0.7856489842158931 0.7139896335089168 0.23052669689667848 0.03605390414768783 0.31531767013036727
0.6748199564369475 0.4121499323240123 0.18553066150349196 0.035313494637160714 0.8712508531687202 0.12351777036065059 0.3328264611364318 0.749157737047138 0.8409466765485506 0.3265628784459098
0.8411239075976542 0.1389179986398279 0.5628702148043796 0.14341085439160461 0.44690761430956916 0.9299670177225319 0.7267504108045637 0.6750930924175151 0.31691940697290744 0.3639011011315283
0.2484921766758379 0.25599798223514625 0.3483852073265289 0.9908795351202537 0.04205663085245681 0.20268509897342246 0.9461869335012596 0.5201847871776909 0.9499425066935998 0.23385046915072472
0.41787902346292705 0.22659277825110458 0.9072497529837226 0.38764548189390213 0.8159256096335659 0.200181054959781 0.8684090564762897 0.44321564783794287 0.5262614076494875 0.5484926929651674
0.7610118438184986 0.5652400979585016 0.15325552534326126 0.5125115798244619 0.7477773194412349 0.13341595759837632 0.2833840650339594 0.34169493305572973 0.3755442109543454 0.49324673089795745
0.523393972128658 0.6883472301497909 0.7692771359091423 0.6701568326360181 0.8034674484072013 0.22790902290034876 0.8894281614665095 0.9258696549619212 0.3118720729782678 0.18927339521250675
0.012596613906004861 0.4041494213922434 0.5848091505598848 0.48803144583982594 0.01828111056416104 0.012422194015104249 0.2136487999229556 0.19558749129710695 0.7686195615880839 0.11645463447247784
0.35146721472208686 0.14837403384901482 0.8533645244556122 0.5871837085264416 0.7017778397044214 0.6039347328906421 0.23894276074342113 0.2319544860052356 0.954574890910935 0.9844338589647427
0.9082995295497154 0.6668369697040111 0.6982842023262692 0.9131886320614733 0.4073292804381812 0.24235726324361528 0.6809429823065699 0.9461108008590949 0.3240469179156098 0.7218924947013374
0.9199063980956074 0.6274823501188214 0.11825400379908557 0.030142511601662703 0.5666059891066269 0.7582792815959859 0.39230735877627265 0.5385059586100113 0.6213606532383467 0.05529717838684145
0.647697708561269 0.03485228797929896 0.5629684696509811 0.7006200364854599 0.8074984640016563 0.7370948026788361 0.7087833398734279 0.6335143988499211 0.30134606063733527 0.45313487073390146
0.6532075654966368 0.8206185685358386 0.307464584432094 0.26416048975055917 0.44600779985650263 0.1553367493488692 0.8253494068515261 0.9139471332830766 0.2665882815978612 0.08363628207802964
0.6130758285355625 0.4237226083127873 0.22633207355442486 0.530985796238761 0.6648001358767148 0.3203217622461296 0.588347535326666 0.21396063758830852 0.8268726496160621 0.2647709110756936
0.1324334224884337 0.9600814615398466 0.35508327745129764 0.7991058921872204 0.6128033643230633 0.23074055425188467 0.7009118001727056 0.3911418694527262 0.25708613455564555 0.6446098510300964
0.5812571163642782 0.95007694298694 0.037345403767745755 0.9327132905348567 0.43397040940871223 0.5102255839877654 0.00733882114169826 0.42138575697065983 0.6906197520559394 0.8358422989605203
0.34496298581371443 0.8356291410655783 0.9082641985567331 0.2869096693578449 0.8648074191626849 0.9429160787703602 0.6936179407381382 0.4039289212232171 0.6729671729351802 0.31628003853200337
0.5258359716215146 0.31916606575358974 0.3247402191079304 0.2855702894113419 0.03825447125658865 0.28246906303450214 0.31556272775297534 0.9670385851605524 0.05477098480219489 0.30168743251939145
0.9865110054618755 0.1139643474041836 0.6931503743462633 0.14088844039192283 0.9579266067662826 0.4148132970092615 0.1453949820179512 0.6939786362712176 0.018196712533009918 0.7804641895451775
0.3244180600400849 0.05700327347542766 0.9894488985935305 0.1083270103238485 0.42661165626148523 0.4593106077722655 0.46789591303611633 0.9887152265958268 0.6015018691465559 0.5819319626171475
0.49379271219587795 0.8276238383086902 0.342535212445356 0.6909418786186815 0.14444413267383627 0.9001036567822976 0.9171421112047532 0.44422825398168586 0.7634290772471661 0.9197117244188889
0.1395748734220339 0.19201452812317066 0.04018241982252646 0.8120566078307448 0.05661881406201663 0.0846416511813276 0.4363033844755043 0.5142463903073574 0.6641271762060381 0.3255307529689726
0.5184354392398985 0.7870865126543137 0.6014316523635299 0.46291159273509397 0.6022890481607559 0.22316297202445923 0.8810323412854877 0.7008162908331275 0.7383553028325761 0.861486558044385
0.10257197462531764 0.8280015464768232 0.4770854625054749 0.07816170139767864 0.27295124005426286 0.5128767391881529 0.03978722013654412 0.7125832894846982 0.3085435675432102 0.3931793694578507
0.4912157477990454 0.7099539336394377 0.5308188930748168 0.6010533506583458 0.26081363603404306 0.9134524589322808 0.9832880846598829 0.10734991308611652 0.8917809334094787 0.023174527933246813
0.1955308528394829 0.5433843237880865 0.21063249877562595 0.15400453395994562 0.09917151727219842 0.9640466318292045 0.2046267664266176 0.8708671279154655 0.16101890292921717 0.3530779098280403
0.7704266015024137 0.057346275479248976 0.44018794017476337 0.5394878250458542 0.15457933850578442 0.48244825194531227 0.19887197275220359 0.5935036449692743 0.344879677590171 0.4703241542381603
0.9005369026713487 0.7011042926251916 0.8914058314943334 0.6490568965425926 0.9146589307292614 0.9781078125643489 0.636995723623658 0.35715631878614007 0.013730436679762259 0.6779442053615724
0.6191565818407231 0.92019537662127 0.7961089688439669 0.77165952672179 0.9688779530291998 0.6750592054758427 0.49738628332982404 0.9343619781948659 0.9765447420168265 0.3155681878547345
0.2633065468982332 0.5592336386705454 0.6211232357757389 0.8607749593017577 0.8488631832201601 0.5383967907818805 0.7660198358106465 0.3060245924491517 0.8810564529290684 0.19933665611515872
0.9134887475472785 0.8069059573106814 0.27689489878869056 0.9662474615723712 0.87919137396144 0.06751167640784528 0.143575538345322 0.02758203344045429 0.9994867061487234 0.456962834352331
0.5043789704247239 0.5342496849337798 0.5162588046426806 0.2619438403334151 0.491667615562715 0.6273210006347262 0.5975635683707378 0.39803199743119055 0.22747643519327365 0.8997620618266672
0.047104091924732416 0.8488950024639678 0.4725371900768731 0.7336352068338383 0.13152001956104442 0.07996915508776792 0.2661789195814446 0.3223668963220844 0.11170314456859853 0.6820198410686097
0.20239880532530075 0.08709753261974218 0.0028279428632689285 0.5400248257186117 0.6914991637741502 0.6267924343320014 0.8075123361285558 0.894110317645677 0.5420379777518203 0.30370693719388797
0.9675005141062374 0.761808373615011 0.4644415155288796 0.05896228587604224 0.061486301462134185 0.32469366648782294 0.6454800906424814 0.0774042384514182 0.8401718402728321 0.047496529179143154
0.37190820528761437 0.47657868490390376 0.5343834368897682 0.4940781442114969 0.7919233955098186 0.28157443130629956 0.998042324784215 0.032192964449335726 0.2946981566624519 0.5656456930751557
0.6550152518496751 0.8777527471666814 0.6610924374403977 0.785942256028766 0.4073460359674913 0.21934479843682175 0.09275413648245567 0.024338487425737187 0.6320957385199679 0.48504731698429115
0.4621681500400765 0.055266852913228304 0.14499613528275634 0.16612264065855642 0.6428148122737717 0.905625277907105 0.5413470190122643 0.9959589814067763 0.5764508991390188 0.8462423267967322
0.6380650365583659 0.6976701442260228 0.8136277523285338 0.5600476892535419 0.8355179059953799 0.9600514177145633 0.6239125048240486 0.5690097671734753 0.09375501753424687 0.7791295800170464
0.4138798840805289 0.87006626492229 0.874970898745886 0.8113332211699993 0.11379404995160547 0.1296875846783705 0.8425160369184779 0.9243493958399661 0.3980011851728269 0.7173770691230494
0.32649463046373084 0.7030212473932465 0.0894048714095389 0.32032604496129125 0.5669666347191465 0.27018020506195584 0.8649985178161168 0.874605754108863 0.5279973410037705 0.41609585929230286
0.4272798775571285 0.07269240623956963 0.6392742741759416 0.6952654293811643 0.6354751647561157 0.7627853593175717 0.16673829400385776 0.8455535823831456 0.7008507445737598 0.14229289172767212
0.03965160655051592 0.6122328688511154 0.4419929550970526 0.7660239189632178 0.8687527498132406 0.8182638830553383 0.7687876806602277 0.039037702065947144 0.5786244434053717 0.3121931928690369
0.017932664959461997 0.04476847994270494 0.547127241838563 0.24633629632541554 0.49816778020967334 0.2709552616944658 0.39572822310410993 0.9904520946231373 0.6200092906466458 0.03907133098561533
0.6067809390745759 0.8699039098282285 0.28262630671483824 0.21736226937229974 0.9572886295029231 0.8323418568413394 0.7695985722020352 0.10326508216539165 0.35341001380020187 0.09322967645772484
0.26564718729896564 0.19789529230284109 0.025943291127205836 0.7880788850719754 0.24803035920343064 0.9634526564701049 0.2042503874251297 0.6680417039683793 0.4291487521632238 0.5538106305277015
0.3245601666490985 0.9155533810220471 0.6310059342838286 0.9392183631644423 0.5483159895344213 0.22800385238771526 0.9575213818175936 0.807958317709664 0.8672093437941613 0.4199573322039425
0.8972949085765568 0.12096655422538649 0.3537680744796581 0.9282277950017156 0.5372728346177765 0.21983688810967672 0.17984410336215506 0.7691572213842148 0.8968681414727544 0.9442939516268373
0.8700722313752112 0.693732747103692 0.5024378653209972 0.3021347684277853 0.8833479978418666 0.5137174905242816 0.7136230961010396 0.8528017965783574 0.02259938435680231 0.830759428050344
0.9859082126570641 0.1151649466647302 0.36160361004044006 0.690481319168842 0.2078575390250197 0.9907543182752268 0.34732657704533243 0.004844021231322215 0.48683929095607825 0.40559866491539776
0.48723968905308956 0.9386145061027121 0.2736481818330013 0.11698962111092281 0.5632944266690115 0.8395587943535747 0.5142896563785756 0.9059050192188531 0.6277127834790689 0.7070193197056794
0.5962902252696194 0.18148921223772863 0.13047697473154185 0.6398253905159504 0.21724987336213408 0.3609020569139474 0.4043794955150687 0.18202391956156194 0.9449543663308383 0.25601245469110223
0.390720424798617 0.9937073109143065 0.16121651655410374 0.09782623227348664 0.9272157366022384 0.814254117893525 0.2857171321144981 0.7602024138326674 0.13940705308403223 0.25658724947530764
0.6614680605043639 0.20632593752582606 0.47783930942367714 0.5735933441521631 0.25012113810076264 0.17456879373159384 0.7255003875268976 0.17163640375618994 0.3331985190476322 0.6447857241677161
0.8634918318501443 0.311137469569689 0.7444213358203144 0.6817548708234799 0.027628022997636892 0.13048129574880862 0.7686653556812347 0.8393873265580364 0.9146363499825749 0.8570502730503522
0.7346735868143375 0.42749424812637793 0.9038582353794875 0.8279744893177643 0.5015077429346967 0.5923137078154724 0.8488271848803716 0.7332261530563657 0.4928216203935494 0.3426638083618534
0.962826784514927 0.31497580334394915 0.6683914461679032 0.3655025156812517 0.47350768212122507 0.6096662468390712 0.8389390920799344 0.7178390543391637 0.7538699123015496 0.7030499379167329
0.028136819576124572 0.25635501190780385 0.4503925652436288 0.8834740624857234 0.16478228614837942 0.9717583267091607 0.7238201568948156 0.02498676246884113 0.24848561614394793 0.23180679577923458
0.09409115081370356 0.009377150210072793 0.27381039521869854 0.3051016776640687 0.5381208477411654 0.005050727089529472 0.6206635538118263 0.4371667355017663 0.42762728425189345 0.4606807469937729
0.3228292257890564 0.18099121106470606 0.6139156565297634 0.7428654596455908 0.6118943321467064 0.6461300927939092 0.4675126639430801 0.44955986885272814 0.40041464426308404 0.8236186750218853
0.9627697169868741 0.5648399428905733 0.9160216021961919 0.16837226186509435 0.9610295841290301 0.7855961201115338 0.5272721860564046 0.17640684174207577 0.6906781447087506 0.5470423267411675
0.9123951575124074 0.7811292645747274 0.04837942883059698 0.5014651649689045 0.1136888666633794 0.011110855544836262 0.7530184327041384 0.4634278369563646 0.6931774541442509 0.5011714155098129
0.572353103760785 0.12468154051917235 0.15923346080759937 0.1292655697720413 0.8121030679323327 0.16332693225589112 0.06922685424406794 0.263576246619043 0.008179716124352199 0.7243067192598502
0.7298617281411898 0.8473856867957564 0.29498831551667104 0.6320999103432023 0.21471372343917694 0.8237069486793082 0.23620971161680426 0.11152689908466462 0.4975825461426452 0.2073241481500835
0.9991957468873981 0.23886431603521618 0.8606257691637018 0.44880272470632965 0.6300887561667149 0.8230065554519234 0.3778413914253622 0.603195924269957 0.844002570292493 0.9252013445134872
0.1973186532435881 0.21558718592549986 0.18307853448131828 0.7659242411782046 0.5497773312722625 0.7662725689058243 0.6149569897531084 0.3387475109426187 0.8962684521947777 0.9803009842489533
0.6451808646980219 0.6535966461954879 0.3945097654429963 0.29925453123500034 0.7992750308818207 0.16557774221770727 0.9111818271640642 0.3375650726452779 0.8937211894430744 0.6105974101722977
0.13661134083944226 0.20132701542172338 0.85977488827699 0.16528636325229495 0.9686205440278269 0.13448086930427383 0.010047864951779006 0.5762767226887194 0.22392289909638086 0.07540577714967323
0.5450051360538776 0.6626719771064313 0.908296227929911 0.3563733072012364 0.7850033756067116 0.38558809210715006 0.7308672894649909 0.9589791758702003 0.0832230275891761 0.4999326145087706
0.28319192571862273 0.4505833057334935 0.6258237688884661 0.6561284444885142 0.3204176760880493 0.9699526413220313 0.35787912918205145 0.7032773979414689 0.8796664574216574 0.40471580249586425
0.08712262435989859 0.8602979858498706 0.5498770155722891 0.20890177620814876 0.4122646552693826 0.3678610734900635 0.06769801846022017 0.14574965089977165 0.4986156505127185 0.21148575814514403
0.5556247884422124 0.6091404696524495 0.8809775189303002 0.5149472756474874 0.14142320000567032 0.07641543974629028 0.41224234975726826 0.2431874042212906 0.4019873549070111 0.676010250772459
0.19586347276829075 0.925207317858659 0.060127539002662767 0.8152477714258584 0.841340823032596 0.2099614372100822 0.6293879067661804 0.30679689191225856 0.6640888232925457 0.2020603963465396
0.2498440856370825 0.4567179877997122 0.514532131965924 0.689129881407308 0.7869326317546381 0.13268088575267278 0.766000371180502 0.5689614263113945 0.37571618172913246 0.9178539027875118
0.6169702528057117 0.012130049486153816 0.9845890994058402 0.07412787289809897 0.2704295448309948 0.15454309094814422 0.24528052804793732 0.18775229974821894 0.7416141965196114 0.40442322623901006
0.7501131196552526 0.051125040660000565 0.015096461546354023 0.7695180019985769 0.2528269649960224 0.5463911028559839 0.023178187720480525 0.9628669864415665 0.7258805377480895 0.03967023273811654
0.44977036966280437 0.4292473511176321 0.02499117131990125 0.06914677939242508 0.6774163352507198 0.8494567754724147 0.99077989629871 0.9159195893537329 0.28984263065059535 0.1258824797617496
0.177736489228292 0.9834238002006738 0.418398126672357 0.3303438453604618 0.042322480219648684 0.7794001967657486 0.8779686423491556 0.603985262590755 0.344881222135228 0.6938020952021754
0.4764307548100484 0.5390348396172524 0.7241258914345098 0.6966938264942032 0.1014348847104406 0.14353376934417628 0.8883275314531984 0.54210868302111 0.18928486936474187 0.09268008227360092
0.6339273636188945 0.05699831023722235 0.9629071241373183 0.6042196440758505 0.950148286104161 0.618820104521418 0.38937951587601205 0.9403564083700097 0.7972831948515915 0.9809723551345667
0.15221641227557925 0.23494289929791112 0.7566880433276303 0.19220159343213383 0.05958305621648896 0.07225080900931669 0.6421103370568446 0.47427057633173964 0.21683887809351154 0.002411048205753108
0.33483438779381136 0.5715891295782757 0.9802859595562586 0.9686512572122699 0.5592266616809602 0.2671744397391308 0.17872555422685543 0.44274817567752045 0.05061612797594872 0.47122110510511706
0.3404017587917595 0.9176509504315666 0.584045888330004 0.5317258844895684 0.6951386015015286 0.29002086376913216 0.630284122304445 0.1910253394311563 0.5349525754671131 0.5804720602935769
0.9845836734601078 0.9177694893521124 0.11115013535903262 0.38558646063968094 0.5740315395307203 0.18076795725077077 0.6218953368190584 0.43331554579825105 0.7909308234953937 0.5993096173293353
0.0014599659428680134 0.6221707650904156 0.12250928857046839 0.803970453917741 0.16084496131356063 0.964642934281917 0.5513502412237467 0.27258881247785294 0.04918820970170856 0.9265806678062036
0.18629328069324635 0.368000873934764 0.40635071826164737 0.7567964997136001 0.8501534580867316 0.2972935330020666 0.3592995089507566 0.5349584415030749 0.8984595499006961 0.7367457472551053
0.07838214964125301 0.8308641822138197 0.37251333886214655 0.4222936809253932 0.5543146905871588 0.0644836755561603 0.7004234398749223 0.09226873147325221 0.18268069265740072 0.8836952536834084
0.5513689827188609 0.7873219602348788 0.24996639923522934 0.13542939084943273 0.12119944213286504 0.6618622693345901 0.6036331751006634 0.29597321499233564 0.0815793400872038 0.141999561056378
0.7584546626772303 0.5474782186628556 0.6602373498758112 0.4768987833356708 0.44232364241119837 0.04025204137478944 0.836481263850749 0.473614149602128 0.11695887269138971 0.2642052165912496
0.4339916772483321 0.4798871878538721 0.3224197108600413 0.8678619262043754 0.97200901349166 0.4850566241949985 0.7890625191325201 0.7096333319703522 0.49637995634172427 0.5461413672378878
0.13654942146721283 0.4035911687869048 0.25353069972744435 0.6143228778815656 0.6367464972752438 0.13076797404567275 0.9932866008859245 0.23646664616700652 0.955825303158386 0.02704996146386185
0.890558487105603 0.5369865585517147 0.01060775093828148 0.030016802217164407 0.5612684332527104 0.3472705952368158 0.07517152292212048 0.669622669509957 0.4144884518759586 0.3430494619576919
0.05595906395923067 0.9214009457261573 0.6306179751182941 0.574504533355414 0.4171105259956057 0.9059146794928216 0.3845265773310206 0.8295755112974043 0.5824666507795807 0.9144640526902152
0.5429410975970186 0.8578415558177067 0.7666654536228529 0.9686001935114142 0.9569568807917188 0.600514757589215 0.09498144066577796 0.8797853764017828 0.6434049300285866 0.22149793392961137
0.5600345104452795 0.5655770375306136 0.6029083108910556 0.91512345136058 0.8332205051604109 0.2000030807294454 0.7578125114718263 0.1781035734887102 0.19969345730991683 0.6283350176907588
0.5097761783650109 0.47638668693299724 0.917954858565458 0.36025390548244396 0.7146602703519365 0.012028325839115173 0.11858279643595615 0.3704437512485834 0.45145482605847453 0.6008496176715512
0.9513598500836664 0.8819358578650079 0.8223348237647952 0.5085698015541812 0.06603538514060858 0.2850664985777226 0.16253741311424985 0.46126375093210614 0.6691843401671033 0.3536997207038568
0.4616049658184387 0.9454094879154108 0.3381013058353153 0.9604059601381406 0.5016393923930315 0.34345431362384726 0.4923951106669463 0.5635758573109215 0.2035654780763264 0.4127430363080249
0.9249258104496697 0.8419886467990474 0.9390016231476288 0.10881504065803194 0.07595245546439444 0.9861424687430841 0.11318884754933412 0.7784912897335438 0.7978366976075107 0.32069376507290903
0.1535296905487561 0.3038368763895517 0.20237351293547579 0.12864176096924573 0.14864101121103201 0.8649978793069505 0.8087975442095771 0.7754329946771207 0.7744253219315954 0.608076293121653
0.617739309281374 0.48994997654084393 0.8165176967709272 0.6536200865986502 0.9248827995698927 0.44938739055359156 0.5525664639098765 0.5619700669577058 0.6578020666264708 0.1363076812209063
0.4931572477122288 0.5836189422498297 0.7704312010131787 0.2887077048064244 0.49679211139235124 0.7659023119279176 0.7618486778604994 0.14771662524620854 0.07218646507591342 0.26175495224762524
0.6995334818275565 0.12258432343503467 0.7602482216804114 0.9919304115092036 0.2219769542810719 0.4389092791049807 0.8484555998668083 0.14899551914625264 0.8715111061513197 0.8135929568606997
0.3119507525276626 0.8995756410155309 0.7654405554635553 0.7087975497692475 0.7985187230896643 0.04074059118153617 0.05204163660959227 0.2572227783127836 0.6787224181105235 0.29708517213101304
0.8177191552604944 0.5223064568892768 0.6678157637531299 0.4069724203004781 0.11258756613719723 0.35949251577327834 0.29265916453776 0.1395714244264229 0.5439698651162667 0.7784995505607065
0.5247124940036629 0.9087361334166573 0.45078448057387244 0.3715615417231909 0.22928266827538124 0.7054351645587613 0.016516282334651633 0.06890202153517855 0.6915545803639355 0.6573569457590352
0.8044450928955169 0.21024160795045344 0.3715350900828053 0.6424785340613836 0.10603140055183669 0.6799278160984692 0.21289218140344668 0.032800459854637753 0.18183509762399064 0.6433158300786284
0.28477239528730003 0.8251141754563234 0.9440705935903503 0.2433168927514634 0.2710310990571898 0.12758234839926585 0.8808772596192792 0.4685710235615006 0.3379125400478362 0.21407697287244543
0.05461105150747514 0.2884892085894416 0.20906691176602232 0.13263355908290309 0.8199401700842873 0.06544963072438248 0.8558945587638731 0.160044375735386 0.5022535298363443 0.2007212521400623
0.07155808920400719 0.2315273470745507 0.6528674655878816 0.948227541762898 0.33860496403892293 0.8425715907449178 0.6547433049233351 0.33905168820376697 0.8229948967459826 0.8194743104860612
0.3909041292009614 0.19962413123645883 0.0314277998282213 0.7857481694992423 0.4074660398977691 0.3178221922273098 0.6542195157459237 0.1134919505865416 0.5041761240365964 0.9137504776910709
0.38257430469493015 0.6419818522987502 0.9675749698897956 0.7057598981931111 0.03695435914270695 0.47015441799683144 0.7253793002861729 0.0273024530271353 0.1723487120687175 0.6853161880381743
0.5454057294306578 0.6465074704999084 0.4365945076527392 0.977329540330336 0.02833414641755483 0.16790452258701083 0.3495064201026229 0.7056880663911583 0.5508350741890234 0.15450721636682374
0.843420419051619 0.13630854664056036 0.5040624969905545 0.398510681807681 0.8598604247227 0.2455314959316477 0.1422396784165496 0.0901455249078047 0.5323874691036398 0.7007352637666557
0.10704247718307636 0.9867689292068375 0.0022928817656975298 0.3701337420443871 0.22571117829997744 0.06806377373707506 0.7116483201791111 0.9887408779401623 0.49429784863729265 0.5782550682483734
0.09732738632546645 0.4131501955218341 0.25218396296789025 0.8025418923950041 0.9699644451503102 0.23469050775303402 0.4299781484779224 0.4024827817479798 0.5034188128516098 0.38868424216196207
0.41013175668956314 0.6438610587311577 0.6831630633763596 0.7969477787076795 0.4780857786613938 0.39059551059452036 0.2661164605832582 0.011338168988140551 0.06148923324371425 0.30955162067639386
0.7897957642137784 0.28806383171361927 0.9560062959469282 0.33364676007290983 0.9352571615969724 0.5156416977805276 0.5184550412707133 0.06443244386928082 0.5961550227089402 0.9437967396846545
0.37149823101168156 0.46037529688674683 0.33534426741500767 0.7162640548802935 0.5088324443331566 0.8533481426471522 0.5208048903597656 0.7973679508656644 0.8157986199457533 0.06338082453572391
0.32426904479307317 4.1611580204736764E-4 0.9275638278384909 0.14051017880023942 0.9387820283499785 0.4753615765807342 0.03550039038468644 0.05260712913728682 0.8255306127006579 0.19384858576984754
0.7221151200864043 0.45934830795093695 0.5356235375066078 0.6816731494823108 0.15585810589023363 0.5650384100074374 0.6691105264299618 0.4918527770639125 0.009366834080084208 0.9267785293199944
0.8313775810207116 0.6859139009610873 0.2781782182875919 0.009515287901250336 0.026158520826114917 0.8966700113486357 0.7716675314948978 0.22579371326788733 0.7847531722256169 0.3826768336190247
0.4239498472821449 0.17557677892270607 0.47264549622298 0.8527158874940565 0.7297061248709543 0.8102832784399985 0.6375653991441355 0.7380708535320515 0.5483727213516517 0.2852342129143469
0.9671400877138701 0.02102592734912956 0.23985942292013296 0.3359881748602451 0.4096324059449834 0.6899293201612324 0.595938247082858 0.1165837047113264 0.2778649087920543 0.3843284898016568
0.3136708358251331 0.5714972542291443 0.7042800975460622 0.8180989880663061 0.8207200652769867 0.5781631347186157 0.6441889366502553 0.12415136872567567 0.10711681678448737 0.2931915743435938
0.7346111184728263 0.35121595905070413 0.8440303813680488 0.36296015033838946 0.707712167426915 0.9613685537470362 0.4773170982421243 0.9180424283217152 0.7306942435727478 0.3263745369355635
0.17209819751043387 0.5609771223546135 0.9980987181157861 0.9015929063262874 0.4543450382851001 0.8781699510238457 0.13783041131913998 0.9680955067342976 0.14642575623146192 0.359259590153599
0.5088148685050791 0.5768214312552794 0.725794321912601 0.9910679517919895 0.266051634162896 0.6029998719862687 0.5494795837756776 0.2082943161520595 0.14792794419123645 0.6247392462438937
0.48175820599996655 0.32940171414010777 0.30100908372063095 0.6765945794717093 0.3383721077604408 0.08368320763995352 0.09912269049575884 0.7970884454055656 0.21787766441954393 0.3442846424855591
0.836406682115331 0.6885761235054015 0.2291902894236597 0.7219994126741646 0.37809103087957385 0.7385081008790446 0.34411467429618636 0.24594026558606696 0.33813619178419263 0.11305861118532767
0.10462758035934794 0.9597316470646251 0.1194516436165336 0.6272518442642165 0.6969066943854035 0.8956556481358816 0.2002703213342718 0.6201322627501873 0.46757520443759315 0.5542233794639013
0.3793556452013046 0.11918901133910975 0.3023589565315864 0.712932712734933 0.30306998132165763 0.16515886136676916 0.41332920146449326 0.11551270063384722 0.4889344491747869 0.2864958438899776
0.9881304200286374 0.35174338212361034 0.23316190206098397 0.7622101786551365 0.8430695983570943 0.027979451746280803 0.24374624530451794 0.49244276937447906 0.6916698682793988 0.1497950662487061
0.5760429783089936 0.008055763612744293 0.8912674961883742 0.4907056389569665 0.4643772497595846 0.39368414049114175 0.562458481863948 0.6047126648234812 0.9410674709725826 0.673106262806478
0.7896769529673693 0.055455418537214696 0.7133539253483397 0.5114568204535791 0.2059147788172847 0.3810433193747458 0.6290733934321335 0.925718532833864 0.6405673834542607 0.29118131310173045
0.20352256832760662 0.06309348195258391 0.6666186213049299 0.6019901524951394 0.10280427968579342 0.006268988593920444 0.821852946093585 0.4539620267956117 0.1830524086976022 0.9952571918690861
0.998510231651024 0.42978123574408267 0.670282699158408 0.41740094918000115 0.9967753014670605 0.2912790340691894 0.3322184789302316 0.41030352970070527 0.5197204624220287 0.1885801058719726
0.041291544017412085 0.9468529241240004 0.9507956982591319 0.35953773458670324 0.9571204651002122 0.8271762976748264 0.09968882231416376 0.5338439739535464 0.6671195804992592 0.0892734453420776
0.7283527636861418 0.4837392685633184 0.01549402633467456 0.968243107763833 0.07622533118433039 0.4220361184683382 0.023727416748561714 0.6834290075316621 0.7921423939664908 0.23820976110253755
0.25977040166993015 0.013477372962001133 0.6501722812895587 0.8845981971322212 0.24849001359507272 0.8312114748785339 0.177575801407727 0.5772927545523847 0.03254100629788881 0.5133925037519512
0.8553226709787249 0.8600894677068598 0.7906722707502937 0.4148508388209091 0.8650720019292174 0.9949112621762872 0.49958288844487997 0.40213494887887125 0.45125082910803194 0.5883984067219059
0.9857936285843226 0.7787400349066123 0.842841060366663 0.8419058950610319 0.3556017414147816 0.8021421421307265 0.336712346601288 0.3209335151710847 0.7140381807118242 0.3922775470280725
0.582814325223047 0.6800548324560446 0.2878480514665652 0.5617715844607388 0.33126870676660536 0.35069940361403473 0.5528663791087699 0.5601345890276124 0.9023778733547297 0.801682422742498
0.7327634262354508 0.717307458426476 0.42279349982255476 0.6161642677422137 0.08398470032895455 0.49635262921066836 0.4345653143008913 0.29376223738056073 0.710812721620682 0.32075087762196564
0.8285161124343006 0.3828251821168591 0.2648294066960072 0.3286780254076713 0.17936662923045554 0.27542116386761584 0.7746585275613782 0.324800101021947 0.4672594126342998 0.7563774050937051
0.024720808292802765 0.8495392604507431 0.8588085460141808 0.18775045691331138 0.3558341298123717 0.46642682236525623 0.6905272687740273 0.03139392147676612 0.4958441223710889 0.08007405979599891
0.04846353517798596 0.2648302370067206 0.045071396382777795 0.34045522957491003 0.37009877305859784 0.12942143826762964 0.539213254046849 0.9636116054861296 0.30804301020158376 0.5648737653634096
0.5914395492870156 0.10454923653672177 0.6897847326392671 0.6303992761194098 0.47577369176176443 0.7550168525125716 0.7837314369388785 0.19039732132601628 0.655451292622768 0.5070152304345318
0.2390031721558088 0.15130709619031912 0.18280093823384191 0.9223027056643209 0.004917241098005176 0.5763224209880702 0.6012924885935959 0.17882555069936845 0.25582998439845805 0.0759479869623958
0.9657505139153797 0.6269167276465749 0.847977047194113 0.9749163297745285 0.8633315619180532 0.38126964788985007 0.11718075027510211 0.889773036984862 0.8657157972191445 0.09910826321612565
0.8897694433865765 0.5164772575714696 0.6720649658040493 0.6506388463663023 0.42378036394230323 0.6236536275350048 0.3126502228186703 0.47478237444520643 0.6234942915236728 0.47467031579828867
0.17465501659017468 0.03135114498583813 0.27757626821900294 0.1605077425194098 0.28450969250162106 0.910246941247296 0.25957415678602147 0.6154207516747077 0.23521608005544858 0.8389220914395853
0.5992520777025216 0.40868662646598686 0.3824717720361904 0.04125904660509705 0.08421395820821198 0.7582704720207191 0.4500057219730095 0.14418812720640595 0.5834972680458312 0.5960277526534906
0.4823877445963184 0.10277682927083964 0.5982949748856576 0.9291041706760984 0.1626767835574645 0.42018869951461235 0.6396895970570085 0.1884806780981353 0.8726237887318938 0.27582328845757764
0.9092597189280358 0.7331515114618615 0.5147468230180661 0.04311321691105785 0.4156464650710672 0.18721196351084468 0.038447746310493636 0.0778680817305959 0.09864360880067768 0.8271711666802398
0.816441025428462 0.58871927148898 0.7521011873510821 0.8080951612500288 0.5031172194256065 0.8631336441554036 0.5379101254786193 0.6197234536481921 0.7730648656629949 0.11562824162687446
0.6655606914426075 0.7974924591653622 0.3858260055902746 0.7492319306817534 0.37524512428435686 0.578437436316253 0.35206296188642616 0.8769046163333921 0.7072008283051398 0.888234005709198
0.58666423023149 0.5365378192475171 0.665967156197373 0.7731791823136709 0.3259200690709294 0.15132528171040738 0.29545559407778965 0.14970130304541462 0.7587493124641512 0.4367058416603089
0.8692095385617008 0.5340267369978321 0.7760606425766517 0.1357449988705407 0.8699562799395615 0.23592074568639532 0.47768327962210777 0.6767359295633965 0.6835307980115938 0.3529588401250512
0.09290319694116889 0.08996418716141541 0.9644770927905627 0.785573803146644 0.26849317164432684 0.29499499900598436 0.44410953101537487 0.4081630882817531 0.25722574835309964 0.17550569651834547
0.5465433908744111 0.4778298123850323 0.4002105350814489 0.6956001577819595 0.5541799844825651 0.33987002480074724 0.4379983796906928 0.6797061389053515 0.22135869708855516 0.49790788597475777
0.6082463380388334 0.7775700833856977 0.6733645731977189 0.1566193296881937 0.19183961148142203 0.5665287532388467 0.14770679056496439 0.4162740284328811 0.1547175069870379 0.7051505867170219
0.6355597333836163 0.4008644497249316 0.7992523121895991 0.5455035153149189 0.7634852702359053 0.735379765482846 0.8868815285145403 0.6357210211426212 0.31903109818923736 0.9528217891137061
0.5227956896270075 0.10020098284681289 0.6685266152957775 0.6078485053417169 0.2038349071717136 0.9716871571652455 0.9413745508673649 0.10147080828654265 0.8223497152917585 0.1676461161247621
0.26236303941617756 0.4800159293549623 0.0916324514720882 0.9527674281771482 0.5019991190854969 0.7616112779036784 0.8126279348345027 0.4100782440298063 0.9845916777152269 0.6647306087187731
0.6369827694179762 0.6550781899008332 0.34478815437620614 0.9658838791961039 0.4980950686112646 0.270463512771294 0.2554957849401409 0.09732121166797036 0.6796770722763616 0.7134248915429958
0.0635949762374668 0.010660390232544614 0.570445750402805 0.253165979629125 0.4645788340413639 0.7786362967038164 0.513906839335488 0.3332047789129745 0.22322928332805214 0.8847098802309371
0.8038004580824883 0.12118368161985071 0.6046672755536341 0.6590633170101041 0.7986271070919184 0.40832781146476416 0.6185903995098165 0.8595469056260651 0.33277500666430526 0.9513559233240746
0.3992384967850158 0.9674326602684843 0.0871211963688201 0.8115617636911973 0.04460391795228513 0.3703681225628328 0.3485798437775398 0.23894791262859483 0.020630046703064786 0.23871341607663188
0.6359236929693138 0.17370818537876132 0.7996177141938168 0.5664835702971613 0.9983053615375391 0.49301918978640613 0.746786538859297 0.5444067175319524 0.40325714518835143 0.718014736666244
0.3949136902090885 0.16014877940366268 0.5225494574084959 0.013981926393940802 0.15420035039518964 0.6795431629199137 0.39713953965612203 0.9662309970987679 0.19299149604864818 0.452704071030789
0.9165437591933764 0.7947554875345996 0.694702402811013 0.3101904695435108 0.7833182945079318 0.3827133465767921 0.9472805240450582 0.6669271191462227 0.6499344859765841 0.7369233262373731
0.7537593735087234 0.33537773897307754 0.41318707884491757 0.27298553310390594 0.46593626568918567 0.9645052835742369 0.23037439740739363 0.6232987003571526 0.5379333928222154 0.9673422249826303
0.6818419946926635 0.5031609797184052 0.8723775273368362 0.7775337485148904 0.6460820639200671 0.538305184167981 0.3891607022060338 0.2840053932338945 0.8764329759366644 0.8566331847421584
0.1852205128929011 0.3329457582799472 0.9725246346072055 0.6775785616333929 0.37350530594410214 0.2575840373143251 0.4249669627934467 0.09444048379858894 0.19026617277566849 0.49878130531035136
0.6783804023974715 0.7381959320840626 0.2420440547966658 0.5132430390245968 0.7057189223631279 0.03571132656760467 0.8271970433753032 0.3312004206491168 0.4159373954083013 0.3309387568279397
0.11153927590339141 0.32169570888523025 0.3274071024588713 0.22459632927872175 0.563639715538826 0.9511472952745904 0.33108425687183907 0.10599556566438151 0.462555245799791 0.5796582575049256
0.040288581808438084 9.3561384016283E-5 0.47924947667056306 0.6295716134359493 0.17804969465877496 0.533511148685012 0.30267485183291065 0.7820645945505906 0.6883316453843225 0.035172902729058264
0.03247285519846432 0.21011318483485664 0.7740466212372898 0.5303879746845572 0.5924724482608079 0.23994737266228439 0.8626208914954809 0.661606190433782 0.7326450068760306 0.24815630894920337
0.5789774662574637 0.37474632628825777 0.2818993789816283 0.0478921063524147 0.1661516068477219 0.5469090439555117 0.19007755991154096 0.4951598167818275 0.4353566559384793 0.5994495860231079
0.5547385084529334 0.554969962857444 0.2501695471737643 0.5398008416769359 0.2667935082170325 0.6071695437051033 0.7536066594925938 0.8061003364250731 0.12878353984309332 0.34305613693782944
0.03221232436390531 0.7505889684592488 0.3005653732657515 0.20641890301281252 0.67788387243469 0.5909142821042407 0.7093999164608138 0.9664394587485141 0.7560087388639825 0.18288357653525433
0.6249127395627891 0.6749242616961237 0.017590476241060582 0.023877664310638647 0.9441232419668019 0.9566299307088603 0.8033923253267946 0.483049299557614 0.857715674790265 0.30898106372657375
0.9797285814591389 0.3725945873268084 0.4759515758293871 0.8462701479681445 0.4183851895133458 0.6237999014067166 0.6810999235649337 0.7134672309995252 0.9872530097986666 0.01223063503502364
0.9429877257926164 0.2160570823286686 0.7536085608922708 0.588342366628575 0.08525045292480227 0.5648597797704127 0.1185786125240812 0.7129589362149197 0.022088094984313633 0.018580281080153638
0.8991763550006417 0.37147636195316247 0.2988094843517959 0.12187126469363696 0.9533989947686721 0.7463148110502669 0.864173870156499 0.6829828637499245 0.8042276708256166 0.864055821632756
0.8785151508628015 0.1126118467353906 0.8599721780118402 0.5018654479732946 0.5188612502466873 0.754351554487065 0.25125495685438215 0.4372182060710865 0.6807371598452883 0.8771837386313053
0.0090299585813024 0.5556007805782034 0.19606677742394385 0.07174179780892698 0.2933836443919826 0.29278849195666945 0.6875658013355102 0.8946139210177496 0.6494671128197617 0.38145175296195044
0.4622437620030597 0.7387446797159091 0.8147597657276509 0.8962633465135666 0.9101101981277505 0.07303135391644755 0.4309664542692472 0.14734224008149222 0.7189066755040115 0.39050132192328013
0.12420175063000272 0.05878243232424474 0.8416625173922256 0.43199543351801606 0.8087163628992222 0.28718108715705504 0.5610991381616159 0.5110714488642225 0.7422725685744246 0.4844925412069412
0.18338395823371845 0.055881077028480886 0.8153766799729536 0.790200154731004 0.8634620100840964 0.805062070884347 0.7919285815463689 0.8497112279307185 0.8151691082086902 0.44722768471327234
0.7354495513253392 0.39904484086246184 0.6915579946764355 0.877422826819669 0.6529013418791109 0.7302958732186207 0.23434463969513541 0.658957354452178 0.46721119460307314 0.15802337684918277
0.38610870473368364 0.7253139666311957 0.7899684839028469 0.9436246158541098 0.9348589316823446 0.8343691881578212 0.6073610167781527 0.0029210028783822617 0.417800547666035 0.795953375727084
0.9152699662154277 0.12159543351848656 0.44961835690684326 0.03381566886817233 0.5435441543431541 0.3337853572509304 0.8603158645485797 0.6143488526135186 0.8948261635288944 0.581049327886735
0.028627155177798125 0.4769673592697916 0.08990397425799124 0.7620892228335141 0.5792452398732875 0.23482191484539705 0.059413729625986345 0.8080243033914251 0.1755864316524829 0.5795722655407617
0.4508204664955515 0.4736771804500123 0.4845375433560034 0.020229292763911277 0.8299555888197535 0.12224608773153567 0.5156091040475468 0.41361621412755767 0.5479909693983763 0.8989018732824343
0.44414377713820175 0.502788497750817 0.8175814915405072 0.33826176944576936 0.7167068218344174 0.46979007125474836 0.9960094343652619 0.6313568268734375 0.7065109246578293 0.33041360213474036
0.8085150816613071 0.48962305313586163 0.43770492889593937 0.8511706668718402 0.2616004997165946 0.7866114021409026 0.9295823141132417 0.552467565325251 0.2939439186367996 0.9325247339647494
0.5252420663872888 0.2770210069669965 0.7916645430043929 0.24235468443555452 0.16396052143120754 0.7488371911559829 0.45502872244157044 0.39530529318077945 0.932510494728843 0.525616762611815
0.14529006357225804 0.45135407231661984 0.3878890052880204 0.7562373415851795 0.763207904403217 0.7902154174584956 0.08239320248282467 0.19500441850121975 0.4148895720817841 0.768635346724766
0.4417089535801082 0.9956500670518474 0.6059539424889465 0.853860725408997 0.6476545590442343 0.910598330122969 0.471615256854244 0.48428981286396267 0.4594475711460837 0.6548055394062162
0.5981374182717452 0.9327253608671761 0.9708400946101498 0.35852187115516343 0.8202108049097798 0.0033155711429908585 0.1451936548372763 0.22961060417488466 0.4891554454982783 0.48018208810831264
0.5965422165119734 0.773599882973349 0.09845526757330003 0.8638983232237235 0.49191742334616484 0.1784312643846402 0.8259804192432758 0.08139563055772325 0.6386879147612811 0.7609080474498569
0.506355728508926 0.5355386428670366 0.7903900381078215 0.6931356503128137 0.7822853312848255 0.07252532773019715 0.9555044984840529 0.5797856573194946 0.7002445373923176 0.18843152740540448
0.025859805035527428 0.8408032136934511 0.8138021692811915 0.0706332335647255 0.354820019590968 0.26921806839590334 0.9369377404228518 0.8755047497511067 0.010140783978313195 0.580006872110515
0.05006939951442635 0.980704185376674 0.30235428379751306 0.2434949875377319 0.503110686951821 0.8185221471440663 0.8467702964726849 0.40557405817423753 0.5827247602087468 0.2961838101307135
0.8556569190770703 0.23705096260532554 0.7150472422629476 0.73965792696399 0.5768915131617048 0.6257331384415153 0.06049987927900269 0.7594409749049146 0.7963485134194442 0.727394042042569
0.023918772045897985 0.4299486846043764 0.10351748479381984 0.5255511790282109 0.2510727572526985 0.6985606706010644 0.1833215229459918 0.21502936520535143 0.011749038026449776 0.996028908259258
0.7418325821077645 0.9205695154236693 0.4799342641424421 0.6068737687163867 0.799556537570721 0.9892834350044548 0.31322162477940985 0.47655649425688906 0.9931879841874188 0.854543483434925
0.10642529450931204 0.781629915903203 0.21521079152303724 0.25893552851053014 0.7484857168129717 0.7697344724743385 0.39044717314236543 0.44519215037272064 0.44710039421789083 0.08821959634978582
0.4396347964941457 0.776562600585992 0.20211665968609616 0.06333518979571917 0.5123376947184131 0.13186473868293502 0.8065743168589385 0.16635191728158327 0.3849734110280839 0.3355036072002714
0.03338765323882609 0.20863300958698106 0.5144656716850579 0.829029692894255 0.5260078821340025 0.6445940954620027 0.6140077380094526 0.768349968571708 0.053008705223313135 0.7296522892400598
0.7746490986361485 0.7394928362165283 0.20938905028554966 0.17967907333206234 0.09489387329617738 0.3258679870338129 0.35148899224979224 0.4091361796692474 0.5002262336873722 0.8312507390239823
0.5377657860325968 0.3869873693279683 0.935454979305754 0.5652596939000227 0.5142792406230209 0.6426431503736096 0.39499524236669936 0.2318855741943966 0.3315867527552946 0.9786096580711523
0.3196827438562144 0.126668245698481 0.008849908904969062 0.002177000015150754 0.7334416550505635 0.044407752901765796 0.7713063284320516 0.6753959838041504 0.11910466081736293 0.026834440908514834
0.7788618369333409 0.7007570102573938 0.43990947286694726 0.3384525189759917 0.93640975310466 0.7093981400197614 0.9016732003240993 0.3488099634802827 0.33058529959390737 0.8993340996716239
0.02037244616524958 0.3207369667904979 0.07301521974997183 0.9831113943283467 0.3108332082498316 0.4566345128651277 0.8467238842070707 0.04745950879559002 0.4444617553548753 0.938683236108209
0.2502086661795231 0.20192159232181217 0.037423833659793626 0.11388203195734059 0.11279946510276617 0.6991122233292048 0.3254061935293293 0.42111481823336694 0.31526789358114193 0.5461644080749991
0.8570711376777547 0.1349832448289312 0.29125438877031906 0.4950912269677805 0.9955412073376257 0.5099316300420784 0.30793192578612927 0.6992023354587696 0.45572766013419463 0.44823009563772276
0.8284272698172311 0.2533790367265001 0.32504314138895474 0.38667044006177675 0.7438721976231443 0.29792616555377305 0.016015253891625836 0.6993686076863728 0.029558399364805976 0.35888263460840386
0.38154467757396804 0.5478567278555887 0.4275215236952874 0.12208699882459395 0.7870273961599068 0.7746863873119857 0.0869814417860697 0.8939580771062373 0.2782880306554619 0.13305441932075557
0.7044172496769993 0.5888650679566915 0.11024710043271724 0.8725010010112766 0.5966571904458976 0.20112518696308346 0.8084718393577563 0.4595194822995524 0.3132149621503594 0.36908163608266753
0.6242370034364869 0.0019555622396617567 0.8482060508982237 0.8193781094932249 0.7134482472523227 0.7673638921670809 0.2475285704815383 0.19146020904737038 0.6207575346561104 0.03802748061775185
0.42359513395895076 0.9854987562863492 0.6824263585381185 0.4291360486519259 0.2877536210447247 0.1513432891854689 0.7749695118607435 0.7116571048643958 0.8896364855484079 0.14177856841925462
0.43133812342992617 0.12772387788257067 0.11302947102976624 0.09027094651390644 0.7223776736910392 0.1639020259252365 0.6194525517888106 0.1415553165243647 0.458523337442055 0.7564871404998146
0.153497129986783 0.862827546571578 0.2051709637398984 0.9430236747583788 0.028065309393022098 0.0939713160629454 0.32488948890573677 0.04552475514499521 0.593008627311988 0.5571626500383199
0.7606161293421574 0.5734121526094825 0.7572649586643942 0.03935870971930722 0.5562031166558333 0.16798378482412846 0.18244425934255926 0.9855925947289097 0.17416078478141328 0.07525589098498142
0.5949148103096641 0.8966587689585923 0.5151686282920227 0.830316081722284 0.7737940436513759 0.011688871951711088 0.16990225626025013 0.06386187799006215 0.16384843474803834 0.3742809039173325
0.8409511589936963 0.6003890964072773 0.7351597118577193 0.5302594576503752 0.06107827638567975 0.3075333686150703 0.6655153400399899 0.7858080430967331 0.30379929463386457 0.4773566905348037
0.6568331140593355 0.16662964990248907 0.3332359572747712 0.8729107038782696 0.21353138867993393 0.9619543327981921 0.17242432112768769 0.9571966601597727 0.00860767167576637 0.011628327324420207
0.38273535590143937 0.2366818807371377 0.5422902864315295 0.7001815719018475 0.44179203982776805 0.0978209205246745 0.6584790274798262 0.9586860681975418 0.8832435019958239 0.9925690266673491
0.1257924205050025 0.4433805628956623 0.5189833266140819 0.33766472415361326 0.4128910155170695 0.4594513652400518 0.5028756864049683 0.03249687692924286 0.9918470896825903 0.12902372770061366
0.21477989917378038 0.07166118349780193 0.9886833604604488 0.76433111506925 0.9446397535663569 0.3308497884005369 0.7668046048571809 0.4001951170454321 0.13863144776699632 0.23850710488270543
0.07689725145175008 0.9643616545313887 0.5328399352327036 0.7107232464340564 0.7359744888547634 0.619904035276587 0.8446601692907922 0.42312681478455993 0.4085950286136497 0.40081673901079884
0.8180964831896077 0.2210763017616889 0.9548858144215037 0.3800887595342526 0.3263594932367365 0.22823988832890574 0.9828504178566246 0.25895836981695874 0.9236371836190541 0.003691214278298882
0.6965462147198708 0.44671629950846814 0.7076425103630223 0.9189390661580927 0.8670653211965618 0.41233720103733273 0.6055171226090852 0.7788463458460447 0.7698555530605609 0.332384743761451
0.22789706403996846 0.5941847836504537 0.22976944174510383 0.8340482466901323 0.2494228972213275 0.3286087354150219 0.4943307042582583 0.9378341462808598 0.8687033056624598 0.38912239747243016
0.5160593093821249 0.14134862601540832 0.27671763416612183 0.6066525550628675 0.3662977100094641 0.9537725216017052 0.21986999608533397 0.46212845148996096 0.9258325019846315 0.0900432540031415
0.6823828540347465 0.35350976849054294 0.7017072167880455 0.9644228500076424 0.43244622619319983 0.7704921191744784 0.6049735760674212 0.0850448648194515 0.6775136846995136 0.34615900431241287
0.7907299578456386 0.4441976536987623 0.35636407115089397 0.8886382166838901 0.20964791149172457 0.023514625406879874 0.6590234245783256 0.6608592264481584 0.3492881356584939 0.0889072317011309
0.21036914201870394 0.37279802061143774 0.7538598872396158 0.03698954065535187 0.9792139817262139 0.5781341319982585 0.30267904172480076 0.17290788343719432 0.3818949590604971 0.4260339493066838
0.9004310639191976 0.9489029893761602 0.23786812239522048 0.008813806756509335 0.18644744805691604 0.873596111874752 0.2045371791063092 0.8675246174329991 0.10555549780349749 0.513904436013383
0.06952003267340368 0.5700397401046731 0.6996624888743446 0.7546556055601925 0.810784532620106 0.6600163003140622 0.2770876161989264 0.7553848733919135 0.6485604025158104 0.690139334561952
0.19575575310640947 0.849462625375246 0.40766203344769514 0.49934728048083854 0.8567194585712686 0.9676139892824541 0.3848320216881338 0.37127648112095735 0.14607662658542664 0.03605646866307721
0.5729432498402751 0.21995106081748717 0.4862031379081475 0.19889538111465166 0.5323726557294471 0.4887841344771937 0.8613211500539061 0.64508110594955 0.4195875946093719 0.020244909267083444
0.66777522988839 0.2821461915983342 0.6839609008820848 0.7560853773273406 0.005990677735751904 0.4921042680247173 0.7260589238197473 0.7618098759577943 0.07893875807271777 0.729307154307905
0.37412159983054905 0.7341089152939334 0.6910365951444043 0.7757201307644297 0.3801818265591268 0.8462686359516904 0.45175960934605963 0.05598963805668766 0.263246912078285 0.5141057226197224
0.17984726911918747 0.5328420915239555 0.7341916791244917 0.4237671718169591 0.17683320428810445 0.35276559715989075 0.6254895984524599 0.9527726088259614 0.49273354091686794 0.5925916578236343
0.7186348238120412 0.9369669397983438 0.042077817118134186 0.16950690465427942 0.11308415908017333 0.5885892104110638 0.4450690769107216 0.22018971119045894 0.812775146816248 0.25445330281858014
0.7665110031901079 0.029180281047026524 0.019752704701199164 0.6182746918739412 0.904241656756115 0.8922566511633466 0.2191631397536269 0.8974669262397147 0.23916486558236216 0.13750400508918514
0.5158515061344915 0.5622702354553676 0.3005717955312831 0.8949272725440601 0.8400239651858028 0.1138640015734641 0.6232970583421541 0.10487270110264368 0.5779144684642041 0.4981536709369083
0.6773549361745043 0.6861868883521229 0.9031204541953055 0.803211867409631 0.7360532057753492 0.7469563819054255 0.5852498398409056 0.9908925409575977 0.8151833181537118 0.2138350656557485
0.33474753403693214 0.5469260194116045 0.36373735966999676 0.2803802132275449 0.8062463791119958 0.09884175202222523 0.21570401946006101 0.6304827938331314 0.22751428958959052 0.24735498179041326
0.4228466283295129 0.4798908880896412 0.24704535923223403 0.08439209921083268 0.9799691512016232 0.0969898175145717 5.698511576585075E-4 0.1297190693592627 0.1270260256095065 0.6134162633011165
0.5852343251945781 0.7081759414231567 0.8665347242404663 0.6157479314080381 0.09992927509386873 0.1108095349317656 0.5701003369356417 0.2214241390994176 0.16121930380721083 0.23573620340890677
0.06446412989639116 0.08521697670922002 0.336555930167721 0.7883540641105716 0.3853384768018686 0.05698675213080229 0.24993136170521268 0.5355651378798056 0.46639288082045327 0.017119328848096194
0.2098563847880769 0.5549551345813495 0.39110735079324854 0.7529570490587449 0.08552384384430478 0.8974188078874467 0.47681038269818454 0.6076994002062304 0.8142441217394248 0.5905073882233388
0.3830709872053525 0.032662886317226913 0.3617167774609914 0.4498137749169574 0.6407154499408716 0.1044543722399165 0.1764285002235625 0.7370001978753005 0.483091183894657 0.5305257820886129
0.18044424475530219 0.30561218384852473 0.6278014626846731 0.6597422559602918 0.12108488208425416 0.5096117335302749 0.704986426359134 0.5390100009449079 0.6714614253473006 0.8146014396641247
0.35732769199142056 0.11267378577817966 0.012562379259512091 0.7480008364578463 0.6473046148783038 0.24830867918848376 0.7555672384234289 0.5519747490079009 0.2988328172307534 0.3906941190049138
0.9702857130337645 0.6617028942686152 0.47326633436020504 0.29517282348513374 0.774099114260503 0.9216188928408885 0.23384691666827262 0.472260868368646 0.40550666610850206 0.2735358838585441
0.5880348976285465 0.6872897045610281 0.9573557430870411 0.5031151829235601 0.013758469329427259 0.10202441748564739 0.9770624599792724 0.5149230509193605 0.6734690389807262 0.419616918140687
0.954604561937736 0.5213603036430193 0.09899213507375415 0.6999170540966861 0.3137962182626499 0.4770381768858474 0.9905150922470102 0.3490779866970285 0.8983297306032108 0.06771279075264214
0.9146539925102182 0.15555701256902277 0.10129670690001802 0.5716800733695561 0.10939422470775395 0.14402642239112218 0.725377290275638 0.951571781485765 0.307800232656272 0.4493736699014632
0.38061278755327244 0.6057821133887421 0.4777417324623101 0.3748836404849668 0.7276533677510751 0.31129412288734726 0.6414856377940935 0.29186018789868584 0.1565995292501252 0.02346334258651106
0.4868537376385077 0.06235793417756541 0.5550319772280627 0.3633560332409528 0.3107482085050701 0.2223599277086702 0.6635517498702437 0.8195274491335514 0.9461986581147978 0.2496498479935525
0.14312848372901377 0.918665798315749 0.7156858585540543 0.8587926835202839 0.8857814780444863 0.8783155469115751 0.1263484995713039 0.41505082539852 0.28859500451246145 0.5449334216393856
0.976781816275943 0.23972723297820808 0.18079536782879324 0.7418193710488095 0.7804872138820055 0.7913411755754518 0.844594162679978 0.5040037328731942 0.9276348384006188 0.4502061840570336
0.1027287280883461 0.06096089255772419 0.8046517920624799 0.9083935570335824 0.7591071787731916 0.8430591491670526 0.17025031617526198 0.9727296532046119 0.7736919232820709 0.2339447499806594
0.44686252367214685 0.9253882241497625 0.4287327220152931 0.26859830299771104 0.22804868519387467 0.4548038513540381 0.40068569582439273 0.9855895718487676 0.22529875398711463 0.5690464801828078
0.09063279756510378 0.6820967537196675 0.08174755406915335 0.8344607475359029 0.7857415466939244 0.8915447294209647 0.9656761908629603 0.7442883369917556 0.22528181576661266 0.5062561378934196
0.6232733747606849 0.01515534117560835 0.9269435680038062 0.10129836254030267 0.6179822043622537 0.13372075794327676 0.19267500800334592 0.1807479085649546 0.8128593155637611 0.5314465116417043
0.05798781204931458 0.7638834788447839 0.7627251785167366 0.35236280461413716 0.5746528343293784 0.4563579217037579 0.5744853309361398 0.8968678494701736 0.7239354340852635 0.9101876487950611
0.9668544849588374 0.4740136390908596 0.9459971377044154 0.366438295644684 0.714816798594406 0.5753946986009435 0.7408160435261057 0.7957733277240423 0.39950687702211196 0.9956701122544137
0.04695560804836729 0.004572436662519608 0.40079802353106475 0.7679135681823892 0.13673741886487034 0.9581144838330375 0.36773589639703375 0.5563997631922152 0.5798507058236194 0.48735991729490513
0.981056569602086 0.4551003295446253 0.42215759632075 0.4921559747435992 0.6823805156248163 0.9770755801456507 0.10242931778777531 0.7312270483883803 0.18627503871099982 0.388113289842123
0.7869761804154695 0.29810207423601043 0.014229064623307308 0.437379026138245 0.7406093616802999 0.9221696154163804 0.993686444503776 0.9685074462077408 0.07210035749702692 0.30534007769351335
0.650634850792155 0.856477135800302 0.6932796050352614 0.807334193738658 0.690849152400075 0.20877628759018907 0.6131426317742932 0.9264054996419392 0.3127397667604429 0.7937804175031357
0.7518090862469528 0.18734371613883138 0.9238580022616828 0.21492714264321233 0.3039057574304801 0.24489503777299215 0.9434619302455454 0.4361874045716252 0.306921993298657 0.2382743257077229
0.7651477717882291 0.8824965376960549 0.4773119236318648 0.6912335113670462 0.6264038661532383 0.48822232891788964 0.5655948427667548 0.5421890607493204 0.08604499344397598 0.7474117941414933
0.4514317181538471 0.21020104536125062 0.04583728283839639 0.03147209614094215 0.950631598443601 0.9551350247974135 0.7692247225900302 0.1831049939948779 0.8382696209669217 0.17412681973751687
0.14792066208366927 0.6697288789729285 0.9055733710256931 0.6915102366202501 0.5462282174717008 0.38528565471916976 0.9629620526935414 0.5456554543105039 0.9133062735090122 0.5262445006662282
0.5775989417075852 0.25370628431004116 0.49519807658129456 0.8357783389269671 0.9910442300895543 0.043992490151205654 0.40129228907707903 0.9095027687398295 0.10107207312523603 0.08593309009337025
0.4839866226827133 0.1868315326039267 0.6114421291326728 0.318535179287291 0.47567677977070977 0.7139163851646753 0.4543922006665363 0.08113221543313964 0.09379441429427504 0.7573038013977347
0.37284586002572184 0.38379458943038125 0.8724695308778385 0.8718541240198113 0.11280447504327962 0.31988446916572466 0.8084945174539295 0.08213384918967914 0.02112059823493051 0.8195156600545115
0.519618018375799 0.42340505916122806 0.9698256075812928 0.6702188219386753 0.5047992173976138 0.20650033203078233 0.435411279013468 0.489901104817251 0.268903818126483 0.020285719199741314
0.2499416455851845 0.12722809911999333 0.5284252276580137 0.6660779697031617 0.010597579510098654 0.7858457444936643 0.4501656637144552 0.9302966617571599 0.38523398767339345 0.02139820957516414
0.8914136217290586 0.3447960091542521 0.5837550308347068 0.6440871579640083 0.9080054469912245 0.8587345007592782 0.0785899676056726 0.4745569710788383 0.37576090988186517 0.6515055597128159
0.25227892574159694 0.8471791832712833 0.4311332952013873 0.1531658265808784 0.026153876914435936 0.7323488501730873 0.5785172851117829 0.7069616531686993 0.6813269611598701 0.3581944170598529
0.7345081305125511 0.20796919436231076 0.021675298754486705 0.25214172939319257 0.18350852785748084 0.48252655607584116 0.7482369459556533 0.6940619836409304 0.40442989797882034 0.13505138934483696
0.4154104668203622 0.6752722506408912 0.9948375860211472 0.08200071635171369 0.6215759676408987 0.5914467443478894 0.4667396963963968 0.017144330808822827 0.15023311196388045 0.06253546764642559
0.5173222677766792 0.6079870296170953 0.6224771025443723 0.46907633018590233 0.48828391612469124 0.3100886222962872 0.8476111585616356 0.021825780982415388 0.11902513075015897 0.3041954406487072
0.4659199215985145 0.4404221460871274 0.371799102619237 0.21051043007685932 0.6661051297680001 0.6068346427017406 0.061032042312394785 0.915093468531062 0.7296111817315984 0.8806405882149116
0.25437318036322454 0.055297421867169794 0.9050451228922798 0.11571184760025899 0.9296353977102786 0.45430929090045014 0.6481218581613214 0.801680913200876 0.16963976339452824 0.06928045521330706
0.5760420128699029 0.16859636756312635 0.25607837391918786 0.8231934154516641 0.5799366766112539 0.5394656505810638 0.3838614776876883 0.0275269487120422 0.4149893650866807 0.6929231511147697
0.35901661572511845 0.9709454921440014 0.7450725615166053 0.5070501388760458 0.5660589247301708 0.6486524839194218 0.05721249783698257 0.6954118967853473 0.694853307235681 0.5377120782103094
0.08092227099943983 0.0176673671538099 0.20234102528785292 0.7855565189683668 0.34842063178247784 0.9496444086782608 0.25110407748271135 0.17206202116432023 0.3139791801943821 0.4315642182325884
0.9145935142600898 0.7299887542932973 0.014118574142870988 0.9781363565870363 0.7679479391847893 0.9642454432733937 0.5950998338822373 0.1305355114292892 0.5936814224768564 0.1973525157711612
0.1601340761509572 0.9578101310025282 0.8231204932655763 0.6866427021192728 0.2959602374631455 0.07406197826358463 0.5073221002714836 0.8081507941566312 0.32691714014006956 0.42777469731514883
0.06530575465846045 0.7828095267808088 0.8143623656656609 0.940958680782036 0.7927847751436743 0.1324819394202016 0.07026772027005201 0.9283187893757897 0.1311826755312263 0.29652462230486987
0.48604686547396003 0.11043970043850182 0.9945731461922558 0.6139908351314645 0.2911476536755724 0.9500239353160033 0.031282669307174604 0.18224590474649105 0.9506684401201482 0.9865057189539158
0.5572470597864172 0.9396817989876531 0.7872335268132319 0.8219031417010518 0.03981454689253516 0.6883817563020267 0.5695901960976723 0.41956059476316654 0.43353956798921156 0.6719996530279262
0.7488662765383807 0.4174717661692945 0.373612907716277 0.7547834106622967 0.7431528067434598 0.22916314669023052 0.21792574947819987 0.20958505317128506 0.17205438715028942 0.8076568591169339
0.19536627033228993 0.6158648357577488 0.22507525863253075 0.08182047942729065 0.46579936350901774 0.3931104098598889 0.41118608805581536 0.23945106499734137 0.7262813949719745 0.050756231473206403
0.7816431311902481 0.22772904010724793 0.10841369431499892 0.3226026310066936 0.34410768896169386 0.06921737124456118 0.5033397028176027 0.9718975765594516 0.7933407212805402 0.8503697032924568
0.12374275334618512 0.20265889236930634 0.8722236435101091 0.529551071061693 0.06630235614319557 0.29347818585701935 0.6465832239455803 0.03286306621851187 0.8734192339937598 0.2819618081100139
0.7282748896718079 0.4586050120169184 0.609620090357797 0.271128957928611 0.013205303406996438 0.5949913186711404 0.7659053191480089 0.20350000549820246 0.8144517507154068 0.3707845637430962
0.3844040566240835 0.7542731177533132 0.36536227295468093 0.30479277247748116 0.15605260957597666 0.33190075218660586 0.5434974011747707 0.49771835433194833 0.8856139970551872 0.04254197811683613
0.32350012097572256 0.21863549694619078 0.641207578940724 0.874280394148442 0.9054584871069193 0.6784113055763094 0.10961991430512608 0.28766182982476174 0.6850505495954673 0.1536760930835941
0.1640185775791978 0.8610193644655848 0.2327388082047912 0.22748583038694892 0.41729350540165366 0.6322184173177903 0.2315075090523906 0.5466101646790276 0.5821007387065541 0.30286748380192463
0.8861125691009356 0.16041784919730706 0.7877857824072421 0.5267049533537845 0.6615411633107876 0.20262027321743448 0.6147152189458769 0.09078636490613257 0.33435329369097744 0.4046735706390402
0.4981466952715956 0.9162601516873407 0.24780585198935157 0.6884280613722289 0.32661862766223493 0.4549346196262378 0.3501347533507304 0.8756534474325575 0.513943559441019 0.23850235807155495
0.06509814057184038 0.37335674181842193 0.5592392185610504 0.04920261372500767 0.2948601742391598 0.5463495284469273 0.12603418554442292 0.42386635537026496 0.8875210098878386 0.372309764401096
0.9693360035035261 0.9777025797372507 0.7150757243837822 0.8896223869053359 0.6186509847300703 0.339848543125822 0.10231093993148754 0.8945725811055387 0.5852970714264598 0.3296206915969979
0.7231249555226348 0.3220039127457016 0.003952326952454732 0.3705672834375109 0.23798357392774494 0.7523431505007702 0.04123308605468168 0.03883721674948948 0.8847000737395316 0.5279323502783049
0.10819765675141435 0.0730444487718026 0.9544547847692684 0.03289794464057971 0.8990228040869837 0.13472077578121622 0.5859464083929355 0.793325638182037 0.5447020999304887 0.10161413654510731
0.5927927477770986 0.1882991373467111 0.7184661926630077 0.7005034734834522 0.10277657177335398 0.7273992914200981 0.3587274009527469 0.8418655025216277 0.6322577748530136 0.04654992312282713
0.7857018760332536 0.10564261100756589 0.8450500009867502 0.0016353515033242783 0.3794647978012281 0.4455251339745978 0.6522861770783993 0.4981035338651819 0.660044900021602 0.3285755567630282
0.4982747842808125 0.984808309405847 0.5642668454855735 0.2076858774006014 0.6470738155921623 0.8616326269471513 0.9494012238275525 0.4362739402018231 0.035487530366799525 0.40297443070371775
0.8702835639739919 0.4777879962206738 0.7904163305088475 0.18296523024173927 0.9744151289232462 0.5370033959628905 0.8219677582707081 0.4033309013312619 0.4386601527001398 0.5457589995631755
0.998461953578647 0.9710933588656655 0.23150567892099028 0.7726950746743708 0.2854430505542209 0.650850456115993 0.12645141645605695 0.19471851675103924 0.8880328736209191 0.12516066057250452
0.8149487703436422 0.16733531925063638 0.8744411121630549 0.3365985417862024 0.6714101969748021 0.8616542531145762 0.978172081162447 0.05633530143603205 0.20816063250209027 0.3977796410254888
0.27744507460071455 0.2266386393591534 0.024805364795864482 0.5974755135111521 0.2325713558382526 0.25847441149834394 0.10433941326973473 0.8033971188870305 0.1255082994439799 0.13043228351393188
0.6374258238013881 0.2678501578095639 0.2905367492914862 0.8314862349686778 0.1666208505192368 0.20095178043867912 0.6509848942382629 0.41763991794694433 0.7339269100307294 0.6862318994035218
0.9841482627609127 0.7112962226911187 0.8879043158341542 0.32112706600009366 0.02503214263509823 0.4622288933461187 0.8606753316875811 0.6204834459336207 0.9892691705722634 0.6103235914467252
0.9605055953391768 0.9330993905800968 0.34654129277790213 0.14279487364166588 0.24224874137454122 0.864502192116526 0.7080621730097091 0.9223740886193618 0.8157926123051971 0.9735675677370349
0.5051526301267799 0.7780028901142336 0.7317464674489688 0.8162547312705615 0.7306677031238584 0.09585579226457464 0.24396010619563935 0.24664376028137303 0.3910114500918722 0.12605421216076407
0.3900675774913911 0.2536260386196557 0.47370133998453556 0.2292237223637018 0.25409995709802125 0.5110127291865459 0.173920923721246 0.32708528174946483 0.9793123313937299 0.24949016665953938
0.8432263011352527 0.8925597878287505 0.5847230733496248 0.020765306433185637 0.62454812163553 0.917405290146139 0.9054635174335732 0.4174081343047975 0.01985722915015431 0.42919422501984106
0.5248891662228004 0.836312393766165 0.7003396588418807 0.29447805534741756 0.3955037958969869 0.9293595744291855 0.7136515356229916 0.24127479157043186 0.9561006647549074 0.4717858079703525
0.8688029350468341 0.2615550395734584 0.9441253275492568 0.9969144250148434 0.4864446739510949 0.8131899979419924 0.7751171914459644 0.6953322671939378 0.8908094703535328 0.5308653217178495
0.31518796797824566 0.7572506101246258 0.9892855073863562 0.4767524542388264 0.10784653153404533 0.5487065781548988 0.03657624390765701 0.31426905863347687 0.6330821933510489 0.7554244205962763
0.2126279574516754 0.17204892017851459 0.9744685389232358 0.9025704603205037 0.9569818110490331 0.38028051092241266 0.3491530907626955 0.46429932460582746 0.09693531526171639 0.7078629941876488
0.31594827655263813 0.11390317865412891 0.6828728606640879 0.2063669808440719 0.11834166067396701 0.5335399105483734 0.10135333379120559 0.275576798550328 0.5420945288074317 0.6019301602489617
0.4750179212408955 0.10542984976840164 0.8711995783525642 0.7090769382527565 0.5781085804871643 0.22045793185521556 0.011319991211058755 0.4089761315213202 0.49736425730159706 0.4553740553377692
0.6164338480792091 0.6144498060975442 0.05028783299217976 0.324237978613402 0.10225928245012428 0.06264854150122734 0.53625416552504 0.41067208400560506 0.7591373554718823 0.8354328347279293
0.7406554071570415 0.10288873553416267 0.7874012404332704 0.30575808356445155 0.2382570624117043 0.724829035182306 0.9698618485473308 0.9993512949613212 0.949164088351138 0.8735023623744723
0.8688915505780679 0.5103820140884266 0.5892735206496992 0.5626545122814847 0.8896893305213021 0.790493856252744 0.12681630937977906 0.5941819670266488 0.28666208607079713 0.8424770878268438
0.6075675789786718 0.4312482917778463 0.20645840241722202 0.0930272417467749 0.743531611095291 0.7308484825827022 0.15904306044722716 0.4934477116277808 0.4733834156551856 0.60860517539249
0.8873013671214208 0.7028197886388833 0.2976766788337588 0.6548705025019552 0.4660145287014563 0.5450762480488696 0.567802851877443 0.6987461329791053 0.6026489086261021 0.29957982653277326
0.06491429623806988 0.32542298377457324 0.5352530168959571 0.28422112264843247 0.14349972311884296 0.19228132749137994 0.6268581506475813 0.6207151925369792 0.43402735313693896 0.26048120853608914
0.741130107052534 0.0336894504392502 0.6000476368823154 0.1613115261080591 0.7506205432825402 0.02832041418550657 0.9273741521830211 0.050356308906332026 0.07681874984675419 0.8156900811530517
0.5864370430662124 0.4675742712069352 0.9903057022647873 0.9106973201322228 0.2536314265912766 0.9176785443421698 0.5096637966094338 0.41427351803206836 0.4034580236949882 0.11274080117414687
0.1293977314416579 0.6098157661659847 0.9904811572184986 0.07773455432108745 0.2799728882361895 0.6531649599730296 0.4286052422955119 0.6097702213999375 0.3771798028552571 0.8161204674642024
0.7448974150606558 0.9030648128979145 0.5533841105522508 0.9553965417603345 0.5361608859775371 0.5042269079966702 0.6798238305214824 0.6220903489603479 0.8886896377839245 0.14622772401855977
0.08696645687599469 0.5011451935771274 0.7351122416648473 0.4244676371396693 0.46904087073099787 0.6759564866994917 0.2169585142119993 0.7246363233627467 0.8192095147789804 0.5501823956966895
0.49755992580011976 0.28960462373236195 0.883449092415678 0.12698502970563508 0.1271206395163964 0.8213741075559958 0.5440584848411687 0.7453418546621028 0.5002730885950577 0.5541505972178398
0.7478150025587573 0.30373146580756616 0.16615830129685394 0.30589600867690747 0.07915097075084743 0.46341163762691895 0.7520478133145106 0.6182523441074745 0.8453247776427831 0.3166719578453313
0.043750641254929556 0.7285209678447694 0.5884116410973663 0.529856739010726 0.32952512852368177 0.7824187332899989 0.26804128925606197 0.026618866212692716 0.4589424408891921 0.39262219286876776
0.9691609414358815 0.86377856398828 0.19412454831333525 0.3756498250550385 0.880703712104598 0.0703256998699231 0.3380065896505908 0.25842145688627627 0.4638943816553073 0.8695174743294495
0.8127496850919755 0.9358729681357999 0.18302542921008425 0.8846886937386971 0.3311569235706543 0.6822936496313731 0.9068883909641609 0.641304530931351 0.5549221256313908 0.5715923143415447
0.1056468915729496 0.9209506047907163 0.6657670979203334 0.245487781798869 0.2657890941621438 0.29736903304534035 0.08899970517260081 0.8836579456571991 0.5248994376536608 0.49031314243086555
0.7037523234731686 0.17617088511299317 0.3883402622824651 0.00990753405482181 0.25013551183963423 0.07606091672085857 0.5315364095763193 0.9323645121056287 0.800769845997435 0.11870067328989353
0.11440663481056024 0.5473213882919551 0.10263391263036525 0.1346603852047943 0.7385878023757521 0.04772813756027339 0.3148944248562384 0.254033726878065 0.16344900812524032 0.39512806916496823
0.16935971716499965 0.20274920006594777 0.16349471613690825 0.9863386159924392 0.8624253981453752 0.025174985209474254 0.4576070862022493 0.7719535440521549 0.050856971627115444 0.5323639637293273
0.46967979519369796 0.03275161972614948 0.1684810612567027 0.9715750923786584 0.7905465850838125 0.107011147399939 0.9068332532086884 0.6402461095336464 0.6027100210936319 0.9798935676858839
0.110037162363673 0.4263817008575306 0.0022267436163461163 0.7954736786875414 0.5226661288573609 0.5473601222613252 0.10620797644017443 0.03265760893137826 0.7990652193650355 0.08045103379401197
0.06974447118959048 0.2981447105880155 0.9335877454949337 0.23087501839910463 0.6526679686709089 0.43275194269846473 0.8034275139374228 0.6670260256690584 0.7744113967380454 0.9018355881190261
0.8292039249326948 0.6675154896228728 0.574333063828203 0.24620686074442522 0.8531843554741191 0.2709870517875592 0.8552201018920337 0.7068541264648793 0.21100393181823895 0.09718905712095338
0.42928957584266625 0.004946812114654531 0.6299704035054974 0.01658187175148118 0.8088557801875319 0.6580114510102775 0.02551729528997837 0.385795200665201 0.887934949627377 0.14383351105065723
0.48709603625919984 0.1375406409285409 0.7464094785622218 0.6855530990260131 0.7457737260141217 0.6161228621982157 0.4749754866456243 0.42458664892649334 0.1980299802608383 0.6834825331083942
0.9669493642125777 0.27242074459069043 0.123722725347162 0.28574274233144004 0.952110082218141 0.7879881638784741 0.08091973252567408 0.3665200891299457 0.15810603147841495 0.014250673639269906
0.5862686526271705 0.7408002754323878 0.3765563114738627 0.3257765470588354 0.09680559536128419 0.30196755900028394 0.3838283439837744 0.9885154377777481 0.997577973996803 0.7246158879602836
0.12057496615496532 0.3136371913322529 0.7691849819915397 0.6470594938498783 0.2694658043488294 0.9992146572925769 0.760314555618866 0.1699985672893949 0.38714941643311773 0.4966954774127659
0.022582999286421823 0.3915859372009295 0.04433393925110973 0.013521498851680969 0.4784596576321246 0.6141789955020448 0.006976011706412044 0.0689181785768791 0.28778567523535536 0.8043501664197042
0.3519187741071129 0.35679105909600084 0.654372424652972 0.8652687298760064 0.5519217678740376 0.037830095017246324 0.47139188960265155 0.2893555946000679 0.9878767882950522 0.48233656122022817
0.14274744721425647 0.7991513790744615 0.050105577409901514 0.9159517150395424 0.6373406510742206 0.655627984914721 0.9759864773438749 0.3823800949305607 0.3341256146299816 0.41571217480683664
0.8377591822816848 0.9303644639896406 0.4980695185638251 0.05457896928316408 0.6422078161517519 0.9565838292298892 0.2906142599824665 0.5333121785413452 0.33302428759756464 0.19180943497124747
0.06296063862468182 0.08881744807599223 0.5970059061213666 0.9045680931421113 0.3064732126014562 0.7504134708834816 0.7668417803556107 0.5147263187033078 0.04173074052706549 0.8463150042655723
0.7860951226269431 0.958822425189342 0.6162227810835103 0.5532612577274943 0.1560896472449249 0.829638285016298 0.8504211660669516 0.863831498960773 0.019759680621894704 0.5244160090854578
0.2229297830322572 0.6985295611700477 0.0541255931264345 0.3792894215780107 0.31764420861112563 0.27350725740728477 0.6409073743862871 0.041913693317288336 0.0693283374718423 0.24983645164484058
0.8638907678778922 0.13994095173453103 0.43874211411527764 0.6365279453359696 0.24201231236544973 0.6399038109112207 0.02443111143105947 0.8970350943866231 0.7487306255827356 0.15923218885648993
0.7755148621583179 0.21776841808091196 0.5911031721309312 0.8935439747047866 0.4082878186068819 0.4371870807734377 0.4260895100118758 0.7520128141547476 0.3491731616858189 0.7053219627245751
0.17695296777848535 0.7555314444006072 0.02754654984617466 0.5461239972805613 0.3792349084216782 0.7455525918177859 0.1241726528459487 0.6288208953167667 0.03362687714602597 0.9759036074229154
0.9444750537292675 0.21950371004555524 0.272167751550371 0.2155347731588303 0.4305857272590594 0.9804549259742399 0.7545441882214632 0.5770758627580284 0.45209728622385137 0.5122674146354477
0.6028750371122694 0.4042393259767293 0.9226674274908738 0.7925937381953722 0.8562105917483924 0.20052202511589323 0.9781022955388127 0.4554040258730031 0.8800809386052135 0.7623225760947347
0.9212710110559871 0.6759194575892669 0.9017771997745146 0.3915043970330463 0.8901810517191115 0.2789277114439437 0.8586528182916413 0.30559913651088877 0.2377702879221384 0.5719759108391382
0.044582450095534853 0.13825928935578657 0.42544801143983724 0.31997519629614 0.6188180155960487 0.728232465255005 0.8271443093913905 0.2240406257708073 0.9018331347783848 0.23204428090713147
0.21660307969460924 0.2449289172241207 0.5243482544623541 0.9637405457841366 0.8678809585351244 0.12022561652939845 0.9185810032891603 0.2644537651861575 0.1374909152986511 0.464472304472629
0.34486732484708194 0.13522271063655344 0.11635569806182344 0.9127136870460288 0.6321507388253649 0.3284085012085891 0.44071314504415793 0.870483366610122 0.07743866582504433 0.08621372219651169
0.6333415564079772 0.5670360062249369 0.4971761383574598 0.7392260814156867 0.4099502620649299 0.2736730715727812 0.25258898977117417 0.9335718241938322 0.23030683889907533 0.745297695483421
0.1814002130229253 0.34217789219926553 0.9996490936228591 0.17087442445844514 0.7599241653132571 0.3338065425144443 0.2331565479134754 0.17725711501981134 0.4923959276191249 0.22293938311234973
0.18473238290524308 0.7208888467297432 0.478493565574441 0.40425273287907626 0.41107405105018036 0.023165671398232668 0.3453633777945636 0.8873394661824529 0.9929864520018994 0.057795735054099406
0.2470593452694282 0.49049709355050064 0.1681189439804046 0.48227398928757015 0.4321599970249633 0.2268156602313106 0.4427834384969904 0.32063188639627116 0.9594266967110388 0.2214633202515527
0.34523766933570654 0.150910830359145 0.5017199868545144 0.8359809431790922 0.858794259109047 0.028346540931222353 0.8199912577184056 0.543562263015361 0.23034281596082595 0.8840411460728935
0.4120189589917015 0.49870862176310926 0.2883484873402966 0.6789387964482211 0.04466029517819592 0.6753131801936216 0.6241176673345831 0.16420920777230152 0.36374045212664063 0.9091416808379486
0.9910974103274921 0.7016832426715087 0.5423035019739934 0.1738426207077075 0.05920199054220465 0.23177331257659606 0.975800200300613 0.9440325268062771 0.22463674242799214 0.1413502934969484
0.361889829869558 0.5546666944923199 0.5204154781402401 0.4803383437665736 0.11288462943022093 0.05281963950130952 0.7987448509513555 0.7033273561426442 0.9404667548546455 0.15616361239376086
0.26367502056194836 0.8712921849636683 0.6251598238953 0.5818473823463122 0.12089311313122997 0.03854714384958402 0.4371378834490385 0.19014218841730612 0.5812620947444487 0.37135245306315146
0.41030698530759546 0.09913482201046275 0.7056844013088324 0.3971294871971345 0.6881954529356668 0.1699128801119555 0.6110964242737735 0.6670297652879045 0.45804097554662526 0.03610051519159496
0.3708760397513168 0.029642481282865174 0.5685639096899502 0.15726754427477818 0.5376723978947946 0.6599136700475305 0.7872679438279968 0.21264876356785856 0.5926435653524543 0.9648898528227509
0.7947106789919846 0.51977398457423 0.7823141111095141 0.49668768793724505 0.4360383393179559 0.062024152987795955 0.7427414046709229 0.043130198156714705 0.45418043714857714 0.13979192276007535
0.030405778481015 0.13777954040724494 0.9144515996320784 0.6218403622286001 0.1802167324984062 0.3336347899510478 0.7969093792913609 0.2666162241901332 0.1932531802008869 0.7185529304806112
0.7806688241824633 0.6076894687961912 0.4203329298866031 0.3154897898471799 0.07347526468677035 0.4531538379781246 0.6522330022961288 0.2069469455998647 0.25018947684217807 0.13573808727416437
0.8533586013515427 0.45054961700240326 0.45543985958398214 0.2685408114840636 0.3828858010885706 0.11146970775054987 0.9985486131558309 0.910716709256275 0.7358786958441786 0.02744721291447605
0.3229400139220159 0.7281053104602483 0.8066092352159792 0.2434520503693225 0.5675907138179228 0.9457081258841001 0.4272837880632012 0.40556781091467575 0.4546833586227491 0.6320832802457732
0.4676074969935644 0.7874677354262082 0.03547643338333917 0.1301417118064745 0.09409384863220738 0.03789225619503378 0.9055050758578802 0.254492522860429 0.8827534597651832 0.18382663838901991
0.8605784874926646 0.2123991461085346 0.3547727608828428 0.9016162984898055 0.6066420642927173 0.07357208616123245 0.162019584781665 0.5770465427416696 0.059423009928424864 0.013438594896129308
0.5876897116003773 0.21545194052981265 0.9738805121105754 0.48519247914212904 0.24713402229916903 0.8342106348660372 0.12883252082855046 0.9378429236328508 0.8748839742436522 0.572517122828678
0.058733311579365455 0.6906435871883716 0.866117928083257 0.38711615469461713 0.37242685972490774 0.09869867334279947 0.8042890108301819 0.8677202228003621 0.027803499327513137 0.2002060919387607
0.5513605268691384 0.4021209874697993 0.5416381129744853 0.6227116295466585 0.603072373745448 0.6485452240839296 0.0054899996285975305 0.6439130236980881 0.31888786200738417 0.03159413630474539
0.9513962543295287 0.9519657403959337 0.3247474901293581 0.7681441160313384 0.5651918325101072 0.8309073628116805 0.8564818746042775 0.7508766001113955 0.4806411035311179 0.20873102660841847
0.06271387715413435 0.4696426698068239 0.40416723534905596 0.24880211677870845 0.3183054757146143 0.034658604041146956 0.11781749303583411 0.9397274110330937 0.41288161007628355 0.28056581577754613
0.9872037182088245 0.4444490651876377 0.07369063487573102 0.8766796995531604 0.9615093893210417 0.8062500731946198 0.6580365094205259 0.34628892510626264 0.19425540472242453 0.9775225321952654
0.007744992078381752 0.9066577632122196 0.8363694490965001 0.03656298097414923 0.3966025918846532 0.08142121277511394 0.2572039246457083 0.8883242817751683 0.22143368118711526 0.10835338897935998
0.9345004348706636 0.7069667784713192 0.5884573349017793 0.2680274978960616 0.5208992024351421 0.871215873105264 0.22879256480976828 0.392675561536161 0.14244423259190664 0.16794721281758018
0.24045676883553235 0.9795946055922887 0.8136360130928932 0.5950846383755399 0.9989289651316984 0.5297353959785598 0.9639352608914813 0.18181028643629793 0.20432601379987603 0.9596487580648124
0.46222314882275006 0.8622497917490016 0.44046626207772654 0.19375357065076038 0.1985742307152809 0.5882106527959102 0.8095720292099498 0.333929769742042 0.23680088147510947 0.5472144666784473
0.17608865938424823 0.1247282161033545 0.786578500978835 0.5639791515789361 0.30407439422129123 0.7850291019316863 0.7605633035542297 0.506670406378959 0.7048421993718429 0.6607692073211946
0.47976541371570125 0.79365605346718 0.32501068599815597 0.5683970926838458 0.1695417021525626 0.9021612760220676 0.2998484685618694 0.14500525712668444 0.24892477239729438 0.11713600732347818
0.8727724751339725 0.9986263353283074 0.0576051984080721 0.6268108818672303 0.2390870972791206 0.9609700931801549 0.5877367351356088 0.47083111840929726 0.5105284232082605 0.28491712489190313
0.9918349037069029 0.7775226458761859 0.21690330911950817 0.20037360239293112 0.12339135350209929 0.18875832178188712 0.7620904794513113 0.844631208251473 0.1334279518871766 0.36405641986015125
0.03389694379981878 0.2171648435729454 0.1940659765201137 0.9799573528504264 0.9307396540503741 0.47384027131835504 0.7492874425994402 0.6963891143652952 0.912849023003996 0.5717925662493438
0.3034169964333008 0.1486454866854453 0.8116673725192307 0.00377528735123267 0.649454781739416 0.14176527850051535 0.038342021972667784 0.11956986082445997 0.61224170132197 0.8735153555115432
0.020689000423611215 0.32208286912062034 0.8355404615591564 0.19284359182289523 0.16773054974972734 0.24704894307805003 0.877467120951762 0.612582172439878 0.9118854162244592 0.8877951588037483
0.8953096993170307 0.0383462613016341 0.41111805694030057 0.5103126013146168 0.4986215191678943 0.949986305791997 0.30682913957511704 0.11891928657442108 0.92857905902903 0.07761671078112165
0.5279963260479731 0.17908819742000903 0.5819451584490214 0.45115792695225665 0.5080511387035983 0.281552670996289 0.03958037832427175 0.07049238460059648 0.33820374322522195 0.44059093638263647
0.18229654872752032 0.34274954944053093 0.3194047124573075 0.7594305125590705 0.6809483112317056 0.8638987307938946 0.09485875632763541 0.2670020645774879 0.13301015788972548 0.08374293627329621
0.04598247378382714 0.8328116119051364 0.384487458723612 0.8865706267331811 0.916924480852962 0.20048888273165 0.12386226544950407 0.14413664779020974 0.696242807873391 0.34560885663541263
0.6638757033167012 0.8533074840035274 0.6290611492282184 0.5596723009247361 0.9373007207418579 0.557620192924206 0.85900216701279 0.8896705603960747 0.12445984621627315 0.3701682134158376
0.6064222532671866 0.8214485011679576 0.003095383987490097 0.06464154037996872 0.9779492699025255 0.3851189608820905 0.06529957470838066 0.3820126222211151 0.4720507995900466 0.1820707850925377
0.6815650339267655 0.9122737217308052 0.9963374557282471 0.1856519934038564 0.10861650648596544 0.6537949550469964 0.7445319674117331 0.5513980307301646 0.9355372298013581 0.6272870668319405
0.594511655619061 0.08771496702795045 0.6418040033377858 0.7270162772794104 0.7835582979181182 0.48421578376212415 0.3011973658674322 0.32883327294683773 0.492925941211104 0.8724476564412207
0.10715438912739317 0.0427418668957088 0.6310638163953148 0.8025363997692255 0.3179831454483303 0.3971475574119193 0.5433081651030315 0.2593140847497407 0.42445979348220153 0.17258962056812965
0.5955831492759818 0.9127844938271584 0.8276806158530646 0.5646750579833902 0.5806277646805261 0.40032014528340387 0.0816425781170721 0.3490960945293562 0.6774920894219872 0.07177380850559323
0.8028782668400689 0.7460278722525715 0.25852299822731273 0.29372630036478553 0.6785719322909035 0.7368660444580021 0.18278564945556863 0.10538188327553033 0.6149351774903142 0.1731788928228638
0.3408440349770765 0.7461608254880084 0.959222735881686 0.13591206252404242 0.12305007881009022 0.3338287034384366 0.9016195726082146 0.652298628469072 0.17196783274764238 0.7620403525785034
0.6173329711047028 0.05859034721537648 0.24928492156543658 0.7074656892299332 0.444574138592875 0.0086414734460174 0.29854144087864964 0.4892038438810735 0.4107158484145609 0.37153885390825214
0.8172313597711467 0.40698097224357455 0.7167640948196576 0.03588751830961856 0.46530959505885505 0.09966596783618975 0.36938302447328597 0.944024271584672 0.43186329930193723 0.41192774451057534
0.010064601442620114 0.5163460291412417 0.45768320451139477 0.23439661198895678 0.1326351149780648 0.9941038128891906 0.5686971821783969 0.7914812921049007 0.3031433878990889 0.128427202628563
0.5137045906725586 0.8910323478284826 0.7002756939663531 0.07400828527996273 0.6195769153422778 0.7213315507636389 0.2797952798844714 0.3077880780245824 0.27806621939343645 0.8834263367329322
0.13310512395296714 0.8861525124228403 0.5605902499964515 0.48061689224961934 0.15788436751753998 0.37855911658048624 0.5208386889424461 0.25194290169993117 0.9878504159674545 0.37117956613279646
0.58977254701354 0.932805986396778 0.23905049991486893 0.521057545540833 0.09356446996893875 0.25340288895914953 0.521687352087656 0.7594448556597332 0.3322546723052241 0.24443338051000485
0.33933622887426984 0.3923937612299233 0.8453738526098885 0.8095862602135709 0.9515111067906551 0.5273463632595974 0.4605107266882369 0.845595499498945 0.5108901939819112 0.4663770894835051
0.47177866557728954 0.5431979725510501 0.30311178598154165 0.4499074528274707 0.8273622274791778 0.886113043693617 0.7149037349446398 0.4091271010971266 0.5188010047192255 0.7802035048162782
0.6354108592508682 0.19101833936788415 0.459395034950022 0.6912662567533191 0.35593634348257985 0.056796683687739935 0.015092170813790218 0.14744036315624143 0.6749149116718026 0.12274232570405597
0.008444769158528431 0.9710091076719121 0.8377867629352691 0.8118132837067067 0.4546990168359182 0.6444116041543254 0.14554305576630677 0.3150935125994919 0.5088077478929034 0.7865687922357261
0.5510656086867289 0.5240444231432589 0.10313315032546433 0.31816771571673197 0.32898391586128406 0.8876916938128783 0.5378329453757607 0.5283366053877597 0.9526259524842782 0.17329365878740777
0.8493999452274336 0.9201832145013282 0.6407387564320215 0.16470116461144602 0.1275516969929319 0.40895677611893355 0.6470081237360975 0.9195336324837384 0.07664298019604987 0.1741341733927213
0.2570070317323221 0.324459252121283 0.02500123828803613 0.22551911517438927 0.6300548057839072 0.33728189595734115 0.274060656567893 0.5334826280317481 0.07757014599768752 0.48520119918222926
0.14889828939829908 0.39476204484385713 0.10485280689563203 0.9005262107973849 0.3627509184695944 0.5577747092025235 0.5598303497214598 0.418287441053826 0.34031912334981973 0.5151920473885966
0.5301578745470619 0.03460546166499856 0.9581405376926785 0.28655805520446453 0.209160375025768 0.330339541561507 0.7550419643093274 0.9600259300105777 0.8114585229554476 0.30145217550580694
0.04165502736207183 0.2398253733641762 0.7607206685719611 0.4056911335033073 0.49520854909139633 0.25486205467512013 0.794835309489267 0.5346033585284976 0.76428556507448 0.9238900102884197
0.3378997281748277 0.050560018147567054 0.3279606309629356 0.2439867891316233 0.4737718353909046 0.9903855021687304 0.35470925030347455 0.971599900824151 0.12253472194024828 0.030347627080876127
0.5887077449538625 0.29922264781857144 0.5690735711603527 0.8316800749189945 0.3546185775585915 0.2957961651087819 0.3220677396283872 0.9414723216117019 0.6166827066197695 0.07522382020390239
0.39205087889422596 0.510676148455851 0.6539169194818608 0.8849226119179416 0.46879462409407335 0.7091425616255935 0.32044099210214194 0.5651261736451129 0.15112245858806606 0.8670157224365227
0.04843577470919658 0.11969229103402224 0.3363620081779579 0.052476247734048576 0.7209600318476798 0.4604570781429014 0.11199543423403868 0.007738567759625226 0.2928303586132328 0.7397175093049798
0.00866952725183956 0.10837252938325881 0.5699950501200196 0.06921202831401252 0.2715783439748981 0.285432577345094 0.8713095674265144 0.8390094307649298 0.8863327657365212 0.6555423008084337
0.3913473560055417 0.29600381973901657 0.4557833470038737 0.9409960493473289 0.9588568119052425 0.5192536084307847 0.6658636321241055 0.6301036253458544 0.5427015466832011 0.4381909644380447
0.0013737103056749023 0.22741778009790425 0.2955976094714525 0.07976751599240861 0.5767241604073495 0.8741483919447419 0.14568784903503618 0.801891020673828 0.4320131337974292 0.08098172696799033
0.9469706023571777 0.8730466132750516 0.4114102610846301 0.30868633263238543 0.981825680387683 0.39178582730886335 0.7886728354037197 0.6563021556997389 0.17235797264486263 0.20480497643863493
0.13372135258791762 0.9723728612368058 0.7020049748365137 0.17862416145386373 0.5245528875693084 0.2915955779113625 0.874831526846809 0.9074167362200067 0.10037240375288847 0.6174266907570464
0.9471611994805335 0.6983285488639941 0.12467388320590767 0.720595683897801 0.3546708157986883 0.46566480966815627 0.18110431072799338 0.8041437716417535 0.22780058466791564 0.9866123195147561
0.8602953555213594 0.5975177626962239 0.33930949545467903 0.8237028036000572 0.3124493401072894 0.685413649927169 0.6600316341413389 0.10301316842744668 0.3383170520793243 0.6514786431749044
0.5123660931935877 0.25213677639280296 0.27030740522165775 0.9226444224167495 0.9057592678196517 0.7482494408359214 0.7558193906802959 0.03677825323394379 0.014415511883379972 0.9041326245809964
0.6964896466028976 0.4245027678331432 0.9146977897648998 0.7288054092151707 0.019899204862621422 0.69544953868154 0.6381575778745137 0.9394558926337667 0.6643856274476987 0.8498750895637095
0.3158589521148544 0.2726518879233091 0.14295745679163074 0.7984825483016336 0.6906387491026617 0.345349630819343 0.3189102798198572 0.06645607756695726 0.5561714043876252 0.4500082518118086
0.5735944665420118 0.5821290019935311 0.7451832373171539 0.8331571814879439 0.37588684536251293 0.006371075238375656 0.13388771698210822 0.20305224180848047 0.37326965591650096 0.14569388610682044
0.7556899958918508 0.43959566024194596 0.5160221474244476 0.6102382235269059 0.5244351863244668 0.7384838845983573 0.3988813781577656 0.027219938366758956 0.2559516111679432 0.7115866472456389
0.9586303862181583 0.8010769394638826 0.6463669159582005 0.28684938041575714 0.9014237497401623 0.6234715292605468 0.6166513327185507 0.603550190419658 0.7502617119573585 0.6794688131544007
0.9650690010483897 0.48253188956970805 0.2008760481476678 0.7706240630499898 0.582694749871193 0.4660685091125323 0.553391834646848 0.3813771004133276 0.5818805266645066 0.8683147066375699
0.34748155457176233 0.052065278621088784 0.5635319997007184 0.7548255670496625 0.9703289329229838 0.29003118566855945 0.9062823339722533 0.27842367099264165 0.9295716662058834 0.6497145211820006
0.39912715538979304 0.3387287168876547 0.6874940833647891 0.5432824381828987 0.7588107804110759 0.10395477198716796 0.4380916280790075 0.8052663873716475 0.574230598213151 0.5361187565376753
0.9752314652233534 0.027837173115482283 0.0023530365836831324 0.6945931194537031 0.8479843126020061 0.20776491164796662 0.1036110890979337 0.2579746368386574 0.32830465884710824 0.30177355025606856
0.04947988516390078 0.40053000525604376 0.3265880316908847 0.8739145996605314 0.5609034398738648 0.8870190340841544 0.28223513628843944 0.13674830821762685 0.8434722888777039 0.008483533648694142
0.22920489159693636 0.3375344988282756 0.9737281350871418 0.7716310344342499 0.6906393592267664 0.6212997720397669 0.16069823675614314 0.5757298516498806 0.7919955933515334 0.21456152987066646
0.5577392440760454 0.46347225547503035 0.9987205901441322 0.01665318845064423 0.331995785537721 0.9160507626608817 0.1823574050224258 0.4600095600857026 0.5122568773245975 0.0777324209890301
0.2980718989436588 0.8064348639927819 0.7307187681660283 0.24150400202805367 0.816941156535205 0.8832901366492747 0.3501401021091801 0.4049011239810887 0.1979462399789138 0.6317011528098638
0.6251013023270369 0.7139226953877923 0.10746352877138632 0.7383012638717199 0.4845571153468248 0.652971414043419 0.7981501934432507 0.05268870224471611 0.24259747411430932 0.9100499432146871
0.04447131471121246 0.4546906716773311 0.04530849180253804 0.9489818919502615 0.29871747705516816 0.32869211480423743 0.143852277612457 0.454214910852078 0.27921323142864085 0.8266994749549098
0.14735995538708646 0.9788034914583092 0.03151847181146361 0.6574753079816278 0.2539602376411738 0.3224567772271997 0.6137762214769328 0.22599270829802898 0.0842408269787327 0.39407705750857014
0.9489620540087386 0.5656227975469011 0.14866787840656093 0.5720025564516787 0.0596418597252123 0.6548830008615447 0.16896448474163572 0.8652080572680437 0.854945954953292 0.3912371783454497
0.4431761002236224 0.500005287070598 0.8748197222280275 0.7063534511699268 0.19512704252847202 0.9093246747679127 0.9132118586035713 0.050389065468550376 0.3811992305536742 0.485448580809151
0.239713385342344 0.7472861081649793 0.7408404705812828 0.8721055734225606 0.21826164482973243 0.52872567297803 0.971936386837453 0.018124167141132963 0.48187577011297356 0.8913023194941989
0.788156505679134 0.6923835548343735 0.46399078736880206 0.7896445091158215 0.2726118354112812 0.6685881349556487 0.009809880120477898 0.5776211223593403 0.3806374333855632 0.328431182101802
0.9951953812152196 0.040437925596369495 0.6642404086701676 0.0030026790096365774 0.3659710145131987 0.822341855970053 0.2917301864019476 0.9748349909164099 0.7771089500862827 0.5478154842003555
0.21827429968675127 0.6967692238059422 0.05912727182725608 0.45855749129712353 0.9265998938338325 0.44886425980884104 0.06812518832730896 0.4442097367066741 0.5017873635051935 0.35085935260493206
0.08623373341217277 0.931704685806832 0.930079109309516 0.3752405381463354 0.8308631082710021 0.21627212061080425 0.4188533709787957 0.7647497047820231 0.30397741773744513 0.4665569322110894
0.22338899431896175 0.04821456634339838 0.16673072506409392 0.8169649466461211 0.9357742922163839 0.6698670978757643 0.060148833981975125 0.6722669653770559 0.44228890077917093 0.09985618339122782
0.3091433997984637 0.5926558154778423 0.7878150331544959 0.17745032811149097 0.7449962501556274 0.9018648634861312 0.9993101598075097 0.3534643702575613 0.9605533082359313 0.4666208642692461
0.5151005458582183 0.4447344512597696 0.17271937587275288 0.9326178362226649 0.24273081128176632 0.4910026740852633 0.008446223019150878 0.07036278560908849 0.42533208624499896 0.3133642881872991
0.9532583142566232 0.7836581584340196 0.4349472078283022 0.4134670499826033 0.9054617860851608 0.7641501014562374 0.3309783237674445 0.9239431581251608 0.2645341329173312 0.7372853687022031
0.5228988329363022 0.4230921029410243 0.2487934815257552 0.7381839996689044 0.15859789048491202 0.5606228911080883 0.6852975566826109 0.8803490795099945 0.9232026468190979 0.6063017310426505
0.3440248953931674 0.6357985824751407 0.7779495434464844 0.2296419645252571 0.9987414838236208 0.7321185854970081 0.7946530687525699 0.04631086029848985 0.7885579586051699 0.3901013485420368
0.6485461776378492 0.7257173607508488 0.1270342829405623 0.7750455047299076 0.520744110677279 0.7442842499278374 0.35978991591027176 0.21545973564855414 0.1313089006675724 0.19019671512340675
0.6069294753926274 0.9548257959444076 0.37486945041936826 0.3779586337367432 0.7431950523432468 0.9452400315293639 0.5629774585993539 0.41487711865204 0.2666084400621822 0.466167319628052
0.5908572647906892 0.27663452658333787 0.8854673911404506 0.15720511319397357 0.44093324645749565 0.3953965412214654 0.013912304131225128 0.39066918904385617 0.31149558857145143 0.24144387963149072
0.007880729821285182 0.7779771062216798 0.31609131947203917 0.8881042024210386 0.8961191127676443 0.0032192057236729577 0.13770475886552958 0.08979992083117905 0.5650222209546915 0.10797110396166043
0.24151719900655055 0.9743164890691178 0.8414228660824044 0.8133156478831118 0.25101300140436966 0.05293532707413584 0.6840556780525109 0.4582065224264843 0.8744253288192629 0.8858639046423022
0.7422702554848671 0.6577195647258403 0.3319915618274357 0.40543501230909207 0.8696709844719507 0.8404019849391928 0.5792149234464897 0.5958362978813998 0.7907116952479601 0.4108438674408367
0.7473054608668812 0.9556699239343424 0.009875733614931992 0.401760200563521 0.1291998333910227 0.9284316844203144 0.22592271237839068 0.12928566043306922 0.7280364180254172 0.27603766236536853
0.9677854708559716 0.5458491103570238 0.8546883104654572 0.19181548402661286 0.9040520149321403 0.6969076342045915 0.5119336873989344 0.8019168897899596 0.29456862823347507 0.930985355694742
0.33506930542374036 0.5878963739190506 0.35055245833263105 0.2868751794933657 0.6722497302124628 0.17824105243591803 0.8487025893913186 0.7875265140665277 0.9825612482861092 0.9029245898236006
0.20515117767773194 0.20705539426409458 0.10581623675302665 0.4825981215934688 0.3566969087503692 0.2454782534532115 0.11527974232503913 0.2328196128407406 0.21961512794473836 0.9451838757485688
0.40301750422436367 0.20376242160984626 0.20044027885901528 0.613822664420215 0.367280278579562 0.7471327385094175 0.2184682628265927 0.4802061620338084 0.5723166757564893 0.10456479561275855
0.9663270687366813 0.8029740625948246 0.5332324093161542 0.7455514884921863 0.6828167058671858 0.17619951422982805 0.3419917055340399 0.34800758696213696 0.5413199899064931 0.331768453610502
0.19538140534716897 0.5108514581244883 0.8674379583644922 0.8252815833403391 0.511736935255988 0.5155302028991318 0.7911050482071967 0.6103929606350307 0.7304538281744304 0.7122024633950205
0.6112906094680902 0.6559121371559572 0.0767867073064078 0.3963320736678877 0.1054950922113379 0.44066147362109775 0.5441631834299974 0.36273470726003 0.25160068979736405 0.3729941603252298
0.09721708611339919 0.6766588704366098 0.34623793007528825 0.9250425894281112 0.6309719450206812 0.5852715829893256 0.30168090303894335 0.5461804358678274 0.5350821801310739 0.9079583110057133
0.9823858248370257 0.22584651173578663 0.8067660940965851 0.6901351995252886 0.8026390333118693 0.9127919585381141 0.5320411284711302 0.38281194562079024 0.44838187060068 0.8659766148198521
0.21209864851476312 0.3189308814742282 0.509131770209622 0.4117544894691204 0.8501320434532461 0.7975490358113498 0.010020260789422974 0.5126523922644721 0.933658140653752 0.6582169447781991
0.3193202269557577 0.014959371537133337 0.44834921896997515 0.8304487621108724 0.6734361818737168 0.43550971074857425 0.841618511799494 0.9769660230383688 0.6091832818235821 0.6724548180193781
0.4176797692755051 0.01443716415177787 0.9222817104571468 0.0804848888150036 0.9905266715310459 0.9917239996688921 0.38134520452112053 0.9378742335692642 0.7472560155445441 0.5331847882205266
0.3182440059203966 0.45088864741956036 0.18138370603885368 0.8133732306343143 0.38857349652613915 0.09050740010205893 0.6442799114705658 0.8195116916356135 0.2500621541538526 0.237076131793878
0.5325764680917281 0.4794055988593984 0.6421036082381508 0.8204211089672002 0.3803754452700663 0.0850056076703204 0.3661987236113947 0.8861196698173888 0.15731521221033407 0.3256125395498142
0.9649464842839021 0.7930352582646315 0.8870259128590928 0.15975992783356752 0.4763222625559922 0.05288993744111026 0.2952341046208764 0.7010974061492316 0.5003352049625054 0.6595609147249806
0.5727515003797984 0.27113740208827664 0.9567571489069472 0.12395220380908067 0.4958103684043438 0.7805171448079019 0.33546709984980494 0.32970617274644953 0.08468413789850615 0.6404660722595559
0.9450571929227602 0.7556837513032705 0.7012586028423492 0.477459041969041 0.650697519591754 0.5730567048890135 0.9871954424326481 0.026573510575472192 0.8588585473126928 0.6180187035735436
0.32655652166266813 0.7128590733638421 0.05434153014768306 0.26553654584614794 0.5802341235321968 0.5950658115374957 0.02416915202544434 0.7852265877464941 0.6842581797989344 0.5423679393963997
0.013239708062657396 0.8473558328313301 0.33002919856417423 0.742257282403513 0.44825012674698905 0.46513078191834367 0.3517510600274666 0.8965711587471785 0.5392444127885113 0.8088516627977236
0.6348151003532153 0.7526574220415237 0.022245839167091663 0.008173270983274805 0.32861336476716463 0.9379693424292115 0.5417826475775317 0.2706281561289421 0.898235061579673 0.41892118559098246
0.6887187400493785 0.3877316458355481 0.08172754912932523 0.28862513188437067 0.5066519967270878 0.9744021777919429 0.13307888093998232 0.003168938425384571 0.3592452535802293 0.5930950148659375
0.825806418151573 0.6323826476824135 0.4112054154230538 0.2509607534358822 0.5680115374271594 0.16858219371060623 0.6172288214819485 0.6265046957356062 0.6369882489858475 0.4455661633781445
0.03608175484109133 0.7816367580878545 0.9799487353844095 0.7601816637124685 0.4910867842462502 0.045666155182281454 0.24715680648923155 0.8600639181446221 0.08363774659957479 0.21970863925786432
0.724735571018239 0.5636934136742289 0.8329666093776491 0.24313844482146207 0.6166428694497499 0.9127034474616246 0.7632380237494222 0.9881310426765967 0.6887847979048158 0.4214099389901147
0.08814855978472635 0.9040071760144216 0.6329632029511485 0.6848246956545897 0.7535591035602912 0.8200019162138196 0.6343308300219088 0.33395188744037774 0.49029045376989144 0.333247631943029
0.5332535121524007 0.0859571181998916 0.7020640657505947 0.8581729229480817 0.6609555649593822 0.4268370609494675 0.9676709466539373 0.5941839631056041 0.8980514396458175 0.28550704504224855
0.6718036502551189 0.3804090742116655 0.7560425607213432 0.9107627390077684 0.2955876783900052 0.6494507141965388 0.3140858510968645 0.04636150538954453 0.19570033681434684 0.4665038994913975
0.6568156711246617 0.41450757823888873 0.2800663968282908 0.9458633363890598 0.05372888111149898 0.4643148522860838 0.8484716892728128 0.1737565482970158 0.49661832302967435 0.31935954003488
0.008037408436688098 0.1346033443879967 0.368766663659161 0.8672244544847871 0.49634895317588523 0.03721683540389098 0.9580898756839167 0.9739757207617619 0.4491355182927673 0.8681248393271548
0.2461451519420067 0.8778014139397378 0.6347473609156581 0.9611046469335418 0.90589517835947 0.9185809015361825 0.9442798186028638 0.8651883921542857 0.7233475108320644 0.8939430905296475
0.47404443848915157 0.8178099347455812 0.7216634759921245 0.4974102375901732 0.3661893758049656 0.6854286882032883 0.11105877896174343 0.4905131464644916 0.6836223583375709 0.32087951543885584
0.8137932185872008 0.4883033587102409 0.986991480984981 0.9048620393553416 0.7207747231736324 0.4964757206225274 0.9543307440885307 0.9883968939848355 0.024778708033392216 0.6283552188113749
0.33807807407881707 0.6337401272356998 0.9450104408539838 0.7512897507437525 0.7895261728356722 0.26316149965436864 0.9087150412319249 0.16453046694330842 0.5973672226566901 0.5681561956065603
0.7877656403064044 0.7944699419683061 0.18484452000725837 0.10607339779866654 0.10163754395271618 0.808147489902897 0.2891255265324184 0.01680986913821869 0.19290225154769536 0.9922203772941288
0.10686245951340012 0.6291297980904105 0.2573518190487031 0.722138190944798 0.331507874508703 0.5943370774892437 0.7680910518132009 0.8550471417825142 0.9308045398949809 0.5844397878642908
0.2714108493091819 0.4199900198427635 0.7169705809633375 0.5226109266017599 0.7519833381332213 0.5502563062631546 0.247451649975032 0.7756631864797784 0.7658953605397143 0.7052764305524372
0.3607145744565142 0.7314202122094053 0.32226392148591443 0.8632431878819001 0.6994076002094318 0.7082800760053085 0.057653505169833696 0.0306817080332632 0.9023143158868785 0.19993155902508652
0.5922417505597264 0.11147964302476354 0.7568798046010343 0.04509715001583725 0.08265654136268308 0.9054270035820723 0.49568920033288544 0.23034145592300304 0.8936343725755471 0.7651052131038437
0.5931303348886822 0.6833970707245008 0.9991260687389186 0.23000327436679002 0.8725735149878836 0.5951245952651565 0.19320250194873045 0.7780284540556068 0.46975374165714545 0.5201372221094976
0.4420899799767489 0.6871176759401912 0.21464102932264306 0.7492844961141756 0.7408909116917549 0.8834449778423532 0.29193759370447414 0.2216039225970533 0.6520224435312844 0.5677595877098842
0.6194406847645256 0.549012975944863 0.2971319555905665 0.3576780078160877 0.24386245068777002 0.5639285520168137 0.9502249500751965 0.6612925295718051 0.1952996760938528 0.16816442824455247
0.536967869000156 0.0062481326978133245 0.6643969596135471 0.16087173834691404 0.283604028476506 0.08847812733166494 0.07034989265776781 0.15395143336178274 0.4786483276557649 0.37607829199946563
0.5732447678419437 0.6452817385901017 0.8115024925521435 0.20633858628730417 0.8508343021747903 0.8132676376416319 0.03435915157495151 0.44774004434215575 0.5076993976563717 0.6206335839812551
0.7572399063694893 0.963763703936529 0.31384922287861994 0.3710445548670892 0.03073870050213645 0.3116479338089021 0.5801630821638702 0.9490548779985181 0.997018883465379 0.3367687396223519
0.369679044422644 0.5920480089779724 0.29683819814814905 0.5821075513001033 0.9165862961736168 0.1922447056196812 0.10885340694367562 0.7223094775540153 0.5788793060408035 0.8075210732524409
0.667181972882846 0.5531241134805129 0.8859836167404139 0.27169193717680296 0.8541752568296775 0.419560674355851 0.7592647147380139 0.5380792323731971 0.997584217211776 0.34987728294583686
0.7811828034827977 0.6645989605676064 0.3147749477092999 0.5775641158236445 0.4679581088633429 0.15426436179310143 0.5413782313432179 0.5797689702413297 0.8609627706154865 0.7019173412434825
0.15773350890045545 0.23815246658997735 0.39365674867346523 0.2661635711972614 0.28371461161553546 0.23694998292154112 0.9137372141459497 0.7849015256890233 0.7510009811933516 0.35305541304969823
0.9442720658994678 0.7834992308048389 0.08158441614640177 0.8642320611179125 0.7529397077358434 0.5865867674379479 0.10227846159603182 0.9040940224766744 0.5650993358809105 0.837596577484921
0.7072237610232561 0.22629124675976164 0.30426678480793423 0.5545978160234408 0.8438593093515544 0.5053698857382004 0.5726732627191853 0.0066348394500912455 0.14255606566106083 0.9980692227729034
0.19493525998351435 0.28169421263163774 0.7360863074102336 0.11635498888995788 0.539465933563498 0.535588403161915 0.7223279759636254 0.2222784129392522 0.005109718835058619 0.5604587701091811
0.4120806235913379 0.744788843804999 0.5145831846355805 0.4922641325753294 0.9735955191906955 0.5399175905003616 0.59165703253616 0.18853538656738622 0.3363991942543132 0.26828890507603453
0.6156159021616826 0.050841103585832825 0.24921664582694247 0.44770377873766765 0.1443834017103952 0.8408222710450385 0.20027630765870175 0.753580631981146 0.7768023231696913 0.3443191692802662
0.5030061684626663 0.08632694574323185 0.8849108382152244 0.5750272147601021 0.22610621099850114 0.9022535133248454 0.6886574942414815 0.5772822835789551 0.8042098117758945 0.3134339099131004
0.5683489542410254 0.7869907852466864 0.10382243633374688 0.5019490786684755 0.21422645236724103 0.3403831106287152 0.4389531228553679 0.06524717606611152 0.1979183043596907 0.682183771433742
0.5318304980417098 0.011887400026389106 0.8171170103203964 0.31795503379900303 0.6963218739977093 0.26072549869988126 0.6126819024115329 0.5797854051623481 0.5851500518912621 0.6616381894982863
0.7864687777551049 0.8301579947831679 0.6867299977909095 0.7521721530571182 0.8585406447748598 0.6157482178114848 0.3834226840750663 0.6920428106496337 0.29401423338971333 0.9010640307879273
0.7902314556494281 0.07619712191812933 0.50264926935755 0.6612560351774086 0.781441755579267 0.6171932718576415 0.5683885763357008 0.7940892010833418 0.5824320721624624 0.008939722685055052
0.3014089469334389 0.5229812747503306 0.05486047767591917 0.6363748398096893 0.7218441495837591 0.2061779124574441 0.33565778857474715 0.17945748779291926 0.8821927988867143 0.7415478324666785
0.8037344129498366 0.5748780358978692 0.014526007244338612 0.5621458654612199 0.4430355689271137 0.2451880688821948 0.34896046033888095 0.5546057156300608 0.5465547043049624 0.9825867207517647
0.5914648134350846 0.10058801096770575 0.36314301729539944 0.38338986600926195 0.9719183627010983 0.8409238804425673 0.7274282636148499 0.26924814141184283 0.9774431452235908 0.692757686776838
0.9328832898322257 0.10246820448352134 0.37138125112942244 0.11190721477268839 0.10906130441873962 0.005331460121062559 0.8648916780905392 0.5858231673276242 0.14624106947758908 0.6270927382558008
0.8559919014984034 0.8669442214590352 0.7742021299528588 0.7673809298097193 0.979971333772234 0.5119079080079815 0.7465764776154307 0.3610128055892674 0.8254550068559819 0.8789914545348492
0.2081998812933924 0.15676976586455282 0.0619978465958545 0.8543208437836829 0.23011251917877218 0.1814767214112888 0.3979412368502413 0.2268009880010049 0.18533501533971986 0.8707614082483601
0.24136473130889047 0.8123826436571452 0.10827285352419691 0.5691612477897172 0.6723182671054035 0.14019737931442544 0.43157826956843415 0.9547839925931403 0.3511209818562132 0.7562546457559487
0.5265258228543941 0.8275177410221022 0.28536444676150075 0.9748099080307134 0.28643384603383015 0.6148244784638563 0.9573601025044333 0.21317633730892016 0.587391031320641 0.8954408815051754
0.17412178939639966 0.8826668870440462 0.8365235044901571 0.21884867809893271 0.14357603335720037 0.176517828638187 0.9752648610693591 0.5071664923236975 0.7035443057218991 0.9950579684241674
0.24356752807931925 0.36615343265889744 0.33414293673954276 0.6790535207011598 0.7307210470012669 0.7033046283974912 0.5695980726999363 0.18407060799417418 0.23941893108435253 0.15355708243174215
0.6920745480559342 0.8218632290463377 0.27194258474855404 0.9469140621461386 0.1379690649212003 0.7192073929598941 0.010807192567329538 0.01733467919208187 0.8762197074228979 0.7002669413651514
0.010941265001953138 0.3485247423909428 0.1285353589590268 0.3854899273479736 0.9464476395228594 0.7798040201074642 0.1930501109569619 0.9181995087566412 0.1622210118355888 0.7540139128693709
0.8057594608693909 0.8794558827059248 0.9691728006187369 0.7794687502232339 0.4281965180391645 0.6324316788551829 0.5915414001178644 0.6992428768635158 0.0851576730236765 0.5494554080101512
0.42574208512290923 0.21362499289891257 0.8928899377246635 0.3180433760572887 0.8024374327987187 0.485359952756761 0.21600194497123293 0.7966529921451396 0.7569858324168294 0.07233747955601677
0.47046374004600566 0.6965557785587261 0.4081519755132562 0.8786763760521866 0.9504112660794308 0.7031413081759645 0.4209400941449454 0.2926916306596937 0.6980729844106096 0.5181283582083023
0.6866369516438225 0.18902108754767355 0.35898817130809735 0.703572901809294 0.7916284104672342 0.012227611448164089 0.16878733552411318 0.13922697840414333 0.06627979213807822 0.7304808577274386
0.7031571570957204 0.3667164395295589 0.006146890310463671 0.05046311980615237 0.7892139260953651 0.08716964072190614 0.6400110867629506 0.918431813724829 0.024360794781141726 0.6033433266514086
0.9827085367101244 0.9974103859039127 0.6778059481588435 0.05295571473043337 0.05544986403678964 0.5067689008724937 0.3602701373724516 0.8668512543129242 0.08230359652529495 0.5379942825590626
0.7390137867556981 0.003785234233709911 0.3787428264992181 0.7192391440290863 0.7481654529559624 0.16303074642103355 0.13663161484806086 0.8912775996375362 0.19843457466674574 0.3566743700661107
0.7797534842732646 0.2787852630503558 0.42564373899594565 0.9353811240125659 0.8149618765322006 0.4933995246341023 0.6341165125520397 0.4045733125025114 0.1362578488553966 0.5888058130675871
0.8888089837627839 0.14238189098716592 0.5525782504388894 0.3031338968388205 0.28917434728040237 0.4363928596747684 0.9048025630328145 0.5702380388627971 0.7181017408989286 0.09312601082957028
0.5134647835480055 0.358973269779299 0.7008719579227708 0.24234595250671698 0.855881972401433 0.9083696959600343 0.33192400571205916 0.8577213390477857 0.30988829150078756 0.4666451481794507
0.9313286135560986 0.9460103706028098 0.5210902155495881 0.713286258690188 0.07821575803915859 0.3188661966569337 0.45153406175443056 0.14596653098216084 0.9350050386161773 0.3545189264600923
0.449904816029151 0.847859447473687 0.32413955515167103 0.18100564000794472 0.7468511170800445 0.21594323843527152 0.8481252762514171 0.26828333518573333 0.6237576520134135 0.42718371164533353
0.4540290701588805 0.5034744346426072 0.12926332694791698 0.6470198493144892 0.23519120812226535 0.4416579108252924 0.6250499283244574 0.2433665032081026 0.9357582201499953 0.5740333257270582
0.6309021663309918 0.5593870913610729 0.5777452666128878 0.13594970606819834 0.40876721299388685 0.11957898529073485 0.8656868614884652 0.1892042625679341 0.47651796826405046 0.4962523247433931
0.5405381606468889 0.4561808366536878 0.7743508277635085 0.44727313735582164 0.6523393314205668 0.6578115646440373 0.5202256410528603 0.3509798200591868 0.8002574714486587 0.9130095848919344
0.8854817813497103 0.41047169976753517 0.7489724020076509 0.0941345599978689 0.49774089925865495 0.5770069549753402 0.4719737084741269 0.9012165526148426 0.43543360193334824 0.6510369868209284
0.5951883667505421 0.8170786610681411 0.8167636871573664 0.5594423083157026 0.41845971910541513 0.03616185447420661 0.3056502949517941 0.37882513750182534 0.17774992277303214 0.9217703864558782
0.8581647469414243 0.27725237919079493 0.9775400348825838 0.5396197634627398 0.8152055665881179 0.1806316915181988 0.8707529191102472 0.3399831968476703 0.01063160058161372 0.6349428429246897
0.8926261447245156 0.11639720935760911 0.9087996954962501 0.0318350226191495 0.4653133135938622 0.9558000931729456 0.9114303073987361 0.09264060198634716 0.4815940916476169 0.01314204277307851
0.8809502602123203 0.2646437924138677 0.5489244759351696 0.5929191523148298 0.6159393035154679 0.47348316207887675 0.32916067400702 0.20074754747828305 0.48403293342766784 0.49685456182592025
0.6446412763555227 0.9400085966519692 0.6686111562469415 0.07722118181207205 0.03791429759168197 0.8717593893382202 0.5178286474312664 0.7750259692644011 0.7702468365948404 0.7305172970794046
0.29801921760327454 0.4789407484634337 0.8231569607637389 0.6941913280717869 0.2482333493476373 0.4359757095048399 0.32755877752846563 0.7433470450155522 0.20864457037831985 0.641811578430315
0.986713500929895 0.5131557386239174 0.2527866132250941 0.4405063721841145 0.4820305347492573 0.44079302203460036 0.6920603031519231 0.22276719568950332 0.5548643535672108 0.44171543970900473
0.5406752903474873 0.18326675388187574 0.4428045986969539 0.31015851205873535 0.03016869394447741 0.20002371154996823 0.6155581383555832 0.5323629135755633 0.044868636187646804 0.03265439721892449
0.30337357106665086 0.22545021769427953 0.413148212191192 0.20134301314592995 0.1400602416828931 0.4705331984824792 0.8340409240123369 0.10466615720956374 0.35300526077908034 0.39556026289905766
0.8447659262254437 0.1619469318019121 0.3241936728222141 0.9815567838059638 0.6419378568970512 0.02460252594662493 0.01908846375317652 0.7153414745330741 0.7577120247729522 0.19098857869654506
0.7343285940150535 0.8924585881018813 0.561843317151685 0.6805324786032876 0.8505551207723908 0.5859818685176238 0.3116126133408552 0.7754869942736907 0.7932763621757649 0.04000959591172837
0.0038021614183836316 0.22242454947865065 0.20253552003698383 0.5210846127799542 0.5963768607040727 0.7006314403886827 0.3912448624307149 0.46643683875616104 0.2622558612129251 0.810850819114787
0.5324027378826576 0.10485999620562803 0.2135349320445169 0.3153615635946435 0.657011038262567 0.5941986760839583 0.2917467791273237 0.8691699607964943 0.4673622615514367 0.11883529579609597
0.9582229404077341 0.022129736204928196 0.1744669141855274 0.3212310690709008 0.5383477538051405 0.8430952898539968 0.05374354628870737 0.9034890936053694 0.5744710177564036 0.11975172158026981
0.17969547020733245 0.2280713038475518 0.9244728956658975 0.721554656983805 0.8481492494866462 0.2712160325108499 0.8064509533521192 0.37825194792493644 0.5237324628381449 0.3382654903497685
0.3347259908185991 0.8227477937318599 0.7606187376857556 0.5370284953369818 0.21833947839313672 0.9746098127119538 0.43617067856201064 0.12346585378667874 0.20044275041688508 0.5993078544966237
0.809962033837832 0.48340133794781337 0.5054535477819648 0.6683129071409344 0.37476255806884995 0.6946244950972371 0.030583280544076663 0.4664731282746921 0.2014203014531828 0.32566584045216973
0.26931392891848216 0.34562369450727526 0.4961777144155366 0.3706891829046792 0.9866307193079951 0.9071752696258165 0.386809413015029 0.9943593126113268 0.4792930684128456 0.3114659863716811
0.5330714249750723 0.06620826312192207 0.849152572696009 0.3579502679490725 0.0173024981182347 0.3009365101423067 0.09350394149464558 0.9578369680978125 0.11262050858369965 0.1892502263654856
0.9736808821347043 0.6295784821953222 0.9490079963635567 0.8032491564456563 0.5615856240445761 0.6876516615394006 0.8016825559862517 0.9910445499444085 0.08356750943547242 0.8663598632501568
0.7114994159383596 0.43719961469211766 0.18204226967333026 0.22292558389520734 0.4137351410564202 0.5587500176834036 0.9974706944221531 0.2979307283653716 0.09945285352841571 0.2309753102708566
0.5367914180385067 0.6762021552370453 0.3627509585404973 0.8927566500589885 0.6391293422853807 0.28752814281793326 0.7975489011748239 0.6682699112807573 0.4755781454608834 0.014130829796075273
0.09916525503095253 0.7599276937769979 0.9270810096952559 0.4306086829564253 0.19879464554338255 0.5168975168901584 0.3729111702953579 0.7921025109631759 0.9130918043922044 0.26418769151150057
0.3919800541675732 0.7077268684041297 0.8264226608919318 0.1892062710284731 0.6301770590394631 0.28884830704498743 0.6399436974874003 0.32586299897714444 0.6191722211890277 0.9455807602850494
0.019522708653579635 0.9506973904647474 0.6455890405155273 0.41990779285065605 0.0536151601756617 0.5111811202322398 0.8641816344077345 0.09012966306473935 0.7925626202382348 0.5432561811987914
0.7246265368564867 0.0588733333397794 0.9823805576698984 0.9033348186026697 0.4387667986706101 0.045691449223994485 0.028954724170871637 0.039401009868195835 0.6536215386518072 0.6453164928455459
0.43266711959961546 0.9565175454872935 0.7152016631703344 0.08392458591829444 0.41882363106727805 0.9939566178323544 0.9091483874689397 0.2083026465193184 0.25585725329617304 0.5243361816878339
0.8464379894049966 0.07660204756492328 0.8011323559638994 0.20955797560480205 0.7258728472376078 0.18440045081000023 0.14327707650246968 0.5040076409744958 0.5498052872799767 0.05608285661234036
0.8203222264240817 0.6823910727455701 0.49551707986641547 0.6590920735576004 0.984527044475091 0.7877453081785634 0.5519047652208455 0.8573875349134676 0.0576233398704894 0.5445765652133883
0.21959641402965335 0.9104906393486589 0.8743112952303138 0.46274155604942024 0.542353162746062 0.8457840200707529 0.04719180087696362 0.06960295096091285 0.9885844554385661 0.38427087266933446
0.30292165495723133 0.45115305077472 0.7340330976327653 0.9837898001834536 0.8372296450528275 0.057215143618750464 0.7101626436017988 0.4787195509660095 0.3155327708871991 0.03149430809018561
0.3775059078831493 0.7414971417399666 0.006244060232514559 0.16416507779855283 0.5592105128166388 0.768811861907923 0.6754643359946078 0.9328465749562168 0.8272433896567201 0.6041269927222932
0.29460202767036503 0.9972300146952736 0.8721929933637707 0.5482196287611754 0.3165671931931475 0.9432875955853317 0.007334627442759145 0.18071841331372396 0.26153653946804833 0.03490560620195948
0.4586007200745179 0.8181582357760914 0.6198888587194789 0.22394912073078366 0.3743241760772632 0.16785927273902645 0.6277608055071014 0.6941791850514902 0.5521001983333497 0.10197794182580822
0.29977536412718064 0.7701078307790882 0.7248378132304247 0.6723649379683473 0.21384653905881446 0.10879004862599428 0.8740492805945648 0.7144062577358791 0.9345651577485664 0.7107163303911259
0.44565214432066436 0.6468107151658555 0.6345227864980185 0.4353827329395795 0.5320349152346403 0.36434729160959667 0.4270317340792441 0.387780369522295 0.05386437533883026 0.44182476216375866
0.1590512338308142 0.7539596048508492 0.7260888964906397 0.22014455132431388 0.929730903306361 0.4069884642786391 0.12481833437289636 0.7290474042060704 0.3978346119249877 0.8790391340892926
0.4852383612393302 0.8162133692737841 0.020409168269733824 0.10100012459348984 0.9554431094708408 0.29866319126315133 0.7254140660979291 0.6479257782712483 0.9070466347075336 0.429949252267287
0.1626294265506113 0.09679915275419249 0.5606605996988718 0.4854119942398517 0.6000121492037009 0.5024980883586891 0.6228014465398428 0.8078182248030125 0.7367700700964955 0.9285181527082285
0.8505181011635251 0.22698533681724642 0.18977731132465314 0.43092110929755956 0.46100606716016446 0.3695357591991102 0.1765540055505762 0.8871402745940483 0.08570229191002354 0.008714282602531487
0.9658863589447185 0.585689362913946 0.5318300505770923 0.2692401000295609 0.9962636602436216 0.548484878318312 0.9590907449160038 0.19845491786488056 0.17266107708474832 0.14440645055191126
0.20517570726427858 0.942566628502337 0.7437982213453982 0.6708830586684645 0.9009973703459059 0.5255781295114416 0.3348552414078636 0.22970806172017066 0.7050164791757457 0.018529320096170365
0.1647295382119146 0.4039492314946035 0.45576780452641796 0.7079693087993391 0.2122682957315697 0.954734061152994 0.292663660902272 0.7251155462126235 0.11251267465523818 0.9998554759582076
0.8273814224797569 0.4809447623942489 0.8618420337133156 0.9105561350787048 0.261617363357312 0.16750054883126186 0.9900075635239217 0.46851418418117174 0.9417156711002109 0.5319908114486974
0.7173962248701209 0.661967362005157 0.2166585290770332 0.1077877718694008 0.7574679365853056 0.8680759591618756 0.6231293327554984 0.09523196542988244 0.8471598440739181 0.06803986844059673
0.3598375900491261 0.12518131117899844 0.7921537958332171 0.1721485283585703 0.73302103479656 0.20953424822771527 0.7992539266396168 0.49385667408896383 0.7560165846055501 0.28549674883855347
0.13472368116871658 0.9051432040248754 0.36801884734753554 0.8941500409211378 0.6952822834644468 0.22982414770836723 0.8006206446688373 0.6989167007278063 0.9075629484233514 0.9871549333691549
0.46545770954263765 0.7458107497014148 0.48218634420474416 0.6849713495351392 0.3622551706982171 0.5948969928658135 0.9402042754196627 0.4797823727650161 0.41380060853806033 0.7111734472636158
0.5025205045097689 0.1706423908895589 0.322845104814083 0.7931303542937392 0.8869968410064041 0.1742941557445684 0.5156597820790554 0.03852775891208515 0.793304178243495 0.34098807941507236
0.4879523288744223 0.699473117299839 0.3721802383010253 0.21354745372556216 0.4010744128427004 0.6626692236475016 0.7736065060308635 0.6066631668316116 0.08992748622302082 0.2057417755150759
0.9475192765042362 0.18906555799758673 0.7387008394673308 0.5268454089319042 0.23102052455647137 0.08813544530309969 0.35655272326964005 0.12228528555761942 0.8976563807197173 0.40467993371793687
0.8425716258292877 0.5956811807626433 0.7671825318853486 0.9250128230352294 0.8678312100377243 0.022239657280858305 0.1783371108444407 0.24814391402658287 0.022079684841311398 0.5629889830685356
0.1124932967716018 0.007794811468115781 0.6735798836857719 0.6263707555560828 0.02266588894227628 0.862123596789561 0.7728438802896158 0.5083708037306666 0.9701969440821269 0.44845448762468787
0.39448189253611565 0.10741177668808144 5.474934192534198E-4 0.5559724489785463 0.1561120869171374 0.006517807900988881 0.2999742164552327 0.35625735652883594 0.7792544470097689 0.9428017470779009
0.5664708357184451 0.6496958442975999 0.9643581546217361 0.443114010447355 0.20120608588240863 0.7352232443094067 0.4405889200795323 0.19473090373398572 0.3807915091754188 0.6915120018119469
0.5207289730436778 0.5412501842649705 0.8060639161441787 0.5696374457383871 0.7425189706952411 0.3463996395220743 0.9396687838366155 0.24041493279158943 0.20999786634434092 0.35225435393116467
0.8425826638783368 0.41401756229317255 0.06187322731954403 0.0733970292172591 0.29881396156469264 0.6551466309344115 0.0886806709126664 0.21484484047546548 0.7778732521562789 0.05394212783138996
0.8964687148100282 0.5791052243678161 0.9262057875849373 0.5809836735973248 0.17197046503097457 0.4365125420180028 0.7016302094649571 0.054147107790884386 0.5427012563122746 0.37303593419988934
0.9689294826194945 0.07574538724372792 0.24514759380931128 0.7010383191906812 0.3600910879497804 0.26029706190733504 0.31518895144327275 0.6210053625290195 0.4692955760512574 0.5664292886282073
0.29712101057400986 0.4560519838296263 6.037761677279985E-4 0.5708365571732084 0.5311253573105515 0.44605376575354017 0.3153947391857137 0.07788027692392163 0.9237570490284106 0.7845389014143833
0.936957944534521 0.5453285688764509 0.7319982128761316 0.8090158454336369 0.9612449406136286 0.4248996384908863 0.29865228067077365 0.5142008025999156 0.9956369845842756 0.6656858960268838
0.8653302065507895 0.8476482224874801 0.20168710039111504 0.30920052575511103 0.5590062961158456 0.5685765833488838 0.2531463598505178 0.3167019192267708 0.39909803730966864 0.8032204970808702
0.5371855277870671 0.5126155323125552 0.704250923244084 0.8138299348794149 0.7245752733793674 0.8022868688545505 0.591485695520023 0.9134756569540665 0.9136894310732206 0.6279632268935299
0.35509196669415977 0.9051093966713246 0.9135471002971938 0.9638159837722702 0.388628861972641 0.900866554329077 0.8727116723481051 0.01897942476370207 0.9706199294686786 0.8863876662954241
0.3837154382894862 0.21699564646932568 0.6730058670199949 0.9349745643183658 0.3967810931230523 0.9507198878339774 0.3711456149042247 0.5476859902768707 0.7619618577125922 0.07365395680943021
0.8351322051702119 0.19801628816148997 0.9854246358155936 0.08184020970367512 0.6644173454471508 0.7935901791845514 0.8334513175759765 0.4648617781393535 0.8912142780079114 0.43234539023668006
0.7468353708115723 0.7601596290633358 0.922875540024026 0.5269643319277808 0.6387021114276148 0.4317905763653217 0.6194190106137164 0.09885478397336123 0.5403830640232344 0.8129145500333165
0.2096013044917775 0.8017685516819791 0.7328258250924384 7.134657352312335E-4 0.4374154390365752 0.02518644187714769 0.4551229401192116 0.7731084011058057 0.800614993023276 0.24888689488680582
0.017094282055151733 0.3085553423483103 0.9938443849994827 0.6726541565520153 0.15945961162978184 0.7333640210483464 0.7011811937477246 0.02887190279364016 0.8029891745041755 0.29539889910999206
0.6963727400758289 0.4007862224573795 0.9071217173446151 0.2686844807301795 0.803776327469599 0.8155118303460133 0.018891050354234662 0.5303521423833143 0.648988438264062 0.3583938495725226
0.2346039794360708 0.11952902841839663 0.28537508181750093 0.564126869715819 0.7195634511218905 0.9871841369993808 0.7211923337240882 0.880071809319522 0.6352328858269228 0.5766102239674102
0.0917118323937689 0.06850060993877882 0.3085890125325669 0.8361350692647793 0.7217434574838684 0.5170372952804738 0.7450119994304247 0.7588184502598253 0.6061735638488525 0.5603531864341795
0.13391327057930758 0.5683068405384296 0.8996135197023457 0.08121362572003565 0.8254033466507515 0.2256801429937041 0.8509803455937455 0.8552617732564936 0.3666526496356869 0.019040497082593477
0.24480737716632306 0.3314646735915362 0.5782011326408888 0.6157559495260532 0.818309614304164 0.7989356541748618 0.3233228894331702 0.10668668640877865 0.3117052208487159 0.18088646477315684
0.5776540494414906 0.25238513551577824 0.7790205339966016 0.0177509815356649 0.6416442310431574 0.35317548307617097 0.537583314964508 0.5540621803897248 0.8549921935297785 0.9081822936137453
0.6666348720944626 0.22745240685010115 0.9700793281013594 0.502791707108102 0.2789688113838388 0.27318671339397826 0.42051508987000374 0.16969296351583685 0.8842301630755063 0.6039273253613451
0.08126043438274066 0.805562189742896 0.03848562730074023 0.6019672164285185 0.7583971593695071 0.09361398665864362 0.13190209730770175 0.9699591511234038 0.5694619904268711 0.7816609830247314
0.6048470962814682 0.3262057538894074 0.5793664935325503 0.09598515271961516 0.10245164589440703 0.8018658491339862 0.5422748399469529 0.533238915796798 0.07865194100668937 0.49997018973882035
0.36641351908511244 0.26575822197163135 0.14295385168539032 0.3099299696901452 0.9666383551845595 0.9200836788668998 0.006639672712243194 0.2362598635719685 0.49868572183662896 0.5441498135985933
0.22986396863796021 0.09652641895959058 0.5793867988008993 0.165516953666493 0.09706166016893292 0.1710721641339581 0.9887246176710971 0.4611839534493515 0.8553175742109205 0.14585424818933657
0.5224659853998046 0.7089341934786038 0.23882433828451455 0.479776053602902 0.11820120698874792 0.37083110661269736 0.6722807616587086 0.14917870299515845 0.11297665222964504 0.37139413034916
0.797060493694536 0.574699136122688 0.507306346359871 0.37614936163086454 0.9962066718299838 0.4194897629994633 0.40820075862155736 0.15066360930660072 0.40778503036996583 0.8628343462534629
0.4029520576451534 0.3858346289871709 0.5108546278002181 0.8994834803162702 0.4757669821501601 0.21212427911191356 0.7442915474890388 0.1925723516343355 0.2209401263877322 0.9935854238276987
0.7759280946896524 0.01677220558987602 0.5291114746119543 0.8919474191667996 0.9779457675228072 0.8683663043199027 0.6272542556004824 0.12168920731135302 0.3841877503479125 0.39023019635041656
0.3383903916767347 0.7789430369213427 0.9060323181451776 0.36223484882058743 0.6936320596985149 0.6202358490976155 0.8656959563118721 0.6413807485469629 0.5770004008682471 0.19148949305714158
0.9693108984663449 0.10100976053807054 0.9125729337324059 0.26336499910181843 0.6868487433547059 0.8147308319313024 0.013863212342838382 0.6159500346564418 0.6319381767382067 0.9582344579019336
0.10693838814593792 0.8339532215998987 0.9418516233844593 0.16096009285936008 0.7116305382880088 0.9229822626652275 0.846411710800993 0.32961970974473 0.5193008469609722 0.23814759785607265
0.5842957070885277 0.2868697805003191 0.6409657861799363 0.42814711502648484 0.5761920223528572 0.9209627290675362 0.6161971792382642 0.8411513895850673 0.29648985048650767 0.9259985121744579
0.3710586309515598 0.11322317572476037 0.5986592131692094 0.6274357139628812 0.3924433416964549 0.4656687301926712 0.3442056897674174 0.8338103667545371 0.7465287340573912 0.5746329879757754
0.06106021710063847 0.13315048133252183 0.21066626077701622 0.7444140627661119 0.014491280123173356 0.5613624081162694 0.7108748364430251 0.5153873829678943 0.5121030983279399 0.10990517221057472
0.4612092947844826 0.7680928968772489 0.4842101010967722 0.11135717972677106 0.6866256200653893 0.8469540181014682 0.3818546163629716 0.14401926454754066 0.5775674118403256 0.22025980433576797
0.21696113670648054 0.7304868625745933 0.17234837870719066 0.717456739629882 0.1325971031954042 0.7701632820476644 0.1925084764338677 0.4404604271210394 0.23603674071042202 0.3419750473121653
0.46667185547869316 0.03261137505245937 0.5533011636467278 0.241089338057619 0.4700368175614983 0.10706308235370043 0.8710742411420209 0.37222264145089456 0.6794795932240907 0.28580499484614563
0.9203704454972623 0.9121688658460525 0.8983551806649401 0.48118677478852856 0.8260577486115338 0.9754639742384643 0.44042979014715977 0.7637242265343825 0.997314431653986 0.369643681722569
0.07898172064757103 0.4031316561750795 0.6663262044605139 0.9103393443870927 0.9649581782368101 0.44393922109584016 0.09600579149757371 0.6814966652804555 0.297177862508067 0.48271800436017975
0.07224406620921475 0.5722904830642241 0.38792007326940936 0.15084945820844697 0.6721785342491017 0.3998484192785636 0.908843411198888 0.1749403053711307 0.4571909122529375 0.9356848420382928
0.525027704186568 0.7863975358459686 0.1778230321082339 0.19378587307169248 0.8290353854493854 0.682342533705455 0.7975259683665575 0.4095752017427706 0.472239350604871 0.7019574212952182
0.1431342975643779 0.24152942307287995 0.6572663685651853 0.8755206999759819 0.7721842030516819 0.8610008742295866 0.7032562993986943 0.5278030930443113 0.7106697837983008 0.7608447306191416
0.22473923092323644 0.6731592454248414 0.5595598527246439 0.3097365412897152 0.5752840522550448 0.02656410276411436 0.09437274239840476 0.30660516722703557 0.5986737564038572 0.573007434411549
0.8893339120210781 0.04839511447072997 0.40321377278982096 0.787074187998974 0.6861178170910878 0.7144116758101047 0.8288821243367172 0.2752016612870788 0.19690153217166495 0.19179088823711776
0.5123806062901077 0.8250192785243613 0.782434602235582 0.8191758068765761 0.9717490101700857 0.5893405603665869 0.9780560340881456 0.9094692165409567 0.9300547489131943 0.4067908258218441
0.1540658522332774 0.3275724673113716 0.1767727870537077 0.06671848523539192 0.6915853226520022 0.8453087977842398 0.6258217429447364 0.662951297817919 0.9310163313722439 0.47326858034506203
0.8708239268207634 0.04912414924332964 0.8074372225803905 0.4781032678270237 0.4610082251240393 0.8077173883575063 0.5257486400796707 0.3338337398284046 0.3252770602075318 0.07561035850053621
0.8481098576378441 0.4270276421303013 0.25730919485695036 0.03086780591038385 0.5671822678732585 0.9382394522958682 0.14117271283982813 0.8386412194478446 0.52092348180963 0.9558965525569384
0.6447733198969802 0.37848151135632435 0.06815215683021725 0.5438527146606567 0.4375651544730924 0.1310229683816868 0.28882980224889077 0.18012024460266496 0.599302458073851 0.18891281486179967
0.2989829439085203 0.7118308563007643 0.7782125046750702 0.4750248720619097 0.9774151653605448 0.7302643492578882 0.8298213091530626 0.9004094326620128 0.08983520319196947 0.05982313260825112
0.12176531637112531 0.3750961754190457 0.2657539811102104 0.8761201328797978 0.42527406830966996 0.29678008512447474 0.5344798787454639 0.8208859615083705 0.3306100412114461 0.3855856423469931
0.15876821302874067 0.36519115731914165 0.421603764331864 0.5075173420271182 0.3181572068002856 0.5875175954945385 0.023523501322637475 0.43486962834474296 0.7887497634860514 0.4795027035038554
0.1988708634649068 0.32878266150561064 0.14217638501102037 0.8697189046189441 0.8072946000396073 0.09729520864136798 0.14370152955076554 0.06464015149424651 0.8686671870894627 0.6816591125360233
0.9679121757452166 0.3459859810284006 0.17246958244475274 0.7543444868324227 0.570153623733227 0.5349227819706237 0.06198164218848767 0.27407871995693867 0.052854753301466384 0.9361414565520737
0.5883771602667429 0.8364262574846848 0.14811085530337575 0.10861882708962178 0.7776736861368507 0.7828302273709561 0.0013690490722366722 0.07491017687546497 0.5825895511955821 0.5867014532111895
0.2857879739316177 0.7771084964404368 0.20171109182307467 0.12205367303729586 0.3028197182826179 0.8151458928392833 0.8399758887272815 0.038348572025228234 0.1317885850796633 0.7619008879936064
0.6573280165937544 0.6146280881855211 0.0797182132893196 0.6396150966853249 0.6065041345512104 0.14667510569333442 0.6523843059446968 0.4634112341020675 0.09625982927133447 0.1328584669929186
0.018547990213530374 0.11024409009328728 0.9329477931312616 0.26748157467785505 0.4715501086367523 0.15540450420583674 0.7912107657910264 0.5248683400073019 0.7059242519355852 0.7337359110195386
0.543653627549127 0.42308425744435973 0.8214124864478832 0.9290119856633983 0.13971081555348563 0.8931041375106766 0.8427443063791233 0.6724628858068005 0.36552669861256226 0.04740275033790886
0.20076618872732577 0.6402266482943082 0.7395179611930913 0.5413576522537925 0.05898503997022553 0.17954153043331422 0.002388933747514921 0.1515188555853617 0.5893163613869183 0.864783921506679
0.1457220471985785 0.6567127508041194 0.3018035032428287 0.8869956791291598 0.6898674061159629 0.10111276226439636 0.3153017416934316 0.11433383115508733 0.9697067204608337 0.04282268019017221
0.019596981816035197 0.32591433326029506 0.5159688359521452 0.44718299544467865 0.9241556624156821 0.8178111026508236 0.23012529350150712 0.47092430534923957 0.6146789147930665 0.307510324774824
0.9424961294805795 0.5014564038156556 0.6458607896545687 0.8219090061066754 0.11604729383221801 0.4649952142795071 0.8872265644208979 0.043986160452191836 0.9124636387719043 0.5978941171140294
0.3086540141477756 0.414563661796872 0.5724313937358165 0.5874602424704666 0.44315710453413015 0.13811320830503981 0.07866718886793689 0.23170013854615712 0.796737681147603 0.12535472327541064
0.3680813870619287 0.5418536589864086 0.2885880986773607 0.8204305402203547 0.9385649818372804 0.5172385705736575 0.3996533476956723 0.8067289552677194 0.556241451220631 0.6588429175763767
0.08353868525232011 0.06296962944254691 0.9106259828864163 0.6562656847720552 0.6509745429656071 0.7499525864259722 0.4879865041497139 0.582020773978924 0.7775278205636493 0.4484112095345135
0.6373017864289041 0.357883378023126 0.5039744597271183 0.8396992148333322 0.7885645873433762 0.2198714567282164 0.5997255767346152 0.9235804114629335 0.049778157455694805 0.4016198457711634
0.9419250749543359 0.0011789153794399265 0.9568468388486497 0.2803175957722719 0.6263141359392862 0.8161867611153311 0.9796627303969168 0.7850442157695062 0.3706838735009741 0.4437153045406821
0.49804181595404096 0.954253842079043 0.3977143065591088 0.7437147739155473 0.3527649937629157 0.14732078678303273 0.39122439719369284 0.45467662146948884 0.7498302157644307 0.5644736515731315
0.30833415055634406 0.29337181080154084 0.25012469257762004 0.4101097721351529 0.7997669050249491 0.7476668284175556 0.8120761349885263 0.24639524853522787 0.7414957488379823 0.6019993867175735
0.3714451568716226 0.8272203043237143 0.9131653742472818 0.6188834972023948 0.24027135671716404 0.9769933684669391 0.17219646293459256 0.2148539625853526 0.6860876211928248 0.8844221610100979
0.5672070609951002 0.4155482835764355 0.4128688278704993 0.5183426092885773 0.7103609954392119 0.8521637769846342 0.30678267832358685 0.7408224975971398 0.38548103650043264 0.07031649543775786
0.7326613904092837 0.09217890891618918 0.8072402275511179 0.9623676069468272 0.8712155952638998 0.1532137263251927 0.16647161205490124 0.7055718026108382 0.07236228016555979 0.8518854325708152
0.09761350124803825 0.19094200664152305 0.9666410311724972 0.07479877494789555 0.4865333295547015 0.5615125568834886 0.12454358304784086 0.46830893338084 0.6004503169810629 0.1437233678449069
0.3826841311945832 0.3697001256872885 0.8664034084291091 0.751935807281272 0.5660886781883656 0.3958129366856513 0.7506875705234258 0.07363040474623817 0.22748364762679862 0.33465881537577724
0.09890809482129559 0.6016253675068651 0.19731534207523704 0.6349739978659812 0.9847790523760648 0.36969426379812653 0.19233375687430243 0.9693294771096164 0.5855190198888122 0.5692500875808774
0.46592523776323 0.05832731705392191 0.8526729086780301 0.9773017196057602 0.4999805887290383 0.1865780588068341 0.7794161844558762 0.009678664259854641 0.03593651536013931 0.615567863690445
0.8788738093763946 0.12855797955797565 0.3217298011479337 0.4041879637181407 0.08271305848663146 0.2796171646197193 0.31175547885045307 0.9846133464374764 0.6452455896589593 0.011675564023709062
0.6985214778304272 0.20938137494361253 0.7955010757131887 0.9404756197321176 0.07754378468290268 0.48493529317106754 0.8182111327561494 0.2582951366162052 0.2511284657072296 0.037561590960080826
0.964368766018459 0.06236978086553657 0.662037030326124 0.31956425618774864 0.09300522286249402 0.3776448929095555 0.21463467550887605 0.056682903244019256 0.22805254513726414 0.8831644919962124
0.2889715781985942 0.4621759363418272 0.27763702452537087 0.516444285252394 0.5823491868544941 0.6986541484686634 0.007874903464637706 0.32646468910430415 0.5232753018137233 0.7556637271556563
0.9892182972310244 0.17345896773480463 0.3943128225903737 0.5291821906886737 0.6406265739505462 0.13246056199674128 0.9731789132817507 0.03860462908282758 0.6853134725443142 0.7476126718980418
0.4555531306763132 0.39746157774978463 0.30154875614606813 0.6055327475711886 0.6584037601750019 0.3660242808354748 0.0029679633025223584 0.04856245765886469 0.0192443265906177 0.057116634787331644
0.8150716411041371 0.23252429142821196 0.7045827583487367 0.640867722679514 0.6280711525946439 0.14864366843627685 0.21992803769417757 0.6998023657109697 0.7009655898713671 0.6755851945920254
0.2740702369654332 0.22258180997236177 0.16770978382597512 0.20509074437982444 0.29195151428321053 0.0928700753621855 0.05356115812000095 0.8934958575638077 0.8932974591722889 0.3292158843963766
0.7481686093813593 0.13144009602738016 0.8582793052332888 0.26250441851804585 0.10169419299663174 0.39537615488938327 0.5868295574268796 0.29944652430501584 0.3112340415386442 0.24702152756768847
0.824834697885785 0.9137377213725575 0.5470322468908017 0.880685610549649 0.4782805500632089 0.030933063591340515 0.8314574321777124 0.28344406185831317 0.6655272553554855 0.028748050701081884
0.028438690662320742 0.7694215489165697 0.7682424388634107 0.16140985695805388 0.9270340006081232 0.37698281283645585 0.13312262425063426 0.3348472861211155 0.31003059966705504 0.37642120567318915
0.2493847338523707 0.808921601019095 0.586953775290404 0.9257729139354777 0.681110774620803 0.5835652161694608 0.040586713163642374 0.7336740401411267 0.768880621147369 0.9376079498822937
0.9870806954339001 0.44071685757194956 0.1317292251034602 0.8322363233910306 0.1819618161123655 0.3145506431959385 0.29831612753058767 0.6654437718960107 0.617816260597964 0.7690114554817408
0.37529706490734704 0.1694950332901537 0.45416365768412614 0.16385435555394534 0.5212382517074265 0.08034114464823972 0.19600380722416744 0.3192006632112616 0.13601646716456472 0.5760860103832361
0.39474879274365415 0.1876018192475497 0.0984987511945995 0.38101945725283604 0.08372985238038022 0.1666605157952712 0.08939767665283416 0.8623956114797726 0.8801933935696675 0.6064388825464511
0.021549428141082183 0.4090498138688956 0.18667871030426997 0.1684224849825945 0.8664636374286103 0.8741108484625658 0.20689552983482784 0.8265980140865552 0.7138453273544026 0.8884800553338854
0.5546962930358451 0.46624151249173795 0.7298909362765085 0.40741199304588804 0.07946498645995026 0.23230338569366582 0.7905121890242455 0.9394464959990022 0.15722005323523514 0.0068147837885895735
0.957242713425662 0.5251050193202507 0.10395694600195482 0.6535300106317535 0.6364342192385724 0.6821788193072301 0.5562305259899127 0.9580576831327063 0.2164504176041463 0.21510047104793328
0.6337058361580202 0.5130231340157921 0.2129185729382952 0.9978042217519919 0.4493813159488451 0.15034324025353518 0.4687000792338307 0.5826445695383271 0.06541531886813823 0.9064841503602495
0.7530927390655731 0.7623571518993189 0.30596350067783873 0.9216110996211392 0.18387979257227582 0.017709096913179012 0.9331611164792993 0.119829163046836 0.2561910511884169 0.12040097998059396
0.5683607079776977 0.995252255617546 0.9037444307813282 0.028946205866920205 0.3979625545959631 0.3374267959587245 0.9408866400165431 0.6146674306487296 0.14165124784139382 0.26967624767496734
0.4379538749470965 0.6856144001595205 0.980579226507398 0.5452208430736226 0.0678250585417387 0.23812071790186495 0.14401338542851427 0.6484663806841702 0.22814105670244367 0.8588820828162124
0.6351890089938339 0.8826449697599396 0.7915157993601347 0.7248518943924783 0.14059014318376462 0.2900298063002792 0.6651659837179685 0.7039145213907547 0.5116036928409801 0.9472346417864957
0.9517379721625513 0.6462103019719352 0.3334698004341813 0.9056483359230976 0.39471217437248274 0.0741510519496742 0.0036784504142707286 0.8058433691301466 0.9646163684008908 0.12857786665636506
0.4304384115366052 0.9848365453077422 0.8963814399009584 0.8091783040789284 0.9315713365671667 0.7163691781992488 0.22352418856732637 0.2591928938958903 0.16516041405252202 0.07691303413210038
0.8714436563977892 0.08760594819546408 0.9555092762028731 0.8138974235312815 0.6699688155564519 0.4964292339929709 0.6914439236933048 0.5076916016425792 0.2243973979181143 0.28635102313659444
0.5687165186969635 0.26516656038770714 0.44461649976520823 0.6509374959036268 0.3242465565449629 0.16019800053898026 0.6734979910986617 0.037737322957929975 0.26716197524736984 0.6452627732375489
0.778612659775719 0.2540541122120813 0.3500783082602119 0.19831900786822743 0.2754089742995707 0.4258159530668495 0.743781739734192 0.5404499250905742 0.5353537462322363 0.37988485155619645
0.8794576362007688 0.8622898997708757 0.39913346953458273 0.5133132589507627 0.20483282917617585 0.6310409685407234 0.06286702258004084 0.23746882716340512 0.9640770581508512 0.7149263610449718
0.9343814725428053 0.6406125132986353 0.1560346008285085 0.7582172015242848 0.2669546200594307 0.09942942641115837 0.45133446573885083 0.9675074900658985 0.769529576720018 0.18817555732444546
0.25615393416284093 0.7287013819935858 0.06525778103838864 0.3835181281152029 0.29888627992364236 0.7642158182680685 0.8243290096028526 0.7438105213207231 0.08569071673057527 0.8611911962694112
0.6323979237485423 0.953457818724226 0.32187902666211043 0.5540406992532918 0.17251872859181883 0.8661921406258059 0.9283193719730378 0.5284592815374303 0.09635067347600701 0.9554916113770827
0.5955152738498389 0.9290513816124546 0.039499283243152106 0.886040650471931 0.9127432436510579 0.1990258576675925 0.5962088450712143 0.7570433543180498 0.9856102766835494 0.5579459342608211
0.7102241982660337 0.4363656492379294 0.11261770161744289 0.7323104444932531 0.8614909912158911 0.8038964510245117 0.5297957121214857 0.09378233092301214 0.6324647112150328 0.6531812339486042
0.4521983738229375 0.9311688761911799 0.7231515683665205 0.462296783661749 0.6420264100060777 0.1847977806115889 0.25060435824399907 0.23809840266378857 0.5153707194564454 0.6057216791172731
0.2164491038444497 0.16238633986749507 0.3630468713070135 0.967222975813742 0.35511963679202563 0.8242013032706501 0.6057171916479085 0.6523804196199192 0.18582825952978255 0.4093735356466076
0.12947317557524862 0.6689968311399541 0.9829029479950686 0.3366134201797809 0.6552783014921705 0.9019777827120045 0.5519726599169624 0.478846707718648 0.7841471500224684 0.2032886896229429
0.15358399553977908 0.28915982395322526 0.8296637498658315 0.7409082190915114 0.6511840745153784 0.8626368798574261 0.8004185587787243 0.8807337556852629 0.9770060151164882 0.20853200004807926
0.9271698121355538 0.7591847500283676 0.3072447403965123 0.7816361499054347 0.943011879268956 0.6192880837633656 0.9170130633419636 0.6273612252416209 0.9195595073082712 0.9293188793661786
0.545918616036637 0.3319777200458417 0.8381337148337636 0.2806096937197793 0.24670461364900853 0.3376071494826349 0.23216141634679677 0.06992919470593628 0.1122483597071654 0.08098419268644663
0.17547731367759323 0.011871493830694968 0.980313561353652 0.845667171755284 0.6109438078611555 0.597985420755817 0.20080354789017452 0.1792901470876921 0.5147801464121526 0.7219128879544278
0.8168641759696446 0.2206136625809586 0.6742198688439056 0.8235939464984168 0.059037232445012244 0.3055451795048789 0.9195910048276417 0.07063574021745633 0.8807659316176548 0.7769645695903936
0.49664079551732665 0.2912310303659946 0.37390637435525265 0.010103787055123381 0.8909029839415435 0.6005515067682851 0.29449983555526604 0.28339413841652195 0.823132474905512 0.9213300850546795
0.6019128131976493 0.2741084792448857 0.32330820646053604 0.8893851557817686 0.8685529696083318 0.6387898143315704 0.7604325047486623 0.9561291642118263 0.6527207646477721 0.35037193857506055
0.45633086777210496 0.8526428119240125 0.4437581998059186 0.20706145338184245 0.04388333452668303 0.9636850451768958 0.5865074977133944 0.2024650090402298 0.043594780976384584 0.5750487390099088
0.6711945529325534 0.2521093927314325 0.22713819325299434 0.403959873547853 0.23520277422838498 0.10841626688384509 0.21248162009519744 0.2997584257000687 0.2648051929482651 0.16435732270379977
0.39243577307017363 0.5108870692272598 0.907774112080103 0.24542987046955267 0.7369361378263647 0.4542536636406894 0.011888726958136253 0.42025653258418927 0.22909995432872632 0.49432222875206
0.5897134323513077 0.32202755538913674 0.6960745634308422 0.8418260476169935 0.07662036389991866 0.46616730130847384 0.5779210552706682 0.315785820418782 0.2968817271664912 0.5740213301062631
0.7412525837806219 0.3775550776964215 0.38175908031452666 0.96802432547637 0.7890744822172804 0.5419032803482835 0.493867822513702 0.6907228798175304 0.4442488821869556 0.9976872109758262
0.10369720460925058 0.11819181425357095 0.49123341984491464 0.02944943266163602 0.737017641863772 0.48779607736781827 0.44922079449903285 0.62132200565595 0.566008283605861 0.940914927533913
0.6195313405906611 0.4459029685711432 0.9522900076051132 0.3931588249682769 0.40108819865370293 0.2933115336940779 0.06664994825725168 0.7877735967080485 0.800031218640915 0.8794175424796417
0.008095557479345428 0.06234051379523853 0.8730016830763101 0.8872796443424035 0.4239777987869843 0.46454509893593987 0.43835708598362566 0.04211551046472073 0.49327452246328374 0.6897011687562024
0.765551668906776 0.997666904645712 0.2767264375395141 0.6808813870167453 0.11014449560229667 0.8206108170869468 0.8603702040528647 0.8319187070622057 0.9003743302853249 0.8997078066564989
0.42311413918203866 0.7642079555353402 0.10096608808606589 0.17766692923885796 0.3443539346474417 0.8101506088607309 0.7808109355179199 0.7062462388044823 0.734227323798653 0.829249731288987
0.19338856596361254 0.6588965390406515 0.3169580088127455 0.007276093292332808 0.7422763564982572 0.10029568451875548 0.4268410021427841 0.8445910294437179 0.04881717517767392 0.008408807839461185
0.9867727640017067 0.6266249864664293 0.964993674680192 0.27225025729824837 0.7308315299519449 0.28767517518264885 0.7817840948654659 0.6473106721524688 0.605264127148084 0.7285998739083391
0.07175041491060707 0.9406528341630692 0.2363379225471669 0.3296504970196672 0.5743368721146915 0.018968408293843053 0.5888676343487446 0.6115974334003649 0.2833332236578866 0.5854266574527134
0.4558279250601175 0.7414686566191584 0.4281832954098538 0.05493582006355591 0.2173156349303066 0.8536353545044922 0.3542969327279387 0.27247642103455216 0.38622511186200714 0.962641715821408
0.40224870187752293 0.26545492586310404 0.8183535157526397 0.5810911057679519 0.7617244003198387 0.6985654269554277 0.10625329249367632 0.024064136682345527 0.9333023579144356 0.20843588959579884
0.599001187658357 0.7809587249312158 0.8696332567775477 0.33537465723640947 0.6941544306157412 0.2663059587650731 0.0873087369437231 0.3408220344637445 0.5335165267375596 0.7230299452937405
0.04168582022990941 0.8016504586022501 9.364352345783145E-4 0.044783461250554435 0.8391602370255961 0.5062465573593014 0.9682165727327143 0.8084059453157363 0.9248587937631209 0.8423466177903707
0.06430679975502407 0.8632134870496795 0.7284474973439117 0.5628867159079283 0.8533127525698319 0.4107457589397928 0.3767281972045913 0.5436674581756853 0.1984487386882159 0.6267576098242142
0.4889235508211456 0.9054223368281983 0.7619168477622376 0.5266579987890906 0.7590267039559322 0.6629181153357088 0.044795685806741425 0.9562627606831041 0.4993180538395806 0.8850042910060113
0.10637328076910801 0.301641609351063 0.570128962613862 0.20206798899290512 0.11896075142145668 0.7550039664704161 0.1531578824752996 0.3811396721900907 0.21207453591261372 0.7479823693584617
0.6391215448255464 0.6039340579499413 0.6389769653192382 0.46933601757706755 0.4952503436733747 0.029399689784236238 0.15891566991545047 0.22101125535746402 0.35411333008515533 0.1998898691902924
0.6700051638063506 0.7346599928641079 0.7224851641109705 0.8588564389487116 0.5505441986713768 0.47013067786961815 0.6474433488977697 0.7880068654081189 0.8706649972194065 0.3481109604407998
0.39661170634242815 0.34315505767514354 0.6215616058831854 0.3310151566226791 0.7104412915203887 0.47053382488695805 0.3761460579096316 0.7593731767660383 0.4666474334120182 0.11912745639904976
0.3428330209510456 0.3753926325216492 0.6603979495753322 0.12962123445334595 0.6032548658327327 0.521028886749519 0.44857392996739776 0.8768535412185047 0.4350606635451323 0.08481243894269086
0.6324011181207534 0.17019624276503897 0.012554227462341583 0.3898471441787382 0.3599768661379078 0.17507667507660774 0.45077802692857316 0.36480637589038334 0.018693502767238357 0.4088950519128556
0.11275104043546225 0.020418822203464804 0.25728608555087706 0.18587929052568086 0.33492053902566143 0.46584922997596145 0.8282089566373337 0.23795838714522688 0.24248897769150513 0.4425439873346054
0.47327188337510206 0.6225250780558937 0.12412918901362613 0.6275247292715878 0.38894315217272024 0.4429967909357667 0.9147021160627555 0.7637781121629058 0.9024540655466036 0.35437379026611615
0.6949433427206461 0.012303313251198822 0.8658148561236838 0.3035317164790782 0.7586859654296035 0.7885430394840922 0.932079713504796 0.46277527212420755 0.721038958936918 0.7453380719514306
0.3166742927052113 0.8552188017566564 0.3450419112443164 0.4952092698934414 0.8663261189343023 0.7418484372195796 0.2496683479650792 0.1266848992870323 0.25911477070494315 0.4426594706214593
0.4286515041849399 0.5625556419985759 0.9413850736108689 0.8980521057290469 0.5574580495952417 0.33235320720369355 0.9707436050418937 0.941707189888942 0.39483678110646325 0.38701279104895825
0.2790846733728104 0.9524532675366063 0.1957207110606195 0.17059365538463078 0.9955690226512325 0.28017459593835126 0.943862894588641 0.282096358273333 0.3767051118890833 0.5995996042717772
0.3854374304002983 0.7098286098945034 0.5791587777202329 0.13584775275685113 0.29893919799470503 0.8014366123950734 0.9806444369808998 0.5269020944774604 0.1720667363577686 0.8446321803577768
0.005227084194295739 0.9407138070843395 0.47287517509906707 0.3768103289568091 0.44159072281624223 0.9484341705935013 3.3652868074329767E-4 0.11616580982542757 0.05630616427285828 0.570308205733979
0.37854747295695435 0.7125815367702302 0.8988568020975422 0.857053706452331 0.6191751574014605 0.35347546971498023 0.07115826830545757 0.34708794191197967 0.8183340470944701 0.6279569845730234
0.891533899803175 0.7487539090920973 0.47693782340196167 0.9520572013875738 0.3215848894908525 0.23673669013785026 0.6376719831658239 0.288463004264059 0.24412033495477714 0.8231495202435327
0.01708479921851014 0.8560967661744046 0.6812890660423748 0.36630860206246063 0.5778950712114488 0.018049780260981474 0.3242815649158095 0.9140044534500337 0.5344674661251265 0.5607899293494059
0.809447144045128 0.24311651102642384 0.6135073464864648 0.13322914255777396 0.0203977610451177 0.6537073094301006 0.5023784950870522 0.701149653950572 0.32164645246174695 0.3032710419846587
0.8090490827751351 0.4906525561281231 0.036555436080072945 0.625600754080582 0.5305224581967605 0.04370611154859816 0.6708446600153095 0.6687770675436352 0.9807110572800055 0.6895350293713843
0.3526389022911083 0.5080712687851 0.3640631311281003 0.9475063595599481 0.7110076006822411 0.24209320952503988 0.6978538784751771 0.12033174090684329 0.9471783415525575 0.46430530958016103
0.5839037061659679 0.6108192718280576 0.16608149398599337 0.5170612067819768 0.4095882183641433 0.3010731446659759 0.13061016951406434 0.28161830288694356 0.9183560943907061 0.6699524305087544
0.4769557731296341 0.7351111243529198 0.7315722562439048 0.19276510671924407 0.08660661657849744 0.014262596317655918 0.32635572283913716 0.9665870949748215 0.7490731251609641 0.2656485913801824
0.17818277891282008 0.435260243569062 0.4691300514084492 0.13362063580226013 0.262377878561563 0.550037426784566 0.7733424719205567 0.3395305420670217 0.8752160283570681 0.6950066353658599
0.15286888771086593 0.43968973341361517 0.7832121767599912 0.2308403322984789 0.34301166732969246 0.5145354757367875 0.0382746151933111 0.5660802998457162 0.484710994902659 0.23776451087232198
0.4067509292554369 0.252082094538266 0.3391557962307761 0.501734732619976 0.25199659635301463 0.7159075929959063 0.633910984020268 0.5342234203622263 0.882948072425948 0.8948680441136291
0.30743747035759617 0.23167073437737318 0.8352832811551715 0.21708378068580658 0.8886075502463451 0.2553253605826352 0.2871047959416513 0.08434164197675054 0.49879526741833846 0.2892486934357279
0.827681618383729 0.256694044127049 0.9963472210647908 0.7429230504385249 0.09563791304027858 0.31265900776302524 0.596716850429743 0.09624801581562292 0.38207778067052844 0.6645432155544304
0.8962706541644061 0.03099891752447559 0.15448753835256268 0.4453253633355414 0.6037525333057041 0.4703594172402431 0.5988578956576045 0.9517004101339227 0.4406177968494899 0.656930201056512
0.7003201810761904 0.2272995072482379 0.6099260906090279 0.4396543422831596 0.08669251788791288 0.8007649026433542 0.9532082075398386 0.011389033858168474 0.8446833054176389 0.555272499172599
0.41569862962370785 0.44139257968395973 0.7851006195349781 0.19925936277804202 0.7225525605458323 0.48078432971482554 0.18126814410341696 0.8325271691917137 0.23214188307217742 0.2840747157439043
0.8339498056792403 0.6575569093856549 0.7772519848783536 0.8861512183508949 0.4264362729876561 0.9727841616199812 0.9309774335388986 0.501645311479861 0.5250487632095913 0.20274800062504117
0.5413409975089035 0.9723945935735808 0.25316687411860206 0.8694412847144841 0.5671376542300366 0.9787532144806995 0.620988254177106 0.08985349369342843 0.21723073399372295 0.9517928223115971
0.7285806348752086 0.3966118982880532 0.14650518260438505 0.9759753754321331 0.5763868489439758 0.4217902561951784 0.993908408240638 0.35566809813618283 0.015196398423096613 0.2583691627441067
0.8614864805372947 0.9339101555710998 0.4466977025040688 0.11949538712502472 0.42804945846327935 0.698129345431763 0.2460771762027565 0.25260200820316026 0.26707652852076624 0.6850465620908938
0.5197327704837986 0.9336154369895553 0.5956984079589411 0.7057943440681135 0.7340213322254514 0.7658889692382564 0.12007012560507413 0.9523156138249748 0.955060224307345 0.4391667669962528
0.8621750244145983 0.11739691368615146 0.9249557212530511 0.5657966156071392 0.8540766265182473 0.26323016247196085 0.9664320506307748 0.2045732803716649 0.36786162011283485 0.30718580509746685
0.7556864788785482 0.20700847862926108 0.9129941911657987 0.6585191705240533 0.33239742316575016 0.5764881202234329 0.5775280841927823 0.2360211453602984 0.32616414872593624 0.6176906149995832
0.41559953603142263 0.824163031931721 0.2702583626107983 0.7718049337083984 0.4908506905034953 0.4840749722733606 0.04641903105071776 0.6825005048993806 0.8739098363757607 0.5257358845128293
0.9585240700229524 0.2182656470988078 0.361781071039189 0.3690421146321574 0.6683234156079794 0.888645016414077 0.9379728656114992 0.4739614628861364 0.2430200246646429 0.3350704632675402
0.024421465548990606 0.40376741009680617 0.8623366054210441 0.3513941852723874 0.38974144705719516 3.8846328908603844E-4 0.31180789638252326 0.19489669090825246 0.17306260005772667 0.5971957777863269
0.24938901433802718 0.785456549367375 0.8586887440323492 0.17209178279530268 0.3740731011605879 0.7587324373863349 0.19404047625375065 0.3525512939106159 0.048061893209817796 0.23862276472195543
0.9818206348594736 0.2243059246666841 0.6281355656165274 0.6249315286674074 0.3970680594018847 0.9666514224766065 0.7472185279925584 0.6540834584262949 0.9807409611281983 0.43989679079446775
0.05374053653425992 0.48389581487912425 0.7436986459263812 0.9842629442606088 0.4642433826517549 0.5778275609218957 0.8784266482958013 0.8545781157112603 0.8137851576637766 0.7197913516128837
0.42057645873771954 0.9114054604118499 0.8990455293599936 0.5775276319533592 0.8283683007146906 0.4167786960731835 0.30063759772717424 0.8507041759369575 0.8551313334045326 0.0415089468239801
0.04398232477533348 0.18931811708881763 0.2787328007746491 0.4810668563586399 0.11220454871956187 0.7486426217130533 0.021373482828734414 0.3983315709156935 0.05985978665105929 0.4588729373713136
0.9442042816601687 0.7640382227264643 0.49290355806874997 0.8307919453418866 0.13344446591766157 0.04954410539619725 0.9781659946423151 0.39318869917940824 0.8081592956055289 0.1415731340212566
0.024696378820855514 0.663427528526944 0.0745809067048464 0.29488688988635736 0.13969348527256276 0.8894796958912974 0.6278330463368474 0.9163699630343383 0.60333963005238 0.6698932114929752
0.15914700745684818 0.4828060251485433 0.5297072107945455 0.9575909660789759 0.6651322468134359 0.4346605503482561 0.9850090038299574 0.8840507326757526 0.07539212654627792 0.4594746241361284
0.41981402445812177 0.3023356468819539 0.6157514933094294 0.18101397171921252 0.4384531842584579 0.9406065377469928 0.10658975520108527 0.9041057375604432 0.9766901203586159 0.5821629543422907
0.9592489479160238 0.7301350871945075 0.28783391610432274 0.7437224480810404 0.9782140521515357 0.0544628452413658 0.7478227405553394 0.9105629324929033 0.20273775111870962 0.1845636980385963
0.38140818736913695 0.5053160864487588 0.9288102628343651 0.5764745830934076 0.18442210824735417 0.41661429553033336 0.7408494855210596 0.9771811247432993 0.771209209169478 0.09445766180393678
0.8522151747249593 0.5818595001559327 0.6116601753676103 0.931081527215672 0.3046257621921712 0.16742998004170473 0.13888183692307943 0.8892690482005589 0.6087840472157557 0.04766746336530536
0.30639213593195025 0.11446762889005135 0.22199437736919092 0.610153629826332 0.7528294216711523 0.572731662848702 0.8532799366437129 0.1416437652479231 0.5925173307570166 0.5934286578966617
0.962486148244925 0.625961495870711 0.9918275641735506 0.5638092497107584 0.9770821007542096 0.20732221695580444 0.11413520431090995 0.92195632113583 0.6888487191097684 0.052026626199715875
0.7202616637490749 0.025291842677748422 0.012369291445507025 0.4127535574951702 0.6966533490925672 0.43373483260034806 0.788213573237832 0.8022213666328446 0.05014418898301787 0.6397671264861339
0.5959345828282324 0.3167752902063339 0.4560030971380319 0.30207844117861427 0.6054725045335918 0.3154979989300394 0.275067854469087 0.5951256407782486 0.3402875955980853 0.8567293145982435
0.06611943327926506 0.3738557258140689 0.8515199258899729 0.5214199778985599 0.01125135341412864 0.4710057399929516 0.2097007871079617 0.511533635959343 0.34484138265766373 0.5938069376486185
0.40901697770155176 0.20175046152715392 0.830833316182726 0.9675848811494906 0.7488556457859595 0.6440141408684852 0.5683888946092953 0.08566068740420274 0.508334059352944 0.8770041315844846
0.9225712861711274 0.6681232788710515 0.2617453773290733 0.2764030116002101 0.1745727554036257 0.20645614587149275 0.49632762046619483 0.5968687379777388 0.565101569352091 0.27666626874298195
0.28849007778123115 0.8029099538126325 0.7648935892056529 0.14047716751858152 0.6706077825731751 0.26340237175895587 0.4479165924179108 0.022311664221325578 0.9777208691667763 0.393272221916386
0.5656863679845128 0.8492043933299477 0.9019530228775698 0.3659130714383557 0.12521545449985783 0.1714481576140111 0.2021889555351435 0.09119016040525307 0.7584664822878909 0.4436916758333269
0.017527887275433862 0.2564266259311738 0.1377846128651018 0.8393714005276209 0.5152563060558277 0.8615539549742826 0.33963375635240334 0.29577308359044896 0.16756029957503127 0.3446490521374118
0.588064350316448 0.5426835386306019 0.2959236026444324 0.0903684234647344 0.4196906159314705 0.4545067461528879 0.6481346203494454 0.8413300500652661 0.20355773372795494 0.1838827988729389
0.6800522854187647 0.2912815926157173 0.12213071035446399 0.18426175950608026 0.9027565529760978 0.9289334441110666 0.17373788280512004 0.4095493137950875 0.1254366538407301 0.022623659693860043
0.4921541301434237 0.6908543459475343 0.6753463706716328 0.4885211443744859 0.2956101616451531 0.5335332967784476 0.7083821490378361 0.2688624351581702 0.07536558875634858 0.3521396895879594
0.5373166291315263 0.7617565546654645 0.2130855368691179 0.46655190933236634 0.49944649786637796 0.7903814258471664 0.07661173213510308 0.01946547005798649 0.2613905033067515 0.5769341175438044
0.7853208282823696 0.34360115033678984 0.6159994493293424 0.19548712423201442 0.25911386267055514 0.20639352305979008 0.7648172034995042 0.017940677178717834 0.8691829228495169 0.7905888773675536
0.799257791361682 0.7385513726501116 0.994052278515889 0.2310958366107938 0.5946405571562533 0.665055491930315 0.05099252147814215 0.021595312375172093 0.6134516691686437 0.09819530100762319
0.12075870112522624 0.6288311700577435 0.17767706997909039 0.7864947637048304 0.1127039902086091 0.20816708969005515 0.6147783790397374 0.6394211017461862 0.5276726417712091 0.40090819923452237
0.3078596942946741 0.10960697209319181 0.2676774589988976 0.8120515339011364 0.08780021761757717 0.9135975817687417 0.6142182469739039 0.9165421528448271 0.593603625752324 0.05062552854523916
0.4511995683384403 0.8227768307000703 0.19694225507037444 0.4002062096051261 0.0437578684754516 0.5340104187599857 0.8378502594330117 0.5318845543014616 0.20090885041770967 0.09148481549088727
0.6507466195978964 0.7442536049629624 0.4477785475155358 0.257513928850843 0.5734456785948698 0.7654045730060413 0.9122822568462382 0.20242245263919423 0.22653912446676772 0.9932566003486164
0.9914675472833836 0.9961502257270902 0.22650979968638274 0.6317538546678456 0.504338916503368 0.5734980819603006 0.7531650261706029 0.5877066191158816 0.9608333542693713 0.2414046996279955
0.6304525394023008 0.5330919858263217 0.7807174194475752 0.7273090790150604 0.3994497374602666 0.1089190004382583 0.7815283941506572 0.22956601059662463 0.8632931348640251 0.8493018123708648
0.021283001041309424 0.9240469089552641 0.36604088895897957 0.03817403791423202 0.12952963706475418 0.9054722512367317 0.6309391391616921 0.3761159647921668 0.5894205571387442 0.5976856765949884
0.32828800269182234 0.03105572737986595 0.04383321124559503 0.2539938130303453 0.6690808135577747 0.37414441778792085 0.590170155066021 0.2868608602548913 0.22781598497983724 0.4608944169434074
0.20131974376838568 0.8156593103495547 0.8863577738655586 0.10770889912061687 0.8643608445815135 0.0018441755936713378 0.2604488286881531 0.23521983910396105 0.7639459736830947 0.4528308157131635
0.22145373896217568 0.002390964728251954 0.8538996049090487 0.21902077268593756 0.15813953111265677 0.13913060621021955 0.4584196021520315 0.6828348125757804 0.4367757397606562 0.8001995028316274
0.12337092655780602 0.9442752266507702 0.11256268454986118 0.20948637344982346 0.7985131409382019 0.14445473922040453 0.3213741059872597 0.3412642679722191 0.5731039310770574 0.5366924282326728
0.9380258277908798 0.8938291604072736 0.6101731799675083 0.014191775911232996 0.025759402824028887 0.8509614088899689 0.6288629968460462 0.23397972288048452 0.3213560528370608 0.997939849116451
0.2695813643027043 0.4386998308341362 0.5012725677076041 0.8613774198116291 0.9433180713408512 0.5710164270776962 0.2564177986159988 0.6759360888753496 0.31432328518533714 0.2998011758158522
0.2666645311029491 0.146017844137458 0.39445113716743196 0.13293700341451387 0.010918348347218276 0.966818154740298 0.33782141902139207 0.8784888438115369 0.9745415938947682 0.29666657150103226
0.41605487074167224 0.3341543435300788 0.22315708899611775 0.6313686546911462 0.3271885946383549 0.23432215719533744 0.5003327334565587 0.821302615983516 0.9454798640480682 0.1647290157320922
0.976374982410242 0.29331256532947314 0.8546581301399889 0.36662144668955843 0.5264351780952996 0.8919800003903172 0.5237866793258777 0.09549115739025471 0.9483602246200863 0.13864369226696316
0.7827467993115744 0.4738685013304438 0.8441943548764992 0.12157738850231314 0.3334589208498635 0.5833208912625097 0.9839666993606916 0.6770240127142657 0.3933069849687465 0.8777186975474353
0.8463747218909558 0.9983235893984709 0.20883345209341175 0.8679938042894673 0.6882010905375254 0.31916188466878026 0.10062424625790345 0.42803128069870344 0.9327774186045965 0.8570051212766315
0.9044043820254178 0.0019976287863211484 0.8875352373411681 0.7740756472669027 0.158716575344935 0.4553239781078118 0.8016612080998518 0.5157623239477339 0.15615671786072094 0.3047261802798965
0.05709969359184275 0.5201485594462748 0.022991563049662656 0.5870579624588939 0.8496229056202456 0.9573798274506337 0.3210859429370285 0.6824572358125238 0.06141506756773041 0.8538816685387965
0.2764176073017093 0.9941600225980368 0.1525935660609854 0.683978216140083 0.6300601546455936 0.5055201759923765 0.8063170517440458 0.27025053358820217 0.2803657341524789 0.8841873869035466
0.7506064236515577 0.6240125690351561 0.33918047719620203 0.9840598883474561 0.6497316069381035 0.17857232795773448 0.9602779044486429 0.30754224253730333 0.2089934152666536 0.7204844401092042
0.3147963319896663 0.23380313524247087 0.6689565157611561 0.20778934287926498 0.3863183535500715 0.5931414329927825 0.6786658112248556 0.5792736522126205 0.8373318689742532 0.47323351883734277
0.13210546439842885 0.6050752749483642 0.059163919153993105 0.9799483549002134 0.9281358818689579 0.8064956263938912 0.6590794935587283 0.04358147731458761 0.7713711134872927 0.4816705948881508
0.061090061070513735 0.2607725737573481 0.06993526534838113 0.9137911791037575 0.6011170979322485 0.19303551190952728 0.7057631010481634 0.9098530602114594 0.4825082523397961 0.5047441273922525
0.9540868084353625 0.9204544866962241 0.22450487920972373 0.8165806393863261 0.11097743078748556 0.12494976596170271 0.7841114082831279 0.17486795487020457 0.4512856426529298 0.03130573992930463
0.3609184650115853 0.5928708282873526 0.9840536134104866 0.3362969675253209 0.004783546968241015 0.2070655612121406 0.09844615578763038 0.01921471687046339 0.5378740724343909 0.20954112302621708
0.6004754405683512 0.9010539430363251 0.9754297292829197 0.867109467395448 0.829270911637669 0.19118140202887135 0.583702309262495 0.6183661619979209 0.5113719304408564 0.8647770176071188
0.9488827030652599 0.45185713132144745 0.7624976490782005 0.06688006638395072 0.9474267382579858 0.5116709502386617 0.17847476416337116 0.12266018826945646 0.3060424857491313 0.15119032880462024
0.2704810167914615 0.14857294358290718 0.5187036122134414 0.46140051085234235 0.5944880591952671 0.7053483601010152 0.2484051237086895 0.6370664343987626 0.8007647053569097 0.411299760514531
0.9829786100320622 0.412254312989232 0.48652720862057786 0.9432298186859542 0.6371367510017834 0.1960877177749949 0.1733008640170508 0.3922493841918364 0.9970173316970227 0.4702919590327962
0.9502827293354962 0.513113703515777 0.38884944646642117 0.4719949539057743 0.325972560671673 0.008219999613013562 0.7199655388567894 0.17841640875975184 0.612565408529298 0.6211991745340969
0.0882349150125965 0.13449170863899873 0.7310756732272669 0.4800736558501676 0.4850954146005111 0.7201406643358242 0.66988920550334 0.8262422077949749 0.7277123505026063 0.04080521793674163
0.9554167084618299 0.9930919303114457 0.647394089920549 0.7430446483976733 0.40074781825510886 0.25682648147043186 0.7342467370301576 0.7063905725399919 0.08668237773828924 0.972138615481254
0.8921506433810255 0.7433281171270821 0.9992414538283573 0.22664447444131797 0.6934937448257223 0.1511840443775534 0.9987375374854499 0.10053572359874652 0.5396980971609436 0.2028660350940722
0.8277099279231414 0.5016950524426285 0.4314276042583045 0.43781212491944455 0.6785075249453807 0.46155930217515606 0.6314662360111463 0.9201727082604505 0.43602837199647315 0.7233038949654453
0.36360810671050003 0.46816220865050306 0.08710125123698143 0.43146093112705663 0.8325017499419213 0.2266807815454902 0.9452217553037908 0.7408727324127895 0.27224298913714395 0.8547214993151162
0.2778312834003229 0.20292141677786568 0.4356120114682632 0.029741449499314676 0.6430545224637005 0.8582641266911762 0.9212020671512596 0.933090154065166 0.7437870465035041 0.06784300799009568
0.0022886082499893323 0.8737521727501996 0.8892515614467735 0.24772748906367192 0.16913921698541567 0.23207505689759833 0.2176176829504215 0.8383860014801495 0.4255667258868784 0.4608180029022043
0.6780068547249181 0.035273001391023295 0.4908784445123331 0.9677702588654439 0.3961804542020362 0.03515639685429628 0.449977164807707 0.32235281599992727 0.45543582731643095 0.8113994698627832
0.0672205067512971 0.37803064781205553 0.312711229500114 0.7214505503740096 0.9337465570221278 0.5830269372164077 0.039627900925443216 0.571082471871197 0.8533261377797039 0.9637449372664548
0.32917308836705617 0.11246337623059377 0.38840255922368416 0.008466927889746012 0.7409554094718951 0.33692901139429277 0.28583214331061757 0.9533140082583276 0.9714395889213749 0.33836605178786305
0.5809399828936778 0.778114293235946 0.030295035033466533 0.9694049317822278 0.5388567213294734 0.5567414014957192 0.07996848291327374 0.9901596340117664 0.2337043622227003 0.6746490234245845
0.35281812066127505 0.9180412342581081 0.48905008678628814 0.8257415242773926 0.9986226902902063 0.32721072981023924 0.1071488236419994 0.6313843165628769 0.9350061159483147 0.9175258415999813
0.7998469290998669 0.18627242173696368 0.7742942620428098 0.2753757392608813 6.209440460045457E-4 0.8290388060566785 0.6825473553502548 0.8825866051379263 0.7850766091070125 0.9598990716715466
0.5899880025800551 0.5946195387782622 0.4563355285534072 0.7832924546294746 0.5167713580823481 0.5055723851055853 0.962087601861487 0.4403934043515142 0.9040206070438812 0.8450351008467119
0.2016897788212858 0.1145323108080285 0.7472771252635491 0.3106378758201944 0.45454238248837353 0.3419774312471998 0.017992007163896484 0.0301702824488449 0.6150768200125707 0.9411946403330298
0.32841136236126867 0.16843870025664887 0.6550388219143314 0.6856157064208861 0.04618480341415532 0.04656798824303443 0.7503542138935337 0.08810927812612213 0.0972532143665783 0.5252432576029471
0.8077146994613298 0.439763467267005 0.5090480970929853 0.31842584376253635 0.7051234038098556 0.5512528548326866 0.3407614939073521 0.850367006446943 0.42099119795867157 0.48197629836928446
0.023422263189543435 0.24628196466909014 0.36797638374182684 0.9103168106269836 0.28974072895883973 0.05583592795206849 0.6706119511079931 0.6977881047420202 0.8121604784691784 0.34863262205756884
0.8298661108819447 0.6304968130461256 0.38728247974573526 0.8921852316515692 0.2031336056135984 0.28326343938988563 0.0058036424988244795 0.2253884718008934 0.9947564100430767 0.4449092754726496
0.42933778210865836 0.574299563931175 2.4430559910304517E-5 0.5676300997355266 0.9589645581985683 0.7220752894928133 0.17470819481425548 0.2590420475175742 0.9250772935889829 0.1412008488849732
0.21252701850478384 0.9223989393696072 0.05407818100396833 0.9236856778120933 0.7045578059263442 0.26864445983365126 0.27469540928686176 0.303690371791696 0.1274413201978205 0.5733763402859776
0.7151734232456565 0.8570878145255794 0.8613438819627016 0.23246414478798538 0.6123141563365814 0.7837508400154164 0.6739845863836524 0.3819763442106908 0.6043234941941575 0.030897625997293843
0.6236391812752742 0.09123588257895399 0.41164385676041304 0.39961521784238063 0.13188388490462755 0.9122381936613453 0.22343061255374164 0.19172062578439097 0.05594319654654256 0.37432929072957655
0.20205597266432362 0.40040804770622784 0.9508580869378317 0.34995563314496936 0.3940013640480905 0.9256695573179601 0.35329224162806716 0.08546153786483746 0.9927250862838074 0.8042660617639076
0.8416450725372646 0.09032436933143606 0.337569189082104 0.984064177107056 0.8312429787559317 0.008881013086020628 0.25249586842745964 0.7438437441204806 0.5487305799295286 0.06051388414842995
0.3294199527476612 0.46221953353078216 0.39638584970699187 0.6274287204454289 0.5431313694283627 0.07311062531337154 0.9649351565390024 0.09356973886463571 0.14827703000360004 0.21022863807254966
0.2825443417433251 0.09388314357002947 0.15359904494444943 0.7393463195315472 0.49801510719963904 0.9200526003600722 0.7946021935738548 0.1046463087444327 0.08781664876633666 0.9469952083763692
0.33305039623249943 0.6742393485727107 0.8494338602764546 0.5938206119379805 0.20016831271092328 0.05997988139006594 0.39761600870520486 0.513619245387491 0.9701509427107374 0.20799650062146424
0.6154600420346193 0.4183607810836458 0.9015604558424064 0.9088934270529754 0.5288655250524823 0.18834666155058377 0.8164163840829461 0.26036849218004565 0.3707484937147043 0.6900761480855907
0.9002613232914045 0.5300316851888477 0.18050432726624066 0.03204797719693708 0.60121148357455 0.8124984949700814 0.14456033538747792 0.8249346537936825 0.18197747642864515 0.8523696282023112
0.025460766192865858 0.38073016901092993 0.6360676413122893 0.41349961651192424 0.44977852711364474 0.6848861202523021 0.6178625055139624 0.6149943513744746 0.5292492831630569 0.4061149075944026
0.7559757266508443 0.7256676354296966 0.27487514324062834 0.1704534934511155 0.22029346102397174 0.011225345222825478 0.5303470884993874 0.8193443250193327 0.6953101906320948 0.36223526645312387
0.698986340975214 0.3959047842833381 0.975856698174141 0.5959792855661911 0.3675067292944404 0.15922054915567885 0.2460407368077293 0.5215741444055705 0.040251753154214476 0.013411670689517874
0.7281995264873267 0.08528571871132973 0.5891611664856126 0.3563851558795743 0.7958878621835337 0.17175085430342574 0.6975741447909419 0.5026012045273078 0.8334037321605892 0.9268600378041744
0.5300770760071506 0.514844634387701 0.09407859867013724 0.7893431745045107 0.0959557280435237 0.4919069512237022 0.5605373725329383 0.7706395838699146 0.29041329951931993 0.10224865002237826
0.3423583868189356 0.9064228674812348 0.39556738496477706 0.42812555126479324 0.4600411413738198 0.21818961776222723 0.902339988131914 0.9903266112373297 0.9589158220099021 0.9696111330021074
0.8747071554267777 0.16058515823938957 0.17260519020493248 0.47988492949061357 0.7193753124679418 0.03688940706504806 0.6128759440996847 0.2651132445618506 0.1468040533153233 0.2563319585583924
0.40119326316873327 0.8187738385967371 0.3135955432550206 0.1508023805092673 0.3770189373565713 0.9136381932710718 0.6216234566287168 0.11274095189478905 0.018869784787059807 0.9100303893016224
0.41587486170025223 0.03133548780204809 0.09637988933897823 0.18911010591490518 0.8708306188638083 0.18395736882951153 0.535086512254066 0.4949011886208007 0.6843114712459107 0.02329738695181882
0.3203863339830135 0.6650771496328702 0.8080681375417907 0.8875748972974411 0.3930849802027697 0.9580532201604914 0.3359956919588851 0.7793594725771069 0.396189622436542 0.9427246526764527
0.8437039347072668 0.007956833548484754 0.8210708205981851 0.7072287167134517 0.9272767954157196 0.6709758628448199 0.5708463328152416 0.9643983846646564 0.4244059056280468 0.6626068284069049
0.2098163421585304 0.48411337221351836 0.8176844923041953 0.13930606331297002 0.20000597848491553 0.16654434581441957 0.6176994701542319 0.14799489005841104 0.2393475637161936 0.9853243114436051
0.1026615698329727 0.4275462613426366 0.4107615613216776 0.9759712693364656 0.6516641755134596 0.23124541100574325 0.22737203376588178 0.42242382238469434 0.05026373273127205 0.38607552139364465
0.8163185813537615 0.40334228333102895 0.5699258904746718 0.7040932455007057 0.4221035039517682 0.8998652174465225 0.32698301827023923 0.29182315524371794 0.1301395335243115 0.7378016159990618
0.4121005533927674 0.2655139568928673 0.21213997500557502 0.7397772084471093 0.547850950846684 0.8732636641054561 0.7772195402318087 0.5966429767678753 0.579845768197338 0.0494348497987549
0.47605108602985946 0.1324927070964136 0.9359777842090976 0.9824451914047682 0.8501495319892997 0.8339255642020476 0.2986767547302348 0.36393257125562983 0.5443312687808953 0.7417286966215872
0.126684034119537 0.6054580247561414 0.007623496577011002 0.061944176836360665 0.33570253771323155 0.4583240075223828 0.4963749582203796 0.14332310864084952 0.40138050797025304 0.15274931686637772
0.16304562043365212 0.7894595342637881 0.38343881369530575 0.38455637245034424 0.765129856307265 0.22643510505429676 0.8863531012038757 0.22069016902140337 0.06089383521040581 0.430595098350783
0.7698538347462199 0.2693028490080992 0.27208483087159085 0.9361150343347949 0.5016086937159019 0.26580138844881906 0.08849606261948895 0.6883066136715974 0.40480333846399175 0.563170179072002
0.565248409288708 0.9861502161181094 0.6949382894284312 0.8830443686845965 0.9208751415100598 0.06633079859491231 0.12301095992048361 0.08342406387757872 0.6827743817405488 0.4210928607283244
0.24635370986215133 0.6295828752453675 0.8463189165678677 0.5135190559372224 0.8337502370690861 0.9166392396300942 0.714890496134077 0.15637641909873723 0.6780540370495833 0.5854225210108405
0.8703318525510363 0.4544629251888971 0.1373846079858233 0.49767978519566236 0.2867866775071801 0.8754264685586022 0.05507813896833169 0.09233384027765834 0.945623856246246 0.7103170930732998
0.31892151891843445 0.4314164593159542 0.4351190296636269 0.9126725864081034 0.21179946538676553 0.36246529140381645 0.9257933629617077 0.0637265726861761 0.8787368850525691 0.8735869297416868
0.6007856420854145 0.0013672496967067627 0.6894193355421704 0.8980523726764374 0.09036022818015987 0.4717639946355622 0.01062644765274201 0.537205535265753 0.7106308249425783 0.015118175874363704
0.9196150769071489 0.9136294271911822 0.33880514591215416 0.18078349376955782 0.687339621286674 0.6409284505017575 0.5707337430947276 0.0820402842917527 0.43949921411256776 0.20214988179183546
0.4012714994513109 0.24709733607788742 0.2637529633865332 0.3657807230254658 0.043937647221281684 0.7004335665591589 0.17304576180902598 0.13642150330892888 0.6635862543131013 0.21738149368311255
0.7578387331958303 0.6366512836929278 0.7342762317682188 0.7348929339814683 0.06414034952636316 0.7472630057418072 0.454255746904773 0.972716573277742 0.21958524767239107 0.294962496610332
0.15095322099076114 0.42175668025616553 0.5964098672347341 0.0697877944108728 0.8910930308620405 0.9901701494609081 0.8480251048931864 0.9789200738978712 0.5745312582943929 0.7627994264861366
0.9849882777103818 0.19922166501215866 0.6351325973472531 0.5258268710779529 0.7665276174529931 0.277749824865124 0.0979867589471819 0.9360758663191989 0.07537472399389 0.7476603255573472
0.14948912379408186 0.47317265278691467 0.6165115636555718 0.9763275788302989 0.5652864958919928 0.6028219754782824 0.23454007885514805 0.6431731642506141 0.31081623875679365 0.900739044283776
0.3797346809457177 0.45660829671542513 0.38014257128098583 0.23931902746812972 0.7694383700266136 0.46265939205573803 0.4710216220730228 0.5229140968610432 0.08931606153493787 0.5722609267166762
0.4076018489347917 0.8726279514403656 0.6580791759650408 0.739862901048466 0.316894793076562 0.6078260208971958 0.33964767350343383 0.5629148478185566 0.44112598625869426 0.8490989195173879
0.628317358848035 0.9399521088686073 0.12530360059527645 0.07620581239054536 0.755351279089851 0.8244245086052007 0.9578185506001483 0.5145634387866105 0.8695163413243104 0.04207095900349289
0.2616159686363384 0.7951352091902645 0.8294371150125067 0.6015584851171254 0.13445542563518476 0.9351147516869232 0.9122410627560137 0.9212673546678536 0.019002829537500987 0.32058604327941986
0.7908203010597523 0.9195188275992073 0.3469744190733275 0.03738281417051825 0.46113711204463204 0.9712052779681389 0.14627883573951128 0.5926574615214775 0.41135166216814834 0.32069747868176934
0.6260809552714085 0.7972101694520101 0.2161520610201404 0.659066894468074 0.6619367298043155 0.3374169545652431 0.9125186396534638 0.2230756849946116 0.7916253989674544 0.3556349345739329
0.9672553390227149 0.9540507979859268 0.802031941482417 0.17925197179351227 0.38197323758349966 0.9666726259623295 0.23840885647213073 0.19108723995228616 0.49781285892117955 0.8208727627955105
0.1995735373231985 0.7176376820307814 0.36004252349555566 0.8644497256731325 0.5960733209038793 0.7267051975701796 0.08177289165970836 0.21967509100616534 0.6430776520473137 0.07222772495051943
0.5063784729853473 0.8240768045142866 0.7357325682209835 0.0016768795442793083 0.6098188109810819 0.3037509446454879 0.011939907154570273 0.6501738630746403 0.506903310669543 0.35696609688213443
0.8459999910116602 0.2855141964675936 0.6296458685196927 0.7564899811880522 0.23628278952421744 0.13958092482025986 0.6312062355284767 0.04098086535452461 0.5510697693448318 0.7641654329247795
0.8355172856364727 0.4589512126673092 0.3789345178328013 0.9830032539601792 0.6005483313317166 0.7532243619621212 0.2935073942793267 0.6768722625282844 0.7922567998371945 0.9294697423900391
0.1871954217005658 0.8348888696876667 0.6766315278013046 0.23931569558306987 0.45440592098241694 0.5326775751884106 0.9288331533119979 0.2267033217422848 0.7120481155224028 0.7568776793118497
0.13128789912528604 0.8355587658794282 0.9335643023315685 0.2854906169684507 0.08669332616146341 0.2575252097427847 0.8424679761820661 0.15485994032370465 0.5072457093687266 0.410410487523706
0.1623437999707037 0.5966153505548862 0.15800044143134095 0.6811693746903827 0.8524896925155957 0.7117011722979296 0.33012842433961165 0.8416546513984388 0.7718589950582048 0.5636485441443815
0.5989328539486132 0.8510343939015645 0.3086866117895001 0.8195399463386849 0.18184271947721475 0.595687430450305 0.38915944783202083 0.5446536383385927 0.8532002979269361 0.48555244106188333
0.9357188969288047 0.2655644470606795 0.2955120683987783 0.22532119725667488 0.28405835686575565 0.9565168466944624 0.970933791598652 0.00952921799852613 0.28760675037393846 0.1751746296943627
0.08211185971570878 0.8525124300181003 0.8392643938009664 0.1763916214774055 0.9581051514896742 0.7573615258715884 0.32238493436839877 0.46643554693173295 0.24896245539177364 0.9524203516828963
0.06647310168245579 0.925137649692413 0.6416327177368936 0.47953847415233763 0.22779501491952625 0.31972857124397436 0.4202365331352744 0.0052022502806742255 0.6410739507254003 0.7616608164142845
0.08532916541614533 0.8438326126041024 0.09567135806864979 0.4165067354879447 0.41963661200762403 0.8319520432145915 0.1781293576847094 0.5670603079425963 0.8418480554344518 0.8725872305032276
0.29267725355887053 0.9510600607159596 0.6253994837199102 0.6811878771269853 0.7222819340188139 0.14748904593345713 0.5757849627016774 0.5075061604697948 0.6250473957024212 0.669197712404082
0.057783292337681424 0.38229563156195945 0.6742463658758255 0.3346337516935264 0.8430898276847277 0.7433522193868404 0.6449929251725149 0.4377525634407209 0.10919409662424895 0.13233399137972335
0.6265416173995592 0.2127208988435746 0.06194648081814136 0.02196063122835168 0.6964253583791701 0.0988150721459744 0.07710745657706086 0.7326076208701222 0.8311206277931621 0.35095483118531845
0.9602757102027234 0.8279736611323207 0.5476556305056629 0.6126021803233891 0.9099420646519591 0.34141485702880014 0.27155279875706984 0.17029423692358414 0.03501823184800079 0.6777025298676536
0.7087244075017453 0.7428678937454123 0.8260409855816176 0.059375627928989205 0.562416122364067 0.8234731890223059 0.8083534486024108 0.9425232776154706 0.7810200495724695 0.788761466141047
0.7159172496114894 0.9137464681377805 0.14855519221190971 0.21717317381441348 0.9160107519077737 0.19821235564095196 0.4368404634151434 0.11703969262479241 0.48791975794033215 0.05812850847322537
0.5268608526809379 0.05525214628076025 0.3128292450713819 0.041628562622200826 0.8765549798740999 0.49853943480105634 0.767475835406708 0.2539747681587401 0.4632282730295201 0.03193705646988776
0.13072221750916035 0.5661472010698235 0.8610225613210283 0.5028166227128021 0.6100668138916215 0.950302947046126 0.4273495811343686 0.5538859674301655 0.9742027478421321 0.9372532568682166
0.666922691497389 0.4548580123308079 0.13809263130140215 0.5280202769316774 0.7179969420883143 0.620025993059264 0.6886264598258388 0.7596992166019392 0.5626550956644675 0.7077719214005604
0.2617819413597048 0.5252660559419845 0.0014529391688986593 0.7380734370128208 0.8863079952594644 0.1776342288406101 0.6524645171377171 0.23536434900302938 0.8943038010291219 0.9101789242028021
0.23574386671888858 0.006642308923193396 0.7656671011944435 0.8991106338276442 0.1864468098096569 0.7985064706783479 0.32123737863721613 0.7174943334042384 0.20333271049568713 0.7418474128056439
0.008560813632913722 0.5863743218771063 0.6840927441013275 0.18919986231457997 0.6345556824722407 0.6153791269146038 0.1249277603068698 0.27730845957433214 0.7909580150154053 0.30334481826412585
0.46902552517625007 0.3062458544325336 0.391279805077422 0.21890895872765415 0.07706326541037212 0.8164610036646885 0.19211233359806623 0.9616917709799907 0.4625886071214076 0.06642506459499564
0.906959869273586 0.21659514752060482 0.18610815945294523 0.4660811697746057 0.5373900270972649 0.9569137167856185 0.3339395411588696 0.40509344251612256 0.8441386719501033 0.626367118790744
0.821359466591079 0.8299296642472175 0.45990881125128735 0.43582567527465654 0.35430676196754785 0.8701010469627156 0.005954725743994471 0.7474165917637642 0.25987622930349674 0.7914217912385415
0.7161438658950405 0.8868614985339703 0.5530649831234798 0.5629398666713735 0.49504056798730167 0.6243098503061568 0.5457105918911622 0.3642297356025562 0.04065765720031034 0.9945976825749656
0.0232858002643187 0.43102689692267127 0.6478728507780527 0.08977433649117672 0.5161919621302885 0.739722886413255 0.5751092647851032 0.9499043818589901 0.47441958276836305 0.16502865733648664
0.4047301337089878 0.7025658538966548 0.21792072861209766 0.9101532006637251 0.6566998746963627 0.6571301617269029 0.37976508119045127 0.2051335636952999 0.02541507937388998 0.14682253732777995
0.18512764249933733 0.4964910904891502 0.001210551652683689 0.5297268484542512 0.3163826747828584 0.6101781977985564 0.31089692103162536 0.9093118536913873 0.3030552145734293 0.6598186620904338
0.5657884821647358 0.815720363541627 0.3451079024103617 0.7935338956054998 0.7410305672716077 0.3009769918805498 0.22901737786329124 0.22518622928959398 0.6266381669984706 0.6444340584238378
0.5283213129463182 0.3796598541317555 0.1885087122496918 0.13918888404426788 0.593793476157061 0.3968385350128564 0.8567734044215363 0.23587090559404167 0.9331307941711832 0.6852289314879144
0.11920310027137604 0.6571097616156378 0.4560131341615701 0.6937167451936288 0.43898675876480775 0.964160369422484 0.717622885646891 0.5787324820864277 0.4390510525209945 0.4565751366738071
0.7321880174567317 0.9841426111383784 0.4991924823993318 0.216476692645598 0.14783910792865673 0.7224704535591255 0.397643859199197 0.5708998512427738 0.5750468368440131 0.7485911405190797
0.39529926528562476 0.23883438455220218 0.6431336869277482 0.45083300545528515 0.20867291389939857 0.9540148243320186 0.9228297616983511 0.9494576887475135 0.6467688919543335 0.41016774370010534
0.19756889205130435 0.788779794306175 0.2973901711337551 0.9623404894993168 0.6921987086813881 0.13672604186308457 0.5400174110431962 0.6360999553206931 0.7750040316566212 0.3644233713905133
0.3352387963887671 0.6458034558831673 0.3374194990620357 0.6684436783609206 0.6948145768743452 0.8038086185965458 0.5255349279430102 0.21962283033618946 0.4718107013797739 0.914402348232284
0.7484721349354042 0.17491019249605144 0.12683835446140734 0.48939365375159904 0.9209393560251046 0.7724937858142368 0.42428688603850817 0.8967292322197192 0.7107457910831337 0.6454857146909453
0.5915401654740543 0.3591538555430249 0.1567852171566556 0.43574137925394696 0.33451684031871654 0.05685306485680097 0.39897430337958906 0.7669248272944602 0.2444776740000406 0.9561784528762802
0.41885772806081834 0.6447220426578317 0.553893620258011 0.8859707939834898 0.6280688622456606 0.39214278896774635 0.9032709609957345 0.8136597548679863 0.8615613905075853 0.2991406791924158
0.7661802776862517 0.23523322465317376 0.8335035951970878 0.2683202737503154 0.4463385211867309 0.08633345914492008 0.395953611690239 0.8722892524038873 0.10844444428313982 0.6061511199263149
0.00391099285820673 0.40325237264878444 0.13356934109148477 0.14145236742765843 0.6350657022885763 0.69173318196427 0.2002569058375151 0.9649883335159973 0.03854282523513286 0.6988488610136372
0.884087111949942 0.8007002555505061 0.5941678023958098 0.14535175386398091 0.2413107513441991 0.8975478068782431 0.2522530481338686 0.7306913975901224 0.7962632162097186 0.17445181432960377
0.9936340060892835 0.8166386821861169 0.58761697004378 0.1707571462337557 6.590245201775202E-4 0.802554040110442 0.44513429548264394 0.27978514766052776 0.2620636313248801 0.803169320950975
0.4664331927998907 0.01745947055292918 0.648137165825944 0.6547935703277962 0.7423809417666728 0.8836527964113383 0.5873152412113825 0.722140491802799 0.740081398765312 0.7108163279471682
0.35130925094363563 0.45551561847866595 0.3940236551221069 0.2626178713499384 0.6131094602022157 0.1568894930824818 0.8788111570715817 0.24472848325706442 0.38067586318971325 0.9534228193035793
0.24099231902448892 0.8205613158257645 0.6288568857870271 0.5482980995960215 0.5528644703626004 0.18668118801596278 0.9530528229989959 0.9212515484062862 0.01772555264994624 0.7557665014650581
0.35036737018853026 0.7849883495904624 0.5038985440377571 0.019419892041652398 0.7974673472034683 0.268703031497334 0.313955930545026 0.21878773639328697 0.6390968906906822 0.9962158909942135
0.6059226746849342 0.537862836471364 0.9271696859976691 0.45377565097344974 0.7748376748059609 0.6525085092643538 0.7575882160483949 0.3013674077619938 0.2759056933276235 0.1176566588561615
0.34041696099356544 0.07140402631188425 0.8245727282630171 0.2557960411595792 0.008761773869366385 0.5199682634597487 0.6442098365915488 0.9217814277781683 0.6226850672257613 0.7483117895886717
0.4486916871349961 0.7621582443075805 0.8567127401537172 0.09610672646759033 0.1450077719876688 0.36161111094684506 0.6729650570361432 0.7229838039633142 0.8201458071233462 0.9748093393130668
0.8766708676407242 0.7411808766832061 0.436838508855924 0.378835856984857 0.026800397690028843 0.7396642621511047 0.8043661516290208 0.7495505204183155 0.1317790815989215 0.548874476147401
0.813459107431118 0.364652594048648 0.49872096185938053 0.13528704602495023 0.6284464760411528 0.3668716448138677 0.8243470840373764 0.5862682238491834 0.5151475822991688 0.7826295133809736
0.1167305079035984 0.2482443149813307 0.2496057156150021 0.48468055158904655 0.31923655376795534 0.21499243126289935 0.6006141138707957 0.8116515295363775 0.5715033228189373 0.5278998159709625
0.20808661873418488 0.11306591928360932 0.8870336245028431 0.6463274271161178 0.2896761653065568 0.5753523375309277 0.6529469263480976 0.9737530541921586 0.9996465793391556 0.3025000962677833
0.7646655189897725 0.48415803341457586 0.9368541491337214 0.774439540259009 0.39678651657161146 0.7831605863794547 0.25279717306404526 0.486888252496253 0.381117103325617 0.2596882647606925
0.04604368057314945 0.7883191891348028 0.9138276754929661 0.33652062783955616 0.24594820499467063 0.6728697727732867 0.8459037104595777 0.21182251103557492 0.9864208308486634 0.5624258909262884
0.12455361843611312 0.8988274512340139 0.5496130492612975 0.9167785008448903 0.047956898546871796 0.8171195268443789 0.3197363504418591 0.8476645033644291 0.8717130959853723 0.6665014627868797
0.8288311554341994 0.7806677917080793 0.962578621446224 0.8232253313327553 0.8991555512363252 0.6083702653993727 0.1335552844404443 0.03840160528010261 0.09096412195598313 0.7088069292990953
0.014120812298192509 0.7896914833352751 0.14979966105202036 0.6651929600032379 0.31036797468221566 0.2399259660643347 0.9140214425467225 0.5160547998954286 0.5920462225560839 0.3900848131118225
0.1911451979527511 0.8893116946209924 0.806975119750589 0.6791071276892011 0.4406725269815468 0.429517370942895 0.06802680960132879 0.9792947701590464 0.711437408795497 0.5143866496776364
0.38385008828292455 0.6636083554475395 0.17310078180176014 0.37489503700598237 0.9117360145039739 0.1799450867510468 0.7542741927446538 0.38265370224036266 0.9995011385997428 0.35752688376618036
0.853856315106235 0.4489263154974884 0.7529911709060987 0.491815372804003 0.8275166957809751 0.191568461508421 0.11678469317647178 0.1069107161127405 0.9678634458649273 0.76933375271999
0.48790220032429565 0.17817933426834243 0.9946826914544767 0.057405854197357775 0.6958035913895636 0.5128948501737128 0.6507392019216474 0.14367866443619626 0.7766828721019275 0.9329659086459876
0.85897935859418 0.9622215506211981 0.3460455799007971 0.8813634994355162 0.03857911378780199 0.2485307875675633 0.5307811185834254 0.08264909341486915 0.6001311316397021 0.9005814067921438
0.36041906210589725 0.928044513496433 0.3443666150541149 0.26035920646790267 0.23698411004663567 0.32677327504830234 0.4741595695836962 0.7924652654954214 0.6038420738164482 0.8679420094475533
0.19616208085055675 0.1295505037114899 0.21615501954973682 0.27102000577476915 0.4362709266407313 0.47875126930710743 0.479040605080976 0.2680137221244566 0.02222806105065056 0.938960908624339
0.1642571598769892 0.2567223875651913 0.7970078416403901 0.36568711046895475 0.442212645096111 0.2919993016345891 0.5182466874963234 0.03840798371621579 0.5733220278590679 0.2407337033972321
0.07182158176881781 0.5347542141258551 0.7912143904886721 0.2163055667731658 0.4817856554772749 0.8965090022216667 0.8800175119469508 0.7295561498099082 0.4342209074792106 0.3843312276858951
0.6989243904225539 0.3458553078110056 0.5491690344125144 0.8612712812361553 0.43947232892853016 0.02163605002772706 0.4326537930297991 0.1195632970963808 0.7144424338897092 0.7088056398165481
0.6199089875930751 0.27084158640267675 0.6720131915360819 0.2617319157576937 0.881278345141301 0.6568428694964374 0.20477900479317102 0.15904219452165502 0.0038549018027145276 0.6058202079110724
0.9804706759762125 0.06126146126691967 0.08477908717717042 0.7593086893040755 0.4596917003994748 0.7653555616753793 0.5762160737308345 0.6245463841811582 0.28571037308680514 0.6885339154924366
0.8073850481961661 0.469769211486066 0.432324982660807 0.6162059475203372 0.4756139697066927 0.6727611274773061 0.2780451207892294 0.08277371343920548 0.6462455039056019 0.1574564210656828
0.33830927800463184 0.41898267740270445 0.13032080916616673 0.6090537329448201 0.7321851772118195 0.19584209888243775 0.7193201739432483 0.7450165582881391 0.5859759515533145 0.5226642940836367
0.6478401978074995 0.03749819667909915 0.4833819160860492 0.4155626823773175 0.8279395809552198 0.932143820455159 0.7603440149092989 0.24278607992880696 0.8529864341874158 0.7888858764719945
0.9124218367361804 0.07455716621727626 0.5041922194356229 0.48226353239793274 0.6335353840410037 0.6176207470932837 0.5096185360890065 0.8419605984946104 0.03712680553994174 0.29849770502700057
0.6032946346760705 0.8886707448411881 0.4242742260300273 0.9744788035034753 0.5111853645436093 0.12606244670340905 0.5580169561025659 0.6976818975644891 0.3511005009972953 0.9865307451770436
0.7791274570839855 0.9350349571515524 0.07523794399214545 0.8965864009759641 0.4557924704955444 0.65583688586892 0.0069053137010257615 0.32714749205544247 0.19814178901454205 0.7385863437977591
0.22706534901756337 0.6246623066323856 0.9882902292181753 0.2200586541861912 0.5517026274521675 0.3809065700685411 0.8775342897274072 0.012149424883761029 0.1076104423983626 0.5924622146888886
0.18457223023609592 0.8457928175443818 0.06204823946261473 0.8852985790783028 0.19209235411276415 0.3663013631041834 0.8908216039468488 0.6355414637408197 0.18380114635668543 0.5007632382801543
0.6796884960558954 0.9044292936943503 0.2899392834730985 0.4456722828552321 0.34559666782687004 0.7236195651733572 0.01656007775772439 0.8817545294203497 0.3371090837310706 0.4164230811460339
0.5223219584727565 0.31299470729529044 0.32747555799197203 0.32120744886171215 0.6762721893041607 0.7481548949785036 0.6491603864475444 0.4951253691633839 0.6810767366909815 0.29561639297186915
0.7352375041625961 0.7194870938061428 0.5783768200827899 0.6261655374338876 0.6309158224032702 0.40251098738703306 0.26642973938779047 0.6733826525841243 0.7175595589512564 0.7808497655874843
0.7549181198681503 0.3875826279673893 0.15191932398439456 0.15820403236074432 0.257787919334759 0.8367947519137736 0.16489203778399752 0.7874992948704393 0.3822025838826041 0.4570584348002844
0.28697820279547115 0.40251599767024415 0.11017705196833627 0.7943503001302694 0.7717079524043591 0.33552662629090946 0.48918165232261124 0.6517477169689219 0.9736577348116403 0.6194081247558022
0.9489830491683378 0.15797209284318903 0.20428175413434368 0.46586145355642616 0.9442155746508167 0.9072454498901543 0.6366335361985536 0.03578438068612755 0.18565264106169044 0.9854314835698944
0.15915448003035593 0.47350805671505103 0.06787515961137192 0.3937225786464027 0.6890582660071122 0.763521189784379 0.027009802802336003 0.10867275044200053 0.3474409533847349 0.08647064333174281
0.4694369478664384 0.7761654555632514 0.07109861453009247 6.402732397954303E-4 0.6008442473988491 0.8269445561704487 0.6901356921265948 0.9557751232630464 0.9547289274001963 0.6226257697671755
0.2357989719666964 0.35803079065096655 0.6704279517587433 0.09364473712472354 0.2595734671452379 0.6479932222661293 0.6029821572249485 0.2143869903747434 0.24242808635938495 0.6281270556778654
0.1606163871983084 0.5757847654151702 0.7522009033195342 0.5816754245487668 0.36034539718390457 0.2619533188876114 0.8674646956671019 0.5619480868038891 0.9681902800259243 0.21498011238337056
0.5278155644654314 0.5990985377375893 0.7477182956497489 0.2807679100521343 0.893378867622341 0.4709051238239952 0.7790943871831758 0.16887270092734175 0.5004282071798332 0.11473489936241899
0.5305598082304823 0.6305662151968751 0.9853646373553894 0.7197836467316646 0.8652296713452596 0.2618916974182577 0.41590518868539317 0.03184863835439822 0.4483279431740266 0.47227087203071205
0.8161809223023624 0.42730576685045707 0.08345463775869255 0.3242590318011338 0.301546721105043 0.868625824391218 0.3512070222953416 0.14633428548747018 0.34925626712745883 0.9406795790369528
0.5494526568020637 0.0481457699763036 0.1227573686749347 0.7852445667876662 0.3417790225041225 0.7264353310503547 0.44021425661501934 0.9005414565595568 0.7091211314053897 0.23988548118496977
0.931965247734417 0.45329111345383877 0.7692946279632814 0.75243615377876 0.16697543983446272 0.9626978104247346 0.7801389235318825 0.5971512534868804 0.04494588641747155 0.9589286598197445
0.17420108694750325 0.3965056956364088 0.5485922235540703 0.49307225750225114 0.7863682639361377 0.3900020604691553 0.029707107026679003 0.1812247319841339 0.5305822724640832 0.5663156635730732
0.5629728389770148 0.802264726671563 0.6577473135333931 0.6747051546260588 0.5430912679937537 0.3370433249950582 0.3841677948361738 0.6992158019268306 0.6236509068308287 0.7361285292973222
0.11832987626534786 0.9192405854295131 0.3002510719455236 0.6339085918425654 0.7335672582146451 0.25129427845665564 0.9257564441133895 0.6887719009044005 0.3351280071140986 0.16939403324240887
0.7121549564044259 0.2222457350798165 0.7523856225995965 0.13522953348223743 0.3213449939888072 0.354389898799361 0.5504145143385816 0.13434437746947625 0.976278787732461 0.8884055464757395
0.6998764413405563 0.6108400049378532 0.6342406252787431 0.7843332742674936 0.17014080901243456 0.8206519740309329 0.655639688583157 0.17987911833343706 0.6177887494318918 0.38223774354106155
0.5745497140105479 0.565820435060341 0.03112697427779676 0.5935542468181872 0.03132833949087688 0.9041085683804331 0.6610642310114379 0.9054923532347853 0.6630010672032284 0.1886984835034805
0.8196799022747341 0.7944745905685564 0.7636962628648571 0.1923001454027845 0.1600404488294449 0.16071145736806514 0.8252691299892797 0.9166601537446463 0.8642960656870015 0.29365080983866676
0.6473539904330518 0.5696463398401072 0.7618170099650134 0.3924437457944423 0.5664362758376472 0.729322313096989 0.7751047793144099 0.6067895459989117 0.4951364808421421 0.7233624947956077
0.24844039840305443 0.5723112876409897 0.8857505558974051 0.15157266473304443 0.6527086899758663 0.4546528349722485 0.4361922919558131 0.9099450408670743 0.8795637601530732 0.5877769041566302
0.3418351381954158 0.036590681762658006 0.8390772979992872 0.894482986869389 0.16335227106062733 0.1930567831976926 0.3572384667581653 0.41095311502940624 0.9285054476291051 0.6189491938835975
0.43315007723910104 0.40217213140934027 0.9149344537861145 0.953446282196251 0.7604927817506233 0.7513588027586285 0.671350826083488 0.40420267898984386 0.043805183142055726 0.5340825532221264
0.22614118081756562 0.3623067488750221 0.047354716672866504 0.9465299818116988 0.10523626912816075 0.7113687479815174 0.5028503381537882 0.04742437698948376 0.7352047730308626 0.7594814888043041
0.971974885507829 0.09439063088701671 0.042880976667009074 0.9347088081062043 0.5106916381177116 0.6080963763430726 0.5794380199969916 0.12792156150106948 0.5145055873207499 0.6812902953877336
0.2946698178887316 0.8412145197355102 0.4373372340371269 0.4648965335312243 0.1663456064187332 0.1058022943699315 0.17139273806978772 0.2096141278551198 0.2498539188997041 0.47020569663047984
0.7513912677736662 0.7190085186545372 0.3549529028105328 0.22770454898187364 0.703736337495017 0.5788722299285001 0.47929668945412474 0.45144668928280285 0.7996952321198102 0.06767015668779586
0.33250829713810703 0.3362673862595369 0.19137641241819603 0.2241740753392336 0.7699214748112204 0.8081868045278966 0.9102722157749746 0.1509305055739435 0.7217152925631147 0.35571802090392557
0.49035984669138166 0.2659944677237589 0.2510170969803919 0.5615313614325322 0.04123080878213603 0.880401263430294 0.7036505852623499 0.8686855253668131 0.44144528499594005 0.1751372076439529
0.5225577172532373 0.7025496146559279 0.448284613242231 0.3789093144172291 0.19152456353362324 0.18770446427635223 0.42730148347712493 0.7068029896550508 0.9456927999955937 0.3485256908015594
0.09354388899413946 0.4099562430682747 0.340440121782825 0.8628147631579773 0.12605606344777487 0.10766715991698983 0.5055641236885959 0.14975886581616027 0.7682352269234214 0.4258913360591591
0.9283065658804602 0.8166639104017184 0.5588504211259124 0.8498743841806472 0.906605388223894 0.26331942581070833 0.15200578703819845 0.6137041172815855 0.3930642874153143 0.54851801238485
0.7790572355497333 0.39585577468845 0.8104810291659038 0.4601662381941962 0.28146831435031594 0.5673428532429332 0.5613767523655397 0.09858758463415795 0.8008170354399262 0.7478751905446991
0.3768207342099651 0.18203256606762452 0.15064303011592095 0.4654650672070406 0.3539462789269461 0.7140747553989409 0.614549559347656 0.7862107145805008 0.516905132610452 0.6144860367021784
0.41595282754042995 0.8835265661525098 0.0026091888938885033 0.4083477570684466 0.3870966902331139 0.6498776263878778 0.5204598457117056 0.09256931940076851 0.4284278322491173 0.6191150562165875
0.5643674108295634 0.8546491508368633 0.1941529297809682 0.6637991949229184 0.9657134513122185 0.4054274310174777 0.06577585348584725 0.15943454522725842 0.7675120374647202 0.30574396552337024
0.8826396497052349 0.5663314389891818 0.07287582728862618 0.8163283510939632 0.08697457027434385 0.6698469879712183 0.4749956696924389 0.4809141884997865 0.9106795547364784 0.04104806724250987
0.9111933883348295 0.8644826935240034 0.9820421945713558 0.6323772461404888 0.3002093103683039 0.6117053649502289 0.26282736357586445 0.8066921409092337 0.119737033042291 0.2650691837604643
0.5396424630966954 0.5130877515501179 0.16032054342607405 0.08783228730770076 0.7882131946630392 0.769200141867704 0.05207923322044561 0.4738717704322598 0.6051803496922175 0.08722893711914836
0.8023287540675995 0.3946493299263474 0.5592548344057101 0.9897054288693895 0.5050167159826167 0.7329349341210682 0.7520447745778117 0.3010718763613611 0.586994088284184 0.2835920904593333
0.09859484572668042 0.4724266676919223 0.4414946266039942 0.6636431786275699 0.8386546204000903 0.7993292778343626 0.06579606393033288 0.3669964666957839 0.5719194321836919 0.026347838020725933
0.3678886897322935 0.723631245125227 0.6739639812645526 0.49707111883133004 0.136078241034445 0.5787013758413295 0.2943145312300883 0.7045961404590844 0.27580154753029307 0.09393101217962907
0.2640835134404562 0.8250411765226937 0.8095352882504808 0.1918415504694989 0.14781589540946372 0.5754236688558065 0.3085293974500978 0.8127615251738777 0.3626733296414366 0.527280614172199
0.8791983837485875 0.3352363573581808 0.7578093577586227 0.82869946192299 0.5623554285932939 0.2223683192837086 0.2977644918356186 0.1399649923933376 0.020075563120197315 0.19978117029594578
0.5259373771103462 0.47181813460916455 0.6828260675981309 0.045318367784117464 0.2976646562469728 0.5303609450269756 0.10860310905776938 0.3762473399299969 0.867168037218548 0.11893109970328986
0.1661664510515105 0.656656693171317 0.7886047392371432 0.1248087033416534 0.7960640365911497 0.01589719488299335 0.24868313928969743 0.6274068707075332 0.5259912620267896 0.3683312783555944
0.3867823439940157 0.7046367304891278 0.621130372137745 0.7553202438703837 0.878241226566968 0.5854267023234601 0.7354672955911113 0.7922920397374175 0.5574584516378033 0.8989147467741785
0.19668501937816674 0.5968967075716917 0.1396720836934392 0.9046215305983405 0.6050837195199186 0.5986705962799039 0.16376369036562433 0.7529513555171846 0.25607975375234704 0.18629481075771026
0.12315861655603644 0.021656893759300022 0.006186909152424369 0.23544670814871316 0.3778701721552892 0.0014426916295250392 0.593985473863909 0.1784081347903994 0.8479628416010525 0.46267169892446824
0.10043521912866549 0.42600778375634574 0.6771854118149451 0.9251779227006985 0.1869910206197971 0.6331388575004174 0.025251823267708473 0.7744773294543397 0.9853307423052685 0.5110078279708117
0.8982244296580064 0.9202084643014721 0.02910669984352876 0.6324337542537865 0.4586799830567927 0.07642314439701603 0.41598385817480754 0.9509317758402366 0.5708163812266651 0.15838650833395473
0.46732896075010355 0.5599786754539118 0.43038393925580376 0.7368349318457683 0.5132669728853733 0.5557718453636854 0.005301748288183306 0.9681796590776797 0.07242223936106318 0.7349581284212974
0.6700463976951825 0.9279321664969117 0.6185136331648421 0.258221771703389 0.8553767250999059 0.8146676259398812 0.33007445650064093 0.34128589496401396 0.75468490237977 0.06313058107236935
0.7049193193889158 0.4967954148076206 0.12924066280384205 0.007627178963181103 0.6875821123962669 0.843713200822553 0.036822122832270154 0.37063632657801016 0.005800137350326584 0.5252760722259843
0.8717030792868825 0.5166119941017054 0.7412217133935286 0.3322204949619936 0.44869355404807987 0.10723773187323682 0.7698657512211784 0.21490240049049691 0.9899062836320163 0.5219330802287858
0.599463197137372 0.48609930274105084 0.7801492537441996 0.16620130260136057 0.30366254629782086 0.16569746310874012 0.9453201150460354 0.5804465415471347 0.7071820097732541 0.09913005446874001
0.27790555985681364 0.08317761977894733 0.7113437141975172 0.19334724812671733 0.2846648230373463 0.5350546579372946 0.6660259858077722 0.35726261414854765 0.6638031969034158 0.694024143172124
0.9919219287213343 0.5080345251071833 0.2324183428602179 0.5468265675286704 0.836093289301709 0.31020525345864836 0.9197279153297454 0.9484504381969978 0.4041614764158704 0.1516346303502395
0.8175645368914706 0.8786448544039129 0.7540774850786325 0.22832877341631963 0.43685010971031213 0.6333926452076594 0.2592656367081201 0.5096793556757658 0.25723811206354963 0.3092842884680578
0.6530363637004382 0.786291660336124 0.3768393885594218 0.010022985580409705 0.5515157509629971 0.9644951198125519 0.5699229553833423 0.3068288788321566 0.6189403877272964 0.2647928071666543
0.3427106235778671 0.618301011698969 0.08701821492206951 0.005921605164277199 0.6408599180356481 0.3403335696991936 0.16915722655120202 0.2118577836729646 0.7069574883450991 0.7529724026998883
0.02071561780619091 0.36601743387797514 0.21232024620827794 0.9586369710700198 0.28802858259671293 0.2550652238023805 0.19462985781985132 0.36492185662073173 0.9618182848923243 0.9941586264008762
0.5214009797103335 0.5152308944635553 0.20469553030891696 0.006119246645587828 0.5690114586386404 0.39178626078985823 0.05781254370478972 0.9389366623204232 0.5579987623898036 0.6680936447625362
0.4483287271844052 0.24917442717663063 0.5175536125838965 0.7717342664172779 0.7172018290702005 0.4532618941239358 0.1656179011342912 0.03339260741105676 0.965919502198455 0.854319404547069
0.08572173888262624 0.6443187845015385 0.8811369099234168 0.8890788729023957 0.45766918451622984 0.6219629554153155 0.337788337346393 0.1076253833476083 0.25641076318116685 0.4923082980441178
0.0040917032910695594 0.19809976131792462 0.27191582685762783 0.9374683655511025 0.3759669339168543 0.3991660402955427 0.5225854655575854 0.22840353003802139 0.15374050385456695 0.10496196817633097
0.6357224601798329 0.8651501435463422 0.6406098651248504 0.46041450316545973 0.5508021761875993 0.4807456229923798 0.8901933552894563 0.2692164257934575 0.4647636813743842 0.7300709680171962
0.6595925208124211 0.5924244285116079 0.2832683055109907 0.5811220490847798 0.8347454439371191 0.002552711551933151 0.9678483229296049 0.1537595113650071 0.8864511446791066 0.5762007183395053
0.07609545441271781 0.009776488659512639 0.08829689082838377 0.35766711446209265 0.4805156639763615 0.5881622442701373 0.6818214685843395 0.20666658190022458 0.7214026881232423 0.30072905262566196
0.9095993367050947 0.6551801237951506 0.7000599064498322 0.6558085255277902 0.8535321541659264 0.6416329968549934 0.4509262930469826 0.6615128704063812 0.3134852862772892 0.7650094778552976
0.544639080976647 0.6750953658182546 0.5405092259417533 0.007176791695808982 0.26879198182522346 0.8112336052577965 0.49923664361492404 0.7086050040896438 0.10912471473482555 0.9995981236188526
0.4756478626010733 0.9508338432539576 0.211105947798776 0.790857836652497 0.26924882959489793 0.3984514258555808 0.44034838864296766 0.0503132461785496 0.9128076188938075 0.0840133355106586
0.38002117376097544 0.749636759787342 0.8481462800029597 0.5812457768264212 0.10440170239064084 0.1697393957188924 0.7530875118794398 0.5050393723760462 0.849934896977411 0.9615713430762216
0.762506035586215 0.3011549799566955 0.7686454244891313 0.676703334552556 0.6555371259003225 0.8442265686535433 0.7934737620228443 0.5758252968299526 0.6913454834261418 0.44956061196757724
0.27108472583411103 0.7508364696989097 0.16745996887529957 0.5223952487541669 0.42492283908319284 0.8549920312368495 0.44753046173892785 0.21769647732904174 0.8997659684855863 0.02560866165588105
0.15946543544413816 0.16423312324698058 0.6087547337992322 0.9051218152851207 0.5002599886387167 0.5185856923242625 0.8548521940258367 0.01882548848017218 0.1004254679976454 0.35790921437126355
0.2309149439481487 0.15141550100514567 0.6987840579385721 0.6946831341408495 0.11603256713387455 0.7794949514369168 0.9574923232780259 0.20234650571583945 0.680519979612242 0.06349098741987946
0.10751038254514023 0.0776298587168861 0.18792298579235933 0.37997013374579836 0.7563335877384189 0.3335596906881656 0.039624230767554613 0.8841286917238914 0.11265668498400927 0.21652557325436794
0.44611344904162265 0.13227414886200672 0.08674066308165718 0.37146380207462737 0.8287119275783743 0.36540217972754496 0.21060469128322845 0.8411253573460655 0.05651861138577674 0.657513137310412
0.08876728985028115 0.9785606710093457 0.405570453001869 0.7661005285606286 0.13811183915612102 0.8763669644975757 0.690687926878846 0.18728420730487783 0.7045537269908195 0.9719086921791386
0.3652013157358944 0.6143481787911733 0.25453737080091055 0.07463500974929205 0.5097315363244135 0.7259841154239971 0.23099355014514478 0.17978288083484528 0.5384249015532079 0.9893289458113137
0.33623863499378415 0.08216811440973759 0.1395179206371121 0.9529250386827876 0.45839878344946017 0.9844307654918824 0.43683533340686476 0.32602025311973426 0.19329424644116722 0.006015470067183837
0.6098000325929948 0.9931638228674979 0.9303199178117948 0.7423311242419801 0.2417616850099047 0.996843877372946 0.7687100388265442 0.7979489152427405 0.4799256692467938 0.4359507529992578
0.10967691042817285 0.5233610117014207 0.6848918857246843 0.17413946900061206 0.6302641093403109 0.02173686019196963 0.6237888344960077 0.22970434255242933 0.4863574875403369 0.8602780025613418
0.4182152559911567 0.7273669370914903 0.015147464822698242 0.8201861606687897 0.39667780191576063 0.33241812023817074 0.9114390165585439 0.4499235532508411 0.7209403464055848 0.15894425291785552
0.8375561724274843 0.1483585518302053 0.15667654538798426 0.24640584392384368 0.6931901130901199 0.997553729675613 0.6410440420307273 0.8326268129590344 0.31939147278246527 0.5893673631160165
0.36327562762848153 0.8162913514667718 0.24000828625019854 0.6457037315340739 0.9191082697728599 0.998334193085595 0.1542240193247283 0.31916128174423775 0.7258488192546478 0.9191493215707912
0.2854498697517124 0.6789923047115164 0.2921005013746685 0.3673314107908856 0.36467867943495247 0.03670105701973403 0.12465166515727832 0.9257030575865518 0.9805085496016448 0.4462723306932158
0.0247545016180839 0.24167001304140134 0.2633957406738141 0.9259355033148686 0.2769982186651765 0.06148578343084843 0.3882986092407412 0.6915339154650284 0.7662072684169388 0.4517959501704808
0.17772520361388522 0.9659832080097347 0.3712724210363102 0.04687149749071429 0.16629921040426665 0.7349661252813752 0.07954860694293231 0.6062299780699074 0.8483102355380978 0.15592587756766974
0.14142998168578136 0.644881627818396 0.4713160466078474 0.19558360981276002 0.241939649543235 0.40722733303707703 0.6617159971115858 0.4706199142981392 0.1046474378500335 0.9956740336718436
0.37231636716101724 0.19682458042768602 0.16295635381128437 0.03632236937824462 0.12725999825436374 0.613932164433271 0.9347742565481431 0.8666201571225794 0.3062939246793427 0.24652604884498985
0.5188143874266533 0.8636648966749313 0.2582006647082321 0.8858063928172213 0.1942445755832306 0.19687692193964235 0.36231997065761956 0.23268293547248786 0.4501316630935396 0.9850542718924512
0.767439772336467 0.72956635777943 0.897104468796582 0.5653595187475989 0.42893638268843637 0.22639688561273275 0.4208845820164696 0.3405773201359702 0.23789548280375084 0.7758621830519788
0.6258114589773849 0.4610212489842245 0.4900475172751746 0.03342149970931774 0.08621461432121591 0.41875674273008034 0.6777018984452201 0.44966589285152625 0.17446199227731518 0.4843468274261654
0.6044667004603879 0.6857098977709155 0.26674090978107046 0.8001157809534993 0.12039162410292759 0.4567225611168745 0.9411034708730116 0.8589652040494776 0.35427382355876036 0.31437104847500763
0.37703584292795644 0.04406595056707341 0.1802175145089182 0.7158633061010936 0.5417870718157335 0.8822884614555447 0.7971402169859068 0.0954408501437155 0.9059191337544552 0.6730233844986907
0.7227696703101185 0.5535862758354508 0.3690175092269814 0.19408257295778797 0.2077770683065372 0.20987471446865547 0.7962271575135902 0.2576608148901227 0.061044300898496884 0.22731207173090784
0.06725594542763913 0.9918767340218654 0.1436635649438327 0.009167260197617932 0.8217137628252759 0.8572007989246269 0.33712033087717863 0.0937195397675985 0.14813251363321744 0.5721173576285764
0.620211139432261 0.8280059496163794 0.3087383398783453 0.3186567949572331 0.9996002863695851 0.9885686075060472 0.21802433742779326 0.8259727086446894 0.4305200349085814 0.13536455070993036
0.8003981061375767 0.18892826706125232 0.5369715093656376 0.6344160889199593 0.5406558300241918 0.5686949606749048 0.8948842036448206 0.9654428033510112 0.510760224684761 0.24365595512635474
0.8770440500475782 0.14263072550241107 0.907376972258488 0.8314453599075268 0.5752013151115131 0.8198584927752046 0.6668504320305887 0.8867437344909127 0.11262148645512404 0.9261138699330109
0.037776121358377934 0.4944892570753162 0.7394434616918922 0.4824983906468624 0.0860541109013635 0.9244531947933773 0.46356096927844515 0.5891320584061157 0.9832836231282028 0.8906668783086119
0.6113454204917129 0.4384338124896999 0.5865864028809333 0.46797723536551306 0.6353785101706818 0.6106675277303864 0.25642229530243577 0.2580461862202591 0.6904662605310694 0.8383077509752362
0.07868728896126775 0.9683988739074839 0.9845560423364907 0.8876930499596375 0.6583611962714465 0.17066432039762303 0.6777808929925662 0.1995990879737526 0.4341979572105886 0.6379416179216814
0.1507064282505295 0.4547774908425519 0.027428843788902202 0.3262634098476813 0.7919574506697551 0.28617082250920545 0.48217495930718834 0.7614175732935441 0.06575254838159472 0.9464279358599947
0.38124214140242607 0.3199274626373103 0.5114772060489045 0.857507914380315 0.7281980653659129 0.6517794830340681 0.5002768022385182 0.6185751403147828 0.175107363481388 0.28252632644043507
0.0277528322116265 0.22905168803984677 0.6450282517502147 0.2536831462437388 0.5571973269768894 0.9956080652862592 0.649349195813126 0.5128729111440977 0.9444015148257545 0.835036269834435
0.6322720963752042 0.6489662538503929 0.7729270637170313 0.4593642186616279 0.48822436890599064 0.4825003005244628 0.007829099391604144 0.23523410005451462 0.992708651116156 0.967950024125513
0.7361720885710097 0.34648154070465187 0.2630760821361843 0.8419644598570781 0.9042815212406908 0.2570161344577421 0.5229352669935728 0.4604697564878524 0.38452513736342253 0.3705186055277365
0.38238524178672884 0.30757924842879447 0.4085197844104249 0.21413329242773216 0.5659884939033292 0.7305407536541165 0.3890110763198811 0.4352489896867119 0.5213749718858526 0.557489719487144
0.41927471454011234 0.3936254444343258 0.6235962995949983 0.38856573809618 0.2867400465422505 0.15553627379052815 0.7538246220588063 0.5159901558242629 0.6666376997577205 0.252263937163671
0.8757179159313998 0.624989862687278 0.27182490788469094 0.6521957444120176 0.8587495897393697 0.6549929054875424 0.12654380116492892 0.01393422465581462 0.20502749007724574 0.4593099108832265
0.8047190304245351 0.43724940375296706 0.5246028754812514 0.19155429445073868 0.4275033500323765 0.609364477158216 0.5739978710016653 0.66834374906821 0.4501307387670751 0.4559800190735289
0.42365509849757865 0.3103640756185013 0.7847383760597219 0.14960690739623472 0.8522408058000318 0.6476660527164834 0.6036707181486172 0.6021909459990833 0.3792088539157744 0.7901043408207598
0.24687993165836464 0.37467754440797263 0.44175954094374725 0.7101171513104889 0.017388590719327857 0.27307762907793376 0.0983038632045381 0.6625844073239913 0.29038288757944275 0.7687610828858105
0.29777049784417875 0.5752904995766759 0.28435474000223315 0.7801172678337907 0.19256901532706427 0.7835578215826507 0.04681419778972773 0.2833868436458282 0.1927498613772094 0.05390562743010263
0.69244404639531 0.6823827230497758 0.4598776979231516 0.44412777569094397 0.698170828938424 0.8599822869029318 0.32136168369937324 0.18097267968613717 0.10747733604154885 0.35868709937384025
0.6494625980307219 0.40164699730184117 0.8253839260121976 0.19321010652229365 0.5939234090572617 0.30165434739847297 0.7958770643728965 0.3849649523224584 0.18314623008837094 0.9590187288484772
0.7451651338499611 0.42649526496854695 0.21606542937175222 0.8637322332043488 0.3469934315337295 0.5332967718393274 0.5553432887730854 0.9713046854714813 0.12035144494906236 0.7211483473006253
0.402240539045842 0.9205831172600645 0.10525713061480035 0.45898269793651447 0.3844915538013228 0.9085464957286743 0.37890491791749714 0.8904912288552401 0.32073992112938254 0.5985720245866493
0.7723149482550496 0.3920716958916892 0.33856687055288537 0.35370665605170726 0.7267233613323142 0.5403914424174687 0.6178716152458811 0.032767746673288745 0.08930463460906424 0.3997527649270727
0.40733919441610356 0.564635406168531 0.7894183646117324 0.40761157479757104 0.11895791315015058 0.5248876809054647 0.7594251355777027 0.03601398316064375 0.24402534937363107 0.9789699066335602
0.16821677811172098 0.8373797880398647 0.5538077291795246 0.9273775736101895 0.020958507442122354 0.4449760894151078 0.5489951683524027 0.790871462582747 0.4451420017028209 0.5915877877321963
0.4043204883249627 0.5075331420439967 0.5308995546446631 0.23430645682923157 0.7181871352436319 0.9785076442420052 0.4226314448082773 0.4290224752028714 0.22187746742605607 0.795569183467812
0.46935006965036874 0.68511994279021 0.22888951811356717 0.41118521966955557 0.6327460477726864 0.14903756882067376 0.01217702045754998 0.17054273685243304 0.024832903519314997 0.1147728650124441
0.48554373190907285 0.9150401169612806 0.40112847341138436 0.04007140883309934 0.5351700182921635 0.18803658336157703 0.6706832006089409 0.4589561934006201 0.09822582332120544 0.42619090509436597
8.661342812633643E-4 0.9244171788043695 0.6177513751137786 0.9035092115719701 0.8926722570045534 0.38949431928118083 0.8164623914277581 0.6102618541761246 0.6814150610262161 0.24065188474821742
0.8268645357581638 0.6952174367198873 0.2780206580943648 0.5342558269162059 0.5910372614610373 0.5771817886017987 0.6077412616256306 0.8551301536536615 0.10067441617569173 0.3406182395178746
0.12595674348310104 0.6155819955844384 0.4864451880689413 0.5701652185713291 0.9948355247450738 0.5439494085655949 0.18546575324960457 0.35015560404912793 0.9899767789890598 0.5736399414312179
0.4166486297441233 0.75778174740205 0.9727579817414581 0.3367921913457622 0.9759226765392514 0.8123390767454536 0.8119631148866538 0.9911061050203116 0.9267942656700805 0.5080201134274295
0.9673687456002789 0.16405260005788558 0.10644580998133912 0.2540199526161552 0.5583163003573834 0.38558667341443986 0.49354487197585606 0.7732531842937777 0.6319008295985085 0.49865221722174036
0.39116337922029554 0.2697714754576438 0.5182578430932107 0.18618105249942085 0.06668345961619615 0.4650099569712396 0.6145315969155084 0.9339525629351653 0.9602922973246572 0.9242793977953733
0.674459487157729 0.4605945834979571 0.8246455963426527 0.9474610824566713 0.6971090110407725 0.889169843989582 0.1905056375053571 0.18164889240712356 0.8061553627729728 0.7092069397629575
0.3666360326715098 0.028523886528327713 0.09018885624447359 0.8836983698763342 0.7769626965608231 0.8655342729379452 0.23489351443661455 0.2925022562353824 0.8139861727122164 0.07749341298054357
0.9195393395206601 0.07174902520761095 0.5446578863014073 0.9039978209295915 0.3730825277380403 0.30826733079896107 0.5434086215209112 0.14810536384078754 0.1892691911150095 0.9787087894696542
0.8467448727448957 0.8630037222893336 0.48549014125766343 0.9849641361812819 0.5248047165433705 0.23593772376759015 0.7567354589801484 0.6306278947976909 0.6474917160478794 0.022453581884341656
0.3238494372580971 0.9076830188865075 0.486281684593899 0.04905675686721234 0.10438752405237894 0.5182403817222918 0.6375240344617634 0.4986696608475557 0.5447295050021247 0.6430825183354136
0.3790355629024934 0.9208140215665251 0.9437032411201779 0.08692494905040071 0.979011699409038 0.16723217862136142 0.07082634176944336 0.5797224285671589 0.8647559221797692 0.7437004568584129
0.9363736353207602 0.6940116864673841 0.5284557347912976 0.39007675726976787 0.8058303713170594 0.05019601332674628 0.7982089549150738 0.053163850281046865 0.06789248371816792 0.22484142956115105
0.6347316801332731 0.8007585065475955 0.3630269930558213 0.05146794473851812 0.9276550637148269 0.6402960166188223 0.45870684692072605 0.8089837654389488 0.8600452785610782 0.6517887005975013
0.7177863256211318 0.12982398814835427 0.2857569392018031 0.32229569221250165 0.6480848727407471 0.3280199592513072 0.221457293111319 0.4779507012255405 0.94409810362491 0.24683871276227187
0.9936349402852319 0.749613704834356 0.6358571976246458 0.6562970160582515 0.8006332602152039 0.07950081785577423 0.44530858417083896 0.692767541236739 0.4507254459474659 0.3786865059722324
0.21718814119647456 0.8260594091225769 0.8194746187758516 0.07916093047797235 0.3392150717426815 0.3637694700024672 0.13309877529025382 0.9891642305975697 0.39553275887272377 0.5583641600740836
0.5292874632671913 0.5568087966569212 0.9076747764866692 0.9693664382008657 0.4728928292741085 0.37453970653741586 0.9089365215860989 0.8511861373056923 0.5111451432058166 0.515772235618036
0.2708840242796807 0.9865458930817602 0.5415186709141953 0.085084675383017 0.15483314368373824 0.5661194592110129 0.23510092017128137 0.1846337884806195 0.6964840940199573 0.4269125669944638
0.50929441343307 0.35199917766845523 0.04849746959861356 0.20508126512726177 0.9759070313860706 0.40845169747617993 0.20365003580819974 0.7332959616667363 0.10416343196801381 0.5716807889349982
0.6003093352403489 0.31842429938664085 0.4328962890743494 0.6333037063656018 0.3723186336970863 0.37221944314501176 0.5421534545978095 0.9790196370628949 0.2469845621955602 0.23586437017440098
0.6516825720613015 0.23805991977335428 0.5177116804125387 0.9386376293549462 0.6522325408361278 0.38862547770434974 0.22192975319258967 0.06162895723334871 0.09533643568970884 0.21729076916711465
0.6403110779020657 0.8393480109085661 0.1682182872895286 0.13289331699295326 0.499876652039968 0.12523339519146592 0.9626919059429407 0.4692166584771179 0.811441715046675 0.8714829581258499
0.4103965442987283 0.5758134932848515 0.10095262473476874 0.32929058617743845 0.10144122774338815 0.19260524022606196 0.9046185544352926 0.2624888521091444 0.8295057671943015 0.8314327741621594
0.789343390028636 0.08576078025947054 0.11367298511499868 0.14652275360284928 0.8328141552096658 0.9879980830563175 0.13574347224998362 0.5658724624102853 0.45170442948778067 0.7820474742297301
