0.5180896915791255 0.22931864073692565 0.5837881237981069 0.5147555904697875 0.4832765888516499 0.45138308305073127 0.8588738659152485 0.29406226942069047 0.43713140736111733 0.2818616170403877
0.7431662034718993 0.30990929874033646 0.9213793765100137 0.2129468534491229 0.5834784279599741 0.4063859596917557 0.7465699928994604 0.6596358984262993 0.1158060019420275 0.6975843479631284
0.7398730231468954 0.5231706874883888 0.22136640105142646 0.1014001201892053 0.511262113855167 0.7579506562962481 0.9363936236476104 0.12938404988870922 0.5957826933438362 0.2031787721921594
0.9762158777356689 0.24126917354594257 0.4555774604057806 0.6680408609744423 0.9257465870650049 0.19096143695236178 0.7325688020886547 0.018007467405589672 0.421370336493502 0.4401964296352038
0.8311746491526264 0.7998863062832872 0.10330717757853769 0.8967286072472344 0.38016022494076696 0.7645426472266866 0.8528898554577427 0.9458336296742048 0.3737053892127501 0.4987438514743975
0.8457906067360023 0.9870682369684625 0.8239933792456973 0.26137353271737285 0.25008520364407916 0.4626462954045477 0.5711030622037443 0.03429950752606303 0.9771440428467686 0.6694540186557866
0.49071439340265666 0.7444693839976277 0.7536910329781852 0.4836406526123149 0.7161120334677269 0.591346104473807 0.9249731627509269 0.4948859081189486 0.6481997520715186 0.42258505102231325
0.821834696150291 0.9468587364410957 0.46571403050718496 0.14089344245653923 0.22859202894699115 0.31104655839375894 0.5675522841457765 0.19630183310041338 0.4739563398851899 0.28304785754280903
0.8801076154063072 0.32061641727578294 0.9338528748513596 0.48358530790085696 0.2447283060609119 0.7946099221277739 0.2828374021559049 0.17091052242950378 0.1638972138703878 0.7035482094149911
0.6599118929497013 0.8269357211754443 0.02945249669211103 0.8329384847123026 0.024892812751706295 0.5663412925448051 0.5821478096133095 0.08392400496468966 0.3730872882384991 0.9360731163952409
0.7590766218845638 0.5465397550202616 0.14888388416767528 0.8220565040548365 0.2739617294727892 0.6590819425196935 0.15296593758607846 0.8606184133510693 0.24503820058254522 0.20313354369990277
0.47320778082236836 0.964023638351087 0.9362334417188766 0.23632758150857647 0.48591468644335445 0.3126942070960941 0.2095757744928961 0.4487179759175308 0.7719198606667848 0.4410959448900901
0.600238994101065 0.8436678186118415 0.8711528246993018 0.8499396616884451 0.02035652307181446 0.0904532587430178 0.15964521677544596 0.9142589797025144 0.9737162450675055 0.37332076379580914
0.7745418252654445 0.7250903304289246 0.8206728783199949 0.07052425366695092 0.4355357055322089 0.9018953242982026 0.07109174729188006 0.13690776338899047 0.21524858171056616 0.34352917663356275
0.9028641717476703 0.6348884384195992 0.7964284090220114 0.34747344049460416 0.1045112192523876 0.46123368684719246 0.5204383551898073 0.520214953496787 0.4226196327184659 0.9508152350395572
0.5793622727265878 0.4260672462701045 0.8583292628327246 0.7035620595148921 0.033153957561992464 0.977394448052966 0.8018191207109086 0.6771232511093491 0.9436087096731616 0.15611237562027513
0.019714882709901183 0.3152908078518406 0.8085370605643907 0.7745044572194504 0.4175674562210847 0.2410213887541086 0.6523727705731204 0.6328056404633229 0.18802896468767516 0.8329353856969478
0.5835480312788803 0.6116700977864217 0.42507897871444933 0.8254602863642317 0.36432081266071226 0.9495536948256657 0.5356299930689644 0.9253250554889888 0.5553406829476215 0.19820550460118347
0.8120685912310514 0.3209002488037951 0.09509118481238232 0.12387727779288138 0.34276420147892006 0.8759190259609588 0.7534479464914366 0.12752325804188647 0.0323050781365708 0.745401900097636
0.7589440479213028 0.5941773707330854 0.8791964744849268 0.12914822767819734 0.04093482943725901 0.9498586620835476 0.8159836485274271 0.8869458261175979 0.9507066022385557 0.1037693547053371
0.3552382167769528 0.779689390684205 0.02967500288397784 0.38421537051354504 0.004573216110873246 0.17188761262419072 0.37817002692003865 0.03859140670258632 0.9148284998039349 0.1335774961969184
0.4449070926403973 0.8609383112360984 0.5077953159142711 0.01345421090804233 0.6050941278190659 0.5349936006213695 0.8933245312662699 0.7200627376281427 0.7242269928128944 0.8363203391676899
0.7303904443159432 0.144188103442616 0.014976497952640555 0.9240137355409274 0.8126580032292542 0.38311842794735695 0.8861725536479751 0.5706488433344151 0.06632829806870344 0.6862455668710206
0.1557417470971123 0.32854633485221607 0.8365133568069643 0.33150610042130213 0.9535567458404786 0.3110985822110309 0.30811816819504 0.9634551098576146 0.8755075378859696 0.47981074196193096
0.6581842435099376 0.2763039044744372 0.4667055264527572 0.07087693565978304 0.06887556954427942 0.30904233097316924 0.909583618164835 0.06952504668466164 0.04376449687762862 0.03480462565806186
0.8717569333386759 0.44602773575007226 0.5648015332540617 0.3729277733331885 0.8288598493689308 0.2041916413884276 0.5033297827302893 0.22968964754002985 0.8191773426451158 0.1613002895001382
0.355730814269806 0.6825035368704154 0.5097396963495662 0.7779009845445175 0.8127662789141539 0.962384998238332 0.6576512002179884 0.2864893162375609 0.8914049717779216 0.46079527711518564
0.5357754242840745 0.8300594974067539 0.3589025603251571 0.589505747256414 0.6585006904766687 0.3146525094773094 0.9611271484011483 0.955915627036139 0.19116125202891254 0.2044482236251708
0.530600928326355 0.9812951710149864 0.7557913630112072 0.5436117514879414 0.39445408132868753 0.785715469649275 0.9562404467800285 0.07601818496980539 0.6284644423006667 0.8909645578574212
0.8372799643993947 0.45214420615694373 0.6105821786800893 0.05153919480540925 0.6651831085891154 0.1618288171004314 0.015816019113974567 0.31384039129846086 0.8713610393904238 0.012269698305429233
0.864083678563293 0.22499006239021502 0.7359903688295308 0.6825357687352248 0.4836057166691716 0.9652247599415863 0.4051680199609947 0.12904043369982499 0.28464906102411747 0.061612319436965435
0.13298172880875847 0.39083421718619027 0.05190236616051447 0.2558754124598106 0.21898553775396778 0.6492395051636712 0.05849218483301144 0.0453958432088728 0.9719213147752604 0.23326405066956357
0.6806261236942899 0.3940117903529802 0.17212902858269563 0.6303942911912302 0.34907413304184665 0.1180099353994003 0.9279397978683334 0.46178304800727776 0.612177874917155 0.49275298748977225
0.5254477610141093 0.8115110062015085 0.8048022467071458 0.6966722853766015 0.8564077180059155 0.2615144433806107 0.31862190685596314 0.8118943789294056 0.27560773769330194 0.47693682920935776
0.7513605169770406 0.2345594817507023 0.28691696770953956 0.21107499930152152 0.27607802647959867 0.5129285625574463 0.28631063867558815 0.15475551987497116 0.4163274796622266 0.8276652764554969
0.7005261823119584 0.1418899978145347 0.03897936882327835 0.5562174826905976 0.25160493505381654 0.8411232094787595 0.7837381326654982 0.6220128390617407 0.7504267999972183 0.2129010868301653
0.33685229025267815 0.619221386635435 0.776445662521877 0.6919501491230536 0.9262457000151642 0.025127272568336023 0.8361855753716102 0.2670737715823538 0.16627437364150766 0.16469137159726832
0.10965899061276463 0.3733351101582004 0.9125399640426044 0.9756745613342713 0.6917201237507598 0.7861100932301324 0.10066696339163195 0.037731538002538145 0.3144676972725293 0.5121582861897215
0.6376781310102972 0.7751734533651038 0.897163495928123 0.009773426157024145 0.29057836882807175 0.22063693293622477 0.9117340048834383 0.9382393097077171 0.1739844525416805 0.23568615704430596
0.4747744276653727 0.03623119675871489 0.8771141464474024 0.6244136499349665 0.2810760140575511 0.6594663295527313 0.49017511205155817 0.1473944066773304 0.9790488389868509 0.9698219709847623
0.791170457990849 0.04588738059606978 0.3550138262355865 0.7613026206982301 0.6363642632522889 0.3199669483020646 0.7411896820039874 0.43265306360217115 0.16112705638163238 0.6693064787693077
0.3913016882698258 0.6720768141249394 0.7426078714955002 0.701624858572501 0.1780906452966331 0.0064349599844033545 0.8016558592449576 0.7413460339573638 0.8586025405985775 0.48546306180500165
0.4286412375739822 0.32981083012567947 0.32599034419063366 0.42095893436165355 0.5063016247972979 0.29841896253775324 0.7206610563217883 0.281557544946166 0.4724666982813146 0.117368724480019
0.008953272368391052 0.5556237306528635 0.11649060786697962 0.075200501673371 0.6541312622126793 0.6379571562262286 0.8354476441242008 0.7281395631279987 0.3023335406547114 0.5704181293995603
0.5896241206146534 0.9732724199983007 0.9852155963847975 0.7722471888510335 0.39156519202286943 0.04588041433349754 0.20137779017339485 0.732765021052834 0.5389123318232727 0.7187929648675877
0.3802708901523313 0.00730367690173761 0.9584936012404534 0.9904121302299147 0.6551236260918323 0.7566338016829577 0.9676053708871979 0.5880990763244451 0.5755380319455313 0.5008170931447765
0.47815091193773895 0.6849023991799615 0.37574956426829287 0.7203268380228357 0.1702775248554631 0.33014683541953316 0.6811514341184379 0.4304434734533318 0.44438082753896924 0.22819038836821326
0.08353296367903718 0.8793467508595585 0.023820931557148706 0.664696744091006 0.8445845166183727 0.0759891748248348 0.9254222383487063 0.576058972200732 0.09757215300677669 0.9407503903451195
0.14080493714351094 0.9851496328766118 0.3086874252119419 0.4900356416171118 0.7788226236722767 0.2853611120554933 0.4324288442880051 0.615395812656317 0.6078576030311948 0.14493989052408907
0.1494733397980419 0.6984102901301598 0.9064514542083203 0.12490639040850993 0.8108474070791712 0.5144886456649581 0.2817251953050559 0.4563920427391428 0.22880956815087194 0.6219099234090592
0.6472700629339655 0.8070140488125449 0.25270680546657387 0.7068341157954843 0.8656663129282719 0.28094681534369936 0.14716963906241343 0.1606827342409478 0.6555140391959273 0.3436389723375649
0.15036191294098278 0.5032006990480423 0.23883671878626733 0.8396633125807503 0.23160273178841195 0.13267531567214474 0.8619444726670186 0.7809763664527976 0.9905300894182505 0.2842019887390854
0.7613210456243926 0.12290312546352167 0.8440765589097737 0.007550923282862998 0.3658243477505304 0.3164519191368298 0.13287953426124333 0.4381027652892693 0.5274678804901377 0.028102904047727195
0.5453500916674772 0.6274849987636658 0.3552761692228127 0.052003365558967785 0.30547544114538894 0.7249557488520197 0.7901841985741439 0.10454151399844902 0.899532416246264 0.35624454920839443
0.40367739536799385 0.8875598830398432 0.7272403568644575 0.6334751020689248 0.028845493598603 0.5340082293740186 0.9544836108763117 0.3479574587229467 0.7397494390202036 0.3086253751955197
0.017585045590358783 0.5470529923819705 0.3834780748362062 0.22627774672231038 0.683214431417052 0.8769777977734137 0.3389969990317535 0.0718721400283091 0.3033658061981528 0.785325497255613
0.4278693191146873 0.1582988970949203 0.9214406729405927 0.9202538848757855 0.9341536837483141 0.042650913813325086 0.18332486454502472 0.8376940350788374 0.5042626682650889 0.3360028187228957
0.5864484659876896 0.43360475626880335 0.29229010041367864 0.6883238376980502 0.4601699447766129 0.35520873176006296 0.09229310821473169 0.007636997572913029 0.21242708281887857 0.013311790721585837
0.35624099048334024 0.9813261824017482 0.8004490678547336 0.717219645014725 0.9348197488196616 0.007531556925759686 0.08742507274946032 0.8844313611844454 0.09800732399914969 0.7158635790976768
0.7323772252722781 0.23920248732639382 0.8933116504194867 0.35920376361175965 0.5270862795392087 0.4072349847630413 0.18178979144325402 0.4921506291178346 0.6417708196871293 0.338164896241129
0.7554430617239659 0.5167073034083552 0.07032185049813422 0.5431832674073773 0.7843098967962218 0.8720972009789401 0.6762462894728783 0.22203937888586855 0.4675543267729656 0.8731323751908681
0.6320746189158233 0.971839615606892 0.17007485924955879 0.4603489355698923 0.7178392485024416 0.919469493460613 0.514634931052953 0.41516286576901196 0.8983319322227795 0.8001302424511476
0.8692426837597143 0.9145878135139924 0.8342000887757816 0.7163952828364939 0.4204845943343558 0.6525970647821107 0.49854325533722565 0.055356596809557956 0.5557435110362289 0.13899926829327192
0.8685227422862811 0.3158441877333622 0.5907089920716623 0.2017378016059842 0.7405989270795944 0.40336654182398524 0.9733135997005485 0.16481212383130195 0.07836231876897648 0.2873339388967219
0.9712060352823366 0.6515586052054881 0.9435259893262363 0.7832902997089384 0.5070981033622187 0.4718175048457035 0.9834984274839077 0.6222934247796474 0.24479926839467991 0.5915518955455382
0.653057846764182 0.9002478094281661 0.24847907730536634 0.7547729465126674 0.8329999667330148 0.4619078180826739 0.5386744118382595 0.9301657106370596 0.27523343104932685 0.7674333577801867
0.6507846912676736 0.38859809762386244 0.35164792849352167 0.31379436743922895 0.8652754226025234 0.8827348809731418 0.91318253037233 0.7389840038016778 0.1235361053564904 0.09626807241469126
0.6758722775377151 0.32391505564321077 0.7693161814936074 0.257813147981262 0.4422534723246532 0.7250378730881033 0.16288811224415967 0.5733108973983305 0.6393593406633513 0.4201321060231865
0.9035642920736614 0.9208124586218207 0.1086391579673619 0.5303887301817936 0.8659201144459114 0.07281522014322839 0.818485802657504 0.39381302264755425 0.5060530329574778 0.5638556123838859
0.1866580447770455 0.5081428385716309 0.9264331151393063 0.20485437615120705 0.9977355583535678 0.23589106400875604 0.0013777174827483973 0.16074847045665208 0.4798460540197359 0.9697847176202317
0.459909507395422 0.4542334203580961 0.9652558228780365 0.29378764960637027 0.1987329271118281 0.7359782237024718 0.7010159033696362 0.04305764950058366 0.25529179476617836 0.1704649884460494
0.7987086227869018 0.06560271083588098 0.8093465224040436 0.3266434747245516 0.016439773268311142 0.9190655529086129 0.3012361265777437 0.033880527434243524 0.05157394352841915 0.6979794334488865
0.2559671139832611 0.26622310004174743 0.28931196430334516 0.6800021436888631 0.6844974737784126 0.2517829171993031 0.5000606931849899 0.5040495594537382 0.9970607855810453 0.16908938689323005
0.807647416849216 0.14891382777640627 0.20810215732754556 0.988547000040411 0.3607820336023909 0.06786544985321241 0.8383736696237338 0.24467225422326377 0.5317726682930026 0.45290265637410276
0.3269644730175715 0.7835739579840603 0.139350888681809 0.7517253368585275 0.954516443115244 0.8201805366566066 0.1465651712417404 0.24117525977710752 0.2486032066720334 0.9610060325916651
0.520052262899301 0.6727977062059864 0.5932270686124523 0.2007866418258767 0.45359765979275146 0.7493444250398646 0.2966145377425162 0.285107713229502 0.9567485151042621 0.46545143938123534
0.6849680045071566 0.2461808802363573 0.888343196691119 0.1513892562492306 0.884557654238659 0.3652197172008451 0.8751735575598498 0.39569766382799765 0.8305141274550764 0.2924015768639108
0.197597804522471 0.8906802920263267 0.6979091076275152 0.5641919696561534 0.6467727287739776 0.6441496503736303 0.3891876284188006 0.2978474648371475 0.5622765298320807 0.9314757797910778
0.9317422529882042 0.41420173531781956 0.74424418342395 0.8239071455326192 0.6403961624180451 0.3423783139373302 0.7007392845249019 0.12229550376378351 0.6817881830377266 0.7938634303103049
0.7389381530425863 0.04977111284190905 0.24113037189309527 0.8584102272119335 0.737802648713676 0.11257819487432397 0.8365340021249871 0.37053602026300914 0.05027061367289887 0.12519539754905507
0.45207735434744023 0.2229119235137863 0.874594106029598 0.5140289121027645 0.06801522878851096 0.06173458513076402 0.6073069318482096 0.6633814452692857 0.8550057843935418 0.5892079102704981
0.14440476890280685 0.24806266929112242 0.7689581357219906 0.5195519345475587 0.8326726882064445 0.20892234306330237 0.5340795216380643 0.08749537838615495 0.7896967444522243 0.2707503616739332
0.03392842086237846 0.8919969659170944 0.6089469595228452 0.6764023508048101 0.9437555858938628 0.7729803436003775 0.0454218168901952 0.11667361634466766 0.03214259213936976 0.365155507494743
0.1376950275018417 0.6723583179494735 0.9359228766696396 0.9505399481631123 0.36380711279371514 0.9530943303329924 0.36959807962137836 0.24008046532438032 0.8512963837081906 0.5170091610248733
0.6689378238983711 0.7548168718333438 0.36576452200524645 0.08584554286166868 0.2881785544544 0.548316964130603 0.7877245295915438 0.03215970009561053 0.37121330960251087 0.11465183473752283
0.05407975658174502 0.10834975563536997 0.7993904757794444 0.45996911476528435 0.08843441863281387 0.4116849028632633 0.1820170549076534 0.4807611767266021 0.07353758958690226 0.1351709379482794
0.10038732267318962 0.988214522992073 0.5295143748426248 0.7410011848326313 0.5421357003439534 0.9455649369739311 0.05313925300276989 0.8115063379133286 0.8699376738585715 0.7441728816351462
0.2462582377826681 0.9819304938290049 0.8570609005068563 0.6340722321883823 0.31556839499474154 0.04002470167838901 0.29199336126196307 0.7460345448089837 0.06131412875599829 0.4893639539577692
0.4053536386646944 0.49473005008896154 0.48906191108218755 0.6164567611619549 0.9045138825153988 0.5363559850490202 0.07656629614224142 0.3761310580613968 0.7148429259225088 0.8691415040066315
0.8068417141725871 0.21534452511840452 0.6212036635589467 0.11142768188265306 0.43890602474182183 0.2924804163553384 0.8793153512999742 0.46956017934966077 0.12926378036319752 0.41735542032989437
0.5238178274504627 0.41662121600059265 0.4400478659395024 0.4365788922134741 0.5383515355740789 0.6430664464348769 0.9738408260407481 0.7195677208774239 0.27269338091279316 0.4116215273499666
0.3605477323448879 0.8624348571131524 0.4929657838810808 0.05133221395894172 0.0882947222151994 0.7201333197387065 0.2331615268797278 0.9594506866260705 0.718178703938256 0.4016521498413175
0.17970529540219726 0.14488028818467158 0.351794860057025 0.9187242583136428 0.6654976494923172 0.043189414155657135 0.8308211266322657 0.7654206731374311 0.475865038863036 0.06074468545664824
0.03953896845482585 0.8241691798837415 0.5760652386004003 0.06430265839575566 0.8540230663447472 0.6431502203252691 0.5584745702148365 0.8224379662635983 0.7358322920889329 0.3106859661440895
0.07730966692161045 0.22647538608452622 0.7033874536239634 0.8641535917691671 0.7897130874920446 0.9711319906158496 0.43082172769535354 0.4141168494740882 0.35425866060740685 0.25886481431175257
0.5219420638779309 0.9387851243202212 0.8514091109729994 0.006958364121018801 0.5860408046639768 0.00957211852452644 0.585185041092274 0.9826755569204463 0.6026487204032586 0.5454413268873668
0.6012806142516766 0.2693346690524333 0.203922129997135 0.06188894075520446 0.4140884970192512 0.4749636249345215 0.9262080068261204 0.7798292461099414 0.3735723147222332 0.13522284665099138
0.18643329553114418 0.3903111736315201 0.8226524037021886 0.8335757161711093 0.7243153322584375 0.23290939682768674 0.6967461800522969 0.6642260261206381 0.5179924874673117 0.13879674026829647
0.49933203913595825 0.7971300541074376 0.7285252988835599 0.21391920169976086 0.6508813301555227 0.06942993559016253 0.0578202953039344 0.39335874670306537 0.05323026616908244 0.7239449652916867
0.014879909800718294 0.684883171171688 0.33743968181200124 0.6428951085451089 0.9768836398408073 0.6378463428923811 0.6704172608180062 0.6838214330160018 0.6044573358745368 0.7230161928249106
0.18405364210691477 0.014706356278631594 0.12458842910647683 0.9895719739999563 0.0603500806659919 0.6665859282997845 0.2299974127182287 0.5774261985607737 0.05699192216454141 0.8744855932052183
0.8603767352198902 0.40619100171845135 0.7900489289973478 0.16129970374737912 0.928759834048127 0.6365223327844477 0.4039599040078734 0.5342741950134677 0.13538528730118526 0.30523994731293935
0.35368561803732423 0.6100409332846625 0.3717716670235849 0.8725348676888754 0.8998906394715315 0.9616913564814553 0.8593210659926962 0.2877398502179376 0.5752411987070966 0.4901657864811052
0.08962025266744877 0.5795533836850246 0.31838292144882074 0.16227447246868298 0.8377104594287905 0.9072705393906126 0.19188853593565325 0.028954708703104348 0.004947766803850118 0.4714890960000804
0.6014425436535148 0.03990800145756401 0.8146783399103191 0.6759227359351431 0.7157562232433012 0.80455030127896 0.9318036461695492 0.4563677635334711 0.3501829582092135 0.11424684260901952
0.4064129027241047 0.7485333744189135 0.9217302340367948 0.7370929462614251 0.9520111625861586 0.6533595452801036 0.20914178252298832 0.7240406782545592 0.9604731106509898 0.9766113519681696
0.5589491743395808 0.22396041350600915 0.8287045510151542 0.46895171141947856 0.8668692231951287 0.5952655139550966 0.6260944440418393 0.27335908511322415 0.13364995908025845 0.42301761700270646
0.8671926242057169 0.7986708798538632 0.6454446374537072 0.9029683092553279 0.1706494647288893 0.48119671839239675 0.8610194711889423 0.9377830785542955 0.883305346812534 0.6707606927447763
0.9015777245488681 0.20573162416791912 0.32741957165467317 0.18319492347832134 0.13370913738333579 0.4084180496720423 0.18937968167321562 0.8982213728629641 0.711950321726399 0.8816638243390443
0.7098338678900501 0.14982272305387112 0.1046681959610416 0.7624444996046668 0.7580406670323949 0.5556172307633109 0.5654552450614262 0.9448215985661654 0.5773316286822747 0.3624164197623664
0.2319520018840483 0.12909864307772267 0.9739342981724871 0.34705871906206 0.03498827643166125 0.3709708159073324 0.9880045211726318 0.8047760719098953 0.883161896980561 0.6712256866680283
0.6335682392934022 0.18176473974933705 0.6514496847569792 0.31159197686399864 0.12317498346818867 0.46429546958454426 0.34717240195424715 0.8386225642478448 0.10341670813318693 0.5236121211893172
0.4526114647411389 0.8250365019434653 0.8190666976403509 0.23403237324533177 0.8508025038952245 0.7967344670833112 0.7964457901398899 0.3310777844765138 0.9295065247802351 0.0037403281497864205
0.5907237207969681 0.6571245586637104 0.42808687793925126 0.034611797460800675 0.37721547253256205 0.6539806275592396 0.34299608923007907 0.6264006767296387 0.6833343950651891 0.7049586463372683
0.7398035559991228 0.40603358239370546 0.3557144091925254 0.203428549941168 0.6331716435546447 0.7140225446783752 0.9361162802568472 0.03049732631371993 0.1909140823804103 0.10770355160022194
0.9800839972954658 0.4613776836249516 0.39424748638210183 0.6187411335100536 0.49391838651576914 0.388171800082625 0.9435726766561278 0.34842526648192995 0.5883879032853535 0.1462094691756607
0.6376003436504416 0.5243262686077579 0.651696779355433 0.16174523673744057 0.6733603318537545 0.7131626309536094 0.829583045406041 0.10073205397213136 0.31561225043025076 0.48727532813181196
0.3670203037729469 0.1915536999868953 0.16640033107629415 0.47589171636867134 0.4138486844816025 0.9190123146256621 0.8289726862200578 0.39740071245045683 0.22576203046119714 0.342530782802546
0.10501141608460329 0.3651504325563214 0.30242965251300635 0.8784447347649843 0.9900967280953558 0.4868182017072401 0.8961331633545543 0.504422175313508 0.6395546960818992 0.5361921783805116
0.49714976728515836 0.9934632539024346 0.16531493183524104 0.26624253796349406 0.3562153617072772 0.9655965293950896 0.5941307611956778 0.7536498026711193 0.8397522746651894 0.2573024750424455
0.5684915787479029 0.01749624425402163 0.4301480147743254 0.3518584953850318 0.40378302184272674 0.03861603128915303 0.48122291230061087 0.38821441380250643 0.9287273782985151 0.221138203258883
0.41812629563384995 0.5716707935629868 0.13086374592304384 0.2840465198130706 0.9312521607267285 0.6465471692571333 0.004802779973022142 0.5481179706764994 0.8553668376948781 0.45919092015545226
0.1582189565893778 0.5923922315003904 0.8479931622110295 0.5390915130104821 0.669018424065631 0.2943623683527078 0.6851966145603013 0.05652932815005296 0.4068482825585925 0.33936669651465523
0.9782709271201985 0.4771018884668542 0.5330886836578208 0.3872003993062093 0.38142184443694205 0.726634734835453 0.17569637819698625 0.21775502343528297 0.908399703018246 0.7043978987611158
0.3387447604214592 0.3425326646265948 0.8051327456319656 0.5382133889002072 0.9512316998719623 0.7651706288222947 0.5357644764586962 0.061952767867697545 0.585703472778351 0.8016519725859034
0.8311007780629008 0.6140882097771568 0.7844693228574107 0.12966583314713886 0.4213227748741598 0.4053746521845216 0.11965798298196939 0.5266206717393844 0.028924234573436514 0.3844039987673282
0.0830937864508704 0.07710287745746813 0.43318317811049356 0.7416874584738758 0.6529468475228585 0.9831117336325466 0.9340787350258711 0.9360851934234831 0.9163382120055775 0.49419139732837747
0.3414168634710655 0.4018171125118072 0.4405573617519727 0.8896191839453891 0.6940286732268993 0.8999523870790204 0.1802761807243699 0.8910985582906745 0.2742580797282649 0.8151896735577333
0.5841198885972463 0.3619445724147723 0.12455601319541776 0.5669035858134812 0.22118229554358704 0.6575382841694605 0.19585031355203375 0.702847559370811 0.686548866596178 0.5318656093570451
0.4614626263900673 0.1745668792257703 0.7646179512068382 0.0762457899741742 0.8156937681410743 0.7554900161144379 0.829987254174948 0.7688929364255681 0.34280232053603266 0.555830325942992
0.24789842312129384 0.34774348569492763 0.5899510888698638 0.11284417983181394 0.09971039596949605 0.8840218225269242 0.8067990571426223 0.5906557972912416 0.9035974638202456 0.1303046936142841
0.7247670376935181 0.2107730500984537 0.1266455391278558 0.944384581167099 0.34060727738315133 0.15258249809986235 0.19174595720884535 0.34902138705034036 0.34175865624286417 0.8125262829503205
0.3711634100722677 0.5777101052706554 0.26507087068155033 0.4913268410102827 0.4283804245359961 0.2778822068757457 0.21583211854066087 0.2905406228823739 0.1207979679016572 0.8954968298342428
0.9906369813487096 0.24288474343823274 0.708098044028016 0.14876691157445832 0.7454823438847525 0.4751956798505246 0.4245506629566128 0.4138053172917888 0.9295807033252396 0.5085425243715556
0.4682742537985296 0.7912635991372573 0.06573204021567236 0.6369315357956625 0.436435324178033 0.6005767536009746 0.09969710424281664 0.6942028799343444 0.2925990709789833 0.05721498321767937
0.4638658089302228 0.41813451992210227 0.8909202049472515 0.9283834828731151 0.7046169343346023 0.051431943536266234 0.8015887256754645 0.03389984578256411 0.5081162422288735 0.7811972125660172
0.6829230204661676 0.5615179803147532 0.2259019026133563 0.11163382758141893 0.7277283776177708 0.2997561349433894 0.5494577408160505 0.2891590988425935 0.7750157224320262 0.056326458358315845
0.8120761366180559 0.45475883882009516 0.5229027152720844 0.7265515545310998 0.5066644987534172 0.2853339244568961 0.904494657800862 0.7036933790902714 0.999749849708672 0.5039517121637369
0.09577018293145667 0.5819085089813815 0.09478895697992962 0.7883302121200777 0.8129730436587671 0.3925829709965861 0.051991556538430794 0.2875458687819398 0.526737419488621 0.9360889297181197
0.907216941330766 0.16887104310998957 0.9711514869513799 0.12354429880540407 0.4491051512558577 0.35981028917094804 0.8581899449779823 0.6269459583607024 0.011455600304397295 0.924819450659116
0.021422952099536152 0.5510858130833929 0.31696789849328677 0.3218550144630836 0.307635596634914 0.28694810980045293 0.9688105893779007 0.12081562656643752 0.41096850874850677 0.18382586131045386
0.8280858081563262 0.6341015611927425 0.5014166537016638 0.18618257009689032 0.4381086394715211 0.3089320716493096 0.938000121117731 0.12132531805723956 0.8605224515215422 0.6617245235587244
0.576647204882062 0.895243706724517 0.7736218297027139 0.9967533012138923 0.1838065057246665 0.4565085701210152 0.4498577120085955 0.1444707005525928 0.24903167532259396 0.02191320025167165
0.2773496498766098 0.9792858412794477 0.053258549917662545 0.7225791558053394 0.8193323865730604 0.5322617910248325 0.19422122348422244 0.5255376440141475 0.01581537401881139 0.10110528319723311
0.8964304744536712 0.013336242045037361 0.023335183240224433 0.8779871505206953 0.3403636938145196 0.3630105200540178 0.36153273353991355 0.2651462292568535 0.9339929419830587 0.6557982758148431
0.4893882914964205 0.22889267530924062 0.9195038281339195 0.4702641073137218 0.6692993442824331 0.7545417106562866 0.9590343468313965 0.5640400307760883 0.9937875718692883 0.7079721062717884
0.3754898612299018 0.3331781185971442 0.7474728983912811 0.18391799238483209 0.5379666295015252 0.6531491695329764 0.8560540257012577 0.7267670192389648 0.47604261497705125 0.6518109575638708
0.034386716819493235 0.6465513091422936 0.18317181403286753 0.9422088330254629 0.3873522859738431 0.020981980707074577 0.22664344744480402 0.8518599824864177 0.6400604871458402 0.8737927076139659
0.22004549988257693 0.22521226567157138 0.878032797637626 0.45032042771782266 0.4338973277730148 0.4472571821266802 0.6633628793735774 0.4731670698381596 0.32109354371839716 0.43881589092861906
0.659453838087445 0.7539485182419209 0.01602732622193359 0.5078061214701742 0.4447819016398612 0.5615528431631229 0.9297383192500148 0.10583685333676196 0.025239368234835857 0.7029922351791217
0.40815654430756454 0.7357667936423169 0.6649595469440593 0.359848454672546 0.046490544619619545 0.48340165778116917 0.04712942361078831 0.3414747593472127 0.6600341097051224 0.9052944667133165
0.4491466747808682 0.5655319430270856 0.10014328154529129 0.29465184007985157 0.5705787900816993 0.2570998341567732 0.07386097025891702 0.6686387519339851 0.8877348203474981 0.5695197334470347
0.8766438796710924 0.17291293455500578 0.925260606556366 0.07328756364951794 0.4798723427493792 0.9830091683735614 0.6330206442428377 0.833731096234153 0.7283007459889641 0.19723320168611802
0.13563106394999214 0.6038691340068316 0.4973325582061382 0.6620134379524347 0.48235970787728133 0.9957644455257821 0.5359804967194713 0.14819816543585407 0.6667111647802163 0.36184614769767875
0.37859891354870634 0.8055748826984062 0.10786556318261109 0.517091564193846 0.14695233426358978 0.36292731158827174 0.990242286355841 0.36362139564861984 0.28391033839890456 0.11223498685602695
0.34281059597145536 0.9411763213637913 0.2610354673828993 0.3181591084490869 0.5063713107675961 0.42010700247427846 0.08455782212271201 0.32774750312822654 0.6848847232944293 0.07792379710271546
0.9877061564500603 0.3203307534015978 0.6060219528829067 0.35611619645628156 0.04209205976838637 0.33387026253732 0.9264682127811223 0.6808663583999967 0.5468203434879658 0.931558665106966
0.9091082060161905 0.8494451086955993 0.9612251949033099 0.6312611044375116 0.07207504468800285 0.43349266804489706 0.8356083817842194 0.01042628130465062 0.9637465141249129 0.8310507115652731
0.6640824383913769 0.22038385519798354 0.9531227642644424 0.3111261332715496 0.8345978471510769 0.49648499573717964 0.9416225529500236 0.6377312487343928 0.8834603591569893 0.13433106266133055
0.20018532711631465 0.6347588726333516 0.07512098287040347 0.317375054925376 0.11466916189577658 0.3587152594397339 0.9227473950094769 0.1274693180388824 0.4828852055533356 0.38324740250336653
0.6410627231408789 0.047471942844417914 0.14821155493671445 0.06756567593578455 0.6801635062338807 0.27381356687386926 0.17758068490489742 0.5802766208516589 0.4275058098141029 0.19696520088672098
0.49573598726837476 0.880804999942024 0.8849747211875911 0.47903679952751843 0.8730050275724937 0.8224978650130712 0.6289289993908967 0.26027550173466507 0.4304382071551718 0.03466798486412126
0.6433392358384583 0.16002117264174776 0.37401336674826136 0.2652476583492682 0.6796148527127089 0.90271639553793 0.49870814536349406 0.421388030773589 0.6414408835390928 0.595856825373674
0.11359398521599862 0.6322533323004912 0.11892326078161664 0.9143068375911091 0.4307065979387662 0.2764233538441131 0.6035666593247142 0.7041948218352142 0.13329974430663438 0.06573147562917558
0.10408677446073511 0.8096409978627476 0.7931906005836732 0.9580296215168325 0.8527841671833319 0.24686026746615786 0.04225635567741137 0.8832860008479019 0.5431844204797491 0.20272129020812357
0.9197436303759091 0.010584779816661283 0.07187553302458227 0.7186319786199261 0.6149035217570801 0.5580116082704787 0.07094970641893072 0.33566118867214434 0.9035667593879394 0.9530727119378652
0.6121839125663286 0.4230948052444591 0.9376251979421109 0.48820905769901934 0.34006957905274193 0.3901637910664151 0.6879870673104932 0.4841318195994322 0.9480287717868993 0.48947106789383377
0.26442527805770166 0.3731185869793542 0.35063025479322474 0.4606825556658235 0.5398396686102755 0.045074711803033796 0.12434628522890578 0.8343372611071189 0.991805038124977 0.26107752235919157
0.7903662321288625 0.3181704319790174 0.44087954956490394 0.9322854873748888 0.2952111564623886 0.32213213421277986 0.41299824506738403 0.5865086508493673 0.6083688294822059 0.3433236698770884
0.18237926523175607 0.4004005053516818 0.7008959601240717 0.6283626070689452 0.16172076458657947 0.7621452579615651 0.29491053603020767 0.2582263715726446 0.198069175981472 0.44767934565868506
0.6811243172910534 0.559413758457718 0.5055902395646884 0.14289918495601017 0.590041124029788 0.5353022718992629 0.4205759681789937 0.22497169767804603 0.5721742941783595 0.8328688603561054
0.8993727104761309 0.4277783826672239 0.5936121752710227 0.6124799231422127 0.6965161609946253 0.25968696111177336 0.5854879410379139 0.5722462396941309 0.4582119354304125 0.8162599211605717
0.49938594784873525 0.29347736008850733 0.5454004705878682 0.9361722147809971 0.015443666722156246 0.02005850123845032 0.2609980354599142 0.4855248056278192 0.42588507941269127 0.9621128909337545
0.2975056963936126 0.9239054644259077 0.3739472391299935 0.2231010794765501 0.6440313940374325 0.20496089305055876 0.06663919464820978 0.4895477544377348 0.8958698442912436 0.49490990710433524
0.2994980697454098 0.6938758990090065 0.895138384283441 0.15434008867636584 0.13248471198171186 0.9633672815155974 0.8975672780461182 0.9217955495586667 0.33838669914629393 0.30205655253134245
0.008394845397243 0.2620762285952556 0.8085742078356641 0.6174067263396975 0.4594197851673213 0.39783476006467156 0.9456799554292924 0.899901230398376 0.4096137998156001 0.6299695219874971
0.6987514173606026 0.5912279804558717 0.3432999983938696 0.17047750253606542 0.30364997809972916 0.43551966929156494 0.8127535934033274 0.8608443691122867 0.9799482672215949 0.3981531785269793
0.2261832452177891 0.8297130186628973 0.8053033037009198 0.5579004210374673 0.6174026745079586 0.35548634665195133 0.7392600864220525 0.23076207230918389 0.850104303909135 0.9426836845058486
0.30066624298482214 0.9676044036240193 0.5074973357440011 0.8952846325888 0.7163553683905111 0.48275868228490004 0.7971751906054447 0.47595779987394826 0.4534830066686726 0.01703153465164875
0.16142838846972762 0.07698653394722466 0.9238760887522558 0.11611405140381481 0.9248200312475997 0.6968671337653402 0.8059825190069084 0.31416602928631443 0.23369363771440566 0.4159697860811399
0.8684852425840554 0.752391049940167 0.7463837464216144 0.49531578303293156 0.39937047308057105 0.3337072449078785 0.018251673033495175 0.18443942840039307 0.34521738950704417 0.6171575120253082
0.29227037192032956 0.3174664283248787 0.04770251487942645 0.2894918556865773 0.453733731291009 0.3009550667772677 0.027788713953822874 0.7163941073491447 0.23676742270956286 0.15271028369141826
0.6127953857504813 0.7721137549932573 0.3806697056401075 0.8376949773494221 0.327522992461846 0.8738029678191643 0.3257125328946261 0.2653269207655483 0.8778315154073586 0.9056481170766564
0.21088448300641938 0.9618634058527694 0.24354916321588116 0.5079235993305186 0.39015872721769895 0.6122404650747431 0.8673139472282754 0.027385650834945263 0.41922107922592977 0.37764695840709783
0.1769275676944433 0.27796198667715144 0.48119431081280806 0.1382780250162401 0.7110276170283081 0.14448318654216796 0.5177465976797363 0.5851268178675465 0.9313602988726671 0.9772395186149969
0.9110739637169 0.39033694791063167 0.39966306982156574 0.671437380865436 0.422597294312998 0.522552584807188 0.3731424352638786 0.30316757405201 0.23581701941317645 0.1418669499308144
0.029759239255984116 0.2022869881295175 0.37361921446463364 0.40838420157235134 0.47301024345284026 0.38265447833243815 0.46442931273950394 0.9690734833530291 0.38562109856487814 0.32145072903383953
0.8169603193166459 0.8495083321706424 0.702542599411708 0.18185067804068078 0.029904777603742883 0.9702484996857551 0.9558688151685484 0.7071065847581522 0.9107706046425295 0.5320351572443945
0.007771808109223843 0.17913856762066083 0.3071631276847431 0.06963497957377163 0.7322745381450424 0.031018631240460226 0.5641664500386058 0.061082068648217525 0.8326602579686947 0.9302732111168271
0.713079822912594 0.5972313060767631 0.38854277270053283 0.4087182473918517 0.16961517232652046 0.7659503644444071 0.9150989779265748 0.4045802209693583 0.673764498444683 0.0859418745715228
0.6866912680705392 0.40394519363363957 0.43889650559848503 0.5371013170761737 0.8280844367896537 0.22111702971910696 0.9942443048003096 0.4774801723393255 0.20868775458426225 0.8412555211813159
0.0027967357243378066 0.01133785709348667 0.4887297644013747 0.1637036004880167 0.41570810490241084 0.17843049011952328 0.7609997915993869 0.9307020245275717 0.6846921596379436 0.6715978801130408
0.10776684607399722 0.603729355982934 0.3954681480525002 0.6578746998566127 0.04971303968788077 0.45849371326114463 0.6081779623004547 0.6777658738725588 0.3021951643233214 0.7096419174031323
0.394795203840277 0.5279899554480223 0.4738748835040165 0.047540753281223425 0.5488985930620863 0.49490864209293917 0.3437341299353328 0.5720243808454059 0.20978335133091452 0.2990242350076071
0.13471933711333506 0.7417905116285675 0.19073624840998993 0.6353417400520732 0.7657345305323258 0.6231672515782716 0.13040103983083629 0.2500551418678454 0.40842945040862144 0.4182618478970648
0.1965133267570398 0.0809326593541656 0.8012061739439891 0.9800411304797877 0.9628842663976992 0.10693897969327026 0.6800937369874772 0.7806829511707578 0.25336554421550517 0.20204708622573653
0.374617019274887 0.5895765933854922 0.20062832993319968 0.4688558840065816 0.0865125515449171 0.9386396940867102 0.5029413907459048 0.23954448688897712 0.6201208804243996 0.3051575290043236
0.8787344168063571 0.1748573772994586 0.36551091480383446 0.8261405107738972 0.01658478698837218 0.6662293070907354 0.1488694196336492 0.2732339663670942 0.8973671276686 0.05182264411958082
0.15941384069663056 0.9635038538470816 0.22565668822205454 0.9941638232709626 0.5380649272196089 0.2589608586310542 0.8490793717716639 0.7352297517448444 0.3703406116667889 0.31647472149359723
0.4671522945941947 0.8442492528238692 0.7644101638644663 0.7897690106673109 0.6352608204060137 0.5041481202868636 0.4149740642542722 0.25647658550348074 0.05476963641616406 0.34448118328735633
0.5546111134199261 0.24577429687967278 0.40686601049467086 0.3218582517679074 0.47646132338293967 0.8759046077838486 0.535586499141898 0.17328524991114014 0.8755896453008417 0.2759316174520071
0.6145785805328032 0.5235053870918084 0.10110198045863839 0.16236673697827986 0.04250101724174693 0.8143401272675173 0.03706156934941107 0.16883971712093626 0.20356784166666586 0.8421929141884816
0.7374803399606815 0.7857787738977776 0.9025930431482272 0.8392931757593174 0.12913674696819888 0.05710302409831847 0.2379937563203185 0.7149220844938791 0.0656974688650458 0.5022196770091035
0.9115620600709387 0.2847755628198353 0.767597538615347 0.08415699831879009 0.4904167879340273 0.05978410691417857 0.2143599045499993 0.42845348725970256 0.934397962546171 0.4401230266737326
0.3695115734573978 0.9124629901746187 0.7812687761791653 0.965810975270357 0.2129807331707506 0.6910237337030795 0.7424409876085275 0.612208290340417 0.43183527773528585 0.20197915106721165
0.1035411149490032 0.9868911654271709 0.2774496929881547 0.20382716859042027 0.24698720240647298 0.6837916141238556 0.5356645127173725 0.937813270277656 0.8178463055338172 0.9811566847625646
0.7762281263967742 0.5780725518312911 0.539595436268365 0.5317957699418105 0.04878818510037275 0.7359641316397021 0.4530095869628028 0.6872473196088864 0.9749255915995251 0.4185310280154021
0.3992523685146797 0.6219114265495549 0.7492015607116592 0.5060574209797574 0.8973463359416067 0.47885876448760933 0.9069138012120125 0.509984121372072 0.17655148865963455 0.3459394003744115
0.8422351816266939 0.09998256174046394 0.015781916016227138 0.9889807097369336 0.9676345720839158 0.6477760036180933 0.21504273715547073 0.9182759919841684 0.09395579718011038 0.8253366811157838
0.9779699589647367 0.5452308933511354 0.08025784850130036 0.11637566518985776 0.21990865508130508 0.8979476319377178 0.05349545485335416 0.9525818978496475 0.8325654823760952 0.607691916337355
0.5303459987694752 0.06985590558076671 0.2341235007525252 0.6526011379973572 0.586965198770307 0.5948223053894445 0.11280907228666948 0.65065644742908 0.8171807528140799 0.3181949297419773
0.1322514522252829 0.33085568079123107 0.19560930571696655 0.5891068042935079 0.5085782293599185 0.17968759411027413 0.11940904785524487 0.27330689257280116 0.7920403015179929 0.15942288656522008
0.8408566628787997 0.25816403092400386 0.890062457657152 0.8254002818562436 0.22266385921986498 0.05870785646164445 0.3539668116784591 0.13140128587146505 0.24892528426706528 0.18147572258888955
0.21821788901101669 0.7053702769841625 0.0068164547101836614 0.036723094121870026 0.22888991155053484 0.40215127606251433 0.9176362943562433 0.35459472891144883 0.1271581487094865 0.4955766726676064
0.8405162464512765 0.257142283639859 0.7639681005346154 0.9591568734935048 0.29809368137767034 0.3656137786230724 0.2136373821618821 0.9027845554644013 0.4806744625687943 0.5812285801337158
0.7269972754487736 0.38228062446704136 0.8738859327246821 0.46769151703159395 0.3187819172866976 0.4792736346592339 0.32454789457593824 0.48498802898350746 0.019325195322643318 0.760817779459833
0.11046608588235907 0.676541856305624 0.3372265642491462 0.9713194996162694 0.11207906948090163 0.7956054763948349 0.2774988036814424 0.08375598790703953 0.4973659571598902 0.27179292285919554
0.3388121390469121 0.6428334439054114 0.42614894603155595 0.8649531814863074 0.2738008700213992 0.6696469086560314 0.15590138711245505 0.33112197925328957 0.03800011571447148 0.26556730533061457
0.5883984766580336 0.93407845702607 0.27583180495552573 0.4524958369033245 0.7350242723812177 0.17607237393055475 0.8961608520834401 0.7172894468883996 0.7982753207945036 0.6925766249643408
0.7752934162048061 0.1900755713630371 0.5679778577598863 0.8584589334526948 0.39189171855240224 0.3793381564216275 0.6129618052716302 0.2867553680179522 0.24613028855038832 0.9110710173614041
0.31241161700997466 0.06626793251322272 0.24452106071362 0.7749588954704867 0.11584058882436576 0.28049690501488067 0.8421855623724299 0.16746044413188987 0.5466116225385151 0.07795806384563575
0.6259545860603967 0.1398313249084615 0.371154089153663 0.32272415321114556 0.1945269354522171 0.9085399739618237 0.04450314224228946 0.6440683272328742 0.6460202918870079 0.8661925006123344
0.012514077432696613 0.5253771935293559 0.7185994912998525 0.0429970948052254 0.7020812667747824 0.925039505607277 0.6464680701195605 0.011962680844049722 0.06291750614675873 0.8058060752714123
0.09136132024516375 0.005440198695841891 0.33792614907773066 0.8641551250951547 0.08878044146581521 0.3162796841080754 0.33392514652076954 0.697486641333094 0.8085583502896139 0.8937894085838406
0.8404587860933407 0.6245084254341633 0.0709505769740797 0.41284823171151097 0.0016588108509283384 0.38296509009807056 0.9822945402213783 0.9939359417993364 0.38459406606008173 0.9689012748705005
0.7583837837177231 0.18251050436322025 0.20727386265431447 0.9529379475884903 0.7890537998373073 0.7580754441295555 0.6904466909331612 0.7115816677228176 0.2640788436634166 0.43644407136775465
0.7795630358221224 0.1453735460292941 0.22832979722451874 0.5531221329308788 0.5467468686959415 0.6207257610716115 0.7632453600879127 0.37139360801486254 0.42734778140260254 0.06858109380753796
0.10201989128546951 0.7456095483410157 0.07162149686211494 0.4005706938802156 0.8775133590404319 0.4883424926651233 0.9993135729813254 0.6621340513820658 0.3747395506249265 0.9394846094515236
0.4333975158680592 0.6321047187008637 0.6138914864799887 0.9160305426703087 0.6589451136133574 0.8995534287382351 0.32521326601468714 0.43320070745069417 0.004083295216220861 0.8012205688969769
0.39362998152949713 0.3307243755097842 0.07221824035341551 0.9866577710971028 0.14889863792943758 0.21251661455341075 0.16818470871720692 0.7932385393810846 0.9561445802114735 0.9136462444996172
0.9557040148531738 0.05948594766267479 0.9219993855992742 0.04540706738786848 0.25951169463620716 0.48270540496520664 0.1731579249879508 0.03746790251093224 0.5827419078304958 0.1356987427068217
0.08702387711589321 0.4954914236761485 0.3486320092454923 0.2973754680585907 0.05821423958864591 0.623275752836112 0.09533813957447412 0.32336589276669014 0.8700453070175832 0.9203867649686027
0.8536280366438349 0.8852799566671822 0.5067240009121906 0.3594132967470006 0.7194451082649914 0.5410445469024696 0.28981978561389843 0.771391359981298 0.1968131174754375 0.26379120599074946
0.551694553748982 0.2236073678517072 0.23127861647119619 0.25305547341537615 0.6689185484315336 0.7609050773633161 0.9800636989934726 0.07958747949359435 0.1703029605262062 0.999784170244746
0.2723290138721235 0.9738633103486817 0.8070305872951833 0.7139929381146395 0.40142329971424007 0.8584250937127696 0.9264676204194591 0.7309817670193042 0.3607220650436007 0.5454670118082946
0.2265920380847748 0.17049768867626192 0.8856348369762058 0.3736238293396009 0.9845742720286838 0.29976471576140706 0.6965867257876945 0.44170683957978574 0.1508983957148584 0.05410836722421797
0.15125727339702455 0.5121720916727608 0.2795134429540722 0.5775476242546442 0.10908492904368172 0.6033941340347506 0.12485576471767679 0.9747903046049142 0.18702321249919784 0.26735782533043473
0.8781849530190672 0.8342334794774153 0.7427606905166713 0.5581700126377271 0.438527834373884 0.9809833312777809 0.8600932281341157 0.7368315345611158 0.8176259607814079 0.3495733368568469
0.33086405974595345 0.8289993865087517 0.7636341832754091 0.8279743991124271 0.1288635058210693 0.25500786852598545 0.954918897686835 0.41765324521308045 0.153306459339402 0.8852064955068369
0.6631567289243047 0.07885071140348399 0.08298305001756012 0.038711653505839605 0.6140353250209807 0.18591506141330705 0.026903645901162343 0.13995806171681135 0.8842101880223957 0.6044394730927743
0.2832365064462712 0.9749748537572582 0.06477219957509095 0.02011708232331466 0.9255626044109533 0.7481006417844136 0.5943330724829261 0.2986410474659844 0.12394895035257303 0.4298906782471067
0.11893651612588196 0.33664094691024526 0.07806824450376448 0.20825813642105073 0.9713552283800504 0.07556117682806074 0.19056896548941238 0.20743114362671022 0.37893489460156227 0.09355086274420044
0.6411269331145978 0.023095717148148398 0.8069983460098189 0.4648488522588351 0.8350861337354589 0.03713406480563264 0.9239241172872262 0.38181169170877816 0.2953221135388432 0.9216566873960458
0.03436567924650247 0.37164603384548 0.4419393420997412 0.21956608896020446 0.46867890827016956 0.8080717927059853 0.36163909752700096 0.3976782176523974 0.3394769925859743 0.8175553669090442
0.10707193016110306 0.30846788589776164 0.280333400062586 0.6104172679243197 0.28621485415904957 0.5677923898186503 0.2670054583477307 0.7290322222815404 0.702790151750936 0.958487536917036
0.3881522145237478 0.6985033986967578 0.5909691445096891 0.6035186767340702 0.4803721573488213 0.08960743711883468 0.5510810409827424 0.31740873427455774 0.8714876700743531 0.059470014374986335
0.6377732207305326 0.24095429947646918 0.08635494277417244 0.022346644721552344 0.17804614898640625 0.5917797365399629 0.26107927329314395 0.22104661749951948 0.8038125205168618 0.12206847664039722
0.18436768563502381 0.6189528455207324 0.8721070402850502 0.6648495503890347 0.33885176101931525 0.7132538224275259 0.9157992552100529 0.9715069262455638 0.050566043141773154 0.5819182641626394
0.018639186535708285 0.8957174256784051 0.8713677839955949 0.7201071616660024 0.040691434261999615 0.8628130442581866 0.6169363718799763 0.9961316754628857 0.43369021362691906 0.47860196298738866
0.062091878155125846 0.3627296606099294 0.980574559588764 0.0779715615844857 0.15552360674083276 0.7963476986496898 0.16943899829343767 0.9911361961423591 0.7576215240143862 0.3052792572847842
0.06936209295552875 0.3141813791905055 0.3279545710327101 0.7469240415007471 0.5140515627905897 0.010594717941142306 0.6930417391096022 0.6250974454413069 0.11897099697530555 0.24176373338476864
0.010413052815100188 2.33082034830856E-4 0.15859040534949764 0.9269591445376086 0.3115596074359194 0.13848543366873178 0.61262865402915 0.6671115788046598 0.5542227329019505 0.5501540450340818
0.7536330882958332 0.3317284262881971 0.9435747214402082 0.6235138934005756 0.4929674562397577 0.8045871085528453 0.39219424742169606 0.14705201949707114 0.32825672900390523 0.611379697023522
0.3803419181750275 0.631272744941386 0.1425630504312243 0.41127285944037106 0.1508926417442924 0.4906499476387265 0.2940443273274467 0.6243865644275693 0.12738262044075066 0.8269669575309938
0.4045729558899407 0.7884834782449379 0.6789815806189613 0.767200062505205 0.006769418216717726 0.5907006601475017 0.8728008143460869 0.052265088246159275 0.7411312333855995 0.903943678897381
0.6518004446730765 0.8473607185552866 0.10841513962548033 0.5726027339183902 0.9556602944889714 0.550306200480022 0.8771560201248328 0.1385391163275682 0.6623304471479076 0.7111852189362414
0.12218398835062505 0.1758297287240831 0.8695789772200554 0.044771924052152134 0.5272257059540062 0.41154619117047975 0.9587063406058991 0.9166286359598106 0.023154704085292965 0.34988405422329993
0.08669686103670748 0.6144296478669007 0.05318028981220391 0.6882472055898803 0.23842975062765948 0.17797881872432075 0.7572421594475011 0.41643098137210577 0.7371737102412401 0.5545531079839436
0.15010414623634927 0.12383690677208925 0.159440236846758 0.37061827729256525 0.9311168974307915 0.7046910087712005 0.9293728993502373 0.6666267867018147 0.9083462715329174 0.34752683089667713
0.47820087084914287 0.5285225189732851 0.1457402759952987 0.4227327883930515 0.7458873379265095 0.667740080044516 0.8492344703861805 0.6407536405987884 0.9749537979859304 0.6509017421827199
0.696171704783563 0.6435733941620817 0.20056411448622657 0.6610778504176762 0.7821395450668657 0.013397801674692067 0.576302773792054 0.38439170930321975 0.6103039709323868 0.5349919010225491
0.6916838462079775 0.8589132249667997 0.5805460001652268 0.4319186355830694 0.3352785816437762 0.897200115419522 0.24918313151448102 0.21196252897610934 0.7364510825236674 0.999509263854656
0.22478507914325174 0.7033121456477022 0.17904336122265796 0.5116150417594868 0.941569051537587 0.8406138040114344 0.02195195048367693 0.14933550055138445 0.7090869511038116 0.7687980185925206
0.5843907006427234 0.9112811327170584 0.37539308738655996 0.8726197296375595 0.057735382525610945 0.8320055238689464 0.6606077821150856 0.4111415809164878 0.5911971120264796 0.9896503460545694
0.7187686742611357 0.5389293836904283 0.965174121989645 0.6753423563421409 0.7680881742119428 0.6295175215212072 0.8139815273196963 0.6560131461301518 0.6932117868814438 0.981741120388822
0.1887617799545701 0.017977105783820946 0.3677993695142846 0.1858212420551213 0.3617289631218231 0.1655165948666012 0.0717267414413455 0.6536277103527576 0.16450213128696345 0.16688792028800747
0.7844330394823599 0.07633428130873732 0.8261345815400187 0.7895753816708118 0.3244142708287564 0.8627185613076368 0.23054697563165083 0.24728482036608646 0.27459148143214873 0.9326498613892604
0.7484244076023787 0.8930822991741914 0.38425758696219225 0.5928452553296836 0.31523874378530614 0.8362472820275928 0.670533811362827 0.6057651137677844 0.2249089376889165 0.7348242730584021
0.7557431312946997 0.9775568955332395 0.1877142422365803 0.8215202562494777 0.07183504227463477 0.43724596587219033 0.5614259516699474 0.5575100877583842 0.4389718539942792 0.056911118075844924
0.3062255747535738 0.17687526767736172 0.18261392760180495 0.9713709706474226 0.13682865145172285 0.7838163260889417 0.3919175961920933 0.6959474188438675 0.5493346412526247 0.5954426281799601
0.14198581073836058 0.11216051424171036 0.8856756248834794 0.38485752302581877 0.503488646775565 0.7937487326509921 0.36513740929142 0.1724211920333456 0.9453969041738216 0.9791974681735651
0.0602785118565885 0.7374869548299937 0.300048772446178 0.1619976684431751 0.12367421685937041 0.5785716809056527 0.8044962019637292 0.9661455795770917 0.1822639833086822 0.5368341904059922
0.8580539936847589 0.701933688519664 0.707682473171609 0.4159001022764386 0.0432011733805423 0.7558719266507634 0.34380605152447197 0.5804857292253989 0.6454612339806999 0.7586173595922039
0.6268476361599457 0.6969371180979494 0.37761350852504205 0.29607953174152424 0.2686850914781357 0.4907149942673986 0.2645654204417067 0.7814079115379672 0.19070928785255303 0.6390201481028288
0.6774413692176041 0.9893565560469149 0.7933297778735072 0.6911678180430143 0.31892073845743596 0.6695606265491005 0.5253779702688773 0.2149839528068087 0.556584065772184 0.601548235422312
0.6779980866589436 0.20440981681473924 0.8770029389085722 0.4318499145548137 0.4692194912628431 0.15166620493943583 0.3905357694345698 0.6423577950114617 0.90825376683878 0.08674172402300806
0.25526831863832233 0.039124575267163064 0.6326627429204541 0.31763435314491995 0.6082640395267159 0.22208262884726782 0.8968945878204422 0.5666892344933969 0.09326616091916984 0.5987014827060664
0.1572871086455092 0.691539772596096 0.35622005075019325 0.6383920044927567 0.24648826893022413 0.2035731845668356 0.9434605174021853 0.2295038870808941 0.9593462838504982 0.3525057224304232
0.8821360985248946 0.19705252671511486 0.9826727614152512 0.632566731485432 0.8484177383021266 0.2668505028289504 0.4928839381858847 0.18395515680507668 0.23626720076080454 0.020507508504014282
0.41837682681753907 0.7126454540337396 0.628015982482914 0.6758019278654781 0.3175983049951605 0.23228482752366975 0.13773263470929376 0.8482166994939567 0.05911733616850978 0.1438369111081983
0.8493329726356793 0.8019701381624043 0.006611267489912032 0.9117917622845642 0.10361384731213608 0.0826625573547548 0.20952946485787216 0.8701756621709653 0.7018681750599137 0.8386979379865885
0.17929864735267198 0.49725842984343704 0.18846504708128708 0.58492910242795 0.1912860213607145 0.8347701297986739 0.25075575119629856 0.63951407266189 0.6943377644506956 0.5956028773057374
0.9318925806514944 0.9737599509552183 0.3325622262377481 0.9033875988549812 0.7906244529711612 0.7547705042062003 0.28812841457489224 0.5380000092806689 0.36185937968703685 0.4320015001213351
0.13920214233964445 0.022963352517830327 0.27276072714475663 0.8213682049082736 0.19374377347130367 0.8838804207722046 0.15137078245034008 0.2743376143885944 0.30774294597053753 0.9314406494722227
0.028231342284347205 0.6844773358961501 0.5255672474194935 0.4782127672742521 0.27619806786782775 0.7802221812260233 0.4904534709096309 0.985347177420976 0.25962169179557104 0.8801585308404523
0.46477163706420477 0.7534762106053469 0.7712955817176644 0.04591552063183735 0.9725431479907546 0.9215149479945837 0.024046064281331492 0.3577912039984138 0.5307968657226497 0.21772893140057337
0.4335681876555185 0.8595311283111884 0.6716974368626876 0.6193491862562666 0.6800862358273736 0.5712152227623122 0.47398243770811344 0.3201792542466698 0.5686450195605504 0.8529988933698416
0.12009640162131041 0.18005294891533252 0.021314340207652105 0.31749224389777453 0.5745109747497807 0.1356652497181482 0.12931569422304912 0.4348511586271244 0.33907237047421257 0.8892135236338348
0.5690566919836245 0.9521929269757557 0.3828189736977293 0.5594494710590948 0.8432855792541094 0.2577376079465922 0.7665628319399193 0.8791569635600359 0.7470543918307023 0.8601163167330805
0.1866312304505442 0.9537347568237057 0.17790601446845433 0.22457560945807464 0.6475152900533238 0.5574767871219248 0.9106772624061231 0.3103474812054766 0.7397748572276596 0.4373075411533872
0.2395359102574407 0.28724191711315894 0.5473997616929143 0.11814332387416404 0.45334723466412274 0.0745598985336674 0.03792958399304336 0.2597148041691516 0.9551909713806398 0.5417121135786169
0.8989856459519598 0.7015999823008745 0.4628274125577012 0.43746870163819285 0.17647008488781468 0.951381037101912 0.13413673872503284 0.3735542557033751 0.7425388349337612 0.020252376475252354
0.6500332117043454 0.4783409979920459 0.575556923620863 0.19107130248534343 0.25708176451543974 0.6576825318688292 0.06959555002396989 0.5157569525568737 0.5230215689870038 0.7524695599513055
0.10763252177673122 0.5821068459902992 0.09062713587696059 0.2662775638214563 0.4304691679008539 0.36451507437942243 0.028814819833352323 0.7515163189396936 0.9124777679637737 0.7787393029725486
0.47462847596853486 0.3887794081666853 0.715646050949936 0.8977789334382165 0.1357150240778081 0.7716314746594982 0.9349861262472685 0.6540898445541143 0.8801269877656855 0.41785961445149755
0.2712269369165248 0.25277563741103903 0.07876565752429687 0.06825491339510792 0.47081136097939336 0.45105965648726454 0.5855054834470383 0.40527844716878125 0.7585698652096627 0.32125540293739485
0.24101607013462212 0.42650596264844076 0.25504484985165454 0.10761768583950482 0.5685256887912007 0.34153371056729886 0.4182910829323033 0.311870542065824 0.8932458142249518 0.5260677514894165
0.8790790716682566 0.19787216050733414 0.46190341373910293 0.7632072910508727 0.6487801390192371 0.4927910861380078 0.2648043851563068 0.7294724944334002 0.5708132928200651 0.18033203266394726
0.1700771707232298 0.44191562508264737 0.05938531898493882 0.9309636247605902 0.6682232469335677 0.17269382666773325 0.6233578526931348 0.8947646797852938 0.9948272566019382 0.15877060225880668
0.4084257255204006 0.29441936009564174 0.6502557820564282 0.28695259039566634 0.007393243354810619 0.49905593240329105 0.3674010213613207 0.8182567463891555 0.08618638840912296 0.03403770825152852
0.3920018070688176 0.13064228207619955 0.9523401378822144 0.28747884418698455 0.5348006614199782 0.4054313556122967 0.05305238862636419 0.5111718279847262 0.8307729711530532 0.16028023995317497
0.5314967489406377 0.08177744486380989 0.7978900579112816 0.5403534965368781 0.39293855145516976 0.8875421179216959 0.22635497141008742 0.31939104242244964 0.5362998135376866 0.13647163081142877
0.14897651349075003 0.6336483769744473 0.8921705668234178 0.8438041146654274 0.14432290962269367 0.5742283977961712 0.1748651757787658 0.7497895306898382 0.4065239750983508 0.8971130742117751
0.30397435246571747 0.44319679574286286 0.07906638724462545 0.275241407417115 0.37996462862819647 0.02163350839480871 0.19465382719134405 0.7132701657399285 0.20872919773943444 0.7066779507258059
0.18918004501440566 0.973191966969845 0.7615947853358794 0.44998622265873656 0.36508940329322637 0.11777527664085685 0.630141645259711 0.7159523935135296 0.867876270596651 0.5688291208864316
0.48929470858902435 0.3071626746119668 0.7092008293656158 0.3985849191854157 0.8174958195461058 0.3107995673509799 0.12107601161758463 0.9250268590220063 0.6393682543133699 0.9873149830056379
0.05780601157250598 0.06579079530578813 0.8541367947672776 0.6971067551550442 0.975834186529646 0.3202915653786592 0.7921673887968383 0.766595527836462 0.11638429998734656 0.6960268555398406
0.0023430013489735835 0.5320141412489738 0.39175563812242975 0.37254530257915286 0.9145928160396617 0.6673853585366836 0.6333590654954705 0.40535547137488515 0.9447442113776892 0.30257772101059754
0.3980581891700882 0.31209128342999093 0.8129682261579846 0.36799350001904996 0.749105192451103 0.9545387091145849 0.33244094610306407 0.06435680372331143 0.4289389312969465 0.732667586615446
0.6914442558758221 0.3492338962778452 0.6233381192222454 0.7406011739551812 0.29998207643937913 0.8563319039698064 0.07989992657185152 0.19949569883008134 0.6010884197783153 0.7192860048154284
0.6885403919297642 0.17859061356045391 0.8573563480105133 0.35855955079068325 0.7576896689798417 0.34322978392917924 0.8148175131430929 0.4082452526041085 0.1270819984355317 0.2274425337547601
0.3191544004730451 0.6089700558170746 0.9465164033252738 0.3187130900412587 0.4133282756361052 0.6737697915358901 0.4196909321736837 0.0638550677776234 0.18105754165308408 0.845714687643037
0.06318989458415158 0.7574479093121534 0.6171832115695117 0.10922962250888846 0.06292999210952255 0.15808026976283351 0.10380921293216216 0.7914684054055431 0.12384752919295694 0.5926848679254845
0.6502070505341818 0.5957643994430813 0.803336260969551 0.25553828995236694 0.9148258907055127 0.9460943529686751 0.6949209911144384 0.38603835594976876 0.16935078135729487 0.8896563176503217
0.9858793499835486 0.018160490549376407 0.7876030995777433 0.7040764827466891 0.8510002956879111 0.03453398641570693 0.5461790486714017 0.7864239284646997 0.8643948448315983 0.3293677436537257
0.009073364075619317 0.36312636900151873 0.11225065669472178 0.9869943939849938 0.5351374650658255 0.05304370924127433 0.9716490186852319 0.5165904395708946 0.9950719161039934 0.3403709149255142
0.5840390665039792 0.3486697469019293 0.11375587397592257 0.5697050890682306 0.8966910905734095 0.995235962649989 0.4640665155380208 0.16252635024331408 0.7714264745111388 0.5030190814235018
0.5299439002142425 0.3725054389255167 0.06714954944791895 0.0880104237120064 0.929307834477049 0.04646581223951052 0.7911820190514453 0.12954878026515526 0.8415350691682716 0.5384914195390134
0.3841282931876875 0.023500517982795954 0.9195564570795123 0.1365859143965874 0.9539754587711448 0.7466144160166195 0.4832357198100853 0.10445262196858351 0.8073593785880719 0.36792194741457895
0.5885426251292579 0.71537906655857 0.9394039978681487 0.15809225871327703 0.6461348956850496 0.46087387182731243 0.23826812412404275 0.3939404625749825 0.623315369848501 0.9536174499937644
0.03651001626350947 0.4328266014622174 0.5049315507836047 0.9124526462603475 0.2986072795769391 0.14047211944964366 0.6116370036456413 0.0165551654028665 0.17244553403694307 0.2957593448694845
0.578035351320818 0.3465875200952334 0.8523161458747409 0.1673686945786308 0.27857909822307725 0.5925547627196224 0.7019400925511095 0.05964774829850905 0.7556971495574198 0.20124406794040617
0.3682610984652167 0.2588944440908022 0.25247660073608713 0.16054411195677665 0.18022808276356472 0.47627701967422875 0.7813255671492014 0.17360459312916188 0.4715137030456964 0.5799009621696384
0.2703959536575903 0.5627103082322283 0.5920916294563879 0.13607367421463124 0.2211458759171966 0.36090765580034634 0.2808226758031511 0.03860561670950913 0.9832737880834707 0.6988365627775494
0.7596756504782645 0.2950260283304179 0.20735732295288412 0.7748837784636593 0.37993595894471643 0.8598807125766825 0.7708819741768915 0.4086883930841768 0.9017310879703213 0.25781807944948776
0.48994539342463783 0.4211938303320465 0.5204291115182769 0.6229587335741683 0.22677599336705345 0.85885539926556 0.5669424910862372 0.6960830560505551 0.5823048823281761 0.3852757162604292
0.4036963235561518 0.2674605527543823 0.2233821552305041 4.548727353471671E-4 0.41399650597147175 0.5306828365085346 0.03583054421872356 0.6160063558609848 0.13976024609091808 0.8216526997862015
0.7173802734931634 0.9141033678177017 0.5610471917418138 0.2569193496726546 0.12863102080428013 0.3485846903929366 0.23055696742815268 0.8568396884013071 0.7055381957991034 0.10856284746828204
0.4772345915662227 0.8415846251665079 0.5035226440743581 0.3580421293023607 0.17535232077455132 0.9217980067164456 0.9911539299663165 0.0894670345330727 0.6389129022772576 0.5707552859560381
0.5404593736371273 0.4847867775069974 0.04594574184749356 0.46115781070940887 0.6712623052678925 0.76453490009857 0.4232441277216835 0.47723786060202633 0.49855481773881516 0.12358744551963996
0.629318032927868 0.9716385436657513 0.5047616208861992 0.5016770023168938 0.9618139541553234 0.2265714751528759 0.7128530064202369 0.6174040442754103 0.985379214729324 0.4000450210629466
0.5716173467383534 0.9064012868843644 0.9269256211360336 0.5904936836960736 0.38100375452559176 0.7474702848001085 0.5174726958858911 0.036929764124747244 0.8832985150850928 0.6349243531297574
0.4732285187682921 0.8867760049747033 0.7249992308643387 0.7610350983204301 0.9032920382886838 0.4098282630734783 0.854603249723149 0.8093946106262632 0.8073372325992129 0.014335423276291337
0.5631276233953487 0.6281690024270425 0.4838666747335011 0.9299732140833524 0.7970298832865123 0.8516333824374278 0.1080977893712185 0.9625278473056534 0.5773005986905354 0.4690417618360886
0.9582725367350723 0.2963938521689904 0.8438495953666301 0.8018005512744524 0.7701569515910526 0.923530135426311 0.8109102443814862 0.34307723408398316 0.4817242246412421 0.9113070871139091
0.9670368804159001 0.43839051410248886 0.19349114275701074 0.3867166288280818 0.18237231950616228 0.8413922329888089 0.514704595946459 0.8107061399900656 0.9962144710484913 0.7659651085285322
0.5915509480616226 0.8439365402350917 0.04951158341558015 0.1739250096405328 0.020788366684956983 0.8640532756145124 0.7997683626011831 0.6870295670811897 0.5406777351587552 0.9845986389007136
0.10994578228838059 0.6926602210062546 0.8608156837593816 0.24698275317734442 0.038289676326966116 0.9244577678341578 0.2434483025594717 0.50946908031478 0.17262438428816418 0.04235612747373807
0.4810721215242184 0.44092038922131727 0.15049935726137975 0.5108730982540068 0.7286042567078068 0.942089067238733 0.585678336937696 0.3801805690444724 0.24313126164545218 0.26352572854744827
0.4818120492535606 0.4113911336688779 0.4602218539374383 0.06671828735160912 0.3557371240093713 0.355661871281446 0.9930160338843308 0.6838633140845259 0.7156954188734588 0.09613026097417954
0.07877898600867561 0.8717104639452325 0.2438693880554662 0.7923609550513984 0.7173353419051129 0.4262091928578725 0.017981054620357595 0.12889681405033493 0.24677535090054825 0.1272273747334477
0.37330323941537213 0.26267085332079676 0.3840518015773865 0.6163988585226404 0.5542834292109927 0.08845062054067154 0.8215620628743222 0.976197444245766 0.13408273389017356 0.9971499313970454
0.3155373468408318 0.9746230730707919 0.29068279060208413 0.3887574296069547 0.8280369595500627 0.16742518291387154 0.41981649836073964 0.8197951107317211 0.6915723592396665 0.3085775968136899
0.23782865579009171 0.8146344257844604 0.953862016474766 0.8097577943881972 0.481675068496074 0.050661176610505065 0.029945217755675935 0.31087317239190193 0.5486199295052024 0.8391949930802876
0.5398587916475498 0.7762151869401132 0.9347927613658994 0.5672326114076379 0.742307962299968 0.914612112289108 0.1296178822581019 0.03949907599783298 0.2882385414484252 0.13698955402474844
0.7022308631710621 0.46595407098246955 0.11294473652435932 0.7110374854244296 0.6763482557256993 0.17681544319216258 0.16132290808439653 0.2502209163221769 0.9316578729493441 0.015325804334899606
0.2981088299724024 0.1831614236634227 0.29264899070468053 0.7579018055584299 0.1934116039325755 0.3894546338697974 0.1699034111069131 0.841970350164117 0.19358512679198914 0.7592787002842452
0.10421925702318846 0.14370951914116925 0.18845341757715017 0.03668755627512299 0.33054185400796776 0.5410765347759536 0.26813366927083326 0.9402716765561462 0.5265267351249251 0.5219186384021011
0.5261765720391225 0.21990848434567933 0.23966207250480553 0.15262724654429072 0.7104709124487701 0.004613103742916458 0.09722889577119698 0.30970981926627517 0.549334916457849 0.5240397973897439
0.7949793728937761 0.1948172125375094 0.4874448027512671 0.04497295864483275 0.033264668781654905 0.8031795303881885 0.2547259444703939 0.6541860461844963 0.023445966025283815 0.19606670862304088
0.161059996127764 0.34033547961676947 0.9227728954597626 0.1398041407351266 0.26063715780063323 0.6800959709845377 0.572516383428265 0.9170381513673249 0.5620093262874954 0.3175326333300761
0.21199347133600366 0.890359990129877 0.2733769247663116 0.34074410964580193 0.42022369679072935 0.7040608697448818 0.6673680098797669 0.6061005144920185 0.3973079836567973 0.8467050332018071
0.5255458977305728 0.03793837328142813 0.839223145921304 0.66537129554645 0.2801066023537896 0.9403645884154189 0.08257538517368068 0.8218286045949086 0.9087056234939062 0.3978596725682295
0.8999593817106586 0.6115739077527964 0.35807896037704756 0.9126603010040325 0.31191962041943877 0.52857563348928 0.7731001498827087 0.5294399348674278 0.048113310819559496 0.9517300133019607
0.09014190255013499 0.8315951076073295 0.8381249918948985 0.8534511325783332 0.6170872997833062 0.35848475174047933 0.5414851136908816 0.9864799453856994 0.0670619823814318 0.1892582143422189
0.23679580237345765 0.09191180364825469 0.13893551273518356 0.6664469895730809 0.7814694598652286 0.28960532211863443 0.14486650484380892 0.4912845676231238 0.026436261912742176 0.9615505774514279
0.3736428135735568 0.7127573421178619 0.8242793506364589 0.1194374608059372 0.8482944612470531 0.4536788118032382 0.20460721813220273 0.45958040102912523 0.8874338454879408 0.5696184929449762
0.6070746949831528 0.05151825537692134 0.4120038208442073 0.820305862427083 0.8603157057966263 0.8810237532768475 0.2525915046351037 0.5481686654454264 0.6741518923501297 0.2739197090679252
0.807191457402544 0.3049542694826096 0.772793628395213 0.564013866631495 0.275279195629447 0.3449212954315568 0.43835069957940154 0.23662845227359997 0.3512819032882092 0.41187857856871046
0.15682196263696602 0.17861396431039323 0.6990101928951402 0.7873866263312903 0.2628347822245396 0.5964014600017246 0.7483412167458325 0.13872687181696908 0.9647564930782397 0.6255610497749008
0.3564199856420165 0.3077818353606774 0.8984018028647528 0.6484991274873093 0.6578721623727252 0.8157598678468612 0.40541154975958116 0.8613399394504349 0.991998426725685 0.5237356322323603
0.06147976702761526 0.6867021344679484 0.13964702772186188 0.5852677998461399 0.5899578380240965 0.2159943510471235 0.22843733218586848 0.5548939015316204 0.1879655016884838 0.9830181896209574
0.5722342983850098 0.2750912498899456 0.4649907812404128 0.020080984382078948 0.3992500909531008 0.9543324122739972 0.6480617857898688 0.3284849739055453 0.892875372929172 0.6701522554479175
0.4429253985472418 0.607172937660925 0.22031975853223829 0.3836828603023422 0.9572691344086683 0.32647559037739593 0.25636762199409213 0.4359018736434277 0.3898741308920354 0.00831859728524631
0.5230311436210563 0.4108784831041352 0.76868877836627 0.8799125933497495 0.4606101591885041 0.1975906309729274 0.8811639578557057 0.9048624559023055 0.5216441288821875 0.05942586288421137
0.6817927738542064 0.5637970311282272 0.7364683673225529 0.5292678279826849 0.8846486746435144 0.6560339893131117 0.33756359326563845 0.9881084347674111 0.1528177764197869 0.8244587316556831
0.7496134805588442 0.8564161787649708 0.2819730368125549 0.4677107414813828 0.7531627673182117 0.4300286661435887 0.04193851074193977 0.1969338406112322 0.9119936161968373 0.5261279261343248
0.8879447836769636 0.018762128239097287 0.4178159029671308 0.26989477420677954 0.582377254474851 0.9818763106863176 0.3505923257050403 0.548728726081442 0.8781707040688973 0.1113799524689838
0.9787968582461927 0.888458284599288 0.8066057475692424 0.07340907591048151 0.13113108106746396 0.7647555690251862 0.7851132694864786 0.16180199979861287 0.8596994561000096 0.65300884210488
0.7147955547762336 0.8793216321014445 0.5843717139047298 0.4411948302945895 0.4727237673387451 0.5978349683567602 0.659036165580597 0.18283224102571705 0.7206730915779539 0.5250199435766776
0.8326753947996408 0.5508869632305068 0.7498085263740288 0.47958296006567547 0.3916713147491554 0.7685381532424382 0.1599359000433931 0.7826349874191317 0.8644740287265806 0.23900391988820413
0.5322840999465798 0.9097878093716658 0.04574485460608668 0.5741638419669944 0.8963860793798535 0.41669644403018113 0.7543106316628073 0.2305054774544204 0.7144780513619198 0.05018743963472716
0.17774330804518146 0.5009597952952576 0.3109372863151374 0.887777316271222 0.8761047058420378 0.18248096514211798 0.15963125910980902 0.8102986199371792 0.5183737219893433 0.8417638879439743
0.20865153045579932 0.6055162615984628 0.20729899246387629 0.23528238341194296 0.4697582297631159 0.5250300368605548 0.8118972641543679 0.10487016174127961 0.4289619189862748 0.17242333753596428
0.07154390989212467 0.2663552836237425 0.4450214630113428 0.18753264258656754 0.36157852846730243 0.6362984085722463 0.19423788132802056 0.3098759374408827 0.9175757059782399 0.6006737352432877
0.3927763044530376 0.05369256057205685 0.0039066466935187005 0.9193709816248117 0.48184869284735177 0.40771074356584525 0.9819448039063307 0.18168550283838703 0.6964425317815149 0.6846736517147668
0.4842447992902482 0.6805028919776883 0.9548819399898174 0.8888181987009289 0.9332503925477005 0.4566736035273482 0.30435865550270325 0.7439155363499176 0.4565641559854884 0.1801115642215353
0.23667302160128456 0.8301457033797822 0.8455377630730703 0.4804408812040347 0.04877550019450849 0.1149934224857867 0.5799185187250605 0.31755255402415616 0.5643017998223487 0.5315156301504288
0.09851437575526334 0.9912233733217027 0.9551452635133443 0.15674597520251377 0.43431594335588997 0.42898723625255275 0.10621294980165719 0.9736647120725791 0.052241046951776005 0.46273895009767196
0.9518620452625164 0.16207761487524885 0.22864351583074038 0.9070890273329191 0.47911599495489354 0.35691060636934724 0.59395453077266 0.38627757561572185 0.6406104982135269 0.33684124817785976
0.5233017753693108 0.02149411320850403 0.24932143545397767 0.16185251077016405 0.9046776246528206 0.2867391864005292 0.037478451433953786 0.865207901484705 0.44020466978828254 0.5689031348177165
0.45366905353077835 0.4235113578013011 0.04327318509286282 0.22652572320555264 0.4449901056589085 0.8779293574842357 0.08280163229277471 0.2317400483215616 0.42520491503860114 0.16031645711021814
0.19559823494165585 0.8011931551264869 0.865215748317274 0.3899001826655446 0.13877774689818023 0.7742741277150443 0.4587630241958778 0.1493444314551109 0.6864143771213945 0.8807704415636264
0.6141144610898553 0.5234252986456936 0.8880884800161313 0.4551119305486554 0.10160809880125699 0.4892169513674256 0.10171082282819677 0.6006507570551988 0.047265998578645996 0.5835992987344203
0.08898514653924561 0.2849649038219335 0.10429556440555376 0.6420633003832307 0.11909630126308046 0.35596203626371825 0.5571480501940178 0.8022038787708908 0.4646872824845947 0.008599145301414923
0.3169050931687253 0.8959542385983088 0.8939160173653281 0.8033227378321238 0.25211508619078193 0.8165297102889741 0.7633582191904171 0.9398736753277974 0.0658040019541678 0.43921323369576404
0.09875002146062939 0.12388901267382257 0.9772352905325722 0.1995285960544787 0.6140402769951772 0.02877322027456941 0.7960966193216663 0.4880114601457797 0.963949060438463 0.05159964479998269
0.5871414462393688 0.6077027352197278 0.6512055083150433 0.7893419148769952 0.014915898718387277 0.15865253886877606 0.9168644606356225 0.42052507690806373 0.6310524472609703 0.36313687108369075
0.6305785347087564 0.967424021451255 0.8207136930030513 0.02595384274469692 0.667427910874672 0.23522668766925448 0.860121235476005 0.536079783624594 0.508887549406993 0.07711833399295065
0.5537056770300323 0.559129811268451 0.8377376585813319 0.5180323423661625 0.21726591881567703 0.8444814585867761 0.7101997691248749 0.18485177657891094 0.35262735578026183 0.8765843008999136
0.4833074717173207 0.4371351363270649 0.21963974245196638 0.9368919408032955 0.051497697207370075 0.5699793036457597 0.6529574949429754 0.5110176751788362 0.10363415674633569 0.46942067480523175
0.8938967659070283 0.8751282705912761 0.050152280760562995 0.14081563392092333 0.9117647781358237 0.12625516196416897 0.9897403802504678 0.6019299056071777 0.6744089701775743 0.8831158312764691
0.5859493163679586 0.7350055008964496 0.09433458646093518 0.37720265125472074 0.0063487706792514365 0.8258633771095775 0.9245914167629813 0.6783101714078893 0.1403253286058268 0.6831384657113704
0.707731533221098 0.354336170378019 0.15634366786903087 0.42703324506470297 0.9914915328681996 0.9521056818730647 0.08546917909920748 0.2645146996615029 0.4164545526360982 0.30413130686184286
0.5251765787712337 0.8266691914067632 0.953798719987113 0.8156373181346319 0.7459456228819993 0.9339677747518393 0.5253402275374474 0.566838793423547 0.4528719379952296 0.9764848243281642
0.47343078482051415 0.2773816360401059 0.20549712195681769 0.44865093656564425 0.8648711474309568 0.9230126222492009 0.03128907514217205 0.5619103875619403 0.41085315876635087 0.06896350278890861
0.0816801104663053 0.27369295001947547 0.8640452277745516 0.7901967167331444 0.2742967714686655 0.5173981618748632 0.11428723357305404 0.3855743864300376 0.740991969217512 0.8956298358160537
0.8459622081660721 0.9611766545098535 0.5585167325397485 0.6077071988207633 0.5429643381871446 0.35740898035523194 0.6771450306309016 0.922518744626391 0.8312838339831664 0.8252025817074278
0.18229217314552082 0.07907294274412247 0.634581065987743 0.31852593950114316 0.025143670689924846 0.09964023465903704 0.38472375290550476 0.2635894322749833 0.1405376548763897 0.6341685822491506
0.5771127829129828 0.18953931336201613 0.4338211293376809 0.6196950729879842 0.2897234743992262 0.6611010616998378 0.46312657379693967 0.2347640373016927 0.8951411225284993 0.5405467281978719
0.7694917210158365 0.35640205726508956 0.08647056515488027 0.7245241034929687 0.7144725503721108 0.4859890133972453 0.5108519483657058 0.15070065767053442 0.3733753226614839 0.9004029111333285
0.7584153913058719 0.049838135406890305 0.5019608136118838 0.6061063642385566 0.18985998446080232 0.1308289609523654 0.8454498232088488 0.5263804593940944 0.10244275178202522 0.6293882990405559
0.09088598805035031 0.235701739870672 0.03201637835538984 0.9255111094964343 0.5773883101528197 0.4702965907302773 0.5678543485468247 0.7404665053100146 0.47355251708639834 0.5901963354116065
0.9173553304344101 0.7610161399519584 0.5072367591775988 0.14565604267498 0.5993187584479162 0.9067077643202008 0.4901938556304076 0.7095882181376051 0.06733629973144573 0.35550859795154566
0.8184887863406054 0.17770225585728527 0.7689447555718776 0.8737074815439444 0.849366762441736 0.8093293386338142 0.13153765930677574 0.9579289945418137 0.556213608794544 0.38445165258989766
0.23263455197529492 0.790266355701124 0.14547705606938588 0.9862436963187483 0.45995839328461174 0.03195463020198819 0.38289355747093123 0.0834726091818152 0.29587296214534486 0.03666893631089119
0.22109279970218432 0.7833935191842122 0.4710839992275516 0.15144741998075795 0.9466271312458006 0.353315141764729 0.12410900690785598 0.39140203672563245 0.47170148000654466 0.36779926333518986
0.2758726738446138 0.9237946119488967 0.5843542116823607 0.1284979102924294 0.8828858503773409 0.47771955980849623 0.9405672272145249 0.3249199121917522 0.9678182064812112 0.007548950541541255
0.3327594055195857 0.256958463644374 0.8428756974256804 0.6814593881707679 0.30134430626412667 0.32379989502755413 0.2392458595531044 0.5407743036475062 0.469509813626546 0.8988732038328217
0.23497559741801566 0.9815194251221439 0.07610336583880639 0.15678862041923436 0.2339972505907586 0.5465032379642983 0.05748372258268175 0.8957531040033987 0.8906206997361443 0.3843981625787044
0.6864263696343349 0.9077390113365144 0.7966608205299488 0.1317124944209871 0.21464597371144423 0.988721784888372 0.9524707950792647 0.9042067652240878 0.18522674885404367 0.25259143232808146
0.5285038209586538 0.5462229301439814 0.08222684100363153 0.014881649126367136 0.19062691903036555 0.2795582781366669 0.7669508865251076 0.14624901555344139 0.3102623229996925 0.4179299607242525
0.7138601355049442 0.46067496868044977 0.7095337252182348 0.8687408950241636 0.4038170628549702 0.39965066435711794 0.20194529229785585 0.7307707637872524 0.35833725584537623 0.0011456024165670264
0.08072441201396285 0.41458082722327716 0.20574850121178412 0.9009483297312499 0.8798091210322772 0.3618346874059981 0.8586330738483211 0.9040080379085923 0.18656393244365932 0.6204015839458943
0.3516562192648772 0.4846941305578082 0.020658788082663748 0.24402281888476762 0.1398600098185595 0.4274296207964815 0.3101471743987081 0.7284855988102258 0.6897284962324721 0.7029444717700271
0.2936320159183934 0.470663284113748 0.008806730339391278 0.5904325689062396 0.2565080717932793 0.5424445437518605 0.35438266822325015 0.002186440751629215 0.8696225282838694 0.9084881957691777
0.7377174431984684 0.9448217462169143 0.5402960282766197 0.584904645332694 0.9975361445753728 0.05999356905821396 0.6084985909846268 0.13537876840526109 0.15496819992084987 0.2275447566304103
0.9250759047224806 0.33191314337704403 0.48185205170574896 0.28531660485783616 0.334273543344609 0.7692847645815543 0.2152964562003168 0.022390116562506446 0.8494077956410148 0.7154721995023298
0.13361659853883578 0.736315988294375 0.8583838097351129 0.504724424993654 0.2722400399371475 0.8099303270811885 0.5248627190756303 0.33560649233117745 0.9029039500073726 0.9596418465340726
0.6612314936265934 0.4232713075212079 0.5254419038332623 0.0346157312705504 0.7411307655050984 0.07337079950174519 0.02868475647059965 0.5050682528529075 0.392147036113245 0.39443409130352913
0.3654768048023561 0.06792540385167067 0.6633777185546949 0.046203691504422606 0.05653510156841901 0.11938754417343933 0.5979287954923914 0.6333358080097395 0.5888562349918643 0.1964816367415515
0.15700640246402742 0.09703373431924611 0.30660148736582804 0.8734712402431141 0.34011535022356565 0.7315985489631414 0.7058677988284451 0.014033783293788016 0.42497908949029684 0.2585443333327646
0.1394786565589844 0.7264036345341492 0.6111470465731873 0.7278400432315169 0.8139053981367255 0.8462182707712149 0.992857244546383 0.8840035931569559 0.6176561313675547 0.28059454790292415
0.7095729881504874 0.03418828200292623 0.758946173873836 0.08700044693665099 0.3267147986914747 0.38606527367486376 0.4101898591027736 0.7317771288244781 0.9844595937598192 0.2852204278965109
0.5578309912125743 0.575705077762568 0.619081117014924 0.7749472541884594 0.038255224015473765 0.2677972880975904 0.60915712194068 0.425732385693549 0.30400412594307846 0.3935412441021915
0.528070098400204 0.43739365304862265 0.8092377632594512 0.4201008679028836 0.29458038547812937 0.6037450719725914 0.02936873776017679 0.7085283127618303 0.9048515503579104 0.8478269475875199
0.03701743679249381 0.1218248574379397 0.10215983818809349 0.6851538122879933 0.24491448131028803 0.5477289011802933 0.7946210305455229 0.15309618957921156 0.39610343725094743 0.47639867305548467
0.7666192647108195 0.4564271045413434 0.13277304335291584 0.6256952652860316 0.24622451422970737 0.8222277430051537 0.5072748308266047 0.4905622249105651 0.18873644188148653 0.8317608121066553
0.6123584859018336 0.6080353054093487 0.7155941761664212 0.802584661702164 0.10238429085327216 0.2757065123712892 0.008243084367621667 0.6310943159314705 0.7532479825353274 0.4390045080616042
0.0981513108784755 0.8738410517131346 0.36598029708818636 0.47144332863802396 0.41701991415110695 0.745394622119508 0.2574598053888524 0.612029921601209 0.6753328511691707 0.14117764767676932
0.30140465261370475 0.8953101819040722 0.6227436210298419 0.7556149020629476 0.9837843958886273 0.5120725655547225 0.5103977547208196 0.8591046873063062 0.21902126503914476 0.6725167378312362
0.6231416356732324 0.3217334392782404 0.7368248775506262 0.2087345131738817 0.07866930883484013 0.027318648569630954 0.6942325894427814 0.3496390024320033 0.20101119183393013 0.9082795866734034
0.7934033728947111 0.32901677132539064 0.1673697051186197 0.44999886656551613 0.5929397914925874 0.7461675426811785 0.3001584874912815 0.6627526115431435 0.888989326336174 0.8886342792506856
0.3302033290566051 0.19995027433342616 0.012103095240948436 0.547815926695795 0.19241495052013413 0.5133399649645426 0.6368058598283056 0.21079436635934357 0.4318446319830791 0.6789986645712331
0.23305856029645666 0.8954956286520674 0.09588599397736708 0.8023410987588097 0.6022708325048337 0.31134484903231674 0.06748711235046745 0.7160447239488651 0.035247298382594106 0.47386379634505127
0.15458922934688613 0.021703061218025343 0.5054285342383047 0.3791978905318236 0.8926096388890838 0.3941827080010082 0.9680136049544101 0.8533499551964225 0.9396379028150649 0.4670741959280631
0.27402818517434946 0.23093603496207848 0.14811620296790207 0.5482906564873965 0.42812818724635915 0.08956794975849314 0.8821261131354379 0.8767821525348688 0.9199060279746741 0.8685067256422035
0.9160056084237466 0.12449790544510386 0.6406928079602078 0.8340193976855509 0.29787188162843037 0.37214246673005846 0.46132649192472464 0.5189113239547347 0.8907269253981677 0.8429361625220173
0.891082384405148 0.45999494977006095 0.9141743721046135 0.2655039108524353 0.363939357199895 0.784795050789775 0.701377656033649 0.855180788435 0.6055810336623787 0.9575795192561057
0.058741562225263055 0.552436954337772 0.22300874862351538 0.7848440529127197 0.0698999244783518 0.33778800724953983 0.12836824514732348 0.6016676920712167 0.9209445672311668 0.1544716024686853
0.6595704476262374 0.41289585991341593 0.34043185511788154 0.21333475537961555 0.2925112762609754 0.6468958313662616 0.545554790893587 0.2287906322819827 0.6531736125103716 0.09466950111990602
0.16496989106753523 0.4403671527748976 0.1326202579773419 0.553396678222607 0.469120410092127 0.11128481446027416 0.783863224365441 0.6710214065735852 0.3804981514104918 0.5636638368074393
0.33682209860789825 0.4972831928842196 0.15913807730076646 0.7093761028123248 0.10605952010185937 0.28663351791111746 0.3627417340553951 0.46622058190922977 0.28570953102899277 0.16976753523147392
0.6661764293431995 0.4110151939044294 0.6269906181902907 0.41303975560167894 0.3916994592017625 0.5143624231210223 0.7759214437671766 0.11882150417123405 0.14910741335861122 0.8262595949094735
0.6123347699369504 0.384897126823844 0.8141128485279623 0.5373892372172322 0.776010803975497 0.13728486365120118 0.18360183207451153 0.9278385649830607 0.19172804700163282 0.0784076725847469
0.03802728957560664 0.33316157326202367 0.8122565287625648 0.45132758440045173 0.014045245987632793 0.4071111203874359 0.9867942928694999 0.6107975756187355 0.6446017408608504 0.6410323658864153
0.8320753372359533 0.7131723024442851 0.15903059729660574 0.3118232377045843 0.7343530521258652 0.1897597096245388 0.15232327736372864 0.7735313305921017 0.6426900663816095 0.05198340347491881
0.030583700638001532 0.282070914745814 0.1274622381897823 0.49176561610203695 0.21878269036499276 0.3482079500433054 0.27271046078909256 0.6868287584546675 0.47727791331539104 0.9508746200021735
0.34695123100393355 0.19815361403074883 0.3151672103135803 0.8110393663646173 0.8542828522890948 0.8556204673790777 0.41139415242474964 0.3257722298272675 0.006101172787205789 0.5678988721889343
0.15862697647610924 0.6928095577927156 0.8734650300857041 0.06394097185278391 0.930282742929213 0.21783599164740253 0.4811283545131244 0.17597190348626668 0.4376711655893406 0.7898658688307636
0.886482292766769 0.9076604836236242 0.5920829288103855 0.03452020260869326 0.850127215351376 0.19619169108858192 0.6157501275955191 0.7106593095062804 0.04952130314979075 0.9732523504981008
0.7559567623172042 0.5027456411449605 0.913128825383847 0.8574797194431455 0.8481799696727551 0.47947471523302265 0.05971753618102693 0.5697122993331454 0.14699328539594847 0.13862707579760347
0.01593166440505045 0.9524210678288798 0.2975654672537825 0.13875717542709454 0.35499308240626326 0.2959880210650795 0.055939427749753134 0.5302501346404362 0.6503602914468901 0.5270389512987026
0.3828779295097713 0.5414408298284039 0.67040061958268 0.6978251343282795 0.8339137367768922 0.7499037031784781 0.0536087550905342 0.13068888899015862 0.7473439650477507 0.7746864481282602
0.29863003927878595 0.5179360894819841 0.592259386187932 0.4621740372161407 0.2793245701733459 0.25497863880233784 0.9803016635396177 0.9064338546013327 0.6523339508137811 0.29339789313555975
0.2676924816934746 0.5443071981480581 0.46308970117171255 0.8406204285925494 0.3781802507899933 0.9961755909910202 0.9759282588106768 0.30418522244124424 0.4629021031120092 0.285245527781421
0.2549548025508134 0.9811214813297126 0.2797594572894184 0.5613580209074815 0.3045240441651156 0.12674492100339219 0.7227582130482987 0.4797448819017749 0.64168294029533 0.20221911848877694
0.7608650377397642 0.9408161721298343 0.017647160771055326 0.2965184084203396 0.15628374483195384 0.9839786302637847 0.6313589331534308 0.945966848905062 0.723656525136155 0.24664833380725104
0.585401487232619 0.8333178835492021 0.5645470818230045 0.5490345983265398 0.523020738973711 0.13837746660251027 0.6656635302324092 0.8459371445347189 0.3547325066735938 0.6334630397742395
0.48463124822470327 0.9987115321096126 0.7339691960307704 0.9695297063757748 0.663726796634165 0.563722853022065 0.47344710171981663 0.9825839712034246 0.809835956455145 0.06802100071912054
0.407411896518601 0.26504430927678146 0.3580003595996014 0.048635435177946995 0.29964588758864374 0.6929971892395251 0.8962688088661945 0.46880111675432845 0.27309818011030074 0.07783614364323377
0.9711708623297274 0.9925915100977346 0.894224544055445 0.6195603166916294 0.31598194042234096 0.9988483691236529 0.4836008235976079 0.37904836047957213 0.648050593894987 0.14596261211711015
0.44410016375751693 0.5579122373123891 0.6668103926773862 0.7609738069195745 0.3989009749245187 0.9770749084528895 0.6507001461179613 0.3196208135743782 0.7138189062420017 0.779004662807686
0.09906814058313773 0.808389578308674 0.541932794247572 0.04357785670089076 0.19423711199788407 0.8152680095741529 0.8732013850001398 0.7038315152243838 0.4692586659650446 0.7828326516821679
0.1977434935202972 0.8754052919208568 0.9584872817902951 0.9754551797703782 0.2986817267171532 0.4722622581262237 0.2809555745158495 0.36183119403193664 0.37892557251053494 0.7713166030151459
0.5606340515223927 0.7946978714061249 0.19599690134344216 0.4098854925071421 0.8230101426916158 0.5815206647654174 0.1299771886172857 0.1524211358290336 0.5240229098393432 0.7830941366717329
0.14188225476581173 0.6467690775119361 0.16524156703268522 0.35141507757261603 0.39324704861386406 0.3052362489454602 0.5282767701161699 0.5238509823542271 0.8924296862222185 0.39204300995717
0.921766511721282 0.7275404066022207 0.9091199459485282 0.3762714310753199 0.9758785890473881 0.6161260938307993 0.05576478221836345 0.6182112407658609 0.9421240919767674 0.7603359248362009
0.8730993838834277 0.4970446078654114 0.16037774645416492 0.9445903772892206 0.4766989095053671 0.15909887837567604 0.34035231540555533 0.9837298027193612 0.3224432516408441 0.16843665046216905
0.5713759048148512 0.4671182535913334 0.4310126012285943 0.47534068156269593 0.5221726926013983 0.8617953882325832 0.47500922480556895 0.28329060853406796 0.12144908402898691 0.9620113892235177
0.9770268274027313 0.5913175823131186 0.12043879324389506 0.759394205893585 0.4929656112832319 0.41616180675069125 0.3301619902955917 0.4261626114857635 0.062117746215705094 0.9574470145250916
0.9990053621333816 0.25321214802799275 0.3940243364151652 0.2591251411568386 0.7503309099327485 0.06556583492428047 0.23183184769151144 0.24173346879807922 0.7351739725757329 0.8495947691346839
0.08285216852923027 0.33254551327398874 0.17169122937103443 0.06957847048778965 0.03925730228137969 0.3044857866994308 0.24087179430233352 0.4255884323596808 0.7253162452278391 0.3497182971610371
0.3871262572262534 0.6103426436013303 0.5023078969221187 0.8601069069604025 0.43271917766726264 0.9595929879345528 0.9382206349919472 0.8642852780777248 0.5566130893090631 0.7587711040418613
0.20657591502345551 0.5798628824651002 0.11114299638540226 0.36803272514302776 0.5171894058063854 0.07933296543325852 0.45404215522404434 0.25850457849258035 0.901409977844761 0.6395369326386628
0.4586914878064141 0.5144515384420906 0.6753534494753677 0.947079202951277 0.13206646308728842 0.34924650081430786 0.6868744346909729 0.9658751638336377 0.8177069294912693 0.7074386991239806
0.015496361970187555 0.9380544348412797 0.7901369053435706 0.08088125251266765 0.13924608842011388 0.6857299830911867 0.6575127181007193 0.2537914041133663 0.7083162335971693 0.10868379677683371
0.8808799476859857 0.8097826456515362 0.9727049852532436 0.5318074578964671 0.8912705560630432 0.8833204262308822 0.5994593869353663 0.34617645752589954 0.7399736542771844 0.8187183709095588
0.08487521184143587 0.20892501238327355 0.9526645429984588 0.11170511947369399 0.2179823426373656 0.9196281192632701 0.2746786767488908 0.2517568971610441 0.08387206350217136 0.9746856306508975
0.2925680636320459 0.8578038428739536 0.9088982224060463 0.7162434376865927 0.4961801825305784 0.805583282885517 0.6445117724488966 0.9384747415814559 0.20584982958831521 0.8818264066631014
0.5624638915923906 0.7915840986026115 0.9308971339171507 0.8686295736739537 0.29134012267323584 0.8326861122828364 0.14847542128468671 0.8607744180383612 0.662864087980099 0.11274903643362022
0.19591503498753504 0.049426730423719145 0.4561361477541872 0.2600831704146689 0.9550603073374023 0.16755601850067425 0.6289487870480456 0.6233931646101142 0.27369847582764706 0.28558382954545547
0.9075472010008884 0.6712015237289304 0.6170310527755837 0.6701811955342261 0.6696799832210979 0.009490693517695603 0.2712397774341512 0.9748009209803965 0.9005115569503778 0.575699506864521
0.5315504178054787 0.1174437955183597 0.6269442491590467 0.7947491451939025 0.6987998506856361 0.8193219186507089 0.643124960286808 0.7415625907826464 0.3813629615630615 0.927496860226286
0.5283872600447503 0.6445808184458496 0.5533976100105351 0.32523370797565787 0.9286071545436679 0.3860680900015726 0.05571742629173182 0.44572695931596873 0.8229264586567253 0.007537329296611106
0.7422041370947952 0.1480174948989108 0.030024873710694733 0.6124163531948748 0.27252183838044775 0.98833434233327 0.5215983387599304 0.4731139580794944 0.6309980619184952 0.7257591249521586
0.20542735145877322 0.5959347307507168 0.8118878475681961 0.2380247539960878 0.7163963363354604 0.47482982296890386 0.7528379168801632 0.8914241956346938 0.4110507193457965 0.27376054210918443
0.521220635630905 0.8082194308057665 0.1997557689299937 0.21749020148501175 0.9621082814752798 0.4056042659510313 0.0702474306731713 0.5419092694199852 0.5020100739410976 0.04218926431554493
0.1573418946020988 0.9575372060254513 0.569095599947588 0.6011406941913661 0.9957972378181342 0.21363431209624473 0.13848033293431905 0.3635197310587074 0.15679753819682163 0.015395067906022075
0.24025010940008584 0.5810321023231491 0.8132554201273068 0.24298437234452164 0.8782531683872211 0.7443124627074947 0.9051064830855297 0.14871636262349408 0.6992899172465169 0.6610317224070963
0.48299519997858853 0.9674650968194147 0.9251819161779824 0.10752992980556952 0.4972286067158581 0.16543533396495191 0.5143037623477791 0.9983409586820358 0.7686000962508822 0.37371058999746476
0.2545120686344593 0.7298895522293486 0.1286635318034396 0.9055345975227027 0.5060085359669725 0.5978054728859736 0.7492625791140404 0.6400718491018226 0.6105246669286233 0.9617131807297752
0.4945985852457476 0.97043141849209 0.5623176871055735 0.13701988058862413 0.723845453381365 0.4600276095125142 0.39681897121854626 0.8301385830848071 0.3482974715112852 0.8288899858722704
0.8943771322468387 0.3017473288498803 0.1042619841597604 0.9003244195257738 0.6193905461389412 0.3420988717636153 0.9413859517733504 0.1783657512874246 0.01922453329860485 0.5730604676625669
0.14583118458929045 0.797751872981535 0.29266090296655534 0.5534762458624471 0.318690793980578 0.6906880533827837 0.004228452002881022 0.6576096161073713 0.6122644358694327 0.9484592747301644
0.9686151117329044 0.7208364834020489 0.6902881435724578 0.5209875653995186 0.7584634904735572 0.002424866646296042 0.7229396283957811 0.5937202858557173 0.2992036065670317 0.1021499532495731
0.35341758748260965 0.2087744814090704 0.4061777845685943 0.08565790613078395 0.98011932948062 0.9560513244379022 0.7921643963751046 0.22290594783331508 0.8869182474025293 0.8500738819534226
0.0275089076039573 0.4246701106863462 0.7237687865015066 0.8295903805287401 0.17042177747966258 0.6740261729684294 0.5908431078933625 0.6695244255398884 0.3016046926766851 0.4928732220410661
0.5116306062274133 0.4786422520941056 0.9952182297119061 0.7579839202904881 0.3939076843504198 0.37134675458285293 0.8373050385549426 0.9867285142592976 0.6722117030997313 0.34829652532000777
0.46313524240255244 0.5495350044841925 0.7014296908934083 0.8980876951858171 0.226540931730964 0.13431091491012304 0.6283393050636189 0.3410247456180534 0.5371596698082629 0.18746665552797115
0.9064152841958703 0.47604669151024637 0.10560714447550423 0.9868445037219503 0.8389420344100936 0.6631625290352458 0.8219517423987753 0.4637710218364851 0.536448968009895 0.07629047216818563
0.7594645956205508 0.8846152939592707 0.4567122189249998 0.49518338077752466 0.8434708641551707 0.026648871024740783 0.2590425481350864 0.6701624862426911 0.054228811557168966 0.5386676823200525
0.049305964895309695 0.9896703505318138 0.6431157618886619 0.763750375143833 0.21810021513726452 0.9081931287247818 0.7330006306374235 0.4196910015810147 0.9817369013997336 0.3508913748745667
0.8465349304658194 0.18205890238814493 0.4241552116211127 0.10131716631109078 0.3601954767085449 0.3955020327980352 0.30762022429164226 0.999885248564862 0.6172636791793003 0.850824068824675
0.17103506450470207 0.6333043759003406 0.4495274567269898 0.8085302465650624 0.2669228524437305 0.07896384404204171 0.15534426704237914 0.2239503372227697 0.7016109955622931 0.18331014200894713
0.5608043176079195 0.434711428973109 0.7378764513222948 0.7995370813416872 0.6510850671678987 0.40824755809596047 0.5952883193199967 0.38745157095846006 0.4006899568420039 0.015196528827922773
0.2407090247018453 0.387167184171341 0.8541151064489061 0.6939494792638645 0.5998936278352065 0.8183158904068892 0.21259021656126842 0.3022814637243002 0.34085185193966616 0.6277577483337093
0.6678904198904931 0.9139065817929458 0.8806152510694212 0.41130734027713334 0.9908186332341501 0.810964520369961 0.5492775386762716 0.26878479153810564 0.42980815602817446 0.9478595144932529
0.9086532021673001 0.7167384668377924 0.30419813344180147 0.7175373922307526 0.06762593602962763 0.779475109622194 0.7870849547387082 0.9381992985654168 0.46223488028473325 0.6065724953761598
0.7642550722443259 0.5966161546139787 0.9757736141927016 0.22383898156492055 0.32855566053856144 0.03362062672909072 0.4626526434212238 0.31472268576809304 0.4231616865453699 0.9380184661307769
0.7095036827551126 0.2504629431934664 0.3825487660160577 0.727074525284659 0.6179797101638752 0.9398151154165609 0.6365836058329155 0.6348931252909905 0.9259318299229586 0.4529691131715633
0.6409946857453098 0.10442644266908108 0.09712048044654198 0.7893211738431775 0.1765879786146375 0.8845084276336476 0.1043449333733405 0.605047290360905 0.5199232478773953 0.5702263533326594
0.7068515926704055 0.19396583342490759 0.6297692816087622 0.19310539999242937 0.48010859920539417 0.523966045372678 0.4165065708121035 0.8669967095295996 0.29450993394940106 0.6713180476154837
0.3657485115698239 0.42622226044169687 0.15929982526216158 0.56646901795036 0.27280361528816277 0.454444986311347 0.34898392827734015 0.5674695721117144 0.6112020594004541 0.09589621777535473
0.5117208696136292 0.010962829265326657 0.10636264635050352 0.5650063766440816 0.022664177819123776 0.5557084783478374 0.41457674873956374 0.3261491900321244 0.18995084085022773 0.8299025897984175
0.417837858279562 0.5021238215236136 0.0470100279920479 0.621093334403134 0.5366471822158578 0.18816319084105548 0.3720911282300283 0.6062815981535137 0.6357763745894379 0.9976706563375789
0.2643878558681162 0.4098347920925337 0.5520714528739524 0.3465520301560703 0.07586077854699413 0.5981311146187337 0.008731913432815097 0.6949228124790169 0.7488377941243937 0.07239032435742876
0.697101907854415 0.20813563694691795 0.6416984965570669 0.20493676756839452 0.6048614273770058 0.07348656326638603 0.738424846534506 0.979178695264233 0.24860665675654736 0.014622644586952505
0.7325270554544842 0.33987764788469843 0.32916088122915643 0.38258795596197603 0.8518306527429043 0.9378202867075158 0.4695585341169781 0.5706083884207164 0.4478364440578151 0.4617944185242965
0.11849633531394621 0.3991305671442855 0.3118423724050604 0.7908096331572497 0.4061476033136512 0.5482936954814245 0.3997424536195274 0.2707927253766842 0.7245868182567804 0.07692720913626039
0.14839467076373036 0.5225261767882893 0.0716733972382182 0.5603314742803 0.84867626350877 0.3213880353739065 0.7450951045217451 0.4035126047245735 0.6038212235903861 0.2544897507938141
0.8023731842120987 0.4422066858035304 0.2463618404398925 0.057098240152591906 0.812982545481201 0.03094253121197099 0.21297198433227582 0.757766974584209 0.8203425215444383 0.4355564428684767
0.7837371500806433 0.02039036729462751 0.10428438964124542 0.49698626477334973 0.28085231101924624 0.3614346737923406 0.2887044075589721 0.21383624365799658 0.791475332610892 0.24188738727021042
0.5744617631516643 0.10311822103836488 0.730440441639946 0.386006799359346 0.39418313802583216 0.9417386470002598 0.09076244456284821 0.06274165927526143 0.5834865450589268 0.7657152130892969
0.5433393931898044 0.48073083196202526 0.2422392448805295 0.8097706410820772 0.6419875981386555 0.8940810115375161 0.8198154350907126 0.40686549846846054 0.2659195421324023 0.49366027271582114
0.5999217051225372 0.7353959163055714 0.08900206308342962 0.667434021635023 0.683409291968335 0.7011959246251761 0.30360823714811513 0.7534089903476415 0.7715937158193183 0.17214849514189023
0.04660346778342517 0.980040186927559 0.5379544200151577 0.24512333694600408 0.9759825901529345 0.8914941971358621 0.1426881411518388 0.2181234752063711 0.22890123998430523 0.18895210943823548
0.49244139776963103 0.4649366258534897 0.5553217592084443 0.5841738759658275 0.17664917329656837 0.4652518524989202 0.7662197888776469 0.9578349308003893 0.6222583871413664 0.8301155249630544
0.7612750108668903 0.8426852743359974 0.9002161417166561 0.2807650096706622 0.3081954422907881 0.010370119255291077 0.7899546583799044 0.18829251443153738 0.43430164460432064 0.7307902653113132
0.16220590089857467 0.4622554711821719 0.7607235438706001 0.09416932860350324 0.475830874513827 0.28826402344341306 0.360539208446768 0.6385343477211249 0.2009499769760803 0.4577401584148584
0.7544117165457107 0.4091048574007141 0.2785122058059919 0.8074572189129613 0.4707561405965126 0.4911251228511555 0.3055428511237165 0.5921322921153955 0.19219609203853438 0.0039628231816519754
0.9956607061238343 0.45025856689783395 0.8860452438116585 0.5218367144530399 0.6060573738971954 0.9915281379818662 0.47377596881925044 0.8953252596279401 0.4449829696164481 0.9336104761540401
0.5329139857850285 0.48784623009123507 0.2778838150627547 0.14671518235576964 0.24452391433992304 0.9125876910477524 0.43568961135610007 0.9262823667899824 0.30042814403431917 0.45790873810141974
0.6953487293573383 0.3073075240466262 0.7665269155019357 0.523017982301197 0.5505624487748603 0.2582220934699574 0.9620648407035881 0.5507767613226325 0.31976968823628205 0.14791504690158808
0.2594153771280958 0.14076299618754562 0.6487860989173531 0.9663943864997205 0.3349312846223351 0.25327069482204123 0.35710255723925355 0.3977525242252383 0.8086358182617426 0.6737093705182972
0.24969971187812134 0.993512202991622 0.3990056907053454 0.19690636484142898 0.47033700395267863 0.3750949886939883 0.6888237903927317 0.31210444770329515 0.20762560759867144 0.6060675098808849
0.3490560309378843 0.5219859052162934 0.08179713226623808 0.6179853326057414 0.19993291958669357 0.8128436467221429 0.3379306481514017 0.8480676219585299 0.8018937054275985 0.2080583845634798
0.05050278634063876 0.05260091169348946 0.36377684248659914 0.7833308094970379 0.9044768370139985 0.5968832367129074 0.6316176015032012 0.9996560997179231 0.7597484870394676 0.39068475226505794
0.07863973699735272 0.7188172825480467 0.128617431946919 0.037614654223790955 0.15550526426284528 0.8062133188917116 0.900055611297557 0.6974482466563772 0.5796121356660612 0.7971264820137774
0.12989442967819642 0.622382361153895 0.643207294752773 0.7050730249575922 0.4826545760129929 0.32135109322268784 0.3023079088332117 0.6846697550725391 0.958594327406373 0.8309479678928725
0.3719011850890881 0.926488613693489 0.8686529126066802 0.6271649858754477 0.49761903851218325 0.8576602038905543 0.630317773456639 0.29907223669219785 0.7000608929677508 0.4495262687535061
0.8490457181651109 0.22372729367708555 0.19516409242406674 0.1924303372863797 0.3227197215283394 0.13101588437218759 0.8824983574250618 0.0877745882223755 0.06072455557476486 0.6277909002252435
0.3630868328807012 0.8287601342817164 0.14457621495898676 0.46258997939595226 0.599333295546641 0.19376743038798339 0.27364125131088857 0.5553764209869129 0.36186122012019206 0.5601214517829883
0.13733421427726755 0.5911617286502374 0.4215474000307763 0.3610266802488026 0.33428261113501423 0.2820331694797773 0.03975895421517417 0.25474523390399983 0.41930036350217936 0.239022123550662
0.6857794039640208 0.7526304797077732 0.800612524715708 0.7634151426152365 0.06763594181795474 0.06141789475830728 0.632625354329949 0.7665216356920825 0.5010168272411115 0.9352139880479063
0.5536375166798123 0.45757800121965053 0.36069373500525426 0.40391268403110303 0.10323979111644788 0.401380349705205 0.8598413254724989 0.3473082826963797 0.9207521033499627 0.04040372583021157
0.6848723955419024 0.017962712633052047 0.37389817854385043 0.8005784329675297 0.07688320994240483 0.7809239527823384 0.0960202585448029 0.4555587822209507 0.7955310627942072 0.5346817383185218
0.02048683802170692 0.5112336800070388 0.02714179869037714 0.5052855691898752 0.8925490869273582 0.9903922457872897 0.7060721198188102 0.36433894898639074 0.9117523672605945 0.1468718896856801
0.9068277856774453 0.9116233377422444 0.11211106043205477 0.3191802631370274 0.9341656605408389 0.8843938360952955 0.32260676944348277 0.34549673104467127 0.4893837442174642 0.8079279925589136
0.06717098331107074 0.7051227859261108 0.8232302941082007 0.18569791000156333 0.5611653821452398 0.82586513157016 0.09933922730623279 0.7425754820906666 0.04047410838573262 0.8024991117492726
0.2868263411353178 0.8807687908581455 0.019674142207348533 0.10837434457236217 0.7766563351598126 0.9857274676214594 0.7173514582849314 0.7503882639814315 0.5736182104317886 0.7280436131473129
0.8094820410467749 0.7169673776372294 0.3542226521788897 0.047413851466114654 0.8758986624975659 0.4993606634235538 0.9005615862461793 0.07601741904645931 0.3902154779694138 0.92846239495138
0.4211469989675124 0.861203853841458 0.8701846694947908 0.5625471907040939 0.05197207305940044 0.3811733520399061 0.8533102691095057 0.3857129319215412 0.3945149388759477 0.012371639573143245
0.6916463541764343 0.6324919358275229 0.29213144204793395 0.3036103036243115 0.7700580717195133 0.14100482546187754 0.1722599093790863 0.6394627528454485 0.6438256257665209 0.7551949200855781
0.18908777607407745 0.13427475746535011 0.7643230335859174 0.9460962587861981 0.08980623975730284 0.888167845444031 0.9156047807407841 0.002750960062867458 0.1973055604659224 0.5577028489317184
0.22008518142625766 0.8553070550464179 0.1531406331963584 0.04640965122511631 0.5880969219779412 0.8359909813042098 0.09682232191803819 0.004178855372908297 0.7839666784178482 0.45806359630252247
0.7709677712762247 0.7395495507000788 0.8603472557728395 0.5985321674421802 0.6365676467087417 0.09521658955221979 0.5728973380536205 0.30730553941831407 0.4586070287473466 0.8146202521635955
0.529001648318993 0.833642738262177 0.9795012178178262 0.93626957632533 0.24707538291449171 0.3601605489059968 0.23628582990435643 0.7924902850538181 0.007098901499127286 0.365328301297029
0.7972259033063073 0.26057673084504795 0.3583800367193887 0.497293523787684 0.6944864332900783 0.016867107644227608 0.41714260060003316 0.3350452649546517 0.11173214066128567 0.6780493513273463
0.6343919158905834 0.43733612871494976 0.949002100722929 0.8790448302294189 0.5436090608455704 0.6354483248259994 0.23193001454593554 0.5331059434936257 0.10817759292863283 0.6128032777778655
0.9583590126974626 0.747302543791198 0.680047679849537 0.4325775186273999 0.3826250118873973 0.12536108460507278 0.25399463311070514 0.8239028208288952 0.926260161822644 0.479860201530973
0.6559296789898645 0.7178917645669709 0.8735941274140634 0.2970744344221342 0.5390732160362659 0.7366442388374844 0.7617074745888929 0.6502975887694045 0.5784016674657249 0.08155466916185117
0.9064181024093636 0.6412663319729683 0.05163075529261274 0.5416532164989073 0.8194583409744165 0.864342948619688 0.0741002430070038 0.1483791542174937 0.36672634313366503 0.8344061823214426
0.11527551600552599 0.3400977570521718 0.39347295864406595 0.7969375663452336 0.06618402574482785 0.36783686035910734 0.19951065185868233 0.8475797071400899 0.04995585961435911 0.07313261067300392
0.6860086190971729 0.8284824849273459 0.3717388549248608 0.09953889917823766 0.21516414560266117 0.04004159855471956 0.48961094427348284 0.06126783785890111 0.22501717115424247 0.4091735280937968
0.6547132378760482 0.185593963538637 0.42390141355434097 0.3890595681097079 0.9166795623734727 0.47006797369847064 0.9525020350081228 0.5303309746972502 0.5195394456404033 0.45125016693873776
0.2462163702303488 0.35995621856195625 0.3236228616275646 0.2685881732355905 0.45649083086617404 0.9316302022554613 0.7805971584119967 0.8252268226405554 0.19703378829880502 0.17025488681473466
0.16161768337083438 0.4969531407189327 0.06928015187124559 0.923139248661438 0.19267546497267374 0.021142332296659738 0.8912111990817895 0.45183578884184883 0.9865765401891082 0.9094856327293214
0.8046083292611507 0.9510700643609039 0.177589739293055 0.9714446108518779 0.468046913701451 0.5650085478581258 0.4626503481268681 0.3097903156237227 0.3564128759166387 0.2861490538279622
0.3321095635647914 0.45525025470426883 0.7824506666178958 0.06840759304884791 0.6333705688905125 0.14419968533195293 0.631828568016263 0.46351376059268623 0.7523539153588238 0.6114984552189421
0.9604332380206634 0.09861659207051476 0.6205865122177856 0.16998776288967543 0.5410824709685333 0.35304152561953506 0.45980979562620183 0.278826289262352 0.16657105763302638 0.6634279501501505
0.16135450598379975 0.2647583407989992 0.016942204615879808 0.9890166082118699 0.4641308505123358 0.35357135159773767 0.6811021836438271 0.10264408288791593 0.6429347810720134 0.6934136798647657
0.4863737911337189 0.5380419196164358 0.24787182842511146 0.607308129841343 0.634309875392923 0.22032608580831103 0.5460527115253616 0.39911011122286744 0.2670650304418589 0.03410159773276422
0.7083153880748386 0.655324302886921 0.9958501013708903 0.842396857942017 0.4565803538634505 0.13460656986855912 0.6114709626183767 0.7596806997612295 0.8415475385107168 0.01744319213480683
0.6666789403887362 0.8035040864168249 0.05579457590372583 0.5004125069505215 0.371037593101198 0.4018483678545862 0.7039376829794073 0.46259871779641526 0.7712365676555603 0.6170498736682166
0.7493683075683915 0.20614148281012223 0.5032600005832594 0.3622105732433659 0.4361798531041984 0.07856903745638255 0.4975436569600401 0.332293256163655 0.845250734628412 0.12147641864505587
0.8942311747498376 0.8496386821412528 0.38505115736441686 0.7582750328986952 0.08286676403381521 0.33243147982973476 0.44059304982276337 0.9331529354366771 0.2193379347319233 0.6346802096711354
0.6080437696032533 0.044050187457473355 0.7926086787548371 0.07756667595702127 0.4278758281734205 0.47436712309866014 0.8147598805434535 0.5945579529638909 0.29602672741281155 0.5212876399191416
0.9900802740158539 0.04646410824553526 0.28039417154767443 0.04301371400087861 0.7824280636524041 0.42766375791189193 0.8990937096623595 0.20287118820465277 0.6448097569597137 0.3810079716640359
0.5272573225876145 0.27516126459646384 0.8010990979855622 0.16645313308102994 0.9907531896784606 0.5957959916055956 0.8770459919676835 0.9872613682714779 0.07805831936366281 0.3901701479425792
0.3662015092756866 0.3676470174173132 0.15561706628773886 0.39138575225343186 0.3861117638495679 0.09703640342089159 0.807370651642319 0.8738601918108686 0.4311101111061 0.10864687799892914
0.4357439978676009 0.970512027738145 0.8602634196538239 0.5438809455376742 0.05922754227906413 0.916133534210117 0.6725049745934253 0.1690695413273764 0.1207939961010861 0.16522243320380625
0.7157131226249056 0.25738805994776814 0.9817405985597476 0.16945958317114562 0.8524710408338299 0.026307792847525158 0.9171500649969146 0.9681837499157879 0.7624700151650042 0.7297343097704256
0.8520137624752072 0.6446278686833188 0.9999947865912969 0.5440232152454371 0.7811635238272859 0.13134621433939098 0.6446563529640634 0.4583535527492254 0.8015089098716771 0.8101752489495873
0.38451401470502955 0.4824771884550937 0.9516790752159844 0.8452352207914557 0.15295506361742772 0.6186521364633971 0.6020194968483101 0.21189377293951006 0.5041771871450879 0.20960690190247555
0.9669958472474107 0.940276719155301 0.7568449334560344 0.4706717557146697 0.42240816376011325 0.1788252069217613 0.5614684988532346 0.24175181763040232 0.701420865709866 0.3015626226769479
0.9542795406323828 0.2536064333252456 0.716264941066785 0.432148743022401 0.14885487933009156 0.49293754659128397 0.706570879869903 0.43846232106845995 0.2864663989575086 0.5720797614822448
0.650641945034009 0.6633679943479656 0.11711111265500096 0.3616230312366111 0.3925791394521043 0.4004866958927412 0.115402348575812 0.5280885593904181 0.7360211255713073 0.398203563751657
0.8489797173851108 0.03381728888517688 0.8343630983751651 0.48081077070852574 0.5118216654235496 0.10251933023763149 0.5676711255763616 0.7125973131334292 0.41082130763350033 0.631472152891243
0.23810939704947987 0.3988613407958391 0.8512128436014497 0.540143755191309 0.8385494936949389 0.6172350003318613 0.3049119352118347 0.08505700532431992 0.35313253837136693 0.903375841600533
0.9655606641682929 0.7419993615611761 0.033906615340136836 0.17699279210042462 0.7950437525355527 0.8592220797428065 0.36426309512906896 0.9873385548490135 0.9484694821341777 0.9190617891110046
0.4677475815283395 0.6817148045137749 0.028085175802111895 0.9104561117063217 0.049922199231789643 0.15620050832931465 0.9613241439946343 0.011114694797154878 0.5713081443087655 0.434727112241449
0.4241566124688133 0.505645176379294 0.24103815792748573 0.4407895184669235 0.6381448326627568 0.6247238167741636 0.5937011199050295 0.9754949235491821 0.05807828271801663 0.7804384089142538
0.8659615972433864 0.09631608349099596 0.9367918274574237 0.4942211410876244 0.12488944049966011 0.8028292788866382 0.004746221288012387 0.16632730540636542 0.11653556641082596 0.17888204570595
0.5341768112809024 0.7196056546417082 0.10114216362593631 0.9150488895875823 0.8710928477963273 0.06534444166867359 0.5204764894183013 0.440897753015815 0.11313666048984405 0.2852668588295678
0.20312957304275547 0.7335042568522513 0.9872880354715402 0.40128828526785887 0.9552224198060819 0.23681422843439115 0.1386261037238038 0.6134371474343622 0.8068137024086385 0.2258695459769191
0.9798374314988314 0.9263799157182365 0.8884049989363445 0.3805764428070474 0.9708855055702615 0.15627978198269354 0.8972906018951023 0.2956088419103535 0.6992337279273451 0.4122583804278569
0.3801009852562923 0.14620423673011584 0.4132399452634369 0.2805178752541929 0.6057403437793741 0.7540230583142825 0.7248177183009761 0.10422044914037698 0.6320199857562322 0.8529066963210657
0.042185943153423056 0.9485115557133037 0.2796414373339686 0.44128359721634614 0.9195046824984646 0.06761132310320872 0.11878429439296923 0.7261365958806416 0.9174220125935151 0.9496889694361614
0.24640537338162005 0.31285905378439316 0.7570331361100895 0.30527259069683477 0.5864575059333975 0.9759910473762757 0.5194793378281906 0.6862374652841686 0.6805880209871543 0.5577413091797584
0.39439152408974376 0.774953307752964 0.4534776833287756 0.28436448550021987 0.012608748079040222 0.766961446911612 0.2348338872274357 0.06487711975386534 0.7120795746347207 0.6855910083864782
0.3991517098216616 0.1422604635078335 0.18058028096052336 0.913212812675827 0.3447095676302022 0.8042115529963693 0.7948602134069576 0.7013683532054886 0.17486683486399734 0.728668381138894
0.6330517363908458 0.9308005489936407 0.3675824801793115 0.9387494902578962 0.5756584932777435 0.9324520195587778 0.9231758289814761 0.27241123984775406 0.13016207454558015 0.751785435465505
0.9657013967417245 0.7340414497980444 0.6152639687008644 0.8413199504668771 0.5399118982237168 0.08837103093295084 0.12300643899893504 0.8000664049593068 0.39363482756084756 0.5814999725334447
0.24049211307941898 0.4435832912245763 0.8644895721697028 0.7294977847368679 0.8576486064462302 0.18466450952468638 0.6002236162093669 0.7019528016848054 0.5134618862341158 0.432208973858919
0.7335480067006511 0.9460084767241205 0.6403272641728732 0.47461099807694895 0.30520380809677605 0.34583921045644805 0.7546449981842206 0.10404982232286619 0.1830926547394487 0.39318215388539235
0.1115125350615851 0.05934558338126972 0.46065635109040726 0.5564554779792589 0.5923434920612233 0.21758765432094385 0.3342918877298541 0.2791575592317813 0.6264686670154296 0.3485312627152476
0.7574396391911035 0.8126561135197232 0.7612518405669085 0.16079624519647384 0.7480845583075036 0.39413938685838357 0.08997949285291063 0.31519188149921484 0.08676112254621382 0.11741682173538848
0.12275967960699763 0.05803008426212197 0.28375484106676085 0.2124194974962368 0.8428926446079176 0.13607864781016554 0.11704447902878967 0.3486655333079378 0.6296515448753994 0.6948452451109781
0.7466306920527354 0.008619323888902297 0.4481388079158156 0.9331719137285828 0.39624841420346946 0.9387876948998988 0.2078598467789472 0.389658724972998 0.8600619584087073 0.1795597884622231
0.4738824996073634 0.8702246176985394 0.6397931751259989 0.19921226942603854 0.7779273675212728 0.19115231388369802 0.34683465017163584 0.21316470185321812 0.6214602593109813 0.10825318976029208
0.1142515973055136 0.8564844096174706 0.8888352996688581 0.030327341279353548 0.15517747270121363 0.9958043596474229 0.79576282014144 0.3738827236176768 0.2769601518783409 0.6162312335177836
0.6868535645033298 0.7061167109628808 0.11451678155785783 0.3994852239342469 0.9657172312318797 0.1444522844547509 0.08170704329044842 0.8214270746711504 0.1920689898987844 0.8334600579645904
0.5561365277016767 0.34029196744540535 0.9125255940447772 0.7037866870774115 0.6106528319878741 0.5213639576388925 0.10524821268807838 0.13274877351812042 0.6838990195516764 0.7494883256795402
0.213316035041482 0.572541157186819 0.9426405355547193 0.5177342303980037 0.6176912652364809 0.6895467540274768 0.7301831368324716 0.14868281871124878 0.05786282251510022 0.06702486018306819
0.4180509882718434 0.2042311713133329 0.9467320927884351 0.06349335947517132 0.1821959345064733 0.7704657508347349 0.7460314662331832 0.9904097326576774 0.7103598388411364 0.26607369012364546
0.569542236977307 0.3752946830165428 0.6138142493670765 0.415923512487395 0.9636051638026168 0.7102308915459807 0.36455258464669604 0.5558619464616431 0.3778941183283827 0.7507095203527027
0.9081120464251454 0.49043668946110386 0.18414878258045697 0.12608464631606098 0.7125535976146931 0.7121695210604227 0.22653996688047873 0.7504362523859028 0.9057303188299923 0.9091680858028981
0.7945668826041364 0.2814306648367917 0.3258257263077661 0.33727876200077933 0.5978627368988777 0.6648066348689928 0.7642453902158599 0.8136469344448237 0.7920115893851808 0.6234042959498827
0.4152964516674704 0.8004654552418926 0.35545530067411424 0.8021932971486311 0.5636919489273629 0.29085551372335505 0.14979708281017823 0.16454545782746666 0.8387669947761089 0.9832389873043874
0.8092839072020356 0.15003650412966474 0.9433973261165716 0.5362245257845374 0.19997641413559264 0.050350162195347714 0.6259605105136604 0.5329444548221126 0.5650926850273997 0.037397229429499634
0.8052828032728108 0.151943283671908 0.6302373055614567 0.2865512995702839 0.18136583253635974 0.4411326280613055 0.880704869572632 0.6779418926841998 0.36878864744236994 0.5219913834683116
0.9427731137571118 0.6300343607106557 0.5750327767927748 0.013104513696131526 0.5018773628706485 0.7222658462280427 0.11257883106255351 0.4552973494951228 0.47278500832700343 0.8972948460887624
0.5814753721463867 0.5450362376747514 0.20036467110181655 0.19846128448323208 0.38818182919346134 0.5384314430300503 0.31427183716234075 0.194343403662546 0.37683924138735614 0.2750908221015498
0.4868487458975751 0.4698360875867911 0.7407236969410895 0.8892381448987784 0.750763737117212 0.8219650369730522 0.054489419246095516 0.42492313576322516 0.22139057364510806 0.08868986118720401
0.22190963359062443 0.25281485420110905 0.0386560439113488 0.8602383418890434 0.3691748530430701 0.3979839589250225 0.09406013561314053 0.6750531698477682 0.23041045231035917 0.6312431405413048
0.6407992691254879 0.686221494004681 0.3699257459275799 0.4510298518067407 0.19840081410125154 0.19929668047464077 0.6648099011747848 0.8884785481309142 0.2580019589618473 0.9287108779564686
0.8318400255928484 0.4052445960014449 0.17038451725548398 0.2975158928315751 0.42426948533528164 0.021805415793648475 0.25610212067927396 0.6139787751915682 0.6469154783997774 0.2133788907959333
0.6155137542148374 0.4985982555157208 0.5420666392294182 0.041262927307428754 0.33626402392500265 0.5063961877181946 0.5840831388927022 0.44931427482156405 0.7967268959785219 0.49187838170938236
0.487162771997411 0.6484485059358857 0.5461561597301312 0.8978472218207845 0.07859897382840475 0.036457604817206724 0.8057630250219129 0.8142882152361757 0.4189573255693959 0.1561049687501056
0.9796668440157842 0.3498414296456057 0.9609494730534593 0.7813724568136926 0.6906424823912147 0.585907809082414 0.43038418232755105 0.3398975918458086 0.7628137326648091 0.14222972052622307
0.28542776166807793 0.5290534462454022 0.2619192098309676 0.17282336574648494 0.06450647985033453 0.1637874350015266 0.17350328052056263 0.432430992463124 0.6685363450004265 0.0062499440570742415
0.5503615842702738 0.9061986113589843 0.6397662963027454 0.5704069204207758 0.9927967913472407 0.379074939164727 0.7973727953557761 0.66924538647715 0.1387174771434284 0.23646581766024022
0.16904542044206694 0.7778444089845619 0.4353387558371814 0.7339677434798244 0.018154514416203305 0.12249835005193277 0.8402203029260547 0.9515427598448323 0.9076932749222265 0.7742433737764407
0.25660435566759443 0.6562867906315127 0.16503897711274795 0.9245517013705834 0.446491722307206 0.33798160398477173 0.8156784527353915 0.9516230558675047 0.8846218232415664 0.7529105383879588
0.03939570260445535 0.8476160452293006 0.5174978612360813 0.41395643672404203 0.4690200770349672 0.0703264032891946 0.6738262892466346 0.598790042658504 0.19968588879963234 0.9072338179176053
0.43621479322020096 0.6129952744939753 0.205655079100167 0.9955017087947268 0.6287011131395828 0.24126804468245389 0.9721065893530935 0.7284300929128869 0.2006599151456936 0.547362914764872
0.5408978654566411 0.8970242018224547 0.19486320203088248 0.4422522896624129 0.8421548256823446 0.06475657232600152 0.6759450459529275 0.7300010253768869 0.1376485508697206 0.854263973009051
0.9652483354291743 0.662148841448478 0.6372688482126071 0.5366347345265309 0.2790081690107785 0.38393157369526887 0.8665057588381865 0.05710604708157174 0.39905278525237675 0.03946211527921428
0.16070196174537144 0.9054047230492032 0.31867914833386957 0.7180298351707802 0.7409407847033088 0.04462943696170918 0.9010876732489093 0.8699675943514045 0.18678562997148251 0.4494858801548559
0.46373648104710474 0.2980733438207095 0.7626887132191339 0.6728509427572269 0.8592021242676198 0.33936348283791695 0.977737996729765 0.2590555324991868 0.061611019738860406 0.3919729720572367
0.9625133527539887 0.7529402826047269 0.48743139674958247 0.5133077156111003 0.7321740547444511 0.5156519397332517 0.280392795784584 0.4180923012128872 0.17150173443137495 0.5513125649078995
0.5725265480692545 0.8387464208288566 0.6254737559046116 0.07310782722444187 0.2967972870640937 0.8755617458613194 0.3080447776098987 0.593004428165087 0.47152161493248457 0.6604401438820933
0.3521642118624675 0.9062208980096369 0.0027476262327790213 0.3854934964256306 0.21566027979234192 0.45974031241572777 0.9579945460838928 0.5065940406194135 0.33047233116784436 0.2435671416722377
0.9532286086822581 0.7220035271055911 0.33681421396533395 0.5240946893106101 0.7646784561269834 0.14749835579832604 0.9792041683755195 0.4508637301355496 0.5280688547896591 0.9619470986944406
0.7578970502532711 0.8111568414953754 0.920078983224095 0.6810855213387058 0.7271071748805308 0.9812872212066684 0.5303076486927552 0.13227387665678447 0.41051107743736326 0.4291043684894855
0.2267544163370947 0.14930972094120598 0.6648714853571657 0.959153852412762 0.6938023835070257 0.9839087736632605 0.4642248377264273 0.2600915552646793 0.47891459084275934 0.4392557399340936
0.999926779733987 0.2133676683156407 0.8227329787596825 0.771065165944735 0.19595128362965786 0.8528589818708086 0.26699491270994724 0.4728829394606293 0.7241907130195832 0.8270430477796725
0.5356595203316978 0.1648962573855728 0.8711056883616064 0.7084705922694637 0.46686169633701613 0.9393107640885286 0.15492529644920705 0.5197079182713188 0.836789406726485 0.680391218366998
0.42169947904534555 0.40058433995296194 0.7613051538848501 0.07355197213091391 0.2588573638280217 0.42849353076135144 0.9871102296045307 0.24542219365505336 0.956526448827144 0.2216629190817475
0.7914761690498874 0.23559993070507068 0.9197195735963444 0.10471753679344553 0.3980445457427556 0.7908483220564406 0.3885975693226916 0.29653067636603736 0.785923215464253 0.2937760381585449
0.5593679538327336 0.7922662487407851 0.5202829248200975 0.9905833017210022 0.7149803901216244 0.35468277284050664 0.7648856197226134 0.06624387665921772 0.7726324332697332 0.30418250443941397
0.9504515270456404 0.530532472450773 0.7341996714534801 0.6027533389583576 0.6674994025629872 0.3245958968085719 0.8860564772968267 0.0638654121007396 0.2282702746558165 0.5353057477286863
0.23635513988428936 0.3885482674704742 0.9995719503551941 0.11341912531607878 0.600682175167866 0.12728804651463277 0.0468580724626847 0.03161285211460341 0.9511129907951912 0.59804943967007
0.8495818472817218 0.3897463755967536 0.12903694954159417 0.25263952890772556 0.8488413575466458 0.5772466975328489 0.7887268859512424 0.976796275337689 0.3705599937048252 0.23629858061187792
0.4864782718254276 0.3337975987212528 0.030921814877410636 0.43456159996807986 0.1592453008798138 0.8170509474815533 0.0755083485552166 0.15242525680616015 0.8470523532854439 0.7640381767282629
0.22956015735476965 0.9173522073465791 0.4050608586080302 0.7021536215946945 0.5440125180937098 0.17664860670262317 0.12402344126189724 0.5463878563911926 0.4104317250965951 0.7900397283610853
0.6319584374234222 0.24947385935818467 0.38770446182595164 0.8447182317555884 0.18522966810146635 0.21702565151627595 0.7343101691662732 0.8480713255656729 0.47381792017524704 0.04336441985203565
0.5722315006686994 0.23708208968291256 0.36342185117756187 0.8981404511958434 0.4220359803953758 0.05843940405982684 0.5761280673068396 0.19952381426991883 0.4433878757960379 0.6196802729970793
0.17174137787440813 0.046650279126983274 0.09122530147932573 0.8892264877248689 0.833467612104451 0.2521737503417276 0.055065423243603306 0.43196790605797053 0.38449362606029314 0.7151894879226549
0.2873760288710241 0.7070824664859464 0.66610987408842 0.3054578001083902 0.6466789346963749 0.626073133869894 0.8933729570681548 0.3917704250879829 0.18202702262980297 0.371540092827254
0.8709072498024572 0.6404675241105062 0.3677232389246783 0.6109966415067232 0.999295634851346 0.7345255895191111 0.6606267527478384 0.4050751161529288 0.8316117055635307 0.2193022142718588
0.5971175817445409 0.3057591318731403 0.04999689459726553 0.7679365246247015 0.27276778870725515 0.36781734300322155 0.12378746006478236 0.7775686748038904 0.4549941378013702 0.055402433276040886
0.5835484474114698 0.35695599591868266 0.7674431106127679 0.31581885525619213 0.7994723315712492 0.44672710655464754 0.35458637361412404 0.4137512829122759 0.3879526667066937 0.025429319204719136
0.18598074551063948 0.47178542845537164 0.8867437960397893 0.09768949177654052 0.6918738791121071 0.04684119697647149 0.13696961624952675 0.4352212009364924 0.7353128637009945 0.48717783687905614
0.8893461042431159 0.8470766564951323 0.020639856488140707 0.2609195107480058 0.5123332623567205 0.09245460507477754 0.9142355480816228 0.9245888267213536 0.321534675592692 0.41754031059575303
0.3105972503008896 0.908925021712623 0.9725131717549046 0.09726746413302156 0.6153156171994729 0.8393023024396183 0.5632940645863274 0.2935560714468036 0.13624020683899174 0.6793532520225397
0.5781777172207198 0.0034939200957625483 0.17510060328926091 0.5889409472226486 0.5710856356188405 0.8640943597724111 0.8940767200199048 0.021412875109231733 0.5345153532854698 0.10467590545101335
0.5952881691178462 0.2501082936430582 0.2292813091368554 0.9935744508869794 0.39589899537392514 0.21038021099404958 0.36056999157187863 0.7128117127680472 0.40751138528876585 0.2709319348347795
0.37743970114060965 0.7125089350827495 0.4357475011449985 0.3070574617707189 0.8457466729686056 0.2462476089308684 0.9043958910552574 0.23841363148878347 0.798580519824943 0.9692441161520722
0.17822532001516622 0.01524143534268152 0.20364413990481234 0.19311862836874416 0.709545203833971 0.8894928932492666 0.7036141150570507 0.6342028344257046 0.46581865872555894 0.6911085108457216
0.08337005144501597 0.2667451452864642 0.9091106698542764 0.7447302144864866 0.4970817390093647 0.19803615973024857 0.3928801663536817 0.008422645992895439 0.3484956456322006 0.3193910835642225
0.2176020007604006 0.9935161183453981 0.859363272084115 0.8550898818524972 0.7439307471565503 0.03347211271698436 0.7838054651395495 0.8307902525710783 0.9005948811507224 0.5097124498165955
0.4305084567356765 0.9135921917597415 0.14393698812599987 0.7136417091934253 0.13999909221980156 0.037847107146146475 0.4269916291243602 0.12663182585955257 0.6308478941383496 0.7239689207480606
0.018219358174504596 0.03352638048809686 0.17650057606782188 0.02191783139560688 0.07349162578737978 0.5502620186007927 0.40354000276787483 0.5666923358868768 0.709648544966987 0.34249251162517946
0.6125320440999709 0.3200784692427775 0.9539271456114699 0.5396408890643366 0.9142104695158106 0.1910699408881824 0.350785183174504 0.6075934288164933 0.14660781356521402 0.8767860386322425
0.19612135575147582 0.23328881882041408 0.4928399975243044 0.9463794968355586 0.3386200346914856 0.595744933063277 0.9546050852096238 0.4023389425433487 0.2389245259965732 0.7506040856464354
0.35305699311909355 0.696756421328751 0.5095702247696996 0.23906751363052392 0.3265675577609576 0.4545429042867042 0.47208458416211874 0.447128287048399 0.8739912120951037 0.9612399071387914
0.3623883636426196 0.6873012071658637 0.35239829082412166 0.8099888818000244 0.6916085726870242 0.4525873396931175 0.47984479166564575 0.9703840455892984 0.9266402544509189 0.8011995040939521
0.8165977302711129 0.9413488680419924 0.09327092517685265 0.3706147935209916 0.4023366510766726 0.5808399306805007 0.1244078456794121 0.09080848412519194 0.7122038123121153 0.6670961141568665
0.7769250665034156 0.2690633983716457 0.8611768585604541 0.23931551345935376 0.7228735386981009 0.3525374856521988 0.034089471735473054 0.2900558687730179 0.9842744116632681 0.33981141602299403
0.44772685077258156 0.43731892188197075 0.22544196472526357 0.5089275281257403 0.7617747759770255 0.7911929689424517 0.5427591701483285 0.8569697123335999 0.7470021694418857 0.3480917698025796
0.2990557962906568 0.40502372512833495 0.19190913716639335 0.8950424878432072 0.23821502358044055 0.3123959659267044 0.4831734449149875 0.5871387142276119 0.5853614914499373 0.5652578997866597
0.03058039912760835 0.0731896331906563 0.08896010571484736 0.8574224527888817 0.7237224477872586 0.28775934488487975 0.9933814687731429 0.16474784140662868 0.905606631461287 0.80220537715108
0.743966434520779 0.4297031397246672 0.9274089755548126 0.9329889558190883 0.8213488572275013 0.7189191542019698 0.20896733082818952 0.6424437062297369 0.4777720391796123 0.19408697072321035
0.8712050900055005 0.6353539775898371 0.3053611178117306 0.24535621895655013 0.429529824308467 0.9541070687843495 0.5047900732698313 0.17642308662888084 0.7413529416701081 0.8058489550594843
0.44250870341384096 0.9017884047557916 0.3862273737907571 0.3169860650984181 0.5856712240344754 0.2192044076864611 0.9237023021709586 0.4035405587743831 0.18613518040947197 0.3541177014501369
0.021845335058977455 0.9702797863019321 0.14837543332882153 0.637956042059173 0.27848416744898696 0.20720568629021896 0.3608847773070979 0.37839420055855477 0.6675712521327894 0.8389028992279532
0.39660947111198375 0.20727442089894865 0.9346766197617147 0.800409238302505 0.8951939702216526 0.45064549841749446 0.9384655609045435 0.9626858015362532 0.12828650374004935 0.3554234815061622
0.8891193039826124 0.2114281267440622 0.2188830034276784 0.3284664567338573 0.6700088049804248 0.39487410065467476 0.23666375834017717 0.6963944771610677 0.9455325496320842 0.3994278522191851
0.9235038579160048 0.8782753421933358 0.5558818664052531 0.8863337334188169 0.11681471609592264 0.2783351912717744 0.7785976953362398 0.028297619340449387 0.033100797173058916 0.6521428473379095
0.39713533024549397 0.9218677638938746 0.4500921070865679 0.1772551269704259 0.15825450558265397 0.2195505285035404 0.48303972743533097 0.9680999771109453 0.12290416533497106 0.9250513774249117
0.08923780423459449 0.3149128297820235 0.6193723780303141 0.22569479031431616 0.6545627177049358 0.4978313107342758 0.992824235038606 0.6979911009488174 0.0167958666523359 0.6297915792214343
0.1119510300772768 0.21548258315987057 0.06272376031659943 0.6156597201732462 0.6413065893706785 0.41241462605319157 0.5994852248227182 0.980069673998249 0.4170074896031045 0.6124424628849081
0.5453622887053656 0.012728853688429687 0.8738259107619019 0.7184974659810853 0.6111879524313223 0.40749162864141797 0.36330519034831465 0.6781016991960347 0.550770361801999 0.3302895327852282
0.37537953419838266 0.7878326368023297 0.7472095949329345 0.6410465434762316 0.13008172117642658 0.28130497674649957 0.371710098760604 0.8159966169292161 0.7412728701343786 0.3569497057090868
0.6024676710331716 0.9693597496987358 0.17093130535232326 0.04503527673044749 0.42343737030298345 0.25712207455651137 0.49038795637572563 0.08778932960112806 0.33626457129918763 0.8607041479423458
0.5439982536087082 0.31214374201766615 0.9133881292185813 0.6945911202208377 0.9710910641933973 0.8115397386771872 0.49630145436778883 0.9595374240381294 0.6836378620151458 0.6213941255910489
0.5001835427667246 0.6717471489559795 0.3199357793902622 0.47224108703221457 0.724588746566773 0.33847141880249487 0.8987007078488215 0.635228886088081 0.7896103318717529 0.021751932814523034
0.8833175953392123 0.8365643559448768 0.31791016579278464 0.1345797983008532 0.1325967474262867 0.7106622694382475 0.7652323233955551 0.4475274439609359 0.7622366845848871 0.2861706498987464
0.8654960617260194 0.9489504131796943 0.7702955341737728 0.5547074031447667 0.5012895831251999 0.3981453147944609 0.39032452094871706 0.25905736985584615 0.43656246423384615 0.6383885307685535
0.5274186405203727 0.6557431817868054 0.755541694553726 0.9955703516339431 0.30529117519170446 0.1562974242009576 0.04037229514534979 0.3781771720821151 0.7065805646387726 0.43222736679354845
0.28971064957152437 0.015664343408061443 0.5239490381310505 0.7805778650178133 0.33147445724603464 0.12480087898495851 0.356134660103249 0.2901621335516974 0.01518053454456958 0.17735626150811967
0.1809697123086621 0.6229438642464223 0.7827778293693942 0.8575390169893257 0.11647978089374522 0.03071839204022242 0.3116095747544777 0.24388529341254572 0.34152978885474194 0.564154827164579
0.7991155461584588 0.22783508050944612 0.7890844405860642 0.29942486818478165 0.11611102777265603 0.6900228732954756 0.1480023027985614 0.8070582075655184 0.4939566584292565 0.4953480091852499
0.9133844240261513 0.018328517994793847 0.6306593157579651 0.9391799957663826 0.7108495909201997 0.10638796363579994 0.10192067936916427 0.8795919746484246 0.8867102107442493 0.992532403236607
0.7453773582589379 0.4243059237990605 0.4038742485378002 0.6123934051698965 0.24975180702828448 0.7060707283000338 0.412400334671413 0.1325171313191743 0.5253615476640403 0.9764848079649221
0.4739841998967723 0.8947047974308643 0.5584087530199154 0.9758128577139439 0.3112572405798423 0.9836523383229661 0.3587006790583047 0.29513614176440695 0.12562812407007262 0.9628423142091809
0.29892667731560696 0.23721419869746763 0.981501441434556 0.5043042805956259 0.6133447774409228 0.5037255925231982 0.49005755650979743 0.34977395288048263 0.07470716650145304 0.8890935643589594
0.04238057433076814 0.2839460361968441 0.9004804246347713 0.04489233381272373 0.13957199011560817 0.5749292498834507 0.7528929267444645 0.29386817977479984 0.9465895987887433 0.642676150647954
0.2920686704034883 0.41889902398086554 0.05690302028873928 0.5530747595958659 0.11748288296651366 0.32975488674795617 0.5966579825718527 0.30355245923672636 0.09020169052281901 0.5193109069296419
0.21989396959581875 0.7654575464342116 0.9668445417392093 0.260903604108107 0.25046073719779893 0.5791468979811243 0.9959346712026204 0.5698101126705625 0.21163114826995988 0.2596230927391029
0.6282794360570663 0.05436911549609513 0.2510090514511807 0.26372795354610645 0.7752489559463718 0.9160514624310645 0.5161829850076787 0.7943136413039208 0.11229804011574585 0.5228273795100555
0.3656770497912396 0.6724766163713068 0.7698028373870361 0.17646604210724715 0.4101034301582551 0.6958534719664787 0.3792604416393126 0.921942948246043 0.770020744337927 0.5191424053472908
0.8501261121425026 0.505918766879925 0.6098556794995779 0.2424272130774865 0.4410390332234132 0.8812932793285736 0.9613456402749064 0.5735456039696993 0.6589149078893269 0.9761262231409591
0.08531255364186408 0.6426573668906715 0.2703592494679997 0.7977566094202915 0.13717901119856546 0.2903317026142733 0.24208263992767953 0.32674091368933944 0.699489812221294 0.924887604173742
0.7404750360495995 0.07026930096604422 0.8238032818999115 0.8503848946672279 0.415223703293764 0.5910085127189425 0.5846686410674045 0.30357771651240617 0.06783478693411005 0.8048591736983871
0.7900067362741002 0.30630624117435856 0.4631460631664217 0.3499037424673772 0.41506359895685885 0.83921662514444 0.4803944731330231 0.8688609934301192 0.5312075631613792 0.7733630611707044
0.020128716324834928 0.618651872928613 0.9861920311694423 0.45815987868840313 0.084233781160444 0.42322020497777857 0.8591079719042538 0.8573159297639521 0.22856076009874904 0.6195415086528702
0.7611016313396702 0.6487974500081252 0.1511319473409075 0.3117914170178262 0.3820341147531786 0.7605291631305725 0.5236178702047718 0.9449351350452408 0.29361200235766527 0.4004586296560134
0.29975911357593554 0.9365376288618967 0.911118376542226 0.7577713438612269 0.6416327823491413 0.864383825794002 0.6887266966470162 0.20145977398223947 0.29313980876295276 0.4975368634150408
0.07748022325245152 0.9831120563870771 0.6998157205515506 0.7797519803430599 0.5103719814540453 0.16270150418717977 0.42504453793669783 0.7267017865214019 0.69556180480596 0.7193210208450881
0.4449812702128715 0.08225879851329099 0.79661823578149 0.58322139007565 0.7179659417657147 0.49411932713854156 0.6577746154670986 0.6311759068726667 0.018937795343560326 0.9153423239343174
0.09254091750502369 0.5241084391188244 0.40533554572696384 0.9159158561931143 0.39561338484204156 0.6340851721519163 0.8381957266122341 0.5972525473246425 0.6608766124248482 0.2071857598585093
0.4206377180533317 0.8425548118992351 0.19239356990841605 0.3394319613246922 0.4356510356980354 0.7072798110636204 0.2806309026251055 0.3048674594893398 0.8660765354021125 0.8564724262497896
0.8827686136156544 0.26804556656093037 0.36189987242898813 0.08952471552053809 0.29379409488456665 0.4375960924995048 0.6834524063072381 0.15795823929635255 0.7241831840255296 0.273206522654337
0.49384091115796047 0.2781156568255785 0.8103210771247656 0.44526693627240665 0.9999042184185563 0.9681864061052545 0.4754188203038795 0.8645916665645565 0.34822156912295166 0.09778054672522896
0.231531693816324 0.24904543288160197 0.8711736137217732 0.3283042371363001 0.9673879536638178 0.37456531623629497 0.2477842483625483 0.4436786579423887 0.5020876475593147 0.3699837824087878
0.3950472993033922 0.4234840439869052 0.7013328562313068 0.1582229954720612 0.4376690098024254 0.49439900412271043 0.75070244441828 0.420843243084016 0.41763407981065026 0.8108445747859641
0.25958559769209943 0.2685938522384237 0.4997287640285124 0.8620315181623928 0.22974039767833276 0.13752811612731974 0.30513233290626995 0.18014841665401582 0.5640451082055081 0.29840786190631885
0.6624133054063146 0.4332171623274774 0.713861036239602 0.766537978041515 0.503744725626738 0.5261814930518315 0.2675281054468436 0.3298343874884012 0.8538785497334908 0.9050833606197388
0.7678652675925787 0.8748440115754922 0.8603959301968291 0.8617209216752806 0.8131495297785647 0.18359815112107047 0.5959770115125334 0.26997090915096167 0.5438993659201431 0.8985961098664688
0.9269099807468961 0.8499975469831138 0.9468890889497882 0.40887877907223025 0.08678596298704111 0.7528586134196609 0.018173172521727787 0.9970666571345813 0.7203031710466751 0.9855592267510059
0.7185002045247132 0.7054005184148002 0.06932931847900914 0.9553919200107507 0.8273486759629493 0.028237369865646844 0.6618491868561895 0.2024415071134602 0.2559172983379361 0.7191178331616174
0.3341497383246902 0.21042193317324875 0.11475521758513085 0.7124356308466925 0.667572201644152 0.03855132590266486 0.8483180166510138 0.4029037685743928 0.9533870779028409 0.4009607038169092
0.04658775054836817 0.3004260964930552 0.6128245622192184 0.735170654417384 0.12299644206696103 0.3836467839917789 0.5940193109744558 0.7474595613624826 0.9082440478652738 0.31236449411939016
0.6436052177075888 0.9004858887943272 0.35120355560091254 0.0271625480084412 0.5079224179062517 0.31731615991966045 0.9409574738635675 0.1640190692184227 0.05727507883805494 0.6160492827168905
0.1681112895362794 0.14232707435302583 0.04640537544758705 0.260516957073336 0.3288814157003237 0.7466666962573322 0.7253255727266968 0.11507897024119274 0.24205633660708226 0.5158371335033688
0.7968763884557907 0.025321176731849637 0.9967815050783031 0.2770693440235984 0.280856811090328 0.41150337128540015 0.6782199592782422 0.7190044301455497 0.6892968355157107 0.057892460227791265
0.12849215147027715 0.9839374843471068 0.5434212272989568 0.5086567148267767 0.1919001956325127 0.8779896975819741 0.6700789570897498 0.739784577499992 0.5662933307372545 0.4472865003087927
0.9038894652748156 0.0665315543088405 0.33653247466783265 0.34888302783172986 0.7910837655947771 0.5671873950966972 0.501364202600583 0.6570924219922979 0.6419943234941583 0.6564946601257765
0.32161507476668716 0.48903658107782355 0.8113751836904424 0.8258392865640385 0.11546950830441771 0.10765315764763084 0.3992091720209302 0.9823725138637732 0.20569562440577305 0.9660560751609302
0.6593868678235412 0.26551239802663396 0.08403512076285136 0.4940618090936235 0.2796172195232174 0.69681288602398 0.499574847899555 0.2958570423120662 0.35315777546701865 0.5279767831610811
0.10076915301361544 0.8271976208299872 0.3014275192103548 0.6918282674213384 0.46488392660936373 0.5511925741987871 0.2262930001534883 0.3323499321278799 0.8339845427872307 0.03364166577582062
0.17179453022585767 0.9924278371496599 0.6431915666529139 0.4320581028930639 0.5573057613784985 0.6717377012119695 0.9747797201791913 0.3569227947536323 0.6075967732567665 0.6322440278798455
0.4007970913918275 0.13938030391388945 0.9499970958251661 0.5250730857810311 0.287233209178838 0.12650066206308597 0.6748316129614078 0.14006000630317117 0.5243659105023626 0.7433956316998649
0.06252942755805124 0.8380588656634803 0.8207689414058554 0.7108915107257235 0.8692815197116455 0.5161441667394377 0.15256342313661253 0.9881251489817232 0.5328501389547998 0.7771206624128509
0.6948479763458582 0.7213435669977791 0.911109163626591 0.8272981419864235 0.5788438336392434 0.7233518384128764 0.19812159569491072 0.5102763407029451 0.11614320527032507 0.7824678543922062
0.4760363581177207 0.7995243921775359 0.7105498106671678 0.40550655873904096 0.9558136358154431 0.018828390177998533 0.538353277024728 0.43623077761813334 0.33576422827410923 0.03721960005261804
0.21947957993592926 0.35886888601909306 0.864115087911732 0.6937849592319165 0.12481188328586101 0.9957149199782204 0.6302899863861782 0.7478003282895779 0.6690775826058721 0.7384893374543353
0.32932015712957186 0.720916557020439 0.9240486936262795 0.4150540842571653 0.2447771907477675 0.10066695123495872 0.15340474563948892 0.3862387489517497 0.47784638558797 0.5083539387180981
0.41845824935021014 0.49194883437731907 0.5136353990261513 0.5994122049224102 0.23304502513424008 0.02139165415570421 0.06054012273647469 0.6606338401465376 0.35623290527316265 0.9691689180319448
0.7244654143369726 0.09618079240027222 0.2031038889826302 0.4571493690184647 0.48692571309728083 0.25309881439353843 0.026716359377605192 0.35144883502266244 0.14452660900842373 0.3270858294636856
0.978455809645766 0.7845093539724968 0.8370550148989544 0.4105571883488064 0.3893337030547419 0.5041825217296789 0.5423826210291933 0.0975889477920534 0.13139605341257155 0.7148870569638083
0.9486131366770094 0.44410960784270326 0.7162543903037202 0.3503238262232805 0.42738120035935245 0.4967498331366855 0.8668538890849495 0.5228963996273858 0.9269366849732146 0.050048315973848734
0.6589444683802416 0.2318986177853164 0.4796250588922445 0.76925175478913 0.9703227930337074 0.28069516201803835 0.6756010882116993 0.32473532783797043 0.8987640733851329 0.7525350339857948
0.8930895086971313 0.7241091843499879 0.013664482992893245 0.325301703849186 0.29523283539831624 0.599366085828182 0.7917667344505248 0.1674181486675792 0.6045434666591787 0.808963724752591
0.35394237988910326 0.1502889125744551 0.44820312766610826 0.3485244681464251 0.6678564974647769 0.6370749902895967 0.630929856015693 0.2288748573432695 0.710441486535598 0.16326209193610008
0.03685907188597792 0.6764354739259358 0.6944591363223152 0.9113964994553531 0.987861662530228 0.7385113628941409 0.35503021543256164 5.265695564071748E-4 0.7929488473101824 0.13482213560730194
0.46486405123538455 0.26030267545213004 0.9118901153877268 0.9866499318007274 0.20102096823883076 0.34035165523971045 0.6258968180055615 0.8762724678779136 0.7213924440910533 0.7174567034155376
0.35920098978199777 0.5418872887269112 0.325685453641839 0.4062368850233683 0.827585118901665 0.397023070872598 0.8735487652712398 0.9534350495522745 0.003395434223464111 0.9784717285513452
0.7115809724964006 0.6015871602935919 0.4812977552659172 0.3730654279132387 0.2213110293696786 0.34475907016661067 0.20501143129719535 0.6511606645493101 0.24184406674101266 0.9672026052457616
0.6724835869687906 0.3434811802090445 0.04371673345327909 0.05519478664731725 0.6754423470532243 0.038010316632134056 0.23460764920358623 0.4029898786649938 0.348994378912155 0.2449126795655877
0.9629003999848846 0.1957270203610706 0.8079086107039316 0.7800036860927504 0.05169794375006587 0.8453005472397578 0.9284543113355204 0.051075108974859895 0.24373890436017998 0.37961405532131776
0.8981389574587604 0.7964232799556356 0.5667675093500372 0.8413036065615928 4.169004053399261E-4 0.02121622626530173 0.9392611679693004 0.23892913433733587 0.7274172985227852 0.10487454511518779
0.5280203869401381 0.21179757075920902 0.7209658643631194 0.31143023675089554 0.04197805636092433 0.7189949341607352 0.23065159893533338 0.224866661625304 0.10068602263898718 0.743868941248542
0.7474162358147928 0.9527318575088569 0.05128911557346727 0.21711752649981164 0.2221210284408578 0.29385649886202214 0.12439773052295955 0.1048030790440716 0.8107714582249831 0.4497968631581746
0.617122083068706 0.8820257394509997 0.40155749039677946 0.27466227216327965 0.8706324155717491 0.41865374722059145 0.2735934601026039 0.5042754514400202 0.16996160516677472 0.6404224038660924
0.11321799507617336 0.8831532028565521 0.33536737214711454 0.19687760874106164 0.27094137788619654 0.6165845471089212 0.6974234624963126 0.7670537344806037 0.5806038706113068 0.11512110088023508
0.3521107668550365 0.5644399387891493 0.2820353771230739 0.5700854494909453 0.07753022126864217 0.06470287583652434 0.5894832853864863 0.5012404187786935 0.06046185212268196 0.9727977548657033
0.23030186134885544 0.05155284536024041 0.6288450514740129 0.9705141533974903 0.8418732166872512 0.4690230613552895 0.5153572436689223 0.8411665716337038 0.45945630219462774 0.9118417489523722
0.7876195478524033 0.155054067340194 0.45363715314985587 0.4406737770569953 0.4721594050573483 0.8174772892447377 0.1832798981719277 0.8206582641059332 0.07211203396659593 0.43051536825438363
0.3183547924779504 0.5457530039707698 0.6327437842692372 0.6004290272507679 0.25674624350871866 0.3193407079991226 0.7442324310991768 0.03447045340095478 0.31011983570588453 0.07755291454891877
0.8877405890232222 0.5140445543952802 0.3661545348615233 0.5255573118477377 0.8286702095540771 0.6055803110017708 0.5479224598505114 0.07209298805123399 0.340087787340153 0.27613449146602387
0.9859251769019161 0.9938264643365692 0.39966125821514953 0.4176653480682665 0.19427232436175612 0.6386418308471877 0.1450512083211858 0.6520761551924676 0.6997143518554441 0.4857661229325747
0.29555046561387843 0.6885442025825979 0.5107186708620841 0.9206706869468896 0.451868277483529 0.9353138983730209 0.7335036896626598 0.6539784259070474 0.671305647193041 0.030046912791297564
0.14292358765197122 0.8161455749709177 0.9821715372933656 0.4459867620610791 0.7983211791572403 0.8934758843459952 0.04913960456783639 0.355608596579263 0.8579447675035118 0.8360641272270817
0.030348151964249226 0.4890897511025578 0.5902498071081663 0.8645551497230451 0.7773962718462682 0.8118500509369387 0.2063840015826216 0.7301430016712053 0.9209917781284963 0.46357530136261493
0.5453800133668697 0.44102495238092243 0.05785723562139489 0.5505513872356177 0.8320575666586163 0.7585627843355927 0.20860281418535476 0.06380052722790941 0.6973621136901961 0.08769428845220872
0.9516250083803273 0.407424866454563 0.4018449645084615 0.7386759475284628 0.1546936558026304 0.7647273765156384 0.7352153074713144 0.9210269811788516 0.023739110974593136 0.8040934598568087
0.37837202911344214 0.245584684530466 0.26745487351800645 0.032281095111188374 0.6090490419698098 0.956869074140737 0.5366813513473236 0.4396811427951469 0.10818482330264545 0.5954945362688578
0.9391385301348026 0.9502738825964802 0.2813533875259935 0.29915529411150876 0.35292655632756065 0.5884212906829683 0.9480703925950693 0.49075001229725346 0.4663153361693714 0.20529956587393916
0.47151450082447066 0.27350063127001234 0.9566949574226242 0.0696893114713335 0.4021810139615858 0.45545885916901563 0.9881613767571403 0.6210058814755279 0.4912112420961341 0.7595835650581917
0.2550623458578074 0.206865935821006 0.4926174484650303 0.44061070914562495 0.12793087730649988 0.6831502755181565 0.5183497311287804 0.22622693125975046 0.0685846075762715 0.3414373365637279
0.8361284837001545 0.22759679958098566 0.3727713746068949 0.7468457747420071 0.9071914236877774 0.2230828319305369 0.47159253738157003 0.7187382080688253 0.14958196951791092 0.5090366076817251
0.4770373508983866 0.8674030089564406 0.38233142616175453 0.33282782962412494 0.3923132970665173 0.8117442527809063 0.15686437218548732 0.7758181133361832 0.4242585709491752 0.446174662658541
0.21418326333409676 0.8377745667732276 0.13297485629508188 0.39932016829183714 0.11986463906242295 0.3892575272615688 0.732919649034924 0.13280862241347868 0.723625990080765 0.6048062826384147
0.720049565014186 0.9653295747621761 0.4661988848541665 0.4672848916881739 0.14120675059025167 0.6753160456076848 0.7134704206887706 0.9425401526179342 0.2447931440080271 0.23501281959306053
0.23633199699721075 0.46356190492018434 0.9558778287663614 0.6593606842192443 0.6744002399359558 0.4346259893853339 0.6042352349212196 0.9150392556259195 0.32275245517032725 0.5684380417158527
0.6004127253482681 0.3281756221612726 0.8630445535595705 0.003086506320164495 0.30277810183717924 0.9536400266285514 0.723856708355195 0.310651387881795 0.14759927549527185 0.9245136182816532
0.5998381265420366 0.705605123904917 0.22455920105495553 0.8872276806734621 0.28519917347294854 0.9886802386724354 0.8717116638017515 0.2460375488510279 0.3843252782455212 0.020668078347020558
0.5367343527119628 0.08990878672803071 0.6507642064705195 0.8106519315434264 0.10543738720876517 0.3555568808520966 0.675564003198678 0.6244664629217636 0.13383753636962126 0.9922960315245912
0.39691641535710154 0.8717150001029711 0.9367089009001753 0.6375167369573421 0.4352864132270483 0.9134649985478684 0.28337358972394333 0.5860256367538736 0.5716853158873267 0.3477809633476807
0.5305963995713366 0.6421454909588193 0.7814717642566729 0.7765435291700334 0.3827999890202676 0.7803868642225316 0.11204078134786521 0.5345420679948945 0.11141778785231937 0.40866750669118757
0.34998840935157016 0.3706174498643021 0.9880541765986915 0.4274693670618156 0.861815428705072 0.610670947820807 0.89022232952661 0.20898686235407749 0.21196063584082647 0.9036433836155412
0.5237824725883726 0.08223495346244414 0.16293023610819912 0.25410898720290576 0.4728039175685551 0.9032485913185849 0.44451713787788383 0.6789164115404358 0.3354268648138975 0.8139199606069848
0.24257970536914908 0.49034900259877867 0.5334004322887455 0.34868370600707765 0.7025768811220982 0.9045651501535382 0.9933260194056911 0.6351743209870596 0.8690325589394846 0.4016190068080504
0.7892355244913795 0.5531440814456905 0.3893288501148321 0.022150555766687896 0.008986739122441634 0.36534383915165236 0.9987046202817975 0.5758730050256341 0.5610586725346138 0.5147334427269525
0.2730619491302142 0.5582752786105611 0.3736819064037079 0.9943016493151241 0.38715985970557165 0.42449519265228863 0.45484024507871135 0.9389409874673398 0.64800128630251 0.7531093797134404
0.5795315926461008 0.8632353346183099 0.3866958000792241 0.7476237795421459 0.9497775450728635 0.2746835671222291 0.3868068659410774 0.4697387488382252 0.03322302054391979 0.22879579023001306
0.403169718973879 0.17600072869681394 0.9277680228731153 0.7606628315831788 0.4823913286167816 0.13824268471328582 0.022526291955631605 0.02701425892820597 0.7347219385081032 0.3682535521293354
0.4295062077369759 0.42344356639381564 0.9267127266779427 0.7384066107797318 0.6457614563783652 0.9033935989965113 0.7650521104579379 0.09251557856747306 0.172360269915659 0.21865950034938197
0.024198579898917494 0.07497629083314994 0.36437364622729485 0.8255800715142415 0.7339052125845485 0.571290753763219 0.6151846955343129 0.7567527904644823 0.487457623602483 0.8493598530585104
0.08877242769678961 0.8450220570528584 0.5574230221827947 0.7184693657262569 0.6052253068561485 0.3046534248211815 0.9129353672992536 0.2816838154729394 0.9575913408915642 0.8240218472960997
0.421017760451303 0.14740094191278608 0.8922725960307651 0.004804862040699187 0.4841697346242668 0.2871093393186751 0.22052439640289612 0.1945866012216695 0.11742391955650211 0.0789304201147979
0.04522014881496528 0.5029420063298238 3.030143726793222E-4 0.46031498537728843 0.8848951816431789 0.06548496153902439 0.35258442209882046 0.5283040561480472 0.5561837761890696 0.4260280529121284
0.5775065945803857 0.37205223700038836 0.03611542607026497 0.24391560728567108 0.49202777305401757 0.3998511775343899 0.16733828681921747 0.4017561314317567 0.6209742549660822 0.93167999777267
0.9921886711642836 0.9881936347794772 0.47039183980778854 0.36834798550641146 0.705627466134599 0.5610221703811525 0.9151407951543943 0.8195844542623935 0.702415842134327 0.5578613930066978
0.8367511960280936 0.67596983490498 0.9605040385079113 0.7147752454166288 0.9297819602611063 0.24339023610367128 0.05045864288917057 0.8776299413147038 0.158403702246256 0.22373812724242503
0.3898555880899175 0.6466515291393452 0.6896518079607572 0.5218695395371324 0.9719170720605197 0.8815571370909239 0.255772878911672 0.5863680900397822 0.6892728497079532 0.21279833617358668
0.8053141566204803 0.25045510940043936 0.5465774062960443 0.3538690204858863 0.9910822886835547 0.8294235851613856 0.5098163528298395 0.19029417995423892 0.512823997850027 0.052263604134194286
0.47548679214849976 0.33283027289387346 0.5834581335472713 0.257685420420926 0.8594380907733655 0.06557143191289894 0.819915192676885 0.1685353356522591 0.6030108598334222 0.39407051310662444
0.6731162611669541 0.473639210324706 0.9732139969971269 0.2042475069250973 0.1063510126992705 0.392396767080993 0.39403031391718135 0.37977211099604913 0.6072899425241342 0.374989252775631
0.6875438932023006 0.09377118805981344 0.7760932270277117 0.09985225940533327 0.5264330855712324 0.3901263049931324 0.670554682309306 0.970104251536831 0.6034748773456577 0.6002899325373723
0.8089464677313556 0.38191060811061495 0.00905815791654152 0.1034635490881497 0.23220605903772262 0.1403017610603834 0.5743044810172687 0.43114479428864616 0.3093339396781686 0.5317536133666957
0.48524710520164593 0.7414644360351198 0.033347281039421306 0.7278769674131941 0.3026198697570047 0.24439893168152127 0.39986066359277694 0.3908519640729611 0.6321600161318648 0.24585733855245173
0.08634234353607351 0.5787825850479609 0.08192943811503528 0.09680611974071385 0.05732056409027697 0.30793538873813175 0.8160117452355757 0.4830093163683876 0.909291063172725 0.4188656694157913
0.9680427824577786 0.17162536208676615 0.7388037181696326 0.7147230166151222 0.41338481240778524 0.5428161850340398 0.06818255321985234 0.6925680134096874 0.9153555597866997 0.9776881038766938
0.8955599939686022 0.5723200750504264 0.4587751403860666 0.4482981974950755 0.24938299113071094 0.7429959797895369 0.6631952975277988 0.46112392490527776 0.7222750003830417 0.19218760407575863
0.5285271216624475 0.8423075249174908 0.335114189515334 0.9622663556214358 0.40738464020744314 0.7211514004139876 0.7394153447623272 0.185590964024136 0.021313958717162573 0.46775387599981855
0.2045790978876415 0.791034252245334 0.5421779564113526 0.27133994171130194 0.05629857539135974 0.5454337054394237 0.24531973182494815 0.5077542848050184 0.23339060468598583 0.6961094803416381
0.007727829195296798 0.037749266898512324 0.41254469421218765 0.11438292723881627 0.972279339485471 0.10211363731239387 0.7139597147695296 0.5050673863578604 0.028237524707667716 0.5353523957611621
0.34556516038809204 0.9431923273188267 0.36853260926637843 0.6065419145687191 0.6694995240448464 0.7267607661304611 0.27595588023609596 0.9141487371638187 0.08174591998588221 0.29312931743341775
0.4632488358692659 0.4110144767697602 0.7843010589745602 0.7366387302042654 0.7461705350749254 0.8163731853600749 0.9989802110158946 0.286412428886587 0.563977962250666 0.38368176103214735
0.42293755908460495 0.955779129234022 0.8783560273820982 0.23620792021534576 0.758208073986212 0.45856510519655946 0.2796846680589362 0.2567345011199429 0.9610529796492782 0.40254039161874167
0.7086330604018751 0.8234026414898427 0.451618205451888 0.7165923690442193 0.061421633373210605 0.5206307003248319 0.9003912852200893 0.24573946370977007 0.08869479812027214 0.3222097906182605
0.36516877924188973 0.45688637770654883 0.42079823455471443 0.64309071163344 0.4907229444769263 0.23826168239149137 0.25635690351156837 0.0870412426421977 0.2030832975276372 0.8467673468371253
0.23640076883325267 0.6792668128428961 0.8313242508438085 0.16000918841923017 0.2928872464979937 0.8662519413976607 0.8719779101513377 0.5235659089485065 0.8083208295176204 0.5894929378541512
0.6746664679436112 0.6490938518742791 0.25227176381295335 0.29545774292463467 0.17227615261928408 0.21515324489752707 0.5709475931766195 0.8310216745104879 0.4049704615869374 0.050181146757267814
0.9975724053404744 0.7917927986400395 0.9945676529370244 0.03582518138820456 0.6241806779323312 0.04015398904505518 0.9142834820933955 0.15889110254199035 0.029533865188073327 0.7905133781626056
0.8685670035607332 0.4614466300461806 0.49321962478497583 0.87116849693222 0.3487340194107742 0.9911627026556834 0.8425949352081797 0.5153540072233704 0.9623287153423385 0.23776249402417082
0.7770862215267494 0.308456164889666 0.9476212234670255 0.9564878055538085 0.5934608439491883 0.7240423511637533 0.8793750681409254 0.7257811867243519 0.5960360564400982 0.018266839142934477
0.4479950133862206 0.06392111481752127 0.1173930967541087 0.12037903982987563 0.8513926632192619 0.43813741758837865 0.9980155138872406 0.5564739391847549 0.7773832115411962 0.03977201317156065
0.5773726509966638 0.3742886781005683 0.17415408231603535 0.7703400542648351 0.734320338216074 0.4987633470624122 0.007321773919993668 0.48588510722570866 0.28129294962338536 0.9412481708025089
0.9843208533934154 0.18081147023565303 0.06461210474914925 0.8096529282830446 0.7903446092409999 0.45741512647419724 0.4523389971688466 0.12249909053766761 0.7247841652034348 0.3236247907083274
0.5014490297546521 0.01674888573347344 0.7530891104479576 0.08900280728937682 0.98770874064226 0.057449524272511154 0.896199225199002 0.8878450211723725 0.6544869291748541 0.006645092131814412
0.5681736153482693 0.14825794933640712 0.49083290219967457 0.5896724624902696 0.9423699189998707 0.14738040437161848 0.5845070187812917 0.508871863177795 0.6775031211914432 0.6454557759563831
0.1122496675610356 0.19790650203184101 0.3671396286864794 0.475250459477372 0.327426626302458 0.5843001604568324 0.8896594028958758 0.8783529126045291 0.9842904292404037 0.4334651888191621
0.43044478617560034 0.32617657982746384 0.4984488450915908 0.6844077831223461 0.3240320161830119 0.5410294054635151 0.2847327426794356 0.55546143468829 0.02118723501754549 0.44140169517026884
0.1365079970924683 0.09781339585032689 0.42434604475443916 0.775662580228469 0.21457686571577816 0.30525298434873904 0.5545816415927439 0.2796452696594951 0.19916630137144387 0.8504851085528302
0.014243333541271164 0.2961395580645082 0.4251020320258978 0.011515493356183848 0.9916343047189206 0.9280997019545711 0.36811881713930494 0.37602946279499594 0.6175728808968654 0.9624142808874306
0.679358910930383 0.4673490068505597 0.3284095822949482 0.997374495529976 0.07546234810383623 0.522467339236585 0.5160473031255851 0.4345153786806494 0.7832540987274376 0.2708247650251223
0.1527400828269263 0.25429452631866245 0.9108847884807993 0.7119027528013454 0.2669209622622608 0.7851112450890704 0.07138336961408365 0.570377923912818 0.11603708633171828 0.9964584107144676
0.8199312159024023 0.3194913106655196 0.6533465140328713 0.1995384230350009 0.9827696133171803 0.4064527374759189 0.4178571412978269 0.4224634873231785 0.7535027868678761 0.5881137409752588
0.29006586179186944 0.14219970384969127 0.5116618373164876 0.09080661659971989 0.6508813990563832 0.501703542147015 0.6787448517339402 0.6451617814743179 0.35709181888125807 0.6182380193138542
0.5685514215522035 0.31487887336877196 0.6039637440008404 0.09764551492071483 0.11148042684616066 0.4378416943907675 0.18403678558180536 0.40939250774902314 0.5365619066416542 0.9286308717002543
0.8709039904355051 0.3484914280426954 0.5803454333584028 0.6534023167844836 0.6577445419358288 0.4129429304106427 0.5583686301574369 0.5812635044716679 0.3626025546687832 0.5591318875781831
0.6827816987803511 0.9406936801139544 0.6758817382834216 0.4626487373683643 0.33880433552950406 0.6652183978424869 0.07025252295398654 0.10829731582139857 0.6430443021636503 0.9994623110120396
0.11914481971309798 0.260589070883151 0.4983071053763878 0.25486900877611274 0.6772257548615753 0.12481312333265937 0.5323791025044496 0.35378976111928484 0.06473915253324858 0.2988097744986641
0.7623667512786372 0.9813080686158273 0.8673089352351029 0.9368652705101287 0.5615271430316127 0.8760803066010706 0.2137862603287356 0.8996838225164067 0.5221261086572135 0.03463718854380593
0.42694610255602705 0.5481821807429147 0.10571180821127635 0.3780043875489424 0.7553155875317298 0.753891469040096 0.551293301714691 0.7351655044599787 0.4891436786283653 0.6450395073593118
0.37226525477366956 0.834803645936013 0.13949692903911926 0.5849262108837725 0.9145212855409766 0.36492291633948026 0.516694430550809 0.8879938728790809 0.8710501947585515 0.05936422918433182
0.4827698618492041 0.8190327517704097 0.3524109017047504 0.20089480705605667 0.8723764420413391 0.49225185181556264 0.09783329111485628 0.8924642254646944 0.5775264290087163 0.3894836358102377
0.6782938363887275 0.9413839968958463 0.0737834878290552 0.3505805167021945 0.09076659402819509 0.22560193503968684 0.7290032255783638 0.054100208694323526 0.9719514119161367 0.9669065579785833
0.08044298503580771 0.2026656174235527 0.7701330326426421 0.4228106277036041 0.8920393231724545 0.8549246565490063 0.6054259509038055 0.12702737147050835 0.2108777886024752 0.6048238997900025
0.2215122934929057 0.9578665725864222 0.8303559965162811 0.5989491459651797 0.38608029371195995 0.9945421039601017 0.537268131342347 0.7039755663808528 0.3325235398975691 0.33329640015739537
0.27101483013785743 0.488808196749832 0.35206248409761054 0.778411418825696 0.8553698341154219 0.06978339304567993 0.4433007895394393 0.5975898897914637 0.2767102505940715 0.28234085480621773
0.0053312856980169965 0.33685407661434397 0.5773451984647912 0.08886433272536198 0.9208576205505253 0.027024697219458438 0.30855271217055724 0.6099287594371682 0.017398955655238413 0.982004732810417
0.14516265505485315 0.6749804701597774 0.8174972691968461 0.7885090928735491 0.7019989465338035 0.32851608388204934 0.6929476756157413 0.017543183870856627 0.8122215877031085 0.2991148685710654
0.023424349896331575 0.6498490689867256 0.528585377614926 0.04121819589051401 0.7264756715352976 0.20070087735613673 0.8908584734005087 0.59333926874695 0.5737144320283732 0.05384587900718074
0.06612110475304545 0.16142469676858995 0.037129459776049534 0.570051176263537 0.8133906314522351 0.03237926356941123 0.019797965038607424 0.1226305534509009 0.349996413816664 0.1503034696334149
0.7168782136730719 0.33048958827255726 0.6043537444856257 0.44678360293940145 0.02561437651555365 0.4086414483027474 0.5282634502989808 0.8066118050940926 0.37718690412414346 0.7368101147329474
0.6115896456228013 0.3716038258375962 0.5985930359083701 0.4586510199120519 0.993145096061928 0.7377208253130476 0.42934403701670554 0.16728416107317812 0.5938402588932256 0.48449012196323726
0.6156169607164109 0.5072481879668104 0.5116281547336434 0.39075980365657637 0.08360046968236623 0.828647977195315 0.5125043138436226 0.6371103423973742 0.5541258162588159 0.8661826965593361
0.827797446227706 0.2727860420954259 0.1022755538760215 0.7839051365893461 0.6252127437722275 0.23379766685179248 0.5885142423170107 0.825977201628108 0.45956678872898205 0.23888707492745265
0.5919867819961468 0.24435029840440703 0.7288792767860834 0.9613336904877405 0.4619818714938334 0.13621405358221617 0.6624632525475695 0.9771212111604812 0.37015922129623524 0.3172201428117638
0.6498824643844897 0.12377299665928765 0.7939912439455178 0.3809023469309515 0.7831207461420745 0.06920261043270748 0.690970979859159 0.6503782975917037 0.3290349936656397 0.08621553898117285
0.7334899311761858 0.8153319151522954 0.475139564582868 0.2558374337999906 0.3658909816338509 0.6654400047181649 0.09899726546703236 0.581432772416103 0.11805297669353321 0.480820416317564
0.49996767018391375 0.7856169587935729 0.5639652719543414 0.32074306920176976 0.0017907641617314063 0.8832544602783919 0.5491020928752287 0.6637596736159017 0.08546034302439554 0.9763740883188625
0.8270080339829983 0.5955712338458662 0.24406783634260576 0.10062159765999579 0.04335766969064747 0.01536758765923063 0.06477427656253809 0.36790953767959134 0.0848537386636824 0.13703617199895457
0.13779418642758767 0.09621228131829074 0.1706800867815238 0.8985519411735464 0.2682523313797588 0.09499400263810998 0.7058266309784069 0.7610245772342294 0.12400007311873307 0.7835465402263542
0.8384562578862734 0.7782921670880032 0.8909554022371514 0.35955215321188017 0.8675834759043157 0.7486162812692937 0.727256686111473 0.8064764874385156 0.13268799596911773 0.7219454527817457
0.8084972613051533 0.13093528510814778 0.7834864299662385 0.12937996101316152 0.5385338583501936 0.8549677851202003 0.8759381652916632 0.3258835122702507 0.06383921272800774 0.4531885554532412
0.5696617606159639 0.39295237350418744 0.5740953473573763 0.12107913357211642 0.8122910970293608 0.6348660042103643 0.9977001904158721 0.9882190014191318 0.7879008397492336 0.3203076423731357
0.6080880122957871 0.6490455302286509 0.5794833017257212 0.8705572180784408 0.7452389032581881 0.6737706930867907 0.9495597519897871 0.8761228251676693 0.3264810383345603 0.5833718977018161
0.8783609924396174 0.035591849938577 0.07166426314819052 0.6251133756111739 0.5156136981823 0.35364560716963966 0.400011527528087 0.5688432068302217 0.4998203252186776 0.7095965870128953
0.7694302604279174 0.6593506912570495 0.17802225905206415 0.21347102904429105 0.8237927493395832 0.8063573138248037 0.11938699741396852 0.6035733001191275 0.08967149979185496 0.07125415010598135
0.4575622433656378 0.30763307160101705 0.1212410794456038 0.5184868684387846 0.019591088117236755 0.6890503918240996 0.9305358518312242 0.5395294987972308 0.9032837608672161 0.4304171928914994
0.25997824032834504 0.8286763706925638 0.15029369927951464 0.9684085240614633 0.755070068178593 0.29242115691398796 0.4287463262813398 0.3873006169509252 0.3773646711263252 0.30798085974088407
0.18712142335339244 0.20278674407105146 0.46131525501907555 0.9115615715433735 0.570190806020046 0.023426193736630463 0.6633207520089935 0.6932522453577459 0.4981649650497664 0.1639756272889752
0.6772676133435491 0.4029712117756834 0.7018037978182394 0.9030161601832861 0.9980916285894721 0.5306797581758355 0.17909818892052187 0.22670335918829254 0.20336160148046856 0.4141158674068044
0.4932304859033889 0.581132061513233 0.1926122647834324 0.7485904770018764 0.5668739278085421 0.3677210543244013 0.5751309506334524 0.725927219478433 0.14449224154836093 0.6591873489855964
0.9291288496079216 0.4134165509056985 0.8921524736992141 0.8880939423901398 0.9687043834874157 0.39869308614970245 0.18346533198845993 0.06561833952807639 0.7497327169415628 0.17273511165733824
0.9806194808955954 0.42510401172959533 0.9217919508981616 0.20072355740401293 0.8610768957927796 0.2531203440076948 0.6904632390160717 0.13928708442803261 0.1633490912926998 0.07017100088592221
0.592818412045114 0.19869916131434684 0.42937436140641894 0.25385491035471086 0.40863565149483627 0.21988140641948117 0.8063688254085568 0.6591974701932012 0.5308597295242956 0.6386075808446688
0.8376248320321168 0.7840345189094087 0.9010504571730185 0.14309064527039983 0.11958233952014174 0.5517446875254507 0.17903918671761898 0.49617490744850123 0.6316002931928935 0.8392909816797777
0.1607401053846036 0.6896444598495167 0.15520636159383294 0.4654451421692063 0.5840390573545651 0.32569767477079103 0.09120536730992823 0.47223375621991326 0.3699098698223363 0.8794269772404212
0.15587803301836733 0.18205811545897654 0.034384371855219475 0.2861821877053823 0.8916032853727478 0.6936044183665823 0.47672859950422997 0.11898443166986661 0.6625888719723972 0.19157478524366234
0.6001549264375774 0.47369717404737244 0.8229968819923394 0.6884337504129383 0.2536258111071702 0.5634494297575823 0.042601726995655564 0.5907786893262219 0.7967816250926724 0.9388459834200236
0.3542205744869088 0.7886072195702545 0.18475157971226208 0.19678773335377897 0.34750682483712103 0.8026679578894419 0.8455836207854044 0.01826484500324499 0.07529960329967278 0.8932456981774307
0.7802550032784473 0.3842743490254964 0.6615732438962878 0.9331458925587373 0.2537025471502993 0.859052984060225 0.30413271046524404 0.27830723776204436 0.16503797356052186 0.9011045695888192
0.35055202908964167 0.831385594309683 0.6860897333453683 0.26504141426303307 0.39245483889780464 0.9868162045203205 0.03964024485491768 0.6910467940010111 0.8710873316125087 0.170275270025266
0.35220308821407187 0.24380619836318707 0.5162356939414958 0.24112629612494507 0.36091201919931903 0.8590428529659805 0.050891528658060015 0.1133502998901702 0.38006962837494407 0.8833325546237564
0.9856705338893843 0.5686233227450036 0.3401304938948927 0.6516624654014518 0.9998408481246687 0.3846185091625669 0.9003699862115914 0.4372361454513739 0.35991969401310775 0.5822743690445175
0.6062164186138472 0.42931805231015585 0.06214769924256247 0.8076845849496934 0.813201118251783 0.7474478436883446 0.901752741422979 0.6074291082851507 0.6317070409058787 0.8841457955959342
0.4697658243690359 0.6305800740771121 0.4601735722600898 0.38326790322128956 0.15725375785007345 0.5962801609710414 0.7691416289272469 0.00745971225945341 0.607184659147679 0.2027054018668305
0.6744993472682722 0.12569622424728488 0.6957437892311096 0.021388112699138095 0.4955158831508134 0.5606844899533939 0.04776908333611318 0.8202897295159871 0.9317268315277437 0.6759446324033545
0.2950769517370657 0.6896778377838358 0.7124614482325302 0.05367386178239042 0.7718008526401433 0.8067751271441863 0.5737789345646995 0.7170375715276314 0.10746630018156988 0.6683123319151596
0.1998066356270316 0.48432013966771736 0.2263779460128802 0.1445315880063427 0.32895065245307487 0.7074073900283693 0.5909956280750392 0.7638500671199385 0.5701749332062684 0.34336184062418895
0.1373279920968722 0.22430847432002765 0.6005224134539223 0.03539059827737523 0.2419737150425395 0.24609242246250673 0.3222773007151277 0.6382951221268158 0.2332922402358002 0.5288293299861123
0.2466453611799857 0.41353109073953276 0.4132869748045016 0.7580272410072773 0.8405544324372063 0.9402954170223035 0.29213609817274155 0.31693591142201916 0.8241548702799951 0.6415969263218209
0.7539069672842044 0.6032749398198555 0.43882561920403096 0.7080558260785428 0.16984256030052658 0.6246876490800584 0.5189685486590104 0.11721665320291907 0.05470888450335254 0.8524430819680061
0.7955999366354783 0.3924479657231813 0.7220449434619649 0.14982321788461028 0.23572487966830302 0.7230414661530004 0.5357574216755923 0.9597961278717838 0.37870650350339496 0.0759120451312637
0.7783547847788885 0.8359898703670816 0.569319033952589 0.9693395923867327 0.8602160164994257 0.8316462675135606 0.7068996935683639 0.6504821011810281 0.5796416686850746 0.22314733739226822
0.630991624408491 0.5209290076945782 0.4100360543248822 0.537871730482296 0.5460957840112984 0.7883526811501083 0.33842077058677145 0.8805520620137628 0.9516272245146848 0.4873547224332164
0.6085819998436636 0.1079686467261346 0.3878970802719991 0.2088934306624507 0.8325046384567317 0.4887284595933288 0.9349183415312229 0.10521710419863206 0.32534886671260765 0.10304313065915971
0.808060082372744 0.9960175861855524 0.19207540956740554 0.38683309638175 0.5830515679709419 0.6915571265854034 0.6479281571235409 0.9051492964179405 0.5525636058791767 0.969810688027299
0.29033358878842985 0.6518182785304024 0.467571908314252 0.9972051971202474 0.5563786752787839 0.9153798247596344 0.44893320650972535 0.36632587821045604 0.3978798762267086 0.02580117469905352
0.16808144557666904 0.33899941652045606 0.2851582350266715 0.10211521408037716 0.49047836543819945 0.32945192781074095 0.010985999270865077 0.25804468855765617 0.6514288885927718 0.13977990001353646
0.4077729114855104 0.5908379560661122 0.691098419222351 0.9687602314766577 0.013911088972426433 0.6779565247226063 0.31404605286723586 0.7550651693308823 0.9292994620295664 0.23691796962026856
0.5583135647431748 0.9872371148826976 0.5854196973865544 0.06551250796303898 0.6600875252839836 0.7153167618240505 0.9219379166427883 0.37277527281011624 0.282177317968505 0.13280761087770265
0.5096575413192619 0.135510383150797 0.8380298113932619 0.7626987433193053 0.48874988105747896 0.17082674056627056 0.9877264216495588 0.9775569532224454 0.8015417322056062 0.2020605953738982
0.5083862677217493 0.3112379358828764 0.09073936641910185 0.31362227967666234 0.6486247372261752 0.7785561746462224 0.8068211677838657 0.8397200765214625 0.765193886857508 0.20929122673762734
0.5224319496647553 0.9125776636902175 0.5096571831046244 0.42419787185199875 0.18696361432218833 0.6076752471872805 0.08392839421707399 0.9332264475064155 0.07110890699315142 0.8667095455360774
0.11572997891225545 0.7199485018481591 0.4490257734609132 0.15338069978423896 0.5185038807086924 0.591222631229296 0.6448522363723369 0.10277924227309032 0.2950335484655 0.5174234286985958
0.9306624973486015 0.2620596599580779 0.6200129161089324 0.3660964567048144 0.9045570997042868 0.3882514728770815 0.6940242590991125 0.44069094350815785 0.4004313790797528 0.668472580433985
0.7998639559625536 0.27606047153570534 0.6850676676478324 0.6584742038963748 0.7118812234332961 0.21371169280202906 0.6835489789697919 0.697359867526953 0.10997172605253802 0.3823199555833048
0.24059274125686325 0.04948607445571607 0.9320944827876253 0.8428193432352866 0.973255055236333 0.04896539992321125 0.6626571215786788 0.8224143663882816 0.09955764752532303 0.07785742877920299
0.3988407759666722 0.15814922326501335 0.737940873357791 0.29604672820494904 0.16291299799563352 0.2982095353580011 0.5640480900919465 0.6589712265466953 0.3358031604721836 0.4679208963810858
0.38419791052428265 0.9087783539553201 0.27569168284367707 0.8974471746763147 0.13900277257122085 0.9051502988385629 0.1550907271196198 0.32948098184491603 0.08594337962917642 0.8739543121920723
0.8008709058980287 0.37775758806460724 0.4263107067315195 0.8950369443117665 0.85391466766332 0.6910124532037517 0.4397783602250108 0.2248965081208555 0.878554103629857 0.29204213789931455
0.2689695834026339 0.8556311768999348 0.14667691405636463 0.9078167379803948 0.8567354600810392 0.048474502965332844 0.6973614749298717 0.5841315778815813 0.18046139400513383 0.4483941039681708
0.9301277058069464 0.387074811553037 0.8505715637981225 0.7856436990540441 0.42836800485792836 0.5336264088835 0.3445016433308822 0.10082218742170757 0.9292480879904841 0.8649935266686888
0.6327624505571992 0.8919077306798567 0.35734473651200593 0.17882576204737022 0.7203182744119043 0.57489929138224 0.6215139869519337 0.5702434535612855 0.674355232337821 0.17411134781028204
0.43795947052707995 0.596650750695586 0.038616787667972496 0.21383218697466555 0.7871976948941767 0.7775944795685271 0.14483495509873268 0.36997017285919565 0.7385931946489944 0.6684689217874576
0.7233873696963002 0.5584760229572895 0.2833632688259087 0.5056554506691182 0.3881616495331085 0.7867436548511428 0.5054285495537245 0.21072553241373781 0.024710804466350877 0.27485611074106175
0.8892120699456816 0.3626239175699467 0.8461339727247484 0.06545702749406401 0.8144664023891346 0.5992885726378047 0.8977191387453466 0.5841920333420014 0.32043453915358766 0.7939526487444805
0.08923586887887935 0.3870791393840025 0.03512705027646035 0.2664130292062713 0.41286719651464787 0.6368304342629557 0.7602247104387214 0.23583859307231025 0.8651222339916692 0.6870620150116944
0.5780919389841072 0.6992313188885542 0.7326715922054265 0.5214929503342659 0.5046134460751989 0.928441110943308 0.3249001988966167 0.6946483218906082 0.650042590374344 0.818675765947782
0.9400731810516058 0.8512449814078151 0.5697768879242894 0.39273526823504024 0.8373618739908909 0.8633533698861338 0.9879525269779388 0.867739404302065 0.2535793058158502 0.11759226012292945
0.358976116226021 0.8249067363554243 0.051325088123399754 0.5090275870974916 0.7955888798467348 0.18798143336392192 0.4143420985615439 0.254110847583382 0.736784547430716 0.9121944578377131
0.11623831512494676 0.7219058077994175 0.35487947548979226 0.513183630468628 0.2803290104620241 0.10101731699829475 0.10825905500323729 0.8240872108978652 0.22120597028496836 0.8690495775655149
0.03480218490064513 0.6590637285043139 0.9127419549798792 0.7120848330825761 0.35071130749750123 0.38278056771751434 0.8625903522115983 0.7535888781355556 0.6704522932283923 0.7379524267330287
0.6898411703523539 0.6953119116214291 0.6957353599880997 0.6668002234003999 0.5003465837429042 0.7471693951922336 0.5349442782194022 0.27733969323830965 0.23333017926508814 0.02874979796256738
0.9091478813978775 0.551698168013732 0.5132465367733995 0.46201156024629975 0.3768046127991188 0.8711972579564691 0.18245798890313658 0.04289474965177298 0.36649722517166494 0.9417278202233837
0.6131484597421256 0.77898757175197 0.24551124231326937 0.2429830813870122 0.10099478260162553 0.5110515121527236 0.8717976289774599 0.6964044831756762 0.1284678679633141 0.29812305133462513
0.07783641885318593 0.849234198750496 0.05223756665995838 0.039074369724268254 0.31714468383003624 0.5058571442770993 0.8170067359208876 0.5279288324475421 0.26764895296647506 0.4026542536804649
0.627201583957673 0.19589165061414648 0.5308684700769821 0.21887824029505587 0.11829657405955152 0.3799699322204443 0.6918323193085872 0.9436018157439692 0.46115432301430936 0.07622041881962138
0.9118804931915626 0.3775772827711036 0.005612049214127612 0.7850773751799642 0.9149745200743288 0.3388859970429777 0.5236478074715224 0.23687710491414715 0.6978708391641534 0.9625447342017801
0.847811290003422 0.4976094204159085 0.5454863290293825 0.3367752312231944 0.7172057636717993 0.19809087524576874 0.9650114514686411 0.6024324993650659 0.9411589030309299 0.40416833025999277
0.9658040360477154 0.5571258866047789 0.5698219101055609 0.9512254249511497 0.7068222250670189 0.7518570571691219 0.6212884447156994 0.9031789563794568 0.9093327114779135 0.04553658421206419
0.05642536290397793 0.16431580782640942 0.5898558119779926 0.5915316495554173 0.11546005422068895 0.1717354229132585 0.6067866988401898 0.27043476575690106 0.8344696768207636 0.026826606896856453
0.23385760290482815 0.6545337241962415 0.5452698805432318 0.3861220707945473 0.47458313911026495 0.6920015239137528 0.42880170214478963 0.9250372317123524 0.11405701041625127 0.43261386125419976
0.7399673594122315 0.21241498014001836 0.5679450637285154 0.28184133679871826 0.1509664268094979 0.3894611901027756 0.4332463617134412 0.46645244799891017 0.7705366973852191 0.13357042111436424
0.2713701650643936 0.6223021750982227 0.788104051196179 0.0057052023767083515 0.5613036531367993 0.6737703986037292 0.3646987156474436 0.4294061403684928 0.9491215356053528 0.464353346465874
0.34659569586509176 0.2301744320031086 0.8898153626868212 0.9192001456648202 0.6129894183567066 0.8758821985381745 0.528396760271765 0.8729261656536098 0.3856138779527837 0.30203028935495746
0.19945569937262764 0.07982296979739145 0.6260713560797272 0.48008722864888864 0.23783121354280923 0.338624688335767 0.7257339702050704 0.6928068515866453 0.8877783292002905 0.11027930363335292
0.05343435032942323 0.8173365850443691 0.9739923555767513 0.4847120217752906 0.5677629646485521 0.7850921838607342 0.655077023669731 0.861357935014188 0.6236413293739298 0.7867885283561031
0.018520841757688422 0.24827896600297528 0.3069418070241876 0.7216809700743085 0.4959713823510371 0.6559704551306426 0.11627620640519043 0.8519847000644449 0.07857488967489312 0.6645008190339232
0.5776774675236099 0.6166045371348753 0.09437399345259301 0.8764172265803187 0.425749259665297 0.08272124823543536 0.8732341724522453 0.6328891370450119 0.31396109590809396 0.5694444499680276
0.9694949827861881 0.06685107553374336 0.627117012673643 0.564656641917154 0.7385193173554387 0.2944439924649155 0.8606284191002768 0.17433624559457073 0.9705405907129815 0.3048450798375463
0.20407233492338206 0.9930626624395616 0.9736834946612862 0.8986136326591804 0.42061867717447765 0.4650692077878448 0.967761854135361 0.8459705156842868 0.8492612023967152 0.517124750662693
0.9014321831673919 0.288967417438026 0.373388397396751 0.48768868359371487 0.837509489226187 0.29529132722698404 0.49708254607265534 0.1511976694259357 0.8647273663585171 0.38648843888047124
0.2496361308771632 0.9420069996861564 0.08895153624820085 0.8096813978347249 0.4991269944774386 0.3194232935426049 0.6328325659828707 0.29939188796697236 0.39749450363949324 0.5834294127856826
0.730109690791733 0.08487074149824714 0.10241124392503931 0.35011633013035737 0.9392546764820109 0.938375713075205 0.6253458184295552 0.326501204267604 0.2208708604317492 0.13112709424754765
0.6405640189601488 0.9863242675315931 0.12423920819326317 0.26620959757827145 0.3564174622097952 0.24158213712053023 0.6106300424957242 0.09147879312241347 0.09811985746217489 0.22896803361722307
0.10447491021892208 0.5605684812250032 0.0803132290014914 0.8860547951640376 0.20822077137073702 0.6063855790201195 0.9580772268150056 0.07896941585879169 0.14266403070385547 0.31901709212589124
0.13663714829833595 0.6614727172121072 0.38178940240463266 0.4787634419291874 0.4928768852261298 0.9947715227966551 0.13961474420932052 0.685051542660962 0.11586554873311716 0.13805468962906464
0.3362695478848672 0.6432694668706183 0.9089570020504376 0.13165860005952634 0.42151162394500163 0.5241043145721032 0.41262423779392365 0.5379316687581721 0.9661127607865291 0.6937534919594853
0.005041137466807011 0.6792814433101844 0.24502072579998357 0.5284188430183439 0.7165264304140416 0.8185521676783798 0.13093198293883035 0.47278226123681966 0.2543154836040942 0.8637944605023379
0.4928852885945375 0.9797000323071787 0.4757281656709357 0.04765277993506445 0.9517136670370437 0.4771428315306111 0.47065132590359904 0.431011035605374 0.2826684163277581 0.04844687582753626
0.6183571200899659 0.011199711953164937 0.9752551413032444 0.08323098305108023 0.4690292981779791 0.6769830450163048 0.4612991119213806 0.7588734160399311 0.06697129601791074 0.24570794462447876
0.30448310387109145 0.8462312812203383 0.3803216509240033 0.3424110521557737 0.2080775886505576 0.9983244182150801 0.8312037245299477 0.9363439628327538 0.0423100615671661 0.37699488961887573
0.5305883538404791 0.9372911283249817 0.21879645972992512 0.2000918671166496 0.7137493856636786 0.3722184126380188 0.6466842797891367 0.5505213419647427 0.045043974815062504 0.3122050115849101
0.19363379930096247 0.5785385634618655 0.9148507760164942 0.9002750495668822 0.044489991098042525 0.04995057417353843 0.5868509700667685 0.5426593505690238 0.6014745337279439 0.0454351901259763
0.07043821474115797 0.569182047157597 0.6019539582161884 0.49997152127261923 0.8908959775306041 0.4428806332321231 0.9433161638990679 0.18641690885746232 0.5090811019090637 0.9046320664595263
0.2992145951555578 0.6935532896450006 0.002705277162364794 0.27547189762381585 0.9874153742976086 0.9264659096240455 0.7629066151568208 0.5074571332840646 0.7067099284327535 0.6659056489606165
0.38265568987504905 0.47333753411663426 0.6988314326821286 0.7633260553127797 0.6176418127164613 0.4159648654676811 0.6110406542494353 0.6195744146861578 0.2856369223227394 0.4402823432324947
0.8360229584923389 0.6977559172444052 0.23693559149201837 0.42390208949355934 0.38796465555065185 0.9545786368945051 0.07632220293811387 0.746691225552749 0.4371541500841608 0.2395263814781512
0.14611666944844937 0.7954520534563722 0.4701788995639088 0.9074953078260108 0.39020274705285374 0.2866956157014623 0.6687666242274801 0.1180692778293626 0.11054379510649004 0.06867176000440611
0.507545355402852 0.5533983176581301 0.3005427698472446 0.2132331933493573 0.7594733528509212 0.5766829955092961 0.19370461417973606 0.8887752760662851 0.06741700880060209 0.17455736348507334
0.9014111288506198 0.7174064989403228 0.9913307387084225 0.37920145535307737 0.5302191949818623 0.0626697143598628 0.9727200994665559 0.2498036825250145 0.9669459049570092 0.9685475458814699
0.9715452329955535 0.9080329315363849 0.5989046351896944 0.2761497062376279 0.6254490828147861 0.5684682773036229 0.5970081899421585 0.781394034546892 0.65717058874442 0.9824744892498245
0.031056997459202984 0.16515694910748524 0.9132303596014675 0.2227993026657754 0.009381069071316306 0.8267835818332792 0.8554522051791608 0.2762087174960769 0.23910675061097608 0.6825108789512556
0.5466111634607542 0.4827646325415076 0.8886705510716917 0.4522724731377922 0.17247457490449625 0.46288878424909896 0.4008039117281762 0.9515167606071109 0.9247297318329202 0.807145955943094
0.9520642328933048 0.429084746999322 0.6327682220541083 0.46871809825969424 0.5840894011596621 0.04785759651557853 0.8770231279224463 0.49483065108731294 0.6421041609594896 0.19179830553805288
0.4425325381520814 0.46093089531937326 0.04780850029748007 0.4011758262203653 0.8786288615316097 0.7302075859541122 0.10663005631038114 0.3871739130885187 0.6191302407125115 0.4510799364092727
0.003422991176629586 0.757751314181182 0.5871367136601596 0.02657328044024465 0.8760493429889052 0.7985336196988798 0.4595105095310267 0.6420376131943125 0.37287794972269206 0.8956816950473668
0.7983467115509603 0.321454466660382 0.8980899459069267 0.9620947773654129 0.0702161159113901 0.8976165514318113 0.32777968973884486 0.5339715664989076 0.16868993474366778 0.22775350490601676
0.8401923198928161 0.04166568648604241 0.43163162213267325 0.9637163728331891 0.6450409114142338 0.12693639763798714 0.30196797215644944 0.19462263966059656 0.8196968028179602 0.7781095842942881
0.7191284506879096 0.3199021769567547 0.16414946948883902 0.48532782930216356 0.04806764370258909 0.5819738139515221 0.9719827619540583 0.579982722184816 0.8537631480910728 0.7903218283533028
0.8812167925050676 0.41558630133753693 0.11130687351721169 0.9025295868531976 0.5167155296011803 0.07175307232861194 0.505185097268709 0.2928676030919334 0.46496248003991525 0.8186274373338555
0.31606839535619535 0.7353221182909251 0.23235761949017186 0.6660059990848328 0.019410025684809318 0.3554887806989233 0.22979111679851216 0.9395682932232631 0.1273770505826345 0.06454608633479564
0.49910018274647894 0.9760427278021975 0.9941155110611862 0.2785613540352496 0.8511175845937342 0.7097999076952258 0.27407750086395377 0.047671733723569476 0.32037133648000715 0.1352782966942614
0.47411451146697414 0.0722212121775948 0.35809727617114506 0.3728121639717886 0.5722678701258769 0.46672452720588575 0.9830771971282206 0.33984512985524085 0.989663650630742 0.5475667676627604
0.1889171864301461 0.8351774381486035 0.2966464284589925 0.36663761898821434 0.2667321994630302 0.18080826890021906 0.9102620095773555 0.1906376588317994 0.343804441462791 0.43409920010807435
0.697426795271219 0.634583184094958 0.36163482396131785 0.5823987663748488 0.8365969691785605 0.6980754762820531 0.9209082484117234 0.06293170693393169 0.5104783645999771 0.5241890837004359
0.9062449334700389 0.41267140507825417 0.0032932943036824147 0.3033728684919187 0.5702117297111465 0.8460772156039021 0.5583481674848518 0.3785469952933863 0.8039189834267793 0.08299294097044319
0.9151216688832848 0.27261728110033945 0.6506296619651862 0.8046668474392077 0.7898200920035888 0.0559184075796505 0.7291595673370294 0.7027671455666399 0.6893229098250854 0.19863563275178087
0.12544866498394236 0.20443149383465586 0.355668204863431 0.812044434719164 0.4835351817894429 0.6058029721497203 0.8267042702606492 0.9724460106253277 0.48126579417636584 0.5271687392858618
0.5682600429965742 0.6429660340674317 0.6114266950620835 0.3147320695490958 0.38416381419299706 0.5609228897243435 0.20558191045690133 0.25721237750188086 0.8426661645663316 0.34226069377632085
0.9357568133828593 0.2598816921457452 0.7712993996835199 0.9695818025831348 0.6082062651527719 0.9243105338726926 0.9669326250449127 0.7766017944447386 0.9238586489175394 0.819009624732513
0.643758289901238 0.019390090126930826 0.021628130176462368 0.09431875401298051 0.2991718407549555 0.13354713585712197 0.04363964629564898 0.4943070740318257 0.6159837876117668 0.8165095634840747
0.6655121121159543 0.2491143622242905 0.7391289451199752 0.14546248282301988 0.5201972772214398 0.2930758698284611 0.7660150837923815 0.043877819245444316 0.7104732114752667 0.7471380547162394
0.5718792415769013 0.5434868968271753 0.15304255881455953 0.6284862627956512 0.15499657438950942 0.45353379210083977 0.32628794534288963 0.30596947101311367 0.5313134784162524 0.24544559574467995
0.10408778287587372 0.306821565114604 0.8340529029602695 0.18859466732696673 0.7496977213805377 0.6983423731104021 0.6810666761629933 0.031616922066093234 0.8165545787782869 0.41761574960237247
0.061185886356838415 0.8137894464841081 0.6569606994534194 0.603006362072118 0.9605472998188478 0.7122594971632266 0.4749587940355682 0.19309051421847623 0.7008499164713913 0.183456311147856
0.3763085895647742 0.8018407690840329 0.49372278225059363 0.04080601538061257 0.666328099182189 0.15329780100533352 0.028861510912656207 0.52590924939635 0.7254642871397452 0.16462738988336068
0.008317408734152987 0.87662961392233 0.15280885317124115 0.10337417947536265 0.41529983659982983 0.3730808887137166 0.5093770103881748 0.11288806465845957 0.963079232040674 0.351289369176752
0.9158183817926039 0.7993132250608405 0.6080540505082477 0.21434715649235037 0.9633307588350086 0.5041935264699325 0.2307721994377735 0.04216102681224165 0.8818989147457856 0.3486624143980871
0.5896739462764267 0.0034406298383434786 0.6765827055938259 0.12834960224308123 0.4345492743730438 0.40735918101023494 0.9904293711225103 0.6625502731812922 0.2301800712838432 0.8973581437086401
0.7816875585390235 0.25686730114180034 0.2853635016227962 0.9858572560378966 0.5133513506921837 0.5254506634360008 0.20848955703990224 0.8561696755464155 0.4446642719841709 0.9371224794930992
0.5180727614202415 0.11671152787853001 0.7870655728993742 0.09908986399118846 0.9251138349440402 0.9826340530915151 0.9411611812749653 0.9726121758658793 0.27389455784904904 0.181295323055087
0.7666549347019282 0.9269032043400733 0.3787847112254189 0.7305282278609684 0.8537759791572106 0.7807128956912233 0.026867369327450707 0.6224497143213493 0.06259042170827356 0.7554470472296262
0.22966484646228102 0.36059602605486607 0.17568682239508326 0.5693480060830488 0.40197436257644614 0.2444570664229626 0.37007636411749734 0.739172783311377 0.5217989719283924 0.27302291821693725
0.3557505777181782 0.5239697810167052 0.4825860947548235 0.5477435057337345 0.45119077273185226 0.844968700248707 0.7874620595299973 0.0953428013615002 0.5702246520347884 0.9462627881377863
0.45487829572719474 0.10221665951879821 0.07997779043765929 0.5228763523603196 0.5060607105254852 0.6546833423467076 0.7562686320567512 0.5359747012511218 0.686880945365828 0.213144895092245
0.6106475697411687 0.9593874496572724 0.14024409154990514 0.21325561543543492 0.19238196220647508 0.2572807305733231 0.5898149688204748 0.3834843524667645 0.079040723514056 0.4797273335597201
0.22188043726736517 0.5959950373091535 0.6609338337974163 0.48108806027264595 0.8593728764156815 0.3265599784111517 0.9975129203054349 0.9155319447698386 0.21055575364725898 0.08925905680465085
0.47794176022778223 0.34468649283012975 0.9445993209324969 0.5330066841498671 0.25339619768035804 0.004323732188893592 0.09725049531819607 0.23948849088023283 0.9252547504084033 0.5201514289754543
0.8420281299020631 0.6458772295012822 0.7711933025491673 0.13719328169505296 0.9758508882484815 0.9307383440608817 0.8702976967255879 0.8329056882052774 0.5627319272290328 0.14782265021498908
0.8486610433517968 0.021092836376222834 0.05515091707618203 0.36998456328474727 0.6085328227046739 0.4218461421753025 0.8699405515950118 0.11425182385422805 0.32693913442474465 0.07214768982238395
0.8340013130614943 0.8591128708742498 0.21379496313728352 0.38244165852325784 0.13488464673029144 0.036376251754132505 0.004880644074685581 0.6063920636559637 0.41226167374316613 0.4824960754001103
0.9316563951781269 0.0842083348646201 0.4085204596407157 0.9680463171257178 0.9577404447300548 0.1443354881576222 0.16021217693155276 0.08906587650171371 0.40097774730519886 0.6039685577711627
0.056792437944784724 0.5002853427054724 0.6703777394416734 0.39576596188986257 0.21908096796599486 0.19778567519083023 0.7388013230474056 0.9662999335293895 0.5570894761433252 0.31742762606409347
0.1451289662461943 0.7411963189577749 0.5553434668022663 0.7054304429550058 0.7737427479752761 0.13258048392790367 0.3035514094274091 0.3387667089189973 0.39450753464305355 0.27635964022506976
0.5414499942327408 0.5255799451208054 0.9630375674314371 0.930036146420189 0.51888182091369 0.6996201703228577 0.9788862710156102 0.7361605767089664 0.2856378073428335 0.5377317368716733
0.7783988897610231 0.36219714327521 0.6203233213285807 0.07571725222686643 0.499319124104706 0.8644882352075757 0.18348381684649795 0.4754397877963359 0.5958421586263158 0.9921690876989528
0.6374518513181832 0.10481528691600128 0.20565835754261874 0.046297174008377295 0.41385444148278294 0.6323855184409628 0.3746335887500377 0.3401255032980218 0.5294459791408782 0.9094516445969328
0.13012314725628826 0.26836280693194337 0.35190847723545693 0.5152869929823016 0.6605183710233401 0.4864276174178347 0.49948761725961377 0.9747369247666909 0.406476399343656 0.7251173686787379
0.12180959301989847 0.8225528354281639 0.6983848907502641 0.3217778886596935 0.6539502274483516 0.8850961021921447 0.6849655348686434 0.6359724640616589 0.7618044721602918 0.3775870977502187
0.6895212065257461 0.13581355379236648 0.6040309751826101 0.6738635522940927 0.8031836921001632 0.09053506189731153 0.7243229356298427 0.8956510438584414 0.478620115475335 0.48554621477820514
0.8574829550826282 0.789638391094533 0.1230077706435182 0.9881225463567476 0.6837563420485375 0.7131885770110743 0.20568901510078774 0.5350540268009134 0.0981037321122531 0.9333063301923948
0.19376901548094616 0.38798332147020587 0.8745704141466432 0.8585210585026097 0.7080206862940341 0.30783247076208853 0.7006365214677495 0.2696341913536563 0.6518132135701757 0.8366293787987175
0.43240870473208637 0.09281813346494339 0.7073815132374838 0.5432101295726206 0.07874016990324784 0.7673435717537724 0.5166059700497514 0.4886868843828531 0.46084324675068256 0.8002507512084626
0.06757312319213427 0.09823556346477902 0.7136842837787732 0.671569588391504 0.29353974181922415 0.08767099381579979 0.7964282204977386 0.8562323030342238 0.6575239097373872 0.0864418005086216
0.9614257038304715 0.36261134917426063 0.5435988629527653 0.12309130172833338 0.6947132347240677 0.852654772749139 0.605066444815775 0.19489429168939243 0.9857224856844619 0.10487992273185676
0.8300386064149502 0.730294201588099 0.9098721813548077 0.30902536832990946 0.976557354905215 0.8709290031917386 0.4149419064888984 0.439950491711699 0.2022346729994603 0.14944807781302727
0.890604282915826 0.7484105672205291 0.16749562941908747 0.31998660700612136 0.5702183363107023 0.22762475218494382 0.6268595319390634 0.8100780307843924 0.06496307631926335 0.7670933938863859
0.5392956758864359 0.5059490923259616 0.3626176809360637 0.5889097149254239 0.02654131120362302 0.35755607911108167 0.4367701979721573 0.4768504672290087 0.08737154449800233 0.5953851388305081
0.20696430177640024 0.25481929156584693 0.8361622058268804 0.18795315975097104 0.9662695126940266 0.9487547035397156 0.1756882714919451 0.5371104178597739 0.5499867991439038 0.07490502255874099
0.23695207992701905 0.30765930992523494 0.4576786674741905 0.5374103541572428 0.6229369204271462 0.7184689763120148 0.8604388551710085 0.689421830757751 0.4785337762763391 0.5841778969460638
0.9262933964878671 0.2145263603651556 0.6754893080708576 0.8897422641508687 0.1788515449896515 0.6190354481194034 0.9490764423844009 0.7045008237860045 0.6678016509512471 0.2907342651098682
0.6522887480794349 0.7980916548788234 0.5745731559824664 0.2759775707042965 0.9037127983540989 0.40747010712281895 0.5024632900165166 0.15455711856048715 0.29683316427735584 0.22244102731471194
0.10775278216075246 0.650554934992419 0.011377065256958141 0.8065329419525893 0.9168117878888372 0.9074354308267937 0.12140670554759558 0.3507054889999025 0.14392420286793361 0.6769187208688404
0.1302193526272436 0.8692956718567091 0.07553414785167467 0.023716497097867606 0.2787161172810113 0.6907725338994011 0.11884600738954776 0.5320004966462186 0.9717530375566608 0.3702837268614233
0.9261852772168052 0.41451346889263585 0.7460881578599974 0.9566419903940137 0.10125422879932133 0.37152076130307976 0.5638913884746525 0.8833130299319429 0.8693931405452637 0.5243401614087208
0.8573843225746447 0.6211307318548206 0.7511840223170729 0.25697667928392665 0.6730293924013666 0.6298796583683164 0.7172108482980146 0.33942799301261195 0.46778906658912056 0.07654872186295025
0.5215162566272327 0.2775149661825832 0.5953274187379084 0.2499738944444323 0.9122719163062212 0.4366314864417947 0.2866278862140468 0.5947525079269319 0.20040554598313853 0.12059623008218623
0.9773527752385 0.8117246096417299 0.2304050692867332 0.4518281838694722 0.16337136814620756 0.5279822663740404 0.1422459119208611 0.5953572409632966 0.5762353347437456 0.6262806011067303
0.4393648461444114 0.5967195469635476 0.3619814690738177 0.44188896675332734 0.7848301628234657 0.8625769784681201 0.11949359379342794 0.6843350109484782 0.6363339258014897 0.10293891015734014
0.1087565450906135 0.12215755726107536 0.30035956013907117 0.3751531614003131 0.6746875428637119 0.7806990968277214 0.23685388578101085 0.7223730061096375 0.9488308643257775 0.6461327022734688
0.4779596136244555 0.7829950719954576 0.18905415055363506 0.6433313875963697 0.8378404687467302 0.6626028708012371 0.6964854426079213 0.9608532491686963 0.1853586563739541 0.3062392665829716
0.10928237045698352 0.6332288277151845 0.42733934652020567 0.5863707143008038 0.014425957921882948 0.658901486136705 0.007385198467594001 0.3306943060495078 0.24158321227411306 0.8315859516588252
0.6636790453733319 0.5539790936384197 0.9071842929039178 0.8934737034349457 0.9089403449197597 0.22942062833802546 0.262211689042265 0.580628356760075 0.19667704446878354 0.03752816170636886
0.6637999007182948 0.6240781570412318 0.020101582236137894 0.6643519571629115 0.5385966514255147 0.7945266870657246 0.2535553908716578 0.38589778311094736 0.03493707417430081 0.6342668056010226
0.8910142416119807 0.8718646001433341 0.17123473234703546 0.6067975531181329 0.9622218355541978 0.36938040265355176 0.6795946189004671 0.012806792960380009 0.8142266674079507 0.6862005015439815
0.41650464387281305 0.17059742887158447 0.13457327340114833 0.6828711369898711 0.1665640178856035 0.039698352655717306 0.06212561500342517 0.3046509020142698 0.9005583103998158 0.678315883602241
0.48247711165800944 0.536521161409949 0.06579241684009873 0.6684450097940388 0.13712789921294222 0.04840600112859528 0.28444472988046765 0.9168744060876438 0.4890872529721939 0.7127607356280717
0.9148065400388162 0.0459825257267904 0.3822846907057963 0.6229779296041305 0.2906231290928136 0.9251370075512075 0.4081508166582547 0.7185981863944088 0.09535399275891199 0.7616727366225042
0.5499546678789814 0.6321023301411928 0.25102143134809674 0.5698389128017307 0.11396171064248084 0.912100900244718 0.9054181568314525 0.76676866428613 0.17620225026013303 0.34902532477146186
0.5867964461829447 0.1064395931185863 0.7746175874999627 0.7319648453657178 0.3617625766266155 0.15575699817617294 0.8585770985389286 0.9990820095746816 0.8799519260877517 0.04130627894926342
0.5712361256760691 0.40907853433140784 0.5181618541046348 0.2509843046157879 0.7849314276785625 0.05747268095441871 0.44697090726903854 0.8616344071356014 0.9357871469536969 0.7889880435454875
0.33447436165640565 0.6819731292041771 0.11093092332498067 0.316143031191059 0.5746181591224073 0.4495110289766775 0.030196608115783063 0.14416902349689653 0.38171376901417087 0.40083437077618156
0.03391593462536524 0.7236746590236469 0.8280697033062593 0.24652764129527016 0.4393789555126981 0.10501224860840097 0.9182752666509085 0.825182070564671 0.6607688454322619 0.2520920510223619
0.09152493652024918 0.48534841466179424 0.3008537240218174 0.08842854392770116 0.12247280394600857 0.5499568086491091 0.017444274653095504 0.294492312448011 0.25145798260251584 0.0546404821083073
0.3436031298792116 0.852979942914789 0.5165437386259197 0.3195641717198642 0.7978178661604405 0.34740385551439745 0.6826645605583049 0.8137720464196461 0.5588264420132043 0.05944251869426054
0.8672768357777432 0.2017342830759643 0.699510386078013 0.9817805547179411 0.9472604204393152 0.42368497678487227 0.4752476205894165 0.9657081230059216 0.0984201545054868 0.1545089110399338
0.4443430741222678 0.3565370183568668 0.3667875964334846 0.010347898765245112 0.2616324767836251 0.6349303187601978 2.496169263177528E-5 0.42776216905915065 0.8310805272303117 0.7785320297967203
0.377585072976927 0.22719606838229278 0.12917156682057174 0.28582134555091787 0.7698819948738879 0.49066118211632836 0.4181176209475602 0.06290575545046284 0.829579673663484 0.5329644738664527
0.7563848731293732 0.6640063204533941 0.6722061168222423 0.4264729040819206 0.6837663072215963 0.6976771546317145 0.6386536123014087 0.7513199715821145 0.7092050295460541 0.5633406119401152
0.34872582541520925 0.9861235574885946 0.7617989356366864 0.06650817917661822 0.4527450150815453 0.2286992945503079 0.07889467402727501 0.8760970586285547 0.5673338178485771 0.7419164556774801
0.09990407829644588 0.2335403709784466 0.24183759243620262 0.15675867302964297 0.8104548124656458 0.8009288887370231 0.44345493120053003 0.03281504387479006 0.6387111999153038 0.044210721001905706
0.9719957173990179 0.875841600102942 0.444179978236375 0.08751482569855218 0.41928732313831385 0.6426970458083882 0.35904048860238635 0.545952703395064 0.773601156100238 0.22587087661094052
0.24301669108603519 0.44679264559067167 0.536073773563867 0.4029859042223872 0.2950340175351157 0.982688759669992 0.2639476550536478 0.2610712821159832 0.9283813352693189 0.5056872769502955
0.7845588294295552 0.16106624381496315 0.36082439654394927 0.8670206308577796 0.9343498469364105 0.8949289838853485 0.4970938189835362 0.9352397905879651 0.5687882637384993 0.8058888371523107
0.5883974488840068 0.8840235816410182 0.7619223591430851 0.29179409763235487 0.84208314245731 0.6310435115316981 0.5684071297541782 0.2921721969646953 0.6243048710493346 0.6305510261281256
0.45618575817843854 0.0715324896531413 0.1495213186996026 0.07489366776991369 0.5346125163553462 0.8546063275315954 0.582883209739877 0.44395551731621086 6.553259290259517E-4 0.6436331670420462
0.2950415283963753 0.2565563087347843 0.8049173973196593 0.8534651997683416 0.6036356130258044 0.8241325577527941 0.3995689656020319 0.23717751698683454 0.7116972584348151 0.7845635265936761
0.571881777329593 0.9430343246368554 0.7104321608280468 0.20279340950991864 0.789910583548633 0.4430765704633426 0.4523182533883665 0.06494051212434815 0.190967266713728 0.5042593561935445
0.820185552134647 0.06387314491412843 0.3288850882981802 0.33498264818833656 0.4189197835733449 0.6767710833608034 0.06267162299311357 0.5330221510510182 0.9986579764235234 0.6689802428057209
0.5170013157675618 0.48528145239144715 0.981821200571399 0.323507881887135 0.8740991006731389 0.4254506551509396 0.31105564123745444 0.89179386001204 0.8669191337307528 0.44257105912252426
0.46113049989543675 0.9889333757773588 0.23512336341746343 0.351668590139258 0.865067148460321 0.9153151498634431 0.07821693765536186 0.4870340758209484 0.19325067542876762 0.1766780354219324
0.9942985988787564 0.15939131769172032 0.894001975173583 0.7958788542942545 0.12823575373828244 0.7301088153662147 0.15506425003894753 0.3622019031953344 0.7696757467849918 0.9987743234674834
0.9776852292902865 0.1478314146974714 0.9391563475117713 0.8748663995368412 0.36845238539427005 0.036145692237409266 0.4796795774135969 0.10992017004750088 0.7487651519124098 0.4527817610203053
0.5314654718956753 0.20349941212891487 0.5578047989221984 0.9679579407766542 0.909203002060975 0.46445056170118626 0.6820892609373684 0.747331121126877 0.8239674370002925 0.6083287240886845
0.7831763619464565 0.5687041263001541 0.5960750902471839 0.20254949699789293 0.8148058388274829 0.6931881961796617 0.49049744102939286 0.7327346548029009 0.021747225340266185 0.481964228745441
0.5730588101848386 0.05688390623755457 0.4948465324083582 0.283575664086388 0.5334927924338212 0.5384186374158921 0.9202422498749007 0.7817249375916231 0.750534691580538 0.20480802538850884
0.5054466856535963 0.6898345728308318 0.4845782465983677 0.8654017385815932 0.19096617781910574 0.4061727461559037 0.9750269562891085 0.24025756823071998 0.16335949369675096 0.0021327123940739767
0.39232175857568574 0.8011662526735794 0.37411086686094575 0.706294046016448 0.04872802531631781 0.20674025386622852 0.2384202935541465 0.8681831322038908 0.007317001809811097 0.925346579300293
0.9389906131256923 0.23818887464964822 0.24517789553629032 0.8828286544374963 0.7921170872500473 0.28387939200774936 0.8247486339880953 0.7463756563025765 0.9468620557246642 0.1780039151126871
0.10625458519191944 0.7615618680614088 0.2828237245865094 0.03975327352282032 0.8945968015251402 0.896493313542893 0.7479846672568977 0.9883917510367372 0.5556317466637366 0.415161929665542
0.5353520424150785 0.5771617568253158 0.559637184192513 0.9015225737941902 0.4355785238642297 0.2154019981134362 0.6138599063458543 0.1864716211966453 0.4224789331672473 0.25810905588779165
0.5313923784938297 0.5918202734883664 0.029334800468129307 0.5447108906568847 0.2502274524661826 0.3985196013385299 0.3561047959630297 0.3026103607645313 0.9641914949936965 0.47080837980958434
0.6111363180882111 0.4960955479208322 0.15655771893082948 0.5236192405378326 0.935699723034176 0.8975030584819041 0.43749379055183624 0.6074919522092969 0.8856432684957983 0.38505901446556057
0.4780982338758195 0.0034075061579357246 0.3516933308890027 0.23061225149717268 0.0066327710866336265 0.869370296191585 0.8884013015414397 0.43051256002445115 0.7866586374682341 0.661229814172939
0.3914648199233578 0.45417633833206084 0.7321367869851062 0.56214736920438 0.8141276741044549 0.13742117670255183 0.8311532854858423 0.8982775423992506 0.14558940287269717 0.8314391548695897
0.3477828026526899 0.792647800220655 0.18783189349476836 0.3333189899251304 0.850704916557457 0.1148841589295948 0.7619972015220512 0.5703148805047513 0.977539041944883 0.12134466480154549
0.8514270236416875 0.48760015589007866 0.4854656901657286 0.04838625098507299 0.8457010873449846 0.09803187236139632 0.06155330273284665 0.320905369774904 0.4884881092516271 0.1924922823171209
0.5703115337103539 0.9689557580273623 0.351749662345878 0.7806619372397142 0.9013427839060351 0.3071618861787938 0.6598137298072392 0.9346179825005946 0.34656660492231495 0.9248097315995917
0.0690614310935379 0.3414409139340371 0.4843418082820231 0.5589114387342686 0.5724469374242785 0.5360511300721785 0.8769135024533184 0.47820366496765887 0.042796755101236816 0.4817870383324412
0.49796376901434114 0.592954136366104 0.05481210452872398 0.8937739534715585 0.698645814864216 0.6236147969869147 0.5329234691778364 0.45892347802794153 0.6933334967039712 0.3107735849805997
0.4606237044024829 0.8964413512668908 4.193933452135701E-4 0.8295217387397824 0.3566327732568362 0.6240109053557223 0.008846263046605296 0.2832668552604116 0.474223066272465 0.6473585300701515
0.8576582007841721 0.39518632818033905 0.7122613761855493 0.17469665204839335 0.11370962567189968 0.289929988246563 0.040000014610442225 0.3725782344305224 0.3117712640768405 0.5638443370029087
0.832376184606282 0.6259867540079699 0.28162456097482536 0.6789053891158517 0.8885549053272569 0.6430239014188994 0.3283369026702865 0.08371097222359525 0.063678012600618 0.7533467513837294
0.7547619182319942 0.36429716526393363 0.3822577375607995 0.7895449720337719 0.9194105590676908 0.1582078488458728 0.22138018054559094 0.011937947335419086 0.008190515143191135 0.5271608559598457
0.6528605615464722 0.6398104909758839 0.9651123521317072 0.9768170110207092 0.31571863531503797 0.6858950577261883 0.5749133178729252 0.3365738257490888 0.2538192279702097 0.9559474429887598
0.5196505969581675 0.2679689388426617 0.9982495273301442 0.27155169435440085 0.3416674818398451 0.2571922398798069 0.7999809898654174 0.20182983065263782 0.6369377921369418 0.5653704534685493
0.32559079463608254 0.8485197406285728 0.4756450912096043 0.7597012739087973 0.31729395029983387 0.5189250982910873 9.549828956080253E-4 0.12917864558685255 0.6882636820581804 0.4425290995474904
0.39229038078960254 0.5005646471252405 0.27519481475961294 0.03960366100868984 0.8960209785910014 0.7134275073342495 0.0022906785592903267 0.6339339548461439 0.42432995790622186 0.2874796327599841
0.5243311724446315 0.9168183148824168 0.3021225193088085 0.6211129829055053 0.5112061063256015 0.9157915557829517 0.10219211343678947 0.39694394009207445 0.6122742810945794 0.6990593394791481
0.1504620115973102 0.7383431850083481 0.7961354647229594 0.5554203593329073 0.20597165762049885 0.06034067357443462 0.1998790936498991 0.9294918377539624 0.024378279894927468 0.4889596786740641
0.8415999042119604 0.9633431602825128 0.9990962133583284 0.18494759272702843 0.5509473151026152 0.09818141507429101 0.8407976763839893 0.9010361995958361 0.25470208982608233 0.8235217822208099
0.30385066339651057 0.6262768406665055 0.3178500415766078 0.3263144965554048 0.2973707946647026 0.22666117789213358 0.9853496132342793 0.4887896230240474 0.32891561704836436 0.578151700296796
0.09576606056501358 0.41131951111219445 0.12045175000213293 0.806410099191051 0.14517225024520664 0.39538808393590963 0.40907627247407985 0.8969262405558429 0.46819208869282447 0.11179520415981337
0.3990757856302358 0.11991402177884247 0.7727893494343723 0.5005132726983942 0.06725796485636115 0.4262543744900392 0.5163814059119808 0.8011523893245283 0.5400918027872992 0.21393066168815533
0.6430835816961568 0.9967793451113908 0.05904472433745134 0.6388143480137497 0.015366737813931941 0.8688751999316707 0.6296058794406412 0.9493241484023759 0.4681371501374817 0.807504361385987
0.30983681368048144 0.16139527798303377 0.7892240163303174 0.49830835179771205 0.23589205499995836 0.7583595575777847 0.08748712969932593 0.616725356945681 0.904803815389826 0.9997514976706255
0.9482330567712561 0.6998765153462572 0.9389266769451657 0.8537188822534794 0.49535552183280696 0.43784857109575026 0.5417893351109551 0.5296314549311599 0.9805914163934453 0.7286418838918841
0.12170256431638371 0.08064422857579734 0.8025110884967973 0.9748412128399944 0.10732360047182177 0.5703869881989266 0.9213378673283309 0.2651067290156234 0.8084790977273972 0.8536148453531313
0.48041834963812036 0.279870908430773 0.28590019354963037 0.10756947973797859 0.0711413988852625 0.9881664263789735 0.5851247367194019 0.868964004435869 0.48533077116838963 0.4612992769867843
0.3626733674883751 0.48091919557461804 0.9876123385220857 0.4191199738682453 0.8867079325553326 0.5348421996763183 0.10998389267698605 0.44593563720347495 0.6297316862620971 0.10415367823273491
0.7217917076637625 0.1656435971748419 0.18749295962332813 0.30993255480348014 0.6605448332983709 0.04945732874342712 0.056104982001632275 0.0329620753967268 0.522474798164444 0.9446341443282988
0.8784966708025336 0.39232521344133253 0.3064743198539993 0.85890270348568 0.13166009320831507 0.9476108310382205 0.48102592750919215 0.0128284081800778 0.867762573299922 0.4499564600444592
0.7009577278410972 0.6811430690556539 0.0450422963160253 0.3665678680004827 0.8393396656467824 0.8841043854509402 0.18850850598281987 0.33401905440704227 0.21956106332172876 0.5612401390035356
0.6058182590034911 0.15755084503893435 0.9336056927154563 0.4623710509241502 0.1503039943408513 0.9667501618184013 0.9147683986361586 0.6245946536546024 0.5709769285293363 0.6624060436169485
0.9965328264222181 0.9689527820572054 0.818433720564179 0.8450027431229117 0.5340568464561294 0.2467930165719865 0.28594460817487943 0.0022240262488922857 0.2906889983579336 0.29337458791124704
0.8566032519269825 0.8510070922312869 0.19916535413406045 0.3050577373152288 0.8002703146922047 0.3790984801285603 0.29561308308727374 0.6464544788365278 0.018143278698535603 0.31172843749512236
0.5942137083375916 0.5152083540717697 0.8681380945256083 0.440934231372768 0.9213549644149903 0.6446092276706347 0.8208686314306947 0.49822703372136523 0.7603277711551568 0.10803858959182167
0.4938618776138809 0.02571094047580158 0.9711000630425314 0.2042797769314577 0.19074847040519038 0.006426966712410942 0.8444273600137552 0.349016525762481 0.9325197477072011 0.8516085611620376
0.3255346727635817 0.8753825353110247 0.10954356691224765 0.7106998214370106 0.3998329937602798 0.6552135428009432 0.30588355818339164 0.9694008422644328 0.5716081282468581 0.49269270619348093
0.5515672107049557 0.2316696070810419 0.08634776078537676 0.31336874134745385 0.24380018370144685 0.04352317088303459 0.04834835272042348 0.27406612247133255 0.24472590917007508 0.10964517203971491
0.8674703601778445 0.052994660493084655 0.2111806421508856 0.7782210588029529 0.5323867117482987 0.7444056782291701 0.04099613688821957 0.12508610721949553 0.05239602627396123 0.9784308684619345
0.43075351879587054 0.05518529475446299 0.03584877356770222 0.11427854099634638 0.9314933234758422 0.4575088549990529 0.7804610225112991 0.6137516338636186 0.5617386365000042 0.5990802805615173
0.439266835122473 0.9920906002162744 0.9912893607337063 0.6242388508541636 0.7956874224019972 0.06443351662816543 0.5445975156894525 0.23737164081656048 0.9321709260197101 0.5587243132820787
0.7891349883576222 0.3904151095220729 0.6090842137123375 0.5496899880594353 0.27201662009436933 0.07085939315992773 0.48401393347835264 0.5835460099054939 0.04724312316929469 0.09165355209682269
0.3963608252654066 0.8093782411163483 0.9962799244756928 0.12132295506623592 0.8180878808716967 0.9106893153576414 0.5862895283759656 0.06077524006188817 0.22870977555536132 0.1393855164248733
0.6331866886185782 0.2726841922596599 0.6110868166680582 0.2945205372817449 0.8407869697730812 0.1000058797068577 0.4843142073139537 0.05940020198760976 0.3726711153605684 0.5720948219134071
0.8909730707000963 0.7131924456484149 0.47998920324460537 0.19005256176882124 0.5382368507556408 0.8669749054340466 0.2562797396828651 0.20735432360121964 0.8558030274710016 0.5391927450389777
0.9194810075304352 0.8774645095271356 0.07834657452270655 0.5817868983393629 0.6316630254671248 0.7270647680137626 0.5861685252275531 0.19579340805716172 0.7586103905486995 0.0316834649161043
0.6449388211875623 0.03400273657407804 0.6442374714315595 0.31992853014321476 0.3739103061797282 0.17830707219706599 0.42891948871620456 0.9131904486313369 0.2417060192784255 0.1006531938198999
0.1761741738575432 0.21959558752156283 0.6397596340474517 0.5690568999357238 0.5887301757960967 0.7441548888727774 0.11571454435702799 0.3439245597054369 0.8928705723035991 0.551466079643272
0.6625644223577811 0.42496603732296045 0.049040639945685194 0.2229924896217127 0.05404406034423137 0.5552727153686025 0.3070610949499698 0.18785495581770484 0.5927560716295014 0.6666729143746641
0.26588939997891325 0.6742379448534649 0.7947458508751024 0.9592663880766694 0.020723347814257553 0.42792446953834684 0.4727132173073938 0.3480787386090095 0.684342684240291 0.7751389962429446
0.39977623264965034 0.08106531970796615 0.554935989164433 0.5687911901520195 0.23667889205695714 0.43523334307536377 0.46926178466581125 0.05037776940141636 0.6875612358776814 0.531440339322039
0.4278443745761533 0.684213386772685 0.9128868497964309 0.4734656135555442 0.4080062125701154 0.5763259234545587 0.0728489790601008 0.2132408734565986 0.39089055354494373 0.1772653881677999
0.5005539648588289 0.7716649021563197 0.02022939539529711 0.5862396905611971 0.4115058561498933 0.7032166087065906 0.9834635019345069 0.923404900221692 0.24439429719864214 0.9826194210048237
0.15992268880654947 0.9178010943136362 0.6979127323671116 0.8130993990172544 0.8161261339188117 0.07033971334056177 0.27931164017837196 0.20831819462912593 0.644864316710173 0.49441163968580537
0.7126176913942 0.5838515734529647 0.24257516396374112 0.811099937865778 0.8679262536082596 0.009122452976922713 0.6986292892506304 0.28164469641491774 0.9679011800486926 0.21698725096378135
0.33049010173562854 0.6967220433978747 0.7035926507284385 0.9457130660063318 0.2403166058883639 0.41026278652647263 0.5489101006101962 0.696872274019119 0.29142781556091213 0.30495099656011126
0.0015640449493281583 0.532720028461625 0.30714999478073457 0.4072060649435252 0.6980169725701773 0.10790977741239349 0.7799184928388215 0.3313666911476185 0.35096025798426955 0.7329402753929178
0.14510847321605835 0.7259583752534059 0.24006046811230386 0.9005170264577997 0.721919768307451 0.4193410322462159 0.550194985762864 0.37105024681458043 0.7527428834655518 0.01769671508740056
0.19612352504825015 0.6098000714964997 0.5827848262133922 0.2952316372989233 0.8985187245701165 0.09571926599455449 0.9133347409572249 0.8346309625731478 0.18350525956032515 0.7808324266280818
0.2349010759219291 0.02521879137573768 0.6663338572968739 0.7690299784059849 5.536608952430022E-4 0.7069395567542348 0.4495430836415121 0.10444399920960312 0.8351553038755131 0.4601916717787605
0.7169378371682077 0.4121123554176065 0.09276948416195874 0.7847077524687502 0.636941093122085 0.017426485488658328 0.3723819088881025 0.18509011415979648 0.5023507825707193 0.08589709997236228
0.18117553998948976 0.4862744778574012 0.6282610939204875 0.2710615259680116 0.7949501460348269 0.539108166250508 0.9058839642378002 0.3358950700894019 0.5068790395781717 0.8443942138272765
0.06723241436402771 0.22187796252810355 0.878646948871657 0.5231657684374731 0.654105118434213 0.07990887781390232 0.3121152244132779 0.4916200354005741 0.4045368488653298 0.8485442450358135
0.24501123289279825 0.6610547551281658 0.2708571046519326 0.06758272065631499 0.5407411218963051 0.4763140629110185 0.5657250223611299 0.74880226241056 0.1902762425099096 0.13066532987569035
0.7959858638103499 0.2906969086192862 0.27316534577770013 0.3506915896371585 0.5889202302267126 0.6203492046696663 0.23507598602189483 0.7316994689786115 0.7414343519349741 0.9731133301183692
0.9308703229985489 0.22230530519862424 0.8299661846336067 0.9795731125258855 0.5550721047925334 0.50627738417197 0.007358159438575873 0.01927793991516502 0.5356829001403653 0.7103754715225984
0.5826748636248698 0.12204893712584752 0.702657452072694 0.07884313404737531 0.7309195729352911 0.050186698633524984 0.5589497781457271 0.9983727016745849 0.2118307523145455 0.5787008931621919
0.2798924520129169 0.03177605871064815 0.290416020679629 0.40572112893383805 0.14577409358734306 0.42425945913104446 0.14660751602343358 0.5715377565847978 0.4728307452711077 0.883113821841102
0.9373992487789703 0.7422597614538448 0.7494690810582393 0.2997963689944392 0.3320537300338826 0.2228669870014216 0.6073902290140295 0.4827936378033868 0.7794414449429814 0.10447162814041899
0.46138547023677656 0.9003197343997376 0.9863035642147133 0.5218943185425714 0.13692564754004966 0.8938177585486284 0.0862046494679497 0.6001982623452753 0.5712685149462807 0.8163966550867248
0.7611688907367911 0.30261452791757704 0.7216592511037603 0.0747495520866267 0.1414696180654017 0.057330191945688 0.14330118110313095 0.10876368690175486 0.6537689291971908 0.7369004034162944
0.3101254631030921 0.9299464037280375 0.11378030486965574 0.2915844966218901 0.6429894877306338 0.9579554019503864 0.2668538303172505 0.09669524360379322 0.3827860955612805 0.5439356154161112
0.6683605251144417 0.8640892441888837 0.9000465502842698 0.7500293320569209 0.2654782156749067 0.7892159914188526 0.7679721648230157 0.6663397653149098 0.29295860073479185 0.457681563378845
0.942431193805772 0.7897931560633864 0.1276811714941558 0.919072652798579 0.690308497219845 0.7637574422032543 0.560276675044204 0.2508251009166308 0.4866978565149739 0.08294074028385556
0.5368289002165502 0.8812105318452655 0.9617777801211882 0.2050059882046792 0.7996406711066342 0.9180535979328261 0.11981355449934117 0.8785029448007051 0.013275998886351226 0.7385815202536757
0.47557970423365126 0.39613212714974144 0.9005671850725511 0.13584643041439004 0.4575984865490932 0.9130198421716079 0.6330020970654697 0.38845050362829014 0.41294199412602983 0.9315971493538653
0.22088363927589505 0.722842513461211 0.8149464297774364 0.5478401345739949 0.9308796072429774 0.7712435023883111 0.8230392932176536 0.07804229913907035 0.8220579789105945 0.7932990026444948
0.17298116979769151 0.24095446810984422 0.3362292683012583 0.6258432448115153 0.4861760669081129 0.15704138606005336 0.5043939465108378 0.5527007228487221 0.47830507884393336 0.04476854205623937
0.7383194510704201 0.5452390804873921 0.22039019789117442 0.643246199107745 0.3647484341205931 0.6144267206401928 0.5594965251911789 0.07122255532236577 0.02946546694877694 0.33643692428007577
0.041632893438543594 0.04433124566191293 0.8494270442341207 0.9663803548316333 0.19601177277632686 0.11566288044780482 0.7233854372168946 0.9385357590918998 0.8376818990712482 0.8791442214803775
0.5249140837214871 0.9664887773935023 0.12464801712298246 0.8808727085684701 0.9964685244387514 0.402876916519306 0.46594346704094447 0.32046812999938434 0.0390932931841812 0.9959785546575954
0.018723790166074394 0.4926673396182095 0.74961225494086 0.6891724029216115 0.4353000367860185 0.3188015987937314 0.995615632812389 0.649333199007201 0.7251328212858544 0.24846095804996438
0.5382847114111637 0.2815183335321765 0.582159425962073 0.2735633338229341 0.7140701515175437 0.5898391747348877 0.2944276244000905 0.7902105459927679 0.4684682426521628 0.8782000327051195
0.40086199002277123 0.5681273710707394 0.0986143870715801 0.44962655804411356 0.5890892933048124 0.14314379648021613 0.40614064089344015 0.6591947809707343 0.9386019438313986 0.5350949395443988
0.08772054009334496 0.40311050509380364 0.5051393951328131 0.31167665631495167 0.09795030703817198 0.885278640332888 0.41501905740995726 0.6682095281857859 0.40769356413978974 0.2927399688324034
0.09225046647200652 0.3739273984576954 0.0507413169958878 0.8326434353390988 0.9766169714602156 0.14732121652993124 0.6026174817976225 0.43595954284907623 0.1075114713994203 0.2662327715489825
0.2675850957405821 0.3169304182141234 0.24616456083036653 0.9928065561892518 0.5633862254952359 0.4922913125728071 0.7880039138596413 0.6990731786061989 0.18797441108076618 0.3105864199162697
0.5772363903960398 0.41585027906588734 0.02847511176491524 0.01944219716630813 0.8773455671405203 0.8958125293616245 0.4298365055392692 0.40744923147410084 0.17404847546248503 0.18099508211751814
0.7791093296315271 0.597343729500713 0.19135769913946776 0.09565953201956445 0.18102098147183188 0.1384681888261028 0.4867458903455717 0.04736574222733314 0.5014857232210483 0.6490300183282792
0.25801180994941275 0.012256135953497949 0.33791941428449257 0.3924661616285947 0.5422980870611328 0.604973818454105 0.5387039139890075 0.33726038555366555 0.8168128258907807 0.6892999134730697
0.7388722567247451 0.4458494482456785 0.12115862424249235 0.07250900894852474 0.0050632438278758185 0.1657929964157122 0.21277417792269548 0.4446063082486911 0.09001968873150445 0.35517153151734726
0.9398450117535108 0.8730238295936867 0.9853816813110263 0.1642154017855849 0.9701417309115041 0.8440170095323519 0.431252698525175 0.7164571900689669 0.24959549777685852 0.05391740598439476
0.7919928817596571 0.7852387052739794 0.08102226736131068 0.8965608342478276 0.23992028201305582 0.04519304641812327 0.5112585112954311 0.8676249191433073 0.5020777892594545 0.8933611327922195
0.7940731419073297 0.9122733239348185 0.5199494261709919 0.28089096468565966 0.05657147498790949 0.07941887656820612 0.24798697876397358 0.4738076502047185 0.9384091603540345 0.7140811480475614
0.4740338305317269 0.17013026740819037 0.8959849175232149 0.8187283988311171 0.9832098656411925 0.9406516227844739 0.06788305368975023 0.1451579303743855 0.6065477567693854 0.5319854450292347
0.08318820539408889 0.04038281998343707 0.696647271372859 0.17302487153642265 0.9608956679148918 0.0631572100991401 0.3548412808855087 0.6597451562029036 0.2964933671669351 0.9121859782523108
0.29784331630089367 0.6583223659694862 0.2608921730602738 0.26272945974477124 0.596573062314585 0.3628291701355427 0.5472329056050559 0.6952271153028022 0.6458331802845344 0.37130781152458514
0.29270071770649464 0.017728670354299148 0.6307369566085665 0.4028091459568095 0.17532797368487363 0.9333350213214243 0.44426279902003174 0.2680263041842268 0.339869362994244 0.18451541869889232
0.4800388616897956 0.32743974388339836 0.5421835028662673 0.018081455954279457 0.9754366271046476 0.5234304371308168 0.9181580577126641 0.05776226214441804 0.6122796847475745 0.9566062537395325
0.08106586242448688 0.44573999806763887 0.8959500794891521 0.8916260096275551 0.830341510807357 0.42016772776565203 0.42840118484625367 0.024094930123632285 0.6151199883820666 0.3326069429600772
0.5665627153453431 0.817643611230358 0.03747928331090922 0.47748543424352297 0.11485033245091125 0.7290924358521186 0.10318176201387552 0.0050901243225105475 0.6389680681876289 0.17964225385641086
0.6318096191392023 0.6202743225619313 0.7079191421041753 0.20132038180408096 0.22354206237366459 0.7309719890026092 0.8721171175977712 0.7904516302915955 0.44642285246864144 0.20377625836803626
0.4677154928003928 0.13371144675415814 0.4558188018064705 0.9082534202681246 0.400750986016865 0.03735864267117406 0.08687105269859974 0.7873274215968064 0.9094218252354682 0.08653331118652074
0.5710930038167883 0.2779842576459909 0.9287993716659119 0.28904517439674726 0.41986969256015005 0.52470955995921 0.08949747634773886 0.21686652359885228 0.6904654632248699 0.9774868376683854
0.5703010386665441 0.9485826968698031 0.8042481568375708 0.6468475740489076 0.9944813093602094 0.437342615245607 0.3221898170130616 0.500379062396155 0.31050249544364517 0.2813904237345528
0.5993047804061511 0.22825932440230734 0.13005048169589917 0.25804876809395405 0.03753881166369932 0.8798027463560862 0.3097911154261973 0.3970630435946261 0.7357230765905909 0.6786642996301985
0.6579920611306912 0.8155051507760124 0.6955595432364086 0.6612639946315853 0.5231190173926185 0.013974304312067476 0.38420515002132327 0.6511572669238226 0.6787431760932401 0.8426214284764594
0.3768740760067184 0.48149160861240514 0.3575738775205324 0.8855628598328148 0.006978753827379891 0.3083528660507635 0.5071565669385236 0.5835382709664757 0.4366819684224772 0.31971968354712144
0.34075304264129724 0.017206242865170807 0.32733402259602984 0.13790788654170583 0.03914729115981952 0.9072606552957541 0.3371203447901765 0.7378009829998573 0.02259699009936733 0.05258972453273503
0.0023463334872306785 0.758827166831699 0.5568770991884032 0.12398863089133905 0.1691384661307651 0.6755569041776738 0.5833386750801671 0.4584759019765666 0.03394131948254453 0.40995943037388627
0.5701326435276824 0.2580523957290912 0.024042520573448578 0.6177707160876738 0.8702246841466814 0.38678148445540117 0.203458643618747 0.06208921355616903 0.5415538516065489 0.781357284271318
0.6248671173404753 0.19922992174313647 0.8356647134966997 0.34286739459017435 0.06487029741546269 0.3450314016044448 0.5933684239329857 0.0612455828915891 0.8777296889791444 0.5642243593225087
0.5994655067477543 0.03894858824645131 0.28181008450111966 0.7311344006430186 0.5432892871216127 0.026680885238987595 0.25332409962952374 0.04690600525927546 0.607805509991373 0.061529597942302394
0.34357043262616604 0.6665981566220196 0.8672305237919521 0.8066615083820432 0.15870953732423987 0.9889168930008623 0.6116064459789062 0.23177246404554963 0.945222606471974 0.5920134888666809
0.4364987206698051 0.3447692856816281 0.7095512786814732 0.7606913562837506 0.43695817693926253 0.7877027531741165 0.5670167848193409 0.043528807397281266 0.12711541335071586 0.24375959413138726
0.5629691283160378 0.3028387349914766 0.7702530504402304 0.7671603951186318 0.03821814154023784 0.276050495510092 0.6489272039794625 0.3440994015015616 0.7211501734837449 0.7540131175211445
0.43068594133152593 0.22040134317482496 0.12053528221800469 0.09988334714309288 0.192159938109709 0.7903591984753569 0.46588188725192436 0.9816758777455132 0.8527761767306675 0.13125634962060906
0.39629706410093646 0.8722170201418367 0.7390725707740234 0.589365146628301 0.8341619599409851 0.08215772205731997 0.7515678774647792 0.1757531965015139 0.9965344119647783 0.8348650812137388
0.1383677562289053 0.9140178662332853 0.29504091448163106 0.16642631005670383 0.1931645676532987 0.6971083679855617 0.954123016028042 0.2396627005437204 0.2900147988556091 0.656683814762124
0.5378539673889979 0.9979654863655575 0.5432547125045618 0.5259948695296991 0.2171432935276656 0.9529292365833548 0.03814160480063811 0.9860657620227133 0.5319983772628434 0.299172850231345
0.016284013659497165 0.5249919342497137 0.6076140290901497 0.4804020744602494 0.6196515922116562 0.9114585586717832 0.26841222842499457 0.7926814396338919 0.797931099803661 0.9861232546805287
0.2607557104272423 0.6040478765634275 0.7662221176963092 0.10829627935923103 0.8429113758909259 0.29401202558968687 0.9635425685407164 0.2603897857926053 0.3299398329302752 0.0721575267950536
0.8073402800021539 0.5088972725201556 0.7915403428244754 0.42196235216074673 0.6651839054898784 0.2482034072740571 0.9924806590788017 0.034131009000655466 0.3720328150073784 0.4123130416083891
0.8380938594196718 0.7431392441678769 0.3099621546440411 0.6296278113191767 0.04142535606035014 0.1613585383210887 0.5369458759652894 0.11718755684286897 0.46396473750113376 0.4170401788857018
0.702277007512141 0.9633326729649752 0.598498990066362 0.6456040146150418 0.5184312864323758 0.33153297441471463 0.9604749560515247 0.6580902958733595 0.3726562670388588 0.03316743196353367
0.7333605614314506 0.5162972880586837 0.2562953801978919 0.8633281014560277 0.8738458233208817 0.5810414784711397 0.5658320781537317 0.0712610636067349 0.024326328113050688 0.9681412837195088
0.4868666356651613 0.34584587429092417 0.0029634127234678953 0.24613907133502522 0.6107140523061325 0.7365539514243334 0.34571660912917523 0.6404403485511104 0.15303844997053995 0.0016161361157540632
0.36009584598211963 0.9704633816294778 0.6449157597945737 0.9776679187969695 0.4169823676054134 0.03955609857393827 0.24894326774081998 0.6989299294749518 0.7547183599554211 0.22185146119520383
0.9164905756857615 0.15902131471604675 0.8987679662145638 0.5458967646103199 0.44691422351050125 0.8047913587114752 0.910602603947806 0.6618056691117279 0.13553321157082698 0.07909459233388871
0.07106611898855297 0.6968467390218959 0.10439078837119176 0.5882237369471751 0.27632632000475477 0.15379559230569617 0.5983033883407373 0.7597531935797095 0.37862123112035806 0.6870421951578799
0.498424393610048 0.17783579710057307 0.9393596518275142 0.803358966807969 0.05652754264405724 0.1355337819818393 0.3787377989360955 0.2773990125757143 0.38544033564500413 0.3275544505293895
0.3038844657775036 0.34640833377261826 0.5545352233747425 0.021800107980520456 0.8766496816753842 0.5542996173500124 0.2339125534118901 0.49443034219187687 0.4425026688345135 0.4521494528404987
0.7068859292921017 0.9906747351362283 0.2836066713909856 0.23034467995871455 0.7276069194095116 0.982422261231208 0.2819901230457006 0.7570178716843808 0.13914315587931847 0.03365294877073444
0.4828345972889223 0.42807594478622135 0.3870498367234715 0.1560670656589057 0.033252074274257915 0.6960396668677357 0.0644516037083468 0.13980494878599958 0.7385252492590468 0.13807655841552735
0.40687817811557614 0.9779409043700813 0.5256365234214095 0.44802285171170597 0.21857377252518617 0.16847275995681932 0.4330123345655207 0.7928551036938911 0.05672669639793204 0.3738182089019543
0.3557618528113825 0.5609855631599014 0.626042407413413 0.6453679688928917 0.6672897002931112 0.6479195353807122 0.24330942646631726 0.17943479696196574 0.011014755933393183 0.07422735197220043
0.9200847753808132 0.36097663900984556 0.010028072771667729 0.9114472914173766 0.08135108155205995 0.6727611056515401 0.377874820483204 0.2034498148970636 0.18897533558454094 0.9001775499577973
0.930246613629913 0.8139579767934154 0.5710248076048184 0.945692052874001 0.295222118372093 0.9053325727785778 0.5714727293855849 0.4819800457917528 0.698795521349166 0.05939451406913121
0.7295526783451052 0.6190595374021156 0.06278386207314834 0.887971466547087 0.07399754168925665 0.7382879438062265 0.7938058811105867 0.34901944810167707 0.7746247659077252 0.6548740090385466
0.06487653312679376 0.8835843715525981 0.33220709503861034 0.31059527422833133 0.09526304396062357 0.9195323213864859 0.20729360919922812 0.2697012609057201 0.9195996241318449 0.249891718256657
0.2896233926413819 0.39352066777016226 0.4038598796492825 0.28681451698839167 0.8919997733295117 0.20308080824316022 0.8136373180876155 0.21657730600639902 0.015970538852581484 0.6040861686853073
0.06928593829674257 0.636707835651628 0.48138521048196947 0.844891849286607 0.9328243879744041 0.3432360434210495 0.13787795445900264 0.8056471636704392 0.763108991902804 0.5542329134904027
0.7835503167479935 0.9755734184761304 0.1486322455571092 0.005214775809287087 0.6046054396163021 0.7653791073992723 0.6814050281075977 0.03265400761955395 0.9194111792233887 0.12310466051232816
0.3707321450056211 0.9737524084646507 0.7614466327529104 0.7742280107013215 0.712293159767463 0.9537959953566671 0.3678131090581872 0.7906516790456297 0.22579071780809945 0.4068255533126286
0.953466702224591 0.6082302604140384 0.35353142589687214 0.48102021121270433 0.246056842998708 0.058787193991598485 0.9726550904399419 0.8171060195153186 0.13223107980422755 0.46010837184231157
0.4153299698920516 0.05626525787516978 0.42349354636625547 0.31618891736487065 0.8140832753546157 0.8334364276613622 0.1881807673168545 0.7200490400660313 0.7935376823458891 0.9425588566073175
0.3158448733514295 0.12272364903442412 0.01517612563426074 0.8222300222778829 0.9813113160771522 0.7345694279280314 0.8483587422157085 0.5034073575551644 0.4579044634376034 0.45882242859811007
0.4886674006830043 0.6852011783589678 0.2928108837795518 0.9223779451843993 0.17375503189479624 0.6604685954062045 0.2022770031726694 0.8650537075262378 0.7572277937166403 0.39983263939451996
0.17031420772785266 0.8761363283673987 0.7926909866091298 0.2209151653770024 0.14181106073925565 0.2258004663680122 0.45293952058567755 0.11898581123066743 0.38942863666197214 0.3290283743227419
0.06337693564657787 0.015893424993953187 0.10338217271980343 0.2009475482666201 0.7640974175429588 0.8960604845216825 0.004188084042676232 0.11504236793945444 0.831667145662737 0.04148522958916079
0.810682159538707 0.5594854837540503 0.4894931698445948 0.35210995992730987 0.209091782659389 0.5018729966183268 0.6147690184514432 0.04357829557158821 0.5636709776145544 0.9189371898301559
0.6103384325309019 0.8513181499811324 0.9853836065643794 0.5253492183024873 0.8514194671596101 0.23805135747982542 0.5323476434982146 0.6445134830209146 0.5399835919359575 0.0012446094321322265
0.2542282814048821 0.2042941810898955 0.5036849903896577 0.10768083989107513 0.5124960537420703 0.9119040352895552 0.46158802613000793 0.544244030732173 0.5094410314674113 0.7647236388995509
0.5455412521023448 0.467174547091027 0.24106219852324062 0.1876096901437656 0.41389844147999233 0.9564660894163338 0.15242648531692393 0.25228877494669866 0.12338903694055747 0.23773944175650974
0.6188190919549906 0.6307226560539406 0.035291106279510265 0.32084239211566157 0.001983485202641244 0.16187025747843886 0.4236622175235141 0.6225890826108177 0.43797532851330556 0.1700605317785886
0.1262348045026599 0.290466210783592 0.7016317636742135 0.9632290446442492 0.5326843872651008 0.6247974570274734 0.46238392378895554 0.26056083717404543 0.44033026357784755 0.208771748425028
0.99711676750159 0.6516207853045689 0.8239302646523761 0.09890502441148319 0.9580074309484118 0.5728417582154592 0.36408245455290056 0.7029188061738411 0.10674924054279011 0.7022798914454998
0.6578480978548632 0.7776837137844272 0.021295730343621533 0.11983589156489993 0.3955622561550658 0.31678938094094444 0.657235137847781 0.05767928708716352 0.4293993916675086 0.9654666988530222
0.30313246130226157 0.5744028389745889 0.5821133074225168 2.3242490270192206E-6 0.9076528775234283 0.026472438344993687 0.24847213350385922 0.8394493587113704 0.9760068288146007 0.7818272058931058
0.32726063726850174 0.5193522114964851 0.23423353990063 0.22302381109253366 0.7883238478929173 0.5503677466454351 0.04206650827943592 0.7211078024085029 0.22697721602972132 0.10907888754276884
0.09860071505479562 0.9264336828821838 0.0872106636468073 0.5639607740242782 0.32970834377232716 0.41894502557927715 0.8454646075781331 0.9263738304070984 0.9721259732992275 0.48796426768575485
0.33835862629516533 0.9346221709762793 0.7763627939665935 0.570331900912165 0.5906040235099667 0.1285294636966411 0.9390563840310866 0.6657725064165639 0.9534336709213833 0.45264891512261174
0.8451284560918478 0.8696555161685524 0.0992341293544996 0.638137924634553 0.9510701842093694 0.015856578652479025 0.43466616762165433 0.8564917951854227 0.17291297223782043 0.30621498836013505
0.7924116733483776 0.9127453065452679 0.955916969690514 0.7181218834024191 0.8407867154922711 0.5514148528970577 0.7977365962341842 0.9280620936185955 0.510811324970936 0.28536775600756703
0.37279856285512547 0.46647292593752687 0.8819291495201875 0.5259697798097076 0.5628544944461331 0.8280709019656066 0.39042084594036564 0.6922756446984875 0.6371469372020195 0.30183738752074296
0.9286570115992033 0.4076914238359537 0.5453541853762971 0.3561428521417336 0.3886880777237315 0.8544520396764116 0.7874553001890114 0.5170284946810335 0.4702699045321965 0.8494206981864251
0.6068843776772602 0.8114530795293213 0.12127565219384817 0.22913168467581357 0.3168185585344552 0.012352017020063832 0.8075458088784101 0.6876613679100086 0.41417136559610535 0.11864457388896965
0.919579991442407 0.29782699183348826 0.7618397515466991 0.7308642560667301 0.015075699549832233 0.5643765373162499 0.5269792191035102 0.24187650893590806 0.2691706300422305 0.0072468168344828054
0.7515582520123699 0.05218700399005305 0.4583468027859955 0.9536315295522226 0.40117015869681705 0.340632553066068 0.039306358712821954 0.42951474786555577 0.4890562084519412 0.2737860507526836
0.40073045043162536 0.7844891231745341 0.4045212999755352 0.9211959130400994 0.16368403641757168 0.9580929719370255 0.8883995572647201 0.5586191812626211 0.4855311329167846 0.10156341230565258
0.192953822702574 0.4876970167926763 0.6825767263089798 0.6058178007603213 0.8395696836909394 0.9780600548408794 0.1282527004133619 0.45463879910760696 0.04483118903391958 0.44664020719572783
0.3065172633205794 0.2214534636344856 0.32404205266250574 0.5290044226527627 0.10423829121580952 0.958759945577989 9.823836736658764E-4 0.2688156882190669 0.9116833649295342 0.6911699887586145
0.35366813433925004 0.25406432291184455 0.8668398101601105 0.2161993051600175 0.9081064057563423 0.16250307296530986 0.6271407281647228 0.4413518623798749 0.9555166697307522 0.8437574024083108
0.38127357338178103 0.5417083964477216 0.713214544006993 0.7618725291534012 0.42410024673602575 0.8091434138539572 0.6753308619709044 0.3495966390923074 0.5093183222064982 0.18245888068445937
0.606766314803663 0.5844900130886669 0.36734572430440104 0.09713723604798619 0.3222572629738031 0.8869875621098908 0.23001152957016668 0.4740798661061465 0.8621557064514541 0.26183277395822535
0.9389881060097555 0.3786119244388806 0.9275031422038112 0.45683863890299403 0.23150074565439438 0.12419771689425096 0.4692035124352566 0.7967213885216825 0.09470279054071351 0.3697255262935688
0.139578278651734 0.26479135207629956 0.6592058241778058 0.0648845290196085 0.9093124640155493 0.3515743515737453 0.9626059033022589 0.93507058840328 0.5287772251424699 0.16697619443597733
0.0554484705553594 0.5654215432915307 0.6699411311988855 0.3213919665364199 0.3449261600205755 0.04299739592399254 0.5235589322898182 0.12120072492356793 0.7757053184445456 0.5467836653438439
0.34605298207249124 0.6953752560836257 0.4326283130997728 0.23711155156558295 0.9514793267383851 0.7724760107075175 0.4166408641319227 0.2892515789391681 0.42619666639214393 0.9610865253971805
0.39314448969485605 0.9403520331963385 0.40733342553446816 0.5517878142224816 0.04107633861899829 0.9745574360585569 0.11087405497378722 0.055057499122664666 0.7413697639929147 0.15805615477685853
0.921163214565211 0.9170184853404558 0.23505089901497744 0.7539706027072298 0.7608519294146967 0.11375174658050613 0.654077952291924 0.39641747183246256 0.6487874482248118 0.6149260590248807
0.2821313159529316 0.28372936194712906 0.8230740399591681 0.028787055530474892 0.6379144129533874 0.8627432128403195 0.557509724906952 0.09308680922442225 0.9901266205932976 0.9192254032643218
0.33182922486886435 0.060324491396667734 0.21112135553047673 0.26391698716777523 0.32966100293280587 0.4407072899709996 0.9553635228528115 0.00934667940701428 0.33283231656337686 0.012530212033106336
0.5091526423135743 0.769473626609573 0.9566327997550881 0.4872123603079186 0.299679280489622 0.9823854374504546 0.8278738482661004 0.7250161565388404 0.9743337728593878 0.9556918143028982
0.7460574551143406 0.9375152910679085 0.16528813615649585 0.1649172361924932 0.08769481703440007 0.8841661326880941 0.5397236249636099 0.7971112016057477 0.7147915296245603 0.6728762936647309
0.5026773985558279 0.5250576448773656 0.43074283728413654 0.4082533395279614 0.9673341865356767 0.021880076499488643 0.5903587567172693 0.5962555465664122 0.9366896647879819 0.7815023980985639
0.8154658736323007 0.9102556038400291 0.2508642334374076 0.3973397402087243 0.8935086268717151 0.6510673501864137 0.7459472823784151 0.5697576497242993 0.843799879717246 0.9922747618992056
0.24310361242717526 0.7622520504801015 0.824547029510879 0.8922411505846659 0.24077534690943558 0.6069663614667408 0.02350637535807376 0.37546611504884364 0.9181640917219679 0.872076325466082
0.9260950538427224 0.7384961148688416 0.07477960941353012 0.04673716346472878 0.38701659418646617 0.11938451718530729 0.9286932073509936 0.37370161216989584 0.7449323367734486 0.7847351849523116
0.27523513496869234 0.46538174485289163 0.8144380180456859 0.4346531642321033 0.3682270901649335 0.4760409827842751 0.9655809623146595 0.8034651957016096 0.02744254113810718 0.1709675363699552
0.6583799526417767 0.8428614127287261 0.8988389028401663 0.13289384052844577 0.7382866656896353 0.8141490213827519 0.49820759063939524 0.7765911990867923 0.5182539830934265 0.6875977944718861
0.6542388642914915 0.8044824438305598 0.17405284737171578 0.34939598626195234 0.23360069121429183 0.2292797930657111 0.2617060458219145 0.2505246362906578 0.5784820661495813 0.11406911474778181
0.2293843365245276 0.29689718127291087 0.916152337854283 0.7359255796157818 0.640835769163088 0.9764003699368284 0.11044073671952093 0.9660602287125067 0.45339686356245124 0.9460114234173165
0.5166408044839166 0.27766068275519185 0.10086000540730666 0.5609557847097929 0.37419655357963943 0.9420032205289223 0.3199483840889483 0.11790837315087355 0.12562855984156462 0.6540781074378119
0.6288762140998786 0.9055306877768863 0.285509906106151 0.040883024083357755 0.11744868331772118 0.508175149918519 0.9999032452727754 0.24870503468115635 0.7403822840318005 0.19237690443353317
0.2345219400508074 0.08012389011999166 0.6190034553883899 0.6207925215068869 0.608979830737027 0.9571349433069867 0.9512089529422265 0.5845342099239749 0.25484571176237425 0.32370321561219584
0.00554917492294793 0.9223868956189759 0.7168200177110153 0.9692245156846455 0.33252107708635015 0.3041850282094075 0.83920299198429 0.15378336633399114 0.7646347838713293 0.09566449481288153
0.7839251700131636 0.34676192934243 0.9965439320418661 0.09339464576648371 0.811762353915325 0.8522677461822826 0.5375067270591866 0.5209339953636153 0.2249589976946793 0.5880124396830319
0.6106710278756948 0.3111427385501073 0.9173355250498526 0.8086875493397663 0.1371534712449186 0.3646236610125808 0.3070563569782292 0.6205476545026753 0.28760926986684887 0.17055275903779887
0.037587659836292864 0.7208251880588525 0.20996560151479537 0.9036993937247627 0.7239742945320146 0.913764919640041 0.44921825338092813 0.8702252124575591 0.19441825190002182 0.6044810035198545
0.2636680545063107 0.9648899633861967 0.13124155749928346 0.6525026278587402 0.5116993825310919 0.6235813914682502 0.7506683652210449 0.6787890364769467 0.034180530134546805 0.6076255926926154
0.1774629881437052 0.1631582800713608 0.4897915639680911 0.8401233227229397 0.468311178684211 0.4434885918050139 0.4140622911343941 0.4295961517112604 0.8169349872777429 0.03371489494201141
0.8676293069952405 0.9625167553545482 0.33428136693007615 0.5145573811114768 0.41519777207301845 0.12383519052081671 0.9387280406513532 0.6190827077340941 0.3339198695922063 0.7134030267706324
0.3141000362527063 0.0346130296802758 0.8883791549913577 0.1662362208736533 0.5973931257675006 0.873161746989653 0.22909531879639 0.755846062101937 0.4434513717718819 0.7244886350545552
0.9724421023610397 0.7624072890208131 0.38044752391523895 0.699032088345994 0.802095988563592 0.021321125002512376 0.9178669919196761 0.8923889921618726 0.49561110998930846 0.43277018358870745
0.6977970113490374 0.25867772425321534 0.6244416878444763 0.20915116636409614 0.09067479976821835 0.9670336714773776 0.8017103501833848 0.8648105665171191 0.028250021460331287 0.9336502454013146
0.7592465236003276 0.21129717257572056 0.5393677684450717 0.37119314044568996 0.7238967136760084 0.9113850952759895 0.4082806997159103 0.8780789655245053 0.5328339373637838 0.4664088143766585
0.6105499195496125 0.8020241370086619 0.6785709727776509 0.8639922043502013 0.6981963314504148 0.3554332309059942 0.0066081553441611485 0.497041596767994 0.10361477535464891 0.23461073132891674
0.10212337937637606 0.379912189526738 0.4108661760462623 0.3004436431084009 0.4968380620871874 0.13394674397570594 0.003313208430539172 0.2151170386871878 0.7031700300327698 0.6921234045344659
0.13816737385278943 0.7975880331106162 0.7400100776683735 0.18134010188693628 0.42136666238004283 0.2599582357101857 0.2529362894391721 0.9809004594400775 0.8603044303867095 0.41754877381525113
0.5514061005838986 0.5270563441063968 0.15728197441716885 0.42739559703786045 0.8864432841156719 0.03600088017315439 0.6731584880580542 0.6030474404708279 0.0745627461409556 0.9514945032842619
0.5385241087543814 0.37796234614781676 0.13715388427196284 0.5883463346507255 0.7188226887980244 0.545463189906024 0.9692681585782661 0.13926149384211683 0.4502032177959432 0.4901262386114247
0.17773462529177864 0.9401047731155697 0.35447974097536794 0.24364117359392823 0.13575281298322783 0.6474194614837893 0.7144317813082108 0.8475951425081631 0.9895892342603664 0.7720796999173491
0.8447780461317776 0.6862969158593635 0.8227302797626004 0.8342434989577656 0.22950879935820634 0.16467204836279759 0.43382077178525824 0.25731278278978953 0.11286268518743958 0.34942336712800726
0.2169443751837704 0.002395749722535867 0.5290865582232835 0.9660655572650932 0.4462778980686105 0.8598061286117024 0.3352172545687754 0.4501065411786216 0.8618789464149863 0.2604224464321454
0.6714767736998573 0.5875622720860854 0.829342131920337 0.4472704391556469 0.4154732616914445 0.6481560663175143 0.5032864240089583 0.8564796749253039 0.6192520854994309 0.8139671031977029
0.36311190224295087 0.5968053236579629 0.6223427796780026 0.13695705862544338 0.20919159142389288 0.9881947608126135 0.519299103662863 0.2207181296766061 0.2086399552035354 0.22241786995526203
0.9268310632927048 0.31494923741415193 0.8620265927676456 0.3425687489703034 0.5434795245734911 0.5355817815298739 0.8258801028882735 0.9032859521867849 0.8238851314466534 0.47913992201074573
0.3705535613038371 0.8698270145960638 0.20005536103786048 0.5868349764728211 0.8789997946985713 0.5416724736652607 0.6736346829796508 0.23205685235884188 0.1992311059724543 0.545123572992912
0.2760345283431952 0.6543402971715475 0.8517146388452348 0.22939652372677655 0.8473814479295064 0.5435472415867023 0.0626810310132001 0.12200589576868925 0.8205930766295189 0.28992055190785426
0.34530109442941515 0.4517681761535127 0.21349345275386755 0.6588292936039228 0.8829110267552134 0.13154606138743852 0.8297304977500749 0.9234386332157777 0.28194375203942457 0.007892706814178418
0.7483602495612574 0.29420234800773415 0.35695048897238657 0.6310446528794907 0.542313957373702 0.820989620944403 0.4860731625818182 0.27625075695032797 0.30756540155187484 0.8118220269215147
0.7325546609755174 0.4562138341435398 0.5076680965696503 0.21161053020614695 0.3663508334415183 0.7044607338434499 0.8424325801986476 0.3149465236948299 0.6396343079945874 0.9807454886563097
0.8348665143988129 0.6489147475227207 0.6709572846341535 0.6521294015963058 0.5971013801045735 0.8550604155381805 0.07506637879272515 0.637170933979481 0.2838810020571565 0.9240566524855085
0.5388396871878389 0.965697229434894 0.0712892294185844 0.1922820729665473 0.8885425585913398 0.7029184311556077 0.1087450796795778 0.09643341608850897 0.31957514778092466 0.9141846216278655
0.7838955389988752 0.8004609959708509 0.3671114886229513 0.10547466710656406 0.8128878839982276 0.4585296593150916 0.8845060650153923 0.3647451568455149 0.12260438624953884 0.058371529771024
0.7660711168069468 0.2505564514779941 0.22679475679785588 0.5013113894420076 0.40180352449487633 0.32693235593594494 0.8146420481828072 0.8184087312762724 0.8838675136583344 0.12719890290085167
0.5681506941209254 0.196575709755192 0.7981154337584739 0.24458602398413898 0.8038454486647417 0.7941932190858297 0.028656029328855248 0.19366656727918008 0.3946229391098237 0.1626621762484154
0.37945513327132185 0.6642443652565768 0.569197990858863 0.4584907111005576 0.9741816399805884 0.7980933332932856 0.6094391243080809 0.5299322001417719 0.3339870727643933 0.15898841608602599
0.1699889515842734 0.3928529708199886 0.7526340688187655 0.1377576398815179 0.92991685142715 0.5724229583869287 0.08936580321455656 0.6366247037265029 0.5527525435243132 0.28038605265967664
0.38213449273102573 0.01089931027639035 0.4791014049733022 0.42208163730142145 0.7472842553591573 0.41111266878245356 0.905143097673786 0.9830522469884888 0.8765096508278278 0.864983978367031
0.4106674504882897 0.4319866875657532 0.06788792011461597 0.6661427815938902 0.09190249431253583 0.3949120548049554 0.13500999446789486 0.8953216580305322 0.7272412871384579 0.0049619380773258115
0.7267108794415615 0.18977198703908238 0.4580761384312184 0.01271227237734951 0.5596278068221191 0.19794545845709555 0.7022996022635096 0.9539903139501879 0.8167900869591532 0.5090223410813126
0.5346338090627262 0.4152265530195147 0.49767168569064113 0.23065689925399047 0.5658012752678585 0.7108328049889482 0.8186141821272408 0.8033494958730374 0.4316512984654992 0.0927546529869816
0.85725368270498 0.08614385070496566 0.36370832002680786 0.9492594969810683 0.5105629318252098 0.22588682968873774 0.9542096847022403 0.31818658710436143 0.4933451722549653 0.33107766472884104
0.15155214811204143 0.4392984834992344 0.5424937992129987 0.5113718859503813 0.7261677884818213 0.0010380873730722051 0.2120580189438267 0.4150953207482415 0.9322015772847896 0.19890928429350774
0.6451314431304915 0.9996610740789718 0.8569646801596378 0.7158632995977426 0.4908068263385499 0.9035733382767175 0.9979887303082552 0.25948666992134084 0.6979170875050301 0.45373908036927213
0.9366080932380032 0.34645138695182975 0.26200905188569346 0.03809924318230962 0.5873490324608243 0.611601332430643 0.12797319894479686 0.30112908318220677 0.3940051706775869 0.037213012773700704
0.35797874840803146 0.37854706376431935 0.016131817880095545 0.14738374132823828 0.36284055354884537 0.17761019830028824 0.5037916611318064 0.3931628425224917 0.4646705754911856 0.5306632619995332
0.6937372390291923 0.6659571403611609 0.30964313856211134 0.9021481816853486 0.5768160435692421 0.11990474499014903 0.6819300274401268 0.21306885338834636 0.6842365333077755 0.2583262553111285
0.08333778364166466 0.26194583783566217 0.11943455583495488 0.5450255719286478 0.037906319949034484 0.1675845752424464 0.7226310207242539 0.6381276906813802 0.45670442184795124 0.23651934724625445
0.9967736130663543 0.7123037715056969 0.5552841578358755 0.6667849537020524 0.8464067897940639 0.23464856312448035 0.7547333163337421 0.5397065662887139 0.8851156287674007 0.9901394076519214
0.7169905354125459 0.6226875109261817 0.052540989472898536 0.11451925263272456 0.16606559242879293 0.6085138780927491 0.5485648362154995 0.3856114458320612 0.4290328737983258 0.5504836854502548
0.6401159764846005 0.04848685659265184 0.6941430609156434 0.4177075955917432 0.7251488175310637 0.00556886985259375 0.8281248181108448 0.8912172824714193 0.1486976307333704 0.2896754437921394
0.2207240223718473 0.7490562047419075 0.657512718063717 0.35616154239238595 0.5317559168859197 0.44731718351809435 0.052634095610587406 0.8797393135019704 0.4044207776037422 0.7941298439580549
0.5533616522594333 0.4222174856274915 0.17836123098898116 0.9348900652088911 0.6214312037318271 0.549315587688352 0.38691552659646966 0.21956301720295401 0.5108080774969118 0.7178724424826343
0.3552474743490609 0.9066797447987025 0.6063608374637948 0.5291825277427872 0.5295107758861247 0.07368709323547573 0.6937801412463839 0.7498582384183009 0.26193163692050914 0.5495992821967284
0.6634582836110811 0.8385293449922343 0.6526702885782363 0.16343861080623467 0.7926473682572145 0.5848559160446942 0.7065485208400598 0.11074209107577904 0.6730652414043929 0.8667443508613741
0.5012071365027091 0.7804495921286507 0.05521981978736901 0.4623203487359835 0.282983311547766 0.955778196208204 0.3660742972910076 0.3151273724121091 0.40777498558697955 0.9052265177134833
0.4232770096247178 0.6441819553588151 0.8263855775865213 0.513642150418111 0.9170313841080666 0.8149326458327663 0.3773188237602272 0.2683236508047009 0.5597830143870568 0.9428323638495532
0.49472076869462545 0.6114186067241898 0.41425243302023507 0.7881485978898659 0.06514131462445671 0.8974173868564824 0.8019436977723653 0.6187999065245323 0.07401565806017285 0.9533319473040971
0.36711038562505294 0.3674206757608641 0.3712413214814214 0.029187726071144504 0.32526249369676075 0.5895213105700537 0.3549538505057883 0.7477460617122644 0.6606488118604037 0.44152347879853693
0.6235804645762362 0.5149130601500523 0.053751152279410075 0.14061589127950203 0.6784775417021662 0.7360807728396339 0.6176786214923972 0.14278847930528682 0.5729343232018765 0.0986846320476309
0.10145120070786173 0.5810683060105084 0.9980520897631929 0.1275509508931193 0.07851373483848001 0.34289351881281316 0.6719841827783142 0.19714689713343392 0.7804230519342822 0.533726437199858
0.056249189440337966 0.1936345978164592 0.6585022973616157 0.9734204936052954 0.36130588639642225 0.059669988090197745 0.4603583418727033 0.8025202612433932 0.5233053220278018 0.5261762330029041
0.5935094751537057 0.23758717011237396 0.33491186230375436 0.437860489601095 0.8149722566844149 0.00780838333731626 0.1953114723617817 0.21303179566617847 0.8335081700749306 0.02955971527342971
0.00800259624968691 0.1433170306279189 0.24033175119657257 0.43125798332943754 0.5996905103538626 0.4351611786533216 0.2944339970409887 0.12775191975235034 0.6595839405419947 0.12253647565031922
0.4802761741719953 0.7616650091389633 0.6056182209913128 0.23907498904545976 0.42846052694878456 0.9785176916537032 0.9726061934562218 0.9278775430427869 0.7440863728385767 0.6831203255404653
0.8870447751250631 0.48854134485630896 0.52285123459009 0.13664256765150562 0.9442816016202404 0.7134875798054449 0.8515585167248025 0.49692842390263126 0.3359722748008612 0.2494593106250399
0.38754446051753877 0.6790411097541555 0.38923627116942194 0.13509908985734154 0.19063913789289377 0.21868481045936783 0.7736449195852217 0.11180498237898273 0.34162735682589684 0.15806583775916316
0.5081526709082353 0.7826020803844327 0.5227771880318094 0.8419182540207623 0.5573081652491404 0.2025567279052538 0.6588553716821288 0.910834453862542 0.24455937637537206 0.02429856268062769
0.9211499894812414 0.7097043310764406 0.9301928177641652 0.8935055108503965 0.8823733841282362 0.790981210642172 0.4024237537604727 0.391745383732794 0.3769185304715479 0.1856564119459252
0.21238065004063256 0.4578568269388593 0.6687946938130978 0.6392389628131575 0.7472042847236177 0.8840918069444823 0.8586692424210757 0.06570020555356337 0.18020740240627053 0.1795303670939179
0.07179420814528781 0.059257970041331154 0.5630186259464305 0.820817831984752 0.86019770212524 0.42203841626456295 0.23185982131020655 0.6690636451792235 0.4253719644678762 0.3150678496518925
0.38858350096892713 0.12177973921208429 0.7217911061061684 0.8207114291940316 0.18682270900928866 0.39002599571722396 0.2369435309128617 0.4165886347606257 0.9045829726263755 0.14346893061614918
0.2601654144426919 0.10416061467845661 0.8168322587421465 0.6498489036311603 0.7504130137543116 0.7095977315454559 0.19512105207926855 0.45039050057335006 0.4922135270617539 0.180200175772104
0.4559921622379647 0.5589792427302381 0.08938541608353323 0.5365583810085014 0.855915215102416 0.15046757110600795 0.48772082939527406 0.5088039878967425 0.28770845859158867 0.7122613924352575
0.140674425802639 0.7847163667923144 0.6718865655594213 0.673377921798658 0.6362042096132151 0.22811361527749097 0.15609935058161428 0.5964547573102358 0.5882617444604806 0.38787098418240373
0.8368036861151256 0.12072876279680522 0.8630308023805058 0.1110738713368089 0.9995366652682393 0.9777926514467267 0.7578644298080852 0.09822657227547582 0.9376354616268698 0.5669763673061261
0.5799729562293391 0.7941018916125918 0.2539746708574663 0.7734889754088238 0.1822662667400201 0.094730870314645 0.17627005682818808 0.939996434369206 0.40535528461372516 0.969196257735744
0.8237227851074039 0.1610989532593543 0.04756976615869124 0.24430646291815006 0.5512555796149426 0.36021160776515504 0.9389503051884015 0.480892357100028 0.4673185205626065 0.9296400071979626
0.9305245754600026 0.08238147834527731 0.972219022951646 0.06718250609693133 0.12677899676555604 0.5194700622741473 0.6961565685928474 0.32637934280539727 0.4870890119360899 0.8291259013835769
0.5296198735247503 0.31256811621700864 9.722047967587466E-4 0.35182019046034296 0.5335306580949118 0.9031940020497327 0.002380584749942738 0.00779974695745711 0.39249415314620306 0.8483623446404712
0.8298494409003969 0.2813758643023647 0.7317441280867056 0.11641021781915895 0.962172075216598 0.4816191803707637 0.05684560140901396 0.889312541843272 0.9633711786453625 0.7785150778849032
0.29494573829355586 0.6840277451806888 0.05608912300210467 0.9755470463502648 0.9173400412696144 0.6784263694116416 0.9091209899456095 0.9728407158872151 0.40534666440658307 0.954235906271863
0.272665895425523 0.39941397475903484 0.3849593454861129 0.03447344333857327 0.42397360192458944 0.9487442477766422 0.10047523936592184 0.789127314597448 0.9964147800245785 0.538776219672855
0.023270829520387393 0.5103877583549237 0.6566053899675361 0.5356593524553341 0.2991254246015739 0.7175155909551144 0.2670665360092016 0.92991663065662 0.4259688539115697 0.041477259535827926
0.6260032750618983 0.5344117623011028 0.023655460825959485 0.3607633124335704 0.6111371055338946 0.9853948905821288 0.8083446479933777 0.21234676723564505 0.5711284591875062 0.571071544762816
0.9162928834766296 0.3855265439600424 0.10597733414864186 0.6865534411759906 0.5353405344658195 0.5214405992403917 0.9568912276270899 0.019714013593709057 0.3971019724235938 0.48732203737838453
0.5864618833156925 0.4093850592756688 0.0588447976617279 0.2721109695310079 0.17159299118841476 0.6854957486533438 0.061270290426302054 0.1588235145899346 0.1544734874943806 0.7001685869387817
0.986883740097095 0.9691186789097688 0.20099184936271808 0.18945152148082056 0.1633701042832557 0.2467930824854948 0.4013388908353799 0.0672789795493588 0.25736671566025016 0.349471916112864
0.8141479740705795 0.2464190004507465 0.28625132080754234 0.551554337761587 0.0033727724487494504 0.10557788449352823 0.6390408553922067 0.4265100497399069 0.04620505776700823 0.27749689115353326
0.5422218880334638 0.9729130677883282 0.6006856600110391 0.5197911157140098 0.03231137107076465 0.17613792414959362 0.013263983995847495 0.04844311014004454 0.9041721075230361 0.9564319938633683
0.11941252065542263 0.8632790951548578 0.2925839364838606 0.7441176067074969 0.34450501631934405 0.27541914686106783 0.5142990540466897 0.24396581319652355 0.9475176489305176 0.05860666365873213
0.5487851135611376 0.3033232857997308 0.7667149095821422 0.3894869362701482 0.06808737714359625 0.182362680485743 0.6243329058503081 0.016318399383366322 0.23971747971141755 0.9398658870188602
0.6263748743571008 0.9012642106557438 0.6212025243737582 0.09423852699007196 0.9539846531493469 0.9183259282558971 0.3409053415786656 0.19699356142120894 0.3844659400932261 0.057145107656657146
0.41695304074689665 0.4647302760038652 0.702866459117397 0.9823130143544372 0.5045874307938039 0.15567439719510112 0.3691478340776295 0.7284916826517354 0.5819778425792412 0.9481344047919767
0.29131332990961933 0.7735652649128438 0.08551284691457739 0.18076726277003108 0.32146763115916466 0.725202975817925 0.7878147998882958 0.4483369640442424 0.13963377529666732 0.38063020058516117
0.2751964866686374 0.7116875275870692 0.5192544627090042 0.9750678259400577 0.22600709927138662 0.7769413931502757 0.5786562003582731 0.021214175488400544 0.817290127834494 0.7264735760110763
0.5143564727105844 0.2603075820775501 0.4944031923868427 0.6430002498034698 0.48494553720391365 0.8947224862560057 0.026725608041182958 0.758160406119621 0.7683763020035993 0.4527149424243012
0.24230706275394176 0.9782573188951008 0.05084670508169142 0.34784858092595927 0.08528609545794286 0.5923666386311038 0.722061474838987 0.43879525773148254 0.6721347426503363 0.8518060627452292
0.34951079060727486 0.6696190868754891 0.8362618395006838 0.025001205355240308 0.08350561859230088 0.17631671489401912 0.24523346264580625 0.47807106389581 0.6050605886280969 0.08230042706529894
0.5508468679131212 0.30899581146041 0.37031718136505243 0.5736751047711084 0.1895195518155698 0.07201819154471278 0.32805138800407685 0.7445736469477332 0.38893231054419986 0.16896961230437524
0.9909115112661926 0.1334801188327953 0.6565915978318668 0.5555002248024451 0.7263835161601943 0.8333834969732855 0.5269531514558079 0.5127322661781039 0.4000828205422875 0.5517689308570152
0.6259748583171774 0.36864395442292497 0.05182278746250091 0.020868132279536655 0.17544448456317774 0.2185315578400392 0.11401218892119869 0.7142534345744171 0.9041532165909517 0.890184892693069
0.7922850190956093 0.9127755266509973 0.9589633964391397 0.6269519255539043 0.6198677642593735 0.7810074969824085 0.8160451425797927 0.22065615702492392 0.8700410649670512 0.2647730740926493
0.38103282715610665 0.6163701833649342 0.4651536054302007 0.30100038215889346 0.43657957204335596 0.3323375749787214 0.25599849406364084 0.04305648255624339 0.3467636743579874 0.3908745105572988
0.0619632137848265 0.547882697846569 0.46002827664461776 0.8398712409844581 0.6602161328172361 0.645664082984857 0.9658114243806818 0.35955315648980546 0.991294175771145 0.5184308035714116
0.054750764676646635 0.8954497289525724 0.2088077245649047 0.8509032170083144 0.1083234042500012 0.7360589402032237 0.8425801046033897 0.285056442348151 0.3010080242042068 0.9624836604278983
0.267391231134692 0.3092944464753655 0.43653309483785974 0.7373560302492227 0.8735959384895905 0.6437873335706901 0.059501409202651234 0.4716540948699879 0.8212394261449689 0.6454402109023194
0.8846576511596448 0.5105548978697513 0.025893357004028394 0.24912536248039374 0.3682927494844338 0.6132566875831431 0.07228872973165157 0.4862241007071242 0.8097547199163233 0.16674210034020398
0.08092179941724753 0.6771884390863364 0.7157623500741466 0.7697435661669867 0.16316207585230114 0.9817467539103999 0.2861954080693495 0.5507107652534595 0.9919922563526888 0.10854208823572264
0.7872604169300302 0.34236919300807966 0.1883620987797242 0.6354049688555099 0.2664086804386462 0.62549833570059 0.6772391174168284 0.5721276409206948 0.533108924850149 0.9758463360467675
0.9027911675415594 0.509520152387886 0.5805544051901728 0.600637633389841 0.8087371940178218 0.9416925148250367 0.6556097401326623 0.43491888472634055 0.7877541600376996 0.12292221175795459
0.9977806604794803 0.18302758359284244 0.3829295054933405 0.1261292083278278 0.8627151719127768 0.6367570447628247 0.3846004981414557 0.6068953896674898 0.821721858016094 0.5793297856195231
0.10752256778299252 0.14512951669709717 0.48601769606838396 0.5930817455000338 0.05616158138546945 0.9358920985696743 0.7428937811028606 0.1287971609519769 0.8900049739316895 0.03155963356563629
0.3107144668234244 0.26592436718290735 0.5861398052621561 0.29942099287237645 0.9206417874412983 0.6954411831137217 0.9629459982087704 0.7519628773900187 0.7152033077869184 0.5909276905911894
0.27660563701581 0.9315158492449845 0.5172987138413406 0.1984434669191809 0.43123010998679245 0.5865959518541426 0.46796638615257147 0.1720949288751129 0.45375867418583304 0.9641910093905646
0.15720826373993546 0.9097184372466669 0.2763837491851904 0.6604053383573167 0.7793975092882536 0.4018924981659856 0.542109270536929 0.12128996293426797 0.03327039231514761 0.39753302634304954
0.10315074861161255 0.5663497668011058 0.4562297913326462 0.010613215439988388 0.11723666208630357 0.31913339848445976 0.6336651481030614 0.24508981432958488 0.16347241973000948 0.2724751020446363
0.25621944276383857 0.2989059303853693 0.5972802151166159 0.4903725331076897 0.3114106737908462 0.9229797481816018 0.4430287691446696 0.7541479573210277 0.7907422144903311 0.5573779146728952
0.48331960222485215 0.19745459216636407 0.1694120858636019 0.44441072719165176 0.84549689958218 0.04285431983058574 0.5729588380250948 0.4271762314465837 0.30880058044992975 0.8521060634957242
0.9836573753626038 0.682118376453335 0.7596831148145728 0.6329692688354248 0.05920533019147123 0.20545446058863737 0.7081623339913968 0.607240381802151 0.1372164608366947 0.47586521441901986
0.5446845364364735 0.43790415342754174 0.7812648540988499 0.3496307716076076 0.26482267558242445 0.23769631545991576 0.7876996475031547 0.9094342603971889 0.7182371170179622 0.7370374965595239
0.9171769675840038 0.6843438761659024 0.0486775235148722 0.5762128994751096 0.7408319887782447 0.3860238617373327 0.8834055818744817 0.8048358360477206 0.8982409732077636 0.06501296385437305
0.003270791917431959 0.3210476710816108 0.7527994242141431 0.3809492873792256 0.6787721616237619 0.1635706573783523 0.8998690892442011 0.5019078030528061 0.5927908207119889 0.2816440442872441
0.2340233017611818 5.579345697299676E-4 0.28727992344257514 0.651038009005997 0.31394623770838814 0.998635460661345 0.3690497287183625 0.37875439357047247 0.5770192254473258 0.726264135008218
0.28888733222529617 0.744686500489511 0.5503521912116454 0.6089497405852808 0.36860215160869336 0.9654249438160987 0.5809967991408999 0.9726097143197621 0.8921899166123041 0.8335604902216629
0.7653027182281535 0.46578954888907464 0.5001590552776448 0.2852485375014181 0.6958561851367645 0.33825684991072813 0.8301656040349747 0.379464334460889 0.3641658336402902 0.7864526654816644
0.3324534961116159 0.13429194991600357 0.058237951374396246 0.67881910543444 0.455199696602852 0.1587540946395174 0.37640925025418226 0.10781083967627403 0.9427140410748783 0.04310369676669501
0.5422823867983964 0.3804374178895482 0.818546089232645 0.02616296953764219 0.050335592638252935 0.2554727863443259 0.7359026222382848 0.5452085802678801 0.29775455750420776 0.4630065206980002
0.7693805602836105 0.8920667226371221 0.26526135721754485 0.8008011564688658 0.39487253121788135 0.34849538745521713 0.4981913204324643 0.39195889916020954 0.35860269884606444 0.8545950955734037
0.6087960533167275 0.009689649035170222 0.37160327599500687 0.4759038899653384 0.2717265300018521 0.7275119031953541 0.08254264912487075 0.6779959175839012 0.21687754633747347 0.5370067925493606
0.5796682663555336 0.6918174025574907 0.03725073640029242 0.990284584773177 0.7517287964803945 0.058657685803791604 0.7242202091264667 0.3706123768581797 0.19809159593441483 0.7805670719713962
0.7185616779795507 0.3721902798259932 0.01987288104257179 0.37019730395621775 0.9228317164552106 0.7788528772962403 0.7467503564897711 0.4934544886734159 0.5591615759004394 0.17151150949785499
0.8582284175914263 0.829018791540663 0.9762550812173193 0.26544223181351057 0.843478610831651 0.23069827899523543 0.5103579432556499 0.08106312366203228 0.510479183291165 0.27174964361590415
0.2871919237266536 0.7856340076355426 0.3030290949512473 0.7747114713828361 0.41532343252964554 0.7083501647062128 0.7133134955089903 0.9859606458307303 0.3661634758644349 0.7275914298679181
0.48804930476692665 0.6411156742395774 0.46177184340458044 0.9566264564729648 0.21784091464589084 0.28557587695289777 0.298865274205797 0.41286128624567486 0.07222785176834068 0.8638982406829658
0.6259058520245805 0.14576052301473807 0.8970074592890002 0.7723787855058931 0.6598721556326189 0.11985821769209082 0.625767571611621 0.28111879297506404 0.08029302493380819 0.0018147600945570552
0.9741655290285265 0.47502058847623707 0.9703492934962591 0.8842653865358491 0.6833414264091184 0.6375713490013387 0.7883262971988345 0.8942442480248485 0.15795503203077776 0.306937690814188
0.047426178409678554 0.5802580693038621 0.20468767731611082 0.0708081180840977 0.7579252469627417 0.9496214789528417 0.7186515476318357 0.534583621181934 0.8428891997761883 0.03645602437774775
0.5880004501143231 0.7969316480895698 0.6771341596769667 0.9207931860193094 0.791138281813723 0.19738253284942298 0.6188494415616618 0.19051135279458886 0.6462718947232038 0.06256092172820149
0.9042735346332739 0.9403755400485071 0.4396576830805229 0.6708099067529505 0.558041802902867 0.5362376503259054 0.2067422625044777 0.6793783447775417 0.03530093018431735 0.5374940874605927
0.2694990221108752 0.8140071107358823 0.15641163237566535 0.3671870573567617 0.24361430345659396 0.7076633060836781 0.5210375693071864 0.5466743001836135 0.6207784062013388 0.39333572765811464
0.9956453813964999 0.5705813101727417 0.7041878228768521 0.10521905090492067 0.0569168775698734 0.7877896253464032 0.629467241304402 0.7232782244372621 0.743301175008281 0.9755029009878153
0.4385710454569832 0.4080985549042728 0.7179113080998337 0.6459725553521878 0.69082551581808 0.7160910013680452 0.47819590238163734 0.5092529197074065 0.8931249467649358 0.7595363266189042
0.061293677768641475 0.9303955986636628 0.11039603068959314 0.7816161181113876 0.6887047178320604 0.6657815133963323 0.47779656677929194 0.8534917288556175 0.6698890041134606 0.6408279773731452
0.9777161064522555 0.2686579815688541 0.54162954723333 0.04009754389650333 0.7674979050133188 0.6092104711690381 0.85847362600288 0.5208744774031454 0.5479026011854249 0.38933125478103325
0.2692926321887791 0.9325631634972191 0.9476863299386955 0.643210482269713 0.5159772622917058 0.5268027169952185 0.6662668370718707 0.8177861454056309 0.7725113864658223 0.27698023928023574
0.16430306499301528 0.8550982855276222 0.30614475421935583 0.5908650432656027 0.021115560115050336 0.40471742977142344 0.787110902529108 0.3963743683941807 0.6882256764305239 0.6936221385723533
0.6993134363690938 0.30802122562795675 0.2598942103156887 0.6990633487120935 0.21163031562249457 0.3403828560869494 0.05439101354148579 0.9193683954315721 0.557962457259653 0.4249684464343465
0.2538285896172464 0.2183008727371315 0.44387922167417915 0.8081530767534898 0.5857449064792473 0.9305070318340708 0.24869040416841992 0.2603844223586662 0.046221450788831886 0.6587431523688588
0.8240004086292442 0.9106572396503242 0.9621746624384572 0.9679927399649647 0.5032772775862469 0.4352904176439667 0.2695601169068843 0.4872458970719151 0.531695328451947 0.2763299124789883
0.7445807324787405 0.7666280324882182 0.5014873561675774 0.5424399901884541 0.06659130442689365 0.6057285358571697 0.5352682341258923 0.2539346597658624 0.014243880309924406 0.468394188429365
0.8982688709160845 0.6336398069085392 0.8005195202768081 0.029916627314915734 0.4401455951589276 0.21656575435980507 0.5376438453535076 0.8644565328876674 0.7680070220189231 0.6539090473565355
0.08948525811745667 0.7737117521389197 0.33452666376683604 0.22069152014073845 0.1168861517714338 0.2822505164699317 0.6884863539273476 0.20138323284248494 0.9504792971464139 0.3805949908177342
0.9798218722978945 0.5241454654262734 0.03589282480886247 0.6840543041042592 0.4372190295473737 0.2418689776859675 0.08784903801798927 0.7934704803251672 0.9435348223136594 0.7169712361782995
0.762513673592581 0.7934546744020784 0.02279483287372175 0.6569560735420806 0.6115537529504761 0.5043550407276085 0.5222446278444365 0.4690280327843689 0.31671422210671263 0.3161120211831263
0.023909642096396566 0.7545925615118384 0.7203242450090864 0.17532025378139637 0.5523443508830559 0.1482624077570882 0.9649964930019519 0.5712311465730109 0.4587281503590761 0.12102982137936114
0.1348837861851253 0.17209339421985703 0.4561922245801816 0.813552827356027 0.15120900163146178 0.10014368944209073 0.6572375538469252 0.443043295433208 0.31638626884408805 0.7017230519108187
0.121331722579743 0.33603327955380735 0.8239021426179228 0.06840875193543239 0.8592479471300988 0.1793354366299652 0.7552278813696873 0.4957161063545521 0.46043658136185084 0.6528021101852064
0.5703851549815154 0.5278376498189673 0.5106961528911356 0.2100270424498255 0.8653885778526217 0.23005216737442113 0.7496372140113956 0.4069223771515159 0.21764122811293585 0.8548495058538033
0.48090891222702037 0.8431431544203408 0.26945954089238244 0.12348158467665238 0.09288492775349488 0.47761992687073374 0.8102564950369705 0.9315634554616175 0.6734818571803097 0.8069999007249191
0.509513034020782 0.4055134605064711 0.6100096460665083 0.1545854753952507 0.12551958700944033 0.8860339380239284 0.7534303779546171 0.1073984246193449 0.4689707012544674 0.595499894736883
0.1961280320015265 0.9602870250474769 0.13584787587264868 0.4580353720693946 0.9632688288205917 0.8785322537211534 0.04062668793336255 0.7842226209458685 0.9500577507719545 0.374198682928235
0.07869645981395468 0.3068023971192947 0.2506740436066561 0.6065142007410732 0.8259817223086876 0.3593883298734921 0.6193944478671313 0.9628522941047493 0.044106562844990926 0.8271318537854675
0.180389820847476 0.3544292326777527 0.9010446586973698 0.8664389356722432 0.6599075458320539 0.6696180228882855 0.24004902366653547 0.29025291585886337 0.35302805891178124 0.8678194213967296
0.93375731619269 0.9460830738915301 0.7569111006910225 0.2681202428542049 0.34571980500687804 0.37587144912543924 0.3034234023481889 0.6895072412515026 0.18819932981481624 0.5399550493567385
0.9062660968287567 0.23319490626738948 0.6129431022411423 0.41179503299929 0.10119722133168008 0.6626636470426314 0.20072888534397193 0.8058073515204255 0.40267022014112086 0.5332947461152238
0.6258387812137306 0.887544756962651 0.1261873160628012 0.45102683289427403 0.1632158088507294 0.4336432311175402 0.3328915553242383 0.09824825044309027 0.8789101785567649 0.05836007144047228
0.7413996224876596 0.9551782022016372 0.2985231429364983 0.3041955227574694 0.421602373773999 0.9662792166799791 0.5837086144470838 0.7060029615613925 0.8361381547285904 0.7537818292083578
0.7633935987423123 0.6811576931947357 0.32746925679906536 0.36419250527420544 0.3642307181498943 0.3727676265752644 0.4619693488348575 0.9486933239691 0.8638969188814369 0.3785737841988871
0.7371557876746067 0.22463279287625415 0.7512049088410538 0.6351021792482191 0.03417725931010074 0.04284474633483948 0.6185945627056418 0.5947932223148248 0.8548942137020595 0.8943221604555809
0.6354235269368581 0.23324815312465108 0.821365571860217 0.7298116222771472 0.9545781141391115 0.3543967993556577 0.13528202122950028 0.03718299621342547 0.09027626551931167 0.12330447353814156
0.6958629210712904 0.7239682686046898 0.07153707098119666 0.7495001460966212 0.35695996635895866 0.9862523839545932 0.22364171746072226 0.7681220304379898 0.3675877521327421 0.010137859367870372
0.7590131535194584 0.4218408167476295 0.3848277352632583 0.04829437482387233 0.9692931423210143 0.2334348607128579 0.5740287161264118 0.14164325374031095 0.7019964709792446 0.9770554184317116
0.2184533819579395 0.515015977793917 0.9779744565083153 0.90563469647639 0.9489972477786787 0.46566498142019763 0.06002051228789329 0.2725528361916747 0.1743328441107227 0.3847937212956811
0.018303064866273422 0.8975945964236667 0.5428082332399445 0.4048126959128334 0.8549117839675436 0.7703900101039834 0.299655960405548 0.048816494718361914 0.5476554254199498 0.45894817085419426
0.2165451113147816 0.1738162309670972 0.952350487939943 0.396556233065817 0.36523486536055505 0.4455512464984547 0.36319195799316384 0.9572308103742898 0.38306591920410016 0.5602422948556743
0.6723985910484522 0.5980725822964812 0.0352513564803949 0.4374377020102972 0.49317719587971587 0.24628870616823917 0.8174060077844434 0.6481437349838801 0.3141512991010279 0.5393124158662368
0.061479415116039715 0.4137182383934478 0.7387517689296232 0.48836239222605615 0.509234287663058 0.6135468040199112 0.12966833939344757 0.6289493461280439 0.5996389469212612 0.37330931049727434
0.5263120799798919 0.7462507538794139 0.7800186341762959 0.9706832482726409 0.5323413699903623 0.8189389268390884 0.9955371840492638 0.9916207066391306 0.9806543598485051 0.9119619275597698
0.13755730511941766 0.8978731486986906 0.5748535844473133 0.36694023487959304 0.6386539565396755 0.42522873778385184 0.37903901497521897 0.7882571627901274 0.5905321409363835 0.5219650446922517
0.9818879271088465 0.003583710015646391 0.7308269844667388 0.8583096015880459 0.39633163255287795 0.38949412347851853 0.3957400658815755 0.2902393231934528 0.2727399504129596 0.6959913069536852
0.06769359946457965 0.04473946450116484 0.8013769372124522 0.7781756771729098 0.46065903986164747 0.8086812617077168 0.7589918559968828 0.4489555392001995 0.18054503974981906 0.34976701907909424
0.5147618778409933 0.003610433278778191 0.8740047037979635 0.7755299238387398 0.4524037882873334 0.8351832976109413 0.4362495558940481 0.045165335373729576 0.1881241758486144 0.9590915780879576
0.28693406938349897 0.8890092884769538 0.16817863179760173 0.1960109113844989 0.9429006726321097 0.8617687412025328 0.7151624464084676 0.22399976843110614 0.11755245882176124 0.8581476100804319
0.3587565670791215 0.703996669660643 0.35884673219999785 0.053301304292380336 0.3345043059422059 0.20723669885761742 0.8013796654419927 0.8955915774546115 0.46329574830859377 0.7287969660045037
0.9527581017412198 0.475403075784788 0.23458859972665014 0.15839560334422587 0.5604322187810491 0.32132112690676196 0.8079952158972845 0.19773255960846536 0.5123881777260159 0.433760288117215
0.8207180511354368 0.863074598630975 0.41357731524428265 0.15617161874260488 0.34241628044369543 0.8924507802167121 0.9496845177682139 0.30524588283437015 0.05443862285355894 0.08873943565960107
0.40081512657246776 0.8340692404315951 0.7469588415935158 0.8730903866711488 0.6999063296416627 0.18597641978318935 0.5254016457094173 0.09754197599493364 0.2441455017125178 0.41188611444026857
0.696648617357734 0.47135494333653116 0.2624044765176683 0.0701918997076012 0.16586526623261455 0.7925002071957274 0.9176754539440619 0.9058212497316499 0.31639168039759247 0.5439013125448247
0.48072050389685983 0.313864410135719 0.7679912015268859 0.3134464939951356 0.8496236202229872 0.6332135839621283 0.11285259720222829 0.9274492092730081 0.4096604821784573 0.38694223833428365
0.7140932557088476 0.14915018473104247 0.7288778089225315 0.6886935161441121 0.9181122611938797 0.2870182299298294 0.8670005503199799 0.16813526436544834 0.5799935939525408 0.08202062168595681
0.13876229231960913 0.9335789458378745 0.6302618125440488 0.7986986069395342 0.017479783167014817 0.2861482407678273 0.5216433401491597 0.5317970845586144 0.4906704906203785 0.12742233039960993
0.7860888474942097 0.35836187003007347 0.586736962432278 0.261268136975348 0.6051633824632319 0.11463185728802217 0.9802199348407322 0.08061464968924181 0.2510121535022597 0.25771768826555586
0.5528475519064232 0.4512114918941561 0.4904621986638016 0.48397235885622625 0.5385852074897829 0.9569530505353236 0.5614211655577203 0.5191232152914804 0.4131169129874458 0.055138600951624483
0.12858607142182 0.769649236095694 0.0016655323051858462 0.1050778293925747 0.704576625856049 0.33055105537032314 0.37378615796868686 0.6797401457615889 0.382959019542356 0.18157580033404497
0.9697429578575354 0.04768547333532802 0.3712282919977784 0.27212215032427145 0.06030684853563639 0.22130302566463622 0.734667643959478 0.5944659815735044 0.08028762000815803 0.5074237829008822
0.9661064068708413 0.27561005513996795 0.5958407953505107 0.06766139416833938 0.4819480430990659 0.1799762937965239 0.6665661546974103 0.59837537224294 0.9114428424370249 0.5083223137561911
0.14564118852654473 0.8739392050608483 0.09403030191120765 0.40267851570836455 0.024709619387934922 0.5620357712748011 0.028678235700142052 0.6227658870770709 0.2749713372227147 0.4159904276849242
0.6294974037036368 0.9462690498946639 0.761897091497529 0.676692447614234 0.03351149846343837 0.06350227767654526 0.7182172705125756 0.275443392608018 0.3793144043539912 0.38642158274839655
0.9483113543001458 0.2191109655591147 0.42944784779047007 0.37259886365239614 0.40685042560386353 0.36025533031793366 0.14468430825041556 0.6766887771762513 0.045522592760519065 0.6074344136412406
0.3350015823147794 0.6850828833076977 0.8538966234084834 0.5146833779151616 0.8098868506167394 0.7638597918021877 0.8339568152547404 0.10420266816469659 0.029709892873633015 0.8558038604116971
0.24256778850753125 0.7225784070040658 0.12025640950491379 0.8991793810299376 0.8121048416858899 0.7083973039012161 0.2541140592710217 0.9091110085755063 0.816712337839488 0.6579078955999467
0.8254554532766165 0.4618352728246653 0.7901282684732459 0.11541883110762174 0.5488639714678969 0.7527520973986244 0.420740851618428 0.5864138172745523 0.5981994264817412 0.36111969033426305
0.6505186905084301 0.873902151994176 0.16810270698445318 0.3473993279944452 0.2866829135574753 0.872312403656411 0.388589770528324 0.33367161735294515 0.49846641919365997 0.11827677424789595
0.35228691654791977 0.7732092593443175 0.41603163704680457 0.593941299023141 0.12421098950220599 0.7022056513958781 0.6745948946990789 0.5059778013995309 0.9955996082096354 0.8848225044516663
0.15403211453870524 0.022260955651529413 0.9161480924525331 0.4121341412450561 0.35271705390607466 0.23821415568187032 0.9931114023398366 0.4962096491498733 0.8040697777977853 0.9661161984444706
0.18108080678913097 0.41248854959270775 0.6952699043276257 0.2932000755198255 0.8028467210640653 0.28676961172432636 0.3798152713472829 0.23816430831165503 0.3396106482386976 0.697546298058188
0.7890837219347746 0.25075629114588527 0.007910753581623853 0.8700867099378214 0.8427818938247854 0.7453758433957411 9.770408401752473E-4 0.5755696387016694 0.8341417282994971 0.3371870918447427
0.9138339366014692 0.7167527057737905 0.42295174019174897 0.9580144805656775 0.7943191461209499 0.9810623697263321 0.30798689595106654 0.5693394871550203 0.46628994779816424 0.872659878419701
0.8701271881059838 0.7610020590160042 0.2566389318325658 0.8969510065475905 0.07843202792882353 0.12675086179640216 0.024343243718121355 0.6641718055870349 0.7336635559276935 0.9415752797571547
0.437622549169538 0.20309647179021784 0.6872291271291 0.3307909764728141 0.7743830117566884 0.8315775386117414 0.018239344700237026 0.8171399373617818 0.13147563080633562 0.517542595016939
0.277354670815786 0.8597051986076987 0.8198990982497321 0.7822359631902822 0.8133204950732281 0.7572293389178055 0.8959290496848966 0.8469077018161916 0.8865666941335792 0.07846467360099452
0.23225659603575455 0.9048162472620004 0.7439745276167578 0.6034728983119166 0.26857138418709847 0.11232553089856001 0.07989024583934079 0.6123298363761295 0.5976251974245832 0.13604071340751345
0.34069122846235345 0.24148122551810502 0.8406642794472562 0.8673416470708749 0.14368724675046762 0.5430336369083077 0.8452196606525411 0.22133638745115292 0.6758657710712022 0.8285540193899126
0.0985968982850085 0.7741717601008365 0.3139670384542236 0.8564906783367261 0.39200738400142887 0.36080164259353464 0.8646008243065417 0.431116927168789 0.1931358824816619 0.6547280651870878
0.7615939880530659 0.020938395482839822 0.8890396815303868 0.18189379588151267 0.2774836344682955 0.07579359725086132 0.046626935923967494 0.1828198436842453 0.3070481906207496 0.8244165841360215
0.10456280675203089 0.23024438181540363 0.5629944899058245 0.46801943860178474 0.45830423427156264 0.5339348048762613 0.08739585121108329 0.8504917591060209 0.7290649084199987 0.42000787794434913
0.8272029060441581 0.8821028737777309 0.11786421225630617 0.5590070423691753 0.6481250975214761 0.22113207770886523 0.137415419244716 0.13515062960144486 0.5684074849541625 0.9766407703055335
0.6874594638831646 0.29857812314953314 0.1825040956257934 0.48563976117102226 0.39325289034116584 0.9230857858824054 0.21437588415955533 0.5391941130515308 0.362269552510035 0.9037575926614628
0.8911170783176273 0.7845465494527907 0.030777630664439393 0.97206067364443 0.3598413480001261 0.41413007334090124 0.5698046523406779 0.28038895946327036 0.6842350616209549 0.6673789804147082
0.39910538030368836 0.8137030251260653 0.05191154334007453 0.11753693233780504 0.7180982446134409 0.02282742046480235 0.6996772240877367 0.1931995578191642 0.604338250230387 0.9421319122700241
0.7210464584146311 0.8931180666021907 0.15294539351697223 0.45373582989069283 0.35881918054704554 0.19282992108817454 0.3345092989325559 0.29104015352704504 0.605261263066065 0.21297087963887373
0.7343425941476095 0.8363048525957779 0.9334046390153419 0.8216624910914354 0.10255670285937313 0.7601538450570754 0.7652106283919227 0.9771577143691931 0.6922855312751255 0.07530366331676219
0.8458163222551935 0.7819667719408419 0.6924841518781457 0.23247586406224963 0.03781057541995547 0.9159740864484688 0.6720809572983549 0.4733676763788037 0.17546281405541286 0.8435964030859757
0.8438634043163258 0.7737191526301374 0.5260541645680649 0.94882119140318 0.1293291250149312 0.358929049042915 0.09393724897281108 0.5420034918640375 0.45983549122951084 0.9553362051386382
0.47267734137288386 0.503588509798825 0.48473270791517453 0.6521966590796808 0.20160428954170506 0.18246614943537331 0.8737665417210193 0.49255109659222307 0.6153310788819685 0.05045299402580583
0.6988887702842326 0.6855916499324798 0.988271495955893 0.5294359167202629 0.9597148158115257 0.6388000949612862 0.3709160800391552 0.3540010557950699 0.17721974217425474 0.8450448342737777
0.8906015545809736 0.8099107126954774 0.12186492413492689 0.0279872172460488 0.4467364561295387 0.19757939834659632 0.1652000136847651 0.8485619822624543 0.6689212989383723 0.9097402822389169
0.4480856048920888 0.9059610927117462 0.7261284732502723 0.5837812626397472 0.04403400675547009 0.7284636205818572 0.07608417578346693 0.891769768430254 0.5627672385043195 0.9426191428392515
0.5262203879928753 0.6649740942756691 0.18694221224979302 0.8337053164124827 0.04104194835814012 0.21472803631860649 0.9640955672557657 0.06604544888844521 0.5754803509223396 0.9077750290574109
0.2862114454141441 0.41868473714284804 0.8397822968907341 0.28176673814361486 0.8809174352881305 0.010088786005064687 0.3087077061347234 0.24538021138852384 0.3111654126104474 0.6349418846555492
0.9762882946882517 0.19755672466920537 0.9343553366118734 0.5167863826550567 0.3271246878302674 0.2216546786919361 0.5072120584737688 0.9921585342217506 0.7461761889257764 0.8628476659565449
0.13932648963974448 0.3850407262327735 0.12122434137262161 0.3808883715644532 0.09612371933734298 0.6048633587974828 0.7056675464343465 0.7853972999709514 0.03112318865390995 0.8069544893392986
0.4040310066695437 0.40712524871783473 0.5877064105158103 0.7912486718974511 0.5185522457463171 0.23617670134049196 0.9522102326689064 0.6832308603243378 0.6524297799415251 0.7669711483781847
0.8630146979720572 0.8405055157088884 0.9037983086442203 0.6297575490767747 0.784396115046458 0.8590446580617679 0.7042209266352559 0.8597870697208038 0.43926804237421535 0.015082826455479204
0.6564650748239012 0.25778774832276297 0.6615336774668444 0.4717912686831177 0.508555758405934 0.9291738065848822 0.5766251927280821 0.10427727701401912 0.964575809775484 0.7544618543246977
0.447907187284336 0.8521189705035894 0.37741002888171404 0.23965452508879548 0.13697258464674444 0.09555989387228547 0.49460595892030657 0.922892169405217 0.01746134070570793 0.6696513942922508
0.33575124937559353 0.27246115033515594 0.3548833278932496 0.7800457876604617 0.9682435180869856 0.8012871921027561 0.6190290688629647 0.2648060352982957 0.418055971807452 0.9443311463758031
0.9309027159063611 0.3585131912021401 0.20307748749559107 0.09784313279212498 0.8627139546930894 0.358115377920487 0.0088336411672153 0.10322072598923793 0.10731670038421315 0.3643779729538913
0.8398708718825137 0.37325539101818483 0.11258383222214419 0.5784565121787771 0.5748128040115406 0.8048408434726858 0.6365595691097075 0.4700301401543905 0.2290744398041613 0.5997557163081008
0.32083150282640915 0.5015957954246409 0.38644631257789763 0.12392222306813216 0.8024169497174978 0.9929382238806074 0.19923733967361945 0.9755815528133194 0.5885591177161418 0.1404547886264006
0.07639158667992296 0.5041155452565144 0.9041804744439557 0.16792809758495175 0.6799710165364116 0.12378371422984369 0.988342272973354 0.07850343207021426 0.13262223769179615 0.9004332149027701
0.8639104744291217 0.5020423224765594 0.4021226388982022 0.05427880739156776 0.4337302546304812 0.6876870995949389 0.6738272285442242 0.21813890054114982 0.8669626586324255 0.7783863105502878
0.14781415923561192 0.5180524094242108 0.6308383832637895 0.12229351855327997 0.1047540006996528 0.8019909931120117 0.1959354216026601 0.5253676444957662 0.27300338886634323 0.632419379601711
0.3971890371494299 0.030165799736668886 0.499151555764776 0.9797463895063442 0.6681935488994801 0.01773445040929944 0.4752232927661718 0.90624769077223 0.8829574450170167 0.17266809344750222
0.8079700195655098 0.9138308013832975 0.33712501656097404 0.12581966172986847 0.029155788151453033 0.0440516921090488 0.47977841766670315 0.39480976577889504 0.2404727135954059 0.26508162953852354
0.3672869439872203 0.5793969436621571 0.9626961704583145 0.15786144882382858 0.4522705043654067 0.6369346187361633 0.4159170604969934 0.42247022268679013 0.24359689744548108 0.4625546322201093
0.8961646666040199 0.26577397373996947 0.5774335570236412 0.9293812792281874 0.1334607135654745 0.30270889783499855 0.7247258792384239 0.005994045749813992 0.5173210528971598 0.2060931230234082
0.3270762402226699 0.5615209303855817 0.8579488569546526 0.9736498912863604 0.20084911778463777 0.9931584858123188 0.9148388300315753 0.3459639039133665 0.37842925402660266 0.86657896471924
0.2692392975425152 0.605381878222179 0.36591131402780097 0.34659877119510785 0.2428951234986677 0.7134076761777455 0.4881013515415341 0.3136463078930871 0.47272118337764246 0.5029304177887097
0.364561900630222 0.7109821211217446 0.4395325261815193 0.4316646433361885 0.014533374263960508 0.8482871490867991 0.718684051620251 0.2244688482546342 0.8239173344455591 0.09915022397783646
0.9714491632241851 0.5847495416808054 0.6241073797299935 0.6731489533821928 0.7281930185473002 0.03894550487888471 0.430306030880506 0.9176328382362422 0.8278732331924857 0.89312707959977
0.9660667476092816 0.9099812909833714 0.9731267176779242 0.2270338372084174 0.9611525657594754 0.9380232908909021 0.23617837267488606 0.8284131618936548 0.3514034819383871 0.8344695300676789
0.5080339997542926 0.9793114102043787 0.9321573120956143 0.030622004015375626 0.8218957630636629 0.04600831002868455 0.7208691991345604 0.62528978651652 0.20146579946848686 0.8955742690587183
0.2699276828967657 0.7267543477002386 0.18577967684223318 0.26456945457780245 0.43726572891201365 0.81879118477368 0.46443821992339795 0.3391926446491097 0.6702173485753866 0.9261690468429754
0.1205824342729126 0.9712263394303781 0.6871718996980234 0.9107119795423909 0.8236833961804259 0.1504146657587485 0.5519294734311676 0.31592340279161346 0.9401949984243974 0.581448766175513
0.5272625027261899 0.7963355404147165 0.9373441069256 0.47252383894205097 0.767040526039877 0.3171616243709605 0.6438096935232978 0.9324711045042917 0.8603758946454725 0.9904924585718592
0.9007683901330942 0.6947568653052764 0.4766007154677582 0.6261924324351462 0.8877609839963776 0.2391799617598036 0.8764862104705882 0.8188152023320531 0.9400607203536251 0.7658879797661886
0.8529672430665515 0.66627215051894 0.9877008662430505 0.8913716982506047 0.7437368925815526 0.02165148382710136 0.8410456384282585 0.38238609148913805 0.5184268017480808 0.5164998853158018
0.4237649073623352 0.7212857187093511 0.5846911872229834 0.46204238360461103 0.711300204990596 0.8050507843998089 0.880363475240573 0.13423040605811232 0.5713852221035 0.62031986143382
0.022956440870816275 0.8791718946258811 0.9229116677467657 0.3080337172463329 0.7731282233564907 0.9374116469025007 0.6304067873430486 0.6338342550763069 0.8353379447746025 0.8786937461919854
0.33361640842238816 0.51415140015463 0.06676642614901207 0.06325256805558932 0.9751631543892788 0.9129497187494551 0.49467909298781076 0.6013420128058115 0.13397650721187504 0.12039589459525568
0.15275945692010162 0.8696279793681081 0.39816786155951733 0.15224711266740953 0.6385435351390779 0.7612315994705957 0.9182500576744561 0.7675493168520686 0.4669366750009172 0.49562635270533895
0.970077853200423 0.39227375224325334 0.7488960967074124 0.9952549519705247 0.8266117859791312 0.05780872916290136 0.45971414354362605 0.5476469511503633 0.4885851703435583 0.3157632556087159
0.5779383045164863 0.7149812400961335 0.8563798019691373 0.9743275295905455 0.673816262079699 0.22745253231606977 0.7388929881986237 0.41647503433466004 0.10525513374882867 0.9024641313920745
0.6899050582998704 0.20657951501230254 0.8396364179180767 0.4685839463718159 0.03843254134803509 0.6695595365480147 0.06142880674447471 0.541364649259145 0.63677972510046 0.1354520039578927
0.14839331552485846 0.8975426401915405 0.7884768106795648 0.5823557576974657 0.3032764163470746 0.6247950467236343 0.5380204082124271 0.4819742756403599 0.11323858876900528 0.6861475744937352
0.005307699185239545 0.7545271356141519 0.5758669879951831 0.9312903312669095 0.7298830964584568 0.8735873319301553 0.6784727500564793 0.6114728261503933 0.053592369497541315 0.3264419204365845
0.4464749693885669 0.010313275170750646 0.41496532641045936 0.8318616036954849 0.48702493967628113 0.8897716747301875 0.05462565655561824 0.9447046054326166 0.4456256352673825 0.06869952441961558
0.038252397955889084 0.935568600808527 0.46635329841280726 0.6007941681593131 0.6920941016126808 0.1237443528254839 0.7003892694741927 0.6994487821763758 0.5157637177273613 0.16301270255750633
0.14292192593689046 0.768903675992603 0.38801843902090705 0.13236684419455602 0.595080051420926 0.6442685383116709 0.41345538098821843 0.6675296465577771 0.34541073393988353 0.41739914950687207
0.07153053649044416 0.7841758844385883 0.24451598013952947 0.03127638805864952 0.4240353596117288 0.4900576223292613 0.20681450670043644 0.1624491857049617 0.013140942255999044 0.7607705555727617
0.8149960238087367 0.7792673889215027 0.7393476675168905 0.9626874605781652 0.6255873513884591 0.16304420466051006 0.4471534794318588 0.3466249124489782 0.9781510142002166 0.10995255106362123
0.16598143161426826 0.8070979212078689 0.5959887986418542 0.4933728149401788 0.9548830931428985 0.704555770801534 0.032823989648787855 0.3595747389404288 0.08176147059283467 0.18178277226259054
0.06778780277573682 0.2540288627978732 0.831333129942097 0.07068515502454786 0.48013693067305707 0.5313083848765278 0.5807763766564685 0.1819753424537519 0.24548093941263172 0.9884552473282704
0.9079882923550189 0.4978037681965515 0.08689946519129632 0.2798490017795665 0.40460047157308343 0.5461771575162605 0.48718099773929724 0.2210308110096768 0.5543796790297852 0.026041478063911216
0.7225164055025305 0.26959896274568873 0.5073659525200052 0.5731969614428261 0.213332227925764 0.18320654428571959 0.8310779819696339 0.4097512038502318 0.5045497908351984 0.09785575081581277
0.35234117440547685 0.5036060250383679 0.48540846326398246 0.044097421066477405 0.016771124666723813 0.7795123540656029 0.03809214117116577 0.22440879646031242 0.2876716896237145 0.8695164228222435
0.16475047441921153 0.2119358579293945 0.9820827031869286 0.8681603566450332 0.7841069910282267 0.5989513668216683 0.59894020799023 0.56658814346745 0.8116987082963185 0.5227934640778691
0.13278731285859458 0.6797481261161258 0.8418928352141624 0.9277135870397585 0.08620137510852621 0.6521715434411752 0.7351776571554142 0.3829770375849604 0.895079144966753 0.730345927168955
0.6808270097209138 0.7707229161283262 0.26314820991771415 0.12349128470733461 0.8528881371388616 0.18150500559352567 0.9655500925679522 0.23958594871477634 0.6065455280132269 0.9110982992883236
0.5260659432099665 0.17977803518746938 0.27226380380047166 0.5390708823984224 0.798533518859203 0.9018576976292393 0.9967151798134881 0.6877842967749287 0.8902297178877453 0.7222541547970286
0.7523479230286007 0.20989965250944187 0.053470024073749456 0.11606060822312403 0.5915542181109158 0.23313137395103223 0.14140257075255336 0.09587962340167155 0.45674704532892874 0.7029034663560965
0.9749513717877386 0.8028198201740769 0.37425782973811506 0.8067286302922474 0.5000894040865069 0.3267645452693203 0.657817311285994 0.9385430251195033 0.9280990372703725 0.18807187113965584
0.8264846034844522 0.6668952637349503 0.14620400011782841 0.359154314999244 0.3022401181256441 0.5078006325705534 0.5619333375959392 0.18192605561948227 0.5940602879468052 0.1712369214725329
0.2018045109600769 0.04589384655913187 0.5981431061654803 0.3496714319606429 0.3233895390950824 0.23170792061533096 0.8480551946481771 0.04767324104195636 0.019554201444731634 0.8962769876643395
0.0339228747004906 0.9135788579982144 0.2946373414479576 0.7780913872644316 0.8763910990404736 0.027342933971465477 0.8745636150444261 0.8351875583831669 0.48892546806733295 0.1231207847044884
0.5763596348077393 0.6932251121780449 0.6911345984189596 0.28079238055542133 0.4072701430943231 0.4774380691471297 0.34614122769897926 0.7075523470275643 0.6896470857193175 0.32976001724484505
0.6866323397804418 0.34885431899511365 0.4150116070931835 0.6712123856867255 0.7670698348463454 0.7174119095576913 0.7191647089919666 0.059683907104970735 0.633645113905595 0.5096227390325416
0.8399498864456861 0.31451876115010735 0.5389122515373257 0.2906963613885659 0.1702466013112196 0.43186933564448016 0.5446364447643146 0.7729300641271228 0.051000866151421076 0.6985592868583318
0.15424525778998788 0.9859919198948119 0.7625751949144021 0.3272411995096145 0.1953725140623236 0.9437330973807712 0.767427012473596 0.8819221894051684 0.033335553420667186 0.2489667938338539
0.6331011996644808 0.74047028704583 0.33798907237965536 0.44581404622929843 0.2217487989388176 0.8495029883022391 0.049248861693394375 0.8286319108940813 0.6708605992972617 0.06709873166978242
0.8906821245651778 0.8472024827073933 0.4096311491399518 0.4600610387350229 0.7659109658984954 0.20977599304228967 0.9563446690109152 0.025004082366962388 0.6391782867069405 0.27872500879054884
0.5244014390683926 0.43631755558687635 0.04927655569104905 0.37798102833010294 0.5280797750536358 0.5891078285644555 0.2351411627582537 0.18708834206015923 0.9238548156658116 0.9015013080204832
0.9617622703846609 0.4836248322942963 0.9490725733011258 0.5682349505104957 0.526670062822375 0.11390264334922251 0.22700357548739059 0.2162484309511702 0.10010012150504166 0.22127650174156344
0.39577747923841944 0.7030304590701545 0.5060472398123608 0.4420507643619668 0.3884265464311276 0.11976238623930657 0.786767540237817 0.9908911187765221 0.2422420784917999 0.41383939921128843
0.4098899143348914 0.30081008046264357 0.8478748513467689 0.42914051248564977 0.775150403438412 0.15721026037214036 0.3620871938631357 0.5774563928487951 0.7568632570640479 0.07113298150757752
0.10279024234811496 0.8007733229167204 0.37859529128901737 0.9737740380420276 0.6209776579919967 0.9616513219811701 0.35811085922417096 0.18249233573842938 0.3013923026858689 0.3077226847702652
0.18350687578506308 0.9879514985852557 0.2822400233101382 0.19637671369735554 0.5855584059623615 0.14269812627062928 0.7039907422576768 0.8369854345486644 0.7566472966332367 0.9933950881114113
0.29828345957939073 0.4105639122756096 0.43324755261633285 0.9920914485350695 0.11017901655730333 0.5605483464835035 0.006793252380117187 0.8463257942497063 0.7104801675350902 0.9134135626994856
0.15685548769017454 0.6235223438784938 0.5995656516017858 0.9841410011285863 0.1109073429784958 0.7120551232352672 0.6301615365743454 0.5490872747458128 0.526556891971095 0.6595174565149976
0.18369918426354204 0.3275924639740263 0.16497969708426008 0.5581501169944947 0.5233862483514057 0.6037061335307987 0.978384515207182 0.8280439517811733 0.2168434805258881 0.24069843275740554
0.9696964426426531 0.9606476935824849 0.7721365914723306 0.3935627096023072 0.19924446138105745 0.02827580954718356 0.6632592144290697 0.10850469630941029 0.6110908975945935 0.5397244788415024
0.7345992860087723 0.9134528379614617 0.930742500857016 0.5277689530880413 0.5686480094549423 0.44991348165354694 0.7463341063170905 0.5912286287003308 0.7771869265608777 0.17403297718601873
0.026977686701036285 0.9824510515958935 0.33341533059120965 0.16351876316534586 0.7548206358813467 0.7304794896085274 9.566033594433643E-4 0.10710993212872422 0.051459511494867605 0.2208328962218471
0.6354087703843848 0.6245768348391743 0.1647060863792258 0.6147418274934063 0.6350814897623656 0.16776890782528864 0.9483049042953259 0.9838467631450362 0.09978721372535782 0.8870182716221309
0.015052564677805025 0.06078039077738884 0.32003214190003193 0.012246104390488233 0.5728710581908382 0.06171886472314647 0.06367805366795387 0.4944078863369462 0.06373819587308172 0.12390142608483734
0.7531233658799229 0.8804523346270899 0.11698082769062679 0.5192815331900968 0.033277950474948415 0.6537584430749145 0.0012871527705496932 0.954887217649815 0.41908304812778086 0.5620535686523016
0.7138964852328965 0.9511316642603834 0.6810538666076673 0.7761048006360038 0.0807763745212633 0.5012299933824069 0.37829939287148373 0.07501511823444484 0.7581982854747708 0.958041534492367
0.4807003243390543 0.6377444480628481 0.8239750002556885 0.36907130585794734 0.33540237374911264 0.43551522358352013 0.725724036432275 0.2860284378136225 0.32750935793601443 0.6660508450754474
0.7138732178351822 0.4122532833408522 0.4608361341199929 0.14813461372733017 0.5287260739790487 0.31948908369727635 0.7418092337507841 0.10376574552011475 0.03375627789191504 0.8648879559649498
0.6880781654119427 0.29522819809760337 0.6914016674087288 0.8698053737558042 0.5031283431119126 0.05567683468311191 0.2629804403323057 0.08385089571981641 0.4591619310282795 0.35438514008281674
0.8809532302179468 0.45082750669179694 0.8127404233109914 0.6715867915272863 0.689606521518396 0.2176053828155905 0.1411587278949189 0.12288355212854707 0.5793345500793955 0.4826407527006833
0.3322472806077177 0.9694800843504092 0.15004789125861884 0.36776346373564217 0.5862754159182105 0.3780459960868253 0.9308393898101651 0.11502231665149676 0.695855505825555 0.05279394619965472
0.05588862507529413 0.059789971988539525 0.5582241278088125 0.15240228916564258 0.050688516842614884 0.6119942213587406 0.3440031999983868 0.7256993244508579 0.1180285789239166 0.08925595882507631
0.9975200903533502 0.7525654490027943 0.3297715651570423 0.48887866752434206 0.7759930888817136 0.7602986308666027 0.4283110843809903 0.06004767198702765 0.3483640644699296 0.9007275538866955
0.520699958546769 0.8432622561481666 0.5692881704486623 0.31964603438771333 0.808790098530699 0.18093726898307638 0.419765319062416 0.6276811802849968 0.6403270086022638 0.5712748817855706
0.7631263114372607 0.29049681749839684 0.5887925140177478 0.13692172333354358 0.5035618173729015 0.7962731713518942 0.9738917962645325 0.4105900177265912 0.4541098402116974 0.5296920376085072
0.2199322474298293 0.10173596871833379 0.7219933743850796 0.3841967785545741 0.7159424660466542 0.0015523877397645158 0.7014265594546013 0.27808461941241003 0.38923232556710796 0.20794664261218154
0.8274845459343355 0.9050283265926535 0.03319592175330599 0.407839290969757 0.08935832281060774 0.24591326122894908 0.5405108948581832 0.04103254139683388 0.9272929559232087 0.5964147939283496
0.5844895453465744 0.7880618950067665 0.5447334425360554 0.12353027383141124 0.9641879024711459 0.9738583646010933 0.855679844649777 0.2543186006622693 0.7829816223140913 0.15971277116745541
0.2569792287372701 0.5213897720248973 0.8656681583123517 0.4079475547845526 0.16625876071445456 0.8422256607964227 0.33575646026624206 0.4468657560373781 0.7984309347028629 0.5932022853259274
0.07245763822023465 0.2379607734630408 0.967178561114566 0.2542231768838704 0.8459905339411946 0.25303461448033937 0.7925531034386926 0.8461621260453046 0.29016865559039906 0.10578633368167445
0.07179745410547334 0.860853167051381 0.5128359637194637 0.05059659561522467 0.7277299847916926 0.8921538717017079 0.06757060527711889 0.2606483771248925 0.18750372044639363 0.7166483141532162
0.2141775490680502 0.7281872005035502 0.7642809214136645 0.14384389028510458 0.8808422869870939 0.09163974966872013 0.11533982525794506 0.5582560152837142 0.5074195075536773 0.6874722754000125
0.6323571121809166 0.7095636154747431 0.9971822065367876 0.6490851919012859 0.1830859062868465 0.9720571543515619 0.3334582973073542 0.9307040845854139 0.9683759865969771 0.990890388572105
0.02793301865138853 0.7211413738337437 0.384459119836808 0.3601857367137469 0.45899772573385655 0.8304669327418586 0.6876494423320677 0.7368324177913863 0.33137627870872144 0.28204008323161844
0.9470847631058142 0.5838556179994365 0.9423625807873197 0.5230193559680465 0.2408620527666978 0.5585238728335631 0.6753540321845983 0.37838065720447334 0.3018958106510303 0.4129007268920972
0.15796708446408336 0.11663842904281752 0.852055891573835 0.1583366132325461 0.8198731782349391 0.7698780782426262 0.6766167762709501 0.1604347085262957 0.16459426327295257 0.1563730813749017
0.08577761182043608 0.7773146503558663 0.9298490840170864 0.8909727125801012 0.7859883964649863 0.13153666393897745 0.4526428408078178 0.03661200649993279 0.34104468739311433 0.6148374913711098
0.9781444681420308 0.9497082238312575 0.34138929262928286 0.7648689345834068 0.35549730759854337 0.30287312461790494 0.11978652128395273 0.22441884504015108 0.5490601714210032 0.2302839303529196
0.3525106685646917 0.5961331528601462 0.6601782129493218 0.034220160680389355 0.1674170528697576 0.1395468600041483 0.7024335576266676 0.9156873867708125 0.4437408188538845 0.4222711111702887
0.20242805826892385 0.7477131559596576 0.8331948592934044 0.23347201034289833 0.8085013635980479 0.9968142106307682 0.6579150054946435 0.295316439477321 0.48138985895378006 0.5162987661816731
0.24802716701373284 0.5668490449406747 0.5136827339588415 0.08448056953505467 0.4700875752038478 0.22480332350786747 0.5790338958893575 0.2415468586812931 0.16737398469948195 0.7271392421020181
0.2474389990079301 0.19073526776790828 0.9839821206483581 0.7176387080631083 0.9194895224650902 0.2726395075308007 0.5769084382575943 0.9136790506734735 0.9303664004383222 0.7958773022560389
0.5337762525435147 0.5343441356147342 0.6534379132467764 0.8130185638239837 0.40858991405215084 0.27232154537926123 0.793677943463724 0.7675851786676753 0.16387694233764183 0.29057332938110514
0.7027220316058348 0.8060984886627484 0.9648058601362682 0.2335569489902264 0.47023061726187676 0.9485643864871399 0.7093430247750155 0.782812110641732 0.750330171835909 0.2414499182233245
0.8982388888061238 0.8580182839556074 0.7672543634795348 0.47911916740633365 0.44961075300046405 0.16716649871542433 0.7109093903091164 0.07286113273679151 0.8451149185407285 0.4432786072826437
0.7809388335425447 0.17105483430908475 0.5581788837393467 0.3701455461073234 0.46696480122282014 0.1896828764092401 0.05948928920925867 0.8958460030522706 0.263034456076931 0.49931682734380556
0.8209095800968534 0.3603450925262899 0.9059013122595411 0.1328633350378483 0.6462264023450517 0.6222625404867641 0.3996238179315479 0.027773069834219344 0.3456011401237935 0.15993844638547927
0.5430637384579858 0.49707912813012134 0.24032963410355956 0.9432135284197748 0.41221969384368606 0.33554532623585953 0.23548898025384635 0.7248807660834458 0.2659318621672263 0.21036889131457315
0.23027761659575197 0.2845531921282266 0.6413460635143191 0.7602964005595861 0.4493312021344077 0.07273272499550987 0.9846264295360713 0.13267544741113235 0.8730230019149092 0.6491532151352302
0.022758160561739293 0.5248789892285307 0.3207347621740734 0.28701035913260264 0.2238824353428298 0.6647030152896809 0.8983100355162976 0.12348021978942114 0.11645813798942417 0.06375269151358876
0.4593786393841186 0.27696679315603057 0.9416459622889861 0.30849553684139175 0.44996753755540475 0.4228085025700026 0.0986621487677245 0.615575222481868 0.006790251805011138 0.4217124978362131
0.10945087440792411 0.3711424147290836 0.46183280673094296 0.7289742990885797 0.3768755379239249 0.39837435395495335 0.469331405336611 0.47758016952461124 0.8397313401395766 0.25301804671506445
0.8159634550202309 0.324577753176033 0.7382320863012969 0.9337065017515284 0.6010497644927719 0.3776404004391566 0.09522696900987637 0.011961248067002161 0.8807928592165156 0.7775389618830671
0.1912536522044106 0.3362085368652762 0.05905247907628619 0.8022745656085286 0.26563608298046815 0.14480082118042747 0.2768859470832018 0.6799142335297773 0.9111866055767391 0.634948746303182
0.8040580531524345 0.6497110431215264 0.1466741373755569 0.7776336395898886 0.9679510710897753 0.19487881887416247 0.9490709762447281 0.4429835733892229 0.4687825017212168 0.7854310817681696
0.10669298381470482 0.7062614086498126 0.02476466519264653 0.9157824686017643 0.6146989865458478 0.5415259067963756 0.166816455161232 0.6993505146751657 0.4760173716602636 0.9781922986937431
0.6596647281983435 0.7911839505464906 0.6936187036102828 0.1951317045741202 0.46464896627263674 0.9496836702752793 0.44415522232386195 0.9576138737233282 0.37926928527989767 0.11977078298725607
0.9083397125817783 0.2643107596872729 0.4894948662566687 0.5223955972568538 3.740983895950123E-5 0.06474338477585606 0.35307629586694456 0.8690705931019772 0.28389638958510344 0.43196804315603843
0.39558135740393896 0.4851489473824412 0.7004437087037616 0.6309617839664917 0.3456012712390931 0.8218600663509161 0.3279254447576523 0.11008197520549823 0.6615503088493659 0.5646516849768539
0.301771126689241 0.5611376699150391 0.8097083771390889 0.3041780672342601 0.18541399215547816 0.8430256805348153 0.9416327701804047 0.526312078732305 0.5403005609102438 0.7445474683993196
0.9887920968486115 0.49884885994302974 0.17827406434264081 0.2739375259603072 0.4432514167478031 0.4851068391571438 0.5961183599328771 0.40579793228512173 0.1254648649647797 0.5984219571941396
0.38990014884912827 0.9905473169176332 0.05370771713701872 0.5265690882838532 0.025848961184151587 0.8371575253451324 0.12440751635220892 0.30143462262624865 0.20486601448352038 0.8168642201092493
0.6886095142977892 0.26680213672152475 0.19935470214933926 0.20370257285113036 0.26703850440107735 0.40590350289316435 0.9639166223746946 0.3671328260352812 0.5846960268568245 0.2304253448865441
0.5255592353933395 0.36268466159546275 0.8256581742724988 0.5039513179738877 0.14441206773157278 0.9284634857491907 0.5097156268349896 0.1753583936739922 0.0025507576502235008 0.8885255373045381
0.6747245444505606 0.031475316804060904 0.7263791013260525 0.9885432387188422 0.11201331833755723 0.7433502339529129 0.8771211775434454 0.7448456170219052 0.24691645759922964 0.17676319577990784
0.6543270947317342 0.9748335182884065 0.8824839663428946 0.06515885388343812 0.44889763334656574 0.29493247618235974 0.4316407850114844 0.4019632840969767 0.5549841845881011 0.02166098887461121
0.45154735824255965 0.19928821539530794 0.30422256730336306 0.5920555099110367 0.26363956800061605 0.5813148052334834 0.12111022895476686 0.8316076194363902 0.19380161664474393 0.5331884764740342
0.5149385071468575 0.14103307611486515 0.4993536836635105 0.010044742869083079 0.8215426015980902 0.9476063548020203 0.36301097903881474 0.5258260219576002 0.5872339923041224 0.5724582677462786
0.428698910915273 0.7878373664180283 0.8476312114056123 0.0021486756573140253 0.23008438087650762 0.4205291587196225 0.19570666876653442 0.9209897484664283 0.5199109469721037 0.330782892313476
0.4562187802211951 0.7600101182063117 0.9467009992285507 0.8070161544040608 0.987799982661761 0.4491135234163117 0.7451156301613983 0.015711254265518004 0.11932304196780097 0.02090012626442994
0.10723896260427557 0.16151143833449888 0.9937696529693264 0.20778250400615572 0.6842802114308222 0.21081749588259702 0.14067654617350167 0.6984425526646681 0.2316635852586727 0.743856636312502
0.427336226756185 0.7753394776611457 0.7552025339323637 0.19648482593410888 0.6492808852298506 0.6418929368676713 0.6420313539261852 0.48052231008213797 0.9121797260107904 0.8661301253670056
0.16719392580021075 0.7302117527863077 0.13013115515807694 0.01699870429289707 0.45526576453538004 0.7124269614164573 0.41943318864098766 0.7502122716482232 0.44611213650723236 0.2595494649491815
0.9022671488372681 0.3124089581540669 0.6648615572187576 0.9364693429663756 0.4513305539206731 0.6755674957323649 0.6284007254159412 0.03695556879261286 0.20430748635077267 0.2880396442377037
0.5341732013026749 0.9196803601562696 0.25616592591854803 0.734221504600113 0.4717909721383947 0.6404708793607135 0.7976228610300243 0.4318005731434177 0.7739443797573229 0.814901030949824
0.10972006007468194 0.8636793445204047 0.28032275457381495 0.6541248761537469 0.2473046580060817 0.7410904455031927 0.22673421303302332 0.1568922885815418 0.9483101602344748 0.9250819486278534
0.19134029287503218 0.5119766613675613 0.29108533991492314 0.8954664019512398 0.030896755695947853 0.8677834442547429 0.8886197924306327 0.049490015185444824 0.022119510686334443 0.7596973379337487
0.9563666703022766 0.1368938633820569 0.4867700943853924 0.6507651321543659 0.4194645482373297 0.69370160233098 0.02378280014512113 0.23760008605690985 0.335512042714153 0.4239834589397449
0.09773100681100266 0.40093306948766005 0.3006501969319433 0.0970096947205793 0.14015774082426613 0.9390243249788173 0.1795594107019568 0.6766207700233169 0.5087716369719556 0.5121892064097215
0.45407926476234217 0.08030592670204195 0.61923583477907 0.547980112005986 0.72051067694641 0.17739554619001852 0.31525451139494065 0.20910589074180475 0.3822624005755033 0.3789367844866005
0.07488768121583755 0.9099590090682536 0.38235405908090614 0.44623645651752175 0.9645018672852068 0.2826600172201361 0.8993908609862086 0.9507184197978027 0.34649067529770183 0.9398177551093901
0.29097564059581593 0.1546576672285631 0.22287575894855183 0.8587427936337386 0.21012610926314723 0.9505165390270893 0.7541255428460213 0.7206408628186349 0.7431163487328805 0.8960234208975976
0.9310051592476773 0.07835175831286922 0.621263241090787 0.3127973290114471 0.5969981009267762 0.7974885748617256 0.04453051559715071 0.8782370049005848 0.01981630638395071 0.8183711507131561
0.4214238216024069 0.1335559505179318 0.9927421910018419 0.9199362757685758 0.3775024804624446 0.8552602620757377 0.010022445712771888 0.8318469640832314 0.7139350778106507 0.2930286723091483
0.405260316195596 0.7373115487670072 0.6078771436286209 0.8638699194976439 0.4677293435434543 0.9366627149057221 0.23805123199667444 0.01059493100532416 0.4587581603247357 0.20053548780975272
0.1917611458734797 0.5820569404866507 0.13881278968704625 0.13152257847436033 0.4636733315883752 0.2732755609804155 0.8856290210528629 0.674474014499883 0.5920505764070075 0.37547531731695594
0.7347242794384843 0.7681476645267548 0.4947239794869672 0.32923360616775377 0.7058448638089343 0.01470580271128974 0.864941637501616 0.34834624897497757 0.5923811737128938 0.15859216425197087
0.5663330148985882 0.6876836525388672 0.9855097084561693 0.11261302999595835 0.3265805188833828 0.9652242629924718 0.6807976248799745 0.24658506063607488 0.17099054117961843 0.3166161303838869
0.7722320478999335 0.6627009699787954 0.46000850027600837 0.06003139706932825 0.6771124850599001 0.22180437933395014 0.09882334330181708 0.979742920037946 0.054972286292670924 0.15605296520670686
0.472558974766753 0.29876567913554664 0.08467028325899362 0.20598936655673394 0.9271513820186027 0.9040703451035298 0.8460215309459536 0.3538268915102446 0.16386216551691013 0.4122901035237092
0.6158118829893796 0.389797727625378 0.7444799975566472 0.21950574525215516 0.7327679565757202 0.7446992286614197 0.01461411672736812 0.7656085728694517 0.3120307353875208 0.24931336483374578
0.1440845471670129 0.861904167140754 0.4969071579471621 0.7401634667841896 0.6562660219544619 0.08003474264092703 0.12415122771713027 0.7211115471060694 0.7723436681535498 0.8809611196569787
0.6487523146645512 0.6115883300018706 0.13179035892795798 0.3746602900688285 0.9251849603149829 0.4647872555659883 0.9669771531053013 0.3443578053689337 0.9743010386578881 0.42294289695526555
0.6076796928006959 0.44352877534596435 0.17852192125169197 0.5918532575223806 0.2703449642267619 0.279565154373163 0.4427145865506342 0.4630942114344708 0.4473348479497308 0.43492113258021314
0.7341120862921716 0.48991400316649614 0.852963500152607 0.3447124838205293 0.07186600198659909 0.9315840082727359 0.8059984220172081 0.3491595171633948 0.4752940185470794 0.6210217559245714
0.13239538137041618 0.16992786182245567 0.5996133543879868 0.8817907512423656 0.15738993252888012 0.5213351521591162 0.7889267777109218 0.4231209688040507 0.12266911350717069 0.56055532101433
0.058454348650030186 0.6753829599005281 0.4121989348569489 0.4053670270319971 0.08148131839734529 0.6934873251281708 0.2993846338327244 0.0036562314465434786 0.601218375386668 0.4519705958196655
0.538592200699466 0.2257972179812039 0.8137474714004596 0.08306774656967963 0.015661301401706074 0.16920041766421723 0.17545274561927093 0.3678601647754026 0.8448914225028431 0.31372936282573094
0.776813052471163 0.5806274367011578 0.7540842691318276 0.3473534132246746 0.8941586058281671 0.6078202233702648 0.3345774957468046 0.19331642478280875 0.5819711104809321 0.11561031512677478
0.7498057907894722 0.013266339033967012 0.20053355293045383 0.4237634309538396 0.7937777476607857 0.7352040173165559 0.587211643495207 0.6586191115786301 0.769957423532283 0.9607742697602866
0.17437660156603907 0.7042511871171817 0.5213923207532984 0.9433355957616075 0.7329540852014771 0.4484213483826355 0.0845296566278827 0.6964097162666069 0.5778122028804341 0.828727479909833
0.8620159679645644 0.19152561653548428 0.009676718850846644 0.22438738381954437 0.9138749493501843 0.03513715537560791 0.4879891385495946 0.8103877391880985 0.9518115050768361 0.9762071410077889
0.5300993137076037 0.593266886347115 0.8879905671113962 0.08921512315052049 0.6144109668835881 0.9815895065074665 0.3374911250386421 0.5017598730812838 0.4285753274300861 0.9092099792642374
0.30273760861311183 0.09159191476365292 0.6485539863154197 0.7257105297032949 0.37856203590421644 0.6648251448058403 0.06034967880472519 0.2959391203092089 0.20815214368800972 0.7452412506740428
0.2434289684286972 0.009361160627881726 0.5929922172624136 0.25401383162973445 0.2233386056199147 0.6899783357525965 0.6140048471649746 0.039844168252835765 0.4707430952170454 0.7188567461444255
0.3564531964406251 0.4314137041586953 0.37508772386029443 0.03384558290422868 0.3477656966296767 0.727223252708673 0.8533182558714045 0.05485671948264004 0.615295438192323 0.8123022501812482
0.06756449753429206 0.9981148978476571 0.3501293520036184 0.8969357719254938 0.3204218323143174 0.4890763875303361 0.5234129734822636 0.7094714216766943 0.0724415109869937 0.8612544375977578
0.443258179694457 0.3434314490854239 0.6836664491523046 0.036977547471024885 0.16315362848777837 0.3585703629160084 0.9195267157582849 0.42614649980010855 0.8568983529760984 0.6661817133606412
0.4811346906055629 0.8503447553563056 0.7604306077122576 0.19087240300864616 0.8209967979691724 0.1021961432578693 0.04752632662749634 0.2941861848986276 0.28738534204247546 0.38365265731677145
0.0541922021111827 0.4698728234909556 0.20409015867119285 0.5319341869310005 0.5956807673113643 0.8762629885155386 0.8369970469194553 0.6381313773635512 0.7304055772924917 0.8581231702191247
0.32491548177846796 0.39102133735341604 0.21663717066651067 0.7285289428947483 0.559305914401872 0.2374357524638322 0.08071098800853904 0.7307089107350042 0.6860323447644067 0.2405591699588412
0.16958083519086853 0.28047594403381293 0.371993259039226 0.3388249096535795 0.2959026347717557 0.3017761095101873 0.23046013731525705 0.5606148260196813 0.6004346564791323 0.7110498058037495
0.8311795830872247 0.6337583111469254 0.05439248645952732 0.880513944588428 0.5347712588347725 0.34386500912863893 0.6034979408832937 0.21613777950632862 0.9856811542132822 0.941814546138607
0.3158132027840109 0.8229989391974574 0.473925135663674 0.8782660907733246 0.037052590401278285 0.5988710227438535 0.5330855946518963 0.151839121918796 0.4799164730418286 0.9963070985509267
0.08049931948081734 0.597656214407399 0.3780926864986257 0.1241483065423532 0.12530238006101246 0.5142275255461165 0.32092304658038684 0.8213006673271456 0.5709735893515583 0.12919581268772262
0.1513339066247975 0.828787000074662 0.9212448206080187 0.5382498161487769 0.3574806894393764 0.2104951988564434 0.7617236988698345 0.9165528668653062 0.7176591066028619 0.7287079870027621
0.7342994895917069 0.9983229073409031 0.5683861414385237 0.9674135844485959 0.347380832420487 0.04773877910715307 0.4571559736629167 0.6145603367190258 0.37223969448058736 0.8031369115827071
0.6142277924578878 0.4638330691682755 0.7642128979182822 0.1665016859256866 0.6319034036729656 0.37719222804353936 0.01723887371750288 0.7315416687186747 0.9751047125975185 0.6613316119173194
0.6111841745355703 0.5961829270306633 0.46366244028238335 0.054374283933273926 0.7436404471157073 0.2890999124787944 0.6645787475121895 0.7935398918032588 0.8513494353244626 0.054943237009942636
0.21162858599387746 0.040181747705059445 0.5211401745597056 0.18921296620901307 0.4300157382911163 0.27550492377213187 0.2662386832658522 0.5912647988371057 0.28540101740527823 0.1484413538543211
0.30103752848428056 0.21272575689206374 0.5994721524952779 0.6565719803657941 0.8858889708284482 0.6186353913361728 0.6783256710992563 0.47164958474185736 0.03321188897584171 0.4499167183498902
0.9852834613937339 0.6831906708230402 0.3671793745149251 0.17832106017404992 0.25636781437868705 0.22676824818700525 0.7114804022456506 0.17877951424984273 0.5045101849331091 0.7880516732190754
0.5431255125219665 0.8091331198278613 0.6876709108635671 0.029303880974955177 0.7949931697580248 0.8835023529715446 0.4263983790658894 0.5719601869294877 0.6157896695407287 0.6530964301878626
0.047957641016363683 0.2870769505694657 0.6033224672020441 0.16705129596538404 0.40701040501531616 0.09485259366267729 0.7154630285832093 0.6759244497692829 0.38692941822512406 0.6550873227858378
0.5329019809648272 0.5617639202553962 0.7211822857159461 0.04236226768702622 0.7987760068058224 0.13120780802811616 0.7908208044036074 0.7428821837822348 0.19247232171064688 0.491859386540203
0.35196413720817266 0.08434107565082682 0.10839315796276194 0.6472226363616898 0.7262649049674486 0.5158325786504041 0.805189361517497 0.8917713256988389 0.847699644949653 0.9917426928857686
0.6669487502191639 0.5652645136699389 0.7006260055845827 0.08172501573420798 0.47505115498647765 0.2342097069138399 0.10690096106322433 0.3282738668100682 0.5278792807909732 0.4084147801482759
0.5239558360327445 0.804074053087859 0.1653001323366472 0.9718579586573926 0.5010752979580605 0.7832201641039752 0.7558093416153295 0.6096450528362413 0.7077295223965969 0.933562681280717
0.48645657076986226 0.6466115132034997 0.9956594378814589 0.46185211620690136 0.3591468069457352 0.8781664805259888 0.7855176650913644 0.19901594957396607 0.6416396372374857 0.17026438118808873
0.17921829227697672 0.6998183072594862 0.6475438092298843 0.8329298472262724 0.5907506710007541 0.049314910446348725 0.12683243357657803 0.030549278679504854 0.36106408068359586 0.21793149040320103
0.7368797051324135 0.7821828010156684 0.7767315015445547 0.48765651575879077 0.03374689756319438 0.42643848697602227 0.14745195757783114 0.6837540157904821 0.1744222223889711 0.7779904590417293
0.11405344925143823 0.6895661148519995 0.05294523671956586 0.5866108558341079 0.15650869414636348 0.9963887679767054 0.9068232054207044 0.3246255835434182 0.3505787544750639 0.8460685380441588
0.5248739197861377 0.7749917652656187 0.7820503849521425 0.8608820674103466 0.06360484492175589 0.3697348404238413 0.6691345481691406 0.9234241550524803 0.13646644820982845 0.7372719557965692
0.16644573432747944 0.46864442821883445 0.27879304031686625 0.4571868807652084 0.028082371943802698 0.2808361674772175 0.11097134234141581 0.5923117815553286 0.792680944611137 0.35029588777676224
0.5233540559731583 0.1705090771880079 0.9199174856474713 0.33753523429925925 0.9886613337254131 0.422336758829982 0.35578227677519747 0.7173416586929335 0.6710904569615255 0.24581869269922696
0.33305410193785034 0.7306479204979065 0.3460802503294079 0.06583107622142248 0.8237532666836146 0.8590847367465211 0.27065293973711646 0.9831551127659275 0.9519530784611919 0.6552549559812418
0.05148378726190206 0.8670349166801682 0.8481817958102995 0.4111815357837806 0.2463239913802746 0.8351189704130747 0.8807479612343224 0.3280458470897576 0.9041302400436922 0.38595216069592264
0.9346742902312896 0.5622468776317936 0.5002298661075536 0.30172492174179577 0.42552606631075585 0.7659757757115895 0.7550777133567949 0.3227746264016772 0.03327250748917232 0.5149145048982287
0.6386370734644895 0.5103738346117423 0.7204202027527428 0.3213312463136344 0.45714383018189186 0.16062882726550742 0.45900970085657233 0.7677593478560478 0.29498939752317255 0.10985091691573612
0.23266814867367536 0.6646106617960595 0.24168440209423614 0.2805521258381779 0.3027619707741642 0.03448806345943545 0.7723421704875215 0.3572560761815917 0.43179526730585904 0.15662620651809378
0.3698470334749291 0.552603705436165 0.742551511033631 0.8668036232044599 0.9778494549508536 0.5267724930369142 0.15807712898891224 0.8012329417311271 0.15595626196853984 0.6570173797892428
0.9154576265362565 0.29735072865106604 0.871961014670848 0.019179916338601943 0.4754381295308334 0.220091827043137 0.7106861557899158 0.6393020127095289 0.26029193962492825 0.06914780896816763
0.9049847355570735 0.8010188934708513 0.043942322636483566 0.3408724911940787 0.0016767988477994766 0.4531959196106239 0.4911939970963669 0.26791225265856655 0.16367119047166467 0.05231194442449294
0.2970328815386184 0.7403023391063897 0.07925093446538822 0.49538165623309205 0.6123035980338102 0.4236848736946287 0.20047635971560607 0.1517483476468734 0.9586762957675092 0.8334680494582433
0.5648868484881664 0.38586712682066193 0.6336658534012903 0.3981600332534442 0.768158850623919 0.3782383749117577 0.6855675617320951 0.3507756995664141 0.7501039339224984 0.4979395735655866
0.8985257371239911 0.6241273651283377 0.9323677846044047 0.9577434420327913 0.8695527636213461 0.7939759369048396 0.9034170253458922 0.9915985509308964 0.18216768511040338 0.513431891083907
0.2848777769996239 0.33428851185889474 0.8854251319354293 0.8126603073858683 0.6330159973864882 0.3543741560953396 0.9724570540948322 0.09985810915300308 0.23012696203992844 0.7940627022850715
0.31925083459432446 0.6926349734657671 0.4028264696435213 0.703436686183971 0.5922395108460351 0.23334495290154345 0.5677146745317425 0.8215145623768707 0.9623809083084471 0.39757814826831406
0.5496082837096662 0.35290413509121343 0.0737544260130637 0.8919373164182771 0.8435147330983267 0.8163484387285614 0.60630538399325 0.8553875011397896 0.39874776603036555 0.40025375271341734
0.9452188572441518 0.427880886593201 0.19206072055038437 0.05032756813881745 0.9235060362641004 0.43062380867513117 0.3264001665895714 0.3357436398134884 0.3397380691898506 0.8142659997934913
0.6428595265787118 0.9927909222209941 0.9694637884416678 0.774456875660563 0.8656382499040957 0.9287510558200235 0.08669901856406226 0.20862739116051487 0.11328930247708957 0.3837895517905078
0.09097731486282212 0.49352029054511115 0.2042637337898019 0.8949334351352684 0.6958029679410096 0.39990545677923883 0.5607382197474869 0.6837486892365963 0.275948849575538 0.32908107713921797
0.671937395919647 0.09811829006543615 0.3938935447030828 0.9551758298883798 0.016640085438231034 0.7785621837354175 0.22979337813435763 0.7879305761848667 0.06428431266880164 0.2908285249389233
0.6247364460705073 0.13255310744944482 0.4750633178259197 0.0690251624333158 0.7136279740835446 0.41640262594601296 0.9016305792580822 0.6473491830637685 0.6719070246713835 0.876675222769202
0.858509268236504 0.3235113955996656 0.9293968086439727 0.1589256958386972 0.9700273423915735 0.5932419201218938 0.3149420673417537 0.4631746357698624 0.5335763553634177 0.9228015494507641
0.9870886622461045 0.49251466227002605 0.7422190233908953 0.6852135311252773 0.6789120239659876 0.6085425162265422 0.09914615434037233 0.375968439565734 0.7392028762070378 0.2786090371675891
0.52621139165864 0.5452446978717267 0.6875697680791439 0.11179229273196312 0.4197476014528888 0.23622589327900334 0.5176201187085603 0.5236634054237231 0.4390960759007896 0.10288527657482227
0.7802324217130817 0.3443288544666716 0.12675588142928018 0.795647013595355 0.5580342535514742 0.4898968146809659 0.5537876423272184 0.64962231495744 0.8025521995481069 0.15442942835744478
0.06008186762251244 0.1876584753638567 0.1471012760612017 0.8476068066278869 0.8163295962920908 0.4592270216258778 0.23133282720367243 0.002742530460871695 0.3730085404626263 0.7762168772246625
0.7774621038088338 0.8104548704845388 0.5814253546368721 0.9779871228831516 0.14354740677352917 0.3952113941343911 0.27283075368004783 0.9605734298877074 0.8457948959499861 0.4451293133205213
0.8638507314622795 0.8387305988304885 0.5897144110987154 0.9298277448405499 0.619954334095214 0.7745334736438657 0.6790534429764675 0.596791679684391 0.6534038281296974 0.20254719666268106
0.2817876575320418 0.5236225700159222 0.8581110111347136 0.9091165915775306 0.9240480531917656 0.12171322927746842 0.8910489223724478 0.18211406318361556 0.7557168309287511 0.6362998656091658
0.9983452438257534 0.0375240572503478 0.5855246506909075 0.3685075827990347 0.95391037397731 0.3505313803575786 0.41883460778268267 0.5569197320481714 0.6294292551646372 0.5713195844907367
0.24789890603647113 0.09936587333261593 0.7467729854544898 0.5895748302103943 0.14222658616417538 0.07003697260413222 0.17736270668951648 0.22672973807931984 0.26580128577466045 0.29270038674047505
0.747744783002366 0.7812705568291581 0.3082406321725816 0.06770161906656103 0.8866128090630373 0.029970218834054374 0.95858946200361 0.5186034084156237 0.6057387530427634 0.09669919100429891
0.4732913632718877 0.9237274110372053 0.2457516963759171 0.640504195620673 0.09398415440234398 0.8285270437916337 0.1374297753045608 0.8859352236609249 0.05611650588218353 0.6966347208121152
0.8301468674276533 0.12113911385906317 0.19598489808662334 0.3505906032996904 0.8213426842343571 0.4230278093354457 0.711640959354186 0.47767386820342983 0.7843610523088224 0.5338681754029353
0.46222165323791076 0.03192169915277987 0.13672803498812958 0.009929308196169662 0.30060526644665564 0.4503354290288427 0.416917955741681 0.9903625095814754 0.32589895103736355 0.21943710075406697
0.3448818559598942 0.19327784902954293 0.6151141957740403 0.47775353377438 0.630089885326242 0.036020654963426435 0.9474883204877331 0.02046999529825666 0.5605651668891807 0.09794016953666596
0.2702622779052193 0.28440836527767543 0.1573635596863432 0.4964813939840368 0.17132566830333462 0.6346496482089323 0.21118022250616508 0.13122096420768992 0.42199211233938727 0.5485345150390533
0.8312404995436519 0.16550604590525786 0.7322696172212909 0.09843956608827831 0.23135905959059666 0.5616449290635026 0.22134174314756905 0.4716408482140574 0.35402802104264464 0.9631369084501418
0.7475772290450525 0.13374087952849945 0.5906210466330407 0.7262178750933396 0.1652376134098018 0.6415486337522835 0.2942773163108885 0.4430375885033717 0.7791530507181712 0.041966757888701745
0.0017554982623138038 0.8700730326225022 0.7539891354661528 0.2553538803087979 0.28152469273172886 0.777921889867134 0.0013282450154592507 0.8349941934069349 0.9075856289445372 0.8724089407905611
0.11564111144012712 0.018720299116872563 0.6219922547480333 0.6019771847287788 0.2593254535768649 0.04439971925980335 0.09377004967871938 0.3626249773190021 0.5073403018229564 0.2879091101198019
0.8079043902467412 0.3391887952684496 0.05356616132177894 0.9003848103434778 0.5252982684588051 0.9805610941120471 0.8538725628418359 0.27095177727440367 0.6430761590783519 0.8964713791183504
0.7349765154429077 0.8217976282460622 0.2543360927532986 0.7847474934946389 0.7335264108163456 0.35437220969893546 0.957429983014005 0.8505137780466073 0.44644791353200874 0.4086572093624359
0.49707753633343144 0.06257110120396792 0.47143970989760753 0.8718645369297716 0.1330966825402221 0.5072435098419085 0.595608679115076 0.3785862286303041 0.22725921065736643 0.04626466779607752
0.25058539354847564 0.8813324957706707 0.9147573864538318 0.4628170423969128 0.8940629230824322 0.13855883271934777 0.883993676481539 0.2886248702961858 0.40055262558666926 0.7666971106936854
0.22688227770076264 0.5450423056380936 0.24825311045699183 0.933369563393497 0.04157774335720987 0.7023656704373561 0.27427960172178933 0.7308786382203193 0.9705226492671609 0.26413948344245974
0.03710224472163792 0.7622298872299601 0.13893234914551955 0.5170132193597655 0.3728943601552249 0.4963589580530817 0.022312419831032493 0.15174653373824065 0.5615921220937493 0.504898076743552
0.6163297017353164 0.6572484235541751 0.6288196010082141 0.779730895476108 0.9083353669160282 0.6170755310840403 0.7014340075520779 0.9487495029923374 0.057064635472015235 0.296603707791008
0.007298069411581065 0.356640635443253 0.8755142794096379 0.19912607875787258 0.06398765601279022 0.6581927345358414 0.18172578252536742 0.5904197098390299 0.8364944349671873 0.7835293030903921
0.33317841384728075 0.3438622497290299 0.16058517202090405 0.8778381973480435 0.7927232211317617 0.8419688673981336 0.5263302149640398 0.09258032557575635 0.887465344565848 0.08525904277387897
0.39541605603702745 0.9108256771754947 0.016728729930155617 0.6056514457857038 0.5862078305212857 0.0262783743135504 0.4412137187880584 0.25912473115214774 0.9021293420897651 0.6637164578178776
0.442684870743001 0.4811706911295851 0.10178002266607045 0.6279865248564247 0.08200261186040725 0.1286053806774402 0.5133093015335696 0.29935695051605715 0.003039036471847556 0.6025932611041555
0.08092097828881073 0.25494778366933835 0.7309945674007786 0.550277698531708 0.39798108706897783 0.18911960047435827 0.6958591558455618 0.07620114857595106 0.3290552961263099 0.3301170006521912
0.7752377419070176 0.05973655671263767 0.1523021733668246 0.6059274861178646 0.4954866328973022 0.8710412725470885 0.764001284276301 0.39922966683105376 0.1560839331087267 0.505583344013104
0.3785963037294964 0.849468985707342 0.049383458777348954 0.9160792274344086 0.33048441392003713 0.3095139215491771 0.6363786194187446 0.11072149787222962 0.03788580658139984 0.74500842772368
0.008829096129667646 0.40786313410459285 0.924477607021033 0.5764516799817417 0.21907912666489204 0.08986540725010239 0.11107887946300021 0.7071993902170993 0.09112409599104987 0.5826041060549163
0.9875245030515407 0.25499543627352816 0.9399572357229621 0.2021689261069819 0.3539676372653765 0.8103065729835971 0.2209559207808396 0.4565793561162753 0.681201585302739 0.8816468244868226
0.5070427123099888 0.8678796811884677 0.18119376824880962 0.556242617191237 0.34858389608718365 0.28876447941989647 0.8018760792400241 0.3038033063942239 0.5094635882710296 0.7279257340724248
0.9643373785155126 0.2818262061006892 0.7924991596985879 0.7696008113444931 0.845915227787895 0.46277910555656787 0.1683397426737241 0.7753404310018513 0.27928599513989005 0.39666742662185084
0.20421589728736733 0.18980438873469674 0.8855036548401476 0.44690683867702363 0.8523860069246354 0.4374318737996141 0.8880392862746926 0.893087075528247 0.502850291987316 0.09312259937204459
0.16522483166180413 0.38112574760474005 0.8308809920443474 0.23760341908394278 0.490106252369618 0.8194756740042004 0.37714326120534636 0.16694496603296294 0.5795628433884288 0.9694631990459324
0.9866577654577766 0.9157311696940299 0.5286508417014951 0.6584987476866012 0.20258325144723288 0.3746740234551579 0.4414811035886076 0.7568153777075319 0.4617728511081559 0.1360049176986935
0.5865424984834424 0.801554649966327 0.471285514674498 0.5837627867009185 0.20223359569705468 0.4264336685679333 0.45850973240521153 0.16113865935964033 0.15746749989459097 0.5608909567199208
0.08228380169644722 0.19332494060209615 0.032565579856766336 0.6995227210551874 0.668373011441024 0.12185708926822314 0.8272579106727279 0.41078580709412693 0.08989108237890575 0.5152241370165562
0.4254596196491658 0.6533566237719499 0.0517295306439669 0.7605640524661984 0.15059375084113003 0.39920052398769335 0.7577851760196017 0.9125483135140293 0.23058315944550378 0.5243193986143708
0.940752781667566 0.778099607638538 0.7582351381567175 0.9213095833792398 0.016475953825810685 0.9493757852996075 0.7805942295647766 0.3122761907701709 0.6883267065189971 0.1624914790231251
0.4799404255338925 0.29631431829966304 0.6718098552831747 0.055738912234103766 0.019461040584848988 0.7526810132658005 0.33556538708741956 0.12860755757596642 0.5182266107434534 0.8389465830600696
0.9621686113193113 0.46169187669268086 0.7929523047623626 0.4728277429228952 0.020604377899573922 0.5476154600047536 0.9581283143124302 0.36706854746687234 0.31201769998428674 0.404388560385486
0.7114538745447668 0.3986504275595981 0.10132069235290453 0.995155470933276 0.14811141665971905 0.3367749881960711 0.3794613902986651 0.8620771229369212 0.24526857338295305 0.7284791021080632
0.2146369066809899 0.7971331524809991 0.7372979260648426 0.046404239607773734 0.7454602799708208 0.31891720329205897 0.9625550546969892 0.04015741935286976 0.7450661311312211 0.7020377602557987
0.4041580120425208 0.6008641041177525 0.8423677579511296 0.3145261753834828 0.0700620650145376 0.3479284047203717 0.4251540055135089 0.05869283200054998 0.5618255745547043 0.5776789812646387
0.9694414837892414 0.782160624996219 0.6668144463233503 0.17549445455919588 0.04047377569596056 0.6283452294525929 0.5751936487112028 0.5861643740285212 0.49298620300334106 0.4294393824064917
0.3709069034801389 0.9616579841994616 0.46183100308708147 0.40999863457832386 0.2749457248179181 0.16113508369361496 0.5787843555060493 0.6655141957755836 0.22956214738869418 0.36494880797803164
0.4773338221194111 0.10789808621574049 0.8036796037987799 0.682553438075279 0.0544701629965213 0.8285946108425299 0.07260925352503755 0.28364463516562655 0.14698534992821077 0.12007153593544584
0.07927947296962223 0.2625236483372141 0.24950421115693533 0.7177328662254471 0.7195387496649321 0.6575908757418212 0.6524541855918559 0.17683489739423197 0.4106930233557745 0.7910385721638938
0.9104041455077087 0.6827755263374164 0.7002906523711467 0.3682259983927221 0.8646794615665186 0.008166590343490099 0.05126943509263604 0.5818852243832195 0.5388879528672468 0.7763875643691768
0.39993161591851034 0.8032187464360558 0.10196652624282565 0.6688580610171465 0.7248147615283671 0.31011529045270947 0.7505862891861701 0.7220559079171883 0.7873774802693781 0.9021233273885961
0.8012296979053333 0.40034642162240586 0.40952079933828234 0.1824865741222811 0.5019796924024762 0.7019776754215842 0.1383175531408991 0.7494590383428521 0.07503822117657044 0.15813537028303237
0.9149236548951172 0.5322822679862875 0.2832171485381588 0.2187404214663765 0.41249668180870736 0.03162039071388101 0.3771216352584935 0.18371094394038467 0.03704859339365196 0.2799135833570954
0.6244725425877405 0.5346998351732692 0.19551163595294363 0.9240239953574727 0.748990960724583 0.24985788558232513 0.3268968817849641 0.9507125015129939 0.5134945161955018 0.44296151683745066
0.3652777603336802 0.2248986814025009 0.3703316981085931 0.45828339437205534 0.7574313535798249 0.19132065213930172 0.5720068075642488 0.3738730444465188 0.8933223962499136 0.8021247745225628
0.38582527601117833 0.718454032596418 0.8242166822479927 0.9760806265300437 0.08861472225227218 0.09093254544897944 0.4410611274267475 0.669528985637959 0.23105478550821745 0.2865524611481707
0.8648707857991156 0.9448361113486748 0.2558742664089547 0.48001990345708345 0.6612132226250589 0.259041096543457 0.9301515119221908 0.9934599488251242 0.6324833269202523 0.563546681128647
0.20918010519574293 0.18585721013121548 0.3645125019816232 0.7051188711011486 0.08783846581887655 0.040670932279878946 0.4081579771248859 0.049124104698871185 0.7151287214807469 0.09960419704982904
0.9618698429118016 0.20784699851423372 0.5485269996076304 0.49304619030124264 0.1878342677274052 0.2498958472526801 0.6070127363880075 0.9514953397685251 0.8421436643414705 0.7911168623994902
0.9451231064882861 0.8473103057640347 0.7285456290427054 0.9231024518819894 0.31510299775769324 0.5124246743460745 0.5956743890334641 0.02229294962484163 0.6101993614630703 0.30520044831493653
0.4892696119882356 0.1008346983621008 0.08937437574652607 0.15838462366021222 0.24373954315017332 0.5097724765629484 0.5721885870665069 0.6301718009538062 0.7515266476189845 0.48581708144781177
0.7623318343717926 0.8016650898578365 0.8840853661576996 0.24484418828826238 0.6092562838658943 0.7165667753368268 0.45488373365350443 0.06844361822498579 0.14959266607417798 0.44271895380025095
0.412691389047536 0.10425282641208466 0.5835069174581077 0.2501536146323853 0.5325189341348874 0.40647242992069965 0.4358814208498757 0.8466005433218878 0.23192415945497413 0.07987533284177728
0.5281813925879547 0.08894091035786655 0.782003342055114 0.2587853088817984 0.14409364799520696 0.09788277157889425 0.10523632578105102 0.05191520320227916 0.21050130530273758 0.24317438453689633
0.5564564730430744 0.5146182765407181 0.5350848553543365 0.037959961791434904 0.5685675345687181 0.17202109445898262 0.14281640224799463 0.5834218452070281 0.8112315387790081 0.6096698273661465
0.5358405135406719 0.8386417392811293 0.5586030477662387 0.1727360781283772 0.2647115458242353 0.6556529720912151 0.2912866501920467 0.8704926932540276 0.5436840539149174 0.21594499965689662
0.1680466309860471 0.16968351695564787 0.7687294727486073 0.2322197883089947 0.8943983767518651 0.47857562219080485 0.7041784419212118 0.03798968422791149 0.688063850360073 0.7728963066229225
0.7923654137733109 0.4776444227866645 0.4953738087686739 0.9955213707228588 0.5103778945847088 0.3309049468138531 0.3480520087247966 0.5736951697947111 0.9489899738634116 0.8581201459022473
0.7664174521550089 0.6407270389855815 0.8210859868737023 0.9366517634061148 0.412892925792268 0.32352263230552525 0.9203565566526993 0.17363214146349126 0.7788090653106489 0.7629731489917229
0.6457763953546906 0.32666818887054594 0.5478450538106735 0.3711388232816335 0.5833493226983151 0.3416040050052851 0.42104889424398706 0.1973277960981269 0.2938324120847736 0.3252439007412621
0.6112307980945556 0.1745852745165276 0.3936284198382092 0.8109764985599595 0.9186263336348018 0.4487717006557861 0.735761529323839 0.7465296307990642 0.2850756456869804 0.9543231812670193
0.9988281547971855 0.7356246636455622 0.9905685072046538 0.8939510485558766 0.274041503682415 0.1990884299578104 0.20385509819362857 0.8039519943157382 0.30396470278456533 0.2860194873494527
0.4279247131434689 0.4424636720052205 0.87125387991268 0.56189450871331 0.49150591519355447 0.8249151109407563 0.4617097022320602 0.7280405287261079 0.12934330991492127 0.3490854517932591
0.7331614798160537 0.8856860994891836 0.8668575823102043 0.10159828876894794 0.5101856534120509 0.14784566313358116 0.8788970403432387 0.11834279785778512 0.9943858737277647 0.7235785525208397
0.7276405326991797 0.5832277811218105 0.6309395351400888 0.9517041952653144 0.40131313833604876 0.6928375455191356 0.6043412580954294 0.14484407435910251 0.873227341510142 0.18897372097280707
0.24975105749071735 0.5196995357546482 0.4797645812243335 0.366730563774349 0.7610810173823622 0.9357640896666495 0.7762629526927649 0.7026654317499905 0.45293139103572233 0.6422078783732452
0.17137855640263222 0.11579037576808415 0.4907129095249102 0.7414605981358863 0.5633403588698084 0.2735248105011582 0.44176915561235963 0.6180589162385774 0.40561833388720503 0.28541288666612996
0.22003956295646465 0.15261282757638328 0.11487806931870359 0.5893240518733668 0.9977793675696354 0.14328493719414637 0.5006951722688406 0.8280185115977212 0.44008030638383233 0.9909654283406344
0.944355242892336 0.0383738509734739 0.18141201674148122 0.3693646720537147 0.38316609950073566 0.5312331490697787 0.8081303860292648 0.29753441327871066 0.7670611859988687 0.4267485547272113
0.7368763222721856 0.7598677962889601 0.5458739799312882 0.9282589870454836 0.2860142695266654 0.7774169617307018 0.9185152042300007 0.06715421353894435 0.9257369585633138 0.624406794127959
0.029386163507652552 0.8318415051339192 0.1621889496242388 0.7051117015294502 0.03271302346976113 0.3058460699248461 0.7619385165343157 0.4588020334898466 0.9620880168011868 0.6832389357546705
0.055353611605977626 0.544255282048666 0.6403562980644609 0.8040016668896371 0.8709144244108268 0.47036655955738405 0.44408716239406243 0.1576003614596001 0.24722179365108765 0.7856818597195081
0.5972211313132575 0.13995553902491853 0.4454365708811219 0.9172167310842606 0.8100854191821654 0.7171589720460124 0.9421126648140662 0.7577115847222028 0.5028220141012429 0.5487022278927897
0.02086199639575792 0.14051500607318812 0.5563739944620729 0.05364612965220239 0.30101703575447614 0.4125741067787554 0.5195275614199313 0.865073502716392 0.04243258997705801 0.4185510977791611
0.4671085403776276 0.6113332795596611 0.3477950621752547 0.34287394126196746 0.25228393850699216 0.9869960734556577 0.4472845968977329 0.02156775551987522 0.725020288695564 0.6321072580353863
0.09516126354918097 0.5320033037648819 0.5991026767250723 0.4252362658857668 0.7338235095168395 0.09623736889593848 0.04171937729681019 0.4139856996624459 0.48811361592666613 0.592409127685999
0.7324687634609719 0.7560376700851124 0.2411211838852757 0.2586958808708628 0.09274687292556372 0.7244785648788171 0.012462602174809212 0.49562019334935037 0.6218253708888898 0.043058135092729155
0.6109909257723677 0.025039843235024506 0.7925313130101197 0.5602021101930398 0.06611664316475796 0.047940882049097855 0.7572915921667445 0.5450123074064996 0.6553973663740037 0.45819328616809374
0.19440662127483876 0.6941516272705123 0.44078011363228076 0.6157175952964551 0.9847693040401246 0.2754260339280298 0.10185678939748588 0.6600503173805086 0.05084698898923512 0.7020390423909687
0.5117202991733655 0.8540842558010482 0.6125953977630051 0.23090878977260376 0.9394845584201998 0.9878000256909472 0.31907553932066846 0.4091016652180628 0.9832592969340755 0.44309296771741846
0.19989568357429766 0.35435039939604707 0.338345745801529 0.12333961197095322 0.1472025529011347 0.9487886030646923 0.2876474027209911 0.08513630484284684 0.6867967776945986 0.5494483828202613
0.36476520226318054 0.3746821956537979 0.12605000501941577 0.8747305260979594 0.9849740243443729 0.2675672223408161 0.7766520312130427 0.31297212835403365 0.9652534142865096 0.8382655252125384
0.8418180658892103 0.01739966474585175 0.761772403150052 0.5444230681268725 0.7304379662908159 0.8011700075240468 0.9417042915844605 0.30106782473751936 0.01475044106437795 0.02686586631056964
0.8759745933341174 0.3411597714475879 0.9834773610076255 0.3967260135923042 0.8905211498403256 0.011436908160728176 0.7589542407048221 0.793055137565169 0.14587255631331175 0.5363026326353209
0.24464511300155212 0.0926717339010914 0.32832721723545544 0.6975391136322177 0.7485310535984658 0.18491682071340987 0.8307420805155254 0.3239197990200571 0.988213537318644 0.2596603044769129
0.47691686290289437 0.46233397352916905 0.3251752648201356 0.7999057475330938 7.854211162047209E-4 0.11082470941999867 0.49849272943377687 0.6130084179048463 0.43010371936688485 0.4339810161406159
0.832395883150874 0.6651856457426514 0.24404897520429136 0.45241388276482364 0.8774228947283006 0.44591251881469296 0.6751221876778561 0.30058500938917465 0.7115181481064944 0.08195985183861798
0.8079725500051826 0.28104614700877084 0.6752744318481883 0.4452457422781062 0.19123825143368056 0.1081858265659632 0.1446212050506419 0.05433580560943696 0.5232259212461398 0.9308696615357309
0.05461218694046943 0.6563414984900751 0.5982260362427511 0.9508991326813465 0.2795680213836236 0.9941295668377416 0.10748950006195424 0.7130029409722058 0.6476800759735974 0.41317032608917204
0.07736645060159442 0.4321142874745273 0.3222839589421437 0.6430162258995276 0.6968349321861717 0.044976062246965154 0.517362574095917 0.30031580573123473 0.03762399456528531 0.0256555072224256
0.031439944633209094 0.40343320128100846 0.7023620678460694 0.3883384490777758 0.8818788296536284 0.46315628293075795 0.7496579455235068 0.715812778248418 0.400696766196048 0.5196417667303415
0.33974865509791263 0.49833943807577574 0.5133661625927357 0.8326582588398918 0.42032446194593864 0.5451486015242795 0.5636667256879516 0.8003538979225652 0.4293686809306231 0.7395877151740633
0.9705087868227598 0.08118784780203614 0.4303254195290461 0.9489868153967388 0.20674873800362625 0.8243300421252575 0.31463601834818833 0.4715961916495226 0.07536846411264131 0.3757467191434699
0.7076607068724673 0.005489896206959721 0.02499321878267402 0.8203545058624832 0.9962292069014 0.7581181923776186 0.29457269812861575 0.24503836324646067 0.45953981746881245 0.9802307528663566
0.006153005476983164 0.6629944291429888 0.8298540323298289 0.9041815628420856 0.9350174369548055 0.12677131543413256 0.735409278870558 0.7941656312238955 0.5780766782843871 0.6755487357764101
0.38519984454333256 0.5747266643967911 0.3142399597615375 0.4116054682831781 0.543751956983526 0.29391382391332377 0.9046002043454081 0.1815933189160922 0.3137459443278793 0.49875470783950493
0.3156184912790364 0.050147606705794545 0.4953146794930834 0.4532510622858006 0.8650935475809257 0.9965285607796459 0.3230744175892376 0.012892446948921221 0.9885548381396927 0.03940257208841169
0.19542025362545523 0.8847223084681121 0.5028182644251354 0.3005356617526762 0.6053455165513161 0.9482799130126608 0.10379592764488166 0.3550862419826545 0.8580202849973814 0.290280682590912
0.9772523031485425 0.5843478256727423 0.3175918102605124 0.6146867575121845 0.8240510422084324 0.1462065453715946 0.8641448206024492 0.7298581314684651 0.3055384666096108 0.6092426796414392
0.9614876284959477 0.8857642490707964 0.9000605331751755 0.25831882666660366 0.2374054536553296 0.8367749239516189 0.4282126294699439 0.5726621614261719 0.7602496563584978 0.6393384247754401
0.05227244218821947 0.40186174120495877 0.25920765257192646 0.3588934525756131 0.384367864237811 0.9208659920291953 0.3803252259902389 0.05665128551627463 0.44828347690505765 0.5319799432494491
0.6963290039607328 0.6544230020413576 0.6314109918579913 0.5000251676511637 0.5955243936652169 0.5344557962250552 0.4362000614309979 0.2562400249316168 0.36351928836559577 0.0212817613639118
0.7945676888610067 0.9871617003854734 0.741252251845611 0.21387121557785527 0.9440764074589187 0.3366454679509805 0.9937788476671842 0.9889219877181571 0.38129219740313736 0.792340691693354
0.056497393080847225 0.3799049258250883 0.20558528923093966 0.602357431550324 0.6389714534560063 0.9515250682019714 0.2457382992015147 0.8735211095570231 0.2612331318059238 0.23554705634636652
0.7220779244186255 0.8395271907334623 0.07342782981046492 0.771472216183545 0.83844739853001 0.15547159923002063 0.9668874977740531 0.8043440045379309 0.6211894859529222 0.47464677257408683
0.9231962111561515 0.23199743669443706 0.5264102188180193 0.494157363205909 0.7675383166072388 0.9653573040923813 0.8221460583045749 0.11782368653848652 0.4935960066834816 0.467928862613461
0.5186582485905059 0.37800459678664855 0.10948969667369546 0.8744139964325047 0.667929645202611 0.28238655744106866 0.5177311531655472 0.7534246565187437 0.18254132953269364 0.8074485223224163
0.2868860813135399 0.27555466478628865 0.93445725835848 0.8472272812839945 0.29861896688296874 0.2756098258222064 0.785847336153258 0.04417141164662819 0.1610201334675948 0.4565855921387212
0.376930448314271 0.0782863412364988 0.9675910541458798 0.7730202429213592 0.9499206155008869 0.17143681114128628 0.45099072348944336 0.8526410907887563 0.22351147834595209 0.2755874926010764
0.8316225009017608 0.16775983800304684 0.34893496504470745 0.6569261279884141 0.6933672946461571 0.551662397691819 0.2764824652871519 0.3622279697343652 0.032245491137322224 0.5702777107194548
0.4404778842286756 0.35948408261534404 0.2185168249337699 0.20569917586565145 0.5310435615445566 0.9817305206274568 0.9887035671125708 0.2856708228972076 0.26260192996448817 0.6711788655146546
0.741249518151891 0.1019403066125143 0.4719067182372796 0.9201634444652069 0.3480030164113884 0.7004190557527733 0.5824997998144049 0.7360837046121964 0.41343985264546035 0.39737958815245267
0.45784088766443964 0.9194351241337905 0.4145173678787588 0.17845850984184175 0.9319588911721551 0.9371857037157486 0.43627866617262545 0.7710232414874786 0.8543253763966593 0.198168863917624
0.2818013845714218 0.34549945123627956 0.31475226566712056 0.09282847195322774 0.5798130617689331 0.9975449359489245 0.8244671699428158 0.24656475532290079 0.13927081146357423 0.39049523664174823
0.621121625538936 0.05409474000911829 0.2074301036394598 0.19629500427982405 0.9383387987267252 0.7116545377310515 0.47640404996755925 0.26316824096997626 0.03450897043738055 0.6445349540768257
0.6529405440566904 0.7595697906725722 0.010892692984961316 0.4393557670374443 0.15712212876987197 0.8964991871339967 0.965692906473149 0.13364858722800244 0.047919004781185714 0.21404751104107722
0.8286087378815229 0.9897315495512803 0.5870030461848763 0.8330862368564688 0.2994861493145069 0.6855239132473895 0.9469566081136874 0.5192969936307497 0.675030641174423 0.191862087256773
0.44598687587830144 0.8842796685646894 0.9891502602106437 0.47404291557899936 0.3484826822613788 0.5572652098589664 0.8153479513897837 0.5547343587667922 0.7092278974274283 0.7009991046594398
0.2836837767571172 0.4060571881908899 0.9588113051589506 0.8166502391608347 0.3501796741146377 0.6005559958045468 0.9287499424043587 0.38513870444934184 0.12314032117658635 0.6439414190479696
0.7970694082847369 0.5260656894916022 0.09871579537279729 0.4368998509078411 0.9985610460859234 0.5204672328838055 0.4871327063691967 0.3689306035727279 0.48866236107476557 0.7399028074786073
0.4213728906629912 0.13408526403741405 0.8758840946655223 0.2519289205651395 0.7316791829215576 0.4766469454839777 0.8449333774953754 0.13079667985372678 0.14212032978930478 0.7242024865309931
0.9811592376954856 0.292251555786332 0.19954837631989952 0.14622333000098542 0.5766732092696296 0.4926026334993414 0.9806329058858368 0.8881863967444426 0.24947458427189795 0.98476770172333
0.6392590203034474 0.47442885741649743 0.23913587872230835 0.20778918358471454 0.15442658503012408 0.6473457795571238 0.05608139227472764 0.8013559191125784 0.21789055131585788 0.616203344377779
0.7562173702241296 0.18315367437870933 0.06113324210014759 0.6257543413357483 0.48864999350372207 0.9044074777607185 0.1628611989819827 0.12300664595762445 0.12145281713314215 0.007766954765155321
0.2010709824119269 0.6999099635018414 0.6889226267700083 0.6517255340747496 0.31782943640212513 0.42038919176439404 0.12348905105987418 0.3370533448055003 0.7502659520454171 0.10206813532909909
0.23641953354256617 0.1732624144217495 0.14787534323466778 0.6161899542514856 0.19368837072914968 0.7569120640117059 0.4440821693404896 0.2936560169616894 0.7968545403635832 0.3986016909338138
0.9791179316237549 0.08076807111194051 0.7235199427797386 0.6317864149269236 0.6816154816363894 0.17517319993965275 0.5079163112684983 0.16409114405272418 0.507924801678389 0.4906745559854324
0.449395056853202 0.6905869448309759 0.011007933867288044 0.44898577268464623 0.825071695590423 0.2785327545376254 0.8648702734171758 0.27717002879069297 0.7526024014439379 0.35437497602572565
0.40583880954951934 0.20141949746186283 0.8000470936144277 0.676336065099377 0.7685983395333338 0.6709949073612046 0.9719998585332731 0.059712481648197535 0.9927485488167282 0.020558520006856318
0.014644496429375486 0.03704138966098991 0.5547467274552343 0.7847984610837914 0.07711872270928377 0.081584824126409 0.14045187109374713 0.2161561559405839 0.6425481149922151 0.5001185622072994
0.11508807978096292 0.4246326094243933 0.2993367906411266 0.6098024747868015 0.07029624001020496 0.9580635120597225 0.3617781131913824 0.35394809810405714 0.032044802332484745 0.5719170225028495
0.5687767108973029 0.08278794115558752 0.39852208010106804 0.3995824046691826 0.0904473673748023 0.8278906163117875 0.4437336857654577 0.7272815183596812 0.8545854662819297 0.032654296134388194
0.2703808605433774 0.10214908555252011 0.7684778788878485 0.3663508812845272 0.4246964700006627 0.557692440736573 0.7562516245476018 0.9454813344267979 0.9962673139153504 0.32775450013968765
0.6579328589443032 0.013742752563050575 0.9174728373927045 0.5382686618362537 0.9436162669118214 0.8906958323526394 0.3500220467881423 0.015507804534662828 0.8846207174949019 0.7892612741928295
0.5001717580327949 0.5301939609387016 0.2932342078838359 0.9234620332840926 0.9395609367963055 0.5087491416338806 0.19362738519843592 0.18036811001994224 0.5251978444646246 0.4861318033189862
0.8187414232794427 0.5139886485759461 0.3099873271280831 0.3491179038091029 0.14143298409316263 0.13389657934692234 0.41428851255026533 0.7245487711547678 0.742885054061442 0.5076585036747345
0.6893433162240263 0.7039830113768776 0.1972693729310443 0.17368275977208492 0.14501865791917146 0.4643530061448994 0.30887249147916285 0.3698873949504937 0.5371566975174558 0.24364100964512536
0.4763745008161766 0.523628367801935 0.21392859258316166 0.5612537590649559 0.17869518843842536 0.7196180112644149 0.30593927331055093 0.5346886702211993 0.07780008765934943 0.3651023832490964
0.6114320331068331 0.6372485177398441 0.5160841719619425 0.4053554932667086 0.07579334348874645 0.2659761005376313 0.24942879605809865 0.6075871205547861 0.5936600264773224 0.04464362239480635
0.10175290912210488 0.6276505961966704 0.9722821304201231 0.8735465778933327 0.8528570182334185 0.8014751244524037 0.28639700156583536 0.35601499632715994 0.07858418093118624 0.8619370664321617
0.5277207097744752 0.38096968566116995 0.8507997183039779 0.07192334561990266 0.40626567424046955 0.3215149977176367 0.17441692204471781 0.5856290559994666 0.3960436928964769 0.521473438968459
0.7896735205842348 0.20267062356022425 0.6343164501303667 0.48493175975334146 0.5000895243008756 0.06338514803783313 0.08140564187176647 0.4582822978762663 0.5000141340100016 0.24872476099410734
0.4271780158478157 0.8999071217387417 0.270395614105694 0.694445182508112 0.5906707534930126 0.6695667777158008 0.4873847131597917 0.30682550757719773 0.30092518735143803 0.6377196003230955
0.04560888364333704 0.6759460006543835 0.16994796462813344 0.8144112044304972 0.7364310001063402 0.3225897297751902 0.8728202517716602 0.028038481168986884 0.34123274005207893 0.9861224539701764
0.5353276203169648 0.6462057790674917 0.9007397358079167 0.06324486864208945 0.19608410234960316 0.8240554876409554 0.7036315090074187 0.9412999228380433 0.25797619237467195 0.28986926829909043
0.10115663975924272 0.6348570740940324 0.1728535145693001 0.7333999205743763 0.5991992027221419 0.8305846682423519 0.21374503336601003 0.44930835845806427 0.8052200070273768 0.17296022918246612
0.08048055766057327 0.006243911968091931 0.7147220300112063 0.3821580456572191 0.2574495866735024 0.3615202805400114 0.5103663033487643 0.5854920368922869 0.4963305864100239 0.022003843123142297
0.516591157620167 0.0650811205762869 0.5319753131951233 0.5637445275897834 0.20356399367732914 0.4769435841344116 0.15623509803011115 0.06604411558568113 0.16652168439818038 0.480515617928717
0.07236637541494417 0.7900703538816065 0.820031888002261 0.6326284735019994 0.5317555339453255 0.7377897500995181 0.14143437476720266 0.3462678268044911 0.6150536895596183 0.5639058996616307
0.17369808336317893 0.6919778257010859 0.16141440810297947 0.6816538007606964 0.1551559566062336 0.8285613405793287 0.7723782301219696 0.3027155787084779 0.08205604665164612 0.8897674145882027
0.02104995342632998 0.5821860521289687 0.22959483547602455 0.22494514210360106 0.982565996298886 0.001431594832262184 0.658073760664526 0.9941832600774849 0.4684505264565244 0.6148490684449643
0.013048037753679353 0.2522431152112291 0.8953110387148417 0.8109461128089437 0.9918124258440892 0.8206317396841637 0.5474251480655992 0.7938280254550087 0.693295586402059 0.4434514400588788
0.10312245678935117 0.07809027024545667 0.6944109456441655 0.9502006110221729 0.6864662042201854 0.9082804312452925 0.10313902346366854 0.4074898864962191 0.3785919215818707 0.6635062354975058
0.027092188768350733 0.5316771922872803 0.07716076663453841 0.9884320548286388 0.8660397689138761 0.9557133363176818 0.8277378654404487 0.6038185055860532 0.587847740507303 0.2960299514824417
0.26750666905125176 0.4929253253477631 0.679514022512564 0.3490899136749417 0.6195824835057087 0.43451091000471 0.7784568458484922 0.1622596098557585 0.7552895978226002 0.6588263045714325
0.08394008455357382 0.16995180863139359 0.2021180087714297 0.7399152982972185 0.5244963087395029 0.06352625617689367 0.6166775187953839 0.7056967265154207 0.31443467549117665 0.5722251060826209
0.16481829399460257 0.7467184294513027 0.9709972364427708 0.8724584357612971 0.45518860231467184 0.8351372590187279 0.08345425700280096 0.914044846585164 0.15785218450796457 0.02739298883400887
0.12640502828440037 0.5545508375279676 0.20618894599757598 0.2172080266215458 0.3917777929062173 0.026661728175128796 0.5281546332715075 0.6299593922758452 0.6774988330110729 0.9285563716367444
0.582076294345355 0.40513295935737104 0.7155269897433151 0.6235462808381739 0.5825121688758309 0.2004842508747786 0.4479268517059519 0.6627793429472445 0.19330613680136732 0.8696941334656136
0.16688044799809154 0.6035973622966715 0.6378185411739641 0.9147219251593985 0.2230133155968197 0.38617550539485856 0.6304162566633013 0.5947221247447262 0.4761379798278228 0.2523607099180336
0.2686572968155615 0.2853054966677224 0.9134940745009006 0.043165784482307124 0.04220604540197759 0.9250889801364498 0.8927910995919451 0.5951640323315464 0.41236701250254715 0.16089313109553693
0.28083627506231534 0.871069385926945 0.9952269453677942 0.10860973140365804 0.35325632303722776 0.4060749194500912 0.24174588608604763 0.4836764218410693 0.6967991166806846 0.6290629212001226
0.6497401640737562 0.22325901923949143 0.5129271100604074 0.6265876298010009 0.9655515548847221 0.6216567253527873 0.6598912909466986 0.9575716181760806 0.5372978218704832 0.43110875912084323
0.49020107945628977 0.197945354237392 0.9669527593879408 0.3420958312379605 0.041381801910527316 0.9969989123505596 0.4751039369724591 0.7503932756828591 0.42013844233119546 0.561003634954615
0.9400888483837907 0.7425471200998153 0.2835202274843026 0.6447006135064718 0.40231156611310837 0.7871082169071202 0.16540811122640076 0.32754194866509523 0.9348933040911067 0.705873723424268
0.022622679720293304 0.07911009974900829 0.17341202050022575 0.11754932472288715 0.7821776327971285 0.8769289614928502 0.47033788683253275 0.695659518109103 0.8596797552340043 0.42992045811604673
0.5938727510208254 0.26319739566581246 0.5886031999260622 0.8820482185718002 0.1262533915632974 0.9584196264187744 0.25114269626091357 0.7232301801484263 0.233180038433772 0.4493557987661443
0.9335760475791317 0.018390215493410245 0.2738831315049699 0.44901639551872796 0.7425440908689851 0.4805582794718901 0.8004425684092014 0.5889464745288967 0.013381421227318557 0.3602174283232664
0.8553258639051987 0.04568719209629457 0.017609146551155752 0.6006355366328094 0.1177125263419917 0.18287102804716804 0.33392634018584233 0.2177080630676097 0.3720239826000543 0.8710902767946973
0.4855141115890921 0.40287765628310435 0.9761799416210041 0.07834308598024231 0.6661926352671181 0.4189853024751061 0.492453223013403 0.7857749971096739 0.3789477815548691 0.9614468854942814
0.4103971025458708 0.27659785243482105 0.5925711031192392 0.2909379228135861 0.9391706355925062 0.3704825560246757 0.5856325833854806 0.10880836258374171 0.1756888088259504 0.23138557737340404
0.9917334280097261 0.8427387083297422 0.5653763506079541 0.9636836173858895 0.6859612712543792 0.7376870970327704 0.4639049624782632 0.32965485023642505 0.05969791459197127 0.9059668713076471
0.7811460169769994 0.5707588637320079 0.9194057043232149 0.28033239377174113 0.14267173344560535 0.49583211202719546 0.7147452130275479 0.23524073407072565 0.7394897584133644 0.7112290134491577
0.05235377785087403 0.493995331839305 0.05329746547552627 0.11110364872354783 0.4838405642895457 0.8232668733924627 0.9423940601760116 0.5204403608118462 0.3700308659842769 0.9315261628451629
0.15248967034007765 0.6891062282972369 0.21821850115094377 0.9342120507157057 0.17700289910652578 0.6721120552076921 0.26516195946674637 0.7259973659030577 0.5330391790794701 0.9994326814578913
0.23578648052912143 0.6093041360964253 0.9420941651491505 0.938151563086411 0.1460307597308561 0.5682589785944288 0.608628044218706 0.5803586405566372 0.738003554053869 0.6485683418212115
0.775007858406481 0.4521443575674686 0.6365920690737658 0.006332261004329265 0.9979169859688438 0.8321969230307039 0.5988904556724516 0.3226048171521758 0.13918202796846812 0.992924241993969
0.29129356701859666 0.4455478728057932 0.8930690881206687 0.132685244832908 0.8738272206096684 0.3183141809188593 0.7824531228322511 0.8546304045212539 0.2972633945162403 0.4783351643266375
0.9478655887964903 0.6658142196139062 0.6257946772435591 0.6724769465532666 0.7262765348859598 0.1196576323795252 0.8865195690359315 0.4225684113975968 0.9705703600091342 0.9055013365516911
0.9167160230722459 0.6970931406161465 0.29602387761413307 0.4009058052507045 0.4308578533646519 0.19737649805822977 0.9566991223595229 0.9455175075177734 0.06155483378314397 0.1503886133030219
0.8525131604775036 0.3697349250354903 0.4420738552945356 0.9153221525909747 0.24684963864462517 0.11707216704716772 0.492825485632031 0.15739391729499408 0.13492818655796013 0.6360319579130205
0.9501760182712486 0.8198572186080544 0.8447492381809744 0.5854635381533646 0.8331726903204956 0.6340023204980517 0.3752833110696946 0.7967958875301281 0.9822454515458646 0.4469599251005737
0.18067589326379296 0.8671997568827658 0.023675787303128804 0.21841300039926204 0.5945897765686374 0.7196468156383472 0.11459914814450001 0.13986052541580196 0.8554090729070519 0.4589977890247313
0.605534768384461 0.9638657844178987 0.7408801722431188 0.3776659336987489 0.3209125168464918 0.2957616788539186 0.14986664743856926 0.02006580951996939 0.5027935379759765 0.2965735361339482
0.5792468084347678 0.8019720155082475 0.5889576945289913 0.973459639376405 0.3355839275344429 0.7990755831026505 0.903757331719144 0.9927587380365639 0.494050710234779 0.9684412320157187
0.028613900344885312 0.7407724984574953 0.07119153595001648 0.24723107551252044 0.08875995330698849 0.1787001844103948 0.6134570883597819 0.6849761246460832 0.4438058883099867 0.8906819861551227
0.4200477708485809 0.008839453832780952 0.3019375659456268 0.6076961785401658 0.9164538942948983 0.79573021792573 0.5910269758332397 0.4050947421566461 0.2741821515344267 0.7307908170487248
0.014665078267903198 0.7178505874356919 0.23250937006228467 0.26869435359659577 0.5971026973153047 0.2951295087217308 0.21970624507570768 0.3823528228334723 0.17831113843422952 0.22458776827809102
0.2940251772510033 0.9830512493640149 0.25885158270100816 0.19683655215843932 0.12884801013831404 0.026686574007538266 0.31396851384024616 0.25180284644925066 0.2517410231171011 0.282704252706946
0.19729895364882888 0.35125529536832867 0.013765912978407124 0.2354898636233531 0.5368157584076967 0.2555534562028595 0.31324733113683534 0.6123866513346611 0.08910037876393984 0.3477166990646079
0.9272990146619118 0.5881742091766894 0.8627662221718175 0.2441992822780269 0.4147619259759897 0.8027578757969511 0.44783077741552324 0.25929645615553976 0.9458095750312611 0.9469817227420546
0.3950613407723381 0.04889552096438332 0.08632734731344649 0.8208927844685794 0.6777954038029452 0.04932539533610891 0.5192738881999516 0.44944819537993896 0.23846358155855574 0.6483466063702656
0.9205845464151196 0.05257010564471709 0.3730192595850522 0.37786318073188074 0.7237781111620405 0.4096187629879412 0.2387060956742929 0.8017266109755219 0.30527976616092944 0.432766651651186
0.08407075695524413 0.18704168128633325 0.20157504616630229 0.5694220327547649 0.8948547285046816 0.49367212232815694 0.3296603658715057 0.9907631785405663 0.02537627733413217 0.6941841935931342
0.8238582584625666 0.391609357764071 0.04223904296981196 0.9452543253413199 0.024916145768138165 0.6262684541239307 0.44568164872811433 0.6716068099082568 0.36140964653214724 0.33566514635776146
0.15360825391634758 0.1948362485120454 0.3488224316015629 0.18296754947029392 0.6343167920449037 0.14200825660444016 0.6982769134651086 0.3080947224423254 0.35616872064156535 0.5027216576490922
0.5747408260825912 0.13590070055670112 0.7859198350858236 0.8683540701197917 0.37363692993640996 0.7284957947111754 0.5121589032515043 0.08350142877141886 0.995134342135585 0.4590790010702046
0.1962771307704242 0.2671620987647133 0.48700153430122295 0.9028199988125442 0.9606181840185183 0.9200041892384465 0.0997528767618503 0.48974323579175005 0.5119349642231664 0.624094683348885
0.25192175281087914 0.6452304139736723 0.7680058096172073 0.6627570960265498 0.638645286048537 0.8556719143975428 0.006239720553860351 0.7407645422453907 0.7333468588098744 0.33996177888118206
0.5853261840406692 0.8688630857275098 0.23015444479320912 0.7819448970643049 0.1044624246214727 0.39166009383333344 0.5537944252787427 0.8845891071626905 0.4594167457243017 0.08420096437227154
0.4240514544221269 0.34356890268199203 0.6306639701275721 0.22009678745060446 0.6034877523303194 0.20611161353406982 0.19605468103084178 0.5228545151935452 0.37996521130905125 0.48037103029005623
0.4989574038144461 0.952100451469637 0.03961672716666098 0.2912574050882526 0.12253875977793471 0.3476766571544687 0.5712636854371259 0.8405666068925699 0.8218234107508016 0.05712910296794038
0.1098785353570445 0.9224159903510176 0.34740250770901593 0.8058954209527366 0.17454308425774645 0.7694075891258434 0.6581351802155719 0.23453933936495341 0.5854543181972157 0.5606042617453315
0.8649149941382202 0.7236674400512859 0.05488127404071119 0.009317809582107373 0.8735491483400268 0.35470364473830096 0.838578291867857 0.06687246019729798 0.10202539751603423 0.1134854328723024
0.5070113280957609 0.9279212431088323 0.8359175809518716 0.7336847684439002 0.8498552070856081 0.20355638102231877 0.7554078134109242 0.8983462305224048 0.16257214785450702 0.34036968074480023
0.9183795002321145 0.870373575808224 0.6804826724151894 0.10678199454839099 0.016262206883332242 0.006584939566680048 0.7235916760155664 0.24237585995263344 0.032785866474322245 0.02499638695613471
0.19453458501441112 0.17162870336224123 0.5305281451106263 0.3412820400885862 0.43235931246577797 0.02035849096295872 0.6661158538331706 0.2678984047082743 0.06646173749520201 0.04135767040554306
0.6921673239981097 0.37814958224810324 0.4378439238982468 0.9551052800439745 0.1425396768664936 0.8775090017422637 0.35896595643114926 0.6421111641354357 0.11717108505041618 0.39580238005489565
0.4688133202326126 0.0853603373575389 0.08378494831876837 0.21639566911737362 0.2064041913719712 0.4544895412411053 0.39594945032845885 0.5923209690658944 0.4738117005169983 0.747742137270767
0.29046234532520687 0.46431231440053267 0.3888783660030313 0.46341171627309974 0.47175765569942263 0.5920121298665159 0.13815126179199888 0.359398247420905 0.5170071398012958 0.8371487040427535
0.8321678200922484 0.4776657610288785 0.24281653884161303 0.09627352797808686 0.43807433203513746 0.2598031955681448 0.8628924819556658 0.17068686490371598 0.31866002720263964 0.7605555948099788
0.23578303788313537 0.6824685775244996 0.6422418853900197 0.6781055489731139 0.7527711640544854 0.9980708446928136 0.9444362156471772 0.1630500433158505 0.4482270304763447 0.00471772912337487
0.420705270185193 0.1424307168947373 0.7282016565177101 0.4998962944249148 0.10766807685309365 0.20084084568792915 0.707770806439945 0.9005126842155308 0.9715169110893926 0.8975454093841739
0.5236149721120326 0.9558256989644406 0.06348162981877392 0.76671525416965 0.14554732181429075 0.15705944572539265 0.32513649553321555 0.14729022571762274 0.14917850049815118 0.5766358603170392
0.3304447313041705 0.41965011136977726 0.6316335945169945 0.9412566998155596 0.23678874102003178 0.1881866260186642 0.9532129740164276 0.8456037950185894 0.48383424828381805 0.442033250760426
0.2701154714007822 0.14721568449732214 0.3269292311044315 0.7506243794333235 0.8868189975411985 0.7481371212895868 0.12083946425977121 0.10641860620825139 0.3014399108338591 0.16522786849699533
0.37997426019882585 0.11403582436490811 0.4433693256395532 0.5185554921854194 0.032857564600183964 0.8432211816439895 0.009711196869245597 0.8260865290846348 0.961451093030112 0.8124632949021262
0.9955229845887121 0.7829289790472329 0.8700377203467954 0.250758393328691 0.4825872067716038 0.5246686044190635 0.7637250184912767 0.9969256987702502 0.5024177428627873 0.2268800285391146
0.8332301148459366 0.13904367505151283 0.3214320660116261 0.7766832145895832 0.34045917902675527 0.7709908915114756 0.8096969456866718 0.16725486032339654 0.1784956503353613 0.04873892577263517
0.6493813199470886 0.7124926830159132 0.13996357764816014 0.0659596012562419 0.015027239619580524 0.6565708765057415 0.5693334015478361 0.9366716974967477 0.014976008454703926 0.2619126982558905
0.9975896385999686 0.8720676456492114 0.6217630463037975 0.9991461957709715 0.5617811436818544 0.9693237997482221 0.03902191429290891 0.03389779805976201 0.497326164978241 0.892112381556189
0.4534144380010223 0.8078174288558869 0.7575460739544789 0.6156972407851552 0.9023299914801098 0.14501816752009222 0.8627534791038874 0.9339096001244566 0.551574385810579 0.9801522478642902
0.4103212254500297 0.480963787042628 0.021994490337680417 0.5006344025426916 0.2875114920960111 0.6079874858256389 0.5299618469273661 0.2230627543117546 0.520444416808137 0.5723046346370725
0.5138649866479127 0.28267610382772224 0.8654384362927795 0.14692342737048036 0.10723660967974646 0.004725997239674706 0.703055556839847 0.9383460646401567 0.28886837709079816 0.6479307961241917
0.5305359697124484 0.4127302618717468 0.7912426383767368 0.06271783255065388 0.3649089315484585 0.8735977920209188 0.8808372644766781 0.890749358321957 0.6669174085537339 0.4086980307172755
0.9373356355390219 0.8472664376518639 0.9749962851931985 0.1292997533046899 0.3535010855112819 0.5740742728799365 0.29889501299499244 0.8620975528579047 0.6534514815867641 0.5285317694159789
0.4641374048288034 0.8220839906934712 0.8842958011131651 0.3826966640878128 0.021362761916439266 0.6941521398414656 0.2745716495383449 0.44681701877599633 0.03869408701433652 0.9818577129724342
0.8726489565054827 0.7026488434418565 0.08063068336589707 0.4436835124284094 0.37924171090062553 0.13461855112922583 0.9435640098597954 0.9303136768571467 0.6703959832561723 0.18063821987344797
0.2658672136452074 0.9608383697801207 0.570799469889119 0.2894204380208226 0.9596105008625484 0.9314745129985774 0.28198396189261776 0.7674289429336362 0.5213055996837334 0.9373017232095555
0.49596873039994993 0.32613982341298386 0.6706847609550564 0.8056766411115813 0.6321196038839554 0.9990776656635342 0.4393707952243431 0.08940330392422446 0.8234750466074817 0.38812956528631415
0.7853964681606936 0.4484007337200473 0.24851681480032828 0.5199294599777662 0.044883007049335344 0.06052343242263847 0.1553397074786459 0.9456440308010291 0.04878923932273793 0.44535436553382735
0.45740114133463305 0.10128027874134315 0.530494095902536 0.3592040852795345 0.09350822412146698 0.36067471673250073 0.5290771787771487 0.22521347267450276 0.4394263224350322 0.6596121240270532
0.8535132342041863 0.8993722547861553 0.9344694734012694 0.04706171496984468 0.31459852304762315 0.44142874305284685 0.7436601205739078 0.02830732318432505 0.3542778091480159 0.9590809870036103
0.7145218188961252 0.10478716580083214 0.9061430947212915 0.524503137431943 0.10729494397417194 0.4867479455467807 0.8062262340474405 0.6241749627275947 0.5783425935930264 0.557357247763048
0.8398093138132184 0.5961469083479798 0.678739921728549 0.3007067986623362 0.5578283957499574 0.03328647630907211 0.6935168407132469 0.5711787797293519 0.3255473233158782 0.1867163536755826
0.9917506802402245 0.7779361039282953 0.6765304978442256 0.9905684756635212 0.18368194293753848 0.2858366040279552 0.9365444615295125 0.44734239633822404 0.288252715510673 0.592860312867035
0.254870169039937 0.7625703619511573 0.8029441034748492 0.13417816154129558 0.6346091237794748 0.7981554132150849 0.037515168496605744 0.38427897766021213 0.28891823136651407 0.12566333892060244
0.32422318258534166 0.7811114648369256 0.6667095962937583 0.2040125612071021 0.7493306819950131 0.8799862936392842 0.7892034967596405 0.9804212413664116 0.8641819200566213 0.06002270891124495
0.1178237483846204 0.5191336584351263 0.4288580047172096 0.05221335401014271 0.0342766216032131 0.09936316330635142 0.6173958311771166 0.535719643642904 0.15525609865227508 0.5920521889078892
0.27078344569395374 0.05779935453004226 0.1270693654439773 0.8244642549130948 0.7224202164874555 0.5728072381093516 0.24957847663069044 0.07228727256586898 0.4404573305824857 0.9669981385919114
0.26420558892024093 0.7808405990242935 0.23241028228113414 0.0384016342034873 0.907350296404566 0.11014335530326624 0.039661898293683495 0.5348260894662292 0.3784200465492834 0.9230150056522716
0.4129507748824206 0.018088703637050285 0.7007750137948137 0.39104333421431015 0.6046667373561188 0.5188580060247155 0.06424152548169348 0.4801692553376897 0.8397513268384655 0.1740335261426731
0.6294488357956811 0.19580170130275276 0.734228088676499 0.2973768122338244 0.9470961548992551 0.6167897564282948 0.018863761591370154 0.6241470657083286 0.09935794838703771 0.42824402439779974
0.695188270575474 0.7917835504777733 0.9059875787256431 0.8751121694788452 0.5020777112293758 0.4712160571822931 0.054280487867152116 0.8015786556113407 0.10333144099958336 0.9471739187810334
0.8099098982829375 0.7157719266004238 0.7201505331126047 0.3609027004573222 0.04474963358819406 0.6249272319488853 0.027151870831934044 0.2749875114173663 0.6781499211010251 0.7230662958127785
0.0065281407428361415 0.6975200330111281 0.26973396528340066 0.8814201787840362 0.11219126357735454 0.2116361645363668 0.42463457035883156 0.291234731963384 0.5342126527163632 0.39648973447404856
0.8761912468013013 0.5392632369165195 0.5736009153650006 0.29701739493124213 0.5964803413417417 0.8581633952348658 0.13843339317302594 0.30238791362603124 0.05165218921787851 0.2871816337055372
0.15458545170983629 0.4268194304363353 0.7669002794145409 0.0029202435283526285 0.24777718483336886 0.6514858922641437 0.6949900645694103 0.13564777743743284 0.3983840467346762 0.6825241553542497
0.49262531374017127 0.9735270640321358 0.39643465430153557 0.20769164810144236 0.7005327157262944 0.5752989687595612 0.8314454664134378 0.49301364238663614 0.9959959949383412 0.4613744404812724
0.04021820015320321 0.9507984170483488 0.14067306461859908 0.23395129891199884 0.9054533109238688 0.13168740658178557 0.9818808674172528 0.6886861033738924 0.6490083509367506 0.44594680994136204
0.882134403563315 0.22361601252214902 0.7958575219989177 0.8029958516074106 0.249577755540485 0.12543883101320386 0.2982846180923798 0.27320632567206704 0.4210467283662507 0.6189244823421353
0.4045685080132686 0.8222966191786673 0.0098541571093953 0.4021441176729573 0.23239689291455046 0.14618299576087757 0.9719903904979643 0.7583682003539074 0.1644701091564017 0.6429397813363763
0.06728320958759004 0.2348980226245223 0.12223412586179594 0.5985589156686032 0.0961631258509954 0.30975996987485765 0.49340773307695895 0.7344886087572378 0.27803102766705645 0.4291052449599837
0.9899459126561895 0.3674703457362142 0.4038272067643699 0.29132242741738856 0.9953077119864226 0.5659814301079037 0.9432523320879226 0.27828377089418543 0.023373658421301124 0.852630412717378
0.11619220112793527 0.4898104589148391 0.7560842935632728 0.19814151679037906 0.04824986283763333 0.9243563694481288 0.7528476372049105 0.2801025360005951 0.5218903311216578 0.9670732590876038
0.3319906668229188 0.23844096257603276 0.5075544593886058 0.4958351118332973 0.3130057166150647 0.4496311533778895 0.6132002953820516 0.5964629189368136 0.27806972748941516 0.16292468036240304
0.8260817257832463 0.09030533200034796 0.7622905939069667 0.19443574379701511 0.437175794642227 0.8204951783807056 0.31436155772896257 0.25870101454130134 0.8365215448272042 0.9176148981979362
0.6827812759963828 0.9323745505907783 0.9468351089254721 0.0711690874600196 0.47752322792365554 0.6910050539594965 0.4231168136851574 0.170175622787047 0.5330154634725378 0.9373840845768229
0.3875681078998826 0.5443513844909004 0.8555175898716746 0.44874100239945225 0.3919875980847838 0.43678243428744024 0.4764587871530247 0.21010083287322046 0.5039166028896982 0.2696322973387443
0.7530271533801228 0.17240966920965695 0.8981569358621798 0.7263571016486785 0.6582772815822158 0.0765712751749561 0.10188454881073428 0.6670586134443676 0.38524927605244874 0.11832775738698498
0.08943449450496033 0.41802239549266784 0.15306943889647207 0.8939566258860688 0.7519343696040133 0.03215047890677847 0.44772897430349334 0.7630445125517297 0.8773145145919794 0.7039131410440522
0.056213832576868294 0.49213836659963517 0.667825460949569 0.6406082565416691 0.15988551834887732 0.8018626410857432 0.9950439979167445 0.3411302188587454 0.44148878117259904 0.23013097986977493
0.046451270494398345 0.4141153742286843 0.6298892756639599 0.5453694706562591 0.7530176839521732 0.7792440202210063 0.1576202873849436 0.796207956218448 0.4038310913329214 0.33864381384155195
0.6385447048887632 0.9678845088871897 0.15165591500479703 0.9797533313629534 0.6864143724176668 0.13064761198109054 0.6924130956337925 0.07666811992006717 0.1898361360374482 0.9117297533800867
0.2619216282422562 0.4939062949379577 0.5351301378412813 0.1000045440647005 0.23484440887529778 0.46469449642162686 0.42579227624163796 0.20122924412268384 0.03363271650322108 0.6152890131198743
0.8857498909438862 0.8018134305857751 0.7593648186384068 0.8375109824700171 0.7533257863135325 0.6703433844727619 0.9417262270415834 0.6735888654426487 0.4738023454410414 0.6286310705169339
0.07198035800396885 0.37056511897695765 0.2807043814481722 0.35784540837434786 0.13063021543095832 0.7859382324121277 0.9193954346830685 0.47032317014395564 0.15057276890725502 0.8818753578244259
0.9113093170630523 0.3739449761016045 0.9668999696505013 0.6322449305948061 0.9831147566828186 0.683501851418448 0.6961013164643337 0.7848822902071392 0.6923379142601256 0.19226620913219616
0.16027457804027123 0.07091596663675759 0.46944403164010495 0.7070204719642654 0.4260532054926419 0.13364611718656882 0.26610594865549075 0.3710857648436765 0.8633100420570843 0.6613803273216106
0.7503637477480347 0.45243166476766916 0.6452986753594678 0.9517966998261892 0.5216066688205119 0.9577375538295296 0.40974557062076356 0.40981759938533335 0.13178436850685493 0.8483151053529571
0.8795072255463823 0.286642023363466 0.7939821712221204 0.08009003580453278 0.6017587130893433 0.3044981436472697 0.5354701357695165 0.1673811156392342 0.6062809661069496 0.679841897076025
0.20956381594965734 0.47900264474201226 0.7062661241153267 0.45714159482344663 0.2191099237009595 0.015256396213215395 0.3691617167691079 0.9960525678353153 0.02413755167703857 0.985667510180657
0.5704259377965223 0.9166995084391458 0.5071913492386747 0.1098582122805648 0.8096677967054859 0.8009490764557868 0.05209070748773181 0.19774248145107787 0.5164979706788502 0.4719685611283081
0.7553341993557745 0.23026304935918573 0.4025167785457575 0.7300309826788336 0.5340964105839697 0.858182210355645 0.9262182749170287 0.009440714332631162 0.02073983519954481 0.9639762949449622
0.9291905882385568 0.5396182804489402 0.04099174792343341 0.6906729041710189 0.6748437917639533 0.24279629320251428 0.16141225342709953 0.13150902926858932 0.974999172182992 0.7814434049927667
0.2615060617728301 0.6955775715621346 0.8250240215754511 0.8804465024714168 0.3368076808779471 0.017168101394387403 0.9847989567750853 0.2922457435766753 0.7714956536837898 0.16029769365201751
0.240655318940192 0.5475313683586892 0.1325684201579942 0.7849659239570212 0.6625222547339545 0.9397746185086605 0.132340996307864 0.8879576436472927 0.03087454285692226 0.028779680426508247
0.7819975615044742 0.708556125534118 0.7496739402106105 0.3166075938444406 0.9161628989194024 0.3983180778364084 0.984347946240287 0.6486368106872624 0.20693052437548598 0.09410130768619118
0.4679519121226341 0.32318957517477154 0.5055136292055439 0.10482467351449964 0.4040119080175354 0.8550669615352814 0.8506599472760822 0.0249792319263773 0.16114697481361395 0.8314996955147741
0.7651995191484859 0.7216983099920441 0.002421414449116477 0.32343598056957545 0.5255699861221413 0.30723357189268496 0.9214790205590557 0.8707515684310438 0.9338910650098466 0.404972941581363
0.7678628109790739 0.14688097350651086 0.7481363682906078 0.2446755485346812 0.2355254186891259 0.026533804569784936 0.33317698218706016 0.38138763869773196 0.9613868728092787 0.9295729203043159
0.28394838931720556 0.12254282945647588 0.9348978923529151 0.9947964397769659 0.7417182025998764 0.06903875539651172 0.6549186484481822 0.8492786970616945 0.8754091770384674 0.5286215557425121
0.9868242719823203 0.4820899847092214 0.5321584318390994 0.9436985430208686 0.47060007227406475 0.005628641757217667 0.37477035798512015 0.8907382573876332 0.9097911457099105 0.8934630943037867
0.9184470823722819 0.6547067717785254 0.4315219270233327 0.6204959099295786 0.7551574731754117 0.8595274536027095 0.8494040118657141 0.49942523173006204 0.9112312223902508 0.14434103172159918
0.0840009361770011 0.9068939446298941 0.7222424643799336 0.4153814830504584 0.5996207526416139 0.023380347542835245 0.8289725279525356 0.7745725506194496 0.30155885772855806 0.6727981651851078
0.8992192129280763 0.828488710460028 0.10451495209190331 0.8409383286393706 0.46244558744293174 0.7151133864631095 0.4307592326464794 0.976298355565872 0.8077386234910241 0.8508663343000135
0.22572534694526736 0.23250979815613682 0.24027389617055794 0.09666134780347979 0.6890583093373001 0.3984877749415745 0.11745958508871623 0.7692940388160229 0.8107474789113235 0.38059107306144646
0.9931595697526746 0.6832490733565708 0.9748265946346344 0.7504952998525346 0.8868715641482001 0.19805488647581626 0.3472238295064082 0.05314522565822799 0.16446325567565334 0.06760318449371394
0.49969680011141304 0.2810671048697748 0.7680457802589941 0.7403894482589748 0.7383888860613526 0.16448561616894997 0.5647903238244286 0.6434199942040894 0.9033948503075654 0.7011035876753609
0.39797059279301594 0.8975696646916713 0.9848251293632903 0.6550680437825912 0.01823971851927475 0.8584640810282682 0.7612100122430571 0.5915583509075244 0.44912777336321064 0.8544985766245305
0.8076863096378559 0.38159806960019493 0.49797157520198043 0.5023957272623735 0.6442604477300651 0.011105118066912723 0.06196568716920681 0.020742098279184606 0.498544291896457 0.9588591149665144
0.598750006662005 0.03323370129491299 0.1427103596129058 0.36997907545321473 0.6319255888175568 0.45589932173880077 0.5310157702997558 0.7446684772201564 0.44411724390107643 0.19635942062879141
0.5120952048128542 0.8863987483965065 0.17367770386540327 0.558217294440187 0.7193248270882384 0.4093666800852155 0.3758553055588171 0.4399690574069418 0.8529108547338271 0.19197455357527582
0.7352226385734524 0.6453567662933346 0.9589578517978443 0.7812469207571939 0.023391552361209156 0.8808795112353734 0.9836233472694187 0.9025106795778559 0.5845150647885784 0.306215034250518
0.8345671613899827 0.9093307089090359 0.6008043824708738 0.8245946397587235 0.41725523762713546 0.22060598301380807 0.14126539380529535 0.6527121946862947 0.6302791590110752 0.5348958859753628
0.5290851634306545 0.09353805176172048 0.10170475262606216 0.8864607236953378 0.8765762892688722 0.8504469835645914 0.5275636178801126 0.4131634105133838 0.7313129173498003 0.6673586520859697
0.8339543442796714 0.043294982657479 0.6530693231873925 0.5571284924024764 0.025820397405938555 0.1765490011410199 0.19839768366088417 0.38921508667327576 0.5083244226369171 0.8337851320517115
0.22815927331604957 0.14769015607364278 0.8708393659194661 0.6808859706966501 0.6730491133496569 0.7419456123010411 0.6089288264404198 0.7939246551671645 0.8931310158036883 0.8549918012723006
0.02629051512537517 0.02602573800179253 0.5496263307446791 0.948029308352956 0.6064882809614615 0.36071551425071746 0.4706764294084984 0.20501671047404868 0.4733997202835273 0.6922215834613243
0.3375254752079019 0.8972451030364534 0.16965787257937714 0.06009640163305263 0.14354660044899847 0.3754692741475877 0.8739671386752298 0.48370278308306713 0.28576098116477966 0.6559349262709192
0.3510251247411863 0.19151398987558588 0.8369762754106356 0.3566799103823607 0.38188381212329336 0.2208446946019228 0.01639701626566581 0.5617768581610988 0.15793448880221372 0.07554346429126513
0.12753640916768638 0.04372330897372345 0.1383033245599835 0.3723412969910339 0.2644853372827528 0.1579749950616266 0.1682949610434148 0.18096472922564533 0.9010711969472395 0.638656343854604
0.23562429647864824 0.06878653935611712 0.07216552904888796 0.47077201390582757 0.10152675112486231 0.6977003702855523 0.2323758924803605 0.9917818375751222 0.18544035119628388 0.18907054601002804
0.03458441503375198 0.3841907172204607 0.504803377994983 0.37202163724187554 0.20927149499341635 0.7608444248615824 0.17561347632385393 0.46099696666848 0.4452901801806354 0.11591075556639219
0.964745483593451 0.6704288352676057 0.6737327639468522 0.5170649150231476 0.6516271098978175 0.7675278687412627 0.43875824046846046 0.04818711530067232 0.5047224199923602 0.5886122327754653
0.10272563672381607 0.17691912456612402 0.007375582374839151 0.10006231909885255 0.4777043923717028 0.4177160096064604 0.07791817598506467 0.6718998064610222 0.10141041131837814 0.38856769154287696
0.4205453871263687 0.8501547766172788 0.7828419265055725 0.6183550214565896 0.3163175423051162 0.06359796906853721 0.23136683628096533 0.7518429696551725 0.11774539492280023 0.38107983776190846
0.5527389166319435 0.12060350153566812 0.945769029330626 0.6476318016511131 0.14649753702598167 6.993720779386869E-4 0.604541596802609 0.07064934475430418 0.07143170521171738 0.2617492278708998
0.5272808015349257 0.601890615467428 0.25926580900052776 0.527033255572658 0.6455529916272756 0.2666881378125001 0.05145116175755937 0.410588157210967 0.4347054347337007 0.9286855068476544
0.40992412486280305 0.8747787223069655 0.029764731708617487 0.8465748707907792 0.809917578710501 0.26062286512122657 0.22897048309578794 0.7787249462376833 0.2613897810498753 0.08318555660953553
0.4062148373355331 0.3222539109389785 0.12536084814957238 0.2556465271863022 0.8390104608021335 0.6350145953676755 0.3924235316945015 0.008185562318120954 0.7252105861361987 0.6821247346568247
0.8729219256189894 0.40161815004703527 0.20955677083468915 0.6730877886348333 0.31176786623868225 7.534508946041019E-4 0.070231119070721 0.4112150113266796 0.7855917996989651 0.968735688596037
0.3259418488814131 0.8639727906900281 0.8659009351658279 0.5711687173282753 0.9156721380222872 0.38104360083568334 0.9391445174970539 0.8376131976430621 0.7760737344641898 0.6363031247571429
0.7630624896265739 0.9180845124401695 0.09558925913355798 0.5505797537282234 0.8084200600030043 0.49346818498786815 0.25973713611015836 0.16397719543347788 0.18620795113883293 0.4513100454672211
0.01859620233014858 0.6697047470502964 0.9926137590450597 0.9222253961681662 0.7053776571586791 0.595773582456463 0.7175471783027977 0.687212503187328 0.9140738223843992 0.4265822969807558
0.9572282211540375 0.9124434585906498 0.904524943550626 0.7933279386123814 0.04732362202838736 0.14564489280421566 0.14484655684205228 0.7303437354418535 0.3903440998958362 0.5169705482574811
0.8240114574451353 0.39387820354847636 0.18949072678849543 0.12730598111770453 0.8714824377260675 0.07049458235671013 0.020866032155990477 0.6782352609270627 0.006142690164562703 0.26418389530079045
0.17694145566004726 0.5004386403407253 0.6033728623605832 0.14444834428393027 0.9963998191666033 0.2710788434708916 0.716975481059877 0.6620262583543364 0.4589473123784842 0.875772869946233
0.4217482925809959 0.19459420834990038 0.16841726461682094 0.06703552605887031 0.7528603973582735 0.671694888486915 0.4734629691356833 0.7986195739373672 0.9097863533446492 0.7463046037700182
0.8823649220005348 0.37396653724016504 0.06540452121027018 0.7298676504660849 0.11695311921608931 0.837021593892004 0.07496849255752303 0.6882888155916498 0.12037278356286651 0.3549544903979214
0.6150109044718727 0.3082898739290466 0.08439725341913251 0.6948680101198265 0.7988413378552875 0.8866993158540608 0.0942194535717612 0.2803642824384728 0.11315101508733094 0.06965912942488517
0.3021291060225819 0.7288781889313142 0.5993390835174667 0.7743964827080569 0.6362098606279889 0.21697678341141924 0.5635261897389131 0.06312168170764532 0.9261668492145172 0.4983616405108431
0.7408232742210729 0.6067785887574156 0.9856218952776865 0.9081014504706301 0.7622746177948962 0.7757872277334829 0.62869005904225 0.2266599344253003 0.9769959686351728 0.32558260250497595
0.8183779009808683 0.8485741970266137 0.16737996807974653 0.10666774077888841 0.14532006079710114 0.3031771619434952 0.4618428507284186 0.2220628257264986 0.6175979038889398 0.8085468963694683
0.7974378631227224 0.5794470355838063 0.30585980354323516 0.20490490162513086 0.613762264340425 0.8409528286987775 0.7326900848015475 0.3099743812262755 0.0699366327838411 0.36048712180580356
0.021149223508944437 0.4663481401017142 0.9680365377233521 0.816617758259178 0.7246353117005742 0.8097057879187324 0.7392082762419577 0.8984775509071817 0.9486928346444548 0.5767581417610707
0.30280187907837586 0.5828023986666968 0.8451216460135449 0.5930858607157234 0.3442063399153803 0.25213406963034235 0.8097153645036109 0.9335790694351295 0.5736731427381836 0.14738196338417264
0.7471852908269663 0.6319729085844327 0.826266498738738 0.4223529863489778 0.5803020023901603 0.23101376120678085 0.4421793521394032 0.3735215714464455 0.7750141102687004 0.9110794248154718
0.22700640680549622 0.25522728777891546 0.02927921948702672 0.9126158156127561 0.43316686783197034 0.4586504254091994 0.43056991260841415 0.9765419052634318 0.6265209251748 0.7323306366647042
0.3254926757552258 0.5668134872158812 0.006325840800183835 0.5526574864588932 0.8646859466701717 0.7106256000068506 0.7320289575759119 0.7146760255332516 0.6871382999806851 0.39427216484404504
0.07699647426400358 0.7067144178093528 0.4902957370509847 0.5864710992474543 0.7771283370850557 0.456754703040538 0.295802856589945 0.12600138895464763 0.7714114718428201 0.5941321672823378
0.06544938736442185 0.9067884808020841 0.6418147188364457 0.4570620511451693 0.9478702718775177 0.021112740837615718 0.45153062155554435 0.6946576829039729 0.8437739016861883 0.7804054208182651
0.35342095909521964 0.4615165586260166 0.1659498470013645 0.8231348953918772 0.2946239605944727 0.8836166630277796 0.6400335416620659 0.8405757773777944 0.3786332263266974 0.6861779656806761
0.7429827421479804 0.8037920435285119 0.9627597460182565 0.617308812464456 0.9084463447720308 0.9589544451222736 0.36673978069729707 0.5756711647062529 0.9416829709822526 0.2731519386825666
0.1473533708276289 0.15606178180062247 0.18141367802770925 0.4591451172248341 0.2542692115339191 0.6637217755370094 0.8219690588155835 0.18504984054197848 0.023933770944181254 0.5163499559128777
0.46631814048370157 0.5837269689088194 0.8911738829126113 0.35220982377818877 0.41904265576151045 0.7166945434203686 0.902283157082039 0.0933846339378317 0.4480469347090966 0.21866659336386574
0.5987151310341665 0.675147805589005 0.7447704743791507 0.9513628145362131 0.6071065499775046 0.1455815208352994 0.5948963707769922 0.12902156933859554 0.3192063435370779 0.3639891577721762
0.8350256270068627 0.04308848177921887 0.37438751176006 0.5823118567384851 0.5155140641248016 0.20984153677494932 0.26777015893169676 0.7806737070956348 0.31564465033006983 0.49225238446770336
0.29858605274089856 0.746343573614919 0.1645350049332217 0.5061735844464633 0.24626619197750166 0.5348161698578576 0.209656553155957 0.4109793894249004 0.6158349797425068 0.13237870857442802
0.7445675909900649 0.0060776098986822236 0.029545262417002505 0.8514438211370325 0.9584401674884047 0.9072488423401844 0.3582912240390116 0.2330930386648089 0.4021861965676029 0.46055832899414373
0.4841866446468961 0.0056898890232420785 0.8794657290939392 0.9666247685018452 0.16479813935933207 0.9540846954827067 0.06558610850930224 0.7343200498455402 0.32987450200451385 0.39084868151517294
0.5332775562479307 0.46051169367850464 0.28301489824091686 0.2891374338677246 0.021557633022600164 0.44125040415175587 0.7035696283694051 0.036198904522984354 0.7223732089594348 0.15984276431425803
0.04816980420055339 0.19720529065552572 0.07943491380095546 0.8685392922814167 0.9366328470226108 0.6410010221966507 0.09463639224467824 0.883106268782627 0.3735929402048739 0.8725246728364031
0.4196764214340166 0.44333948098781006 0.20505649493727918 0.4410754830998609 0.5739789484946852 0.15761665026854277 0.03818524657852551 0.8492599777957262 0.47473282609249534 0.24587471521904025
0.9629598581554344 0.4743676261958879 0.0908487480216259 0.022936582410023165 0.8059796798006282 0.6320893437762859 0.43985887817046065 0.32290211818340364 0.31950509818326145 0.06190565058125397
0.33525951573337986 0.8553559523996015 0.6629508524234926 0.7941364767767546 0.2615252845431242 0.8054346442763015 0.7693899150393307 0.5705578578143777 0.5049988293261908 0.34233446423820324
0.7062296772821514 0.733654980662927 0.20108692945134898 0.08463009825835499 0.9370729876992205 0.7739956476325766 0.271670706924514 0.9858136695886254 0.4708788276328084 0.5308713378716374
0.3213637480459194 0.5497528205671643 0.24488860893431896 0.37826809592499966 0.43722883329341933 0.7633049526567991 0.7293856034439855 0.5963927961206635 0.49379044514061066 0.6421146490099274
0.6652068756632271 0.5283947522170573 0.0036567158927817145 0.8256597161322461 0.049028335853436245 0.0525866139783171 0.7737912107449034 0.2289007426292965 0.9667952930200003 0.3623826717984372
0.6284511849770689 0.36042779542700953 0.6422724357268674 0.039336481121777456 0.2420359900038319 0.5507872579692992 0.11553848853377835 0.9290741036834363 0.6885653129431226 0.9997106686194351
0.2953527473227615 0.38558294611747723 0.6592340940373607 0.24725657529241296 0.7396719914815854 0.03623087188744034 0.42546695106290666 0.4014154073856965 0.4101978883162454 0.3380534365845982
0.5321218657689714 0.21351656578571676 0.8196864981373708 0.845261968065827 0.893969443091354 0.8828158096655706 0.4448533340438455 0.2885888163336967 0.43830032879688674 0.29293020080423937
0.013058615231975934 0.27900032594390034 0.687490378610161 0.23532694991800218 0.2875591432889154 0.6914720866932565 0.7075792279238077 0.05886152480284923 0.27396477801857655 0.5589352136277456
0.6623949679494053 0.09939931204147734 0.34963891210621845 0.6121660499563197 0.8074836948723955 0.18984450907164319 0.6781341489937738 0.4383065345995766 0.13407995370189474 0.5284387333641676
0.41235575614790543 0.5988656241163797 0.03057965722973166 0.19198081537676026 0.6129969627008846 0.9474669742985667 0.2674547375296735 0.620658689857313 0.5128920495504027 0.8182716044729446
0.3312744551159864 0.47247290466518954 0.7432844877440513 0.717918737576151 0.6344754808154037 0.3477707262937112 0.40460883260315594 0.6469917475404713 0.40974879107110884 0.018198542287241493
0.4122370788903066 0.2014305978599522 0.16138885040746276 0.959419643461168 0.3767412958837829 0.1599755630591444 0.39067615727980276 0.18323315724699352 0.38857615511208143 0.3506419660624178
0.9383414585841205 0.5922695218242581 0.46868651385089966 0.20738900991616616 0.6943863201140196 0.33922614418728114 0.11939670310716544 0.5775599161351562 0.6140111841978995 0.9626469180727701
0.36403978342510923 0.0213354147208068 0.9481287155405883 0.39253743895967597 0.899136522128218 0.0563554506219639 0.34791684880857177 0.27164739590656994 0.4995356436918703 0.5438289653040741
0.035092283219149034 0.4220405831458929 0.6147781018536805 0.6868656062132091 0.5430622186990627 0.701611690242355 0.17405002911428202 0.9174265986973502 0.6288378685094927 0.9414986009304857
0.9774401165419924 0.28520703445404816 0.8315708736379392 0.1328777183460963 0.6928196696424052 0.8299250605439501 0.8107994445419917 0.5404187472290808 0.40051377900044627 0.8179079630829447
0.035967965436814464 0.9597148488353509 0.8320349889414811 0.6545291864659474 0.6185105592417062 0.9072927112423317 0.9345013281832315 0.7459642104058734 0.07876522090183635 0.13434644088956482
0.158962889797149 0.5768973702269369 0.6222119986895285 0.48912813317416437 0.9187121696214811 0.7952258974123556 0.06300538359094132 0.8179669826561631 0.9927554022485423 0.15047102172172067
0.8774970344580495 0.2911779512292725 0.2599732197935536 0.719521014326447 0.996422441525462 0.2676601466643507 0.041100874080006955 0.9714937635667483 0.8516506709886024 0.5707737868057223
0.4985097410481688 0.8729219722087642 0.8818738278171904 0.8381241135861627 0.997873358847357 0.4151268936508167 0.17133879126058893 0.4291695199191734 0.07115268919740236 0.6575614825671868
0.1467006656880011 0.22710999786895048 0.6369371418397322 0.6240673169052777 0.289303817985222 0.5553014341379311 0.43202916586596607 0.16340405205451125 0.6336728632413273 0.3434801363607731
0.1872620517023904 0.19107409367364658 0.41772290033349757 0.6253710309112726 0.9408918263504248 0.5663792042426965 0.6261744216574365 0.4267921554092673 0.02450613304305216 0.22680996440205214
0.32588493795672413 0.11215694472432625 0.6792438723276778 0.10128288691533172 0.6302862613606999 0.29731518267469526 0.9642218865406736 0.7544041544926168 0.8498426981785843 0.5079620366102044
0.6044155472215824 0.6758530949115784 0.88642180317093 0.8653844246115467 0.6918423166031394 0.6221423794569492 0.2116963753699589 0.21510203039744313 0.7017487263141444 0.44242611480915406
0.8331723631178236 0.27900040880416954 0.11460282172939784 0.3756908981042212 0.49616458761516724 0.6078418511798367 0.0450454672560896 0.8935795332383171 0.9960179779101929 0.3385790748579015
0.6705557264160725 0.7812601241190824 0.8820993310442072 0.019686082540785077 0.9254371354149813 0.2981684225650031 0.023560518573345623 0.05775899067943757 0.8798329160693706 0.9411147108191056
0.47660108810532575 0.6599295157547255 0.4588300665732463 0.544160689272878 0.8439347166968805 0.4991719598042912 0.6733136196314794 0.1928359994266282 0.849390081161281 0.713374393762282
0.3320842100509227 0.7046780956400053 0.1640539235533518 0.26408328915450097 0.28385307705375185 0.23374303783952732 0.6150903072678813 0.12712021138299578 0.5980809755358087 0.8936490666997653
0.7843463978934263 0.2648078711257362 0.7352284136195592 0.16187875313978695 0.6610823529687433 0.8383326373093668 0.6798363318150579 0.22747960681720691 0.4516386670065029 0.6588084462444976
0.21395821075774712 0.3749671346471095 0.8685813492933718 0.44689769501755106 0.9938157159670261 0.9591483857164063 0.22284209212854478 0.07338217794282609 0.8591518047769326 0.5187479288000412
0.4245961775512138 0.5868674179611568 0.8526068235591547 0.10113262376381726 0.5620989220157747 0.4998420174499245 0.7555445274900973 0.9260951124537964 0.07242636806517411 0.5006032279421918
0.5571065031345729 0.10357060537518914 0.6440440328212074 0.4860986550719777 0.16487534484280342 0.23832507218254795 0.8983527949866656 0.5695233339819935 0.8383780714023592 0.4040672640865226
0.5858386306420894 0.5065500052461556 0.2807630404592689 0.15010122556194183 0.5021785124781344 0.8053604527402566 0.059335354370533944 0.9155493014559889 0.5806322415350921 0.6381836118581491
0.04223702024001408 0.4693409747667011 0.6492758577568724 0.5558360211451197 0.8364096292756923 0.7685754861251608 0.1551091387074548 0.9217991372760627 0.7910794437188592 0.9335313186771479
0.7517962929459301 0.9286569266109452 0.9913555862838307 0.874509213604668 0.02377544972453982 0.0372562694359484 0.80813424422293 0.4738594832160825 0.7766989398625875 0.6877416780153929
0.9933528796970524 0.12595874214462877 0.26264332440999505 0.1716552476847082 0.013740153325377924 0.8685646949441727 0.4282542871407756 0.6255814095130703 0.30155926098083286 0.30089208839742176
0.7749682498167904 0.20935530446274753 0.36744304576531384 0.9769173309754233 0.7026792398847457 0.6656426776102646 0.268271647279692 0.9868321248930199 0.2716958407912631 0.6227381117733963
0.7521446532694392 0.9952319949239739 0.16255981988702284 0.1987178384588112 0.5128512443958282 0.09153879597922576 0.23927448308107957 0.6926218200941247 0.3778434477376086 0.4263202378537303
0.5287175599480732 0.4071295262093453 0.9265692939653932 0.7565843146219953 0.6174896732215098 0.9372324135981198 0.9901239897181693 0.7037896453054346 0.4371761909033628 0.5806953397569607
0.7185291987285176 0.740227578715355 0.15997691643866196 0.8786383493208622 0.4185512504404686 0.662595359549967 0.4588844935318831 0.6783590277515235 0.16282190110156947 0.5859942578919664
0.7000688703418794 0.5255548986664631 0.25012567433915134 0.29725019934893615 0.7298519512047278 0.6393944654701765 0.9570700230785943 0.1433686777251345 0.7946332007631772 0.2014242855482713
0.6629558852184103 0.4990998710544513 0.7893529785902446 0.19808866127022162 0.3525178140337759 0.2570037660487997 0.4685576347280447 0.5966779874044469 0.7053046316274586 0.7140692321634509
0.4738565336377001 0.20580987015307706 0.4658224815070884 0.6908552106380497 0.03253792440684733 0.17408746474636383 0.5551646734297101 0.7122859744986132 0.9643368956065654 0.7143673874336229
0.43270345235608076 0.6036464580551414 0.1968255870107699 0.3061094247102185 0.5455206596223534 0.9109882469247711 0.33462209598839265 0.3245689584846029 0.31360602597505594 0.1420701739123481
0.9535911121297901 0.7731320407318988 0.9904532300022282 0.9421219067700167 0.19843616506799955 0.5538823700998112 0.9115351548512984 0.9681330402257791 0.9505593301132683 0.5015282710683923
0.09724186012126723 0.4060340912237759 0.3027915543110642 0.22710703278586686 0.9122160302264514 0.7870497708818089 0.32857283415632466 0.6704225716259202 0.49962215313618974 0.002669371575743429
0.16538786007194373 0.14396233559313876 0.0067375583099853475 0.19209267699788168 0.24574012734084127 0.5660772128732996 0.19735455248112554 0.4816743247511889 0.10367306724778602 0.5274985455427205
0.9068350248332483 0.39280307298125783 0.5608241265239435 0.8128044441466556 0.9372599629010208 0.10281723949194232 0.2532237736488774 0.007236906600150972 0.4129680706439427 0.6429707582099217
0.39852805940124747 0.8593109162896652 0.3208792761262428 0.5481290375077278 0.4231004274467788 0.14094473260451879 0.9453504623940335 0.4347877831828325 0.5693341705708871 0.8493803600662914
0.17391231107798 0.47717143404315987 0.8858340310196131 0.7289522906646783 0.1980876245587414 0.7755828170201207 0.06655226547503146 0.2558009238396105 0.9625931276319495 0.16683894717629233
0.44970015729154267 0.42491726198063573 0.8265784838948494 0.11354231770983392 0.11323366450709582 0.9064433840205279 0.2921573951933619 0.9271009367562266 0.4109371863712131 0.3969432115233843
0.3283376298288816 0.7288247549266094 0.4816074098968419 0.28139650512011605 0.7725583355264029 0.2340895595893533 0.23356436271704573 0.04295839742362806 0.5273941258165423 0.6564741687752608
0.05769448392608767 0.2100658150634327 0.7865876288963344 0.7719403805752758 0.05445634966615476 0.014261060930031544 0.32242329553894267 0.45753927703175656 0.8737565905145772 0.3471419608398443
0.9455570504588386 0.8247916977653462 0.3613302466332209 0.05113732662176074 0.6087676476136489 0.40480446638864054 0.08123565360950247 0.05634482819132869 0.26769768044012054 0.7103485685362213
0.4413016489585502 0.3844583380236871 0.5345031211250453 0.8995386642105343 0.5868402789444253 0.5808500896026777 0.36443243269065206 0.19641833245884555 0.44766560395293975 0.7071625422421859
0.500707180730499 0.18566880628638294 0.32443541455747515 0.6293038204026931 0.16967852908923686 0.09182335728495195 0.18255906547032286 0.9695293687902898 0.5660846083706907 0.67778360651144
0.38539159819560365 0.7563319440978441 0.997335940051759 0.4530975726634867 0.9431607825121997 0.5021508346183176 0.16610760229698496 0.4693743067327518 0.48004970661980584 0.16645045222128352
0.9621180386416864 0.09837288308749781 0.029085261447730493 0.220507119353063 0.30682626141220315 0.8377184777695837 0.45295793021421626 0.8202827947402415 0.048880913219784716 0.36986189802402425
0.7586265957924652 0.9150522627820539 0.6435056558557407 0.8118130208513277 0.8245367761552802 0.9719906619761766 0.3656074743714032 0.33634289936417183 0.09150887018481213 0.880716483071383
0.10424589710551624 0.1197628800685887 0.5818286521805541 0.516824352915027 0.36520240616801825 0.8770537151139107 0.2057988803491564 0.38973133480884403 0.9687413265713106 0.08203141391431401
0.6909880949836582 0.7776990924229723 0.07125462649261827 0.3384003971110393 0.62663801724576 0.761683646567333 0.5623350943909499 0.2669591376763374 0.05416911331854635 0.6097033357828566
0.5929231947269044 0.704887125819689 0.7544489603388085 0.034704822158694415 0.9755254783718892 0.9749562855693024 0.8834655533774258 0.9514456540346824 0.46410292174796064 0.47567357526394205
0.8902739313251868 0.4917017507467786 0.4690799838216544 0.8677764482597223 0.7145610682841997 0.2021461118754544 0.5920261644247509 0.6881659301839387 0.10590047363031663 0.5455352915917
0.4749137455730501 0.30927674212272016 0.5327448153346023 0.05337844102914069 0.8504567987917732 0.780047885333593 0.5564309949235745 0.737052869166706 0.35288820589236725 0.23407101337556502
0.7339490530429666 0.6543696584495098 0.6026327870350071 0.23115785625619678 0.08295256695084718 0.8498813008818376 0.3136865970270788 0.6104826137607364 0.8934650223971171 0.2397627244614523
0.6891134889296749 0.17661853029135433 0.20296292936410032 0.39588613238547177 0.1679221946306756 0.8142024537115089 0.5649932769307447 0.5987489721599351 0.6656880509085644 0.4326251883152056
0.8362091843949337 0.975203669733153 0.8116358037659068 0.47905904103614083 0.5826846746514032 0.014476476866899568 0.32650095634521237 0.6262989930226027 0.36359528551419573 0.2647521696593155
0.6083386746920749 0.6413065761321108 0.5888285615119343 0.5526403891600984 0.7975513757044984 0.3710113836805563 0.8668146504624339 0.6391280419651804 0.07775698976268286 0.24383725297293934
0.7598438155710765 0.8281618398584354 0.7357220052641769 0.6785860190307769 0.6463641433542878 0.6777937860287487 0.5514344092117285 0.3167243062656173 0.9532297360164823 0.6288613436202551
0.41849408521396136 0.049784236907271184 0.3655955699770874 0.06246358250539963 0.7053485712857837 0.4005016783496973 0.7481323791406708 0.0250331083734725 0.759504770123428 0.9344807181159811
0.4184611023501118 0.6185928971465648 0.12969820586350556 0.02858688348897165 0.10218306467282257 0.8438264529054689 0.5351028645825177 0.5029350772732646 0.36860884372000235 0.5048782338718282
0.34601679427262244 0.33525321879827574 0.5972649600307475 0.6373407174799052 0.35705947698551344 0.9195660010949803 0.5574845104745285 0.8046736696934015 0.9317691587745585 0.10555734066279521
0.4968641306198034 0.5233396537415397 0.17658959681169406 0.5606342156265203 0.22909607544954813 0.023229779637104042 0.6625872199005434 0.8336289146859608 0.08766153743780514 0.5274917309302654
0.3548412005276024 0.8672401354957514 0.7690969095271083 0.2446619493372456 0.8323011486471807 0.6057281717587945 0.02802175171451049 0.30604269484274393 0.5850074816821974 0.7750429013623041
0.9058441691419812 0.9525535567896705 0.16092224857286774 0.874477772812986 0.6760349050976263 0.3778263322751111 0.20121926480524543 0.9121067257003935 0.9710887191032187 0.7681009985886212
0.9507336383408471 0.4406753289406248 0.6197683380179166 0.2445199636496449 0.6593732359331224 0.006281111527580374 0.5679521686068677 0.6097061985938707 0.40064513680550984 0.20909271867254553
0.8823837867425218 0.028050773021065956 0.22505253528232005 0.1935208120625942 0.24384831567481213 0.027923343385784172 0.2389686074522449 0.5346683926360193 0.5247764748915223 0.5040593417031677
0.1536957844790846 0.16855201396823705 0.016004272422076138 0.7196656687192741 0.08476993331945515 0.22549909795639267 0.6183926875343358 0.6603264276562194 0.898171116217223 0.3692912305606819
0.8472381715067853 0.4755789593779223 0.1979538419601331 0.5190370710623746 0.8108815603416315 0.15906954314035726 0.128911003081021 0.6364223818128029 0.41964932966214685 0.06448757918865344
0.5282380123419368 0.5978991387101551 0.9572377587668943 0.3320152461155331 0.6017644310535685 0.0395393596461352 0.8038773439815534 0.8088197308511357 0.22317243737399872 0.46169382804011794
0.5390909808990038 0.58715358613453 0.1587227583398193 0.8112593690745896 0.8715862874288134 0.8549177548917111 0.005360630421602508 0.22127281372262397 0.844798906805894 0.35608119390431847
0.3966752015276519 0.5807139190114223 0.5488301886719692 0.39214011524197145 0.07903853773824998 0.13181294456765902 0.13299932684498106 0.9608384941373663 0.7893503567714845 0.34782352071238876
0.2579561638783837 0.32466099251048686 0.47616782713263917 0.9311349764891446 0.2522782580249434 0.029148298277976936 0.2976000780013207 0.8897621555532967 0.14570136321781246 0.1498740206890946
0.002199362646013947 0.29966558947483424 0.4396098926532487 0.33696126417584915 0.7531819186761037 0.54101811400727 0.9451400475570803 0.04730615541748362 0.19166354300798416 0.5084485695834341
0.2702247934732386 0.20721469698097317 0.5511961834127727 0.5384571855635517 0.5691369655436577 0.43194806798644725 0.9337434105038265 0.5716114430472254 0.9815625595047802 0.8437111692592713
0.4363343100999605 0.3727945853863227 0.7829634583204665 0.47590741828199123 0.6779869919545264 0.46969430031859805 0.6439652501324219 0.22902289071071802 0.41809414453998817 0.8378817390163927
0.5537321565954063 0.35229093146409196 0.38031500941057017 0.2602462403220033 0.9007677544021596 0.46532820863179825 0.10011920820770448 0.719214363068306 0.9243070325840553 0.20522187745144904
0.599480295600878 0.14209646332237824 0.25044132601552793 0.6870865494836491 0.9588172753006683 0.31306792597281663 0.5093446939007807 0.09989903446822335 0.4041350591884666 0.7897058077500004
0.09344671685127992 0.924457862332779 0.3564153969221232 0.2176668149585631 0.9611232423324582 0.45660331104100804 6.623572259748522E-4 0.5240050366865042 0.016452973041177987 0.5463731799995136
0.3236069493415834 0.08779344978509374 0.002815024154288137 0.7225584876816356 0.24192800181902707 0.13612628775021107 0.03657812526448356 0.16216202340493435 0.39694731518325954 0.29424360236584435
0.8768595576690067 0.28555220049000263 0.42710899762024734 0.4304338803267931 0.7783082023661179 0.11064340651249305 0.04615434818184616 0.6795340361333515 0.30609252504472473 0.8832232926363905
0.05275511714150838 0.8032605139038129 0.805750762710177 0.9155863089160976 0.47646985037629286 0.8512691191660727 0.31528779213552527 0.011922110442879164 0.42523931562645856 0.4237554910394149
0.5828789178883594 0.3364462021074981 0.8412383837444322 0.7045719959378759 0.5107678739734763 0.0890496688576542 0.29475395754935907 0.8332508124591944 0.7844226615931762 0.89328348902419
0.14985948868689347 0.11498732188685667 0.6657397127586422 0.37278216618426074 0.9210083255142748 0.029551755459779172 0.9300630684935706 0.9947705844716929 0.4062699219358209 0.9932611531151269
0.7090118193350987 0.8930868697171491 0.23078424205962278 0.3525578799706982 0.5645862727803658 0.04819327995458633 0.763111561613729 0.14340471974475089 0.4647488328662529 0.8979358893984686
0.9775058190345025 0.737620991496684 0.4566530072860029 0.18035339618164026 0.726742106108077 0.6154479956164379 0.7409201680956616 0.5686239431038423 0.06297966586291337 0.15304601274256457
0.5388401285582501 0.4482782401195543 0.6982438047049604 0.4942896065916531 0.6140985292351655 0.008096235791308026 0.43146154901054157 0.2881413452969559 0.5616103185742791 0.6686435345845158
0.38558724978995407 0.3160490273976576 0.008264982218277539 0.7561930404088947 0.19620628845563692 0.8082245912205247 0.6838664853323346 0.24481610465589054 0.8721062061669859 0.5533276465290442
0.9152764314158656 0.3357168867281838 0.9086565034990545 0.7429903425749014 0.4727465389173344 0.6204222065902969 0.37643957598069844 0.8607845075842472 0.854652095694522 0.5832287746359721
0.1304270011655585 0.824645752275821 0.035315489960720314 0.23834820820346758 0.9890970484878846 0.02243359712323556 0.4203349714756903 0.7684797725368002 0.7182406206971412 0.8422207060652818
0.25481045023334536 0.13407955855221598 0.9208044810093909 0.792068226654548 0.012084751016071538 0.756383918209563 0.48197226033523033 0.32845833133803903 0.3540953556318528 0.5422842715961732
0.04778525483426932 0.06821934158497645 0.0991582059191225 0.7154389839366435 0.12595666892453583 0.1456924614515508 0.2589813563757789 0.14554755457560598 0.7891340323871815 0.09505369962082688
0.6139336009557169 0.12650128401910798 0.6337170936138616 0.7871181116296552 0.48406900177183865 0.8441633214972442 0.6014389135616778 0.6306181628581974 0.3231349917415882 0.09582066181330773
0.5062702693290847 0.45986126471413213 0.5137688870689466 0.17588914050804227 0.6258085590913852 0.2738365750424254 0.27431302350368914 0.22624197596345785 0.5141644166105321 0.26625425384242907
0.9011566885947545 0.7645709739469913 0.2724601223995343 0.39166520746382316 0.6652382856487634 0.5504794092300532 0.8734063965916327 0.04972294344815287 0.5573188002118405 0.4265435222474272
0.7780246695575682 0.3378132673215929 0.7338634444854931 0.28036971842301606 0.005434384237268386 0.7216919882120284 0.9538451901883305 0.813712925360725 0.020726010749650414 0.904434370066657
0.5165106931012557 0.37601081589466057 0.2912919627495443 0.13591437881050705 0.21112520723334394 0.7222277744348541 0.12858937700465523 0.19819581973258238 0.5719401670501482 0.1886916595403373
0.4801603355355266 0.8266316062437883 0.2951030516495935 0.44564468822978454 0.6658361114616168 0.3821312038845607 0.018956393844534403 0.681520206840292 0.6624046406010554 0.17697055673289186
0.795148901123854 0.801494801883993 0.4326206226657049 0.9746831099427217 0.48520826844458176 0.9816551193179596 0.967290639082088 0.8339836403308957 0.005702027128015819 0.7101574895692817
0.16326591072173602 0.6473421475125773 0.8148392278572701 0.26804777178255046 0.39552806825148323 0.4367379299618507 0.28434210751827893 0.4549473333720321 0.6581538616482236 0.7122881670574578
0.6326438695479799 0.24860090093166098 0.4467970126690701 0.9738602834190653 0.9089449893488142 0.0023206822898502732 0.1344265984072337 0.7414402693276708 0.11238697897098704 0.7306498143824176
0.4524131889321378 0.33694391956246716 0.9065793086531239 0.011108327771785165 0.8306550765024688 0.00832186095969667 0.5469416058027404 0.03867272567488267 0.773289011784253 0.8862232051798965
0.5767998710321428 0.4096800659963711 0.15063122007142804 0.6941467620642803 0.5679020424255432 0.2831363076795841 0.2733458974552869 0.09492283155719428 0.6819944903749519 0.6699476658650959
0.8814399428262585 0.04953279258008658 0.11232832189377095 0.7343827691825796 0.7285348284527482 0.5886873996144644 0.5274400330889538 0.157112676007218 0.27096698469069525 0.9532491188832661
0.4842782155901175 0.8054646588386242 0.0816208666453051 0.14649791302833415 0.40372444712177225 0.18406483726489453 0.9999992884673187 0.5594034223511442 0.1087830572313584 0.39783370871643053
0.7028881843731755 0.47948138446210975 0.11419066471275074 0.6493378394283479 0.33407373562381304 0.9744753725360564 0.8259238130153798 0.6137898694725318 0.06692174001052198 0.8540196445417183
0.5600585546592881 0.38752824084409676 0.9902307345644606 0.15560247409812933 0.8226632551823818 0.08959688663063448 0.5056217281302795 0.8755637747661691 0.6058816996549763 0.6110843120177212
0.5038288455540026 0.47152459878966946 0.550091023860457 0.4531706817616824 0.9476074298854478 0.9995603806502967 0.6979945709877482 0.07237040576734999 0.13057667488977942 0.6175935622126046
0.22373724820393537 0.6602466421723598 0.8041663478881191 0.5858958655181974 0.9586068240009393 0.8249137864126947 0.5689383044456704 0.8262537064643561 0.7546115191452775 0.21293225426060636
0.41190490102298727 0.5632651075096365 0.7282008453990132 0.7127396472156874 0.038068481733163795 0.5644000942627405 0.2086229816264572 0.5145511319918107 0.6922571669736309 0.019870633162613394
0.7788886872049897 0.9667007195663243 0.49643394836178545 0.1590203874239905 0.1420382417730649 0.8646848980059947 0.9380078212384536 0.28685860817797404 0.6713847494193222 0.5367079705395753
0.03627690107621828 0.042526441589789354 0.4106329537346223 0.8483190805683656 0.8869853059291533 0.33089795479609496 0.9782504877482959 0.038768188819931715 0.7390771048133752 0.5591824723883682
0.3001935655875009 0.12299911879509817 0.4930818614163426 0.5223087152258551 0.3460672774836945 0.4457351418839669 0.5271687339131405 0.5240352810331784 0.07602548390470909 0.8579030938521401
0.0547563125541638 0.09514603761114082 0.6191937769570314 0.9006802161961931 0.7966683193650123 0.9757534168959314 0.2991236222988768 0.328737002887422 0.6111760413828403 0.8656459412280063
0.49776400360648176 0.28178902214291046 0.8668698409714597 0.8147812344440926 0.5066621225339246 0.4223590816355556 0.7661545074275893 0.025439155441347894 0.4525824288269066 0.3976901809331379
0.5312635434759015 0.2682140589779517 0.10445884843330033 0.055039595952428355 0.35004026320509574 0.07593927107059928 0.869572222684718 0.9421222611012599 0.24533429946928254 0.37280084324044926
0.5690714486308466 0.7582617812043351 0.5797139229135229 0.22031153594621156 0.6464330217232058 0.5868456406340232 0.7362962992888317 0.9174805963901054 0.3071808938659887 0.9359708638591131
0.6268493373910619 0.7794283023384244 0.7141643732918124 0.8417050462896821 0.06991979386543079 0.5368586321341065 0.7699189495931804 0.5471768665556642 0.7545951278451917 0.44821767410693114
0.2061112519767191 0.5607492853616024 0.45960640996285507 0.8970289696659577 0.669795705674132 0.2178177212173975 0.43283294319636145 0.45881147301165215 0.24718764510404023 0.2233143312360576
0.35286938216350505 0.16514947809714153 0.39788336315243933 0.03578899498300481 0.09216858608768586 0.966898662251287 0.5859347742563394 0.36897612153433523 0.5803746622503473 0.20417527101274469
0.9889128245622312 0.5330462096277186 0.4268122159421721 0.22769072664946965 0.5420699423231843 0.8152791184301768 0.6026994068018736 0.18415739632590822 0.23193898229664933 0.6086862753153013
0.4065041391975186 0.3779050208953282 0.9921823122561345 0.5371470569878938 0.13996394521082955 0.5515125292267411 0.774231080124425 0.39691417581610944 0.4076421194285239 0.8901723989937564
0.3662320168308111 0.33688208757437854 0.7194936320859739 0.5476702440139734 0.31604454156926665 0.3338009864472249 0.12376669513540062 0.01627554611413351 0.8775087491242484 0.6836585370246746
0.92666657448891 0.7185037737706659 0.24393033476651715 0.9267400100705108 0.16556053476558386 0.7856240801236387 0.4587058977340531 0.3514174722625818 0.3941038093286041 0.10595100503560584
0.30023811104960385 0.9805064493029083 0.51051835400023 0.3753725981247371 0.1267668756364677 0.734068581628608 0.8143578394092476 0.06323129605674005 0.13646961156383253 0.28382772064979966
0.2124432982131259 0.9185881897684013 0.7491595204453501 0.9669051776371289 0.5112561854104622 0.8850651265485956 0.8481382438839229 0.010370119288396928 0.030926516298880213 0.066873466002772
0.4342350287046517 0.23313906738306833 0.3550557654379577 0.6943021004848148 0.838791449592707 0.33804820260450064 0.8909655531066352 0.8738513940608278 0.018327637252532836 0.8844611017705394
0.05656464766493341 0.27636415338556175 0.6108516530386774 0.040563219607780754 0.3328785027430079 0.8159181885124401 0.37225117901356963 0.25453406782737376 0.12538730807729725 0.802909746401247
0.3309325537908394 0.05507681276788989 0.3626694531229506 0.016670526832642474 0.4998490019286733 0.29432377253088193 0.027449737677319286 0.6361256527831701 0.267286679668425 0.27992622253901345
0.36300224598862707 0.9914133914655554 0.6512532219169866 0.40817481104541764 0.32696050880704997 0.6550523053070396 0.4470405083785043 0.10628715405994471 0.9749379859174458 0.47815460567011925
0.9235097762276323 0.1195372477767005 0.8479641971001851 0.79534930278939 0.1308734695198247 0.4376908566722505 0.11059331508876791 0.17149258119391309 0.07122544924125651 0.44525041257082576
0.1406432165696433 0.7439067387890518 0.9527970083260444 0.2013011510605247 0.5068750735949425 0.4258032184013424 0.49989312101240546 0.10729010751814161 0.7875246059005693 0.9797093753167871
0.8226900601595923 0.604858289933421 0.48044811619703087 0.2441325588588602 0.6645514329644188 0.9608853447335356 0.3347477414996427 0.6023592426888612 0.9392470947775794 0.6431953050930752
0.7940920319707414 0.11920106394827945 0.3464352327865865 0.2679109925296981 0.8835493589082132 0.6396632934668895 0.510994952721123 0.6082335256459336 0.7946034855888706 0.542926112060259
0.5302729705935132 0.6944627260263847 0.6271220890981383 0.7756921759074705 0.03303484891634867 0.6063632554787234 0.23240014275261245 0.25086875930237673 0.8548873562423702 0.16152005611521947
0.8680028093014607 0.6907165238959455 0.21716572858552396 0.33711604888342195 0.42298239932912896 0.518011006096584 0.8597554126150769 0.9276042277038309 0.30114708194802586 0.4544269703488263
0.923045164292078 0.6370346395101872 0.6604095249082577 0.07227000948122442 0.5001843167174796 0.5323368878187331 0.5978457503941775 0.6638438265738159 0.6880441356801517 0.5426468646745584
0.042945911344525745 0.442155207820931 0.6537591857543089 0.4798059196099723 0.5756401363799859 0.26732346158640885 0.7034518881830122 0.8764500052763363 0.12103428286650642 0.8049748796959709
0.5907191180755997 0.7906446483107561 0.48939209416266194 0.26606652665987385 0.3346871899092375 0.6098114884756836 0.027751521066784135 0.6519982452353841 0.6309175790981277 0.8017306289305703
0.2286649266793569 0.7345353943837306 0.5331721159257766 0.5066922914274665 0.0019038942993391261 0.836979341092839 0.4600237773736734 0.8424103930983547 0.4565717837654486 0.8511861735743618
0.7375247611031791 0.8020995520129226 0.463917575765617 0.8244489933963912 0.8276207558292196 0.6661562977790167 0.9752474658251282 0.8809221552228098 0.11172686918106778 0.9191742107796155
0.05468081513299772 0.20418114222281014 0.599856701789861 0.7665617117188234 0.8531000220123915 0.3006745202099792 0.21792315919875904 0.4788203762932767 0.2974940875511872 0.7882396407619824
0.3893060427251399 0.9565808537063045 0.09899847610117873 0.5095168585004869 0.47150783776020455 0.10578215615610764 0.793284353942247 0.8570119242830881 0.23469584040236569 0.8399195408559494
0.9185526891231577 0.8147195615133814 0.9761552645426734 0.785074891764302 0.10923970427571916 0.37063581362909237 0.05315451977421215 0.05348306414378101 0.8376419378210557 0.6351505107211037
0.5864505500909918 0.7726761888820746 0.7710207933760462 0.21222548327279545 0.8376385272405351 0.409787352544543 0.2283480317315163 0.11342799751503796 0.2957766286236656 0.3143838832706316
0.018704975895293408 0.7793031194313076 0.8221937236437065 0.3182398888687442 0.022449838518033505 0.578232632665155 0.2971137264537347 0.6767463856034326 0.23661981076869298 0.4898423802285783
0.08770729290192247 0.11419644179174648 0.6476346305860046 0.5481838600371294 0.3144079699163589 0.2439723437405047 0.2172218194342771 0.019329818324394066 0.3308067257706212 0.1746999058097879
0.47158336846961324 0.2186879744554634 0.05216480753682562 0.6847253273634786 0.6691770414742488 0.3352507728802503 0.7685620396160796 0.9498075892866082 0.2890855351882625 0.6231633552335482
0.8609239381769166 0.4427101526691408 0.6297993390145823 0.845405734818315 0.40164739881055134 0.2884130560610557 0.6373400931698842 0.9100495246865524 0.9662718296752537 0.05495693210278385
0.6920030307934053 0.22646349107821628 0.1086185126998549 0.6874688831310818 0.9745987367323881 0.4270060784241938 0.8590480354318234 0.051709071948376484 0.20592578488291413 0.7491575063132866
0.29396196830219146 0.34351659634669574 0.00730760193864799 0.5537078359689629 0.6944015797168159 0.44182156352715596 0.8653782988213081 0.16653137834441833 0.06257285233736021 0.13542987095580528
0.7009038675866055 0.4746423702555662 0.7973538352208155 0.03757582807456816 0.3392767780958812 0.4816400716823237 0.14331676759108736 0.9172774153977061 0.75942329739118 0.3333164210193482
0.6225238581526721 0.12281721517799693 0.8582147193820169 0.16111284739273934 0.03433260566421614 0.7502118561561453 0.609075119866666 0.4592769706498483 0.7656725522480278 0.21832160110972532
0.9163298828193521 0.6109843030427271 0.09273230777134478 0.9522904832731761 0.17094046732965562 0.609353718485253 0.8747220963814064 0.9482971347835034 0.49862319069785677 0.9811997315752515
0.5413538042753054 0.09513462882114843 0.9579504799585276 0.414528903487252 0.5579065824617444 0.26192762982323137 0.49388528037290014 0.6152010116845126 0.6152234912819418 0.3263335304834676
0.2813006018033425 0.4738408759959315 0.6367102461502077 0.5138635685157454 0.20338747113379352 0.7109993651990835 0.32038441262983675 0.6464991619688247 0.601457048022317 0.7867275845710496
0.34124963196094416 0.15756722358679542 0.10549286539430092 0.010141126990104055 0.5277462746314486 0.019878113377531537 0.3089119329858141 0.4652161923548156 0.295755814513297 0.05541791572626664
0.28634435138018477 0.5809728852633262 0.37461396108920697 0.4474268765847883 0.46984291186414984 0.91736530933748 0.3918128908362559 0.6594838904499917 0.19678538414447388 0.012612175005160986
0.19655028106225636 0.38125680502403725 0.3218342798255729 0.9433656153766027 0.8970092454732825 0.5668668992794328 0.6456699619082314 0.5860298812758481 0.46222954985217324 0.10935491667071251
0.5548149120741369 0.4357057850344036 0.3966574680121625 0.20352573785857853 0.18971802473479804 0.2386509300006714 0.4339380262559859 0.9894867574554751 0.6623701155136951 0.6248093773253492
0.416239521645566 0.6404851761666256 0.3300724764684507 0.38887910257737357 0.5263777991042445 0.6611877844798882 0.8985829317299269 0.06154913205180346 0.8222331541456775 0.7963361832685013
0.17571413890183907 0.936952469994307 0.586429974769116 0.6147492850979441 0.6255618205155956 0.778045162834345 0.3489759635940646 0.5299341425321182 0.4838909210595268 0.008535677658246144
0.5665335127910912 0.7461051794776902 0.08681031578501364 0.31815291481987096 0.8492233412181421 0.3772008628968684 0.23771726669283932 0.2574552860537547 0.31433629891675907 0.7765259983778463
0.8915953521349105 0.5790473399211858 0.1160563833004371 0.9359369852647009 0.17110036403902185 0.7939843611801317 0.45127415449572206 0.6660261676868241 0.7454705169993575 0.6553096120566145
0.37379632978813915 0.15255080566512813 0.9011492926986183 0.055082765756986785 0.5627345279913007 0.39939098831658904 0.21210999533336983 0.12692241056024134 0.7855814204034615 0.014609957803311313
0.578223241506787 0.18299911417647152 0.17246078361993977 0.7737294802516771 0.5416101248745097 0.48258022089118513 0.5752627333328826 0.403121879785024 0.21377511381349368 0.7286409241496041
0.22385358700480207 0.06645929308129317 0.8504143661700166 0.6197208372747072 0.611275083560306 0.10844990250841369 0.09614698932442745 0.746118965277617 0.04082529540788349 0.7126301274862861
0.18801797211943894 0.6126841960285926 0.5501392106460806 0.26377043003094525 0.9544732448275162 0.5948723300451837 0.9908641280976177 0.37049163904092597 0.2756088541242844 0.19040507438489118
0.8872516533918873 0.6999781462589952 0.7808479892214029 0.01578010080658432 0.3229637636459809 0.00421233585650671 0.9518006092197017 0.6150455376913011 0.5126184145335619 0.9759451876550559
0.47091287594108133 0.297666339427343 0.9030750875580037 0.8626554935807628 0.6106141233233237 0.9029737964621489 0.6191887458466366 0.08804044890021678 0.6930215831186018 0.6006041315913638
0.8197361021061479 0.483118576928381 0.1668639906477637 0.5794952295033785 0.061445268565376576 0.1128155349015918 0.6461371363327558 0.7524254645901648 0.08253632689168433 0.0989421838060166
0.3341059036415779 0.40874240594485933 0.5119067073460314 0.286763369620163 0.6166185356490022 0.08484273765945982 0.8860719627758499 0.0798949341518671 0.25030139506621496 0.7901298102503606
0.013199415422176175 0.27705581864651885 0.49405261593438554 0.12558825899659498 0.16204785713027758 0.2842404760154087 0.7363560791231856 0.7627798571693403 0.7733541256450513 0.6471667159795689
0.6562876543027736 0.212978444945503 0.3921829528314098 0.4513927851281865 0.7226876614802643 0.8093263551863157 0.30198390389110197 0.7712861229444872 0.8838250038524511 0.3493080845554615
0.9045749683757451 0.014066265767390784 0.6289800215731483 0.9005016254523517 0.23499974698020587 0.7014325300799371 0.21372460444972485 0.8594817947822536 0.1261809691888881 0.9588265832939524
0.7322795699761604 0.4719135763154638 0.4455201666652414 0.7411690907011463 0.8931812234152834 0.6712883797153032 0.5140698382755724 0.6139486244081787 0.8085901320643583 0.27441900748970116
0.2886305834382924 0.7298299338672128 0.8429271055036116 0.28372454109654877 0.1381029263040161 0.49348798489124024 0.5831225831123756 0.28949922791286553 0.07764934110072064 0.2911631893515957
0.2906176540642058 0.7397741527035294 0.1376992990537136 0.5764719412912775 0.7743556574157141 0.1510445817075985 0.1395561732929843 0.550296541376171 0.4843562623591444 0.1700493595979311
0.5253415866485392 0.6501162988718552 0.7670637915013615 0.7649536906243118 0.04723958275414242 0.07293205546651771 0.646514551847311 0.7236997073614869 0.05947888975717153 0.5959744820634638
0.1994687592895803 0.06795407443591739 0.8762192401784082 0.03067598343010225 0.5780042332673725 0.9529955995733811 0.1594828142379371 0.7479249244596744 0.9996709816254874 0.11704998001457312
0.5834998559881098 0.8464102535621251 0.5731569143850337 0.967992460014406 0.08531308195950349 0.7009031171480627 0.6565168135568493 0.951004237022595 0.8562125350328729 0.8236117012579875
0.5553680776872528 0.9276813986631202 0.8545488712309075 0.19928440967041017 0.7600582505702591 0.915259754880914 0.0276999855779978 0.5135251436401117 0.5936614103279075 0.684033301861641
0.619441909889251 0.9838242427772664 0.09676102188599456 0.3917073075838734 0.9087019129668127 0.8240970015785831 0.21032986606978832 0.6453419594518066 0.47664815248138914 0.7260613931813185
0.8346175939801083 0.1247058096196132 0.6312967234508126 0.12457507352445119 0.1398096191756667 0.17527294809366045 0.9322936250036843 0.42909114044264896 0.5833211641927579 0.5847613048817434
0.8532557121101746 0.8496813507996714 0.4489431037288013 0.09402420394196342 0.4950311121739608 0.9236140926525231 0.3646568621175261 0.0612707004681986 0.9204663446462008 0.3572637395328442
0.17878761871059423 0.09800472822120265 0.11974384439443775 0.33816733517962494 0.7782666782149884 0.42573696644187575 0.8350803226805351 0.04333294558538381 0.9181253421384719 0.1644375749416378
0.474552360190876 0.6724438105087365 0.8979439424645109 0.7568615875797873 0.1270432882118694 0.9683909911543018 0.9688316145713146 0.25729345253814895 0.25378078324310394 0.8526064220724291
0.6836140140585674 0.26892071251385063 0.9766619835248538 0.4989574629340451 0.01325702981170418 0.9009610961250027 0.009539069771765663 0.8975029265679503 0.9441572061192299 0.23483141958939668
0.185865223013026 0.7181996699509289 0.4437801111559272 0.43806068999424064 0.22457680229478616 0.07468801080232834 0.1362301817580337 0.8453138817428437 0.8458150073005376 0.6095731462287335
0.7646866698145471 0.0378067131176415 0.5990657039165864 0.17515881872355543 0.5342422254384774 0.1955563191111992 0.7985240988715859 0.2673787136519066 0.7265319607528113 0.7713261967073183
0.7739661734920585 0.2857099596024204 0.5566425142036509 0.8407882907068351 0.24013600961272286 0.6381421006006852 0.10314214235563812 0.3203388932547737 0.963634874267304 0.6878144343862069
0.28367465116722135 0.6121692213207822 0.06352386103797814 0.5467227713088348 0.2714110136054181 0.13560557707147036 0.22032910102224013 0.7619368464649549 0.4517548018971077 0.6343979757583076
0.7878645220873848 0.01105784975960944 0.0040484532209897894 0.11155044675951997 0.3032644591281768 0.026184760176793498 0.45962948002323445 0.7364498177764778 0.17284392647530067 0.09944771111424455
0.13543682501866594 0.09346431902212338 0.3748820350308839 0.6882048191622069 0.1714695834690173 0.6968472289291444 0.8651499372262105 0.8342891021368464 0.010751483371026938 0.7836945469894636
0.9969811370868371 0.339229733762896 0.5520564370653296 0.014870544709442823 0.6749092787725911 0.8961625647756619 0.8785016504749397 0.8632279575889122 0.14937424074857808 0.6691824142989734
0.41921667391459794 0.1491148459423407 0.3297244348659477 0.13217982319892008 0.6366481345806441 0.39507318071950626 0.2437199115530717 0.33174335196957494 0.8486616591097136 0.41479917457603255
0.8039667570041209 0.12249782648884078 0.5924536915067884 0.8258485231985242 0.35519048147002863 0.33828788928907183 0.01638805720740899 0.981234668286913 0.5709824788380963 0.3089055319750962
0.14622278916589837 0.15198163358024874 0.14463009560188256 0.6095990124173903 0.5137956717438796 0.6608573477707949 0.3758673224678736 0.4393896967282278 0.5590866295792264 0.06692725237577557
0.1938601208592281 0.564262687276234 0.4206788378173356 0.4312323373996221 0.37646633993655865 0.33258585905184945 0.21498988263166052 0.15580931612569882 0.7267874367458604 0.8726511706440391
0.6712475630804887 0.8814354244796965 0.7502549962072051 0.21602090415401276 0.03703535112408873 0.45389356829349947 0.9389724136127098 0.7554012212639084 0.4983347056182388 0.02421829820641186
0.1147579655682146 0.14205332878133714 0.9683427457024171 0.9352969379808881 0.40831255300022484 0.4552931115439357 0.9909454362076296 0.16536376843228928 0.35916168500472156 0.23541754684221838
0.6775779158805056 0.7483402045113767 0.30949802173379437 0.7614367464859726 0.05030532558940415 0.7716371190787885 0.7347770396242295 0.776278417857943 0.8993087827914487 0.2639497245955926
0.40489555358066176 0.7146711853030234 0.27956305837906725 0.5287399931662395 0.302008439740758 0.3727022881139572 0.06934392500368869 0.2535148220809963 0.03451673406608258 0.8730837457014503
0.5923043303136237 0.030672912138304254 0.08148538903428604 0.7264508232076665 0.16521081554503225 0.762607056583769 0.5777269857949886 0.7665550831457207 0.5750328634066755 0.7919127146966031
0.5070129896542673 0.7460037803039841 0.9119288940612569 0.49696751652011883 0.10935162005419607 0.41923628352084896 0.8887752223679145 0.5238112189875933 0.027997506035742914 0.010717080751387886
0.7632347926273404 0.7871683304830277 0.22283498146877811 0.06886444346664933 0.244965076287053 0.8666213412032694 0.9590033364392808 0.8400223686226105 0.3184150854025186 0.4483549224612975
0.24310922285099312 0.46182281405185743 0.7407637901039029 0.018556907382545895 0.9240974767303631 0.47157430407401146 0.08490351556875275 0.10147492917543721 0.30182864015784194 0.35285178089655955
0.5889731761291618 0.953292324419669 0.4936378626623559 0.10225193354994766 0.7467984199211004 0.772400327378991 0.997626127047386 0.08831715129175888 0.5276966717394261 0.16730856313335563
0.8611619806524842 0.7959202441651628 0.3494569096688003 0.8353486968504285 0.6140477460051246 0.4019415371367797 0.4449056005254385 0.14849147784197103 0.6580314851144362 0.5118581921374443
0.06032189289401413 0.6170102190782623 0.11782177436489027 0.8019056842229482 0.0030661348165741398 0.007388907847866721 0.25348974132824276 0.7577596031762146 0.41613832586368116 0.22778640441973952
0.41011858727400596 0.17822543982670358 0.2989837137181225 0.9625326374302541 0.1377880691639578 0.6212129739289817 0.21671486059781508 0.4365468720642902 0.5534573857498757 0.5093109185679365
0.8440210784767548 0.6212316224968283 0.2360370329450796 0.18356656494073786 0.47538717903215355 0.6553105853640109 0.946916198932981 0.7966141470925729 0.399845896999767 0.2472425679441036
0.25043926057339694 0.5700850153939068 0.08633903961745515 0.35025741237695174 0.6723013698491261 0.6062711738404944 0.45486450442194115 0.45672431603073615 0.3785595933088146 0.14030362421476594
0.11893782588225688 0.44547673456045045 0.4839327228179099 0.8466451256234934 0.37649806682174025 0.0338820925608917 0.0052893846019699264 0.5724867885842686 0.899240227920614 0.5358589660097001
0.16470077828245688 0.6606765176493145 0.5244569871755228 0.807707884917422 0.21616066741680917 0.8460965879769994 0.288824734572926 0.9755364901119576 0.22105208653751673 0.5619467101206167
0.8601703896427156 0.7812234681284826 0.22966671786829007 0.3761778036005088 0.821106842932855 0.1582800920784173 0.1395591429885138 0.19336113841987346 0.8375264491165659 0.9546318985219404
0.09624535301057036 0.8035659201523082 0.6052937598059837 0.5562572824654464 0.6777309042645873 0.33735847077936254 0.610080111560767 0.5337840731075898 0.2615808722026597 0.19482390057787058
0.15813416647709722 0.3335585826966271 0.9117204348734345 0.05655170204907767 0.8398842924415473 0.46536647971533096 0.8418812704595365 0.6558143030986582 0.5736198884669591 0.600898219851367
0.013585636665769063 0.09370785155177341 0.6431008678075154 0.4902162815439124 0.7087866257651265 0.6128129409754579 0.6907953024057842 0.6278953091821012 0.9807594492361754 0.9099721320769428
0.45754771669020666 0.1561702560291619 0.731565311106888 0.2650703189999163 0.1698310609339636 0.579341993977591 0.7903859727170728 0.9902430568372643 0.8673380325200747 0.48185354542179526
0.7742537916473685 0.9627268609150417 0.6365180497136251 0.5918644796733107 0.7011782379908954 0.29460464201196 0.6697682292860999 0.2128146868296601 0.29539679935350727 0.5139886460453044
0.30533825431913564 0.2573834392770086 0.675454545163781 0.9847220748430555 0.7196104887704047 0.8614129312685705 0.6480435337403427 0.675469632084197 0.7412682052209695 0.8297800920888825
0.144008968666004 0.8041068782491118 0.33596652045520536 0.9718645206422661 0.42765680770976744 0.3296063298112485 0.6704719394013658 0.7211739484967161 0.5864728231625735 0.7411580983846113
0.3068384686747847 0.30185359691952063 0.4655907498880858 0.10305189761357236 3.90648598187493E-5 0.10421866438645 0.6498229196072342 0.8538855088566685 0.7765734566534246 0.8621145539899705
0.3157937812773439 0.42995521180200824 0.4569246653811415 0.6868223183234977 0.7776931895564497 0.3852212015650516 0.5513378286618564 0.005391752335844768 0.3323928427026329 0.3140315155184903
0.5062471310130522 0.9756981005598644 0.5731457231434463 0.5478258931533138 0.6077774830756195 0.006182773701815636 0.685815330100016 0.29333086532637453 0.4590999438208644 0.5951519430892164
0.3675574784539295 0.6072960264643782 0.8400204693265929 0.8226718735076327 0.9151046917755395 0.3616105088937783 0.9300341823690625 0.47751304255205596 0.7182790280785173 0.1426780630435983
0.3301781148712227 0.9822594431073091 0.8640863607468126 0.8502175991261824 0.054367364715417144 0.9916139616753419 0.8077215335282781 0.6131960535332209 0.6775009818265799 0.7820939831773295
0.09903986453890978 0.5243882962019607 0.1254754902249623 0.3257261194876786 0.9665281419250614 0.6100989937599803 0.17134577783673854 0.2460127505149381 0.1555334800722763 0.3978697299223126
0.562224011748203 0.6913570505206109 0.7934861372140429 0.42253389689755927 0.8431096474804805 0.5292973634621391 0.2120780434241889 0.019770985587974077 0.3666943526017148 0.164315891437659
0.5948361222665572 0.7963510969562266 0.6822878719252679 0.7126505505882067 0.038255455087010004 0.23754916113108615 0.48236202027046626 0.22945306551969624 0.11563424374567532 0.014747915147061641
0.5518115745018446 0.17680040980272715 0.31497884068207327 0.690037202606983 0.712882745005515 0.34548060109656364 0.785824101181047 0.6796569138004332 0.5878211395294409 0.9991383252790663
0.6745401685227596 0.5344191857946652 0.11164255367537534 0.09627922571687941 0.9536742701690811 0.8227851003541414 0.11903220283626348 0.06379678270041211 0.05810171029089617 0.16105992237407551
0.0022284827161896947 0.7450985305849025 0.8292377458688575 0.22521014962869712 0.39085006286627766 0.8265735058797715 0.23828767521126104 0.9000945062748795 0.03997580328609873 0.25805642901279613
0.11048981040454553 0.07444016336734105 0.6293888865292236 0.9261078497922652 0.6045321283168412 0.973684641411963 0.9747482911055908 0.11334430027470066 0.5148001013535051 0.33784286389492235
0.2305519088621636 0.08271601463212885 0.5588395455413695 0.19784753776570407 0.025107481144448274 0.4625437967417987 0.6883955860965193 0.4813508824342707 0.10932896340659526 0.9762912170984445
0.11961418328701601 0.18776386684494395 0.024027491791136724 0.46046177274000855 0.21647052468313832 0.4123489718789559 0.49446760942465795 0.04467495883891315 0.5812144885438855 0.07047100307496801
0.7463113959181591 0.8298895588786486 0.7065995224915572 0.7756497822093273 0.7036738575823375 0.3939057741248543 0.32688912208996956 0.958847706872295 0.07786559681934646 0.9776928093237107
0.16811015021677644 0.9814640358013089 0.6844991849062895 0.2617517084454508 0.142750157746534 0.6907966622131025 0.9369882981913215 0.22863807870885922 0.16007123991705174 0.5942718972770326
0.35606953516838613 0.725932679126427 0.6304405294064866 0.5875308530937302 0.10782842927755498 0.9933625871257913 0.43055322289366893 0.9615011292776275 0.03681322647260077 0.5984391112222102
0.5661512664589657 0.23487040775692714 0.39617112179783287 0.9368932032272069 0.019816610683473845 0.21091895546711825 0.4933432163291773 0.697352858225731 0.30364535835969775 0.5414557535212549
0.7677062860460713 0.46412105172995965 0.05008500729093257 0.9956432146971678 0.395650787551731 0.9375770616152351 0.5689439603337146 0.5777835993286019 0.3789361965147776 0.08863790201150479
0.6745587762908929 0.6156797350921992 0.2137662766255798 0.9318806235061338 0.24433156489314467 0.9499719688268319 0.6608785077692296 0.5013405876250256 0.9083257881817288 0.39489151943521394
0.8410433937928922 0.043664236999908734 0.9893363205432442 0.7121604658263949 0.8657209909092785 0.40520994870248117 0.3138252300590034 0.4423066333609358 0.4792234494069465 0.08285355164055241
0.7963416529728055 0.07145194279385969 0.7365841654726882 0.432669988277409 0.7635211190561725 0.1766703504836955 0.570435387600576 0.08632615780023767 0.8284853775526906 0.3893020745961622
0.21054799045804873 0.7119341740809848 0.7524412557533029 0.243148557725396 0.8112883218007038 0.8742785858028868 0.13750282351707466 0.23326285169633476 0.31509912459729894 0.8987446289972351
0.9832384005613591 0.7010879973227133 0.5342124805846233 0.32393935540682217 0.10917000218895434 0.4829863087499974 0.668154733291386 0.7399107021466488 0.19642955084406566 0.6117400582062297
0.9912049380349641 0.5520345471266519 0.7340030639530265 0.7443948380795028 0.241819270382708 0.4850530288625341 0.4684696920029624 0.40485408811142665 0.3251365362778956 0.4474120278731194
0.050870411613616606 0.575924128303532 0.3000303239365747 0.7129595342764641 0.4503162504649517 0.6530466485415912 0.26377580066680506 0.24523066083003742 0.36117366268669837 0.28074535327051764
0.6702500212605612 0.38895939191960793 0.2691406441496944 0.1328529149105604 0.8216867246825801 0.0841206842011033 0.0612537016038156 0.2688722268905954 0.7593579258717951 0.21972136970455147
0.06584289758583295 0.30136639811619803 0.5451560238470542 0.737721506789326 0.1906779920252032 0.24305994389523322 0.9739020184986004 0.6218827013542726 0.39102585881443097 0.5673733314335613
0.0853067282701655 0.9620032317017341 0.044065680812564345 0.7124016593721415 0.4548637022771186 0.8709147442795213 0.9320850076003483 0.9858878766269087 0.13455379508377496 0.14977814869151274
0.44410634348383304 0.5875290726191971 0.2870932379648157 0.24663183764275387 0.2940704144416829 0.2549946198293752 0.011558409217017118 0.23380826056108062 0.5234289995579283 0.861323088539952
0.5935719591134289 0.24174931613606432 0.806976683435806 0.14390420561566486 0.42983701884457937 0.02991550882134897 0.11297728486473124 0.6290413083889711 0.17465715893319977 0.1498971304641673
0.5821176247566378 0.7311288107845837 0.23518148339013834 0.4615004436557065 0.08454744648119406 0.9517679282088012 0.6024664532763649 0.5994954249406459 0.2902414525487851 0.08168340313430911
0.14704635806460908 0.35687604063687695 0.24514502501707236 0.317092834019717 0.9305572805037509 0.8498979494938131 0.3840430677286756 0.24221912166877357 0.7890597896789836 0.7608224613992556
0.6308166440420268 0.7009259563917857 0.4290581414967697 0.9162099768653671 0.7377295418732741 0.6829950587941819 0.5438143084817325 0.9517696022759052 0.297613225863005 0.48435301035872314
0.005407873878013114 0.839186699155734 0.9262949668057442 0.5655946989876542 0.017093417065844774 0.6060129375301723 0.9573407479698444 0.7294391526896598 0.22085893040338822 0.6666184839266387
0.6171612107417359 0.4652931529359844 0.14669070067973078 0.8003696278509743 0.055754896610908045 0.567886391905647 0.06290105244654298 0.9626091055758264 0.7968405295388234 0.4269816129898576
0.24097732273416173 0.7946806615120419 0.1408556796626328 0.7064516332343089 0.8837618524309084 0.911153414150861 0.8052764025494213 0.4835551316786144 0.48237438397031296 0.7855654698729416
0.6189386309262819 0.3030308139098613 0.16513989891797887 0.33042053496518564 0.4005189215993129 0.015670067174519464 0.6808862102467572 0.07283520930525844 0.24605837744313852 0.7173160780671283
0.019327451506510163 0.16414877061072264 0.32639073751367065 0.5817773496056852 0.31285114426802496 0.3299710841665393 0.952561164708531 0.8899318862210306 0.5868780890739701 0.26655878301794034
0.10580018328534568 0.09733794935951134 0.13006555603528935 0.9200736719373762 0.8483424764543727 0.3539562262692173 0.7409764306689823 0.5471909067826989 0.03235754105440114 0.4921266640228895
0.874437937914437 0.4486898859145524 0.5064859489998369 0.1327336182214367 0.758665527862227 0.792073059652091 0.5829506175082533 0.22453053804580703 0.8833288512561449 0.994923573828533
0.8729400223136555 0.027885610206740186 0.869088464762865 0.7276256005774917 0.723936377182356 0.28174823294027385 0.6207332551870979 0.7122359481939688 0.3998882372150169 0.05142540580805188
0.8389004374119462 0.14370908713697073 0.8336041798726022 0.5447964162320506 0.4194612899807735 0.740342331049232 0.25046976241758323 0.005882730057130359 0.005007394274450072 0.14222142429631435
0.21356758770621687 0.6472296583404525 0.969473904065895 0.6196113269372667 0.6725062471081179 0.4663451345551993 0.41478762130012936 0.8276506468834517 0.411740384939863 0.7064798236473214
0.3375295088396896 0.6493726162111317 0.8888912921916008 0.6683222290318838 0.9839525395393212 0.005989298754311423 0.8295533513486391 0.5567214076775383 0.5532978640795368 0.8815397730891575
0.10229865824606255 0.05533865982812136 0.8322028678158935 0.7084172247196097 0.3360682592891371 0.3621690525213268 0.047097623989304394 0.6909541887843899 0.46186576408933677 0.490162538682517
0.20683641099291594 0.6061583284286615 0.8616447039776662 0.7397133273422731 0.47441353060711977 0.1138565413861431 0.08950833323064145 0.38357540307713667 0.6544638274988971 0.6329180601256529
0.19381672135454764 0.7698012519704699 0.7123496920614542 0.39589187046659347 0.5135227346586063 0.24458965901356544 0.35098848018798157 0.38130782077381664 0.44803497443894025 0.5244675833694863
0.06317514846910499 0.4410546161338512 0.10713225521826908 0.40602038468734947 0.7500068657629857 0.08966221944850272 0.9359309931585261 0.9914233653283121 0.9501180512032449 0.1029798965712756
0.379633231630468 0.9293171255566839 0.9597854064596963 0.285655765375358 0.40375950932883564 0.5231077090129148 0.6405644571594468 0.5099870783106697 0.21779777859505178 0.9425622985031411
0.5089704792009212 0.40312513268028216 0.8636754686240877 0.1896093866849441 0.7818183394193353 0.865282323061052 0.4251890186795947 0.91554239437385 0.41118733925884776 0.9385032439512477
0.49050151534516695 0.6643640497600288 0.784578689279904 0.4137256959540624 0.15704512575194274 0.6257980229082138 0.6886846720731665 0.9632713181292312 0.30664271809112853 0.5215338397777181
0.3392904228068573 0.5165698543038274 0.09838842293440564 0.8195593991205083 0.7651806016268692 0.058835374697504106 0.627804250183464 0.07397524070841222 0.6005247359120188 0.025575894291762435
0.4830160331024358 0.8214732033827402 0.3880667623673064 0.9902332428289823 0.4921687705977781 0.13070153138740437 0.8245457924765179 0.39791293508987857 0.30102789822251474 0.5970272727180769
0.9901265089435785 0.685078366295206 0.5456894055166259 0.3027462303937608 0.49521954598198903 0.2432478299463593 0.29254879221195806 0.021579256714902684 0.6509233864601017 0.3341466539623257
0.10615469627854757 0.7363335270857109 0.22342110978491814 0.2444308312383322 0.5753003298798751 0.35989549440613566 0.06801655391561434 0.680012793337536 0.3786818087178231 0.40226224757246953
0.955096901179465 0.6431838597859233 0.0036794252686399576 0.21010649139302218 0.19815875453624376 0.8101419268140455 0.04529427281243659 0.32040937168590333 0.2731379520321525 0.7321973320923886
0.6069992839114963 0.41598505239236483 0.4786337715410566 0.020843294342538066 0.7012402719632909 0.3482592995546747 0.8282202907587889 0.04504209894686262 0.7045491960611394 0.7014535453439499
0.7888890897085838 0.5684918241336012 0.8607081457029314 0.4123655767482719 0.18376898959268717 0.1853023969004559 0.5451296102856669 0.031226165992615407 0.5626203064019729 0.37442422296501277
0.5045948047818568 0.3116506283930467 0.6102020873883532 0.48633637350281855 0.5687182851001661 0.9514930739624967 0.7104634371043506 0.9999154210384914 0.39298401300331776 0.4714504123933442
0.6136102592033904 0.9430702442720973 0.6379243184052954 0.4145519339617634 0.26345136854940565 0.4576419453115437 0.6149899739843602 0.27720972842436065 0.23402907620214064 0.10723235171275958
0.8368857853458989 0.8412936809813215 0.8973907162574868 0.6760383519204951 0.09862324426924007 0.866734817158332 0.3984596302662633 0.8874335643338211 0.6852676577011457 0.42544846780888945
0.7483153470128009 0.6829529712453728 0.053334597237480796 0.5099093067656558 0.8637940315796442 0.445499920903502 0.8650159514860691 0.9334980549283735 0.17917283054259114 0.825009222892597
0.5678935835612189 0.9547796717659696 0.5348017994419971 0.630464099453879 0.8075244853033515 0.5041611450183383 0.4079001032856213 0.5890786870909238 0.8362576436221061 0.3689167902620121
0.19233375143609666 0.6416218174372361 0.7388705612036821 0.20135745273292038 0.15704433283936237 0.8422723313376277 0.7340882866744164 0.7549593250470356 0.9168991951361677 0.862059362568069
0.030775764329018296 0.324557213144653 0.7350857204586253 0.5568560415374628 0.7185704082314628 0.9692458349935599 0.7427731541422409 0.054058591720444915 0.9549478429197885 0.7304222399075202
0.20961801412819825 0.3364966404045553 0.27419123811023094 0.7224412006532055 0.3277893953750961 0.3577856495687384 0.18846057276552397 0.6696445138133876 0.5825432982188792 0.3102448031400855
0.3771348490503026 0.1910642183213338 0.6739758329544107 0.7846696176815723 0.6678272026015092 0.8928890162971573 0.12743706321745896 0.21066097119952576 0.7009486810890734 0.11882196884797136
0.18418858968479646 0.1468773383064058 0.6394240492548108 0.029746617200441028 0.29924009918830663 0.7024907114151968 0.5361383468854647 0.5366579570097781 0.5899006283706675 0.6142906608075014
0.003920576649754648 0.4946036195903878 0.8764331792042065 0.27829543502339205 0.6463468378980068 0.4804196053727966 0.5353015543595901 0.340392422049937 0.30237183457221384 0.42333403171378503
0.24585096464539047 0.28744515482983257 0.5337745381705258 0.3350516737776449 0.8528646728984098 0.8484673565383323 0.9416299712823887 0.3947206696941655 0.9902912103631258 0.9148791578097982
0.8364960687737611 0.6842219706878556 0.8155375674256795 0.1195242103500509 0.5067306437213778 0.9405118092525525 0.1890758431678311 0.17604099570521525 0.8303304963160197 0.7942852048267048
0.9007124686491997 0.5733452025174857 0.25791098724715633 0.09801911007996666 0.09171977557124378 0.24439422970859248 0.25792099562641646 0.11149160411355352 0.8511327326862584 0.38406936866950714
0.15991502079932474 0.5091633597789702 0.07486381217577553 0.6779246686944111 0.9576801647476798 0.4013464259965289 0.0678914075427387 0.8217156698163625 0.04124297806489041 0.819874260191274
0.042628307852701885 0.3610359617709553 0.015257283507751795 0.40902653170715053 0.6206786457929353 0.5610523042305583 0.7310006268089615 0.3837504528513951 0.6805430633843924 0.22824439637189797
0.4101839596763164 0.16976037950172762 0.4104334882508348 0.14921858959575107 0.27100514889899974 0.5238859244270025 0.2232104082848726 0.08607924857056637 0.3803541336005227 0.3480776764703578
0.2695571266719856 0.07350545849540968 0.5508033973173541 0.8567694880748404 0.6458573364535322 0.09959493171697553 0.9769947437650061 0.23483473850454994 0.03484313302381148 0.12070080775340153
0.9632591250424624 0.43216284827351314 0.4399331600885332 0.7599013273334548 0.5327835233593704 0.2809222524897155 0.8782813386803999 0.9694062587883284 0.9283652330614416 0.6928641909311842
0.3829085996687973 0.399118268697475 0.015769939725594817 0.29656121464207164 0.4308914992801308 0.2067310703048647 0.3829375504380681 0.5082632906172114 0.9624330660037679 0.5691607324108554
0.49175545619588346 0.6950935527916845 0.4847430188202454 0.21077006595772696 0.5838458435215792 0.7855942348001601 0.3650058509941507 0.8507607605380207 0.16778992540554438 0.410173601411967
0.3083168612761372 0.5902711767504976 0.8224391558161658 0.4127921518219919 0.18931791604760417 0.9091324972491353 0.7394394218734889 0.3652668552409729 0.8603661244851452 0.12289946825551079
0.8978208105181363 0.536860377766997 0.2944202555629015 0.8626864892106534 0.014482762519189118 0.6243618201175151 0.4374312928239187 0.3835033641757337 0.4466300058772714 0.43165393486520454
0.44287512954576713 0.28119959640621084 0.03569219427204229 0.6028017817582199 0.5401666210673934 0.503789764971497 0.476985938886374 0.45898579384174365 0.6490465674530023 0.3798467594879442
0.17535501315423985 0.9671422440433203 0.9936336585078688 0.7548139295351984 0.7042508137608297 0.8769622771396277 0.3926861616566184 0.22550067976851906 0.9241919441703749 0.1029406563716242
0.6067185370855768 0.8936907217792901 0.5362678867790219 0.49945353153505134 0.1079706941856281 0.021706008131242682 0.34732897932966544 0.27938436791697496 0.9058287420365929 0.46593317207705476
0.8057308666925099 0.46060562823834894 0.6081473841692114 0.7887339723086719 0.42997846588112154 0.8896633314890929 0.7280262644809591 0.5048246946511638 0.597340978739008 0.5883003754618962
0.3559436498161953 0.0051238525425764125 0.7854860601311452 0.3959936214909858 0.7087526979946758 0.3192314696430666 0.7674078103013995 0.14046911097546 0.739896941386566 0.027117525648311047
0.4483996742000229 0.858198132213623 0.9493031711378561 0.31126075726349756 0.003550298399886076 0.9081668651040837 0.7667615911440171 0.3523933906389116 0.7252164424909288 0.1747505582129646
0.39920480464256636 0.015171764515859776 0.5221539994122483 0.9393127966105631 0.8301481547888651 0.04450570966745093 0.325464468527249 0.4151891049664297 0.7386563840669691 0.7989452714770259
0.751241053363383 0.38700364209488725 0.4655522872178832 0.8844358637074842 0.2457749691499147 0.8728060986091155 0.7961852718954234 0.9199180788337721 0.5964089161238662 0.23630599939631614
0.2519288580783857 0.06566178769812092 0.12960168848926157 0.7165195331649218 0.7866778401092229 0.8758887146273827 0.13749417500116146 0.9134339248601443 0.2699676868614368 0.4991514214718783
0.07524331046181276 0.3708332381629539 0.9049396185709799 0.2431005587621905 0.8536178563393484 0.031218059835596668 0.777227295905515 0.044687014886558796 0.11482548143618188 0.002791563493325877
0.05994164141301417 0.4425086369660729 0.7242681308290573 0.7747724160896171 0.01028277048286319 0.23492616073220973 0.8368984325888141 0.7448348993142888 0.7849089260024321 0.12573645882551
0.804077011408001 0.6812652366686718 0.274044057284628 0.30860576053505806 0.875306761439698 0.5324623525478984 0.6084075741238364 0.12212890571406165 0.11894706121249898 0.8177001885531986
0.7284007979276014 0.6192955642392795 0.23698717582425077 0.6856079499302133 0.4215866460191884 0.13830766989674137 0.9811845648993525 0.6106138342502457 0.5323503193713103 0.7361070046007547
0.6913510056606702 0.6126362048654984 0.6267309765507981 0.6516353027832087 0.07129509884207907 0.8315961229566714 0.25576454259214165 0.8027640194277371 0.6939071591090842 0.26586372352422727
0.10228144920541449 0.6889942618535464 0.8840982291923493 0.4925396770750927 0.7189524090515048 0.9714419624821963 0.5667823061300504 0.22751302271048912 0.269478696039712 0.43228720049406366
0.38681696783682584 0.6545244582527637 0.6701739960866526 0.977780662877409 0.9087940330939632 0.5550044824299492 0.7957865530206334 0.8420644655837929 0.9867989462082508 0.40424380479240707
0.9612624513745863 0.17347818827097927 0.457733684393693 0.764493164477516 0.7202516039393339 0.7406856505661518 0.15652484012343082 0.5018784618580837 0.13151022307146842 0.582871423842924
0.8775148060753702 0.5815563529206389 0.03595500079115399 0.04642071436102191 0.31356087894709495 0.4543243057524812 0.5599754848099715 0.7999096423783942 0.19284354236118972 0.33793833173054966
0.014712901250948707 0.09989762561042537 0.8031113969373718 0.01768062955786376 0.5963654929273078 0.7919274233138287 0.8440674737738534 0.14325844170188895 0.809181480168199 0.27430213947059556
0.08082762677250788 0.3829045945595184 0.33065263354533436 0.9266231780224963 0.5848585399313704 0.21058884995664373 0.11752317608620211 0.3107365248825945 0.44352925190811987 0.54853884140381
0.911579695709806 0.7886494678348706 0.6953870647130544 0.9648081412280626 0.9457901371603457 0.07014312520575605 0.9054946718954406 0.6344177536509692 0.574210642300229 0.6022213050145672
0.2336425045136976 0.8126371120664091 0.7531812667094403 0.6431990113525585 0.06797644515579093 0.14025907710208507 0.786682885926166 0.3261489435602535 0.2975576318129536 0.7032628101069971
0.5153289147315043 0.009588243608561142 0.07959809430973275 0.4030472443771941 0.17631763209409024 0.7377010743827787 0.5205918716344576 0.8584573709057197 0.49077175717900523 0.6880578448138132
0.035288388378848845 0.7571140724932334 0.1452442298054113 0.07170492427735264 0.2734307936943615 0.30109758272380904 0.7257698869732101 0.0686634422958251 0.4114095924324086 0.15082384602042453
0.33569508441919227 0.031289359504538594 0.2944570978341987 0.060991694514133776 0.5826184126834896 0.36861141883799065 0.3847358511509297 0.22376838651062914 0.35512711019308174 0.23667739654233788
0.7216502967034338 0.1869195241506416 0.826615939028517 0.40310332890787315 0.13293769768999542 0.09837880040127789 0.42132610597262865 0.4284341984713915 0.7485704854406766 0.9437922107899023
0.056843994157206645 0.6125890553507948 0.46422942801104183 0.3898597966610573 0.8376504561255957 0.9915769372038349 0.37708300743814305 0.8238379291766761 0.5159137704157534 0.037834887456236754
0.3738351756002841 0.18835325893037458 0.4585699366944118 0.6169526372707319 0.9894801733481442 0.2507195745063384 0.5638364149219719 0.18421285404145782 0.374930046762885 0.01723676225710946
0.5556564833487957 0.1662904633350133 0.7126560005005794 0.10549101132756766 0.3511730950922657 0.9666173807011295 0.7017127996140459 0.021463920346349252 0.7441826787599493 0.05733451499078135
0.7969905545733073 0.4532977237347726 0.4766210232883593 0.17641576132958925 0.7322658383582569 0.8898522161717134 0.8804844658010651 0.7354634047513884 0.4826000022454028 0.09972867640050254
0.6641919712029293 0.1618384609104444 0.22885934125451401 0.26522500070128674 0.09024431358212315 0.04820289885399065 0.07560862139904723 0.8557248884211924 0.7451390632704965 0.6632157173283872
0.24335525660583568 0.6463136627630564 0.3378509031394671 0.5890379638382112 0.20709901916109097 0.6399517455933222 0.479788610690711 0.9944665411543396 0.7853677691040494 0.035326364230228724
0.19699193976774587 0.3269302973609336 0.4973968863064214 0.7975407393578559 0.004432663591686592 0.012246305487306541 0.6008363657489536 0.8350894702111908 0.7326358980443889 0.08794770855660616
0.09834632224733908 0.26410720354462525 0.9384392589873516 0.5641594792894733 0.6586676789897308 0.7496680013692673 0.6545593288859421 0.705411538163785 0.8362323348025577 0.4539500277271674
0.4367357514838287 0.35744339082412 0.19310249707803684 0.6923713647169066 0.15257575075327356 0.9049684017709082 0.9280064819148038 0.0013398959679365996 0.7228223906533289 0.43952949267650343
0.39946409692890295 0.9550506080530639 0.07362256808045609 0.24099260286422608 0.49347181992637745 0.7338021117207886 0.8874714649753427 0.7318882608364375 0.13094408831319704 0.14259331282737997
0.35086192728563104 0.6507251339524248 0.3360838929914508 0.5063003118014978 0.9882691539118749 0.30856420677330465 0.1940823493608762 0.626522646271406 0.8449521993078184 0.4425559626281612
0.7150234290455671 0.7752271674461066 0.735155638984504 0.3608068146072635 0.090596728108716 0.5216065162171221 0.007646066083201841 0.7848555580939471 0.08119739495472955 0.041108755347481374
0.29712007152762765 0.039204157978865894 0.303219395545551 0.439383401597061 0.027871356012472703 0.011761915428344816 0.999824426441829 0.5389282422044533 0.01520667069199455 0.6147250906772376
0.4731955621416174 0.5225107051887385 0.37045141794604464 0.31232953230881444 0.732261128950611 0.8049757072349539 0.056987945875854984 0.6500763856494224 0.06710121234703281 0.5138424176645391
0.8676203517242775 0.6194463346968521 0.19972518308854215 0.9991298728473925 0.2976616077304747 0.12278106662833366 0.3806358298163245 0.8641417085417594 0.7734905031977115 0.7649249689488564
0.30157177316051686 0.11147841145949033 0.9629271097632789 0.6913842697490116 0.9770465368760433 0.13233527034686154 0.44162734059877384 0.21717465802404023 0.8107794885016062 0.43218272531869306
0.8187984070371138 0.5461926186203057 0.9078397774545662 0.18221524765547592 0.5358889190242836 0.9678598529883087 0.3193018808446584 0.9134937108511809 0.9435087920325052 0.5359537705966486
0.3134368850347402 0.9294953612553684 0.9346854000775049 0.3839520190464515 0.9559411031024369 0.30282462046043546 0.3666644910289496 0.5118818867490434 0.25142971700253136 0.6431270069398469
0.7388155279552678 0.09158060103705745 0.84939961163443 0.1757872278285798 0.11080285872037654 0.08043578013747543 0.8500926746005929 0.05478217014682163 0.043035759996908896 0.20808976839281812
0.5591665436425314 0.2480978045222212 0.4205116532551394 0.2062556513460646 0.13480732711281884 0.7804088688957674 0.3815187667160326 0.48870667902682496 0.9468945804023733 0.5952586892729185
0.21426571370341374 0.3566647561012384 0.12505580302660135 0.8077656905663212 0.007357245201007112 0.2042281527201707 0.2109240495355411 0.6589223675159379 0.04413700805229959 0.12914226411152596
0.04963935306337797 0.05384155965385762 0.41626936602442477 0.8161313668115877 0.056610039776550436 0.16884352218245302 0.09853454509485837 0.5531736017951916 0.777778255274764 0.2460670263742918
0.7746621775270484 0.7655152784999205 0.22510900576833204 0.35932602548291614 0.03313036418254356 0.5078845007814051 0.8137493553361484 0.631223310111002 0.16220913115428315 0.942278841045581
0.8532812696394558 0.10907071265636759 0.6651277311288034 0.946864858586651 0.45271725577285693 0.26595536522437857 0.7890981634694046 0.6509422785975283 0.3873652933998123 0.883330125112448
0.8160278361897036 0.8715889686282025 0.9454158719338517 0.8927950914581826 0.5981061334431321 0.13951759869063118 0.023080285370175035 0.6072769505599718 0.8380514725866359 0.2448380695141681
0.769336211985883 0.6556012172335423 0.9116565498326785 0.00783482320679163 0.8948132158480372 0.8494918036564406 0.609371537011543 0.2855315547051014 0.3540767187634488 0.15832174709677171
0.03401608177606108 0.06172993058017329 0.4865466785652771 0.9444770077171322 0.0333128678326301 0.8363733661813864 0.8585124852328943 0.6209856431728713 0.9687867948653849 0.4295008186765583
0.987183486875531 0.9331025351082042 0.32667571692640895 0.7457192054062316 0.8474396292519443 0.13682959463799127 0.6618498814963667 0.007037780316079267 0.562924806305276 0.44989028257470864
0.6323389461709514 0.45507148009925913 0.9653508935138401 0.284466209786591 0.4299172838654257 0.5480343016804456 0.7693574814385031 0.9360428763808599 0.7412991476686496 0.23360789578200258
0.9549990171276952 0.599000267017539 0.48484761171096 0.9656848618384292 0.5759072470102761 0.807123667801191 0.9593022481199388 0.7511498133981761 0.6184037733608865 0.6559986366085659
0.7138822986847192 0.6622757298952426 0.725313831356342 0.4542934060347853 0.4032235207447965 0.9309770195775074 0.5679591976433551 0.7722207256701566 0.12595860061556918 0.9530749835141581
0.40078438132376903 0.20801073336895404 0.26235240871128207 0.27389481477916144 0.8652971909322754 0.577015169906999 0.6242552975951707 0.9009283190107067 0.42348117953687514 0.6431019971151309
0.8097384187440576 0.0949597753109015 0.895563627656196 0.9582895426216892 0.01512778510425572 0.12796652659051722 0.4530002991902591 0.854107053756776 0.19875418339834883 0.3642706234512386
0.07476341410743104 0.13695885674288022 0.4135883639549588 0.42083094016081546 0.9134971300102961 0.5798072676372136 0.33003225614609233 0.09323001777833373 0.2378305445454194 0.8737794887515348
0.4554883770149841 0.19582345799295808 0.6181150405772974 0.30584177613017194 0.32393152169288997 0.4576840481101876 0.8050796083304115 0.06247438224386015 0.9765580546431312 0.14038685507015725
0.31437371414672555 0.7243183949843022 0.3836897037161301 0.09934523970930575 0.07469480280078 0.21305628666445753 0.06846070935137583 0.5973222143657674 0.6231729537750873 0.17932551145592424
0.08441815791670126 0.296905605287213 0.2389128381580916 0.5792548069918722 0.6720172682829032 0.5081490861275823 0.09406875465921538 0.9772509887439919 0.37309517180433727 0.9482458251334862
0.971555975337748 0.9339537442385992 0.1177574040416779 0.9820152098640926 0.3494773277358536 0.6908144814955876 0.814714145373534 0.5551469523436491 0.6845712925566915 0.24654492723082344
0.27395364734371763 0.8065617433842815 0.5404637457903861 0.8357194168639375 0.8697426580232388 0.6519106564153714 0.8012326822863057 0.7661049186724004 0.21229468987159406 0.46715027479336224
0.5867713208047179 0.5488308099192591 0.2380489374382856 0.36929455864951033 0.6436616817925845 0.2643005351880364 0.551353970229683 0.49085788217099935 0.9237478249996048 0.14678524985081942
0.5544518177421619 0.0751687247795001 0.7823232590120904 0.44192979531817267 0.8880100568554914 0.18164658388964694 0.7288251336880157 0.6939392183099337 0.9710504716710833 0.2832995329894994
0.9451531113911924 0.7530042128087909 0.9769749133340025 0.06311328783734971 0.8502081118221831 0.9585620390793803 0.41149024994812067 0.2716672882186094 0.8339724727972351 0.1502790119157411
0.5685861799907586 0.5952266495578661 0.9104294192084732 0.3861797768811567 0.5323206667381962 0.10172380836215056 0.44584684456809565 0.5061371895173898 0.06502010110300338 0.981456835813751
0.3074262127349211 0.9689762131446936 0.6766020953306918 0.979996107398152 0.7470447128640068 0.7127339486011258 0.40508095593312254 0.13270477494861177 0.08579495119898861 0.1401571345910696
0.3549170862706157 0.15344258731455807 0.7972527205421668 0.7153075396762303 0.8377233621533842 0.10443682349894767 0.900880973984383 0.07218444243495314 0.03894281993100812 0.7799679011182061
0.671703348267434 0.9825629676234228 0.49446394316556697 0.5734314527835295 0.5483584407763059 0.007785818870912675 0.30274086651785015 0.46550281684469497 0.7788715209255634 0.16803460798417102
0.9208381541897738 0.1705437433596989 0.7819575792354525 0.5026469727358839 0.596920340817065 0.4090551777949729 0.42139623130518333 0.9663340486390446 0.9770589895940152 0.7358943879320898
0.391994820369549 0.7086918210348252 0.19083097485216205 0.3471383112695071 0.6978836492690359 0.4181896404624549 0.7680333886906029 0.8128892215711517 0.7673627908744918 0.07685756116612363
0.06794220321269495 0.738983241796182 0.09324763701732708 0.1681835141095176 0.5128930550203583 0.9474754657369159 0.4136356006228431 0.10827051952500544 0.8095645383529241 0.8839406811431796
0.35524423552125395 0.429092822193862 0.5141954243942878 0.6090412339566056 0.14994650633045736 0.03272923213261392 0.7520693529725949 0.9124794118833108 0.5048562885987166 0.6567411055731542
0.6369514445596661 0.7993641056719225 0.9572934864365391 0.5434007547277163 0.9527636373518681 0.8421868654376954 0.07818427052138399 0.18926626732967722 0.9576362668386305 0.6660155470726071
0.7009295027541034 0.9666367101227683 0.7495757071912806 0.1401786231239699 0.9474998189012453 0.35471125432841 0.4933390432196467 0.6866268289699141 0.1994933341034273 0.49581518202000574
0.949708183959614 0.48332272309330615 0.319118061097559 0.8008436840707902 0.17120811551446624 0.24042339188995387 0.3635375116163032 0.36811476192361636 0.9324144840708685 0.657685151504134
0.755745168837106 0.05111073279343892 0.4483480359300952 0.6334331072748648 0.37610933778123135 0.11312692539888591 0.2010551463438025 0.7886029000057492 0.32095699832066016 0.5406357534980306
0.24232416177601046 0.8937754967304771 0.13804148166445795 0.2522130517649528 0.16959024151581592 0.342790587900089 0.19346563048819432 0.6361623065622372 0.08243180754852653 0.9034374550659794
0.4506083335426738 0.07751239013193645 0.2186639324943137 0.5938870534066004 0.3488294973523789 0.39385237709173126 0.6418854661445518 0.6829422484916065 0.6582041270945403 0.3895070399999121
0.30643768988765097 0.49284817316880314 0.15626382711650655 0.05884488634627516 0.061084970687927176 0.8953177286006313 0.7236995711804016 0.32205040579268973 0.6693281793447332 0.1345921430641175
0.988207235547431 0.5604805784958816 0.7221142949851012 0.8857701386209074 0.9591326938835475 0.6337652456979368 0.39780631779478903 0.26230330809220836 0.19030109946210527 0.5070997700196852
0.3846298268404318 0.8234696984314037 0.884390573787159 0.09471757302092343 0.9224135672704552 0.5008011543830232 0.009437606853533675 0.43431905045409136 0.8432936557856763 0.7618544267853673
0.9365379666341054 0.8472727464902674 0.6951516132284037 0.26038027542829423 0.3275330822618182 0.3106932355383253 0.5169089702242804 0.6838579625524582 0.002449241573404093 0.8700398810630896
0.6014021144488378 0.5025279479294252 0.29868248936669595 0.5546688626296256 0.6294129639839965 0.8484682532034281 0.9973996425910943 0.9238109231185351 0.8875322169426749 0.8089252858277237
0.23735159764853886 0.06673534317168828 0.8928841461127661 0.005022909602588221 0.9622723861868805 0.6084005737411363 0.6393425562006401 0.44513840674422533 0.3552631248761441 0.03068029305660691
0.8527200425072637 0.2916476408462212 0.4020377524553306 0.40929341143355447 0.09651362647760764 0.3604057507584226 0.19463270896893736 0.4878549246959134 0.3051414157992359 0.8842440972034069
0.8381602708510516 0.8630042414979809 0.33820705518189953 0.31492785909327636 0.8554114307738491 0.9383560588938694 0.4471795210802544 0.71243309531316 0.7975905377762367 0.220058343800703
0.12497790693203403 0.5760658196910462 0.3641909871736454 0.47303091601009506 0.6693024866371148 0.8088598740693149 0.7109975959066537 0.2344972214760206 0.9321541753710266 0.874854679796739
0.7824274388548512 0.1902107304146241 0.15083712121166226 0.10826725848950891 0.4428984198450503 0.9588168575601445 0.4598398629722177 0.5642380697866137 0.9016403101548803 0.901079936318338
0.6683423636171454 0.7627431788340232 0.4263405646779155 0.6732441342653278 0.1546979633889205 0.1704301967975097 0.623242972767091 0.3775864250894859 0.27709057936733206 0.2895488320527637
0.6247942910565719 0.3282578779924781 0.528669232491804 0.7788116088566316 0.37066051702867553 0.6468000319211751 0.7758132256242942 0.11793359755001742 0.7939104394453806 0.12926086279533444
0.3097835171317198 0.9457648657158142 0.13139167586945455 0.085624655102991 0.11486660483335465 0.35134289748771486 0.7658001361900302 0.14230894482181478 0.7102193564085336 0.07785633082538501
0.9766706102657108 0.3197707857820221 0.15797457852839103 0.8114256724103828 0.7284930436329478 0.04980351888458745 0.34676861703309203 0.4697705857300998 0.15638524793700392 0.18089457417276433
0.4577040287312176 0.6802471930259376 0.7232296632341004 0.4350536261486626 0.598861914815785 0.44240337584846134 0.11690806608648896 0.22580956190067158 0.9548295733497889 0.307113618155183
0.8322447690026714 0.22461394134096146 0.4393116211217394 0.27251946225802826 0.039495838559325036 0.5716774225056613 0.7617434943622986 0.9964149659078998 0.7796974727472984 0.1673049163155954
0.02292803496275142 0.8553819068462143 0.7469143946818892 0.05108408565950251 0.4400676608634029 0.8428919916769758 0.9184047078777172 0.47882122642342595 0.5681657356328281 0.291758561952154
0.07594479839767354 0.9409071326379803 0.4326230257800284 0.9307339156799472 0.825034221861365 0.030834952981829367 0.3169556146010605 0.8407122546062347 0.06342706201780657 0.76888118877905
0.5599135006847371 0.4629128140143651 0.9764130519544988 0.7134995812380127 0.6078794302053452 0.9295811442980263 0.5434977361468503 0.9517672228196173 0.7412801525925576 0.6371612657790695
0.2296082821165435 0.8502611055607732 0.34784283834609264 0.1625550067717304 0.003677557157040101 0.2690319945544202 0.3508820428815156 0.3349989882713985 0.0784357502534182 0.7938825075185623
0.41740310942408887 0.5192540494397495 0.797465575728005 0.4259441493055146 0.8686601067081897 0.9402154029897035 0.909053436643331 0.08258805504094013 0.7949080286140313 0.1847165846082035
0.061095672153654745 0.2099930292824863 0.7364399534742705 0.8532137675936491 0.7272954187576282 0.7852331146265742 0.43460200345339217 0.7022013092882274 0.9321121576047503 0.9945364991562156
0.5793303368927375 0.5176234663743821 0.08040293706567148 0.9144064388849296 0.18385570447477462 0.3902111063827439 0.917420210586655 0.5935839229815408 0.20257313795672716 0.02558663827943075
0.1458085240915583 0.03637068843003122 0.27467549382941525 0.21514406386847773 0.5084679297371689 0.7216208207596486 0.024001274083581103 0.6181253103613245 0.20962977856455756 0.4567475022129316
0.17464890057477178 0.5609782765856225 0.3912157596545207 0.5623811257086966 0.8522607726179198 0.6469954019593112 0.007528744381658292 0.6108536427210672 0.8324824050244298 0.5873966413449845
0.848549914438232 0.20047350347827309 0.17095331020752047 0.8144337600325806 0.6505932899595902 0.537594090546882 0.6032877237780435 0.11775771077611419 0.2027957866009249 0.9197680045534871
0.33885529977365314 0.7572045089979851 0.10889669356387066 0.5658185924021579 0.38877282057663975 0.24831909229773408 0.3959878393739157 0.6224489522907476 0.3663700426564902 0.29135101705169775
0.47539177803817434 0.5920478723565598 0.7774941400748053 0.12011947998571393 0.05555197751524932 0.8726410605373446 0.17836887119505063 0.8840596058656055 0.4827957334663542 0.5784756601995442
0.22032590969547727 0.5449256790600323 0.6430567977854679 0.3185140052740554 0.5235778365751987 0.1690413726931037 0.9961217700247347 0.15015288826517337 0.5263031184175635 0.42665077782119953
0.5336899600689271 0.49677264539856614 0.9406659491615434 0.5718383784349595 0.45351423874590446 0.4202602031684015 0.2139942188277909 0.16964984910932634 0.124115819535635 0.2734385864755077
0.4411914739926942 0.36146022052262305 0.4780430569778271 0.4223752108475993 0.503559855813203 0.5152991051483103 0.31637089609755187 0.424829530062257 0.8195622066993339 0.6947576539515853
0.133113934698463 0.7786405343066624 0.98465398860067 0.49826534233374364 0.9754528521677485 0.11264266122984834 0.750166284678628 0.4699391526622926 0.5441504396353991 0.48273897579159386
0.2453233891448694 0.4638713390566932 0.2082598455490059 0.25704818161201737 0.08182963014778422 0.05563672442392831 0.8592045538128732 0.9265821682687151 0.9970620102309666 0.3379636631423447
0.561536055120123 0.061699441767398056 0.9897562893376393 0.21192750471792232 0.771151364594913 0.549618657762107 0.48117639255797195 0.5906894088124326 0.48647992577154886 0.19456587704544592
0.8951079209112788 0.7697169286864378 0.0741248185184652 0.739668091990076 0.19161838810216492 0.5855875970441264 0.6676711910289297 0.37849473135452694 0.312378720220309 0.8848900885990825
0.9768500692265214 0.8641874196053468 0.19944128707017483 0.25540199020229803 0.06397301865050753 0.3954083467174533 0.034722069736689676 0.9336374260803809 0.14552950425730893 0.5608754402026487
0.6140358865114314 0.2960211963788678 0.7590654344945107 0.7580426379344556 0.3173848669966194 0.3653609865716466 0.6989377510315576 0.66652201918033 0.9663024612397022 0.31995253864467443
0.9692665264046662 0.553133597294098 0.969406319583283 0.07956736291804734 0.6283828883549393 0.41300827036676413 0.5489152123863349 0.6607358850225316 0.8062972630350055 0.20995754550967438
0.5137369275169538 0.14315393553411226 0.36518918612943363 0.7693636554197328 0.9988349381680838 0.7697035791107885 0.642646556021968 0.19813187696404266 0.8259342116112616 0.9144941560588656
0.4683584431285245 0.05878674249380622 0.6572268672705864 0.39649288323289655 0.17719267609645184 0.9085821719026291 0.9115913626495358 0.8907286682183492 0.6550655063003024 0.22953528261126077
0.4919391386600519 0.9947171261963614 0.5487371970584022 0.2215820436779501 0.732655004861586 0.8446680649607824 0.6466446912760875 0.40859248779258595 0.6176989501806096 0.04420178127206875
0.09510776447110181 0.5157721077754422 0.24278840501702037 0.06771372540483567 0.5527231420340659 0.6170151172280582 0.6991819268051072 0.2311916292244599 0.6054861386692343 0.12206409054666101
0.04193631316488433 0.7852030596574863 0.7661573651078155 0.7758702033923669 0.7721114403241642 0.677935537477351 0.16361732465014778 0.47633645692906057 0.31024775888514033 0.06058525486464539
0.5914292519606945 0.38166625535177023 0.26754394543132975 0.6630547941790322 0.9295565290150324 0.47482791035453786 0.9315129518288665 0.7548338580016064 0.07915786216887422 0.48018543588963924
0.27449657970141195 0.5241015208008628 0.457609853386986 0.7861347045417008 0.9662706029621156 0.3575023856240501 0.7893831543741173 0.8176227955690273 0.32607323398085963 0.6837130200766098
0.39812505469074966 0.12371838114436429 0.884742031357149 0.7558292886360772 0.45627787059385794 0.2979388591924462 0.2442455865564236 0.990768947995197 0.6807888107123093 0.7328299400064598
0.21974788865824701 0.258298529351228 0.7769440961258127 0.12533199795477656 0.8284449425425281 0.8179567866745006 0.5270863072330851 0.5957567207197332 0.5497644248593584 0.43906182323147847
0.7969502759515841 0.26073647296755786 0.4231215730192568 0.6071525440817607 0.8895800396423187 0.10929830770822313 0.9722748220469826 0.6196291974609437 0.6152653961410004 0.07125279951742536
0.6494274624166076 0.8040224778032128 0.16566333984857795 0.2383778790969262 0.4775723781845165 0.05423352385850777 0.38124631232732986 0.30141631028635874 0.8361788234007969 0.37325238884889567
0.2834455288445695 0.3996946484869659 0.8831715816815235 0.13527595395759007 0.8063345984789864 0.7452105147424424 0.9352547273425191 0.3358104391574336 0.5074245410223036 0.5793245127986688
0.23898328512944722 0.18525795101017273 0.6631189948954124 0.2477312595886777 0.9565880531607518 0.019650105841973797 0.5616033916015822 0.43817436904035056 0.8634103542233552 0.6516065114671722
0.9944200596207544 0.9154079074989314 0.20790479714820753 0.9652591736880144 0.9177067430507854 0.4091969076904086 0.4205199182948506 0.770798620869566 0.005052766926889385 0.6636881723279145
0.8743682967493103 0.6774612224821099 0.3461539791158309 0.04027172553013647 0.6984486059263155 0.018191320635521757 0.858923798620451 0.4810922990330523 0.7232845971613131 0.6648758757606389
0.07744454314738125 0.08665934954801846 0.9991968101152375 0.9099635573378095 0.8541194282876032 0.03854326374804262 0.9690247463196321 0.458443827973366 0.1716125081357195 0.10693417121511217
0.2999685378221385 0.9735761686050024 0.698640423856248 0.5228791516325421 0.5833210741524617 0.5504232221247877 0.9434059041753683 0.5663026368831185 0.5962127617109847 0.9531560803831988
0.8594402187667 0.8234536950337796 0.5860928914884561 0.44526343214089614 0.5408476739113249 0.7012130437820336 0.0865228512673415 0.5662111963516406 0.20742244185438863 0.4507317777850506
0.10195847823802884 0.26376242714357945 0.024833997755825732 0.6491628924882116 0.10954990424560263 0.3780819573714159 0.43105431700594365 0.815785433691474 0.2175891017058582 0.5919141816622259
0.5474266433606759 0.5976104955170201 0.9930867716973935 0.6105361039146807 0.9412518662300283 0.7495973163913199 0.9250618825010877 0.5158523760199745 0.476495312102054 0.9558966066464039
0.2254786198842229 0.9509126715076541 0.24019347935834345 0.3910773400066425 0.6863671818475824 0.03429620272366862 0.5643663315890238 0.8040826886691492 0.6095163082364203 0.6782215956726311
0.9767178808757131 0.8226990132861113 0.40422709679273305 0.28990529050475666 0.5081340022287918 0.12261193435745554 0.30896910466426586 0.6726050234574884 0.16096288573132045 0.08266162113919029
0.8343813853176817 0.3109492116629078 0.49929076059542465 0.5566991889510269 0.9479126970083863 0.12456699861057474 0.26090099698174885 0.43248463470352705 0.7244966404376549 0.20469841299623248
0.6103324154810034 0.71935625403074 0.1730088803742934 0.010376999091269212 0.15342836377776492 0.008940332481348623 0.21485556428650632 0.9939424606529723 0.11599486524508607 0.28695863913271646
0.3388931995131015 0.6500544037560323 0.15266320469956252 0.23923122975356248 0.28598204951544226 0.5380420592089351 0.09677811275720305 0.39125999509569254 0.22682669502530306 0.9143397319886838
0.5881098051704731 0.6483182615544563 0.28835865822971163 0.22992090666889575 0.9224144857371547 0.06176069037728893 0.9567680847037046 0.897058697484027 0.6553446484392768 0.9373061748546643
0.8393925410693615 0.41040385314681915 0.46293672232564287 0.7223365780675574 0.5030226554522694 0.11928598538658053 0.5118807367070564 0.4617921422905198 0.6227863047014519 0.69130749197835
0.1250024944138819 0.9960341987685705 0.473623936326651 0.5817141159907026 0.840866296810277 0.48908432875894103 0.8754697436699632 0.6286893008431387 0.06113148305013272 0.3219388470480409
0.06360465910115998 0.2316346245788331 0.35527430701564755 0.8631958942247506 0.5972488927167227 0.43766190123470294 0.1495113623849722 0.1380216050747045 0.3423130545562082 0.6609368833512383
0.965239016986702 0.9565215440391851 0.768328770005002 0.6901784569978473 0.592028754319175 0.63387156997778 0.28493090893458617 0.10153151935249916 0.5811954727945637 0.03710223677636415
0.10986563405976046 0.1871954151928894 0.22818178598750272 0.32721965420971844 0.20834931700190695 0.03460423863586626 0.775478867233344 0.43038446798248164 0.17270554953928097 0.4466190644921332
0.9125298726580232 0.9681601631028158 0.5215588765345406 0.9801065560853095 0.7750392877283802 0.10438064136473979 0.7894650772015913 0.4984420175102887 0.5533377381598638 0.524976283029742
0.9507100595046939 0.2828895615113469 0.5079286299437016 0.557136401922405 0.17511045849732476 0.9284757569981538 0.6600692432649576 0.2554758706230724 0.6490004079284144 0.9618870202748073
0.6762156740600245 0.13541140529410367 0.21119175835292514 0.36208582168783277 0.49738768395940025 0.11774380312374821 0.8515444908118465 0.9387539465051915 0.07798559264076188 0.1634796883963805
0.6988879416950765 0.8293355407508097 0.19331868882351777 0.024216959938584637 0.985383113699328 0.2123671334323003 0.6510802670369592 0.5109559740666048 0.6160191610157499 0.7029447510961212
0.3992319676743331 0.6929883264447514 0.39478799293013767 0.7955937118425702 0.9612355396876139 0.4785540375323455 0.6631827893222915 0.15046966724026467 0.349298063041273 0.10024631247308702
0.09201793162206384 0.4807339455073022 0.1072716377052555 0.13068353447552594 0.6341689318795598 0.29211033052550994 0.4170766323002827 0.7877554859355276 0.19368302986357033 0.7500445953645456
0.2659931111700822 0.45379136635941375 0.39581234596931003 0.5055515615490863 0.5168920767610674 0.5292852238104458 0.952873077891441 0.3977493071709818 0.34945457367659516 0.9693539902373386
0.5124362413035103 0.5692439245363028 0.947653336105267 0.10989224998318003 0.5472061357444553 0.6799417658097028 0.49724825327989997 0.6804268306675791 0.8000450616801426 0.5855310671043279
0.5267734186011259 0.22196346529800237 0.032954155975131294 0.058788346641712286 0.37646990215593645 0.4806569997876361 0.3454215789571421 0.8750290873329166 0.11184559725117305 0.7319252255833226
0.12540107921538535 0.8574363572643312 0.5120190805733874 0.40466589295426536 0.7752853924824467 0.28366508880093766 0.8577320136618269 0.8215255251604374 0.7155905050473036 0.3920339220615007
0.1198902666339795 0.3487073072089434 0.81066854503542 0.5937802104265364 0.8067212398118312 0.7575949659261421 0.2836184201289381 0.39726816170271095 0.16611084463183035 0.1405079852512663
0.39166474492059267 0.9807042396157244 0.6594107704764326 0.2941932153886737 0.6186278550583237 0.8118275188098719 0.6239823713344903 0.08719638864214552 0.907708255446274 0.7062074010310346
0.8239711231440797 0.9610467219885933 0.5056612723005967 0.24019465098085524 0.15228126989388058 0.3802261484338879 0.3185389190772333 0.49023594519729496 0.09144730211571339 0.7421844432381403
0.2895272213852813 0.6571763011825681 0.6670753283380354 0.9862003322251477 0.2010095190550384 0.2523376731485416 0.5347541769635604 0.8986773475600861 0.4758372946666266 0.17157605261222897
0.529812055494301 0.9025029981895801 0.006891535993316378 0.16418362645235463 0.47902204612956123 0.93938830379859 0.7793699422057988 0.9154164748972515 0.3243353532512864 0.9066438994047038
0.0668357779130051 0.2045922650801515 0.6409484813549252 0.993638439658048 0.27991691829749243 0.37511687420621276 0.44548663996660465 0.17822306980012104 0.1256440082800866 0.6584622805033342
0.7848126864680446 0.0896962626674731 0.5957691789700865 0.731032803964022 0.9719466678608631 0.4224209687870881 0.4440078791475187 0.25102035903324604 0.49280886110303 0.09299581119091305
0.23499790612435956 0.021763660502477467 0.5459743107659722 0.3739211766589068 0.7518714504260456 0.858790229049347 0.8973546017104224 0.307989898113444 0.5346874552881503 0.19963454269106784
0.23269863212345676 0.810171057053807 0.5885733267141243 0.9886889420551161 0.4730305696620244 0.9975451394063423 0.8482760293118455 0.39375882653907524 0.581620353138646 0.4528872817122449
0.8149250726912564 0.4666571309880223 0.23580786859333902 0.3237844949248436 0.8911605695082793 0.9470873879446791 0.3629791725474595 0.3867122075149926 0.33238170753696394 0.02722890515042753
0.9472192490268486 0.4642839018833851 0.4047221210473406 0.04385099163734063 0.7016427673290202 0.8739273379322688 0.2944607829175079 0.7454482220453131 0.17113029184697914 0.9075292126494767
0.548927709623458 0.9938019359513619 0.5811744548120348 0.6941301345417713 0.3455663888949688 0.5025374923412402 0.2807671282542382 0.18153953301335812 0.6836653214823836 0.4896613299158654
0.9407348910227564 0.38778059701037326 0.6723739142979555 0.9267249527766309 0.7636566764060184 0.519563373740267 0.44896785246209225 0.4041781444531548 0.8374747931730495 0.032523571723541034
0.9029324498009453 0.5006369581085514 0.42213560219426505 0.21675383822234084 0.3042825957824783 0.9432063471154766 0.39707447091830694 0.43119318510549365 0.13864035477771663 0.7766615704538928
0.3170845580622079 0.6817289833654987 0.9369423503054986 0.2212062845038839 0.5250867296006414 0.8404058312007384 0.6542508985276182 0.8916893959624559 0.5525437508481612 0.4369237180893558
0.1999944135266436 0.5755767931625774 0.6017390269646533 0.6186476252722651 0.05106380241394226 0.8226382781378295 0.24886596787549886 0.5716395181365483 0.489543801789706 0.18622391251978077
0.6328515732210647 0.4227627604376125 0.8984590645219223 0.07416790950428231 0.3020635518610649 0.4016980309968783 0.7217668204246936 0.8167728669330412 0.5795272782972622 0.8317490441765398
0.1489293925645222 0.7399904866478173 0.7770055209163496 0.3396050359071704 0.31975128904795747 0.7438292574652353 0.8392699753797217 0.5267667760600359 0.8617673360708962 0.12918402912315252
0.03212089953059871 0.22913084018283325 0.8703197011865724 0.1906957504695641 0.10118702575302929 0.40626726588613726 0.020563480838586945 0.3989142413856194 0.923264792086313 0.6482134352809826
0.36099160111429873 0.8319507922056825 0.04793281599686061 0.2651472355286778 0.4796720276523413 0.8849713221729032 0.6844031977410797 0.9340907248191184 0.15724121119200296 0.18529516717866856
0.627049066281118 0.916835351530375 0.32479970846867756 0.0715280847833577 0.33277294176400063 0.9345679616847005 0.13020695767831691 0.9570730411816899 0.8643584384688436 0.8872170795923117
0.1828746675428886 0.39152532328923884 0.6961730276344635 0.7393266096020642 0.595008622829607 0.6578734631962609 0.44206757883394854 0.05930432405805652 0.2663512979505178 0.2990910489019116
0.4100434795177157 0.8951811015681497 0.9698288830137416 0.05461872126179268 0.5142359872458251 0.8975557082683538 0.18710737040734726 0.30539959858260113 0.4819881209860195 0.8591895093578077
0.31591519162472825 0.2755457723374859 0.48226664646220874 0.13075417495146502 0.8250897056102593 0.9193769197407737 0.2713974266550734 0.6935245145537713 0.16865826733380895 0.634486984806077
0.7030751237573216 0.022347963690765527 0.7868645556396543 0.6846582491805593 0.9818276169329953 0.2560108666654103 0.31990354134485455 0.49085645089539287 0.35259296676795326 0.6071610858411385
0.23922926602075145 0.754204691302976 0.013792616839291338 0.39023548782335593 0.46165181673906786 0.7117480704143171 0.917261889717677 0.5233797190142154 0.1530408549932356 0.6939844592389499
0.7756244902975629 0.8691368640995332 0.8513051284983872 0.552551804640158 0.03617495188146469 0.31872088737316573 0.24241844666502366 0.45712548508657025 0.8000593210366613 0.09597932414614108
0.40861463098730477 0.02249410058834478 0.6665209040759347 0.35968926126121925 0.13447530635832305 0.7199454385990534 0.2642042781639148 0.8166191655780843 0.9044859575901094 0.051509026062471985
0.7949880167962029 0.7228288223842314 0.554737034844147 0.021265406011438337 0.26054214464114056 0.3469682223418168 0.15179914005358752 0.024846152968521995 0.1677837222467662 0.6968752802255421
0.5634018709391327 0.39641354402397166 0.4166300525554476 0.06956176643987322 0.3583985992874186 0.5018214685209667 0.7619260486112601 0.7747155910326655 0.1275997560183758 0.44732489357497784
0.7111479658080636 0.20313634470463338 0.0524101387101058 0.1851176572983796 0.9704635289858077 0.2640609642429609 0.5648060130605819 0.040143675871752715 0.583953706267257 0.09912430242955983
0.24004045934325835 0.4570399816221973 0.7242792578469989 0.8957394469175014 0.6425660777124068 0.0717342478616978 0.6878004588893571 0.568971049036872 0.7060162395007755 0.049133857347102405
0.023136038249535473 0.058514329489260275 0.36968764807835097 0.9965069725570054 0.8793733059847857 0.9961812885986768 0.616818275924008 0.6615706729116295 0.5986181808658745 0.5393348135721182
0.7640562362376623 0.054965337857305174 0.2973005845720702 0.23700048645735183 0.8368674833402845 0.5987077475717936 0.6816266968972275 0.8979248647618465 0.13223048074403088 0.39538055693184315
0.6247968926682342 0.5636379363232366 0.6178188378917494 0.7372289394134381 0.09708394515714969 0.8546169370447294 0.6459736426937877 0.5299996932329564 0.8845934416009895 0.15393740852278226
0.5711192194962896 0.393272104539906 0.15850399106933566 0.3203363501839481 0.2508772497376167 0.817193893379704 0.3638124386300905 0.881402004545538 0.08398605070078191 0.904949538051121
0.08508486454072839 0.9476429396441665 0.1922333627755587 0.9109526890270336 0.5164414279312771 0.4094791464090576 0.5889622028007011 0.9966678291786809 0.9139791756172329 0.3317360360959196
0.6933115265678615 0.36913095840992016 0.9410640730644889 0.8440120652197862 0.34720414874270666 0.24165313453318082 0.13039913332210906 0.2403290289817993 0.5711969162543603 0.861854173401732
0.7815034952442923 0.44776403782397567 0.6556589900464396 0.189088502994043 0.4882122105175003 0.5012999362644863 0.8253456292562329 0.6714890666686457 0.14803450897317194 0.1709217433772675
0.6382871509976323 0.97226899542775 0.7436839397734243 0.4270239442659777 0.48401347809062056 0.4255851137913629 0.4068208470038863 0.001483787561319172 0.03148656851444187 0.4641812849188246
0.2750238074132041 0.9042944663779318 0.24371480726666606 0.2541936594621481 0.4352338279502477 0.38944065451739895 0.6238747462560124 0.2969138755802213 0.8103907083679216 0.5287387367065431
0.6868670266917858 0.8129706563231474 0.19070865537007475 0.24865249930377942 0.2605852091803341 0.3113038880199964 0.7370139662617743 0.4126343160685153 0.11277769023053263 0.8634694506732332
0.19079442166006655 0.2903310483974322 0.5722341385245405 0.25322730203956123 0.71408662723008 0.5450327424683803 0.26712998320821935 0.35202948675178924 0.752054311060151 0.6920315069567923
0.8387136861618038 0.7829380309456776 0.5620865625052289 0.8330965619127039 0.5051229930162443 0.1786678481144185 0.08547217196460477 0.3560611948515152 0.6479683965084851 0.11386302352530775
0.6511824682519415 0.2035558599327144 0.17342306619554226 0.09737918743402318 0.5960216324625321 0.2612108027254094 0.259910512229382 0.8472588947253459 0.2613802455330656 0.3931909543539893
0.24608242498942778 0.43925064286727356 0.9840540261625462 0.6617147144269885 0.8356309271908532 0.8191366775893155 0.6370665732157886 0.3072469450016426 0.4995812647858675 0.5997981193343609
0.9961615331922398 0.13734654784414557 0.9420616746683763 0.025861024507505825 0.7086056409872397 0.0746867138244216 0.7621498407165731 0.48192979524457336 0.9231715873604519 0.7485562487186855
0.99224627467406 0.9448297574286367 0.7036452219900036 0.1791886299197024 0.02252625074289416 0.3359434341812636 0.1929288575153696 0.8005548671254759 0.5313744468088583 0.8166404154644908
0.1207887153481968 0.29479512825969767 0.4333068332778319 0.6879636377502321 0.6555211744614351 0.9702534182471756 0.5287370133161059 0.7051498112943105 0.7882890028184999 0.7051182899409947
0.49404486432241246 0.29822525402664346 0.40860546559894007 0.7999619198764039 0.08575758069751149 0.4018328201173049 0.9804205039676368 0.4350089280338667 0.9492542262965824 0.3406092789701771
0.2604900462975358 0.811755000825722 0.22025710023970868 0.4908469266501265 0.8141857882007555 0.47359523979824847 0.1864739645108614 0.24483730878133714 0.17862959093785846 0.7464101801278752
0.6371076052398573 0.14120834413572791 0.3990129119753657 0.7175974175841093 0.16955015758975633 0.8927312009435859 0.3211887973563763 0.6808252782618919 0.6454313370371058 0.44248643202613636
0.4620996383596103 0.513824271732537 0.19229145737742637 0.10994360704345896 0.49933138800261945 0.027820963429937895 0.6325015203855023 0.35042223375613624 0.42206096803984594 0.9297582950481647
0.9876541807442212 0.6445662213778366 0.16789017097125747 0.6722348419664615 0.7545011269350378 0.5588777942151715 0.13353611658457054 0.13113536372028967 0.9776136888041896 0.07402149039691897
0.2920749010757345 0.7472132970702 0.7542956563884076 0.8645220112792332 0.7754111957063173 0.4954253328999595 0.6988778093023131 0.3316445450356921 0.6878739397974066 0.8046073731818776
0.06637647526585222 0.8406598970768824 0.605313859988424 0.3401196845574719 0.6895989557251748 0.7943609445202386 0.6838059997914763 0.3833788729452605 0.6191307502962456 0.886610787284334
0.5530362438735218 0.3947326273885966 0.37224104907110345 0.12286725447200486 0.2016782037516669 0.22992292682149684 0.9945942555964679 0.9690424411789789 0.8755423088196216 0.3954218138445448
0.7177572923364789 0.29572001064346964 0.6040068401724805 0.6742134183612437 0.8558433961310371 0.6216667868131078 0.3462158881677393 0.43113487288831853 0.7262354773489423 0.5287398452391716
0.9057568297441436 0.9156772942365111 0.8021826744599738 0.019703710144828745 0.7010057656937755 0.9201881992239477 0.009166568530392327 0.02113664753050437 0.1980564115789537 0.22270425379543513
0.06228366759538917 0.19551927578729378 0.31412402323452493 0.3461839964355725 0.008493369880382295 0.7197622451455915 0.38154313005935847 0.2996977354831989 0.6854320911520576 0.7118444429370983
0.3259536878867296 0.13217197752997256 0.6375948782017677 0.5428967385129745 0.5569974154396429 0.32557398546495786 0.1410389058537589 0.3589805821865849 0.6958222792474984 0.2819620257933084
0.3793631959144448 0.7549748332793913 0.6709199507502623 0.41761480541902385 0.486571902019617 0.6923981175512337 0.9022972052386196 0.6674938841795487 0.1265289119528321 0.43365831063096194
0.263709304401216 0.5245807275832587 0.5140639331590582 0.47713444295467844 0.2636594803232223 0.09117024319657252 0.299391190793588 0.22066091328283144 0.4180957155596914 0.0029906387060280037
0.5353539437269734 0.35539738534846765 0.10121188602066356 0.5020595115742595 0.026108977298114344 0.7977320776392309 0.2554876681605669 0.3804742210050547 0.7162174166531219 0.3037805499736238
0.218077727153133 0.9948744385148817 0.4207094307564686 0.7792053503047518 0.577887088470941 0.06010328393958675 0.11954190140962495 0.6964967081824115 0.4161468178199125 0.47063281965604176
0.24396994366317204 0.9625182249225965 0.5030298691224975 0.9696084964602512 0.8677044940997448 0.04103543666749743 0.023824425849689246 0.08790664181099073 0.48232991076559917 0.12810937908163655
0.1904075768846205 0.4093874519809757 0.08430704209050566 0.7026513994849108 0.657239861880924 0.8835658166601819 0.6299885666625334 0.8300994139686851 0.005826801222906242 0.6032106576937383
0.5254255944950657 0.18408948916856938 0.6875707472944762 0.1919228808106337 0.7093450798453164 0.8691618588187812 0.7221624703025632 0.7055313730199444 0.060530265908168346 0.7769528383431664
0.1371391777619112 0.741184626132447 0.3149371395027889 0.3889900287498308 0.6039610475889663 0.26930585156629006 0.41323166962213154 0.6511203875197648 0.9769362711191076 0.5561173730651736
0.21603445395044962 0.7877665948919493 0.47355021137633635 0.42822999333529554 0.8220103782993463 0.6986198342163765 0.048231025755945955 0.04583164963770647 0.303043151135869 0.8860417161681712
0.10631116136481 0.2972987156892104 0.5310854714711972 0.6983625373291649 0.0809199558799556 0.9055928324321953 0.9128775820371728 0.04242607754681038 0.5527697001314547 0.3455944446982441
0.27157851608066574 0.6181463881610633 0.5312737800219898 0.7115640412268817 0.8184555248572122 0.1585051982122 0.23516237517652527 0.7452107895026644 0.14312922570304454 0.12033302086777109
0.2117371895575484 0.33738713574319923 0.41747328337965284 0.7643811831107384 0.9161341050619997 0.9502176746598477 0.5561189732986699 0.5876056493994042 0.9354382343821416 0.571508590519772
0.9056167891483123 0.6262481397579408 0.8872233145533682 0.00957434328311102 0.14465851489080872 0.23521361312511468 0.6480633003602478 0.5641561186903996 0.4693649847691388 0.5674075157198093
0.9747908607206824 0.3678963196788949 0.8104961511766728 0.12611013428579665 0.7697541337298744 0.982872500313695 0.7835417246560288 0.44412963080828494 0.21104919959293345 0.1579825133211289
0.3080023938920523 0.1553891682965166 0.7196831180502721 0.005512702098302125 0.3487725226739452 0.46776771155815944 0.26784779965028305 0.2390090222559268 0.03038781842295768 0.32042812571526624
0.8459629235986829 0.5296107665230995 0.4540021818348545 0.31453051576069335 8.711548906688016E-4 0.4842954824993143 0.9073097448016685 0.8431421159316776 0.23354696577167544 0.22702232622831986
0.7992299707760706 0.7143200408858353 0.7019056943279508 0.07255067798333215 0.5740246595485771 0.9607564392382364 0.11277681474868584 0.32274961655776435 0.06361806180156182 0.4600402626072574
0.9068317543936062 0.7865031011510218 0.22224196834316012 0.45150337221840187 0.8412327769064802 0.22685446214842775 0.9541299473698688 0.02878341961384112 0.8569969036485586 0.5728232607120257
0.7928359696337253 0.21164936961714287 0.6815440659136414 0.3983662669099086 0.5198547360737076 0.2562999473840246 0.9616269129370179 0.8672436576273058 0.420571765829136 0.4502593460264884
0.8478145530257971 0.07009053544398436 0.7671739332361959 0.7561584206444513 0.8589304592232414 0.4387826819423293 0.2910016967083572 0.3181038103743121 0.5433205368624323 0.7132248583891772
0.8609265401135496 0.025001555035265466 0.9235540425076095 0.7569789550342549 0.31968836186831195 0.03711537498791928 0.9621368872644537 0.3706880164005599 0.44672908427977187 0.425304769264529
0.3180431966123428 0.13604193030821177 0.3139106454825401 0.8468008518049103 0.47734740001631926 0.23806878507234208 0.8796066312500156 0.48704341042816635 0.9359662720675774 0.15982555257968722
0.5270088027405669 0.33401518183140844 0.48849605230802995 0.1211007586151569 0.39409108444433916 0.21967489790875405 0.8343572071642569 0.1415305731112776 0.7655250286910529 0.962503388068382
0.6509352415899546 0.6485690667904309 0.5009429949118894 0.37584207479407583 0.0031331407214585383 0.622042402497206 0.4592956508150211 0.8686167905555693 0.45972704949527243 0.36955565309105
0.1456533145771013 0.8582039402723727 0.5691436477130639 0.16081034423301988 0.35465122449120057 0.23961003883218612 0.4107543063870017 0.11392916003405218 0.4138808599425339 0.7108002382097258
0.7825073842461663 0.9231745621726498 0.7408808142408138 0.8409245820657337 0.21169701391665907 0.2449855307610188 0.818982404297667 0.38635576989269527 0.38289266226580265 0.8180471388003046
0.3701166877597819 0.5088654972265366 0.7655310576137104 0.6831459465066001 0.45679112811538003 0.23093107750500652 0.19339807575453127 0.1898533018479016 0.48079566837277443 0.6750775861319711
0.8992049233550505 0.8296180824709756 0.5627998315953722 0.3773254482777946 0.03968955724041012 0.3186391836360869 0.584853350565334 0.2392268645258918 0.06015096975406309 0.7689269216770769
0.2569053170390815 0.48863872942000575 0.34204994912899434 0.23225236203289945 0.9288075061848895 0.35629413632817675 0.4532874695073962 0.37922150422914325 0.5108698607276239 0.04339791121904657
0.9779974016176824 0.5845013909459407 0.7888869679232742 0.9548863813391281 0.3411675172535894 0.22926373979472814 0.6236565172634343 0.10365508017698921 0.2631289871818362 0.6032005617915227
0.010362056901243921 0.0529726420830704 0.4799312479496878 0.391005817188922 0.7397937960675235 0.7574627368253256 0.1478455677195173 0.3620061411095602 0.4512329974298017 0.1874503839450401
0.9137174856717177 0.5466618992986519 0.19592680317031808 0.677132744807453 0.977614296893689 0.8799504822298722 0.2404324528240489 0.5239486939099433 0.6001911252841299 0.01918098740311258
0.7307103656362561 0.4846853901596222 0.4144248757151121 0.8025800698941411 0.010698498684502677 0.4632745379272363 0.589842493543956 0.6050267548868978 0.8432007623735309 0.8658943777952763
0.36709613016929543 0.6686036796723621 0.5162742941814659 0.8109083751552808 0.7317149101283954 0.338170854422277 0.8349023907824359 0.6243345943007973 0.028088693654606645 0.01595735927853914
0.29559049208590993 0.8259552522508778 0.12821679200912717 0.5642057444863458 0.32062524048506613 0.11683818837610849 0.3644803853866436 0.8311918399297549 0.28908708766671054 0.7159578473214891
0.8116743204963882 0.9534835318389117 0.24330980906363442 0.7617659842926646 0.6607604624167447 0.09608915190859812 0.5723303821192482 0.3939774302434561 0.3652813049487552 0.3321868534751079
0.6779755024135069 0.5614996828447284 0.96109900114361 0.4354144026503617 0.6145818127992771 0.5643492313154661 0.46110204640483443 0.4602381233152373 0.9599487895597724 0.8305619173205315
0.5087474444048822 0.11970912643654763 0.7229746612032014 0.4535183712150931 0.5377838723856998 0.1349534428173228 0.9225275047207342 0.5707696562221203 0.5302269649084295 0.9270323204782824
0.5824548321751185 0.7523625685561783 0.0906351982783471 0.2493474337196433 0.2792372162898532 0.18482774458900253 0.9619605693314701 0.6175555243171168 0.051642095261377086 0.5864079940817175
0.29672580890074807 0.6839951356365366 0.4358364504003015 0.469768545040974 0.9670053330769622 0.024918139283199525 0.6247680189459143 0.5803443164266633 0.9476650144930936 0.16135721926416757
0.26722635346752754 0.08164410531679034 0.3395408464775884 0.01824929278423415 0.21984678752144182 0.33324536063937704 0.9127146802096164 0.4414750378991553 0.644421663330381 0.9128768953804508
0.14477056791056409 0.8387623175053391 0.20323512387916687 0.8709017298699419 0.6048926566957118 0.4879413880471458 0.7467388043541945 0.07367560792698391 0.19189166542469982 0.5648284706681859
0.8107377687424372 0.8916712526205246 0.17272339475790843 0.48305337516435354 0.44435755143327915 0.4189221026124057 0.1877901988051387 0.7094357026592134 0.3754143894497076 0.8722538816374835
0.39029153248173065 0.8210537992015428 0.2864126221486103 0.8119357270694186 0.6691175589533259 0.20393895861426348 0.022244718989507195 0.34979721231421224 0.4682553495637106 0.458367046211539
0.8797710236199754 0.5665214750131323 0.060404562022214336 0.2720083661618192 0.7398074780178369 0.9467386580885496 0.25847552703530596 0.24973595284380612 0.6936519081891301 0.7587079388268929
0.45586927164645663 0.9476812788221279 0.9891300221217099 0.9547907561775509 0.5749161145955616 0.1491657119435641 0.5752449358365865 0.34958149458075927 0.9725750435651365 0.2414246847265853
0.2598645129284226 0.5444759913107377 0.6034737472272981 0.40458121902375954 0.5114833386750388 0.31062305685232494 0.7725948585262069 0.20811395760524243 0.2339469667284022 0.9166167986913369
0.6233911117934146 0.12510403958607275 0.42212808030281845 0.19295329741003897 0.10183826640683458 0.42083458636668103 0.466895538004763 0.9621876777390113 0.5129114577967282 0.8498551809924354
0.019319223403999053 0.83189298550369 0.9431971937033353 0.6044127633605726 0.746904235075226 0.24693532371274873 0.761829728316845 0.9971901096335635 0.01875103993957361 0.12824448538323996
0.13166681066502717 0.43258116217336207 0.5418881346668897 0.3871729711599351 0.9635972021650306 0.3232721449419159 0.23762659733671576 0.0977005696017701 0.029097762379751035 0.742686477951386
0.19463671731260024 0.13315542998498542 0.009635484040896536 0.7688902761148122 0.3645486902966726 0.6297871276161096 0.1062359824371284 0.671844383099033 0.7762312190260564 0.726440792016718
0.4585162196418112 0.32342815149330717 0.43650275477075196 0.6477456674705885 0.029706475433690205 0.46844880662238253 0.7578824497810426 0.3476454453300406 0.8026627226861383 0.7848899958899157
0.308088656076698 0.6107620336152938 0.10159693676866044 0.9829412123176707 0.9113452648245701 0.7209980389250062 0.6052300472634025 0.5448899599416239 0.6481568759462045 0.5499476335250413
0.14929806538110557 0.0917465531070234 0.0980659232824802 0.19209942989957862 0.7298192528882327 0.7775111857725012 0.24900613203689215 0.07947924599315159 0.21325605789762236 0.5582818821946074
0.8572186318460009 0.8452941141581344 0.13568255213337488 0.6609405342488083 0.6832979472489201 0.07430389003076332 0.630294415512758 0.08494402267415724 0.9527875154483896 0.47705989712055896
0.96107543839591 0.5107857125963284 0.5938450012138815 0.9558148197951865 0.3601604552137865 0.5599824476243858 0.2898502009614452 0.49182183446518735 0.8674119695819116 0.9539805315959816
0.15142905696763387 0.7769049233123533 0.6529534108028767 0.7531637052680065 0.8602193377774093 0.03659672998386676 0.8668795213305135 0.5221850236768678 0.4658050940090389 0.547803880989517
0.4050899549125305 0.9641335635826197 0.6275982636577796 0.9408744515503926 0.10616937182713804 0.2935862181780242 0.9850476717242623 0.4941052946280251 0.8014637666970048 0.37738321638977246
0.5124071322639769 0.2781423746323366 0.3289790816495676 0.46200622314165674 0.1683957743989951 0.18838986726083828 0.09145501364850095 0.12772561355173107 0.8864356138938401 0.6154590131818404
0.9899433063680891 0.9622235812724834 0.967752511975538 0.7468511350972651 0.5964463498690913 0.330188443566796 0.2374786124987598 0.26748336340223344 0.24264886378236816 0.5304143035567914
0.9029957713149152 0.5323299585594528 0.2965012768954254 0.5782298535444365 0.9141109838455576 0.1213659233684995 0.2743907158680192 0.8286187344403589 0.7662563187808307 0.05516372980072082
0.5938616258693795 0.66418299526682 0.1107578990635939 0.8489079363501918 0.7103247990742397 0.5121405850036193 0.24031923283879664 0.01325700287917797 0.10091998479994835 0.5258361156173665
0.5032166223743764 0.5723947984630795 0.059674117176315766 0.36878438489076626 0.9663052047401486 0.6627794220203226 0.550323405026448 0.6730538703009674 0.19478633979357252 0.300510096541741
0.4266443059958468 0.9088374882655009 0.8457879808650489 0.9608974380752291 0.17486491843348917 0.5983465716859192 0.8831621428788214 0.7007365074320269 0.9587049426314679 0.034702921803023146
0.6125039409018106 0.171945815267893 0.1548187152400471 0.9252933551660171 0.4082494094324808 0.02464968931948297 0.7548927861611738 0.6690895154647718 0.9588101971953512 0.8784455449982037
0.9803754915613472 0.298725669399054 0.09105478209024931 0.2525115229525272 0.2067932597119272 0.4706652985917126 0.75204772353217 0.5883740421342495 0.8268341518420209 0.2705772163812
0.5238100984635096 0.7735689451351774 0.9948564279128805 0.01608049030396841 0.12596514618601817 0.3800940393947493 0.29020605498428165 0.6853066200536395 0.7214855855250426 0.1684645460836104
0.2127036529680234 0.07726652122800781 0.4823601450759102 0.27634753954305113 0.08088823513873822 0.31879915056661556 0.7948482919263469 0.9101652102742529 0.34208125041980997 0.872917020658415
0.6880942394216776 0.2887207865080772 0.5230615252112741 0.7746537456443574 0.5552222422995661 0.0498152331480044 0.05111739489480527 0.42305724342835915 0.002637317152846097 0.32398684612165485
0.9574702152192847 0.8917613954057182 0.7111065778049044 0.20391978351635864 0.03853841063838814 0.3856082356742364 0.5212983753600337 0.393731794840514 0.3952391959024433 0.16708145245896522
0.5668077720957596 0.4092653750020263 0.3965008535917429 0.003851610271573991 0.16929834675690925 0.8186708016685883 0.020385003654452616 0.9475217473610354 0.38324225401767853 0.6619832387115634
0.21469561667572545 0.04370181972353682 0.5318415464971379 0.3690605561333159 0.38867690344546413 0.39482918301840575 0.8110657720825262 0.2071621934173834 0.3983801148575483 0.8496914023983538
0.05534199429396125 0.5326139326508041 0.4205044183510437 0.4773966359658286 0.05628555636248922 0.8954168383914345 0.9229950722375119 0.8985762016557148 0.404960587393294 0.35132350059574935
0.535407315697495 0.4928927263413726 0.6885117544063372 0.17281788123475428 0.998021930478825 0.4794662945287741 0.01360968482179048 0.5186000013789727 0.52592458509929 0.8756205601655003
0.2520041893719822 0.5205901948771867 0.862737408268323 0.3793890707082681 0.10758123492295368 0.6781318132525955 0.018418485453641997 0.29251177477462487 0.08967080521905135 0.41098549804785967
0.1865209256573198 0.7031906529808002 0.7439545968208093 0.11587208393926285 0.6185297863860386 0.2816619090604916 0.040174033420025235 0.09573530554477172 0.29637198176394886 0.20668206261489475
0.6449404932980205 0.28655939534324215 0.08892082510415455 0.9373137497407907 0.9183013640772745 0.7934910053511844 0.7042928644101017 0.7719361792858447 0.8643171786727404 0.8661785286810996
0.15696228808712165 0.39519462315828413 0.9387561994423512 0.09265670147658744 0.6571934747005165 0.9036418319777283 0.5711151623035317 0.2717672017403614 0.8000200777972581 0.12211381444727465
0.49352550369286774 0.6360216125147067 0.6819744274280835 0.37542121201465006 0.4857067873734865 0.8399754732637312 0.10599864322781061 0.2637266274570832 0.9429802450069338 0.40359788086316173
0.3484445472112512 0.4050171756275811 0.75345668520791 0.10578367871669203 0.05679673959303899 0.5543711704138159 0.33086515124106153 0.16007035162924377 0.7227290926109531 0.9872559790083412
0.29108971025050645 0.872785406171547 0.8323321673375522 0.5428840901374435 0.1833336932951275 0.8832641538146779 0.2338249845951279 0.2636926465564493 0.8909321747867542 0.016441607533728697
0.4827915973322563 0.1383016303681166 0.8021848398220401 0.2400369333764839 0.9259592598395483 0.057844224697740865 0.6181832195074076 0.2117121228754304 0.06676165245421062 0.7293521550623533
0.7124577581360227 0.4260013993934467 0.31940694327664276 0.9549181592333813 0.2863717590212004 0.026471063279677298 0.6028976578915618 0.3816464153554766 0.1745405206894225 0.9354847721649902
0.3524247168432183 0.5549410858510785 0.04615614388349465 0.07211183077099237 0.4327862527225893 0.8664718724142902 0.9209494017538881 0.07813136816666988 0.12695648198122 0.7781951003937687
0.3726220900086592 0.15274870502351234 0.8426581037466795 0.5250971984141767 0.5279346970159565 0.308554366796695 0.43076723009533957 0.35186720829951157 0.9862355029428573 0.6044205295535502
0.0416068619622002 0.22249336472215653 0.08206952406302126 0.6854432248056957 0.25866132597218905 0.8568184759154851 0.4926062619550924 0.26570333022991055 0.8439708336370879 0.8943773873660279
0.05197779724004303 0.026532880201690867 0.805441521507303 0.9633790822887176 0.7762194200598357 0.7711377042827587 0.6535334542130571 0.4414852059263482 0.525357499576849 0.5758410699614431
0.6532649463057186 0.7350754439591574 0.4332897582692149 0.10887756677519222 0.5971988507247286 0.974979669073832 0.2214558103448303 0.24957991079073694 0.12605235524949254 0.12919569331410474
0.7788963364526036 0.6339661597735379 0.9057988268437471 0.6669001699441521 0.9391519203702418 0.7771480449130229 0.03360678274035567 0.07309997360225129 0.21355285244171807 0.9786459484334287
0.8896872954588619 0.7095598822209744 0.3508041905204592 0.30360964168999727 0.2780980252718982 0.7451813617797709 0.9843704890119677 0.5511082123801347 0.10677867916655748 0.13779710286631186
0.30201761215027045 0.27006644529485035 0.04556887107148655 0.9393840089465807 0.6259691423345483 0.5640891577658784 0.5706863706384325 0.51798692804051 0.027487934351911547 0.6383291219888496
0.555119923149397 0.6421848236352751 0.6162935401666736 0.7847180678099661 0.0966176316788836 0.7577191646539211 0.9430788414790175 0.776294238783022 0.5884285098122756 0.20094449049872842
0.032490329638949156 0.4470245630736237 0.13268085157593756 0.540049247984962 0.9242880167969777 0.570432910968765 0.2722585364289902 0.7125346488477694 0.24200253114857206 0.018510437121306844
0.6742619235383988 0.13622810505951777 0.23125888551179707 0.5817977259706331 0.8366173462006877 0.5111469714308579 0.9140373711621391 0.7621929525558573 0.10912553316228735 0.6008171903340002
0.4904939102828587 0.3119538096417739 0.3212155571040327 0.8841908263461372 0.8865640916024203 0.2855254430588855 0.09089794635637782 0.6030951176647632 0.39342574818394593 0.8952405306965534
0.45288671016924353 0.3951853295330162 0.6739976815676563 0.5176016221360141 0.788587172626203 0.39866194374283237 0.02200262650566165 0.7837700297758093 0.16662228647996635 0.4425525824923642
0.6507248831885765 0.8060498092768099 0.10979730721316994 0.6951476238341937 0.9614441495060557 0.2415687782666287 0.492879054716475 0.9332177462202812 0.1956288122524672 0.07502351148194286
0.7452925629097011 0.4159305385424109 0.6103236774357568 0.7142684800319594 0.7838143140798183 0.19992261934465494 0.3327682548268458 0.23569417598662812 0.13256807071853327 0.6157725602797505
0.3481337507147444 0.3907525584248547 0.5011058230550469 0.5411589153418509 0.6533681518754209 0.290652872507855 0.6860828633195362 0.05227708715480506 0.4704905590260259 0.5231643703793062
0.038012388633076766 0.012627318226881123 0.5542772064390259 0.8236267878996845 0.8918121428639274 0.16707570084951118 0.05213377174115774 0.3216836209204622 0.2983314221615796 0.34912860845194404
0.0780491179236269 0.8159169413668306 0.11377420980634212 0.48065044988825667 0.14787831803874807 0.49047699322631966 0.004909667412458685 0.14579342269442086 0.8898035792337646 0.9809633831004184
0.21018907233824657 0.6546973627179099 0.9916736210175916 0.7212293707261351 0.9603635187950084 0.6775563208710308 0.17602334012785825 0.058444008814651616 0.3069244931127654 0.7259379461323071
0.10392749256376377 0.7106618824344827 0.7326649788401209 0.9857809401260686 0.500443479984311 0.7593133499058299 0.32588597873435 0.26528441502106004 0.46724996230532867 0.5184430213463336
0.4882496058294179 0.11094230401119765 0.9021893200147151 0.30318761327348065 0.11600664006671346 0.4662654462291238 0.18077418035875914 0.331899074542665 0.9453026422556975 0.6002722246891138
0.7713189914532245 0.7394820697547252 0.28449377900974326 0.4166182844633748 0.253209927971047 0.9539300775790726 0.6698797271426403 0.6692747827999699 0.2869272015171038 0.49370716206918985
0.07598772001688858 0.056953627954187014 0.4447864361773459 0.580537688269083 0.1875182264479741 0.6460172789304888 0.45296610190881437 0.8303295876877758 0.8972896898496682 0.5803995464913531
0.31824063517399126 0.6843710210712894 0.6329955771274559 0.5771034997636247 0.01693985380870422 0.17360458596156791 0.33531470342504877 0.2771305987720154 0.9090069310297121 0.07069684464258796
0.9108908355460676 0.12423541555502038 0.8066288760850557 0.4777855284620014 0.7659258792727324 0.07768851343866379 0.6747649975133281 0.4222003104265053 0.5896057438573967 0.13026935480199353
0.27000016950487893 0.08811745165050067 0.9013062542168095 0.2990005783931238 0.6345017318148115 0.8990226371906392 0.001501452883531318 0.48367316763207335 0.2534599197390408 0.7840202359479378
0.8735245133482372 0.34700212511633166 0.8572436011676856 0.6104415543037528 0.2718072374681859 0.16029047593088364 0.3036046452852502 0.9458682118831565 0.7019508315624677 0.37976908121646946
0.7106155664025422 0.024601502361249583 0.24895754400106285 0.5713183205707179 0.027627070750744886 0.03677209855658414 0.2421789372548836 0.1850672238044131 0.5293830851111331 0.6326989245629929
0.5590132814030693 0.596404415518312 0.29753316298155663 0.840769660217406 0.9641110191314594 0.7762241143696487 0.6141330898781737 0.4340298039143893 0.2568241050523309 0.9307702819302566
0.333326324215684 0.14883127676296937 0.15686116204420897 0.4602299230725171 0.7202505560190228 0.05830495101805311 0.7965873888737822 0.6252665986744236 0.9503151424941453 0.8340867469036647
0.40813416377684053 0.3819737713264516 0.44734656173095744 0.5916397281403948 0.29446068722634067 0.9482667667143703 0.5057010138822091 0.5076795421536928 0.455735560251208 0.7985212566936872
0.18929438804098186 0.42262440722444405 0.30588355317379734 0.9483051951584457 0.3296017312609696 0.1966546441264525 0.758869182088758 0.587340034837264 0.5550297030189205 0.674881214233902
0.5902649261775631 0.34636653737856204 0.6756672871863372 0.7352864738675987 0.3868788225062022 0.7423791300033861 0.4202711913742182 0.042514533171213675 0.5856928424164971 0.6367319305149418
0.4764444251598682 0.8112528892423144 0.07308964657561934 0.8619087817217318 0.020317830367391765 0.09486040411104157 0.566322062373764 0.5252886530363143 0.4386457621254115 0.8580617516592651
0.5314062720055035 0.8820265066483567 0.7440790911981691 0.36694152782161327 0.7050962571372389 0.08420943993639107 0.26347996438192867 0.23513601579603705 0.383323203627027 0.559736160887045
0.5394942593506781 0.8020341869868021 0.5144609515504355 0.2519076988727379 0.027199447926978593 0.386963925564916 0.29300423136707066 0.4595058083736193 0.09049722011294825 0.3627531699415458
0.3877235452855091 0.5571747252678407 0.007021273307940223 0.9227202774343869 0.15808703268583224 0.4472110390980346 0.1756828803993451 0.8770610398782382 0.2137162299957014 0.19640549495461335
0.4875780263704269 0.8077652076853415 0.4538688069496051 0.945369594902829 0.8688314613344912 0.43560790249192094 0.28741872711580574 0.8428188716158208 0.33305479456522247 0.10842665098188864
0.07852987562053193 0.4535739093798551 0.49144704879413137 0.906808082077137 0.9891966123139556 0.8165789193583742 0.3601681733864247 0.9814726809665967 0.2970508149636055 0.08802750156025163
0.47746646499814216 0.3860598515936955 0.9553115029628041 0.4947230906167496 0.7971441055061208 0.8496801261292201 0.6314799582951738 0.14409183737015807 0.5602947812959176 0.6455144404496888
0.7123596718455203 0.08980403188054709 0.3638503158149268 0.9549056195046756 0.7952070058365733 0.935749397381457 0.9423239003177803 0.9008005176730799 0.998294998386221 0.17615084449566876
0.7582397649541053 0.7300652444813241 0.01889943763612023 0.4158898405015291 0.35709002844375115 0.4611107691009724 0.24269270886155458 0.5926563865719412 0.584261562551429 0.6814292258479641
0.3657575942829494 0.3313248158667903 0.1842269063475802 0.07905623726665567 0.9289099435429264 0.6009964755984011 0.006395248656440589 0.7226378060088504 0.8837449942160621 0.9164383945403825
0.027370357797052325 0.06669515437225104 0.8107998480952419 0.4281877044589394 0.6659648920378591 0.15184445002134472 0.6924499237154289 0.3793786509270448 0.4151709574132453 0.4941423319078191
0.20663480249856203 0.5723897975047498 0.6443893534230385 0.7133929142662775 0.3522346374105051 0.68469725374683 0.5355708320551671 0.037165204005404906 0.8428955667749349 0.5008587499896985
0.5085246035486823 0.4354341361411147 0.11332843636100742 0.38634297646030136 0.16350076323310447 0.2901731915859105 0.9705823665687303 0.6189572363186044 0.72325479428001 0.18488930822265692
0.8925208050831169 0.5149154579956526 0.19215411930716653 0.6110062236169495 0.7267042284761631 0.6391283292488735 0.9664879652169972 0.13116547426897285 0.07511092673001707 0.7730854142430309
0.4279935241040357 0.8139288068680903 0.9636026254252369 0.7287389186379257 0.1317129126815314 0.5600297497369747 0.4897697354481947 0.5430876982217291 0.5596468726647981 0.27723599457170534
0.018766077277918347 0.06569880482163537 0.053273185460492645 0.7290485414382399 0.15397095177828124 0.4601933423303024 0.46084850389931487 0.28187739950667345 0.14779161049358314 0.6807622500969932
0.23951480125382696 0.70599790626239 0.637647058956185 0.5560668092219231 0.23758235692684626 0.6475055050556028 0.5931493867494154 0.7154175685134397 0.14896359604855525 0.38165132673308355
0.14272667343387258 0.22591474117721932 0.6795827346138746 0.9823544868080496 0.5114068737433812 0.4742716343036273 0.7946886588067563 0.09835130409625448 0.6462096176528405 0.5233325760779436
0.02634938933012765 0.113355999426074 0.23156877121790764 0.9008350158179281 0.7120081287669158 0.5857707412318479 0.7044356790030546 0.5367550143799134 0.20783299401800504 0.5128979252777722
0.5671888642642138 0.3556144290289335 0.5746933085577781 0.14527065764971758 0.766203593968398 0.8514168318484374 0.9699473187156382 0.7886323979940949 0.1549100243960062 0.8254185378452247
0.9948278994153179 0.2742601418057097 0.09239629354547052 0.3507302087191879 0.5450641234747203 0.5527395370388453 0.042088835926287205 0.9427832365071173 0.29147797642583917 0.1719652841642746
0.6297688371780691 0.8609846900681197 0.7776475273975929 0.23705284136871851 0.9961608222668313 0.4444230149983657 0.2633293089201434 0.8180128099791165 0.4365550638436131 0.39327638763765205
0.8651834996562777 0.6704527155261789 0.25840277203581896 0.9476143266796914 0.25044839645041506 0.5652349987560289 0.5075494694902305 0.9865721430219433 0.12456107575574538 0.4849344264193237
0.714748072537957 0.17341734301128486 0.020323058064964594 0.43810201915135893 0.09632037671367155 0.4058154040195048 0.4440616974127515 0.6667563904368247 0.7063117665694133 0.9956423796485937
0.2633391762804752 0.5781880054999293 0.8822107047070886 0.19897982462862818 0.3311124373969244 0.8190754542305458 0.9522811730566698 0.9444672670198379 0.7328497091383755 0.5280770419787618
0.5797825618350445 0.8669767220956818 0.7159597088711103 0.95247522527612 0.30782849690897607 0.04361159949227711 0.3149922364688589 0.29511528374288365 0.8383620061176874 0.15032304969226284
0.9214197644700435 0.869793646157506 0.32970173798008806 0.10997463542457142 0.5634113251125233 0.3864156418098823 0.5293400246131028 0.6864756386516517 0.4588619513549981 0.4616561443572904
0.8721500041440065 0.8946427300581946 0.48404179295863914 0.2565210151603303 0.7688863228529406 0.5417382412806834 0.5605811988468419 0.47912073776327113 0.1858395458309805 0.694172589257503
0.6051094322215003 0.859132623490616 0.2737317145490056 0.3716476874710265 0.6087159358431463 0.5998409582865094 0.2424167585895236 0.3110567252403209 0.6175052196598014 0.24430938683239667
0.8976758144846194 0.21374524704173314 0.8708675346421646 0.8541533388798357 0.2573745678782531 0.49227727564877366 0.1206891941808873 0.39254480861766516 0.4464759365671511 0.1666393536748536
0.20257793286474657 0.7274953338025775 0.6338779583655635 0.224854395738875 0.2592805287237163 0.7271276138774498 0.11877362428404148 0.4592663267683641 0.6268210458092647 0.5055600225397231
0.800205531327521 0.5172956607100838 0.285489820400191 0.9961921446677215 0.1707151551229743 0.6642549414943993 0.9506650009102304 0.6785940111136717 0.6634629641806994 0.5458524271830152
0.33254987991953955 0.4658652039947837 0.6519219619107811 0.05930119281439039 0.8292606650746428 0.47124457572298073 0.6522244883305429 0.29448971750639064 0.9343013497492045 0.6159150895633984
0.3104674541927631 0.39045978174193785 0.9373133103022341 0.8143622910829068 0.5707591906945503 0.0674756280554768 0.07608937988285869 0.7793094564658596 0.014516502981982593 0.5412581704161197
0.1581933428490716 0.32516568759105036 0.7374977111884834 0.503496683642066 0.8121274895033281 0.41708820462068374 0.2882837367240816 0.8615396523196753 0.9508424868552628 0.112173680504001
0.1303961191831513 0.9702053403639253 0.7344851488848471 0.9699572626693268 0.8099669341589214 0.1599418578994739 0.304631623367706 0.4713126803267432 0.5118529062984234 0.4681057386387998
0.8288548596451364 0.4780101868459157 0.9693116991775023 0.6139164788220342 0.9423265043152793 0.7896038817315589 0.7558355283647338 0.42268428873050834 0.5022556476713416 0.4099831112522766
0.8324638449164911 0.10119696639763076 0.6813176392249576 0.2228376774610903 0.8498725903809246 0.9936908701372525 0.8178284115541936 0.3934498860968617 0.111765560430105 0.7066201587691068
0.1132706114891544 0.9636409702037811 0.29456808494694564 0.7804774730188346 0.2218802420201056 0.7873633054083068 0.9881517350276156 0.4082082124193196 0.012353099621036479 0.16634385950978148
0.873293770549681 0.05229992147187579 0.29833311794266626 0.2883487317909964 0.8838025061656407 0.1964168745497249 0.13219464424126814 0.8450519014186305 0.014716077828675789 0.8824894695768278
0.3357339975656938 0.012156548724593819 0.5327085177421984 0.13045676245666848 0.3017358013113862 0.31133011239299524 0.22081378666222595 0.815400036685737 0.7419819265861501 0.7416793977976242
0.9468050068357524 0.08559342568757089 0.9801224615869398 0.9679051909012633 0.2830425120233192 0.9450378505228144 0.5919288166506289 0.2829407282346146 0.12533095986706488 0.19533274534486567
0.6808021034654645 0.5247918078683015 0.2593025767220133 0.5342791975115454 0.8430099554979721 0.12046068316210545 0.6050696126892803 0.24239788590413114 0.9249776921472033 0.9542498044156278
0.4343663015331616 0.5535829967463258 0.00406061172908645 0.8134058127201345 0.19912658773811653 0.5024039590335043 0.6345759699318986 0.7509778724388266 0.736421000253427 0.768104157792683
0.2924748922940619 0.8239286310139268 0.5219018905935262 0.7941366222313984 0.12488587292131215 0.31395050428939 0.3323839113521727 0.25211405875445514 0.5648630294131476 0.7191033058467152
0.14791184301786486 0.7403410623422548 0.10702397541298769 0.5163041670884256 0.37464551022236015 0.45963446987043666 0.5563637095071048 0.9378639676150036 0.5021176442085077 0.4929273856016768
0.3603825109903992 0.779679137762126 0.12189705371643544 0.23019111751783405 0.21376715146691494 0.5643515463275858 0.8294162722515029 0.4264987972154476 0.9852167300339685 0.21942303628282744
0.9066990915459764 0.358592938213556 0.15760562879474793 0.7990756901848589 0.8409504100636205 0.5541087634871357 0.3955276865504781 0.6770625006561308 0.6724467738783383 0.6076437762842267
0.5583675676292628 0.06929766722916242 0.8848933089750627 0.6691535022458875 0.46239652114136753 0.7064491528966254 0.052388443839914256 0.2926921501128531 0.9619912669866355 0.9700410046683579
0.7393651624814855 0.46730586792923867 0.4679268321963391 0.8299861728728152 0.21335369443653274 0.8169258480836155 0.84979481281464 0.4771355066130606 0.3751369852739832 0.1523970143254476
0.779951135077537 0.6313415920108865 0.9368472519407401 0.7863173591123218 0.9679981204324669 0.12370144208264056 0.28577830930536563 0.28015219190282614 0.4076576810057575 0.5010547802001087
0.6601645895850087 0.5831263549916134 0.7119937291076732 0.0814798643953697 0.23290507198098975 0.8436866231463155 0.8482940302947288 0.10144214103196036 0.45018602849138833 0.5268656541215538
0.10052218648539835 0.33841528010312627 0.5041838219679604 0.8546679245874914 0.8851034802815629 0.8672084365617068 0.13250513281909604 0.0016367571948202597 0.12490850506020701 0.41389712777493415
0.03174844634760898 0.9240513989278574 0.2466507053465139 0.10816991318671365 0.04854788038907809 0.17874125774725902 0.5085159679899516 0.30306615812987814 0.9686858649800283 0.5962941816538696
0.2876926423149231 0.530495463565711 0.16333891495594 0.21347441930869937 0.16157349077053174 0.5915919448556729 0.5712466797387383 0.44095476670923095 0.10175131391060954 0.2428721377343187
0.49657077279041173 0.04500711030608051 0.8665326298064282 0.932327967790716 0.4844373362429676 0.1555838881723156 0.7255443329809428 0.5640012904951154 0.09963282932699769 0.17826239590436366
0.9791107647708556 0.32525023703558253 0.7786497931962056 0.18381328995484236 0.3454295938983434 0.19783132806027348 0.0512558361882387 0.07669285127741621 0.1801764787351845 0.8920859965293358
0.3349850110893535 0.602548487129528 0.6660205420589594 0.5929337508069737 0.19442845906410677 0.04486536488091708 0.5636335363016081 0.08703851290952036 0.42692654594976887 0.282171685824391
0.8511278647815905 0.5524284625742037 0.5872420816387337 0.7297588033154733 0.5954595805762519 0.5350143466301757 0.5960205971474358 0.5736613154687232 0.6971843447048953 0.41086448456760793
0.8903199805691877 0.6196818800467048 0.7290559715684423 0.9387593570258972 0.16921854907039857 0.026534213668531148 0.9493085774249254 0.3444627223038298 0.16348732297301471 0.16971639840481068
0.7120647750946244 0.7463095775259662 0.015538348230106247 0.8915168802435607 0.9201644211308883 0.6311265883848852 0.7943380988798404 0.432592935458891 0.8698093471243872 0.520163264860633
0.38970106108261227 0.41185207167170423 0.8217717980247977 0.9266271816880711 0.531355298542717 0.32390477048788935 0.9005147983185675 0.19958053413506205 0.9603986933559564 0.1571466234816853
0.4704257227334949 0.8733687140032431 0.8442404545150909 0.9005665360475618 0.9674642845079915 0.6974165185345723 0.3708497130272197 0.9036673604356827 0.27487915514695516 0.6081410411651542
0.08410908935707506 0.2814236263233373 0.12324778784243462 0.522894562394229 0.9292982459808714 0.8149907659759544 0.6679465752431077 0.9852651163725611 0.16620800261238722 0.08891884821905582
0.3512593120066184 0.37172561736441967 0.27711361745989627 0.9269130398091238 0.39168395928946853 0.5815377831575356 0.7478108112597666 0.5407223424208664 0.7595989252648265 0.8749799257223744
0.13214600717564684 0.19052658018063773 0.2963018836184599 0.799382195083262 0.1239479529517129 0.5702313269414988 0.7125357460943096 0.9481176448490055 0.4549948241326812 0.5773692440415783
0.5629675918289093 0.6346099294564739 0.31362745448565166 0.6048453849103874 0.9346883722242906 0.4315842808541862 0.6358458596071763 5.527122329785916E-4 0.5106526249507327 0.9252012385950007
0.05920265246862744 0.8809242588967918 0.873078676477383 0.9643771904890726 0.5495337125764674 0.055775858404409906 0.3971820515909683 0.14750970710225497 0.7115431015654036 0.42433379157500506
0.8522155223842994 0.2819897867383906 0.5764852852679828 0.8361299330797288 0.8746416070255242 0.07629725950023092 0.22366501375326275 0.07548650563222137 0.807364360221567 0.3801392229435535
0.9372010591919625 0.3246012455199142 0.009298979420482634 0.8750062262570991 0.7254773224123559 0.18778317053330562 0.6311593383995103 0.23568412379430614 0.9379302846023547 0.11817801323485133
0.026195485092097015 0.43267428590109935 0.40229988603824673 0.8783614243599454 0.418713704585707 0.02613844351356387 0.9751959816369973 0.4874673672677976 0.18856460195732527 0.01389880499230034
0.6498097838444689 0.9600577610855242 0.14638516874407792 0.03918789291327618 0.3968266534912761 0.02572892233406665 0.472233029389327 0.538256803425862 0.72807206157955 0.9334891824711946
0.569352158937009 0.7136147995791425 0.5671503044025646 0.39123107130101786 0.9451612875221539 0.05558653784714629 0.38731127470709104 0.6681607429881046 0.3731575601142816 0.5030382675451053
0.734007461633961 0.8968362566286968 0.012279546570802435 0.23353745964353378 0.1880800308111642 0.6515051751925454 0.8643757251751766 0.503875195241644 0.545239218917719 0.9507215794238891
0.9357750808126667 0.9237941156101994 0.4884807070122612 0.9347609357176841 0.735559504989721 0.03892893612240633 0.31230672487540967 0.6021408869682244 0.2909877307005584 0.12338097872270348
0.3210965517066383 0.15459483695690734 0.6896232431276355 0.6380115854362978 0.368698096622305 0.6961344237016107 0.268069521884171 0.8974538739711961 0.6322886667892557 0.25937561205301984
0.9588179231874062 0.10700616345950154 0.12077939813985838 0.39109289432679306 0.9795646085433175 0.07998445769787232 0.606514923210962 0.819004541015421 0.0034550775757138386 0.6267751629422901
0.6387455518650641 0.04308130130999799 0.184065935678979 0.8187441828022752 0.04832697075399883 0.0472095824370512 0.9255352805511923 0.07332127659968435 0.885327651717218 0.7108297407195853
0.08610481011723581 0.28099370906718557 0.04470193876885653 0.9152089076652322 0.38243781203100835 6.069884676574988E-4 0.929912836583503 0.7852965708317328 0.1224296333110857 0.08628406430982449
0.38036465348043 0.9856506171743215 0.03582757574455819 0.9774391504277462 0.7457331999345038 0.4977107574654641 0.8948300378492855 0.2827760446023304 0.4287569164524433 0.8457342752239817
0.8209353888461902 0.21982462422473592 0.4377794103033349 0.3099996076881708 0.6596626882078026 0.9334838686935932 0.49131003489653835 0.268421050001568 0.5713684492775708 0.7102033263471206
0.9990961515988356 0.4415076900255567 0.034234905696624685 0.6288492097979573 0.8076768429411938 0.48063838590507624 0.784606360384124 0.24496521058042153 0.9431147823150384 0.0359138010176685
0.8302026836113187 0.49205247669964713 0.7095792480846769 0.16738557048206082 0.5633397798464805 0.10165693700719658 0.40967998733123245 0.7222517390020372 0.17413882785899315 0.49346659562049366
0.6409280560372543 0.09064644305593206 0.017807482213299863 0.2672848144178891 0.5924266036757939 0.5739414394917898 0.32542794553024956 0.14066061928523454 0.016870757999577934 0.45201542129052596
0.6642881942912466 0.41912024919408786 0.5851626414394651 0.7197366428116897 0.8516443370617396 0.8603586306988028 0.144423951626085 0.377943293890032 0.6049035365708669 0.09941378843944615
0.9949150611908615 0.1104951342699031 0.0715688662604036 0.6387604708577534 0.6773464000952923 0.15650870981601273 0.5238881542726622 0.7754242064866679 0.919294172617701 0.195678182013865
0.9260015716391636 0.7366306147270095 0.32790906525970065 0.10462195377963279 0.7854834233461742 0.7261686704017473 0.135833402011045 0.5134852202986261 0.6865255345416017 0.5455613596256307
0.8082184396721513 0.19456702034721662 0.16861103107321251 0.9473004261632866 0.6009602560631435 0.44852981472018427 0.1623790431768788 0.9018165385940746 0.22374928249335413 0.8187883305480924
0.02348240682610714 0.515520137995628 0.6062548496165663 0.6609637245519835 0.3155916201964879 0.42416201974420353 0.3917430617256866 0.3218283193896805 0.8853006081059224 0.10392721077491451
0.18965236872759206 0.9409545995481855 0.444540632559134 0.6920893904290196 0.8071284387459826 0.17832217111355742 0.8302107044667373 0.5897172801408798 0.6492456206147031 0.49242429771524965
0.3460844908995868 0.33083879666073956 0.2286199262190559 0.9459559827515176 0.10865480996551657 0.9456320735736132 0.2573438853929634 0.8999533688660072 0.11642880697051183 0.3196275377798683
0.10765106281525749 0.37229438694620487 0.8412883506360576 0.8565681325419022 0.5224443478249974 0.2827585637978943 0.5008816132306741 0.08949026014400951 0.33279821346207117 0.2843842647726239
0.8126135164608613 0.7527502935085951 0.596772540056188 0.38964917467985305 0.9526541547095515 0.2271374615977867 0.012351465212914525 0.14004043796407184 0.6474862086679343 0.20087647005365117
0.6770476339805505 0.63886865670763 0.8108631560560732 0.8512380834373816 0.26768866040792716 0.36971981481660776 0.9056528565094581 0.8446398350659964 0.49612924517290347 0.3567278954055271
0.257891155857911 0.9775327600700363 0.2601089403523634 0.8878901399459218 0.8794732578871456 0.33603472919801347 0.2532018776064371 0.7189359959396282 0.9662608930954236 0.4391840320732465
0.9237819976495646 0.40279960610388443 0.1299856317167032 0.9488524615890127 0.5801529930884608 0.14853524939319995 0.5951801515521643 0.17876928074070753 0.12746935826006311 0.40355363469082783
0.046470282265377194 0.815773366304412 0.3918014381304644 0.17434635353496586 0.5469132631128938 0.9783233827237365 0.23767369025811946 0.9534049863132954 0.9646679813986206 0.9804611985405882
0.7176320408219194 0.003829954435085048 0.6431355491111364 0.9438365969860718 0.3058729297438204 0.6681635899796968 0.6288095211239183 0.7060663607019982 0.8626929092582758 0.3142711750554017
0.6314268485031553 0.3106144666139363 0.3524947216931381 0.5086320958214096 0.032612311399811134 0.7315439157406599 0.49531148996174335 0.0161930407066051 0.6820604790856147 0.3859056872835209
0.47028822697440287 0.2659737559986063 0.9244008406766052 0.41719297472214134 0.5092857762842825 0.992905117321577 0.2852439220948323 0.6952044492562928 0.7197488305664896 0.8689184524138305
0.5115065537618416 0.970823259545955 0.7582068816935827 0.07009371202182157 0.20896736033805308 0.6486329886374466 0.03925252653568889 0.891713632354793 0.14910406133456044 0.19595571835714876
0.009569196568102512 0.7193598252663851 0.42761636764523103 0.29381150296841685 0.6425559096873349 0.8917257993260591 0.04863949647175492 0.4534627338066678 0.7163242763467231 0.24961109230145195
0.18150505115510063 0.9716205186882564 0.6263182588765182 0.45559947665329137 0.29100743332214973 0.778054719740896 0.4535351192433438 0.4902139851564097 0.5774857728606719 0.9412630816016357
0.7603016642456966 0.08287925386681294 0.6796325632703105 0.3410191456668491 0.11778642257842831 0.21981249055282792 0.3907919679947691 0.29103229747252546 0.6829058100334024 0.2860016173813211
0.2186125213744753 0.7006181512740759 0.23700772180698892 0.8447196318296932 0.9782698663057795 0.7011905582506128 0.9746934471782468 0.5355626299639328 0.25107773804615074 0.5315512299439981
0.9883652173618537 0.08078783418450497 0.46315576046410356 0.8753671209883449 0.8325626532723556 0.9297677507254556 0.5429252228449244 0.7748890466701952 0.7718788134120953 0.6426647174004138
0.6015550225302461 0.7068798906679122 0.3172225622889533 0.7169700463915856 0.8470817157722801 0.39988459364888373 0.4374204344257874 0.19434029300726485 0.9907788496233618 0.4963875599060018
0.39662844557139065 0.050202914225567996 0.733453150190772 0.2190682779543196 0.5127498828666434 0.06489190417756785 0.5296953047996495 0.7872789476828564 0.2580325210345247 0.6026138430305052
0.719716347040082 0.4480327347764391 0.030244728596801496 0.4833332354825439 0.29125064172998694 0.6352050418629541 0.6113067669465235 0.922705265547625 0.9881091319676769 0.9513139084814051
0.7999800686322152 0.3364735445447572 0.2173174568344557 0.37816062490674796 0.9561938415705202 0.6582886636002399 0.22337538364145526 0.3657745600508209 0.22681481918626434 0.7036933756572545
0.2960255904079282 0.22352132281690917 0.036142735211475596 0.02805847848861398 0.35702104839991 0.5428965717969264 0.01914052020908219 0.6725430787690767 0.13173234274610535 0.21844254693657839
0.9513848163634198 0.16969177191863094 0.2530373836380364 0.0013879918427015525 0.3869489641809222 0.18907026724719234 0.06778785975094881 0.4200263698087453 0.6539071443715924 0.24338012291425093
0.620247889767604 0.3315114202321877 0.5768750391489922 0.9467825452652999 0.2722525445975452 0.331662886670648 0.7969787922610369 0.41969974324955617 0.6864348578738971 0.7425398058198265
0.8418707177864723 0.5681518542963867 0.44672196996173186 0.9219520665394098 0.16188673177120372 0.13072642351024277 0.41940208976508986 0.19474592052799589 0.19316688793694614 0.5825663448763932
0.06841627405039208 0.7926123687913209 0.13453747873353517 0.21330122526513084 0.3301297845915848 0.8073318110895437 0.5321788446642538 0.9546365030954874 0.32568982040755623 0.31178253897291786
0.9545806261484904 0.8233533004895554 0.14317806677509504 0.4837043384023053 0.010011923204158668 0.16676134112674457 0.15711748634002332 0.779122658580591 0.7097106791658223 0.2501861635031396
0.8694952164800254 0.9455032908769203 0.7122235622244134 0.10986116518190125 0.05431399323499431 0.9391207060846798 0.2978032820716622 0.009633550694655879 0.06678704011402736 0.6167881148497101
0.016497867007686295 0.2861831250847542 0.538642248732657 0.40901097960626864 0.8295421993321583 0.8449911113400884 0.3226033452327375 0.0497895919797372 0.22088905882147902 0.07808572357574017
0.47196721088376214 0.8377107502813529 0.1941933419629014 0.5146303255569226 0.24529815850124925 0.8336326929663268 0.29028999184820603 0.08670860129697988 0.6116113560138414 0.8621808783223976
0.7611819256024007 0.4952007809420691 0.49801953932861875 0.17743698966023058 0.818782116488989 0.7944337681207425 0.06966807415959009 0.1776173196055023 0.4401290739105853 0.9793269282649628
0.6608856501796975 0.6092005345297502 0.555522884149817 0.05504470852931953 0.586829215360096 0.2878792771449382 0.5720043038478833 0.7967059767544677 0.9565028989276878 0.48187389502880706
0.09182717348930469 0.16548941995055733 0.7808830883166978 0.7525605304024975 0.3740498264762414 0.13751272897616396 0.12398262798720028 0.228030318883497 0.5570986363791531 0.5231535956902005
0.7800390080442832 0.9971099277614216 0.9111330327824141 0.2070177699694855 0.9766128435940437 0.5545382335563792 0.42126753610596024 0.12255057015883875 0.9012348951934842 0.0024075825629271685
0.8161837463653958 0.19032547374295983 0.4283406627594005 0.018642584896262582 0.7513910878241981 0.39533376864803293 0.2835839864136812 0.44020286979380585 0.23237183017736185 0.15613768300347364
0.024222202232620282 0.6768610468693828 0.5200727471291332 0.14753833150747642 0.6371168678636261 0.07082036894234589 0.699682004831475 0.7784496816800063 0.2599960265845366 0.7481013913128947
0.8133564940124095 0.5979578114399594 0.5169752414168844 0.46954031949762776 0.9585417562385675 0.005084427876466235 0.22593626134735112 0.4824064146850272 0.03575247611268351 0.7715626063154138
0.783213687822975 0.3980594291356384 0.8931588697110863 0.051971480549555915 0.3601418832037637 0.676732390377855 0.46005033419551333 0.7518659889679015 0.156365396787146 0.3874387277271273
0.08722450554921723 0.35207675890965495 0.3464182261061629 0.5291676000292288 0.719576327905733 0.5461441356065024 0.02892849330811942 0.34894422525425994 0.7146383905004797 0.33788951568658177
0.4419069694493999 0.7729970390596889 0.09055044316547967 0.5674164687893847 0.9429288929838386 0.27918713382621885 0.7379121220640898 0.18637255149951582 0.7696209973552474 0.2820194549901307
0.6622001282523299 0.9870925303274936 0.39371609955771236 0.375969508738356 0.636907078075002 0.9052822228362933 0.3610402685321942 0.5885232235479825 0.7422862960383283 0.46219151380263035
0.8701482424938418 0.13124173348891854 0.14056290618718215 0.389764174023812 0.983924988911132 0.005327005050822731 0.0956984554912006 0.9910408583308725 0.2913224474787559 0.21757808367756315
0.6842730335369582 0.3281313084418528 0.0405022488723259 0.2932918723397162 0.8637746918749236 0.9013600854101674 0.2500068003852399 0.23457668294097156 0.565563506482131 0.08573008582424857
0.07118246941828743 0.06571044296926054 0.26200324699223365 0.2246361836255074 0.7229304073777149 0.6315897803759782 0.02073111640994807 0.945801474635193 0.6489620053724605 0.370980131609718
0.4037615157637926 0.9606966261929673 0.15808746151746456 0.3731912213990668 0.695097426983431 0.33624274322216474 0.6996678252752419 0.1449661373246105 0.8477488901116302 0.9863865570840123
0.09921178129426533 0.16378658700723114 0.2295346066650944 0.9211764261838433 0.53320090662989 0.4744605440716727 0.7167698550374475 0.6122560891503265 0.7575779475095525 0.2977729851477662
0.9359196297334811 0.6862326571050718 0.12093436302739402 0.8631441400177615 0.4855232835756592 0.04116418293534263 0.1912854815859364 0.4516541554264978 0.7841728911925854 0.3964510923385335
0.4044224724162764 0.941456581506976 0.7850544025669896 0.2327052358572398 0.002182079969493045 0.9845175802893763 0.1735374635134601 0.055708788348550975 0.6705772414445914 0.3117817829440688
0.8215255174935279 0.927364798295526 0.7105821912374507 0.563279494874939 0.21075552489581917 0.2465801306368055 0.27846829516048366 0.47035437449923934 0.2569619906727997 0.834310285495649
0.21793747956891862 0.17910440671618066 0.4677977623058375 0.47953515441364236 0.2729026301410199 0.9972935650040073 0.6496294045895693 0.23672345200104328 0.01761491729889575 0.8714049504341131
0.44180252484711835 0.930382600903921 0.6699404450187523 0.45617084054012325 0.8016984419158313 0.5185805049776354 0.06393937058817312 0.7258287854590976 0.18988035935767877 0.19486366947146438
0.4495031617926327 0.6945173369023148 0.6118535257564164 0.3667862729629272 0.45965617506020484 0.9626383544716536 0.8614408900544351 0.9393030702213869 0.540230053058413 0.48667780072456457
0.2805016846154421 0.6525684926691961 0.3719707815044019 0.18189020314824667 0.10069763686513755 0.5762232851102921 0.3317396257980524 0.7104166123722695 0.9652375142576831 0.2460388017362839
0.8373210653544695 0.08181953734272518 0.542007428795433 0.3438287092788438 0.49945206510455875 0.4986826587301052 0.23422109584086026 0.26782632870015866 0.36503886595118085 0.21683694925690955
0.8707005359622244 0.4182653347675439 0.17712891083352744 0.057939251694265614 0.9151243923156364 0.5316903265116933 0.5000569378940776 0.6115429812804231 0.17205770725443026 0.937562909100539
0.7622863227118669 0.09446503858329314 0.18730309422802782 0.18201813575261472 0.7548175750176824 0.29716698966668875 0.5410905874296006 0.06616514894190406 0.8896381441478795 0.040032450453456936
0.014849414569275576 0.7801145439034546 0.5705390520438122 0.08683681864079029 0.17578141003484837 0.4789548891551617 0.3577249191075088 0.5183698655008944 0.26818296027008004 0.3431889534703302
0.21799643501822097 0.1560849647951581 0.42643849211461793 0.8936798890315151 0.043885243664277596 0.7438136833591837 0.1318349639174038 0.08994655198525459 0.7979725852081957 0.24499803294142197
0.5238238070733605 0.5306858407414259 0.09272568854411323 0.7935566141344347 0.6460830107413291 0.8966897104222883 0.7515358703164297 0.5484154836493571 0.9587086177632531 0.6288627413592732
0.9132454582057465 0.944898281129016 0.4800918052204939 0.7178359446052647 0.5403009217778582 0.610583885045398 0.7355136324295461 0.39671098725120757 0.7697721047342688 0.5189048061744566
0.28421680687978834 0.47475853948953095 0.40682836339891526 0.790672900069645 0.9726899859586439 0.027433165911420865 0.001864469539114011 0.9218829773357394 0.21912652549799716 0.16685629755330622
0.37532011087621664 0.11555963154577098 0.5724970098726 0.6569581797084302 0.1583392679915966 0.8260758690732007 0.5093999402206189 0.20875838452122986 0.90276621960819 0.5862869080622413
0.9328334138900998 0.3938036095713696 0.5805774229380477 0.6809858200980573 0.11925533198444749 0.24757083051324802 0.8406996642698228 0.2546024831965428 0.923777775442386 0.7996826625052456
0.22026630145336046 0.9967310355107474 0.8980666733741827 0.9640707119954757 0.6177153628401755 0.6359847683337368 0.601494937612457 0.44976227406682134 0.7267344748610466 0.09084227725165284
0.7933239025705566 0.6117543267570236 0.8029095081778618 0.2755618406430351 0.38216410012728663 0.4514779720826094 0.08903483600964945 0.23990566358422627 0.9786931882573405 0.29764563315858694
0.4603955570870508 0.5333296072340326 0.6485854646417138 0.05081234841211868 0.36793247776477955 0.42745776596861174 0.9948336984112338 0.25877124352504144 0.955053245442995 0.9050756807917825
0.012121092283882917 0.7049431548197657 0.30295384470945175 0.1295397616532592 0.25062685318212885 0.6382081311691373 0.1196666738458333 0.44541495947105725 0.7026266335352047 0.2501671917557663
0.8296528542068324 0.8293161225374657 0.4824744183255628 0.5146102738633098 0.9436077504152899 0.1093433098867852 0.8090299683943316 0.04400638608902563 0.7922507595883972 0.20216475509453724
0.01932182917678038 0.1891206838193411 0.1932214300757864 0.07871563655365321 0.3432130518196663 0.21040217443827702 0.38680581670005776 0.16264455619624008 0.9510627067474479 0.9835748756295372
0.6240687463719472 0.39005432682993024 0.3498533227748628 0.3669045955950715 0.12006872935713375 0.21474651731727556 0.5479810080885087 0.05390202106347908 0.6951841273180778 0.430094779401597
0.5348807111015202 0.46276230554241427 0.31918082155981775 0.7968348858528301 0.5288871077763447 0.9726302668571077 0.9455029689698552 0.11547378929499896 0.1352066526975899 0.6068194938795554
0.4773702191160174 0.5626845383796748 0.02560390248844624 0.08440215891439395 0.44261596567239203 0.822967251584948 0.0023814676006631563 0.014126503752599828 0.9708032790958621 0.7900207542189019
0.34145930258098234 0.8884066416077745 0.9640063420362638 0.38668367949280924 0.12283602716692243 0.4501697988253166 0.9317467956339207 0.35796762608716004 0.8514412249862136 0.951633776763282
0.8209262248253434 0.7286191571258883 0.04736419160479122 0.8016279229276186 0.31319745309361546 0.9848114675578274 0.6416715929031712 0.10685849455435681 0.485068456270223 0.9389806621369129
0.9525023240336772 0.6525596845119614 0.4301351503452252 0.6674854615695656 0.7358553150385144 0.939259647550137 0.42819003483700413 0.8726836244240839 0.3064618184344604 0.9949305335522978
0.5125556315412618 0.5141817085380176 0.006360638112278827 0.8155803746684129 0.8348434030088487 0.5784299483453309 0.3622713574440528 0.4523836237861565 0.055439576131834256 0.41149683635170775
0.11758709125458922 0.9597365007644573 0.098372133188522 0.1267730276689225 0.9507847107008125 0.6461619675187392 8.136356578491988E-4 0.2175178001944824 0.09927734895282436 0.32877873273675695
0.2603267022880966 0.6535755858532944 0.29621048421933327 0.5820872892705107 0.03706033909666251 0.422253699199421 0.39742907471311184 0.29311513201170025 0.8034571519832095 0.6852671912532102
0.8268203542077104 0.18750270819349446 0.55063245115558 0.4668200665132075 0.5004631987555147 0.3749001979829486 0.4584385859683623 0.06230687006318614 0.20349136879135798 0.3770847586802043
0.015328623331435143 0.16278186955782048 0.4883047589620103 0.5484965877821321 0.9344858169029155 0.027258031673743965 0.03873932044305639 0.27643139480268064 0.8542861680007997 0.9030614461005343
0.10203261683559317 0.8569159187153067 0.7340134794627189 0.2938810323938743 0.028898958847819123 0.48233210640375346 0.05984750478641476 0.605817650171994 0.18175422984366552 0.34814477559935897
0.4614977210213522 0.16365037614843914 0.47210735409826277 0.4886264273995541 0.10645623612426569 0.5827023961904508 0.5703617695523068 0.585262257574089 0.28669580872765854 0.006102258083504175
0.3947468728530652 0.6565570609729412 0.9417393789251483 0.7729009423871495 0.8308259531890996 0.23425525367938138 0.47238006997735016 0.6694190250052374 0.759003801682712 0.3585238649639617
0.09093180611269713 0.034362064638048584 0.37468351296265423 0.48343772961913045 0.12674193135066414 0.6376567875765867 0.474198879069443 0.17414500409340072 0.1597993578764968 0.433624484148608
0.8493749613491536 0.2983802820565572 0.5906229573015841 0.001022124898020338 0.18454625457333518 0.26753148997379705 0.27121651996005613 0.7256456628439221 0.8820885841246396 0.7662561758073569
0.11972845250493125 0.555604526178479 0.05599666724485597 0.324681259081785 0.2205553001856193 0.46503938206499607 0.5277670883853662 0.033510127725894234 0.7719805813009044 0.5989706516838521
0.034821533159180684 0.679899240614141 0.3850413420966253 0.44012810666473545 0.01893309810525856 0.5907561495084362 0.6601666351985971 0.23802658828254997 0.30059390551595644 0.5101494824450066
0.6722336461494672 0.3712168108747672 0.6649896637024858 0.908810571647606 0.9800390218984626 0.2755543978423235 0.8862227215083287 0.2262457200514406 0.04278387028014008 0.06449390295821378
0.9986522687368278 0.6797666427184337 0.4740232549957648 0.9918293498647376 0.6876965005705867 0.4397864789765161 0.39263193045471556 0.4629661410863737 0.5171682990441673 0.16701680387844775
0.24069000373492566 0.38772389074229197 0.3361927070425679 0.13474116275233827 0.8297936718635556 0.2858332892131418 0.6159804201768866 0.4181290104104408 0.050147563933195194 0.7057046292658872
0.6552091579270161 0.9225931646981352 0.6308972047083333 0.19770909991131624 0.5624900296221743 0.3444833268502212 0.575511070213872 0.29512880054956026 0.6753736962286124 0.5099464778675404
0.4126239956167398 0.69909466351727 0.6075771030071525 0.9215750259669552 0.20060452009486052 0.13824613782290207 0.4295881603735875 0.7575018043073147 0.3032109584566568 0.17951039017316672
0.5825325784110879 0.013890395786670062 0.3140519971280168 0.6033125770051755 0.0011632650794036747 0.9593086304510464 0.14916979204686498 0.8246931633021001 0.579059635246499 0.5782615221794231
0.24991430519609992 0.241222177996965 0.5476003720193539 0.22119945607459257 0.04238006930639082 0.3192643723117914 0.5600000490823274 0.24960648216870684 0.2850273341075569 0.6920631586121535
0.2726764452765972 0.06731227855835076 0.7027117963483386 0.5362756387337062 0.9984418522111154 0.5629608504051472 0.35319810782563565 0.018004626251732492 0.5694885499120914 0.6536078104557669
0.5013342366329525 0.655038100055418 0.8928647123013546 0.315707110425256 0.386415334660956 0.028920104407918923 0.8071140917833933 0.2172875693660722 0.15986699435723994 0.3986417152757903
0.7559790130677887 0.8239079550936813 0.4432300456855808 0.4171541038239561 0.48354288126730327 0.6410190573403344 0.410529503995387 0.3325706427053221 0.42491511635606216 0.07664989648636344
0.03446310344481751 0.7678379918602668 0.7175376139041001 0.26087432528100674 0.15244538955387543 0.415821235997613 0.7904190056413336 0.04230343038336204 0.306395487599757 0.7611614620463983
0.3020787239564703 0.2968881917181272 0.8892579820165638 0.24592855247210066 0.7927104252587962 0.6306058254514721 0.9915978937076182 0.13300586482000887 0.7920499133282339 0.5351423443671232
0.48321282524429165 0.6893078973622859 0.2816599463337234 0.06447305795687763 0.2875555741246497 0.2103454555631754 0.34882072161790556 0.1402815118949885 0.5108640474001354 0.838317588622241
0.5889410811795625 0.6654468354280908 0.07324487528226942 0.08782315621339887 0.31438240249928895 0.7273680609596602 0.7555602419003596 0.48644911574832805 0.9098137504718241 0.3066833716704561
0.1238178548066099 0.7619067300973953 0.737693002817566 0.07198128790574465 0.6218665785000034 0.5630508996006643 0.8421954708354499 0.03738961068330804 0.2335508292351215 0.7890317949016934
0.3258885279912688 0.08746738020181244 0.5070791237892671 0.2189922066608736 0.6806761871737954 0.6326137034420919 0.40721343696607815 0.2841379981112223 0.543015725030145 0.9482468012901508
0.41498760742190344 0.5046730894345329 0.31313328874026625 0.07229557665757036 0.5300144024707637 0.32600442965262244 0.8289433891110481 0.4880847833615487 0.3470431423430018 0.8317867648738206
0.8176030536557072 0.20348421120990756 0.17628013191876746 0.08579054391939778 0.16110792618754 0.2522315848684553 0.2560869490728511 0.6602408166188385 0.10706460638716819 0.0896273129075622
0.46702248270836144 0.24518906079641423 0.43174971249688465 0.8323386964779874 0.5977961825323403 0.10164325295350285 0.21979271484753304 0.8008404328530371 0.13655199351457636 0.5205968123870592
0.36329648262902303 0.36305689976948696 0.7650035149636089 0.3807596647134459 0.10293571279730962 0.649060974196255 0.21829273108243752 0.3597099231041797 0.9345498921404379 0.3092231148867435
0.9400463871668918 0.34634801423072126 0.9869747326470378 0.1219938966884514 0.009955077630879883 0.12694953569727263 0.5403314640257525 0.9225414422606832 0.15030238044159605 0.4727769940789526
0.6987207355072893 0.019755144413218573 0.22822259274306 0.3441244932287889 0.3572444599107458 0.9966654612725091 0.5620667630135823 0.04383428553804114 0.5105049349888474 0.5481190344128867
0.5131094151696173 0.8027368244935733 0.6382075500035034 0.7995873474352865 0.29792858138030376 0.46013124413793915 0.37321991371332797 0.3722759221595202 0.6921442713653768 0.6143368377750749
0.9084167705133186 0.3122406548971227 0.31280171543422686 0.8615097089012547 0.6308665298479287 0.8850064039404556 0.46453731031688483 0.5153336033771242 0.2853919480478696 0.15222246740496415
0.11376672390379772 0.5058576191063862 0.5642638753716632 0.1931781858431456 0.41548625616436474 0.9926672349441399 0.39576386363145055 0.8115415633664839 0.3588801299403813 0.5957398131937875
0.36157768886057506 0.576472065673749 0.5207777927016805 0.046749383307912784 0.6114583582065216 0.08729875263450138 0.6201071596549514 0.4942495984017137 0.3633242088278036 0.4222431053401684
0.5518408277200855 0.6580779281907341 0.5779336448107784 0.8342055016601834 0.8455344418719258 0.5214881288557214 0.679505146077479 0.890423283571782 0.041407424619476774 0.2739322293489542
0.2571272304576795 0.4178471611016592 0.3060183466277989 0.7730771583465323 0.5265303513263867 0.812372011980376 0.7199380418023499 0.8815552726640249 0.9577683031307007 0.4975971882057846
0.061426133783638814 0.6521121086629866 0.8815842812354715 0.5775804541572365 0.5829672323526235 0.48422884179711345 0.07571238180002704 0.018088447081685888 0.23162525400297518 0.05596092285714527
0.3020926528406074 0.012136380988193696 0.9995257814128573 0.046648028562599975 0.5169539284097561 0.5381478227216273 0.6073774891764049 0.40931566666001096 0.007945277765993963 0.50285525601242
0.5217959925555768 0.22600119028480392 0.02597366759026254 0.2761005522627997 0.38629431017514504 0.9849026976022162 0.5741317418810874 0.8709842020503867 0.3061560931116467 0.4551619727670564
0.892076454604828 0.5003504124880241 0.06900935670389852 0.2032577764622776 0.8314456312117848 0.7493850570168424 0.3057698066497334 0.1943990824543702 0.7563761616137017 0.1441419807944545
0.8007244543881642 0.8529723354775398 0.8229141113277995 0.46710244743789975 0.6448779491888919 0.41801068718914425 0.4920838176454706 0.7734113992009156 0.6932854985494495 0.42281734499563195
0.9136087919849452 0.6952236463816385 0.8349477024575434 0.6522891663940575 0.3807552562920663 0.28663162765496375 0.9129443739343606 0.9871506279231105 0.40149400624143317 0.35793594315563626
0.7428360408012683 0.13122269520081897 0.05715435005509373 0.9755586236608842 0.5689629790807048 0.336014384024078 0.22696924794018492 0.5626881499198018 0.47112373246248496 0.8863401060652445
0.945388361031293 0.8257846952600357 0.6882161280836098 0.2913286467655817 0.6287614124885248 0.5533623674486959 0.5607758628432135 0.8371047151752044 0.15897143471075248 0.18600523341675768
0.8109488545524103 0.4005873826085159 0.8438236518824812 0.9403621509039742 0.17628527812225447 0.1982641010842957 0.08747261011349494 0.18490497398370076 0.9928450022800153 0.44946320130999184
0.19889654106112542 0.7115235629295867 0.18345521721294922 0.7705613366132693 0.14240446989560174 0.5245702411689583 0.24856306699976316 0.4847269624528082 0.19138834418643424 0.7777551282704992
0.2799774037729783 0.9312145496933552 0.3850088856068805 0.5293333003271162 0.7218954659463197 0.2888886714510748 0.4072302790997817 0.05731312507350583 0.5889616948890127 0.3905707239754487
0.008595899774859861 0.5789550261274395 0.11770772858684941 0.4979657490819499 0.3733630693616463 0.3526182196203185 0.3755737295110285 0.031339996481114296 0.8980921329418871 0.30505231939511834
0.18081356917217684 0.8037849858361581 0.6925111962156997 0.5235201255206609 0.796936680709679 0.39681686230826685 0.7394547796818559 0.17967624771079038 0.25694246113404073 0.9322245557098882
0.05790090891586508 0.7109159737405877 0.8454533983693435 0.6444943425018113 0.4016078573948222 0.3749474548229753 0.22095547281247852 0.33880194624532545 0.9955784728127378 0.614629216054789
0.8957053667652123 0.03147769646545495 0.5635563174206175 0.022654866112700178 0.3074661559027999 0.8130147233348007 0.431984557175761 0.07945471104519686 0.51508430915161 0.24810332524304224
0.8093349579412027 0.25272412340624173 0.6290222833590902 0.4328396225173594 0.4344413837085829 0.4932769269933608 0.4483132139872047 0.1661698866298773 0.6634478301692541 0.6394616646165578
0.4170049226698952 0.5607968182275093 0.7222087090973411 0.7511668288325268 0.936012622374887 0.8181872013871612 0.2894547420166016 0.9344812614889425 0.27040109572844806 0.8229852576057216
0.7957648080638842 0.7893641972423694 0.7774685713623553 0.6740495468369172 0.8243608860161362 0.21521868506231745 0.9476061759369606 0.26249550054851123 0.7819689102432867 0.9430514611423709
0.79775853187009 0.5315396696191673 0.5714661286355807 0.8279410662525364 0.48641231102024296 0.10860619847683006 0.34276113069779657 0.6318251583674502 0.6293914751224344 0.5870693166766112
0.5243297418875817 0.7541572097649799 0.6873391935515286 0.8531706162476961 0.24505639954063752 0.12677151556376565 0.9686182796885939 0.5030631452397939 0.944507360243677 0.2793349295539186
0.24546325159893134 0.575599188126762 0.4394883038219326 0.40305223973655313 0.7165688737795909 0.5383917140204653 0.9657159661083378 0.09283182049811478 0.0659017379576019 0.7078446687089375
0.7456593993042382 0.331906751717603 0.6653723472597305 0.058260200319279365 0.44708357510192964 0.19794572077465455 0.5481078574312387 0.6807958920565106 0.49155416605027313 0.715977393568493
0.6394159884343593 0.9899587613223747 0.5481393573535691 0.2609908251150651 0.8741330455495696 0.1434864540727241 0.7047705917556278 0.9218632515913121 0.25190002396485445 0.040881176842403555
0.7482010076137485 0.2783062324169302 0.5860128883627473 0.6965246666563769 0.703227115542583 0.11380970065769924 0.6868438456092719 0.7452176843279696 0.282815122739449 0.6901027016305458
0.9874329233591466 0.3311508974897326 0.18300074478446748 0.34243902095528966 0.16670013706114306 0.6557283081209159 0.219907183294776 0.3200540045130549 0.1548301778481529 0.015328562048916528
0.15095287651101086 0.9924291258071651 0.015733258279554074 0.2470031823812885 0.6482972479971273 0.7695391930619885 0.5930873032526233 0.11827521696521237 0.299798852030956 0.3430460273348843
0.4793179951091915 0.34661577477864824 0.7012374883653485 0.14544216277007027 0.8209751393008651 0.614839596643344 0.6732776943660008 0.24543665393759617 0.7093149347259415 0.16057556252361915
0.38762818638994656 0.2504142409173461 0.42149988855997855 0.26113134773895763 0.7190781837922061 0.1705882796571614 0.5756787758724037 0.20948619449821415 0.45356794260220856 0.6145067994406843
0.34231166662298584 0.1828092661484907 0.07717754971958246 0.13186047159663028 0.21445581206716302 0.7418154749919917 0.7468947844175189 0.9970794204310314 0.48133003469688473 0.5674345750468003
0.7012488969530922 0.23599628484857738 0.47232685949927844 0.4406834188694224 0.8073741978012056 0.23789039773163323 0.8427431979476636 0.40229533919838323 0.1607938457314554 0.866518544045418
0.65785171132964 0.4905746466202894 0.6551903772514377 0.5862755422718611 0.7985369904394767 0.44910838271420794 0.2216565855433803 0.7534177398225301 0.25957171048561845 0.3203813467667639
3.9688851085684096E-4 0.8873215605197903 0.24070993514324535 0.8970048427328909 0.05257524842290384 0.43303753576849835 0.5411262469991754 0.589183007023753 0.34598322526598035 0.2539404728770721
0.659330402994336 0.3852056442418532 0.6554274648251353 0.8520644365050462 0.17353983903008607 0.23116925344486938 0.7072131040687714 0.10375097632079722 0.43159253945419107 0.3367933041886707
0.36682574701376525 0.1195276646250375 0.31483584949360055 0.6261119915000402 0.9198912246085731 0.6896733298746 0.8570268707968544 0.7949859999209654 0.5287194215006054 0.660715417151504
0.7971330429487798 0.21179316596536257 0.7602142427112546 0.5031437491700882 0.7240218636944958 0.2033204069626009 0.67565901623884 0.27691413784194285 0.3313812954371532 0.10479416220787052
0.34886275024898983 0.17885479182330044 0.442812968721068 0.8211495168360091 0.8363795633399329 0.8648764619107848 0.8898928779947703 0.5460535606265894 0.5619899571834543 0.77992777204134
0.03009498176394021 0.7158615599588031 0.7973590135885174 0.7999247004622736 0.6768251869430406 0.23759897625990334 0.4217638177717976 0.592423648930983 0.48041441042483923 0.5232265199959831
0.42600793295256545 0.2365956478665252 0.34677151304478493 0.886859449451449 0.6891184824226881 0.8080985237819598 0.30949762724587715 0.4172760741232492 0.4011468487265205 0.8307333036995296
0.38161592379657083 0.5249649167966858 0.13137152665914764 0.7243098406194172 0.30467154899605786 0.9811238106611759 0.9484274527575925 0.6369354042385688 0.7858086348769167 0.41543840124791076
0.18736317395159918 0.33998004369645063 0.7675326462057861 0.9201313275677633 0.4283538133260605 0.18526036258439593 0.5102178183615667 0.6196878156783161 0.002773688206361369 0.47652334663695994
0.7840209402283836 0.8088270259962184 0.8745601235047494 0.9911006241603602 0.26471469311200035 0.5357031156404058 0.058275324036367926 0.8026422104375237 0.30705484417020146 0.3129833588676726
0.8300008171935601 0.0021288354941411125 0.6296473904629617 0.9763654050467268 0.8631747945325082 0.39189972893092917 0.08688340811078255 0.578259251808142 0.07870961790712017 0.7362230192967975
0.626360492769235 0.6037740806855167 0.4372030693454618 0.6919741240392832 0.734312070823826 0.726813568158144 0.12078385070033759 0.1142769227767928 0.1569161179170635 0.7859981946161341
0.5531080381133275 0.03450161647456462 0.45195815804544137 0.6532960001281527 0.48824985960360545 0.2418019631717011 0.9731729034680556 0.19265854503996216 0.9627068594955022 0.06441394126976963
0.21869250517192385 0.5616217867995255 0.2494660472169542 0.6432268405777087 0.08537923292754956 0.6957464884271399 0.0790538959265581 0.7176766918421237 0.46242325816902696 0.9339362461633148
0.29972004193657387 0.7028012644113562 0.7704367970349633 0.3920857674279753 0.8373808233825754 0.6263348290267371 0.5063782678278649 0.8731755442483384 0.28567554833810427 0.3160097965284112
0.5899908549198399 0.8138437720324839 0.7074646598114864 0.0797716505408872 0.3240423025127742 0.01062990459775659 0.26132587047785705 0.005402383994187687 0.07850341468098809 0.6434983571435601
0.08008062189485454 0.9210871773376932 0.3879051890624653 0.41991552468334203 0.42310993930784657 0.0047473833645238495 0.011465422560942962 0.4996662987510919 0.5001953973304502 0.007502676992460433
0.6471773677601114 0.22876139506610704 0.5218470665559937 0.06541388043973362 0.4139047241655318 0.6102000855672359 0.46955752623621116 0.11369712411826838 0.9196288443738355 0.8700173996511826
0.799146934270214 0.9888890551966827 0.7193452387002599 0.43895883773751876 0.7913410674608166 0.40698205718375813 0.23270816674427708 0.16328966187761718 0.5459509455202057 0.13933710528865506
0.7393743406412947 0.5826598036188215 0.6794986101021088 0.8732212501278819 0.8990969991387635 0.6686098206647922 0.6308610505748784 0.440105962105905 0.3539743741005077 0.5042168297359438
0.10548002208543394 0.3224009652405768 0.3618575402469576 0.003544133900900026 0.5959125540288467 0.6080880073127537 0.08277442258441936 0.9189716365096117 0.10497331647809749 0.8527576154860574
0.09432800786022044 0.0651486835132441 0.16744687563490046 0.6298410015023831 0.9473788778046959 0.9002247046495611 0.017323572906590146 0.9023686101882689 0.08992314553691494 0.3481772728098055
0.27974080756877717 0.7333754999404132 0.2849289078883027 0.020471448343367116 0.8802863320056855 0.2671129663860371 0.7269957268045314 0.8009476866348079 0.9590482632348908 0.3595151085994456
0.4230530333688364 0.09475045778291002 0.45277191435612185 0.7139076311408105 0.043915319296863875 0.910273180699204 0.6657109485806328 0.8867356840923063 0.37636312737397615 0.34250955421437335
0.5882364336394612 0.06812619396207786 0.7095205898509238 0.9568650121898504 0.9419940478854492 0.11338977855210597 0.9746520558411583 0.03439644750424509 0.9313763056441258 0.9041056738630363
0.224101360807756 0.6326124086317133 0.46330331773940414 0.7512226640348489 0.0829493710339625 0.9403796574508305 0.1607819408948149 0.21764814216797945 0.13606682520171143 0.4611463906039027
0.8404398078373054 0.4340859469200674 0.8235909389151849 0.1456065260866528 0.250207474693371 0.7094232008601074 0.3094559150155075 0.713093226885687 0.7705483117304591 0.9957553974578538
0.9604591148147652 0.050404093959956375 0.47111217018923246 0.5581775038965228 0.5274461780315637 0.7574244368221849 0.3844160269324486 0.020758893179058546 0.8555495938177018 0.6208293621668851
0.10913028121231316 0.812657751061047 0.9670176417446834 0.04030891732021158 0.8877775349715874 0.922120900151352 0.658021080923543 0.20617519741029122 0.11712524145445047 0.7811531853194286
0.32992752067767006 0.13287402730758946 0.8442823498184409 0.049929726074043 0.6358842426787169 0.4898379473713277 0.1774846314561307 0.04756413500628576 0.6651522679166879 0.5392814529355594
0.6977813613479048 0.5846337084240325 0.8104858841676117 0.38995316523081314 0.896312080557278 0.9929026094566152 0.16795316248408576 0.20652421697102463 0.3815883105055262 0.21897277281147065
0.3039450142293447 0.9762055627805863 0.10217254781823604 0.9511311690362424 0.49072165769400955 0.9273513783645838 0.11237266009045799 0.8824514278999478 0.05969664592858337 0.7192197921275136
0.4720467590901173 0.378246636977589 0.35076088327419896 0.07772612233940945 0.7163400648799569 0.012259475587596769 0.8462998386851652 0.6389377209449522 0.9571517285283878 0.6635144790943638
0.4701592656289727 0.3802240030537656 0.0853566485456263 0.12454679337657781 0.7046661196635242 0.16838891303304016 0.7312829703655086 0.46176044113329295 0.13291277078550745 0.6347772701502228
0.6106734773508249 0.6899583707697771 0.2488645896609909 0.7992605528373226 0.6343350982685043 0.6756255753102995 0.8944519206629292 0.6081717208693942 0.6919072369137697 0.5673357554565146
0.48065985854655746 0.8256726837714773 0.33365682787921136 0.4666907764026722 0.22872985623832343 0.523702105898801 0.6689336137844624 0.49949142640221844 0.027939391160657134 0.7525654385779035
0.675896729685789 0.9243773091219208 0.14802763550208708 0.8423926870968842 0.7743494551751908 0.4249619739323782 0.9671858052305182 0.18510433273761595 0.9519959340877601 0.271529454589438
0.08063319623891885 0.2771887591959312 0.954160141537513 0.6096466411786401 0.6401513504121565 0.2655097403696598 0.04798403894561876 0.7355854223635397 0.541549910756553 0.23152574107451718
0.6543481484679251 0.8522374124511585 0.12488992374905139 0.973717167523874 0.7042346077417841 0.46424311032541854 0.38139130415956235 0.10368199888051632 0.9209793294926678 0.2673467186173284
0.2713033663708282 0.8582739878218028 0.3558361882689729 0.11452643418948893 0.648618079357173 0.1483214776040609 0.4115029781702625 0.400239310129465 0.46135826843992467 0.013879694933836118
0.27673547094076945 0.9941591442217869 0.350273565917001 0.8366326237564697 0.16490205950119774 0.6770742262205188 0.5041292597597622 0.371975090978221 3.0867310265692005E-4 0.8841516944697078
0.6463740861309417 0.9064696981062645 0.2283496616327756 0.4445633885586552 0.3258253036250406 0.62078717475738 0.23901720964474482 0.9215079852291987 0.2631101840417671 0.5439028493695869
0.4880281994095742 0.10295284473733313 0.3649551575921949 0.32123599083278676 0.7758043397914837 0.17095783462533365 0.16001533745653274 0.3875830403555548 0.301767368603467 0.08623318244112976
0.832788272881472 0.03510925713009938 0.049888559796959275 0.7646216051516126 0.7362580912447687 0.2973281900132906 0.781157196109143 0.6934849235971103 0.24926716942879557 0.5319115461658619
0.4096104388716393 0.7385133104304941 0.1112139711772363 0.07833683894799526 0.8207925351163567 0.02526576952927817 0.9145280127842931 0.3907939344450232 0.254988690420903 0.9447881884562459
0.26447345187935034 0.6024353814778368 0.22230494076291718 0.5289452754579038 0.22618513930301054 0.5639704555363277 0.5426421535694892 0.6686413124517813 0.07044224129750132 0.017765343162380764
0.5108387595673849 0.9068937583060442 0.0025360099555292726 0.7180277258602444 0.37573364841554446 0.8287631585453433 0.5126900583948308 0.9883167394237501 0.2916268391542638 0.39143126202421075
0.22184291289871616 0.41953375832152195 0.6515921192180854 0.8902587982562498 0.6132042186287566 0.154714016542984 0.24432304174794617 0.6404433024391102 0.837847530055872 0.4813522955681341
0.9896691854237516 0.8689364189287252 0.8617042411797059 0.25766054359755763 0.10274709460806408 0.7575690295729017 0.5816746207912841 0.036069251703409244 0.41248644768143605 0.05587195186174154
0.18017375523044832 0.6154482087765973 0.21769831268199724 0.19086868590108708 0.9102812434022531 0.1529369013291122 0.502229750707057 0.34115580184653604 0.7077659118149072 0.8969379917822038
0.55049447915583 0.5138761102541876 0.5116074024351503 0.06474250160382022 0.005646787399960274 0.26572777985689544 0.9412386455910673 0.3814181477098063 0.1948920690022179 0.3429428901598397
0.0265849076270237 0.3210075449879062 0.10990388099476767 0.1802068659032241 0.0160758812981463 0.1467460454793127 0.7750440192500716 0.8947801880019481 0.8981601164124735 0.433923739763603
0.8620588437402213 0.13962186654258257 0.16345109630787558 0.8771799162303681 0.31715138753671035 0.938104568122044 0.5074873532478956 0.8334321171671396 0.4548055775254852 0.41294887134939806
0.6281893861841209 0.23230678572148666 0.4424651399202967 0.1432941557132923 0.00744865534107042 0.1978513547708416 0.3511469498670061 0.7363625935685719 0.5828843627043013 0.9684729132015933
0.9792941636440431 0.08396120876313706 0.5136567945003898 0.4764618267108941 0.4706521843710988 0.6891069255609819 0.8233259642016134 0.25412289903503127 0.3416760364026471 0.3943474860490913
0.5630971874387956 0.1704513288376317 0.9099549787103941 0.820891503690461 0.28039573864951584 0.8704536121852188 0.27236652114257565 0.8364485744000478 5.653089705964787E-4 0.6886289521311477
0.9201484327671224 0.40972054458482454 0.6335854781818058 0.23878950961994372 0.7978042210891055 0.2807735954805203 0.7030558537355865 0.8443131791189578 0.11373354387375156 0.9790598309986134
0.5612957431180012 0.46608526777548087 0.4927065800985796 0.8546462988479985 0.8022595977869588 0.8098007287925758 0.12377671850460459 0.953248459387414 0.4130704149576806 0.849962096976844
0.4019534171596264 0.7619538944856021 0.3153246452616937 0.0948219788905762 0.18793339262510234 0.08006145838942258 0.3389235258408504 0.5346841134367747 0.21741442601096106 0.5282499519351818
0.34403791461236743 0.36538964750719416 0.3799935006248977 0.4993294507398558 0.1609145113885735 0.2594807895534915 0.5573766424350004 0.6751175925731813 0.2525834527615123 0.16944671935622801
0.4616050580271024 0.5865219222992947 0.5221285591040233 0.3906218645803826 0.44622834744781414 0.07769905628525231 0.48403342420689155 0.885719859065043 0.5768323504085128 0.9501996970268568
0.09821753614652173 0.6786509822568239 0.3420555356045144 0.5092981596545767 0.92572854970334 0.4621848556219854 0.2622047627550361 0.21224384468095692 0.9066586380453043 0.4321842363076308
0.30980723037609137 0.12696163006233918 0.9837036701861757 0.7605498560642631 0.49491270443432245 0.44976621029661834 0.9988863092207974 0.04967997235671262 0.18768594718014975 0.9019458104635665
0.776315173308931 0.5731631485964445 0.7518065820534152 0.42760859105641846 0.07045400318544215 0.10058588560140458 0.844419384855878 0.24897478629199987 0.10722626373421551 0.6287514245899833
0.3018553424386532 3.3656171731677453E-4 0.7743820708993319 0.39727002356336905 0.8750698175290607 0.3581963473008287 0.12790634516387867 0.1533947953661805 0.20472082857827767 0.31263399818438986
0.7728478161614732 0.7491415171957031 0.33303737941617206 0.983741753836568 0.8498009497327026 0.8031449476984096 0.7381038672679509 0.6770049336930728 0.8123740735671638 0.3403676869150466
0.3459132898302689 0.6927961152336791 0.9163281176733427 0.03469264688079143 0.22651880068621744 0.25768861092641626 0.3576727874965523 0.9225933691900703 0.7128394568068797 0.8290848953417976
0.29485787894358517 0.2304907403311447 0.4941524178930159 0.9396943123748952 0.5692993143655222 0.26406922201384664 0.8310309312957032 0.6946834199283953 0.798830851482347 0.1447389376306235
0.414463558894019 0.011861944023986215 0.660274246978932 0.5465947133304522 0.5491167935195435 0.7040552809483508 0.6001720638931034 0.4866368254416752 0.2791797719470024 0.5428549323253088
0.916828654580705 0.6516824538857553 0.79495650223984 0.5142260132343534 0.14215682933445528 0.707310983424794 0.9593471700931511 0.5789911934697097 0.918429172362354 0.5273498989477045
0.07558735558544627 0.38499830367806687 0.11288411531484654 0.30682284586022035 0.08108966642382642 0.5428190850953739 0.7422390947947546 0.07694474508994475 0.1969596993032402 0.2731148625868163
0.3895142734240479 0.22766330175493033 0.6887341140453149 0.46134400259179353 0.18717176498371924 0.261410351957881 0.8011158514621903 0.4142755376606899 0.11342726660241254 0.151140313062618
0.11795722477827475 0.9028121203507451 0.30269242186476863 0.35639723953953295 0.5684692528095887 0.39691428618475977 0.3064573266579449 0.763065983381268 0.051610889411951355 0.7509576330291028
0.7575250284056512 0.5556271026190115 0.1828398788662977 0.9816430403667284 0.6883606937222505 0.30514903638105606 0.9808818257039411 0.19561954268922066 0.8334199073558777 0.36191544508902485
0.4069022962998555 0.17026813356876935 0.605672467212954 0.9784992480858855 0.5444420055822203 0.5686343245299704 0.07913881947053336 0.4572592981519835 0.8657025114209939 0.2782857188668404
0.23210888471752789 0.01564981461303594 0.46824607831286313 0.9039106884375215 0.9098134821109871 0.9933959686239233 0.3858999858918324 0.0147624809855883 0.4506711701248277 0.4875042218459774
0.07863202502332645 0.3505928659264972 0.6868339470829237 0.49423924411791165 0.9883909153372403 0.8235079314810939 0.07760748348611346 0.1616134421826314 0.6113811644871802 0.8182183044244664
0.06342296227418676 0.8115995005100541 0.8819692726074988 0.98944429764693 0.33838877865572625 0.9781901365928417 0.7893940808362847 0.48277648904305026 0.6310526390953136 0.8255934008572904
0.055681405909949855 0.26408052598378196 0.7558553023588749 0.9602658584906901 0.391638332335976 0.03257463222756929 0.1518596471427952 0.8311501303589947 0.3175310586362161 0.013996567170295848
0.8606895779896068 0.6243975278734878 0.7860245044386772 0.782816988681414 0.9122152208350389 0.8020198490809893 0.8771905340474505 0.1462439790876633 0.3843724811265461 0.20832959691616992
0.6488666823183363 0.037803588111129716 0.982606177089329 0.973690852548572 0.8203745363680732 0.3145695587279935 0.8447782277177308 0.282017884900282 0.3435836602319481 0.32965504633084963
0.4189831319322108 0.43662191913928683 0.07253276162774436 0.160367748966338 0.6845650830878104 0.5584215558203511 0.6812971789773966 0.41246928452497156 0.6907325099923668 0.6811953583559818
0.6995177772526089 0.5922684043665473 0.3725173966520966 0.9704694773171475 0.03598324802355801 0.14081686936177362 0.8704280206783497 0.28579808082649205 0.6428840029752423 0.3582660270792746
0.12799582264479303 0.33060694999289497 0.03683302984641146 0.6114807665039642 0.37051835145243317 0.1894359433401699 0.23747454813116997 0.4142968558366317 0.1786515627138956 0.13932945553986664
0.31047952931161527 0.197347063746668 0.26210717668603867 0.24028814587521574 0.10895168065848704 0.8431697030349714 0.7115610511058339 0.3591093903856821 0.995746081349557 0.3523529406165812
0.4609815545051652 0.9616079099530911 0.2989274817027744 0.3277573624945592 0.927937238667311 0.22012211291177797 0.0035731703359769273 0.3163977179564812 0.3160452943990192 0.7263755223699719
0.7153509007280929 0.43235437112889985 0.8615739783437988 0.3741774870152045 0.24477971598520576 0.09912388272701289 0.385313137032273 0.7821100555979096 0.2558073105508366 0.19610738831893448
0.8711792735213734 0.963263510840542 0.2983150238929885 0.3714737650877439 0.4346224109905351 0.8172460202690103 0.20138697836290043 0.7924249075474515 0.966754242068638 0.4191075205480931
0.24265779630625717 0.14392833830631768 0.9442181494604927 0.010481357892851317 0.7287785745126876 0.2582719009872515 0.3801735052713524 0.06016231045378517 0.6230183193004373 0.360334600868659
0.6583680111993438 0.7545026194385093 0.6382441127586695 0.5472561339501513 0.040123653350838784 0.8024223241308133 0.7770000654794568 0.7862273333362257 0.9631631601583331 0.49549408810870643
0.6451314065111188 0.41041221927694727 0.8615556830233012 0.5504768927300071 0.9913771040505281 0.8205519500935844 0.1276615598737173 0.3798366546845503 0.8325803975238277 0.8585896344853593
0.009808110945190185 0.08520653192572081 0.2126435052348037 0.10969430558752669 0.6935296805277825 0.6494030175038544 0.11307961291478563 0.21035106232871992 0.5495565020395579 0.5145285510379143
0.2839908700956568 0.09272400383765134 0.5483391269473038 0.9768552315183552 0.7965289654165951 0.9792870615155923 0.1387460047898269 0.6035981123970905 0.9313703292078813 0.8567572570841439
0.46767407368335856 0.18235097732713434 0.612465085680376 0.10465379332153124 0.6776630571790111 0.5508712403719199 0.971295431822204 0.9313457156928081 0.16120632091369025 0.023064835401885198
0.7841055728972919 0.27923944576472204 0.07330252008468541 0.02643592557679797 0.46304182936414817 0.9007972630290183 0.10789355183772953 0.996930586224043 0.0018683451108649773 0.3783660587249681
0.5291864241594849 0.5390173095891023 0.7779001972733844 0.9633354432898046 0.7154575829537264 0.3520112313313488 0.3940222445162177 0.24393292066898586 0.020790579556849376 0.4480637885973938
0.8081387684091845 0.8160032254330977 0.589298567867712 0.7429023313107778 0.8421253845932108 0.32740753255632116 0.8667355549067584 0.18731956682491124 0.7883314079380539 0.4942178680508934
0.946001506439487 0.22557564630803828 0.23890722300626233 0.9456707044696161 0.5558977459099522 0.5162906397106345 0.45170786369947813 0.04488280439220116 0.45659128068567856 0.5320687421458034
0.5362507949637518 0.15362192210457315 0.24059743483615526 0.866009700439363 0.4941819655036671 0.16196300690873044 0.054692546893318594 0.8164271080366239 0.6809312623331512 0.48745112398025114
0.5560194942395691 0.09550701685831076 0.5687146234240704 0.16342975797976123 0.4947504892971484 0.3133049630727448 0.785767101446075 0.08248336178116578 0.6760234201103187 0.2253927649210823
0.282667227175193 0.9384816363664419 0.6954690404455863 0.6006310814119387 0.13384004763648782 0.9195022388226721 0.7654986681500819 0.9649577241355014 0.9208023189902257 0.7439473107758303
0.15362258105914206 0.40774556747241664 0.8634403206119412 0.20345890452490278 0.23942182192839379 0.09919805212415467 0.8665871942430854 0.9787768979308601 0.9633973147242822 0.1604144251459937
0.4313929432272694 0.1284722987210658 0.4887713505410186 0.05217081280612257 0.9444572798776376 0.31552793101196386 0.22641890392123643 0.7041274723629556 0.20242187892629537 0.5330273268278272
0.9834569241111359 0.1930861913755989 0.15569495233927466 0.8177521370729899 0.8876221380456555 0.8970864673695491 0.7622079270808446 0.19927687577041875 0.9124187392809309 0.7015427949143873
0.5305805035105937 0.9221893747709483 0.2821193465824795 0.014289273723022466 0.8017966619083643 0.8003541952280062 0.7710539347930415 0.058312411398232844 0.06947128142479542 0.4146750129686111
0.9282234398506383 0.15411647587972255 0.6710128533863445 0.7496018148622753 0.556125467353068 0.4780800671404316 0.9954653044766147 0.7786668407791804 0.35178210421242495 0.08882675666891426
0.9485373503710346 0.455623127214002 0.4783105204220165 0.8505462248192536 0.7913055919712425 0.5452979311730795 0.976979220430682 0.25036717285634646 0.6263029015915554 0.7370629186892732
0.3525440769002023 0.006296671559979261 0.7431814575769851 0.5238615412655033 0.36875980109964024 0.7929046326396495 0.7558650511890913 0.40102337320089465 0.07631431856955218 0.3738471403837609
0.9640830606761841 0.04163452355884445 0.36203477660287287 0.9234847932359751 0.6544043088007819 0.23902137640123655 0.8560657887296371 0.3442681474388839 0.11936543982840342 0.5719452940057288
0.8628217541608499 0.9422246451510602 0.018016081035285403 0.9443936376214733 0.09186686913566333 0.9097968573586401 0.32717812217472686 0.3793926300011018 0.3564781017732964 0.6834450832465128
0.5399443035693121 0.7050558523342395 0.080497515124335 0.3928418689433216 0.9564169725814305 0.06112170924754845 0.40818253377290725 0.2991496641392767 0.8814151638545519 0.4755220571762082
0.9471137478817532 0.33178748764138766 0.2948539814711031 0.11306337202964456 0.6908215870485199 0.5762557829948456 0.09272735285319555 0.18209057171096898 0.4656450489049384 0.8400033993790545
0.31010176689818325 0.9000432488095195 0.3254368740816591 0.2289844170941212 0.8322546918990893 0.3651025672100018 0.6780808948408226 0.004466245158135096 0.9760686164768605 0.6586664749091095
0.5693899563399687 0.8578151833255463 0.9810176997625918 0.012179783291994872 0.472802674611844 0.14039924193937792 0.8875606286514709 0.41188480555463447 0.13740055280809182 0.5164120895726055
0.5004803259957848 0.5863473954453986 0.5321173089683784 0.9683361629666161 0.13568696518184786 0.9241519201040016 0.6906145174175821 0.07792713693025966 0.6312279462495288 0.5029484276145954
0.3091488069265591 0.03001577089491214 0.6667246923773736 0.07607343816002732 0.2788579185545945 0.8420873985895625 0.780182927595401 0.5592558991390906 0.9442438780660427 0.9095132478460086
0.5970992453039338 0.2874578163697902 0.7712334830435891 0.07447209902467777 0.6940141203143275 0.07068904807204046 0.28104805121311127 0.0760144698851094 0.2071369552446165 0.8676743282380405
0.5602153131026973 0.4193859079174127 0.7663965022285619 0.7175396488041705 0.39240847063773143 0.4146398116033333 0.58624568208894 0.42222446711833383 0.0743987421660155 0.3777345775727122
0.5767768924545655 0.356114996987396 0.27625945521151196 0.761723350651607 0.15218007388783683 0.6944329970615554 0.8850609325946704 0.29130945863519675 0.008302683359759366 0.2982036020359412
0.6316474312394355 0.01095401634930826 0.5170473685893072 0.4711647756186651 0.4416888502039221 0.5248867322875452 0.5425690084118049 0.8127698100219811 0.8750510338396627 0.6067846788732945
0.4227103719506805 0.4314738489488129 0.7216308668286614 0.7875480204006757 0.5788412872528009 0.8537837772232125 0.8071530844418323 0.4915157007988882 0.7182434595871701 0.06709080176862181
0.32902803725869956 0.7846283086740724 0.8754090201724708 0.26809290538066866 0.5902204106415093 0.8224589251467107 0.6020981849985974 0.05365485504320866 0.8281814433272408 0.6416976430705367
0.46072714001337767 0.9872410173631541 0.9462477018911433 0.025588524849389227 0.6016345576008085 0.7015967014053208 0.34651185264960793 0.7919827357493855 0.6120012779699785 0.9571415556599664
0.7360219707622172 0.002084963463510614 0.012674326734497865 0.3655785935548993 0.7322678091241326 0.2686347545378611 0.748873154457009 0.8095110153430575 0.32926355248862826 0.5541782163693632
0.7717324176343485 0.9413977724829949 0.8021387081660838 0.5932495886069683 0.3398621460352046 0.5289689311732022 0.4260000262614664 0.3466965544379066 0.9835829074852706 0.829259460199706
0.4639286981150633 0.7020466930281476 0.16921972385758877 0.6197105932384263 0.23932931136019708 0.9707271809685408 0.5768157397027093 0.99232585398735 0.7494479235338409 0.601113140153128
0.5618524495458843 0.52565868413939 0.1997282843375111 0.925794986624212 0.8100403484969668 0.9894471307917018 0.04277746592911669 0.6921184515021478 0.41397032081782636 0.30800033248494363
0.5910627605609153 0.5869653927924595 0.6013925036172187 0.1109808913219299 0.03906383451051132 0.9599073223906225 0.12711621983015953 0.8340155149422339 0.7784557302207115 0.47327809199132675
0.9040006888962014 0.9966062834400623 0.21899956368394857 0.46337567141841807 0.7932332491075156 0.981103309055155 0.9381695207440812 0.38391735027493556 0.6000681829302189 0.36403886933216345
0.8741462392823071 0.8210368513803282 0.2284256409667299 0.6099121153400394 0.44965847025112216 0.21852547909196962 0.6362270884602204 0.7275526921088904 0.9682558918313167 0.632683967811973
0.7030699135480833 0.31048014970670634 0.3599482682802908 0.5480655513338001 0.37282059054730543 0.2352158372956118 0.36974719061228545 0.028554627639655883 0.4659323393426388 0.1752923768678255
0.5804981237360035 0.2526398572667903 0.36976965285550656 0.003745356263885724 0.24049275679924298 0.7874044143256878 0.409948974644065 0.10316034224690973 0.7267021472538492 0.792669929216352
0.08168060349855855 0.5798883313522217 0.6160737537606045 0.7148953151201646 0.47732468089256574 0.38783078247524805 0.7601862047937128 0.9298448765664518 0.18484942488273182 0.40723498698082694
0.462657871637264 0.22370528505199727 0.6516070659643423 0.5952297625607357 0.8440562943801388 0.9642438226892343 0.5088194895750852 0.4273700230112296 0.7456573634761224 0.3067653297323766
0.6343917838247851 0.9832480782578852 0.07125496357055028 0.8040390438074311 0.7951486832890834 0.19426882716412408 0.29532275084205784 0.3450301649435993 0.5543155899854049 0.9679745450621002
0.9761817972189138 0.43418592177918913 0.7560421876303579 0.13084445217368545 0.5044291914634713 0.4411889319439849 0.30599315159843943 0.3902832327324639 0.9897343664555969 0.6005058712237283
0.15550745229042207 0.8065515898086031 0.14321114918615796 0.22072210841819873 0.36655386806811674 0.5866810208969659 0.24792578020971257 0.7755686882535928 0.8856870556364155 0.36495422465020755
0.8267018596017337 0.29171063951829235 0.18743517039908997 0.5183215569961569 0.4142352823487674 0.7227803992755172 0.26102636336429796 0.4801626409643932 0.9196339692328505 0.8048041665322562
0.5090883837976672 0.4620920740755454 0.4258478196950666 0.2250829304658022 0.0029317065153097177 0.47104641340364717 0.9140572977490444 0.8047538039306902 0.19625340567951843 0.01767917203446623
0.3239391208512402 0.7946718924490592 0.6375756085435074 0.45212958386711044 0.5648302873599645 0.31491629017432266 0.441458499666317 0.43451975907141316 0.5781625016669907 0.4301385996205407
0.27950522231844765 0.6500740666591139 0.3181410665080856 0.3461356112334957 0.43440145027441923 0.5125436667155003 0.5654934231893611 0.7374427602019481 0.023710231079348 0.26465792385836995
0.8182147143593943 0.2714081845948664 0.8448682373170064 0.580613934018367 0.11358838300707474 0.9811218596133868 0.41880651578582484 0.5031541730586522 0.5273626755658942 0.2577381124883783
0.716845750394277 0.3065710433281924 0.2688140242702143 0.8821437701089069 0.7439917162216702 0.6670170748669495 0.7445308745455147 0.6965885995603298 0.6214843374146624 0.3427874981009067
0.6991030656475337 0.22880846769726793 0.06242907025315281 0.4197816442763116 0.5575023967968847 0.8243357382517904 0.16656693848965232 0.061138824004589476 0.3917931227671839 0.6171055457575596
0.27371569585120914 0.6150826552965393 0.5139113535497797 0.9741310029773531 0.21014069600275365 0.8812975104320107 0.5566045848188927 0.8869333542172514 0.6380917077295897 0.3136998142825118
0.04622404313786366 0.15057879792450202 0.3759673526109091 0.9462555936976955 0.8939139968429881 0.07058625253662809 0.4950460575368427 0.868534857253241 0.9358436007114408 0.8686351089959425
0.718448886772449 0.14898289822336885 0.6384790443290815 0.9199163343584061 0.14897588433497588 0.2064270007722867 0.3514943316332244 0.448133537659947 0.6346845112953848 0.7641265103282894
0.03877155339689797 0.3285754787671359 0.14455515254396678 0.6857132541912645 0.24704232995677045 0.20534511740835082 0.3713150598170232 0.1886581507510421 0.18207446162103502 0.21574437658983048
0.4044690437099959 0.15843930012075913 0.15390816754865144 0.23297810863086665 0.7238114156999349 0.5453754154000696 0.3254994484436231 0.6877545580457776 0.9521703933666367 0.11612780110766474
0.6532281583964692 0.7100238224280624 0.7758629859035111 0.15316340889848157 0.14308096416983085 0.5440097945054941 0.1923142593672652 0.04800980213036332 0.06292045305036054 0.9328551087559259
0.776522494336535 0.1179228223768074 0.5491033390396057 0.44361295282084423 0.971527024716632 0.3906260347366961 0.12481223677209585 0.5089832539505584 0.5027634325261257 0.5480707491112328
0.007817076449045057 0.2991048612507946 0.8921661734339233 0.6977038743925265 0.7269839659644585 0.40488010929043394 0.7051062409428062 0.14852050552782592 0.4897003487131131 0.7137209897733474
0.601727105222352 0.9092165855024965 0.9464874752485505 0.7892712776011532 0.4839697450815694 0.19704674371970865 0.4844224178412895 0.528572660270314 0.03055310512586229 0.8485308217376124
0.9475935693867453 0.8633066505689077 0.6944038376823052 0.15694205594245592 0.730664798552189 0.7961587607388277 0.8005048562997316 0.32654887457022863 0.5207257908579038 0.11901481667157632
0.7268597449249481 0.42987127527829216 0.5729565656237713 0.7466141500250328 0.27724555992158895 0.4817517196074539 0.2972365956807631 0.7174472971175457 0.2616541883576754 0.002829874100043317
0.10568025610453158 0.563101390335523 0.9887981621283416 0.23504916735903336 0.9251817118706993 0.9279190030413048 0.8447837133382886 0.9931125229643811 0.5144041351829406 0.032751494833066275
0.38303072965378904 0.9883435182080186 0.741249650733255 0.8197511023139022 0.3827451455698201 0.34519827862054553 0.2746977605282638 0.3895604989355429 0.14672634739254375 0.9457127227464742
0.7240020783244072 0.6479226668655791 0.9040188711935929 0.18345836690653372 0.11858623392041645 0.9156476692845036 0.558893601916782 0.6861194546951142 0.76358145848742 0.6240371622187917
0.18487089457019446 0.5745930366695194 0.9288003506534683 0.11728185352846998 0.6009742402382794 0.8665523583394379 0.5330422931944482 0.014010202283003204 0.08712988492385199 0.703703800659784
0.9709780131787112 0.542082179768157 0.7966039262812252 0.18450561693093748 0.4964620810300937 0.7538846236588771 0.7055957545765397 0.717906906235568 0.1239737990969384 0.5537993033349333
0.0035824384891077754 0.9787031561400101 0.8389884462049502 0.025179473866605462 0.6727357191769837 0.7413948361158647 0.018432578957072066 0.631083357595637 0.6307097302200666 0.0969738003725018
0.3539783428694996 0.4811787069756849 0.21832415168289598 0.8158516447656632 0.24378360458420822 0.006645141731187798 0.002143801473233453 0.910183435266195 0.5723860180843969 0.06556620340261288
0.8316827541963095 0.7701285655722105 0.03381114965873255 0.7132164712141151 0.8419369600626468 0.6011306506413591 0.6695555711622796 0.614813197926463 0.6241767708144785 0.2730861935857014
0.09095824992944501 0.35271630588883085 0.10140633882487837 0.10731198427690014 0.934574636274945 0.685724397412684 0.7396241455758273 0.573509358608001 0.45951937891318706 0.15502842491757252
0.6019953885379863 0.34646300981823275 0.8373454358229677 0.2995490287572721 0.41027314749773447 0.6810010306557097 0.6078787182226203 0.14279734545223177 0.21628211628038618 0.6037816052552475
0.978529127964569 0.5440631506957285 0.5060054040385391 0.9917614694387245 0.12994999993567935 0.4686485448676384 0.5597907367531907 0.20973953351778452 0.45752023969319455 0.22502922411979087
0.6744201853555217 0.6131588928253808 0.7259742448722211 0.2412391842276147 0.4162626478556387 0.8873887684845391 0.44360686299145446 0.008439624723636463 0.4194562026884131 0.8909978535835865
0.3728317243686827 0.4065457131943353 0.36904316706916873 0.398068541490614 0.985473323494494 0.7449499510615174 0.7162073816383709 0.8933916962265814 0.8440242980529167 0.500794427392437
0.3612403348205273 0.3644196682895161 0.34420130466425225 0.9179084020565925 0.009588568198175107 0.8551451714940224 0.9894843583524654 0.34144158940641345 0.15731182649869557 0.3996121390053925
0.3849257420269082 0.40638799346432797 0.6945078294692572 0.8365537218580613 0.4353668099099275 0.9726087895419666 0.9287363314500907 0.9216924043714324 0.812301835553419 0.004626941106495419
0.4252011057556383 0.10052518030898816 0.6139801432753248 0.4313803586955268 0.436425820606433 0.28195654195590736 0.2849392190639678 0.38928440506223727 0.8513858387174879 0.9619309844059735
0.2840128000811226 0.15136875533177063 0.5325345469796763 0.08625551960493893 0.6939598060995803 0.4759172877106723 0.628889682451667 0.11309213375742111 0.9512114478633581 0.06995437383490288
0.9543214167452296 0.8381387919575295 0.1408353138888243 0.35608434848893933 0.8024105720046787 0.6793069854658852 0.8496669519525948 0.7556056440794653 0.6327218955228321 0.282742693131105
0.3996608581929806 0.2564842446815664 0.9080642636359703 0.5083267042979303 0.39386458064177354 0.12168636867533777 0.9882853797711538 0.08032948145349628 0.8990208665267594 0.21153326191615973
0.3933760013166223 0.4476845903959562 0.2616547153424159 0.5431556983461197 0.9371348759083182 0.6883837452087663 0.5086034864711154 0.3907894852423358 0.20237196929594958 0.613785958109139
0.5182999835380602 0.4425677440496182 0.5796045966994524 0.5811719731187464 0.6657197440258122 0.2726292266229504 0.623427252276276 0.9066641852634776 0.4417555854352868 0.6617765764769221
0.7942123249740437 0.18567187186781653 0.626883859686291 0.10558216914190821 0.7475264324149876 0.2743097331079689 0.9593385309555368 0.18575314215220784 0.2096221318624648 0.16277765907589126
0.8796107015210112 0.34873163235347293 0.1345928964936105 0.48047813623651336 0.8559425207151774 0.034920122441239876 0.27725448587896107 0.9126871615185024 0.9995868648902042 0.032585681469881056
0.5355434220572758 0.3798831145220587 0.16395425469224367 0.39241128704245476 0.4171992282817556 0.4333776697052567 0.4883715741490461 0.23182608830920914 0.7677238550939963 0.9546814396619361
0.39502777556743973 0.28266122670755667 0.460088249871886 0.9110762370545343 0.3767834712930941 0.091340635732299 0.09138267902511565 0.6161552538854802 0.5238730700220844 0.36773203911725816
0.8575837842456868 0.6716307414763489 0.6291298072639622 0.09694555742385336 0.6848381907188072 0.5254986745885637 0.884214842076589 0.6777830687259311 0.38413871307827485 0.3716883736272971
0.6334342126317862 0.5322041635400496 0.06599598644043536 0.9376144346002009 0.38707810643524554 0.3420897902130613 0.3026850443221102 0.5585872065478448 0.3128190492823939 0.3127477213714698
0.55787251070456 0.8218271608778525 0.7215567170865903 0.6370185845557846 0.2169069514474118 0.9778676227045847 0.6431990786192754 0.6395053791511692 0.1457815423057489 0.2634193468103926
0.4482209203315757 0.917362983270337 0.08275443775095148 0.2573094543133926 0.6124421424344646 0.16224861356081788 0.32383925873427244 0.3998963601550466 0.14532042746842566 0.2474481968919211
0.10185406601406877 0.8464013670969527 0.9061535696066854 0.594857249835057 0.7784445371870067 0.8958866684471325 0.017939148460470955 0.7984099130227554 0.4694728100858504 0.3401485445182586
0.8552402655511933 0.9737126020722296 0.0063905580627122704 0.2105835866560115 0.6302577465397157 0.32805368082890773 0.199691446320576 0.5661250312802064 0.4304109219081863 6.245367824697645E-4
0.21526403387588966 0.1616348257836271 0.6710804754473932 0.30970094927206626 0.5004437128087258 0.06367700919972175 0.3187684300540836 0.1616983723597547 0.10378818163244308 0.5393859311122023
0.9127822580985889 0.5264284410352994 0.4210773339556876 0.8341830587727345 0.3676508390649986 0.5635480375292984 0.36976599256934994 0.7753840899631503 0.7738326546367033 0.19710665375747416
0.7450932501061677 0.49127799991340904 0.9308771577835431 0.6782615132155978 0.043279656531248656 0.9190483753220255 0.1450525222026381 0.9506439693697094 0.35071954464921273 0.18994616401826603
0.9025541255514519 0.438525196949347 0.9928027023367224 0.4264127934328613 0.3897599473292568 0.2148425729304676 0.5119757899036609 0.9633906833880244 0.4736003630178717 0.3743129832905333
0.20188088277054483 0.5148482836731098 0.6779616183644472 0.836272520191627 0.8628845947915703 0.3465848364223132 0.8961438711236135 0.7325467813423155 0.6640383134006009 0.0876699866584637
0.0647457494467647 0.9975699392253028 0.9974862469627964 0.4154117887509232 0.7909496100461763 0.7711341659754528 0.9935647522947187 0.482536055548647 0.9730329544049785 0.748566055521048
0.9283128971021419 0.6202990145859086 0.7830327313250695 0.6687899806954304 0.09984070119947797 0.5475441551400997 0.990841398172338 0.7176527651128787 0.8759784388525699 0.043253492589046094
0.5006145302283713 0.7420478197400495 0.5228561631021668 0.7989320503765145 0.14322213979914422 0.8197914823986601 0.11254034582138794 0.9572041468034791 0.22257649041437133 0.9108676038425996
0.27757961007808385 0.6642883171044418 0.04902138953521329 0.027571203278134226 0.8312897606639285 0.8165575449876669 0.709569510300977 0.6042456913384415 0.3048332422135158 0.06517974806827331
0.6226253929001412 0.5217221302925162 0.2656260604587275 0.057873377054530994 0.0039338396589262414 0.5472336123902496 0.8763309052420718 0.8431012858061462 0.23084471636702042 0.7874911356680651
0.5296721114123397 0.3395656141952095 0.2335865997746479 0.12077193506496597 0.5515347849376094 0.7826551671997859 0.4650938636443577 0.47328535679249206 0.9032864892618604 0.09953604275366457
0.7050325274575202 0.23574495615694369 0.5339872384508526 0.23586520819737722 0.9390224830917786 0.07798996905861721 0.534129019974318 0.5596459169693625 0.8206547938856278 0.9126632097780724
0.5247739774904833 0.6015325930875173 0.7717545646408484 0.783366631769809 0.7794356116372083 0.5559324470060133 0.6054415907188329 0.008379464257618818 0.42077485177709817 0.16353944702062662
0.666891804800207 0.9979387190968448 0.660159037613135 0.8234760377469414 0.8783053270226785 0.7812446862825155 0.4553584402202334 0.042006429496003306 0.7474372773460274 0.4287696157138907
0.15013151519295842 0.6148247638070777 0.35314995806858684 0.23611024631786004 0.6291767653020721 0.261210530653347 0.5567959235531216 0.7475403455654289 0.27290550885242126 0.7808820930996918
0.20484352052186883 0.44058249406106786 0.5287163604697791 0.18816939004332556 0.8860077984020277 0.16733273143544725 0.22892914623903193 0.6931643816607567 0.8852512833242991 0.2539360897281506
0.8802619687671778 0.8457984761782035 0.33737057916682156 0.4965243910236202 0.025712266212245427 0.6363340850138408 0.22448659623335387 0.16009230188195034 0.4369289758478395 0.8545470069528489
0.7846074441823403 0.4862017895515367 0.3336393902061727 0.5499152907348057 0.10253492728124991 0.14606833722583534 0.046421131271785154 0.006419418623717643 0.1397366419310464 0.5374976620542878
0.5400860162174697 0.24809745044397802 0.22640794014788657 0.817304337755782 0.9971693706552244 0.7252881665785805 0.08679888059996033 0.08525895832524277 0.22449434042312144 0.49653387863217213
0.7979833932834713 0.19127383502286632 0.9905084490377258 0.9174043005061457 0.6925990147100847 0.22445151191061552 0.5270646492685808 0.5750410083069412 0.10768752551041494 0.8607843937566364
0.33654732469611404 0.9660121112884034 0.05461801740771588 0.3957079959035862 0.13371879250478047 0.20510488890904532 0.3391758067978251 0.4683741973484892 0.22138965359219687 0.873973956948715
0.3962517373718074 0.19642498695496802 0.8499918235522862 0.9711010133430634 0.12016857737715403 0.6832112999949391 0.1433606391574257 0.8083116320337038 0.26953233206923277 0.6338156927996025
0.9865080761100783 0.6141336988018162 0.6045977295638104 0.12190136505512883 0.8658964560405582 0.5505704697183516 0.7754892711928861 0.3863244999916011 0.02869802415754963 0.827401518010459
0.12122053077019612 0.9046105473672446 0.4847525744778157 0.6069124590559738 0.9623053326278882 0.8898095767726517 0.3134120676073392 0.43199471499727005 0.6738572561650406 0.787909376331088
0.45718709215289366 0.9818446337177044 0.8114243879232891 0.3148996952170866 0.6850875833070053 0.062031034961766096 0.8284082302755937 0.06574420064392128 0.6907755566685099 0.8694889177856115
0.4717673011347877 0.7519318279528964 0.354125450702386 0.7380362227221376 0.7718073259671593 0.6799422973659945 0.03951318433117512 0.7662997967027879 0.6522117023851572 0.16987537812858422
0.43013219069497377 0.9574753585423151 0.5780673338320146 0.23165694543255366 0.8048611297342209 0.7591358722846644 0.33249236978982744 0.9656495308698163 0.8526842920845996 0.18134130817239713
0.9665742727739424 0.8351586035416397 0.0893927788959975 0.9925919008628895 0.20267810775418393 0.1702400244800204 0.6922705139524685 0.8457066421672719 0.08778609207332078 0.0053786191943479
0.10069623615053813 0.5694969636840927 0.49138169882784444 0.6280211814283754 0.044068820332226255 0.2771451001514831 0.12149267925680729 0.0206116311685991 0.7531897747597227 0.3884858082191266
0.092858913980018 0.7156902498879844 0.987214055899064 0.140928873138785 0.7227931083443003 0.45178280163044926 0.16550566893560037 0.672548882845236 0.15315300201901438 0.41721926256832376
0.3322124304286761 0.30090824896101875 0.6009463498932173 0.7996863605389548 0.9010995274191931 0.19246779808294723 0.5254406653717529 0.8212316796715973 0.12915940504381562 0.2199793351212056
0.7662517573923869 0.4316016059992003 0.049740717667788314 0.43904220623670076 0.7547362633213036 0.3572092685862478 0.1594169511427136 0.28004667979697384 0.23011570788778346 0.2586924483387343
0.4975405910151147 0.24801442283908715 0.5021098848398584 0.3369360028595171 0.8834065738614312 0.6503865723644406 0.193460420819759 0.84559702154163 0.983174254318601 0.6315981915296449
0.5685758607518141 0.617584932251206 0.5671742572289281 0.5833175982995045 0.008631355305744548 0.8936134572659994 0.7879528741295903 0.8205175208873069 0.9288082141811331 0.4528543519251096
0.5603837005151711 0.266084505498152 0.4499593514091039 0.28888808430885327 0.15740187892110413 0.7704620768038398 0.43483864299160346 0.8485596472633722 0.9483939805793248 0.6078617110035753
0.07813386347405038 0.15701239461329763 0.8020020677607693 0.6368654537981367 0.0998939131537766 0.9890868070841112 0.05107794266312715 0.5907827063473808 0.7335434436167285 0.6154347481093148
0.07474941564659254 0.9719123394721281 0.12252857712217025 0.5511141829132318 0.49103756619519434 0.06390162343745776 0.4437398160017889 0.16509352256156962 0.673190069803138 0.6476808582552694
0.06120932246180677 0.9710083008262633 0.803872585699621 0.1089930925399194 0.28018155843352943 0.9126775391544583 0.9635866028272757 0.7593265631237872 0.819507393798899 0.9823006238861083
0.8131585463193927 0.3570967660463942 0.949414156574023 0.06492026882216106 0.27487194992582653 0.012214175177124642 0.3520548643435307 0.9896506619105999 0.24279056659739628 0.8847127662339475
0.153841903424922 0.3863339108242405 0.7600471333871784 0.346903219382806 0.25142168434688106 0.0957026022672427 0.28934911468541635 0.568554199740916 0.007248759562649032 0.5617896325077093
0.6726790599681668 0.8058939171424799 0.6260690815751675 0.8472409105830949 0.12714400356867517 0.027763093823481078 0.04022369891772626 0.6553504715380387 0.15615478491093582 0.8960398341676492
0.9295360847006606 0.01705173979104113 0.5685928444210824 0.5324959343691661 0.5806472309048594 0.10676260094416778 0.8933482675007559 0.9505328769080459 0.6510150650669122 0.9878959465777024
0.35259018603049186 0.507785123479182 0.5443951824880751 0.9570117637337888 0.21435598952776946 0.24436757560541433 0.02747279205706865 0.5550003524885542 0.783523750772486 0.5115824546394202
0.9214159765021093 0.24435089779893182 0.5099576776304773 0.8671906271952722 0.18747306888576387 0.21347323502001725 0.6935937044993411 0.8158911393588514 0.49233773568350614 0.7622050351618092
0.048458448729876036 0.6074417346091582 0.3868573322847554 0.2470503953814459 0.9510916166918538 0.9698923268329396 0.560761471084366 0.6203601295802922 0.5435683885640593 0.351692423505095
0.24643940956266663 0.18457803412593998 0.987294891778492 0.973972553653283 0.7363963937495597 0.3008415165833698 0.07097617310483506 0.7530887314177438 0.15187058554100308 0.44063871427767864
0.06463343972825586 0.9435583109902461 0.054193928705313255 0.14988892072628368 0.18127263110746394 0.17280421938798096 0.22583153792525257 0.2067266059018007 0.25878438917345536 0.39166402470876893
0.9646364179859149 0.49743364708046345 0.30688073091520185 0.14840934262440353 0.5327069583371102 0.9093784035032368 0.37735130569498665 0.5090595687888887 0.9803369650865802 0.8454845066695065
0.810648120737748 0.8930638761256553 0.4258994697207046 0.8016658494301983 0.28778420281405104 0.07096380867683671 0.014106400118644391 0.8168288206714847 0.2737585937665743 0.5794380071329858
0.1979389479215068 0.5044566048460166 0.3771963687386446 0.8491700937725711 0.6936438702091839 0.8054544496017925 0.8706185998956567 0.4122688871994795 0.44354340366538303 0.5638491406747161
0.11673469128953262 0.6585103372406376 0.18800729519155657 0.5200993487590114 0.9283750338495513 0.7434586059226593 0.7957878978149237 0.3411884571392394 0.9531591240744282 0.41656350549267185
0.3310197088412222 0.8623347526101994 0.018720756763465407 0.7336199991472887 0.9455375343717969 0.8020683862540962 2.881327972801273E-4 0.8455151480778563 0.07676795667133363 0.8305884074416912
0.17964389475274822 0.31397632074030135 0.10430093704703736 0.020727203934967076 0.25296598083822763 0.6950740212976414 0.5723499717081351 0.391513947501239 0.11477724485658503 0.4525213621080397
0.32066030602208084 0.4662423433399353 0.29620826830803304 0.6153519519933061 0.3830267639845306 0.5101126178907434 0.4680040032566699 0.978345847392052 0.3104343638649085 0.38693080944501024
0.7321820083956427 0.0586136579243417 0.6549354718317306 0.7800138194150114 0.5209761238038997 0.46803681517349904 0.7107306374013987 0.8593612876342895 0.7976762901342406 0.8388019931833987
0.2505196777625638 0.3453205668870841 0.9112015143032863 0.9480557773695211 0.9180429449219947 0.3183844941533601 0.8947200125701185 0.22774575974887423 0.14183328487229874 0.05542606042409015
0.21835634133722326 0.41700238850335447 0.9205506919859805 0.6345876941510608 0.007002895921920049 0.7169556355772673 0.5968742236057877 0.04420775180680847 0.5164786734290481 0.44166931917400054
0.7847759122586969 0.05557982339949541 0.22475578532800744 0.8239147866416732 0.9441040985522621 0.17500523209676744 0.23969969607413233 0.33079517866594754 0.7067546640945702 0.5775134299900649
0.8507468327491152 0.5717703466178939 0.9503101419741397 0.04278776379051963 0.9591687954956665 0.6404212028764888 0.787878711850707 0.5632497901390197 0.8100496247781056 0.5213321304588628
0.09696582960033306 0.47491823819033563 0.9188288117075968 0.014758336434300579 0.9455639014782499 0.6735730791241719 0.3362394619443799 0.484284623997825 0.29024598149803515 0.721919552634309
0.4276974671692383 0.6164708200675936 0.6189014499488902 0.42786042087285125 0.15667417763972558 0.296518548765749 0.7898533517539843 0.7796495996692493 0.45631159198898597 0.6502823831042805
0.17944837179922057 0.9606134811559023 0.6495156799014107 0.2804884837476662 0.3918120156891226 0.534291198085483 0.03499002530177975 0.733811696054858 0.2073133294055456 0.7902583459514214
0.6951484030136317 0.2755024781849633 0.15038467009635925 0.6715633590626131 0.30157173182135655 0.11954278827967046 0.042694182425898064 0.66661956599987 0.19465108313112178 0.36485008499426086
0.17426949050147988 0.5415597628599429 0.2962852590611059 0.0218371825488044 0.2730233814608507 0.8134748185416184 0.4779779033249969 0.678674950075579 0.2822331468468514 0.4206211000709349
0.8514056644426314 0.5528936973654418 0.06587751862277003 0.13259643233700436 0.074505429705226 0.9014984541356493 0.5533360015775751 0.8616473689422471 0.1733554475677629 0.021562273980144875
0.5078074408354248 0.1856858916838361 0.5686014510750272 0.3633003709357193 0.056906039375672735 0.07425619418085228 0.964905520015578 0.5989180397372259 0.3592447542658579 0.02060773689577744
0.5128721810244832 0.8430628076217105 0.29741726194931406 0.5261937281363566 0.1851325020710166 0.6045018976254484 0.8856415205912036 0.1583289248024784 0.6217437337529954 0.46368394983962125
0.15942944729996045 0.2074042519360918 0.7947885948134833 0.9171338313224686 0.6749988617436518 0.30697017849360075 0.7180345187923902 0.3071676761283596 0.38774496962152927 0.2481646127770002
0.08474042873073306 0.26420528266049303 0.6019411769786924 0.619375218504246 0.15517444356855392 0.628995080005158 0.8879392737806481 0.8326899949314974 0.4351328467137884 0.3933567088461718
0.3484919347790031 0.5606044121145168 0.6877274423135376 0.8005847167443952 0.3824210358082326 0.5996169297033354 0.602934179060378 0.38044665401046196 0.14170733365717658 0.701759023533363
0.012873510838652957 0.35874708427375523 0.20717852139506865 0.970770228155163 0.8855188863862594 0.5777186882906417 0.6183242190527491 0.006542102450541987 0.45550623668927936 0.7910404308600313
0.28436801735943984 0.0996196896897451 0.7579444335457171 0.9560721243371136 0.9765782896164045 0.42696270781690715 0.5196026672935746 0.9359332276451502 0.555900959838192 0.3808330989431826
0.8315778606786678 0.8453432742291127 0.8253491216378436 0.8745892137642098 0.27852105114039294 0.12668037635298257 0.4131857757303058 0.7123315354354463 0.23172898154089117 0.32650291082279614
0.39078790334916613 0.8837582678647588 0.8268832424445399 0.45781891491061055 0.9081808301763695 0.9512536052941181 0.7419460105109404 0.7796767486698949 0.9905846090259289 0.5331456180287003
0.266697848227051 0.8031894940924922 0.7809145040536057 0.25523432892400755 0.31263010884599973 0.34189472028911383 0.9360301842427622 0.44210493865500766 0.9503801557599821 0.4643902298468031
0.5886289954355189 0.2504054205984062 0.7816250911644964 0.2784756766639458 0.27203086708647883 0.908180969191491 0.9533255675039124 0.578568690322333 0.47170378703943194 0.21752298441729356
0.904438328242318 0.5219534442112764 0.015229985715561778 0.5022032670832689 0.998692216409197 0.6644586446069592 0.3415151873464619 0.7376288336170321 0.04174936277192609 0.8824507553357394
0.8003942006067694 0.6873667169016607 0.3070495408632353 0.9355676972745245 0.5253881481875257 0.4886517780518329 0.1018623561276012 0.6834070965729059 0.09522000126432328 0.2787052093916498
0.09354866351814506 0.2594219961668853 0.1537966249188949 0.13435509428210957 0.5857586071146301 0.8265668200729146 0.3937170457528084 0.8093644757676818 0.6852711223131097 0.8917742939701518
0.8249687043326301 0.49703653054058095 0.8324053874055398 0.540133912604915 0.04832410067518278 0.12008064745814295 0.4814119543879841 0.3646817223752372 0.33205278877715805 0.4553868598455665
0.8119774613010595 0.31399920904038237 0.6509144605296737 0.7382705638811865 0.2289536290483567 0.15735946252419275 0.4880010690839002 0.2589134154887196 0.06464743766136671 0.7759469138822606
0.12284668602334248 0.8631400929784437 0.33648677832459406 0.028716379959800253 0.33332650771999317 0.20033497234393194 0.6326010906773012 0.5127462103474052 0.9242167579651309 0.02321689687122397
0.19883442245074046 0.14047923246299354 0.26188961691707324 0.8373537898264639 0.08293419220787279 0.09003442568851261 0.04246856665036092 0.722713616793097 0.755135363134315 0.34981133273106646
0.8498712755479044 0.2052115748298059 0.9690869103973634 0.7748979569461037 0.6705182447636302 0.6431280214221676 0.7530434791957828 0.30033234133646247 0.42308784714908443 0.7114353071291969
0.32847192241757395 0.7150571203429419 0.7345489582382728 0.2164860704151983 0.4416989774283544 0.19044482604994573 0.6478047907075418 0.6541792310938859 0.06395281013857945 0.5785614190840969
0.6816324901137744 0.6366344447174677 0.6661278489691493 0.3478744939359455 0.6802051085654444 0.5555693510778369 0.30682870030902964 0.907901117103552 0.1873336432334407 0.6249885178022624
0.5857257404945707 0.9893300526788402 0.6596688156106542 0.7514565480664482 0.10898145727903363 0.692441740180439 0.6934536850650043 0.5171422374575062 0.4894827065977658 0.7941886464230765
0.581019587842832 0.9289846922018872 0.06184185923324792 0.9130874292186967 0.9360695384892992 0.4867460040321292 0.43060467268140723 0.17111382841426936 0.8308951842642597 0.5533799060175156
0.6898308051968816 0.06307972986033805 0.8740242042322098 0.9730588880998133 0.6531884398021195 0.34651159104108487 0.9233973755023899 0.37536730084994463 0.7159317826165642 0.8988376761708965
0.6780254689623147 0.6285814150137482 0.033605904337592585 0.6537312293005368 0.22017814447654616 0.4606214530178997 0.5470510972642065 0.9247457600178136 0.6905084964881363 0.3531752667606126
0.00925413764819416 0.6519169382661091 0.6701180042744896 0.432656621861471 0.5768217897919938 0.36579591955182444 0.516419080405937 0.23107577841012916 0.7173273189790857 0.9534166300086918
0.8537529675832785 0.8705634456175081 0.15350782264302942 0.6319896988278462 0.655073282291845 0.4372040787573067 0.31626709971942923 0.888654086616581 0.8676061544011671 0.0529978266520883
0.3106644094917038 0.5284069429434244 0.3332501965363437 0.4291846108926868 0.7125471910990147 0.387370837906981 0.8335806543313576 0.48982867497059446 0.6082111528746941 0.7148472775887904
0.44967382668523026 0.9914744427134534 0.16544888009876368 0.7051436793095839 0.06856947372215982 0.9328504971978138 0.6815738249337645 0.16895056602323144 0.7910402704926947 0.9480107662123962
0.49248339231531113 0.8740846730000811 0.19943911689914307 0.8069672987829155 0.34655146438185613 0.6567026296247291 0.9297466828383626 0.6097826304791358 0.84811744147767 0.006629167784571677
0.7585429074253215 0.25325365996185 0.35756461716305266 0.46423243247814794 0.46347810195524464 0.2737332550965379 0.29845850275437036 0.8313187031644647 0.0449204123704422 0.22529986301396032
0.16694128215920345 0.8948070981053178 0.5068084516582428 0.3393991998347242 0.6645554864474057 0.08948468326012571 0.2863390531736709 0.3302466705750273 0.28289670978875714 0.2849308470435814
0.5949719018777047 0.8596925212587683 0.3569715205747309 0.6717392017351291 0.387334333135975 0.3559164909825079 0.07386324977213488 0.5434542457278935 0.40996099704522293 0.5922323337135158
0.17428512243467276 0.6231791939720082 0.7984048619840447 0.6754468209878309 0.11682659707487508 0.46759996714175045 0.9891075334704966 0.867631868048715 0.28817549162793965 0.3962103497954276
0.29151825736476245 0.9708325006458352 0.4373245950499757 0.33981120782287944 0.3263027815209649 0.8411474082949935 0.8877488379299433 0.9798967767291581 0.677084602900965 0.9667828867830487
0.23876484793311636 0.55932928206393 0.5260129517866434 0.9440952220056086 0.2057615733466639 0.7847428247310342 0.7475531328855707 0.11630014457877058 0.9687176071859921 0.31240620261797014
0.920246493591294 0.6014428421227669 0.899396648447423 0.411813323162595 0.9827890244104974 0.42938505423329476 0.8198397740595087 0.5350591636298023 0.8086290579771318 0.5319809725456313
0.008249436002502164 0.6850984099695938 0.8023858701498924 0.8862765397078187 0.013086639334263017 0.6722723253209681 0.7317429295910398 0.19748209958732854 0.962179419667228 0.5760293155887813
0.40007080945164775 0.1266310259377338 0.4608674335780566 0.9875529577104886 0.43788660313729855 0.21725228266375474 0.3616836511562067 0.8990510952926355 0.4453578686049834 0.3560480624718375
0.6578010183052233 0.42674764837301293 0.9534111523626114 0.8144821393462639 0.5034486136289401 0.9071589928624096 0.18760628677239233 0.6613484316978747 0.8967278435315837 0.2900250280193951
0.4167894919215279 0.610803520472778 0.8737365068845709 0.16630422813549217 0.747639818037986 0.17601079962733612 0.1576345542638704 0.21593142670652687 0.5865748001084319 0.33545791280114845
0.08226218230505411 0.3375757199540995 0.6320832868716357 0.7871734924783714 0.2671474384726623 0.23142522155745182 0.18340429966174687 0.26548293823943536 0.9592171231241144 0.7460640362501937
0.7555727823417188 0.3256073005675526 0.17625103203244774 0.8717967283828435 0.4762047912863956 0.4633232032037714 0.7880966905107065 0.8653135538024231 0.5059954778032208 0.43006587039760324
0.453887857111016 0.6243795098435827 0.7727559657368123 0.1282716510716404 0.8969866510647257 0.09626939507146282 0.6379155731527149 0.5274196684082145 0.3440960937795361 0.19995927454268048
0.7247681200745415 0.6281477234353015 0.08096575010607077 0.4696251171989687 0.029342622048447398 0.6199798910125515 0.984340766444752 0.38578703689840743 0.6076298941607917 0.02761877369583199
0.5782798471659067 0.15047772802710513 0.5869981823935093 0.8214187290696613 0.6326953268310378 0.4841023322072654 0.9849830627799089 0.17957047990897468 0.5729446835350326 0.8741957583547002
0.8352374324599325 0.8326918175230057 0.0015292523666462499 0.5900731045945962 0.41828003670704106 0.6959330356993902 0.446432790827622 0.6924073452665972 0.9737817133034302 0.7993696136314556
0.04535863855944189 0.21305812931669155 0.13148050461893235 0.36436921633178876 0.2511013943484047 0.6580138396854212 0.43941839397746363 0.24178357177587195 0.8005152030507751 0.995098728673228
0.7910435918674323 0.8272303015434155 0.12801705118955486 0.32813585572942416 0.25682435547247884 0.9993935378926467 0.1242908065926599 0.5305454269270546 0.8113715880350525 0.589186451415267
0.6418336160750331 0.21389740168550064 0.7136690354035814 0.38078262639809934 0.4312130054944584 0.5407263109407375 0.8458616267427336 0.6699376286452207 0.2553797889687106 0.5559549282246476
0.14515378385790745 0.9606857716871037 0.7741083459034638 0.9075631666099834 0.37372154099250987 0.468411358026649 0.41661218926350807 0.054677000724187574 0.8631433010616057 0.7154581351134531
0.8676095477649347 0.32004147980051223 0.5427061061518815 0.6548534835509277 0.9805904713382012 0.43388128976299745 0.5150456912108529 0.4383898948114686 0.9017626257243012 0.5374407369469487
0.6779299162143214 0.15721826609147282 0.9391308062787344 0.9670348176220596 0.4075972980075858 0.6262732937925505 0.243390504599026 0.5232313449883029 0.11691320230027624 0.5582641236487474
0.6807935516466986 0.34482393878974205 0.5807085656717336 0.2786284364232756 0.3728691841334236 0.9535441066097096 0.2810168464836683 0.469761096343552 0.2538619332807175 0.5130000444581866
0.6665271878281764 0.3009940439948702 0.653972705190116 0.8541188759388002 0.14342271364374393 0.7002163902921037 0.3549674790570071 0.3594076403735663 0.8188747954907982 0.45368944342381945
0.7844433073675525 0.3696383828204419 0.5038157108894656 0.2825242837158932 0.016018887033825147 0.3791004974539476 0.24821342419011683 0.03745391783705965 0.02494288863624594 0.9193535751467349
0.7299238388173274 0.6779465482541513 0.21209009025781733 0.696452666098551 0.1472979891151157 0.7573697154332548 0.5540419409163091 0.24290671323516289 0.8760720853562441 0.72282978059062
0.8629243422180043 0.07317038887827143 0.04267112007447371 0.4564751955508921 0.5469026607848152 0.09025845397307919 0.33890722367251847 0.13446564090026714 0.9507100330713563 0.7811108159121595
0.8571564733891033 0.6604738942446376 0.8253117312327316 0.559625240677808 0.46044874649034695 0.6425005049863535 0.7267849041635056 0.46881456344810923 0.2185068352682934 0.12494629377448851
0.17671979403491422 0.3373331544341591 0.7386231696642225 0.06230078738380562 0.22992461683770204 0.40065753566471285 0.7993632306389153 0.8264700708585857 0.689943369423234 0.3434944609022482
0.5554371236232102 0.8766798239011172 0.5888720673840814 0.6975288192445269 0.7236814488375344 0.08905542182970627 0.7051855944258113 0.5374133734358689 0.5829461451484865 0.14239305516447265
0.8317637990031226 0.45794058482577593 0.3247818499575976 0.7873015450201054 0.22603221456526335 0.8866267077107661 0.27717490847908666 0.7878073921857303 0.17510935874297995 0.8884764845077705
0.7901793177469579 0.8176804836339537 0.8910787010900405 0.7534865372989232 0.12014554743692729 0.6181512447476426 0.014980523979273741 0.822484591275774 0.47834887267061654 0.2793548192139744
0.8528451593997549 0.20319004110047234 0.5201699789294041 0.5947512649913033 0.09306576210928408 0.255921272663048 0.9425838184845233 0.05593517309236584 0.16163498279496447 0.9871637936303739
0.5305627230584391 0.20466220504280885 0.56024718330526 0.7792521562745195 0.9471023755195738 0.739583909075065 0.5019936415408341 0.20570815845805157 0.796930405865759 0.9870961720321286
0.9103553127458859 0.034316452829929456 0.010558966216484666 0.08887137472905005 0.37942383704661664 0.9038080746722302 0.3931941344694737 0.5330572695592339 0.006758502586360682 0.5750610402200665
0.262116784113522 0.4617907690479315 0.10501310567657374 0.10401684289290114 0.45650098277580287 0.524588199533124 0.6744430923970955 0.7610502091554949 0.645237372243508 0.9153378919091438
0.17563055647969505 0.030318627007954957 0.7811809637855335 0.6300349251975103 0.580240460328651 0.5626576899682175 0.7543439389996269 0.9130621983741138 0.897348477176547 0.5268764644209211
0.781905704327313 0.3217355445857014 0.3738573494044013 0.40684712191600614 0.8395143981967802 0.831995226980203 0.3497452170191264 0.9255715829437416 0.4862048331589146 0.9325398253957382
0.3123656484514501 0.44244692144816433 0.7643603771002698 0.7103627431194143 0.038746071789273806 0.8662406904611487 0.4664967676551547 0.517565572880063 0.8408078854114142 0.8538262397736784
0.952248633633977 0.927486778411368 0.8356574843161692 0.8235169833465069 0.8717897684625685 0.33759793156348583 0.851574754102632 0.1018779438387808 0.6060209253741404 0.7572839891219235
0.05005174026388304 0.34418168131672244 0.9692096418657191 0.030538202165662387 0.5952107608120591 0.22121502048223574 0.7363686150787059 0.9867662388634728 0.7341578823514412 0.24893187195898603
0.8555104733353079 0.787308028672689 0.4653044086459561 0.5524865837445342 0.7840185098437712 0.040950134102082814 0.5664151212361191 0.3024712714512702 0.24872442182567267 0.09861549968112437
0.1301191326774993 0.5387197584394368 0.8708857045470352 0.3055812165418379 0.9118453081380348 0.10582978156689893 0.5201068912366158 0.8889893542351716 0.7336211430501002 0.46459377642624167
0.9653502321435778 0.5890796675714319 0.906900278050178 0.21481856124382026 0.37653348858676083 0.10448742649839715 0.13856051573443584 0.2675522383162543 0.4968132840233038 0.9151131468869709
0.6664407105683308 0.7385263363467032 0.8535048245430574 0.07048566104175102 0.43426174025203557 0.7996602719326062 0.20468966143434075 0.08720349381616788 0.9605025481530158 0.9217637329577186
0.5289154093914407 0.18595400445261923 0.18178007151401232 0.1691124433993505 0.25699225843463014 0.7167733977456296 0.9585071345701893 0.4653612758677389 0.11774308007287548 0.7706253187821576
0.11907972372442621 0.04029769769356617 0.9236653938381938 0.6560391179759042 0.8885716274128745 0.5882280387694878 0.8578150102041165 0.13146360018389602 0.2988903801567402 0.021327862539234244
0.3398226510572825 0.02715572448443848 0.709575750592907 0.08507650586799476 0.34680664184986565 0.16483781962421695 0.8818981387092429 0.5179356870028111 0.1440459166470205 0.2890211261856299
0.14364092661492533 0.8837202216279483 0.7406297921313333 0.060807497654341236 0.05792724038802699 0.6826487326024263 0.026901626631038567 0.033144844078060176 0.6666785772280956 0.8558506302889104
0.4733661467780167 0.9259264716854588 0.8177686484693345 0.33814545336907875 0.47483060594090676 0.44998810134189904 0.3046631777822896 0.8851989293593485 0.9089025054664105 0.3909707665909613
0.5483119521497272 0.0036996709130496797 0.24456763670772885 0.6571813889422436 0.3332870103463932 0.4469895845896046 0.5844237451833004 0.5199973623535377 0.6736367294911197 0.40361953506474724
0.35324708858464593 0.33102553490899556 0.22865223816837288 0.20259156160275726 0.9559201421288409 0.5871393597991608 0.8147195826988122 0.08658755612281133 0.6193508585973188 0.33268300954374963
0.4666569112586463 0.36327354170388493 0.805864981144163 0.5375445840048846 0.19041322640871916 0.034807657717661034 0.03965478233778408 0.27046508494236166 0.018731218580381515 0.826969363311204
0.7232189218153579 0.1988633126869943 0.23235373026322315 0.39186562025647664 0.5373299204609473 0.18962175244702406 0.6415797547126644 0.3419600831894556 0.31591714709613383 0.5596916103628836
0.636452214495464 0.6882091396292828 0.8663547407380732 0.8310401281752257 0.30858680937415206 0.2013786530598588 0.06599575615040898 0.6813764994855868 0.32362740527529454 0.19315380408689575
0.7073947858910541 0.1502577957540061 0.3805401272981892 0.22244367282222832 0.9875136582251355 0.059589114068212434 0.0324349536559444 0.2723212214209836 0.2403056760984632 0.03819752421204203
0.36332996058248646 0.014328432030410454 0.49742584065875184 0.5020723426686876 0.5162501707437809 0.8794153981913276 0.7284159842431073 0.4350292066609428 0.35027944960020907 0.7885712910747045
0.1595649458383941 0.838968800778256 0.5676601648865954 0.5612439235054972 0.899746257475181 0.2785656439828096 0.49676255109854295 0.21593411290132236 0.21188659062700466 0.032135930056780726
0.342721579017389 0.6048898728315121 0.16032006005906463 0.9785981905187904 0.1247659146500375 0.08361437203945954 0.037135415227535495 0.4998537440833313 0.7077405770507569 0.20594097689812463
0.9247238102667661 0.358578610304201 0.3050506802136337 0.756717703920094 0.9870876451826733 0.7233323533412315 0.5812307782799465 0.786682038218521 0.5990712341319858 0.25605342161526623
0.014570799136348955 0.6978969310390208 0.220526609584897 0.4514247071496609 0.4937057961222706 0.8431570583356861 0.0015289480574847136 0.22325684740505336 0.21680385880311237 0.5490639042651425
0.4651073940760694 0.06995130528137616 0.8379624899428807 0.9500073190955531 0.2555592985635372 0.0192687462511979 0.46265081210004366 0.5290800989889768 0.8632668407433749 0.952042950277997
0.5325111914238115 0.801991307351478 0.4410367402021519 0.8351437978551886 0.8595607036573777 0.1513328334036239 0.312335453470413 0.8559078238158434 0.07080911106585086 0.4210934193101519
0.5383939320789058 0.4434179973408453 0.5065368908948769 0.5151026686335446 0.9590068620567171 0.6864291294971234 0.17895328314769077 0.9081269688440448 0.4509540053704283 0.7133989782609154
0.742680754978385 0.6746287313435202 0.7583217091383118 0.1869994885619124 0.5544891578723691 0.3677382348148176 0.14060501091602717 0.1836462111088425 0.8069292134458507 0.8397780773366917
0.25732187399289974 0.37799854696255597 0.408991236278359 0.8857175560205338 0.1619729173151061 0.633047291770829 0.7566425138992114 0.4122250693642474 0.013531308666423714 0.8083196897232985
0.7870719087993794 0.6875238884361421 0.13024938467570413 0.8418969404099518 0.7426982405408569 0.11104761036197286 0.3084198102865271 0.936352551994766 0.884474676983448 0.8569289153164477
0.9078307067975471 0.9843844260285524 0.9887479160935141 0.6916457955543025 0.06600605715372365 0.20682718547320167 0.8379082843336976 0.2436871024793037 0.5449237967576532 0.3438960297500808
0.07229243635607951 0.011889772487019168 0.13675583759502785 0.6399263237249254 0.709277645208835 0.43913779678881837 0.25927585455104507 0.2925387165520308 0.3552327869894628 0.44940287161814285
0.3569321195458224 0.9990719999666842 0.6369680902951823 0.9486458123103749 0.9901839717342173 0.7262913081161791 0.6615517954972306 0.9238860291183545 0.04355303140574451 0.8537926851708851
0.3768390038526954 0.939786550003196 0.3119403655001789 0.3971891551644141 0.5497838075793714 0.02839018290868256 0.835113828439664 0.1040773863108927 0.7055833041916721 0.19518204326818456
0.7418702794436803 0.8339489372224927 0.7779278843617731 0.0234425965315751 0.03822950386539903 0.7826225075369309 0.40910883513196716 0.14889416148128798 0.7281182359948655 0.7924395807294293
0.8084614767349653 0.6979334268046361 0.8903538432277618 0.20137833878086686 0.8285978740322645 0.1352810583563142 0.8523391636898965 0.42740566266453683 0.45111006154600475 0.3506687804257902
0.398731573750001 0.758800967129838 0.18690133823128618 0.2292234623458944 0.03245043443407869 0.6268493427638859 0.9910296288218313 0.39649656802857547 0.6657395041197781 0.9742159911792577
0.16792348570655524 0.3066266202530382 0.7606013115742942 0.20047752677433084 0.4000579294510689 0.3509113039987807 0.8607732393455204 0.5657003924987059 0.47165378865013974 0.20410458811952747
0.6615158364856887 0.8636199238372554 0.478690873313697 0.1970442425075115 0.24883546299783643 0.6378885793427939 0.3175018428222207 0.10675270291533168 0.9063656470388401 0.208024767505415
0.026440099044276022 0.3889449608190019 0.9359820510968702 0.29610914300502267 0.11859186472204086 0.5429148024354234 0.2673285842890004 0.10093803484838204 0.3882285002989253 0.9950606685695439
0.2417825985561457 0.2532583941007863 0.7996729449108818 0.6148512727973379 0.847989916029765 0.203872851193582 0.974479126214707 0.7358196297473342 0.8589509891444306 0.24581686900025457
0.4813011401400479 0.34421433448365846 0.7747416833754747 0.5524748330020421 0.6025546209112252 0.9192246705958086 0.2103030741639057 0.32541525367689605 0.5029499078946331 0.26123646005826096
0.38433730448850667 0.38889001917293753 0.7572027016794829 0.5283633911382585 0.6631967853323676 0.3423558928406333 0.007704913851983242 0.6165387591835915 0.692756755351247 0.6880414934533445
0.1176644309258682 0.9647409268864315 0.5116117992218139 0.18749599634526448 0.5611997233162104 0.8444649036928441 0.18053939464367463 0.06922084905838533 0.9491012061994114 0.20134190078265246
0.8860243842149422 0.6088990162129491 0.5274482208631588 0.1568474208937336 0.17974011770479725 0.034400978157784534 0.20599687319289417 0.3493275385980362 0.001233973637208674 0.6696603137159709
0.17423051512633791 0.3961123376396617 0.3976653776476501 0.7246761510695071 0.4451913107290444 0.8922742078567193 0.40229769952300276 0.16331337379173871 0.730688091001833 0.526628206132849
0.3625451683880272 0.6362359646740459 0.8962014381369862 0.0918598974010637 0.11872900599049219 0.5532228277922713 0.8697848693451654 0.39320645512012653 0.8262974406014336 0.9872790876371248
0.28648610578888367 0.31890453258931195 0.8871166884424025 0.25237065360283295 0.33829010780146374 0.6256584343442883 0.4095408591039109 0.6772732403933553 0.26931127368736574 0.3136706357900666
0.852320663831801 0.30994147885484225 0.7069395867750805 0.8183160884611154 0.024012484429934866 0.029967642952416607 0.5518712012661923 0.6293304879353915 0.4074005127363437 0.8211136468403615
0.46343121534569376 0.36342218707852025 0.8575465031698754 0.7615641077099746 0.07132255248364672 0.7625059953231064 0.08243337415153851 0.6264620379085156 0.9209114787852855 0.567296488334376
0.956770105552477 0.8654531816882667 0.8163871766240209 0.7247875738922644 0.6423770772842905 0.11737886636689376 0.6646087060208419 0.9281838297247028 0.6926729552098166 0.35492125461824475
0.14218004420358188 0.0591383371187687 0.8041349794985727 0.2139189746595025 0.5092696606535575 0.7046909333807138 0.6442066699851636 0.055235387465490615 0.675918448573674 0.5550897134906034
0.23297877467409944 0.8314754946670377 0.1900555456380938 0.1537175693290992 0.6850698422997832 0.8865116511519288 0.1611689600679287 0.16663493617183067 0.7284854207548791 0.4026925096597527
0.25955381347396744 0.066788677669539 0.30883588965704 0.3287734097005828 0.8382880570217173 0.886726329649148 0.7601444731002674 0.2710206240015919 0.9135618496608765 0.4836936668985301
0.47757906263416616 0.010605926151268097 0.2087130471706924 0.5822830967404821 0.7627920841741045 0.022321992179481276 0.7182989287206194 0.7123389901246141 0.529155431553472 0.612813241186729
0.2807590770966817 0.04361538919838148 0.8520278742281702 0.07093073660818772 0.4617026968019321 0.03372050697673867 0.9282947677792327 0.5284838443781432 0.6445789847888097 0.7521713578371017
0.8697710303730919 0.06657541754334628 0.6014662299936069 0.7209215019828393 0.8966598800617072 0.9708713189575018 0.973941889845663 0.12051292816324477 0.9201118163411942 0.9385693280908746
0.03247221293486513 0.25104311308953287 0.20702928462161896 0.47049607024385287 0.8024868815055978 0.20842710919755458 0.8056146491687493 0.6436752999971169 0.14628026449660358 0.8389728846378182
0.6767599109575878 0.9528745197965942 0.6721080641094582 0.16907860381947082 0.02422918587243894 0.9340509347689671 0.40532378375913236 0.6718980271023213 0.14568550600300445 0.8382821510942863
0.001127208424095083 0.9291103420575295 0.23696553909458462 0.7116807446426371 0.904472410115251 0.47346965670252583 0.973607714286318 0.8549562002163015 0.2699102460792089 0.8565977876135997
0.3664898934286015 0.7857013340171576 0.6426165973841507 0.27652403839997985 0.3425353849625207 0.5071448616135208 0.3715838629964904 0.4207637657039125 0.7367967233556189 0.09902580039747322
0.47693037341324584 0.5332673065555972 0.8988287778959946 0.38940867578552485 0.2255084216130011 0.09735958054848703 0.9141140856694018 0.7406739250474739 0.9824684646784595 0.9418296793104634
0.5204048529618566 0.7885806932790063 0.0011635050306691985 0.023619014129716898 0.1591978520443864 0.3102139524182138 0.6897542671419967 0.6180956931183292 0.24415971124893554 0.26479173002536316
0.5501023352455857 0.15669130982784796 0.6511716302954477 0.45072253600224155 0.42301480562522853 0.49171649584494215 0.6387647672122921 0.1529665708247232 0.8936311723244611 0.9394593078710175
0.8930680090162133 0.6166690445600634 0.7117187084703043 0.05521058330136852 0.1579924894904161 0.17619771166583698 0.8638702521557325 0.7276492161871956 0.9592279859032508 0.39313033698308564
0.4980739879486257 0.8450589803735545 0.25972834158907443 0.6124029074710251 0.24585212377352117 0.48213810163931237 0.49471443051977904 0.9327423860035734 0.6131411838032246 0.28370157199024215
0.3258248719056548 0.705672482656267 0.018313936431349154 0.4803653244605919 0.626896032024299 0.32679500057700295 0.7442188019442076 0.7613403839258142 0.6679545917465596 0.26371291696477506
0.5408398876011055 0.050754306345178746 0.19935775398114886 0.9768759153886367 0.8661567323441803 0.08645621320637886 0.15461716612839949 0.6327929098333014 0.7850098381817835 0.584050698548888
0.9882944628452134 0.2834702365393751 0.3592542875801711 0.6839450712173425 0.24445823401837563 0.4915980408687495 0.9572107009742546 0.325483452213872 0.8115433573570241 0.217921966348133
0.28639888134509384 0.16978029538839512 0.4610550326273135 0.15540049046465976 0.11076657145369606 0.7016547604144872 0.6904122156177669 0.594163410061279 0.5521017425061101 0.18110693411519052
0.5943257773322855 0.3319498114752706 0.5950440057302593 0.18606530708292957 0.47445894551940104 0.10661898624070942 0.9160867808904781 0.5906744768604832 0.16371879885673501 0.5204912532296254
0.4391886456976003 0.95718102327992 0.589379254133732 0.4506895937983829 0.08408902272798935 0.48451419881787483 0.9283376963810402 0.495317770364461 0.0181493950941779 0.8529476444079762
0.8181584656280255 0.09222370727159945 0.3485186350730344 0.5317672889384825 0.47915881368523605 0.5652618824822201 0.5986464880379734 0.3756590825680386 0.2756435806046854 0.5023817034841395
0.5016470539929456 0.6255703212763234 0.19849715543580204 0.5505338076855657 0.6127396016054757 0.75108631743892 0.9866922397319355 0.9242993304172227 0.9939712879997226 0.9239039776824094
0.1218772071804265 0.6683120732476442 0.756652495576615 0.29577261871466853 0.7280544237927067 0.9879569480952755 0.5604126209391441 0.669311335934182 0.4874647091074289 0.7684926762921858
0.2625099211345552 0.5964015278078336 0.04414333695183115 0.7396602809471116 0.7870062253986286 0.4163921454203473 0.008215750276202582 0.6110033032164952 0.9406437212262856 0.255143970647267
0.5968517896564852 0.9025396020201577 0.3407374563624306 0.5459792182032241 0.15189941963987752 0.1260887328854844 0.8401237675153739 0.20489043008955077 0.2595701628915321 0.4344729022438144
0.8351816863528216 0.1949031564129885 0.964150149598563 0.8489735821525111 0.6251704405659814 0.8482747956418439 0.6155622478529656 0.6998398831631979 0.5546033996317811 0.9802517151592824
0.2197062044712096 0.9703089285171099 0.01510455895982632 0.5243958264658175 0.7708553929383926 0.821512587109673 0.509171071425717 0.1470301187721168 0.9369903825692242 0.6938086481004138
0.8854912330171969 0.05714286771221433 0.6418008721381455 0.029489197755618424 0.5439440638378042 0.018128324083734215 0.5411893023034913 0.8424821751117039 0.8781337797916965 0.38903136127493165
0.1274610631881572 0.07257713049364001 0.4742876546285263 0.8755019285429678 0.21098743786548158 0.9048694092281796 0.617574063251116 0.554455394511189 0.8269794762280555 0.009531610311545813
0.47037257209004135 0.6514724561034461 0.1941121929577142 0.9626847229305459 0.881755314357729 0.49626262685100464 0.21208996055529195 0.9460562514840697 0.16341533845947198 0.05905366652311106
0.12684624516948084 0.19127551954502542 0.3245038918179508 0.4795583982582893 0.41492122707630963 0.5340715163776923 0.19631548962293444 0.040209971193691074 0.6426635463306428 0.8743021077698806
0.5974860903687228 0.10664494806264435 0.04125323011240056 0.29965753043664334 0.19134601080831248 0.6609532062568222 0.8051448910644468 0.12404524495730362 0.9692963158095312 0.18700234695850027
0.6693812704897762 0.11607758513184907 0.3575533018877487 0.8321839578841687 0.15032968474132768 0.7487469898910902 0.7893328901096147 0.9662169887342934 0.9447443114174376 0.38828832165317273
0.2105228406245051 0.4851840406555257 0.37365997951683794 0.9583917314210156 0.3941175897324313 0.467764162571932 0.4304737788643016 0.7653430388854175 0.12716679042994106 0.0806656608105798
0.9466729998737395 0.8503334732785833 0.30371544127726213 0.9515508728542155 0.6240189579595578 0.4470942600094733 0.7081899072297764 0.5802844390030178 0.19859844241823243 0.8661752952113323
0.8059107658213119 0.7431252559571014 0.8000052645782953 0.40160200871965723 0.17088986534551487 0.25952169767278876 0.648016883109069 0.6613077487632032 0.27579579489650685 0.9374585150953283
0.5894817495055332 0.05965371333179159 0.24494823033032775 0.9908428076855988 0.6197353606026879 0.07851207058524945 0.8284282592662855 0.731206117579057 0.4557139727796605 0.302802316432939
0.2938686084472052 0.8760376326547962 0.4320366849599533 0.16703466613038798 0.15221389345696978 0.3873540637913323 0.4766785832566801 0.8113286499083692 0.6347178058479029 0.3566492769988564
0.6894582647261555 0.43853893288099044 0.6206705030781737 0.08615683068299496 0.09441571864451992 0.08853439222635917 0.27882656439339537 0.18139761573388136 0.4662571580920457 0.8013408834135917
0.030229426128126513 0.16627286615007064 0.741395657906353 0.727771779575107 0.5661060573516509 0.8595035363828423 0.4157174317202079 0.8643346299989321 0.5617309682631425 0.510004184936203
0.5040558338316097 0.7386164994910702 0.41563624252686227 0.4788204231550395 0.09045589964518974 0.5520141239863904 0.8132699188985985 0.07654633730592886 0.2336645408160759 0.9985897970119803
0.16518253172743025 0.017678985140867964 0.008882735613625736 0.22199720422043845 0.0020473481410366867 0.8371546529308499 0.7646674680015019 0.14683616983977743 0.22229692628089848 0.5293516979050379
0.25297318773497 0.7264586085084976 0.6828850819914016 0.6161333963129487 0.15067356417946953 0.4861629731193611 0.9996597869304916 0.828043146487854 0.632506449224815 0.1088775777047345
0.5810590185661233 0.5915539075504577 0.07823605913613896 0.7098479154376299 0.8573186932952633 0.5553124274389954 0.7009281450794127 0.8775069373971719 0.3871074220057338 0.45960794008743333
0.8685854533164254 0.5196210721225086 0.024480464370955413 0.7558341437625582 0.1579925555185996 0.0469694581260105 0.6112707964019871 0.5165025151216058 0.7274701142197133 0.45122721118192355
0.7235126834948657 0.3414036512089027 0.42434092427703296 0.38938799914092204 0.8452190666312351 0.16180264587268645 0.15326120944927146 0.47397528893042085 0.9688108663070539 0.07209367838793623
0.42317206943848884 0.5864555271978557 0.02872288449186655 0.5771278416037705 0.6634781140163764 0.180680634971907 0.7631876821864045 0.933467494851632 0.854161369221645 0.22385134403976503
0.5689248540887878 0.5841090947753061 0.24989020970802323 0.6344067357402714 0.6644404347491059 0.03875608489654325 0.4947847948975159 0.81940980032631 0.40986712978430295 0.9355121941690414
0.22235192192438713 0.18841241193785108 0.9447528468096115 0.43490435967308305 0.31420374287200126 0.3264476135901052 0.3999316947484337 0.5434339556027115 0.35152660632110966 0.8457108892915646
0.8155877949758992 0.4413937237912945 0.43486728595964486 0.8036562542490845 0.5548494232507475 0.39847728012810224 0.47065616791547815 0.9746470124520934 0.44072679340993615 0.4007464387918178
0.22698788645471224 0.19296536079035953 0.06393418257267003 0.1838116089815126 0.9465319728375068 0.4468985277612295 0.710112864474581 0.9696185855817162 0.07104698986000846 0.3967837599138512
0.13719848746428598 0.838024856542604 0.6798240471436953 0.514308228605152 0.9971528118646728 0.32938746308463784 0.5734864748243163 0.09602404530049269 0.041006419132217475 0.5706729658875647
0.5449241154238958 0.9909526879130769 0.3721352433708913 0.9451400836439462 0.2707426538203608 3.1717903457173513E-4 0.9199208059703232 0.08443369718380267 0.4294593022557097 0.5568542597603303
0.9944204706328498 0.7519686247800376 0.10677853934385739 0.47182328541184926 0.25240010234832844 0.007770443334802923 0.2836322802048411 0.24974214169051845 0.6560588639980006 0.8974793115759627
0.2192711074184549 0.7140447956892189 0.038001895614900305 0.7920127203752684 0.8395445011613155 0.4612692616722297 0.6994933651597235 0.4194209394698579 0.8196094147481602 0.9670484338825068
0.06374888741221274 0.5767592834873728 0.9106584660733463 0.004090833459003962 0.782002996461497 0.4873392509579848 0.20186014483986314 0.4005019562990205 0.8473137206649712 0.7775104043795346
0.4315554985053992 0.0662110089918827 0.20954315149690672 0.08716354735023624 0.16585667040554886 0.6459322764724748 0.10467896772751817 0.39943514913983136 0.6481450888409492 0.11900383669171988
0.8126392451220753 0.27763148831158524 0.3895677528813982 0.1596109105386453 0.8399284051828302 0.33118052758159255 0.11848223730357776 0.09531484252185929 0.5869897831817449 0.39745864659585195
0.5359024953645861 0.8574731139490599 0.40482592802993045 0.12262792851019322 0.4343488551663216 0.40404934581081253 0.5714351096906334 0.8521590016732626 0.12910745373814037 0.7134770245406842
0.12583828090759275 5.04017402392698E-4 0.8237557044769874 0.5976539086719271 0.6859481823439396 0.35942235106230824 0.485912246613191 0.2628089369897554 0.3462578920356332 0.12575163758711216
0.044520868614117526 0.7588970235591002 0.5023035670433912 0.7819553371574386 0.23658009785019296 0.20134112052526731 0.9810820396757323 0.34656721341615704 0.2290812265507397 0.9233555495542352
0.17008087565284125 0.9266919566043903 0.2210192574076809 0.5227480888634234 0.932304748551791 0.9510109341212613 0.5906930199981346 0.10401263684704853 0.9706589792308393 0.9392799445408802
0.7951118013353653 0.8846881589216544 0.9622772362498314 0.17309613488957032 0.15117790435036804 0.7343741044883402 0.2218570942943111 0.17274944464684538 0.83241591312232 0.14545587199739074
0.8727938509298285 0.45626353545575193 0.9003706247558838 0.596508794810496 0.5058792606252892 0.6592697836272572 0.9563980354583619 0.2625121065196063 0.08755895529103441 0.7281473562398784
0.047424492170069166 0.5504197578376289 0.4432180623056693 0.5639012006559436 0.7883509424653091 0.9942976870263214 0.9856918098818925 0.19053900958217262 0.2741312552005042 0.6311520945529313
0.4851743116576076 0.2492471492377717 0.24615420341260486 0.09673707260692255 0.5839249032455193 0.37845478260673604 0.1504112073226791 0.3300438727613887 0.4476484956204737 0.829914014567045
0.17903303581992724 0.9558382200351293 0.4151526553319821 0.4922138872681805 0.12212995391453896 0.12652645850548871 0.7588606371867469 0.3456839010923708 0.8734721754234683 0.8477947503460502
0.7009864557584141 0.2564328694301904 0.7313981927777002 0.5868802967924672 0.6436544235818346 0.9323073110141074 0.21544057464398503 0.2679970132720578 0.1659721065314229 0.8098429089921322
0.9795105228117655 0.5963526410529156 0.7170422910631041 0.6188216291949699 0.5440834154722739 0.020357977125247895 0.091126293914508 0.3798360401656359 0.992679835675257 0.5410431980340659
0.7096472062643981 0.6303016317128777 0.4820377774013971 0.008360247968571488 0.454448166505526 0.7456466525539144 0.4007231933408866 0.5059641651958374 0.29769799042351586 0.32494849233016154
0.27752797693473064 0.9192306746546252 0.2560620556110492 0.7440744138944548 0.08885569422461903 0.805680902984443 0.2602337997590619 0.14442337744834877 0.4433969714532291 0.24264864240851314
0.37564804828200893 0.32165519118468366 0.23274849156656596 0.41393930926970524 0.4361745710812418 0.20633191755812708 0.7282300749389753 0.3153940570483501 0.5598162479317917 0.8871856267635019
0.7770072953798143 0.10868625007958999 0.20391329177216344 0.4177657873147368 0.7047271771727333 0.33334187502845836 0.38708118703202155 0.9685082962455791 0.7672273800841961 0.3988894640953956
0.4560866126475841 0.2388077493036176 0.5104797362543141 0.5222088610238637 0.30809256208332136 0.4274630974307235 0.19578160050445492 0.5495628554568508 0.29217975969320653 0.4749061775597231
0.5263088925256659 0.9084590333603686 0.10877861379525744 0.7369116257218618 0.2714975799108499 0.27140373390158945 0.901622360045013 0.7270256468733273 0.027320712975178796 0.38177414211048566
0.3940583152221784 0.07374040124078385 0.2733803269124906 0.8914479987446423 0.36003116055848283 0.378479462384703 0.09183517497343208 0.9904953197845395 0.939778608832765 0.23174935299789778
0.3985363331227366 0.07114977356835117 0.31125588925773295 0.24735067824759716 0.3033447121543643 0.6614420929750283 0.01053313093148689 0.6083319393952124 0.26445584799120847 0.3882914806777624
0.7578847670006487 0.28340778533768485 0.03065898344615592 0.7855152003573613 0.9910184036394589 0.7688528708345356 0.9758090921491022 0.3491308249390045 0.4328655247702726 0.9384211473993492
0.32139179982451305 0.3604892340417045 0.9285839701057986 0.3426299105676549 0.9159130535082889 0.6471908176167365 0.47489860529187433 0.08878667108077565 0.6939466984292901 0.6324015571296352
0.8346324755087168 0.2544259505284878 0.6730247988242457 0.7350990788601747 0.3802584118365472 0.6393627668989629 0.3631571358700417 0.4269437007348508 0.8425263259796377 0.5453574881066778
0.7616177437976236 0.025882780421781937 0.4536992158555305 0.1874270791340612 0.6847379468236341 0.6122612686385392 0.5696567119427418 0.28712596137294666 0.048797164601785736 0.2901252511912894
0.2311015639543621 0.3756589448370923 0.8537038683861541 0.38456902222523426 0.2813316503549701 0.34347810596858086 0.046011013931512745 0.0653909722075866 0.5965158182028001 0.8130540674010389
0.1419117092270189 0.3179869578029241 0.7041390633068817 0.9828014409920752 0.4762123766142705 0.14432441003643992 0.5662589012576181 0.6926774766380712 0.20988232908597382 0.3700039371945296
0.586441167489792 0.5957613525691157 0.7766300525623342 0.4578299143654788 0.9627204407099584 0.4851613427692838 0.27805855317546724 0.2839750040794853 0.35365649746338923 0.021885889889505017
0.4473029241043265 0.9197380318468612 0.4505347343116335 0.3368533511912587 0.1926554925028915 0.08005853719060652 0.45598575527286933 0.2390046902431494 0.40553516916917143 0.049365171466411395
0.6577745740298683 0.05152243639382925 0.6712592978176327 0.5759997975280703 0.2562378913061737 0.4194478721672269 0.7564277314918619 0.43837239815274087 0.3548234027389403 0.7845278724660039
0.26333069153754796 0.1291666854195661 0.5554122438619195 0.6069117826232346 0.6396430273576562 0.37832985032088573 0.9135818638499486 0.8283578256604257 0.8107697151417456 0.041244331643669474
0.10369356700170251 0.5178972212491976 0.0625585459232596 0.21539308705519555 0.5196651357307821 0.11844401465384313 0.4436974775907424 0.31699461411697716 0.6945157816079434 0.2216268264400586
0.8799660916636095 0.24849727203014105 0.8602471931739082 0.3381583977094501 0.39661169243816097 0.7184868741847682 0.6893507949332157 0.7023476560834683 0.33047254204965715 0.23747587985338225
0.26020829090650166 0.7518981076954765 0.18007187115142786 0.3062059165651493 0.07087869294880611 0.5579252677243809 0.7897584890261535 0.837509898984995 0.48924195296156536 0.14516527687220804
0.8930705207213813 0.9084440065707042 0.3721956284267047 0.3386355619536746 0.6508512259906999 0.5263137922340994 0.7125776958493407 0.5005475328175579 0.7112467867729536 0.21038253887567226
0.07971532908316215 0.2800606714424617 0.4915679198518481 0.840464628571044 0.3079755979843025 0.2885057552493072 0.8360984059691003 0.40426997969396694 0.3574210181045909 0.4339950178562736
0.9392855714285429 0.9872804311895551 0.5216493232866477 0.5018750464774896 0.4403487143939434 0.5921023303307659 0.19012335100898303 0.4512679755329797 0.8931939241436553 0.14865419280990277
0.18577339103860813 0.81298554249794 0.39462437454162524 0.382212125377116 0.29338122821884427 0.520389167301078 0.01418736548035815 0.04324958080575547 0.9702312775627526 0.48230895040525734
0.8106006793555509 0.3711725487864115 0.38774119905752735 0.21592288347627886 0.6425524207383442 0.5634648502009985 0.8912604472764151 0.8975372528716875 0.6857702226043844 0.4524226438492861
0.6849522643909011 0.2604976717647639 0.5536068314045749 0.5535709945697685 0.04965077202954293 0.8719998006463016 0.18499139915870422 0.143019879930811 0.6838117563733326 0.4543574773523308
0.21144646749827434 0.04543037721449894 0.8211520712016535 0.08132512206226661 0.34397294913777965 0.36992664058240765 0.6232989311565682 0.27636056717232027 0.43095655049259196 0.5182024761522535
0.9717477306540918 0.2672533203292987 0.22985076362121204 0.40723645630811134 0.1906524224070668 0.9103322674542511 0.6082431605011688 0.9984422625778286 0.42045015536502106 0.08750602089844273
0.8440132478512884 0.9057464348388852 0.33204776680727555 0.7006782775372782 0.9296415266837718 0.06699830081931679 0.622274365642826 0.7406193596966596 0.3023314670713757 0.20628231569165
0.26353124624395297 0.2911642090707911 0.21945703730632737 0.0891161118063517 0.7940461548470322 0.7446466839457235 0.07795033367329529 0.3781819834685396 0.02986641432121906 0.9507679869263979
0.3365956248717136 0.2341536421975705 0.4557010365560389 0.498637342981999 0.34179703844726783 0.6743440827398839 0.20894939543924607 0.840511289934833 0.28023944040489657 0.10131446314389903
0.009729959526509457 0.505797220062059 0.6859630367614311 0.3442477552309441 0.6094492868233657 0.22517610897849105 0.4147241668349694 0.017805548284774986 0.33142847286913435 0.3872379562654197
0.7651159191243899 0.996349791978616 0.059329967811345474 0.8838130252362167 0.4737743698454173 0.32582559023004454 0.5926052229280647 0.06522073354619262 0.6410970969781923 0.9512656309600561
0.632909386013287 0.22294708494537885 0.25425281145207135 0.22478996751716573 0.7914061737160863 0.7448008602397697 0.8658619833524782 0.27714003837403267 0.9141128407187371 0.846387597806376
0.15958040035155863 0.9851989098923216 0.7109109315817317 0.572779495462921 0.5879186662824204 0.44861428405656467 0.14357629591256327 0.5855485028044026 0.002982652145646303 0.600555011157981
0.2791570816726633 0.10286889727445359 0.2174212256299799 0.820795403342491 0.34725599740502056 0.24418484626266102 0.730719057812806 0.19373619785125362 0.5532491925430066 0.9459770616482313
0.43507425000464306 0.3596346017236961 0.7942007319113703 0.5614523362768133 0.975451673116649 0.7442306233705421 0.8002084337218682 0.23451842769834774 0.5800046075656141 0.32012008914182577
0.38114293553125 0.14719573441169742 0.5999091559592079 0.952639498957292 0.3972191720180751 0.7796567024727682 0.70175667722434 0.8136915418272513 0.7915649373090904 0.393372519818876
0.6410022886972311 0.30885439820556626 0.5239289160614652 0.05038593686284898 0.81156741440431 0.4562817690947619 0.5268964037647489 0.6155181007461066 0.314547666914883 0.6803149794510198
0.8694575054691867 0.35335633062814253 0.11807745042642492 0.5383921050049064 0.15749963515410437 0.9281587180246574 0.9907552712960506 0.9867536403602601 0.82677221961114 0.8423508906333179
0.2826345177204912 0.4086078101066213 0.39109838446801026 0.60807848686891 0.3006367009471964 0.7778331459297156 0.8970847545170862 0.23631927873557268 0.9793452881724274 0.011959563585811739
0.8063070957985107 0.9493464608038527 0.7834898816715073 0.7800836473574514 0.27692648212923343 0.37487487656181795 0.29503216267689647 0.7745375620035209 0.3489162852347816 0.8640103950229061
0.7356167518737965 0.7295452745580848 0.8505581565096614 0.9901616941866572 0.7542509725450828 0.275764044178033 0.9385905213334461 0.7323632792561982 0.17043017918116277 0.056522414310435476
0.060370354546527616 0.32399694878476315 0.004525944572810636 0.3997310787695112 0.7836354212297201 0.256688639448894 0.05010615597344892 0.23885622188651245 0.3779307785155125 0.469195932818092
0.4469583598053014 0.907009277659323 0.25148956064049477 0.3223914159371808 0.19893777277766345 0.8901213365904419 0.3483350582177319 0.5639851989972186 0.34736483312067346 0.6183340407146568
0.3925977808810368 0.12042005234306186 0.5585469506651807 0.8991532372972272 0.43051671066399966 0.21841034630110112 0.21310175542718923 0.6515755836264474 0.46532220092834375 0.03488655072149516
0.695110558265754 0.1873123499809779 0.10617294718073267 0.8016447099660438 0.4707318479480954 0.4033987956176719 0.05954691846393889 0.04979041775367443 0.7187567231738047 0.8998912911684362
0.9799625745032462 0.4691052173764233 0.7296894523454482 0.21701921596293472 0.6666329090948159 0.6787528626392171 0.025287955910439086 0.09807129225220901 0.8436319272230934 0.058281556305753934
0.1671005285085112 0.9274617647122709 0.7933792492463506 0.6716676110653124 0.5203870228765277 0.26783443446869537 0.9267254134313241 0.23218502919936856 0.8189135590750228 0.7257277640514475
0.9676469260567314 0.002174330827143356 0.23646219391087886 0.2122374041989925 0.8065366034737342 0.4993232622990299 0.8124979956125954 0.033277206066653964 0.23330145662427026 0.8898610856317005
0.5022877189324542 0.1434535548599596 0.6999565852210131 0.9891069719373965 0.8258660059442864 0.3282320343138664 0.9821307811028253 0.861102237342397 0.07559606242311123 0.040989201110561035
0.10987526990070196 0.11159532188110743 0.30867412029270125 0.11470697027767607 0.2203942571159231 0.10243747558912131 0.8987779066920126 0.5924803579459637 0.048792215431675445 0.48048563446615355
0.25016094550860246 0.4766739873959964 0.6176593615458446 0.6103990432016502 0.3878466091403794 0.2834765582096642 0.3122933889155407 0.7282541905699771 0.5291769713636759 0.9077666880639588
0.9355823518513556 0.8916925607195769 0.4148227444881173 0.4526174768083837 0.5250495784088971 0.09235403762615979 0.131463226769298 0.35843103647069574 0.6842887702640275 0.21763840667796674
0.3936954842362207 0.37860903241290955 0.9319932705116208 0.9013762352523342 0.7693344448225055 0.6918282332957476 0.10401063161269819 0.6867794220003446 0.13011682430609084 0.7154050302057451
0.15732991996195722 0.34008079297330995 0.6889233380788174 0.9898966098018828 0.8196358279487292 0.5995614407128119 0.34498509275470945 0.8420004725663679 0.4040399285846836 0.12220324532230653
0.7001422613513031 0.40097821559235913 0.765826702480319 0.8989928697963117 0.03207363674809449 0.9432432643566276 0.8165275801580922 0.9499436626946696 0.714518304641998 0.47041680620606563
0.2303635718576864 0.6811893510042618 0.05986141126462263 0.8880698063977331 0.9790732708977955 0.8890438867747711 0.32605817546144944 0.14553303147843755 0.11336956072151871 0.029710152145671853
0.6777213165565806 0.2215715390774896 0.7727451405620751 0.038359319523890045 0.220299144110494 0.8963835382921678 0.7500731757570106 0.6775921343964446 0.8366227460712103 0.8372980861414239
0.06342646622851733 0.12283174745377179 0.4467023441248196 0.6437098855031552 0.8947645584827929 0.2509878015779502 0.4845046314438637 0.1462035316152399 0.9436150504065245 0.8887692246998569
0.8395443810814512 0.43548369409306875 0.7136020004792705 0.09831367284634274 0.24647493217447114 0.8086419343976574 0.5006507047651283 0.430339325255525 0.1224640560577741 0.06345426561009482
0.8839246528350874 0.9588149110370019 0.1499932663818745 0.34581863582281636 0.33402738151565614 0.8261819890470197 0.4818198216661055 0.06110475667311954 0.1477279762633371 0.9744530516046004
0.3051926078954831 0.1971030400482089 0.2944459568711312 0.7150483690679476 0.6440146800968817 0.7744235374816875 0.9169578562156536 0.7990224589293714 0.7004963213957118 0.03960977274460753
0.1672638833458302 0.6893717030873429 0.7419446551835327 0.44689647192969617 0.7782801157103165 0.8084021090609191 0.5236869898538835 0.4364539948014987 0.2729982443081005 0.6356765649961247
0.5057268550181158 0.5101268441227202 0.9949809851240572 0.6658490185741427 0.6685830452127308 0.13008726243443103 0.2075381965818638 0.40073283968090545 0.5628638010231628 0.5214889147660813
0.35365549263169715 0.7462391959022971 0.3374796342064388 0.5471203735094594 0.19472304393726358 0.41236042631268843 0.8829998835466218 0.4402213032323343 0.9533395506101435 0.17316274029556766
0.8995098271189134 0.33103903267754875 0.7739424711582676 0.13379117040160582 0.6524264187196709 0.18336676737115853 0.7847422174031334 0.4727792106393396 0.41508259392863367 0.9692190806079252
0.7954148611527173 0.48049426047323485 0.11349148701924883 0.6529642862976742 0.19723412583008937 0.09833941989396167 0.48655349917658164 0.8306471124626557 0.9458000981327638 0.5783709862206129
0.15407073770243973 0.675899831957662 0.6012488186057994 0.32927999345702585 0.34528481567709024 0.18075298503228543 0.2768032189154396 0.492225652781036 0.6822556748306828 0.5478221742899617
0.00375266167931676 0.29879700367215023 0.3352507923412641 0.9897603431486179 0.45942480128124386 0.8034185405411797 0.07141516946668747 0.12252977050839842 0.22443991919660222 0.15380477291612937
0.20334475388107398 0.6009615828380809 0.7365148016177762 0.16560710162259817 0.21078701923582965 0.6382351801810612 0.8903092943946532 0.6011862394448273 0.8565440731375829 0.575323240270732
0.7962857829403645 0.21748194555281553 0.9467554860994271 0.7221131385856697 0.5562779315357754 0.34424103058373867 0.4960892393159886 0.2788282910235712 0.03944183573478732 0.481403738218838
0.9499710151334768 0.2645385288531782 0.5494893098496128 0.1632376001906929 0.2888334130482282 0.028961371064957553 0.962579467990162 0.12684699291359558 0.29346857925031544 0.1044206759509918
0.3849712853619106 0.643975507921399 0.9859186245106042 0.8667435753421499 0.6305167743176818 0.7275575406738143 0.2769408005027205 0.7170398677418235 0.8503003464991808 0.8082644132921457
0.14893481925266416 0.2707225846084482 0.4602070636657244 0.39132942775183077 0.28232212154455993 0.34579277203872216 0.10692868952552925 0.15022552679422618 0.8937181389327898 0.3793246944155697
0.7888931735706279 0.8913077368472058 0.6958401257334456 0.2692527815521706 0.4058298593258496 0.8323223667258839 0.3119446341661485 0.5379749364919895 0.9491587771135284 0.6777235344260646
0.18169067433026498 0.14495132235043573 0.2651197627573215 0.04502654164460829 0.9806755210089796 0.2373914566509493 0.8235329030719729 0.8989672693906684 0.8424924898944748 0.621286895336546
0.20730885223747975 0.784025161236416 0.22001046885751396 0.7594604959110567 0.10130398288728382 0.810906728569595 0.051678040594542285 0.658967610691598 0.40384193661350365 0.5488759158799128
0.00900494932911089 0.09709825073188327 0.7101995182765178 0.20335582213697068 0.9929766004015773 0.2533938283255738 0.8245818714664116 0.7170163308442236 0.7200080519475232 0.9645056237713634
0.14558780976986463 0.7226006397072576 0.19214578109199942 0.499386716439436 0.7398933847291338 0.5970330044305874 0.08157702716787685 0.9642224763435242 0.6698578921563952 0.21888878944371726
0.576108074128952 0.1896696765158078 0.6729831780134365 0.4150975818658639 0.030124567682500825 0.2273873865327697 0.6046338861510036 0.4977883491683457 0.844648079950121 0.3885079476531067
0.15015258187641634 0.7384754009176208 0.3604553493135153 0.09360909946015594 0.18848018793693555 0.10432274728520641 0.18982738741476424 0.671913658935403 0.846619255598823 0.09001310655362826
0.33534808830247465 0.6468563069572292 0.7227534451264279 0.018787790746245925 0.6482727287835426 0.9758216353022915 0.9755637254181916 0.7575115803973654 0.6643390030036214 0.1737714141516441
0.9782579717618477 0.39315698650816555 0.6214940526089959 0.24364297974188975 0.01805751255936472 0.05189029603785078 0.5118634061776264 0.8608152356939359 0.08536049874579343 0.7069815748751109
0.3493885198898633 0.3146021470531818 0.14152866735712377 0.5180495428029465 0.4449114276510787 0.29664816737095645 0.3802206515522265 0.9716914137251697 0.3720869839107054 0.7442639881084377
0.9044212894501606 0.8523366067027084 0.4803539900415734 0.596154678977799 0.9297934762901868 0.8622029457509268 0.26529874305319057 0.4986571131612796 0.09470500680329808 0.530522060579289
0.6420956408106893 0.21251692006288259 0.7082600855971973 0.9047406484823882 0.18431134306733987 0.713399553942223 0.7998910009877722 0.40019284076583106 0.6882102217836715 0.7537441428569888
0.6475429018961035 0.09977801295800504 0.0018010914292222457 0.9592330805378466 0.05621039501429281 0.741467792904282 0.9182155994185038 0.37006360734105104 0.0345615322395485 0.6090044284603706
0.07461132104371693 0.7053727115889622 0.6746116731050801 0.5499424759832755 0.22064395105324308 0.5285799186326501 0.9778855809124779 0.385224250150319 0.924653641235739 0.9220770958011042
0.09123314986527242 0.045768959400075526 0.7710636590509495 0.24160833498614542 0.916440828897645 0.8740941364433542 0.36908945915770486 0.013846593875355362 0.3400067037544845 0.6627773648548253
0.04070916651005374 0.06508894443233104 0.3929247212960615 0.16660517883129922 0.8849471809199895 0.5246548655126951 0.49504915739736133 0.02154505924445005 0.025874734700783164 0.43348746441938446
0.5645877184672358 0.23121573962973896 0.24333199559253826 0.30662052982956867 0.18049767609609868 0.6403197362743953 0.8582290742936814 0.1475891228967401 0.1740365339375296 0.10454146820008448
0.6983838525500647 0.09352493480586199 0.9954448741797821 0.3877030007607065 0.20620618704381222 0.08159199360184699 0.952715598774637 0.16950883580992349 0.2661405725618978 0.6705824327396248
0.9516307381609924 0.931000209052893 0.1276293676449407 0.42590571500021956 0.6797230660491607 0.8998780412822973 0.8784617850552969 0.08186926438495445 0.2715467359595637 0.6841432913087898
0.28372430591431286 0.03206213700209348 0.36861738960748625 0.7000420820829854 0.4471702072702055 0.5668174860002843 0.1446090050971065 0.009092361205925381 0.674677605722974 0.6761440111706124
0.30487112605305355 0.7190076567319206 0.12356641221967657 0.16717997492826475 0.28905669692733704 0.6746227270619005 0.306896921602568 0.3071380524780194 0.9066276588841007 0.7674647602430454
0.28847347451407124 0.19587300008854502 0.4172313341751228 0.8264033260151232 0.4521290666964618 0.5966183765660692 0.6314176650483339 0.716850601225826 0.05796755900687678 0.009102355751740121
0.9518941752706996 0.9722730238750499 0.40859227063439507 0.35616702054674654 0.40149111972014506 0.009314650198670393 0.3399509083754717 0.7731795524264715 0.5912371521793257 0.7366207650403764
0.9242787696351451 0.6389373650349919 0.27042129448238306 0.15749064891314724 0.7267231679348125 0.16743413028299226 0.5702440250355404 0.3877760523472318 0.6925841681867282 0.591766800371069
0.3036371333141644 0.36298211456776486 0.758707749666531 0.21462840268077055 0.7160578492735165 0.3923159871149775 0.5804196428499191 0.3742452221340792 0.8955399623778328 0.6324673996782075
0.34448900239806246 0.6802810006973442 0.6450110036819002 0.5001949543708933 0.4989633157758999 0.7111450805060666 0.9958608509513276 0.020330565811307988 0.3723168230590669 0.7323051611473741
0.6989741507461121 0.11460342939051349 0.07720706964949686 0.8946196207422816 0.9679151531937727 0.8767246162373892 0.7982347516212484 0.8023684046606899 0.4686802510466307 0.9504618489738611
0.5484549453843006 0.30257541928666 0.05141013830861785 0.2299729061240009 0.7459877897680608 0.8403795686599965 0.001679891317524218 0.23545625456234465 0.5099296252491279 0.7496255324131178
0.6524620674287882 0.6822151486658141 0.40386636588001634 0.40350950653090956 0.04258424909942882 0.9575214941543715 0.4656427776736711 0.2370293097776549 0.9334791090759119 0.44720452867769245
0.7536425150187319 0.27115178290343744 0.9032519014371732 0.9126783995517981 0.31268611659007994 0.9180254803345121 0.4255661460442789 0.4091617087463556 0.4167546145390413 0.5272295049742238
0.8105757782045074 0.5571314337004293 0.18109898881122688 0.3449644363415032 0.6361077836052128 0.33159236612752174 0.15289684086985855 0.3012546868438932 0.8295263259451042 0.9175326211596588
0.28746881331117635 0.3146460472362844 0.8741859173563142 0.5949742913531049 0.7961698445553115 0.6095461303366215 0.7091074435826098 0.06331829371736508 0.7124207894056396 0.8782693835941012
0.7664879396432589 0.09222030675574366 0.6639484589195418 0.9880125098489183 0.24888105472323974 0.8950249484728926 0.2621529220264516 0.3324004668819356 0.18636196523035053 0.1608235201629753
0.7236231406123698 0.8579064137267427 0.03371706416820863 0.25249025121533597 0.8241728481430769 0.2573643283620465 0.5686752818073816 0.6805907174829162 0.05237111386140969 0.8159558434534249
0.6344243919961372 0.596845460068212 0.8773923560629907 0.91946764932202 0.8331322793491319 0.7158704913901488 0.375113536708224 0.29027964585383415 0.6219197359751771 0.7702058908236051
0.06673631263193824 0.6034581989290941 0.3887079521563509 0.33118234941793134 0.7158150410337152 0.25349259728630213 0.9925901356446074 0.5869650507363605 0.0024217783072101318 0.6916273940399429
0.9418537118822898 0.4591527057614341 0.4472816889788579 0.9344068161934181 0.8525057429564845 0.26059927826824636 0.6940639133662284 0.5559620408014888 0.08113101677776291 0.9496645141881814
0.2746137497200365 0.7197355880616539 0.45813871635490444 0.9198887316194975 0.2797647606973863 0.5797518133419265 0.8609298460314495 0.17912630479937086 0.9374695999754115 0.6872059140824869
0.9612449933607506 0.7184612133603727 0.9603412327639519 0.8750584474311442 0.856927531888994 0.8487673149830227 0.6662967871231298 0.46148600912601034 0.4555646573738076 0.2915649645727839
0.29884838073740017 0.5124530479475287 0.41594494117471337 0.8508645592590189 0.6776867147699954 0.3343338591540218 0.1729976016060495 0.563976759352434 0.29555448945782004 0.3294276146902124
0.07285557105353468 0.33180838679595315 0.2440090567066412 0.8403734436631906 0.9269103921225004 0.16295141072978037 0.8985239644590521 0.633887237527814 0.35720428988664954 0.3309126171690102
0.12248223242794709 0.22990445761381206 0.1502307721331534 0.9401191455201334 0.8599643535505284 0.36912916228027526 0.46219174250392514 0.6238756466766043 0.37883620661693895 0.5301519819725586
0.12598610439311686 0.3562368176001729 0.09849396838236779 0.5567146940371112 0.49868071116230395 0.6497985040262854 0.890723714802915 0.13636260042640713 0.25794176917138156 0.7326996480891906
0.9774859790991226 0.08364068320105555 0.3068807867893584 0.6506664935768024 0.06603636385654754 0.12415258438170529 0.4789960605145356 0.6237191713596999 0.15964541025582712 0.1502163895970674
0.04836735120858826 0.40220032299044794 0.5612818063902565 0.7245149641805259 0.14498744180363 0.8130740828063011 0.9479755145987705 0.9450522240665222 0.05109148571595057 0.1649831374157329
0.03517804284583004 0.6528916674418128 0.011571008804325045 0.6893401515851805 0.27328924507948893 0.3635666471742882 0.6300366800443361 0.734769751935288 0.22262138561371492 0.2337165813345713
0.14181965613007108 0.0035052162502989814 0.7384226816840105 0.8364171358526475 0.8561788453267759 0.7208841840240788 0.8641842805269841 0.5118361890771862 0.8422069517806466 0.26287583628058153
0.379306155797588 0.5842620713044683 0.49640581056889654 0.43161180010456734 0.27629885697273204 0.7922139727462448 0.9746272678298727 0.2651815801712587 0.05304965301547271 0.865259093911137
0.5970525007676005 0.9954924983188754 0.5972831991760261 0.2993245844884378 0.24211006016611536 0.5267835007319307 0.6131985574949286 0.03170678591823772 0.4337080730440408 0.5974207871191676
0.9943656809079447 0.8976443581985242 0.29588407632739444 0.6088925919999905 0.282316147395687 0.46223553311829435 0.7999513653900581 0.9584593978631432 0.36686457223966906 0.06464426061448258
0.7614479596516182 0.5957049795776521 0.8820488374488163 0.6859539420158203 0.8576707034281494 0.43827253688501755 0.33067822334125085 0.5576912801981289 0.531303364059886 0.22835976546109094
0.8308308389715262 0.26495714798173253 0.021624516641686742 0.3890849160399805 0.5192428774848361 0.4662652095690889 0.9220071296497675 0.4486259140914921 0.06938388319059363 0.25160323442018295
0.6008989063330015 0.6400729577651558 0.48611381313173674 0.59089620146222 0.5431983130415337 0.3562243316645146 0.32416899856689685 0.28696377807989515 0.1699184006992137 0.2410944254137588
0.7443263680742285 0.34022995711882087 0.9762566897094734 0.8336915477797063 0.3689458166203895 0.6568551354138341 0.8916661957456189 0.8446626588386386 0.7276930297992082 0.5876266497880396
0.6102489171220437 0.34269100990534673 0.1945963447939365 0.8718564478663925 0.2657701844817326 0.3550715989266767 0.7091926458556883 0.1786996152343765 0.2328183426236352 0.645678571103609
0.24736897142798953 0.5877208245297282 0.024110871954132196 0.7235780418305492 0.9616083332740323 0.03120044091891161 0.22367511426827957 0.4568280399304835 0.1456991868991041 0.9325856725978585
0.14660751581409692 0.0185473289510657 0.6955701780718122 0.01865632928796146 0.44834255618633856 0.2761233506036126 0.5357631808750503 0.5573888203246569 0.21983882094218565 0.14946848873349905
0.5601588047052936 0.07916624017692586 0.19981608671489026 0.9105234831228036 0.9959207326842926 0.9758961570452009 0.6111542819585941 0.8737453418049234 0.7412264205914871 0.24076193363218668
0.7857911102594302 0.4361063114567556 0.15020330888343159 0.010747636132293126 0.1809325244931702 0.9651698313851333 0.9425912739987446 0.5047402467954683 0.6091158705449601 0.6050978298557322
0.40100389677909154 0.4119274325028264 0.5056428806049639 0.6729835615069407 0.7852619143639986 0.7783727932087456 0.8391257781804686 0.951692659732238 0.941124882868618 0.9640647056650476
0.8343664225653173 0.8504341104522245 0.40984755841307197 0.29839929152423916 0.021515207645455336 0.10057266714903734 0.9553399163602038 0.6489711697033209 0.25143263824030937 0.3817321391924354
0.31731069037183934 0.2367109727479042 0.22440326917192455 0.032029213376963184 0.1716262530013204 0.6798216604211246 0.7678283075626865 0.78631561637077 0.7332181176882773 0.42963004203295585
0.5682496027845635 0.30759592071592157 0.1722237205417514 0.473384266117333 0.3140343535471606 0.1293274999896804 0.030647020335118014 0.422191666503577 0.2372765137080146 0.510097721910696
0.12467671910371592 0.8767056981264547 0.8569472794932709 0.6172129812740992 0.9969017755288901 0.2688345917852226 0.32005372737195814 0.40202294869508903 0.8430151519162208 0.214658668763556
0.11354133090813945 0.5073426681269473 0.9791983418042187 0.7819067916664423 0.07690207577233221 0.5561241458396176 0.3392310796657402 0.9747573178829889 0.5839276138137071 0.21056783599904694
0.19447187252046017 0.16939215671108432 0.4817720134397958 0.4621542544775912 0.2752066735453941 0.1956469714039143 0.8764664346306484 0.7156140118312972 0.7384644544982548 0.2532648572138052
0.1362538931719528 0.3636443949771738 0.9752504167169181 0.8756743251658045 0.5475891454576187 0.7142194137720077 0.07924854500552192 0.7098771106462629 0.903375415492703 0.32862920023026054
0.9093971963228213 0.9679446727430415 0.9289856183769986 0.05592395353370183 0.07034293573525607 0.023787175251433812 0.8588432639516244 0.30822629470422147 0.8076290196961862 0.778271980009153
0.6648137890679823 0.4114155997637676 0.7685772118754226 0.0964333073840129 0.40738458609591344 0.1869760414906978 0.8151722427746687 0.8324284325303809 0.9315874455122397 0.27334011476707265
0.5918608569104741 0.7010602434840147 0.6618450416551429 0.07884766840976098 0.3490277388923473 0.5290994746459655 0.563398322093387 0.6734801806439564 0.6020135300483317 0.2253044881739198
0.4326992193323964 0.37281830518555603 0.5658903206390724 0.14495063103870964 0.5551291144597525 0.24521075419616656 0.9478126743629354 0.39284433606713154 0.4256301511926198 0.28193084158606174
0.60161338847555 0.008212584138623136 0.6663133636929618 0.5101362717833763 0.7534143939503372 0.905521199350734 0.49483364408536124 0.8997372503017983 0.9923754838722583 0.907190269171992
0.09829854948034844 0.5178163423171765 0.9873044957959207 0.19733844440179582 0.04970422414796616 0.018033232302052005 0.9377045343959182 0.05010276567247296 0.4673687208133237 0.21748609346756276
0.09693522486879136 0.7417436911020204 0.9625585702885914 0.209790731585897 0.31551635675290657 0.14265993353107742 0.5464827878428744 0.19067736968455362 0.44420446148104653 0.6036013518046965
0.5750527037038816 0.9311943782322633 0.6093235404894599 0.3997821775208694 0.49828488537071014 0.6236469843628668 0.8269335129250004 0.17726117735423164 0.6509493830253795 0.6466882204018133
0.15777107719238115 0.5578693107249852 0.5720427602438721 0.6485185004237692 0.6214994414116268 0.3021291773302909 0.3728918752919642 0.23093900536055456 0.38665474613138795 0.2040252807834122
0.48717086880281113 0.4320435404763512 0.33177873832612836 0.19714744932662542 0.7308402617697457 0.15162210940762788 0.9335788074513325 0.9886445133202925 0.9759940248920348 0.6408889592713111
0.5795579962512513 0.9055888150500339 0.899826530773098 0.1869365630417139 0.8254090362071693 0.5377664502026769 0.20840815792346223 0.16235622978678776 0.8215683515213521 0.19157258198270588
0.4546849517843842 0.6817552637979195 0.1186773428760991 0.13160420835584907 0.07109410345797451 0.20943911488900657 0.3282995499235134 0.07970797659390116 0.5194136030464456 0.5963167709355179
0.6630945128286642 0.46565401874252965 0.5239410826528431 0.189126057863662 0.20975010283490647 0.47927096434718586 0.19882355437598964 0.8513648116613113 0.8983269155124528 0.06079140848398523
0.5063357408864655 0.9628533265079011 0.5232698110957947 0.5843212781606618 0.890132061659688 0.7236416919033121 0.8441936189726392 0.13876037594841795 0.1159732603470538 0.3780155005410224
0.7486506396196372 0.9911655270286013 0.3221555669759598 0.29564218090376493 0.6944403788612057 0.02946202097356121 0.03284663296354673 0.19943906135227174 0.16562252551348877 0.724572677470704
0.4197593003885113 0.21353371246892217 0.6742462595562413 0.4264485298715689 0.41107043710203517 0.8197258452072056 0.9189102293700276 0.6141483532120912 0.3412192997063451 0.25714941999052543
0.07161960241232135 0.057029267955766905 0.7111953608681634 0.37737227539319396 0.8060073431178293 0.7122740147922562 0.2861534579917955 0.47596016845137523 0.6028393744348456 0.58339469297284
0.1956695546684789 0.16157066503895579 0.07282395897198812 0.695017322945057 0.92167746726537 0.8949317801549754 0.522098068506954 0.8011647006189901 0.06010346565312097 0.4325990350799228
0.7523640607176431 0.43742000821828875 0.5244422458372093 0.044173893063113145 0.1355026876507992 0.4517674060962843 0.42299390141669735 0.03670546343284098 0.33158894070283074 0.20456927500343913
0.1862089486819446 0.8162864324145288 0.6295897236814753 0.21505502504179053 0.6465639532279966 0.4443933278950206 0.7816230092470288 0.14985936791797227 0.6806178130106374 0.405310171761436
0.37451068508712027 0.6985625225095946 0.7113748167380283 0.09101373450312511 0.23645793476336163 0.06184911264390369 0.8388070353141314 0.33118756526272286 0.11204416644988002 0.48981570078887604
0.6173658796667182 0.14857123309658815 0.8553118016757989 0.5511221411213993 0.5315381033948512 0.8036399622921463 0.6885909024825436 0.5880948790258741 0.03397931558342615 0.10764920867809924
0.6537991275717702 0.11855545673897006 0.6054836381003476 0.9293676767729937 0.24330798526005082 0.7820603511451851 0.6720252925112943 0.7983612067784375 0.3390682255058486 0.7964034144974412
0.3713341757262064 0.5164791936608765 0.011538397148038948 0.7896458718957687 0.09994423663626728 0.7292342908454511 0.43406219247918587 0.3036023769084999 0.491379923449877 0.4800551728728455
0.15369235838259532 0.22662661828742492 0.9771223567083414 0.8729308016231727 0.22605948101912554 0.9067032323637066 0.3642240156205854 0.10275456871519595 0.2697364704400297 0.7202674366588646
0.9269165043374356 0.2777148326077039 0.32465068506096595 0.4278373273074181 0.35428320640934075 0.654368040820413 0.5094470274909617 0.7344582622273909 0.5220448514429215 0.13356944136856974
0.8643075492103655 0.09112258916757376 0.46373251919362024 0.12422549035788599 0.43858376765018137 0.9227422754921544 0.10499957181791553 0.17187109708669523 0.6367004824110712 0.1489155478399874
0.29454997444525455 0.07036400766535222 0.07114032455786867 0.07564354077996815 0.4161376727912436 0.5275275256587335 0.6879209352737528 0.47931604013067586 0.3983176408246172 0.8393620890396406
0.7278274349367934 0.9787002650003501 0.2521063353115345 0.4424850280358025 0.16576470602378546 0.5963304614140579 0.36143530261299517 0.6607468186156076 0.6309455724430137 0.7476096991924636
0.627258915886933 0.4395118578294567 0.45223261628015043 0.7641001179435585 0.2234029509333395 0.36987983581893336 0.39580266857392254 0.45689126051487716 0.16071808046359948 0.8451636667977236
0.8664047184808444 0.1566005217207086 0.07582841424301512 0.7632287619699288 0.8288337623145149 0.12847386000791028 0.6617419182026795 0.7908372391655829 0.47284420049548304 0.2542184272284358
0.9398162684935243 0.8399300480850532 0.692578425550239 0.3966139169219416 0.13604979581155585 0.07081899277929526 0.7806874696154582 0.9186122358677986 0.2693944840018536 0.43354950767135936
0.3476723812442123 0.4155500821943462 0.6857637035315193 0.48623426688328164 0.3685763653954953 0.8372626493602461 0.6786346886580976 0.987946936144822 0.432009511584451 0.826301010307408
0.025621726777796616 0.5538038074637377 0.7205890654933558 0.2791193246145255 0.7401228248889756 0.48115105831602356 0.987230546439025 0.8490126714964537 0.5881196255020757 0.7083135370029064
0.8083255818274693 0.35275000153838876 0.9524358192315733 0.7511507212864161 0.6926946963800127 0.8172608208342322 0.44023705841591454 0.37770402703877537 0.2043045229579482 0.208398370384278
0.22428115369563417 0.7275091627944985 0.11709037905313557 0.7207157941636245 0.4844042925841442 0.5596858870339919 0.7618269827578664 0.8753568148330174 0.4729551440332488 0.3227070562882911
0.1478413702091732 0.5725748972274167 0.6663660919888458 0.7787871675737966 0.14646394070761093 0.676060483669206 0.18477625530072117 0.9871208423884829 0.00846466973506843 0.6681693419003855
0.16259872243055729 0.5527391925624464 0.7543236373762175 0.40830855158085355 0.03514990803197082 0.1815427111203043 0.524036197933987 0.051151897392681556 0.769936445992327 0.7471070749001159
0.8022547218266332 0.7370194423119246 0.9159207701321259 0.27114814108147267 0.544920694348629 0.7536709213793145 0.970063762808233 0.4470710248359482 0.6251419399826162 0.4869258076451042
0.9676689505577618 0.5948175461887804 0.6889221057404082 0.6269379447531082 0.39152960199863307 0.22526487684259655 0.4654501681448032 0.7776158044754515 0.46460630595927577 0.7137181820398293
0.8120103959345423 0.8285942141856073 0.6419397269643435 0.934577892053861 0.29017334462681377 0.1923267838272239 0.6497290006803729 0.0930525421575189 0.8677816080360536 0.2832830011148554
0.7329836686607231 0.4048262695613455 0.4203443346669181 0.421897568996084 0.867882806961635 0.7208795079124987 0.0658067317471136 0.6828336252369087 0.5709523104828262 0.6722005353704473
0.008262214530919021 0.07528589115439244 0.5943970994786321 0.41791443023712815 0.48902627334595483 0.8424635615357512 0.23540246073434445 0.6203949964424441 0.647592987610026 0.598056794523348
0.20694411301793536 0.8422146080918335 0.5803463120257826 0.4794049738092464 0.018624722576016328 0.16232561488750596 0.6515001066706667 0.49024869120838566 0.5982793652674276 0.4426561704340456
0.15859247076733352 0.7303616488450199 0.44857072175474044 0.34134254188946134 0.7839610460280124 0.2650228107463716 0.9775198507771711 0.8651086999907445 0.8739782336440225 0.9742027859626158
0.7678961584712671 0.9808434801626301 0.47942617114028996 0.8395029852313236 0.4576159304189725 0.5652140004655615 0.26324337463165604 0.7762999811542735 0.5917757362371203 0.7611941666756167
0.8359760674392739 0.2992112840992007 0.2766734702468412 0.6316748313914052 0.8146192949000989 0.02091337625292644 0.7171464117268844 0.8528623158057287 0.9171338366643493 0.22750625317397233
0.7507821913393805 0.07396054125078577 0.7027772050222273 0.5480334539207998 0.30603505572941125 0.4846711283944015 0.14748811273360707 0.041429875552540296 0.30600665786644077 0.07833508779867382
0.10391531577820667 0.8610846202505666 0.9156267978407272 0.07607858020742342 0.8372837450036178 0.025369286224407595 0.18719623003952301 0.9861142793525238 0.25114175630138613 0.7218968397055978
0.09773051008064493 0.8123891242615616 0.12113569978566929 0.003939931698371479 0.691269880197038 0.9980582251731969 0.6403087499445 0.6993516802581041 0.5402972773927667 0.7918034915301647
0.8460229566067607 0.8454960053664585 0.02263260846584314 0.8588051954020612 0.04645511678975622 0.9881087428790643 0.9736485560790427 0.12321314253295479 0.19371828535926516 0.23767457420589844
0.11837925939261551 0.025253422570391093 0.26101259592859616 0.06381913871253919 0.31406992028263503 0.6036459260405121 0.07281042005723182 0.4263797118370921 0.04094227482080515 0.07279670987021303
0.7099327360597445 0.9912317869225907 0.7674267920964472 0.8542683276575144 0.5654747165089168 0.8596128672738559 0.785839609089822 0.34332038565330203 0.3628904957318425 0.4515992934029538
0.8654585247976475 0.043851602122711886 0.9641485935566761 0.927555464008933 0.6021788277421404 0.08886383442592705 0.5937205939741266 0.8057891162824552 0.657406705794323 0.578607239144926
0.18326803145832482 0.24031045795995132 0.17357392128877647 0.6148555701113394 0.9022431624233808 0.7595067858669061 0.5296345330723314 0.3872983786102169 0.5812213898081927 0.13470861795082323
0.25713093717521185 0.17682759593766773 0.6576347471412025 0.4470370116103345 0.3758927517488775 0.6805334221916336 0.47767663230746515 0.35158620509970095 0.6281587752337027 0.6345147708540512
0.27350093555833066 0.9999093319975746 0.09088919078539592 0.31314786860082444 0.9014384815523617 0.07493983714022401 0.4282611380053368 0.11724578527164453 0.4748070516208457 0.9168939834688856
0.6098175727307833 0.1285810143936913 0.3539914942921921 0.7743653109047224 0.26446631649390795 0.20453193541890347 0.5668227251884134 0.8017349497424234 0.9665020032482078 0.914153286799047
0.623885557974101 0.5421861913478512 0.6570507058774212 0.3757597701165627 0.8662372183436381 0.2850258304123342 0.09281362540982718 0.8461508579330387 0.9371197617736376 0.8666785901620342
0.6837123368585251 0.732894164340163 0.7046010985958575 0.196635154902165 0.3320152867190971 0.5536235974409395 0.9786811652797047 0.03279851605789719 0.917750965380198 0.2500977220121865
0.6642510298797385 0.3050871755321335 0.8886908454060324 0.17980264785062272 0.5703945744952134 0.5918178397814587 0.007910551902568508 0.0541730698422378 0.9568736513116154 0.19030457951543756
0.6879151502196188 0.07004388084499757 0.04023955774935695 0.5912751292813876 0.49754072512126035 0.4897340564160375 0.10486483031619087 0.06611917599388639 0.3663208359749963 0.9652034665836539
0.5682911166566347 0.5066478078800292 0.7307332624888175 0.9730122916917976 0.3356406549673129 0.6189568861693274 0.3677186768847728 0.8293519111385462 0.044439954145892635 0.06615164499235016
0.9430899812539253 0.8882050932588081 0.349056295693256 0.1791034428184365 0.3659270215338958 0.6907325185024805 0.2230489707613541 0.4100740545982434 0.8847781841386905 0.030271281967384822
0.368088959629188 0.7909567174654145 0.48746726759427905 0.12487101221484376 0.20970192380832287 0.2760471737594423 0.5735299416099887 0.34808096034023384 0.6329414328457 0.9986722528635118
0.056781160908934813 0.2587420271941815 0.5652006346763725 0.15166732304635466 0.0252415113273341 0.9918254109005786 0.7487220537564716 0.4136080904232745 0.8366263480505832 0.42489919937148224
0.5619670737934791 0.5858666945061964 0.05982913947037538 0.9185937619171644 0.5468578290007833 0.379975060456505 0.9863063022606187 0.844474645670161 0.37800632856429695 0.10044396589528215
0.5299973284616384 0.5600221479195545 0.37039649785104856 0.30509901975459974 0.21039122323675685 0.967954554476019 0.26358702961519587 0.3931596644551112 0.5705760616567767 0.3059220497367373
0.9433541744846897 0.47070109261154924 0.8205856208933109 0.35263677600072085 0.965795143841712 0.773802822492914 0.7160831365731769 0.8077937723804537 0.234264530632721 0.3916022433480695
0.6833993102222893 0.20567678250477728 0.9461176127234826 0.024635008816618287 0.9841677321507315 0.3561314847559456 0.9740859616798505 0.0382584078105036 0.2762778179519074 0.9716283720713144
0.1762122137888953 0.12661812182270726 0.27259172669407283 0.835426055193018 0.7386229296964619 0.48953240014225663 0.3248484885464513 0.5933851059170061 0.5470192817789122 0.5428321102433153
0.6674047504290521 0.010771726800501202 0.7556175613988375 0.8321090234670735 0.7439386106190496 0.325428979591322 0.17637244970326538 4.888359876807913E-4 0.5099693179594025 0.14998332112242518
0.8466681639045623 0.37295932511044527 0.8550217693449065 0.22829240000685302 0.1502637855681609 0.9629483717441705 0.3204924492394642 0.23512961921822073 0.16413041590450517 0.48126047715251685
0.10274855968203667 0.7231398568931575 0.4829201943960453 0.2331441489436722 0.9257198039739445 0.2673897949097732 0.633157785359606 0.626177573116067 0.7432182310655051 0.8353754723756017
0.33084709461592376 0.37982273466050864 0.3884485070925925 0.4191386312740303 0.2590375199397348 0.4269133521963593 0.22664704820492232 0.00618257140247469 0.7459954263314956 0.9280052267463749
0.586515427818241 0.03716711945250828 0.7099780088042092 0.7814323579032707 0.24709012491571503 0.6009017770968182 0.5032087083507566 0.5050756210903582 0.5389164864790663 0.750944535934847
0.8355043015254916 0.39026546056611067 0.681872552866826 0.4931536470963823 0.7871059556151716 0.38390328186157485 0.8267136696271323 0.1898281578035026 0.030617620008556945 0.2418015262430171
0.8933863363062013 0.35361221339711557 0.7735569578452308 0.11440506979315845 0.7063859311110973 0.06312727089027348 0.6058754331406138 0.8754718411103797 0.11590927502168624 0.5223356280281146
0.3909060365142977 0.1849538048787165 0.763280175377412 0.6069270417358809 0.5735480864858632 0.4892339919177894 0.9001020458283661 0.593560224919378 0.7961007437146578 0.9050391177288928
0.20281853790078963 0.6515792286782653 0.510008281088494 0.20776134057518447 0.8378398260056495 0.09186423754319362 0.35088125494922884 0.9505870455841837 0.12711830057930806 0.8137654594230139
0.40450993759098475 0.07774421976299017 0.040034552512940524 0.8686072517225045 0.13318750800870705 0.2633444793857115 0.3946806197420214 0.5670395661338384 0.6545122554431714 0.6067092931057227
0.0901042721659 0.0975519684632089 0.2689394599880002 0.24573485515300597 0.9108045163631506 0.19475521948658292 0.6177054363539253 0.9117631099423101 0.4457455499422782 0.9985741997415487
0.6193473879418526 0.44259136743385086 0.44638191124995963 0.879284942942748 0.3808945895660575 0.7946664099923084 0.5116654874568657 0.6683676795541209 0.6089081342247351 0.15117365849099085
0.332730460272188 0.43143705415981093 0.6558973865860416 0.3096450663902327 0.8559294305332504 0.6470494566994748 0.22924364832019717 0.650874730377333 0.630120352379761 0.4139764285298203
0.962612452335749 0.640344125529637 0.2925806124381265 0.09957271236914944 0.5039380316785612 0.9940237280906359 0.6176508643517493 0.663155669016442 0.5094142913257869 0.352331301575738
0.8031880277726796 0.7408528211711799 0.9495294001152528 0.5491915570261551 0.7021335428284536 0.4621626592383229 0.4310310876171215 0.3375558848993161 0.5199788804443416 0.8835130590796696
0.8178128373438706 0.7384047221479182 0.09363791932830012 0.8703910020125659 0.29406172106296014 0.01716948934591611 0.2432115058326666 0.2371560824072626 0.15461050832713186 0.6596745979662589
0.8453560402055518 0.9624393128555973 0.030288286443509893 0.6191149626715292 0.21544557995920133 0.3380678569655967 0.9601654071854724 0.5362474198847345 0.10544200782316404 0.9807458483034805
0.70793998859901 0.5968894901780063 0.1253654040163914 0.7382594686065728 0.9863148455993401 0.18398216875115236 0.6784831352717582 0.6557646695169578 0.8010652887695221 0.505888372341578
0.5638125033706896 0.33275412760887446 0.9555999552792852 0.9382617360333803 0.2442583819178168 0.19758956026294794 0.8671679442788773 0.903735513918312 0.4046842458163228 0.45402455223341265
0.23746760101252862 0.7318443700913098 0.8314408732777511 0.7129317432755943 0.7932636305067488 0.09100709786930083 0.8333542637094672 0.6124877980429692 0.266720642583986 0.2650610517359695
0.39390035876545915 0.051358202684455456 0.020513137463537223 0.7587544443365101 0.9952710494831603 0.01196335160906603 0.23937314324610426 0.45976546427103115 0.5872621649408661 0.33469620202751593
0.40758850953707326 0.859232535462659 0.4873912169778566 0.21900086229733762 0.871066455584907 0.6384426606931198 0.09337860956577371 0.6735107533825485 0.6429282622868528 0.26624034784709516
0.1651032541955727 0.6149837405363656 0.253202804808349 0.11988248974914573 0.09036936703928355 0.8245609773117885 0.36603820131700526 0.04147918285839325 0.987298461078204 0.5099149441071911
0.09195218854566545 0.17282454662873925 0.7158868175743495 0.7931417440750074 0.40799367162990385 0.373335397365958 0.8722449500720225 0.04679103929742878 0.8652891908320753 0.5189801511964633
0.6212629228417861 0.6342168710820697 0.8112998742503268 0.5044936133526545 0.7869211721109409 0.27547100001823377 0.6832157901378464 0.8268384250156902 0.9641934741787731 0.9562499764674179
0.539266294588918 0.21478687602597113 0.5424651959578392 0.02494580937630131 0.8863264983457573 0.887661992420555 0.4376163976492159 0.8816394649232471 0.035051544058727235 0.6756896973287049
0.018396002370862696 0.4529152597439232 0.6678719477888704 0.41507905651291177 0.1824399844047424 0.46766360411277985 0.04053483077693265 0.7428605811265474 0.7882627602636685 0.40157806797334983
0.2544773452090363 0.6596778000237964 0.6817776337761486 0.8418423242625982 0.33517038321726766 0.003140004226463211 0.3693789796258786 0.9385415900397681 0.43067188739630125 0.2800096160471609
0.9843450296981383 0.5556214831886048 0.30498102029351337 0.14241032284336663 0.5692969644803326 0.7117575423317899 0.4423855797213808 0.1614071856406124 0.8546762857431042 0.910286430520246
0.5018471246843522 0.45072357121841167 0.651679527698625 0.9973897978069243 0.5645694256615001 0.12402364653059705 0.6978151358289888 0.2590106208281505 0.6032473395398155 0.5311037784685912
0.2942248305357752 0.5695204332629276 0.8680955402904753 0.7114995330184367 0.3561374898101355 0.538945818847171 0.43260696970813795 0.5284297629203801 0.561300720109647 0.7706005802302458
0.9710932675920423 0.501662949013697 0.12596155767603667 0.5372600264795957 0.9504108472075066 0.4448046798298305 0.36394462885164225 0.41155209927424896 0.8098775043900206 0.6306701385790315
0.5916018690174716 0.645029488506001 0.37623639621235794 0.3578186617214639 0.12988578913389537 0.3804263098375068 0.7146256609316083 0.47199187866007863 0.12452335423203809 0.10289080983096266
0.8518633816072284 0.6081109241059178 0.6562453130094345 0.08852624989622304 0.32495934915868396 0.6616525380095898 0.14525173217218235 0.9923596976532923 0.30561659046787326 0.2726372660267562
0.3675709871280808 0.13289840698843236 0.13058710204354307 0.911127845377556 0.4956966761815368 0.4767223837397567 0.4280977889616284 0.4900494052516279 0.4518626233371962 0.8041003874374979
0.6721644608931048 0.29930729455509786 0.5195435338360923 0.04540618803788221 0.9194628389482801 0.45459242773547137 0.5972445542597309 0.31815077080231813 0.6875274583265328 0.9849281606664585
0.698370467216787 0.7657350776411269 0.4184007116541878 0.14492661980759525 0.3019411516115825 0.9015672363981693 0.7384559902925015 0.5308866753172572 0.9411466474690052 0.7959770325193097
0.7729702752503469 0.10427965723652788 0.9802120087047841 0.1083994994922366 0.10312324639207926 0.28183296991489226 0.8747682736180227 0.6635889006642265 0.5634513627391367 0.8383358890110442
0.3369027468549166 0.9981628087416333 0.9693872671903674 0.486455997870924 0.7332882952650495 0.06256548700811526 0.03736598952985859 0.6472684292209422 0.7332677518631405 0.0535789522598934
0.21408125226828545 0.10586456071358785 0.6934962887579427 0.17379865562245012 0.8668266815932294 0.9583206831172668 0.516721210073171 0.9670303227140606 0.3034584716307994 0.4994709095905898
0.7545047464408509 0.762353152301823 0.3883671800779036 0.475343519924456 0.5371726980195278 0.674633862178491 0.09994830736543892 0.4297828907281409 0.508997759190282 0.5555651133049047
0.23541275895067182 0.7116941000859145 0.3226031959784881 0.26684069791780995 0.610379583641205 0.07751108397464113 0.4037988361295992 0.6558694532671876 0.5235456525114096 0.7229028749892968
0.6365384723420632 0.6544679992525001 0.9608273617644231 0.008397253172259367 0.33741355115679184 0.9922627015545278 0.9987223301555224 0.10551481900706805 0.39007534404798183 0.11906915725220357
0.13323958934964442 0.28317005829591635 0.692203708023459 0.06430721930186656 0.808598629325022 0.5785113746457207 0.13111761842496938 0.12654869075034303 0.2489997728715696 0.1520345045651127
0.14884900417250102 0.48258320994395854 0.8071188656227913 0.7137190588805088 0.583477691072882 0.03292797297456773 0.4345818763915811 0.025101413744235246 0.8807526541044549 0.05949473115396853
0.5525257431444576 0.6316112189196559 0.9585001208492473 0.5611679960221116 0.5544539062975019 0.6601630873629785 0.9760470046340317 0.4543359049299265 0.4089464761972742 0.7289090419370919
0.011863402450928429 0.17795570705882546 0.3463860048705584 0.7592211863021936 0.18485550594924893 0.6265237647128998 0.41171222113191297 0.7543882548636122 0.06821622040956399 0.7493598279971657
0.7443199372012574 0.415173704281959 0.3394673912096774 0.6009037351111985 0.806566415721083 0.7992974623133192 0.48630453164936704 0.104262550970871 0.4239555483989953 0.10006645620015697
0.04508100391310266 0.2990341458615693 0.42291850641268713 0.018794730098595447 0.28724539534748683 0.3844734907481867 0.8562109340560785 0.1363160855182194 0.4887724759444094 0.4403559916685289
0.29129965181865203 0.15080834005872523 0.9186043219286133 0.3104318617182731 0.4037123553963905 0.8423103022149704 0.46434550927147367 0.7671542873987313 0.16517589183992454 0.1487282566001895
0.37693175446022087 0.7414034021536906 0.24547012797932155 0.7937919308221366 0.9607189418501287 0.09721702910584273 0.8572758550765068 0.4943341785196871 0.16141555113768002 0.1590781102411446
0.16489694007229172 0.8924328600420613 0.911508036967505 0.9580982370226868 0.5505885907805732 0.007367007080547938 0.7813053875994372 0.9534750985165459 0.4863245091875176 0.18300419778971166
0.9534559158154897 0.8068913219641354 0.4941883372312188 0.2181492090328231 0.7897651952528532 0.6400609217692126 0.6951752191608672 0.6105488051159027 0.29137140779973103 0.08941878189092789
0.7440419394487527 0.6196611514168748 0.5668103664641833 0.38698742428094957 0.5269446388178743 0.1589626395136967 0.017229343495164473 0.6427448202551831 0.8589556014672178 0.36547895389597684
0.3239853585055509 0.4813554987177324 0.5601514379448861 0.062390954405031396 0.4810898255238041 0.19491687052604534 0.7118169766556909 0.22998060018162203 0.05343861337691558 0.6134110484088933
0.598410713369123 0.030845628847342543 0.5614925395186795 0.9658424024493899 0.8262888864262743 0.8972261746720134 0.39405037324181813 0.10757919515424741 0.3767872930196904 0.6814501436438143
0.9329824541851488 0.6232073148149975 0.8991110955024276 0.8949188988122088 0.6372702415396826 0.47924322545973186 0.3775848594099678 0.6167180383127646 0.6784230545798527 0.09734180599738163
0.41816605410593854 0.7398528109446552 0.34532025577797143 0.9461743694960635 0.7907274827651545 0.8412714023527041 0.8437534799702818 0.008940705046514563 0.5364651618960538 0.1112535033882619
0.30442010600013536 0.773518734317629 0.9038897256103646 0.45840558543586307 0.7828457774504485 0.7135435510976068 0.6122116949870657 0.11841840871525833 0.7856903915925252 0.5812475526913432
0.4575313353483459 0.8379063297894368 0.3901183521029926 0.2166815901407012 0.07509663050291071 0.9790622219495417 0.33639055787678773 0.9929771361279124 0.7499932901392404 0.6965254274409582
0.5685622793686274 0.46359728239304 0.5289835621491389 0.6747746584609176 0.5741473678980104 0.2550647158169802 0.5278107601260469 0.7825217090840745 0.5308361655324835 0.7574428858179376
0.2511391573276486 0.39999582880513085 0.7068304987010713 0.704886284387112 0.9463999206815578 0.1056727594359822 0.7810863933516126 0.30986432743131 0.49816514810887047 0.8709162440195781
0.7507312143630087 0.21720298727054332 0.136274380886104 0.9041644564154399 0.8751484610849488 0.17787654795997798 0.2787883289385331 0.8107071573076928 0.6697006231174786 0.007522005230295448
0.15994766472298272 0.78976395998061 0.30678609548779723 0.09093653894347997 0.5036646055477627 0.17748792034576533 0.9079036869059524 0.42135842467551843 0.3946780669944451 0.7626827636679129
0.11762415250595282 0.9221205037126695 0.6723536200977108 0.9514362315085451 0.03884502130514622 0.5883041490813757 0.6262118669597029 0.0375358593542362 0.07843157644958454 0.8073112346769629
0.5076198256641093 0.5474478275875154 0.5033231086507498 0.06981020657829673 0.3886815867762803 0.8718034122168464 0.5394107815592794 0.16630184778086987 0.19721666175281827 0.16975168256270456
0.6589689250540425 0.8795887677972335 0.3358149722723651 0.8382011230732167 0.29714955538102317 0.12972257005870003 0.1533098157104712 0.6748870489350849 0.6140251347448882 0.5055409086607835
0.6786115395936793 0.23236548881060026 0.07589191491774117 0.1256962070580172 0.44969581193935515 0.7594485467414551 0.5680226645509825 0.8121166333724885 0.9746425068135518 0.557260220043953
0.4707839479189493 0.6301291127206045 0.3469723980683661 0.5390055389013116 0.632009940228911 0.9520131699424312 0.8041305293666231 0.27571024277887113 0.45075100322091244 0.3345434896571885
0.5658167837246616 0.8346021544797932 0.35099211154695575 0.6661179715450526 0.11796552778143932 0.2724692675466627 0.7686626424784734 0.23535758163436493 0.2185280147933384 0.7332440867574992
0.40123562979159555 0.600602562707182 0.2928126465927552 0.7172272857329977 0.8764411882097242 0.3985197277710042 0.5589897548765932 0.23877837122907175 0.1850950799145411 0.5200734624565267
0.1784690575918998 0.2699644012503468 0.19277063067197286 0.40340289241664384 0.961209853697242 0.07957269510443499 0.29601796626837895 0.5456866438035785 0.6726251322059607 0.8200569027902382
0.8210616465337902 0.7198653496365051 0.786592579277284 0.9894000187514902 0.07638419768547255 0.7971314264110567 0.6081870165391073 0.20054221577354003 0.06532938010288103 0.5223845162552472
0.05010027361599789 0.027935202215188748 0.7408361571127093 0.06739038848371748 0.9883162754278401 0.5689487211911847 0.341640000844885 0.6951695006253914 0.045460256544189726 0.757269603516299
0.7877558407864208 0.40918135119483856 0.8543431845580707 0.39609665577045106 0.3327823824790471 0.03215901089523776 0.33957341710411626 0.34085002148982135 0.6715451086222574 0.7619877460107282
0.3217097169754288 0.25427663945276147 0.48382107384805606 0.885810763636913 0.7962807567159585 0.8812482404390114 0.9583655084526033 0.9985836342964056 0.5690986018710263 0.8462118434524355
0.18618697390321493 0.7685887311355701 0.5396440478088855 0.563167318396969 0.4379937828415382 0.019959562903931305 0.815904747843232 0.9662099649027481 0.24796178414469505 0.6610541372323769
0.016896969035132048 0.4180909433269745 0.9144493199442555 0.7775555772805978 0.573205043439241 0.33491155034995457 0.4980125390993295 0.03046703921121474 0.5712227391840992 0.7769822449226933
0.6480499179112639 0.3517075981502006 0.7033831326507946 0.49904073724408204 0.6216324893413712 0.8138041150490827 0.18451494619102815 0.727437961656335 0.6715518188304785 0.4652135354586674
0.07356494719983597 0.2375645757075424 0.5753447344962219 0.869099426464902 0.3002771835753223 0.14170461150620717 0.4530308212917836 0.060924995459972764 0.8380219285645867 0.1656674542157789
0.17852438154365613 0.6490141272640039 0.8868184365722283 0.09196258836349436 0.6281599283782715 0.8222714985260028 0.6346973565033767 0.4779465605030051 0.7294961697529286 0.10054123921248426
0.15089986754585594 0.7192846611863486 0.7745406456425458 0.7656227878848142 0.23101276918078018 0.022234908777828633 0.7437631811041 0.0447522621508315 0.5619896523746012 0.8726750288691181
0.4507433486193908 0.28339584139714813 0.40411030143532145 0.145457991221689 0.16202324225183917 0.540491300996757 0.09728194208004781 0.08459514712448135 0.9727137524768075 0.2668128594796373
0.09068726319162901 0.0029303836892247137 0.6256291658772609 0.9859232155763126 0.8676362065096411 0.6993826666108287 0.6502010151154268 0.18721619308405657 0.09157938805333243 0.27249850514453045
0.6671491469114149 0.9618421092325746 0.5345933398180115 0.22096969115207676 0.45586434985610924 0.26484695422763316 0.8662486940999681 0.4649359874122915 0.9136833646184346 0.07064631197369342
0.17862444928111676 0.19630652391890435 0.34971388019141747 0.10399283339950882 0.2023325433863824 0.27199740029233666 0.6505933518911233 0.274886047449715 0.5287691318711739 0.2008973413865941
0.7315424115750935 0.42341215691101675 0.7954099092231219 0.6435373176078226 0.3433000560871161 0.4892901257844896 0.7138188695539052 0.7428538809820818 0.7440040240885817 0.7609399841863461
0.024141147163658006 0.535100312773396 0.9648071006043297 0.4301779633107832 0.9452022210762007 0.15187342577320473 0.3989959001884097 0.2811824063433267 0.45593758425073816 0.5173884149681296
0.22660540249183836 0.976163010464586 0.7917279403946209 0.7695473732784275 0.7499998054635266 0.06520571777883677 0.8683172597006149 0.6890123670082222 0.06061530511759883 0.5440539708431195
0.9563421556204592 0.007406634497134301 0.5830390182082238 0.5111263613382468 0.8211026621908687 0.5839327615188386 0.9498225972560002 0.23386006404589055 0.7150560888090742 0.0891100533812168
0.34890750571934714 0.7245079090014681 0.06461731102063373 0.014997359247177156 0.955264614869566 0.7468064843352956 0.42820026420469803 0.5431822642114009 0.3093270760681994 0.02747159706320812
0.3190369443525587 0.044980852380659075 0.5370228342006852 0.3302663449890261 0.7841618864341069 0.762706931229883 0.11968913189249031 0.9654263722661983 0.21005179672686203 0.5265333096570978
0.5168777724680899 0.2535155211510999 0.6857610605888764 0.1983819444549102 0.3210371945429865 0.44032487100744844 0.39599612393758454 0.9024436480871297 0.7802830294670502 0.5682162712718354
0.939422677250642 0.0013426277875848713 0.46394629613899696 0.8493514594396463 0.17160139040617373 0.20762421161357592 0.5653142044116195 0.15753628091159366 0.15729983556475913 0.18215933217085067
0.8369556239341831 0.3579487789394977 0.08352900147102138 0.4642226897693017 0.43624936485570454 0.32780921016427955 0.5325052176348549 0.6024154177568777 0.02221067100902252 0.6860887534017744
0.34283930120189243 0.9112680303529532 0.28943689888884294 0.4466428892865283 0.3976065928174679 0.3652723033166081 0.7509710616245777 0.0366946294907331 0.06955280011425324 0.7602560054894318
0.9891073603882394 0.3813815641635341 0.7265427385293973 0.4214273409785191 0.7816403872102848 0.04512004356057597 0.6544597647965704 0.41808104784157984 0.48078542909558275 0.7418284777584777
0.9901160828068306 0.456871187079785 0.7729743032768012 0.8785915001121026 0.7733349459388741 0.3687206645404535 0.4799580365066519 0.18113480919690006 0.025218154063192166 0.37885067308605536
0.37512296245630583 0.8645205460698657 0.8387128987728207 0.15507829309201493 0.08365535303694016 0.2587615025021385 0.8279442550434929 0.9664434226799348 0.011164264929289569 0.27659167556969233
0.9243809927865163 0.152391361313035 0.9026003819774996 0.6194199842814295 0.43075360288431486 0.5021506883609617 0.07178415790242088 0.15753249541004355 0.44774572118652767 0.07461036339997529
0.5615838333524933 0.4918982353235718 0.2738308977917948 0.45091433328220476 0.4957599960099489 0.30747219330765485 0.14522880347331324 0.40515536400635355 0.6657201796548514 0.7616783271664601
0.7308061806449299 0.5029645434249824 0.9589034401723872 0.8167947124510593 0.12584953351811 0.1934564055340321 0.580241454812808 0.12125164272622457 0.6989884279465088 0.5469042330897285
0.14411915265409891 0.7723927266464997 0.03814903949306092 0.9086835525111019 0.6214848101224238 0.05203824222357556 0.4142699604958291 0.3894365425399934 0.815235370972759 0.016228752494607868
0.6356134817373242 0.2920734133402485 0.5067302469378424 0.6418163625310873 0.9008571067549215 0.28814174095489364 0.6672626854575351 0.08510972386035531 0.2757517282510813 0.39925788074085466
0.1605445920084465 0.4915684590229593 0.7159842047330256 0.6137095386462251 0.17573745328625212 0.710581044699686 0.13798428803102403 0.2740017300030497 0.22528815760640486 0.21565000901898546
0.8997663610092931 0.20803338246587533 0.9178056746094853 0.5078467062756589 0.19549930270955695 0.9447550324437962 0.8734402342901642 0.28918738904672203 0.29034792405859444 0.25457268620568574
0.08770417337377445 0.7326213730688004 0.22623236926071777 0.6854268220175506 0.7693995976770537 0.24661081404558705 0.6145024406776933 0.7273894283543677 0.1792945880769422 0.2348209563592697
0.3981258079705343 0.7317862481430676 0.27841652724784516 0.48522894130952443 0.013840598191246167 0.7352653446851058 0.05830727583802875 0.987997721346568 0.21382421549004882 0.8948972876204375
0.2703122279837945 0.17775126885299775 0.9167822714121828 0.3273059319716133 0.8969505828607611 0.8234263350256862 0.8499622375436913 0.7629935541737313 0.11564229442003693 0.04766432749991745
0.4164491099806965 0.5764373934487278 0.6935422941004273 0.24774707204877566 0.1762008274165272 0.43319916673463055 0.7219601302676044 0.011368325371489796 0.564633598791887 0.0072030924925984285
0.3498192144019723 0.4730723548232372 0.9891683196738356 0.9645021032437118 0.70783673221994 0.9409802366220104 0.24200115379615406 0.684265503575522 0.5285813139395767 0.03846286742705651
0.24646260758828042 0.9933863363608878 0.062293131075785935 0.051709583316657426 0.5146813572457379 0.528019832089707 0.7643263827749541 0.6516796505602778 0.33587041845200727 0.20352878298090193
0.8873016976286455 0.6677133418845635 0.6374046190000249 0.67372598499902 0.5495320073442376 0.1301183053547359 0.6649603999320219 0.5909674757040911 0.07101240528901986 0.370335932468577
0.11334034561126916 0.9405646094275744 0.36924040390875934 0.569831482292941 0.1062057210735381 0.7161472042251463 0.9893605921657458 0.7826408939683462 0.47079332848644573 0.7270237544843483
0.9066029888348206 0.12154616303784349 0.08279286385675011 0.38424889322905753 0.5837122624185707 0.49414022544987857 0.666913993262629 0.8990224918308811 0.8920404964092349 0.0025816506540563555
0.33027270379248763 0.44520874869013505 0.41220322373913243 0.8796277210467262 0.278579169537548 0.48717740209072047 0.3186752334831007 0.6235747983740019 0.6192099519651804 0.6548338787475468
0.5224283615428018 0.8160225248951105 0.890599566985097 0.2596185531803158 0.996691378508134 0.9589185935552357 0.973987720110264 0.7884200261724956 0.24313714556287724 0.5511293002833616
0.3414101625120355 0.48676082550596544 0.6692799366097583 0.5398203364097743 0.17292275214323105 0.44827827506266393 0.2425919301999102 0.22822114270043714 0.7363996025292692 0.4644373516675431
0.16282423590953976 0.6988857611196746 0.5648481358815234 0.2565764805377633 0.45124494315197805 0.8203513105889318 0.38903514536891226 0.6118007691514196 0.29398253948826514 0.9451351973586624
0.48731956736769255 0.37490211270846097 0.6963904268211315 0.4783004473797252 0.09993934477807209 0.21039886738879054 0.5063238295656008 0.5983582017904439 0.8216013035321897 0.5419522860442599
0.14644813249563915 0.5460651525468416 0.43407439602352393 0.10083087155420922 0.45917301791266485 0.061712794816400796 0.4695882406826607 0.07075773246783512 0.912534385934098 0.7477944635009617
0.9061908447271209 0.903390460192797 0.041321944547258016 0.3614754564718198 0.7878201875028827 0.49684652655430106 0.40497706591206006 0.3000800390049314 0.2346966768236528 0.5791018857107991
0.5322623516728576 0.8328485457345806 0.2637447178941542 0.818754060392594 0.2924305280927343 0.9535070306128058 0.07410296076977707 0.39755533207086335 0.8835969937454442 0.08073064894494175
0.9693848884091114 0.5222855309728617 0.16124709145389116 0.2173710230338387 0.8862025148811513 0.6279480500900622 0.34328537610307 0.5943570952950523 0.5775678107300117 0.829936998072786
0.22276100787382191 0.2714680820770181 0.8601377187723265 0.5197370098012638 0.8953799924695962 0.6447158545141873 0.9758706843164231 0.8668815362770541 0.6661411819311942 0.3188635369467211
0.04151366610504981 0.3893098859473554 0.2379097996366678 0.34364586844381917 0.7634403020261014 0.6849263826407116 0.5044691650186798 0.3835461704666375 0.08071302348869336 0.8790801980253097
0.2715666878766416 0.9935236649278745 0.165842253854383 0.3358476557846751 0.011698430054879139 0.806873943191436 0.26056884489252463 0.7054131005746342 0.32185149912602506 0.10644464261061459
0.1530962960812946 0.4355088087044605 0.09815121992641829 0.9467172916839709 0.7135514754455334 0.46178792079867526 0.5673359102856843 0.7218051507389707 0.7960539694106723 0.9101688769903428
0.22220923671506343 0.8332065963040814 0.9886258312364368 0.293603782751122 0.39669601097105955 0.9011917451111936 0.14627468752133366 0.8663870349172906 0.6858544871934716 0.7849898811385244
0.37793549446338026 0.5110347057488291 0.6671743475440669 0.5294838709285171 0.17455674469304605 0.7759295583557972 0.411716410083391 0.2399069316361564 0.663469575269829 0.4563399127462737
0.08712631491398415 0.8010761227236969 0.5532791137500425 0.4170854461916267 0.5492816378128311 0.30398621295287565 0.1938687721655883 0.19203635473095249 0.1953073624651983 0.020126324672543605
0.31771084806328254 0.26379704507475843 0.5079226449258888 0.7726708863291462 0.4515268431397663 0.826339015511684 0.6595569775554987 0.5937359018372778 0.6914438172931746 0.2640118323280015
0.26440136021026694 0.628179852019198 0.5201437927047501 0.542275622979511 0.8675361737131121 0.34696845037169866 0.6111052106343474 0.19866160497801388 0.04250428526881356 0.26691060038246806
0.11288687521929686 0.6468820986229672 0.03217423090932925 0.5386131038968639 0.7355062003458616 0.06267541600371151 0.7124651295448965 0.9607895090837261 0.07131577188387705 0.20688439535134773
0.2844812734738862 0.2065986115278532 0.9743827746453539 0.15943243870957902 0.5078312884611007 0.3064763605618759 0.49522836213133736 0.08727392712567594 0.4763827385037541 0.7219646726062487
0.8218851849045696 0.8500610332636409 0.9074304056490632 0.6663290529900008 0.9135827986055058 0.45918190517487956 0.6662321042656654 0.6802966000810984 0.029972187588127808 0.14899021865934536
0.7800933831828364 0.855034734994257 0.15665283544203235 0.09345946392190307 0.5096581624110258 0.5095296564273176 0.40686619059685114 0.6071598464928643 0.1397898498255944 0.5758138216419281
0.8395721413958271 0.00636947999313664 0.028402898029738277 0.4230291116925544 0.77572581973363 0.17429570216680013 0.10883262256542847 0.36010296550404786 0.6174240334393294 0.27379652785163255
0.4798063880214575 0.5968527177387628 0.37869202240373234 0.9816558820658706 0.9368070596913373 0.014623209334907128 0.6220329509718361 0.08038116600013367 0.2995949382729912 0.7001012235864127
0.2614638591890819 0.23665453075452725 0.17288205675199353 0.8297397443511404 0.7406137113833509 0.3199847365240637 0.3406286540535346 0.15726384199441978 0.4235603760798963 0.6707692345880171
0.3391583228780739 0.05301938889399804 0.6464350831800216 0.31389099858037284 0.8802648354798037 0.7714643443377895 0.7694247899595953 0.23213847616180883 0.7027107260636365 0.38189204009414845
0.7416536503594001 0.4631508158552946 0.11899319129707875 0.587514403343413 0.14552723856534033 0.9642551703194094 0.9939806950646188 0.4793224442906103 0.42247430307691614 0.9014762260474839
0.1429993596857725 0.1236803152314252 0.9986221263544369 0.2621627830010411 0.16917489281523712 0.7663983525586484 0.3267938423818618 0.4650899708385632 0.5733129156040478 0.351069311040633
0.4403168166878624 0.9475598375863679 0.5643264693953248 0.9957415933627467 0.47448351997421656 0.5459369261662568 0.3741961373092644 0.049541760048775085 0.7531072919792196 0.8542198092026398
0.038675400022032846 0.3596480467331039 0.4604671274204779 0.6446635783173625 0.5434295551065829 0.4190555272201857 0.6230375545721168 0.8651318316718363 0.9550236126019036 0.13686282101376923
0.11075059734086157 0.6897717993912288 0.6571510094529263 0.07534869073407646 0.6341387848750504 0.5927690015013373 0.09472162638357684 0.1318970859674402 0.2615597682589377 0.43935319431085407
0.4919038763861757 0.8088668442731064 0.8098044260197584 0.1438903666933764 0.8549427266221055 0.41079257271239655 0.5717420446580685 0.53181029528402 0.19655131406767012 0.735841391291129
0.23625771076102353 0.6602828706877466 0.325901165827141 0.08723999311091601 0.5285886113862951 0.001970749231705371 0.7367122107596312 0.7204248100706279 0.05326755401473571 0.5768494509717175
0.09567012593332436 0.16295790317470782 0.05723329903248753 0.329000915647222 0.5843755762668718 0.19678948305324406 0.34726940870857415 0.7884495701222188 0.8802563119447502 0.6762378831270989
0.3937842751276671 0.33252495334809573 0.8753492732312464 0.7700959872975198 0.7320469859903829 0.16689844586947267 0.3265870976563562 0.6625626853473785 0.1323450079716042 0.48335579123239103
0.5071994652297551 0.22523732778855432 0.6521314002156932 0.11953135480467703 0.5860663712977898 0.6812030961771667 0.6060805959822122 0.4452440838532441 0.9003371623524954 0.822265420235627
0.6940737664193384 0.1307388665389908 0.5063556201007893 0.9117002894740822 0.012485708202165102 0.9140515543738845 0.394907861231765 0.007405671783135226 0.440747579724616 0.47787968841022743
0.539036379283893 0.07413963395941203 0.9430104896305821 0.07075487787097434 0.5061406676490905 0.9185664505586391 0.6538372247699067 0.5629772830183113 0.7108101448712578 0.6771222032538368
0.2272006397613019 0.21468635108635004 0.5108133084734149 0.31424937443974743 0.8196686540335651 0.5516061712761025 0.2558922111155262 0.3473402710228788 0.2515078615333969 0.39341771766183664
0.08748880265903436 0.8047666213677709 0.343538635291053 0.2603747016548341 0.7572556586013945 0.24466321148948245 0.16292695613067798 0.09569322359386412 0.9831807121465743 0.514671690778776
0.9276988380531288 0.48441007165089767 0.8943816334248564 0.8166396630522968 0.6176159023968697 0.3238182197884908 0.9291025561310813 0.5553099004363515 0.9181509133499065 0.20625209158057645
0.14517212117303047 0.3963227105431999 0.9846550100386904 0.6119096621250464 0.27815821268297425 0.9363945043443396 0.655408814357854 0.37756191631371894 0.03968187018960834 0.39732375759811855
0.16510159714222905 0.8064147141502915 0.08682900294463902 0.7955152450150635 0.11438472830138113 0.21505200408495295 0.8133249898479987 0.11000210544500277 0.4364960949103368 0.675303467535178
0.6141143042401527 0.07448499480330717 0.3685548298731861 0.2020433864324006 0.557213317901458 0.3526954848999172 0.9829764399283567 0.6623424250003616 0.46018145437614577 0.02143129213099637
0.663560846625399 0.2370567840739788 0.2132820751817016 0.4818988037442661 0.021156217281656287 0.35285476829313445 0.8173813240847126 0.14753849436806354 0.13540425007271906 0.6208435112102121
0.011859491933354671 0.5152966617479198 0.6819234967886727 0.46737355673302683 0.5562861021973393 0.5173473308427045 0.45838866807881395 0.8232626956130623 0.1993366318608938 0.3715561430026183
0.05831623545486697 0.44959445260345177 0.11940503720140971 0.5015175851970869 0.9579672503107908 0.22141094325421795 0.15359328606215217 0.4807861754379006 0.07963057001310836 0.9650337687293543
0.44523480642812907 0.37096057880301403 0.9736510070160996 0.2504105054457689 0.23483675152090666 0.2695696617101281 0.12191831224013994 0.8767986207827551 0.39530060670071254 0.36124748992740396
0.5071345921363609 0.6582626956448998 0.9695093290797172 0.27447444036885515 0.5150297846501326 0.5148748529962768 0.4068440788981357 0.08619966627202935 0.4407952604398325 0.8061722190147546
0.41492090108012103 0.8879497508776909 0.35635845081600837 0.3053395421782884 0.34381465945219225 0.42956761377788943 0.8617220284805526 0.20574906503555968 0.8022628929779276 0.9905140155247456
0.2914432916550267 0.07590378596265734 0.7688203147709637 0.2937042754262744 0.27643058280136024 0.734494125447058 0.8056598375596876 0.9731404404364539 0.17158546388570084 0.6041926174396459
0.10869382692335339 0.8341394840925715 0.7514206001103798 0.2209746588251168 0.034914719408211226 0.9037465989071535 0.7486352888500847 0.22516778935384762 0.43633144339455787 0.058961314943581145
0.26473156674055487 0.3410960546462072 0.5996045790135284 0.8416943278948605 0.8171059812486284 0.5640998453326042 0.8414593067384869 0.9219108712571046 0.8036533672410453 0.016875891482747818
0.8421822785056868 0.5542060785438765 0.46377026283919043 0.7114959291359568 0.6129846930038426 0.28809692205856696 0.993747975279235 0.7591268837440406 0.5877409009551974 0.13860402923292625
0.3348959949759224 0.40638925020267125 0.705587780233675 0.4012360537355071 0.2943383602399693 0.6454545551435993 0.5080972142087467 0.30427813926236713 0.08127748912967481 0.04439670863745404
0.21321052142970542 0.7313251936089536 0.045620890546705595 0.874976300362825 0.4478498441915393 0.31828960814135887 0.39121826418719197 0.5769507990795776 0.8220985891503976 0.3316524879974846
0.9025577270708087 0.0911677550482144 0.8100691474374346 0.8685157472251807 0.2716217979120342 0.6181120954323539 0.4660529884858079 0.08405271475015408 0.44070494376128844 0.9142428748417344
0.3492745395369503 0.34824249769558857 0.4873464064429457 0.3253685178500615 0.6565471640171623 0.46131368217066315 0.9691332488408216 0.3744740384623214 0.9693555912614609 0.3161112200325872
0.31898058314576794 0.8708276914123455 0.2103662794605815 0.6856396825502485 0.8355969617439715 0.18785825516317312 0.3740933866611451 0.13532541527580388 0.04919490834287599 0.5692087096414051
0.3474246520650909 0.4120783255717956 0.7591079626812526 0.06553581393453112 0.6679381345200441 0.046024278895321236 0.8378270027972695 0.9790392323123782 0.38141750637427696 0.315817065671809
0.9750706648857255 0.4983677155469449 0.25469935610242933 0.17472872521841354 0.8958555247165843 0.5434646404941682 0.4759637968315288 0.2122555623582335 0.2281341229287417 0.708077949133234
0.6318049758499698 0.23476659696752955 0.11841958629661142 0.5870751708205451 0.18889563053887515 0.5887601354166943 0.8979178561527458 0.7063669469535553 0.9277855411063504 0.9215830331320934
0.587039895043393 0.7351572974433476 0.777351181210386 0.6770066849711451 0.7927673888490452 0.6534026441202453 0.2806396367585092 0.25684240425566096 0.6011978096289661 0.07177579775767962
0.4863269162027939 0.4448181669681439 0.3966956913476841 0.957095022441425 0.4047370859495949 0.38522790011971286 0.1494284441564706 0.6030925244817689 0.2933455731788872 0.13640297169899895
0.6046672314524881 0.8045606918199077 0.943915876092942 0.5778453353678146 0.9800843160634979 0.8423283425331224 0.8318962819810365 0.2399004523911994 0.2313802019902258 0.06718370874136614
0.4584292299788121 0.44613693767645846 0.6819255299783642 0.5827743203388716 0.4663025902675705 0.011139795021181564 0.8287037605668255 0.7706787308028779 0.14339897727003492 0.6202118106761884
0.43469298530760314 0.1752584626585889 0.7406752578759428 0.9325185136327447 0.5969261676745586 0.5715629675861299 0.6264316387277177 0.3954991119008039 0.33982072652923445 0.8764744098335958
0.6746056157183075 0.7359069336765255 0.4249704282751282 0.9314429895734984 0.44205319219864114 0.10163025798863412 0.49144355889165325 0.08457792115446383 0.6282559145891888 0.8684846421810365
0.3447331367380597 0.9305227287514112 0.030619059365380785 0.1974562793700657 0.19785654768159433 0.5284580664496318 0.7095029439786041 0.5304153343259062 0.9347034357331391 0.9117390827765007
0.3593554387529657 0.3461068676333121 0.013582292793021034 0.7270885636072294 0.9457911153023244 0.6632665344167247 0.4580177666045503 0.39693091245656953 0.5131881440135008 0.9739969621311274
0.49220232108890904 0.2853662680894151 0.6933512374885686 0.5180797938176859 0.770107075956299 0.9664482691049698 0.8530153486540476 0.06768751587799904 0.8201090321801583 0.8428425427239647
0.006441201684558084 0.6819983728326532 0.281092416746897 0.043607663872162306 0.5890804930867392 0.21250641396039416 0.7413342197386386 0.7417539550388718 0.939265108496031 0.6923581506518715
0.5080854223583753 0.7753997611276385 0.8671013751868115 0.12683596844275524 0.43361044750640787 0.7307587084275298 0.003226600037727123 0.6171480625497948 0.0025498378067646543 0.45085589659183867
0.7148120453159762 0.19597300024472208 0.24582174170236626 0.2707846211109102 0.2521730866701358 0.230746665268021 0.6878802512829822 0.1484793925093173 0.4465733705346264 0.759468222544922
0.45699951390993354 0.2593953944604298 0.7182869361743206 0.6638406305799038 0.892354426258099 0.5541480929145299 0.37370873249810577 0.15585058600951474 0.46702030280688445 0.2400811411101138
0.17127978624889273 0.656431626409801 0.6126153400890277 0.14089450106342616 0.918221193147112 0.7786432631479304 0.07916130097499385 0.41287932582588327 0.42354638335707273 0.792838018802882
0.792839381512666 0.15196927898054924 0.4775481680043696 0.6475774461840514 0.7846700986884324 0.012732856970373851 0.6539342205666211 0.34759716121445405 0.6547467459093118 0.07859507979069424
0.6380098443300954 0.248909942841278 0.2095048865900473 0.8719908184294409 0.4727850123321291 0.6211750843943458 0.36361035406351494 0.5738162418168271 0.5846079278407765 0.6487513032232733
0.13340121387834314 0.23345893001604534 0.7009045545339315 0.8943894054893679 0.5654196238758236 0.9938511735522848 0.8048305007583659 0.133310156715027 0.7414217301788114 0.13040524856941926
0.08511682145861865 0.3804518300551346 0.5803552046867552 0.008353189456957621 0.43411971645544867 0.8799606038447363 0.01814508967880868 0.8999279220937214 0.4230590193987622 0.8035367883065871
0.2877310856228349 0.970986543729087 0.8406581060129019 0.4130383047782449 0.4446501551269919 0.6460907848255649 0.8198735305132192 0.48278187149334106 0.9875601354719671 0.9917233996506393
0.2971301399992148 0.8482720870347964 0.40845204535495827 0.7192335534205629 0.04945301214021247 0.050626810894878305 0.7738994780474034 0.9022684742073056 0.8371150666571532 0.1797568854591931
0.9865459627564211 0.5278622705872423 0.24289503968996784 0.1843971496094443 0.20513193191092627 0.5560172222409612 0.6437674090366129 0.11337454646647849 0.011715187919378756 0.2495268681171816
0.3768224912538817 0.980038671628835 0.30633968744651163 0.15395403906531235 0.5684412242157323 0.20056854056222928 0.5822595876285394 0.25709151799146424 0.28422586089132174 0.8469089991432558
0.18892657681496217 0.5378965022647567 0.6269145145996899 0.27637894379122185 0.4253005838492039 0.3268045317535938 0.16048372108277842 0.052532564129470494 0.8226449831209031 0.6424923625751834
0.5708700210991281 0.4556440673936871 0.7738193098894803 0.94457367799464 0.7872179012900785 0.2962252683088712 0.745184049796436 0.5473749096859675 0.8822885274073065 0.19127461203418017
0.6675836107793883 0.27685338756811695 0.9466391188246399 0.9404949406711414 0.744474856553234 0.820883400510144 0.7884110616401189 0.1485070015537585 0.8381207258224367 0.6225500218541676
0.7490396364150603 0.779123958804208 0.7988693942707251 0.09675479416020372 0.14492620651446486 0.8990419141715279 0.5878915115239077 0.41235136821675367 0.8460893755790145 0.47084021028137835
0.8103492063378258 0.07519272866785875 0.28503876276807827 0.6889742414031576 0.32382251386020955 0.07188684344722518 0.7525911884728218 0.0174827975992613 0.9159200445281311 0.3897202742578597
0.18207590994107703 0.7844209620089977 0.655352396294043 0.31512442777694005 0.7493519929951411 0.9155684766528543 0.4123488465102787 0.031222688786857966 0.5232873699926588 0.1487528706667598
0.21714847370619772 0.6844106835924396 0.08982595810589511 0.8601653290989434 0.5793993309193293 0.2705863152766239 0.5424955763121759 0.4553366859342961 0.6266502833318187 0.4035600378980383
0.4831857959363671 0.12997975545174356 0.9367221520124313 0.2713398546031933 0.709252137531175 0.6896934846480185 0.23659569700279892 0.8603997795168847 0.07647848921260492 0.03256313279973744
0.7195563643200302 0.8337044438438964 0.6221571127856967 0.8449801437846856 0.5926864983335582 0.2851766744038702 0.40852193525116853 0.03854430594402336 0.6083979679525342 0.9614586168816506
0.703996858844201 0.4646995357664221 0.7565491452187014 0.44123177672130964 0.058198335860456085 0.48379427819887344 0.9977920838080213 0.19302442130627773 0.54635710731144 0.03654610608263675
0.9041473209048494 0.39434961472225605 0.9598010155723217 0.9684292185007498 0.3394048944193503 0.8881810885871926 0.0013674868090639558 0.49129297408947226 0.859802359083587 0.6771877255953422
0.6080904900866377 0.831558098912413 0.3445315793112931 0.9118122409845805 0.3682334703404472 0.31062673137503727 0.47597782589285453 0.41519314299910726 0.6257164897052584 0.33068128033404887
0.08119661157405078 0.4060932333390864 0.27221220860967865 0.9978362499144103 0.018984500735919285 0.23041213181466624 0.41566181179210027 0.4046461444412106 0.25100257746854415 0.5925244418437812
0.08368865418529858 0.9152617861613712 0.9707620462558358 0.9895987680163 0.871364341957347 0.14906614181556455 0.18088365480184343 0.7952172991041008 0.9750076400666009 0.7424104772340144
0.9068935572204649 0.713029634214881 0.3671738407088142 0.38310946604694684 0.31492035147238384 0.1268386417203664 0.9627189955459191 0.05864476121035944 0.3610093159088652 0.210429833892942
0.5017990082540327 0.9365636120140111 0.24137131954836455 0.5286204155677416 0.5328912213636825 0.8043497357347256 0.8357358766989007 0.26041752783107786 0.31740192338498685 0.5360820355725534
0.5400787941249137 0.10584020815068451 0.6971503078607604 0.6244856367736994 0.3703469192055874 0.39987238200899966 0.9669954659866151 0.41951926971634335 0.9854038374018678 0.9501795116457205
0.5771000302381674 0.34843196581252045 0.3252718958124753 0.6396348399082928 0.05280034971443115 0.05726055797735463 0.8898476168527816 0.8903654169775933 0.8647796862304569 0.11002942497897605
0.29361896509965124 0.6729421672937383 0.1082177245596595 0.6094523824819656 0.623514860674112 0.8625024562781045 0.756815736962746 0.861725659394405 0.2998681848565967 0.39300742989161164
0.9460739534955045 0.998040342310796 0.5945760248590004 0.8415005697441794 0.20992363667266545 0.28673145052664006 0.695891523238711 0.7861480449458131 0.8457934111642368 0.7225199772677852
0.22588408411659455 0.5250054597590552 0.6154157830759543 0.36309320338229933 0.414455624502829 0.5168695529801823 0.8021559311504562 0.798307700511338 0.7129024735307566 0.21123765847041764
0.24037238814705586 0.08358848307196154 0.490363954935773 0.7713115562216564 0.3082947721519601 0.44663718928398155 0.598100264542451 0.562146653645766 0.03313088071846626 0.08535022751880095
0.009394019542103949 0.17546146256204187 0.3955917966487986 0.41488828543464973 0.4469708115770149 0.19328601901922504 0.6407505587138078 0.19312642909711808 0.8951865954800802 0.8545427058415811
0.9031257100302057 0.056253911432233794 0.16083034778137817 0.2818160951157592 0.7361086910142464 0.13008127704979233 0.19424269516373038 0.9499834315093675 0.19932977810850505 0.5476519269046436
0.7115524458174683 0.6340404126361652 0.0022839746599360167 0.9000439946775478 0.769184631325341 0.1603720725746327 0.8285153105639345 0.874787632567695 0.33339491903441687 0.9038818306940951
0.3718839422668858 0.5951117580298286 0.5604376643660692 0.1228059464649921 0.8049171717872963 0.46327355600542264 0.4570750864163805 0.9037052152878364 0.36897263514286416 0.6325128183314687
0.8264881498035626 0.7010391561446386 0.5269174054986994 0.5847125465411028 0.9212499542768544 0.19889226521964976 0.6512543993752531 0.6746361329185633 0.02287474810068446 0.4968361421754096
0.5341033463680119 0.9166504783844566 0.24655739455848324 0.4275750947785555 0.1001703066389874 0.7361337535775984 0.23006863703596847 0.15093692320455665 0.5798165359832865 0.8853049245704437
0.007374626840085052 0.03693487330336598 0.05656358598871125 0.23200225470950386 0.2903992218446747 0.2500405280243355 0.74184858542478 0.6699758401047992 0.586450165866283 0.3774715721483073
0.5495699052816133 0.9705493831574602 0.0641814844567471 0.9062126492366663 0.543940115526314 0.9980447285904299 0.8475656534601682 0.3466510968162867 0.6163893280793294 0.34515215996606163
0.46520135530183704 0.3251239248104332 0.31073946097398164 0.1094683680027283 0.5113836099745181 0.023336219860601304 0.060595464300408075 0.22871287668098528 0.18571497333620823 0.9295250191257026
0.22887678503620867 0.5196734432280472 0.2696376209995408 0.9844074060556249 0.24663882673624216 0.3247189258841261 0.2711186126424623 0.8543647086267574 0.8368103879327214 0.45975833239674935
0.9228208976251234 0.24497980387623985 0.7782001277688004 0.9788130054308959 0.9544452679167683 0.8799574342508661 0.916101131307913 0.12290822326172113 0.07652973342613578 0.013622740655711119
0.15804985040022645 0.7047798074479987 0.41084385018009006 0.11960620537971955 0.006771366935386047 0.09592988861015028 0.1816179678321187 0.7039878539007357 0.7770705953424404 0.9288554260845776
0.342197975955313 0.028087578250775902 0.019404567790648586 0.6048122746077153 0.9533187033784287 0.8942521886827859 0.8300981433960422 0.7062657813395584 0.5520397573543827 0.5474044371132524
0.6666419676623533 0.4532193726240178 0.45448963236932693 0.17578246063970415 0.006237682712582626 0.41390028550750646 0.9209155986690979 0.4562132936154264 0.6867324595931198 0.7828213570750525
0.3781380192844078 0.08242682195724937 0.05131128173053634 0.6730270719175635 0.4423596378776661 0.23933206367598014 0.08179176874768979 0.034370258665868736 0.3143818509210492 0.5418402479081643
0.5500931393354285 0.005955930551392319 0.22963148848338133 0.043734627544120164 0.8434276044848683 0.7384267888685696 0.03700325275834171 0.5402498589667241 0.525988491868771 0.980555188258313
0.6533744192864278 0.5374385867866222 0.8883866805711319 0.014643981521774485 0.09475033335789196 0.9420666015501377 0.7058127904926506 0.8465290283308432 0.020350038909304313 0.7376921737292443
0.17687983892578008 0.9085144685523667 0.24254393526656814 0.6557490585123812 0.5473270061828799 0.9173610624757343 0.4534059877553216 0.12486685375052964 0.23624191834414998 0.9444872121678447
0.4977453126755509 0.5873262967295728 0.3771858323197468 0.20183086601055267 0.8828328904851818 0.608461643010666 0.5625819851905813 0.5243602348486169 0.8566412813559836 0.07298536644027342
0.23695441118127447 0.039009445783089625 0.3092665128975496 0.16162564476052088 0.6230809176849404 0.04985537065423362 0.9563026599599079 0.7321301883164729 0.2848504660667386 0.7406398822570734
0.7482917413770708 0.19060470015365039 0.43159193842264765 0.8982815419199945 0.2169726152620054 0.9323177931059314 0.8508674877070931 0.4948096144503653 0.5169043660486525 0.9555187535639461
0.9202006769700841 0.6301924134945707 0.25014112531160204 0.30747824003970425 0.49293574493134285 0.03482042290459808 0.771987084635784 0.6088760443985581 0.5794011245851249 0.05794523406888419
0.5674615695734284 0.020824558825128126 0.6517770588181595 0.8271623186021196 0.4609559838331948 0.6682301517140502 0.08954326569254945 0.05406661988933581 0.875665965500396 0.7138587955489408
0.7521096409151988 0.7824978623957763 0.09473346070621247 0.9893867263317438 0.9162092026494921 0.22833175512949877 0.4926349574744312 0.3328805296625513 0.8478593147350272 0.7435628620970783
0.0032042656102109213 0.5565653928678254 0.09217358078242799 0.8524631143906555 0.6697787720848232 0.2744041137374862 0.15903339875837497 0.25388983022724976 0.983310681296576 0.6559237681328783
0.6586048843616948 0.661355397672133 0.8558856107585741 0.5408907870961938 0.09791326467981887 0.3612606040621231 0.49994296090503243 0.24884936888906228 0.4881634626491106 0.4097321201801415
0.18759344784305143 0.8482020863695845 0.6322221695015753 0.45979389257719083 0.8497816132034685 0.6114259456376648 0.46265313235617167 0.31314104650497054 0.7416416530013654 0.8761805774266184
0.08292436775992917 0.4245746511126731 0.9482474715105853 0.5564802612944084 0.2278818803722612 0.7521938146777006 0.3340586220876064 0.10376435407906037 0.7043117970161742 0.5427311303213019
0.6497159483979912 0.8046158737769813 0.998388609957903 0.8689568874822207 0.9014418130106271 0.9200414397654242 0.6440346334692311 0.9948657179077178 0.7611518074878417 0.32063975509765774
0.13469156602119836 0.9343992286877714 0.7494861397855045 0.9526504407596756 0.13073194376659691 0.8907464106493983 0.15932038505606805 0.6817883879418657 0.4657152411114497 0.6158036553132926
0.20391726284239564 0.8049335498558152 0.9869187373213709 0.11316435720517926 0.6717319429345809 0.7941594330958852 0.5790516287161074 0.5230475988649201 0.4489859001552795 0.6432483757337802
0.8147854738486564 0.4738645550704509 0.6314749736637846 0.5237550797133154 0.5517122008119492 0.6626599211841053 0.5886794215888148 0.3258444957921094 0.4525665911994061 0.9354552837461179
0.2660951617405306 0.058543581565425495 0.8440268562362396 0.6785597488157029 0.21580694788335342 0.014711423719648509 0.5491339666439778 0.9032029178961505 0.330675754857619 0.06794509871560817
0.3293460901689078 0.008383725664338648 0.024114268830404906 0.4618039566469656 0.35447191393637123 0.8406181868485574 0.6452759819247529 0.9761480422892462 0.6822027132478791 0.3343078937175641
0.2485847648056877 0.41105110886201435 0.07368962186083217 0.7127402187408 0.44688363684550203 0.9156623025495323 0.5975892290475651 0.9572704153395937 0.9690826834649665 0.807555066317292
0.38222740562379787 0.011024577225510535 0.7160380252559265 0.17751549089532614 0.5640071015851026 0.9735015629809686 0.5624948440111015 0.7553864508694188 0.9499133100922176 0.3637415172788271
0.8882795496616092 0.22449853873868753 0.16294443136627756 0.3822668098283335 0.8385271878927337 0.41538171008019353 0.071525773139551 0.9857909287975257 0.6105823164432622 0.5838668360322329
0.11743796616191926 0.5037299166262476 0.6443124495087104 0.2843495548194026 0.7515190147603494 0.4718396506348814 0.4529257495950134 0.1859032300522112 0.5623758681691537 0.33584151291908815
0.9729848814909346 0.5470920891350873 0.8405673296012973 0.686688197456143 0.7351617958312145 0.9647490001522233 0.2591974692221075 0.7291601499013558 0.8613787775263201 0.4426472789600596
0.07158431527027109 0.7567725597118117 0.8793335345625213 0.7879092408521878 0.7276462047384503 0.5085115093889555 0.6120066006306661 0.8361587542976618 0.092873653655546 0.41670742620561474
0.9476020381474105 0.030838806230382154 0.5172321592320439 0.9203923065155041 0.12447321396597377 0.4377793753887246 0.8460672913521946 0.21477731656980714 0.27593706495188586 0.3630149425093553
0.09106007880196021 0.0350250996574637 0.3714823722913061 0.36001468416258453 0.886507599174904 0.33128163784856834 0.36372833376598634 0.5619031864866376 0.04467961870426196 0.9819701950148636
0.30459185938000455 0.9549126342212171 0.4937295729210911 0.013640025842256542 0.42947347619991416 0.42122245553536575 0.6326136590650672 0.14820095620895513 0.7248731538218828 0.12250565360411869
0.6696994392967096 0.8821641269743179 0.2926988270125278 0.06991569075891169 0.8252211364663252 0.7175486690706624 0.9036324332263033 0.5319114708358962 0.37246576642152707 0.6104022185865161
0.4922693501606912 0.2682323739054061 0.3685506342447582 0.1804234582456864 0.9883486725848876 0.4464989000652305 0.5828794800791705 0.7339627861713782 0.8012440914902259 0.49732910826289034
0.5698408439592695 0.6927171003163209 0.4789852966324798 0.09452469542220576 0.05203899688742819 0.5917233138864897 0.548433195086635 0.9087945021846007 0.7813243271317871 0.41279438652803135
0.30983173056097835 0.7766480205799596 0.827116614783784 0.6533307570368222 0.4068128518546035 0.45050453801454005 0.8049908461790366 0.19547909588769052 0.3220307799334341 0.15172847228429087
0.9032227072777999 0.7368994685819895 0.5589544483124432 0.7352149556354826 0.6909661646489892 0.27194074743378616 0.1619485194291589 0.39231412188079606 0.5989634371822284 0.8708134730377083
0.39962405320248884 0.4682964683311166 0.6521629954614115 0.7943885575239414 0.89054262871782 0.1512256998676833 0.5033488715505983 0.8035386437615217 0.18570859185999777 0.5010195115478272
0.06786021333310233 0.37447880819296586 0.8388854453113337 0.5306432012393215 0.0917073252918611 0.41535171424496675 0.2936249875025939 0.8257943347972418 0.7988663916890498 0.9943417767552984
0.4949980824734658 0.4951013719248012 0.3582622414951412 0.5358918209632727 0.9943684182171312 0.07977314473562047 0.2869242198243521 0.9191345891672501 0.45715193419001565 0.41979979529301736
0.06302803943220159 0.9214411135240012 0.9063559166519516 0.37322013201295656 0.1610116892547815 0.4900261249711666 0.7387936396080124 0.7156345084151311 0.4406809924015077 0.3958406735580995
0.5362217815663813 0.5090559185645165 0.3231967167795421 0.9265204182933069 0.9602497320892474 0.7223568298030154 0.4690613950181509 0.4089477938070373 0.5677207525739567 0.9099824740045197
0.7367011304470052 0.5170245858600075 0.21236755937663665 0.3112660377419004 0.044963536598928155 0.5165412239279482 0.8088954246818024 0.8195950005417861 0.3888303804731682 0.8265677190533496
0.6272482604344818 0.888841841706143 0.6648691963544565 0.5355802333047702 0.9576640849306552 0.593886708417182 0.15142525148090824 0.8005768231249624 0.9412284078128618 0.7427231742176266
0.4582816315230349 0.37872404523324354 0.5959851273629894 0.1495530334367544 0.5114917816475851 0.8936162331386 0.5852663767687103 0.9214393126909439 0.6713154984866514 0.8220176194276274
0.07275442978940994 0.8855013899637404 0.3946656427773224 0.6019965078037379 0.08788981902580972 0.08929983627312432 0.9481997599602321 0.7096504191733833 0.18559200504296636 0.6439727203706965
0.5541672539407453 0.029159357430695643 0.8258602651533548 0.04784933036451089 0.008349085349757868 0.34969402831497665 0.8216737364968462 0.5276810758759677 0.24790387524792612 0.36274462952127584
0.4077115389191206 0.8652934853895826 0.5666606558093134 0.10472499363272159 0.9677652481425776 0.63937761642561 0.1763749767490561 0.3922456921585866 0.22531764251844 0.8053024801525821
0.5946921120606908 0.4312393016902082 0.749613145309498 0.06024510808279315 0.904036927862918 0.4461593802710704 0.9586468779914099 0.49659811008222987 0.27037720632832785 0.8717644857266229
0.41085093709293574 0.6335292236294133 0.2367835630980003 0.37753697159427557 0.06885818410449829 0.03473096048232127 0.21393523172932694 0.7535758685330506 0.3915749436270892 0.36981298561226017
0.2781986024111015 0.4768420668327512 0.5648960889305232 0.9574535262989384 0.8576305744044994 0.5979228549306833 0.9167471788950842 0.540340381866988 0.13723648941884536 0.4410221314182433
0.5787402499525921 0.2850960628088137 0.04703863309353418 0.4936719511533757 0.7545808772906422 0.774795738621395 0.5099873948389582 0.7776993722008984 0.5344663023009412 0.06735083777157969
0.22147439928617074 0.9392724471042168 0.05506545345816605 0.7299447396502278 0.6081832240482107 0.2733877139202332 0.9462737708814246 0.12787166630798796 0.771239666980995 0.9069509843031387
0.42878663068089984 0.1455436393301135 0.15710044318909966 0.40464179466173433 0.1306375956412391 0.9480942723869633 0.41934557496566915 0.13304163839923 0.676198341079454 0.3539226698255451
0.43551621253488604 0.8210444247708826 0.36773949511721293 0.8816843060295099 0.7253664431996345 0.8883572547770343 0.827502572474609 0.5596501530016184 0.5803739023153844 0.2789384954856915
0.2973352332245045 0.1410191189058816 0.05908101761722995 0.7325086884822427 0.40329326598778925 0.4556833098438674 0.6288144126578948 0.6548100127275517 0.5842143646083274 0.24710919611145876
0.6415578672432303 0.006077917964061541 0.05612072980576055 0.9924121811233487 0.020229410098575484 0.917228145453924 0.13840829254855092 0.8843660844052222 0.5013406828602954 0.06455163170559797
0.0031326955346882013 0.36600289795647856 0.5309928501645826 0.18624847972493375 0.42530328179501553 0.3516226029375574 0.44338990074536844 0.5079210560738695 0.9099481323928194 0.5424464701286161
0.8645268761305351 0.25918623960533915 0.6508144465879282 0.050811752068186 0.3784370489150294 0.9098547203183268 0.13592053426279327 0.883719382984962 0.36935859010949945 0.2316651966673493
0.8567769911627295 0.7047105905886973 0.6104079041207114 0.8003501729186573 0.5009462211581389 0.6924623272199538 0.6078235705152154 0.0928486343349908 0.21171104336876045 0.2451553553894441
0.9295706707692737 0.9057709056265025 0.9839747054010884 0.7415832108077002 0.7480728779249185 0.4237588413441413 0.032116246942412885 0.5631338778184388 0.6090655307801586 0.9001748495791443
0.013376611912203407 0.10519062094244103 0.0020393414230917006 0.5775911652828016 0.3194524009100277 0.5621618464434963 0.6524719171156569 0.17184061787340787 0.25932604644674917 0.8572643993216368
0.5820195917840217 0.9709289589246918 0.8479623489141288 0.2063489034100341 0.8900694949170628 0.3588976727133206 0.0883531470474731 0.4544689100448075 0.8985281625647141 0.36476568128874276
0.08849342928999582 0.5045610272482288 0.7714492402361417 0.6579668820924177 0.09022346667956394 0.8695159540333672 0.9720797752887539 0.26424027007073214 0.5034737259390687 0.6220853010806479
0.9521309802743055 0.15971742805739764 0.33730012348312277 0.7914829613986399 0.28155597333047466 0.815992337952277 0.9981993488698007 0.561203288116057 0.021843390238146076 0.7152465985692426
0.2865452548502154 0.45949331880575284 0.5218126900665997 0.832042974157307 0.5635889471995484 0.10207955296477866 0.9721229969882355 0.08718846226140986 0.48431676391589906 0.9461644260076925
0.9931846104309136 0.8191079794327127 0.3955618548514711 0.9453711557805287 0.25088807283113634 0.3894579953641141 0.4841167680104237 0.9572303013443142 0.5955428890873857 0.14224927857038838
0.026195885475511327 0.2479647993251387 0.5016441260937236 0.06953641422514423 0.6374479984323229 0.4637447699648478 0.6495621812148532 0.701771003371239 0.25182134819078306 0.9932474485105115
0.33497677497221057 0.9372045732688791 0.6679342854181108 0.7332711679495978 0.017853645976231403 0.7522664297526238 0.8932071442162478 0.8873170652613123 0.7299885399316295 0.993630114768722
0.1888614894270101 0.5764655572142774 0.2486195731915546 0.7427221948445825 0.6729955532399077 0.722539464517259 0.9133358403370593 0.0647150738124227 0.5742951392762975 0.8754588702826152
0.7144866285639432 0.3065856574013506 0.7455417558579095 0.3998575989423888 0.8135221419964822 0.49260979619886325 0.8439308476730475 0.7104448382496409 0.9691731966144451 0.7807021030449905
0.6643143507565025 0.05125956873280424 0.4381038616715286 0.38929977578822683 0.47183407015166745 0.6508796947159957 0.7946477794219459 0.8820276651182276 0.8220131588374021 0.9538115672327312
0.7714650869947001 0.2061714255063194 0.2792251065996486 0.02769986081516196 0.6614340569839638 0.4210244465964793 0.648560729421696 0.17666193209052117 0.04081726336391511 0.6234630681499983
0.8214658890291856 0.25296411820401754 0.5747194853381399 0.18064412361809967 0.10212332664278334 0.1524228330393952 0.44808050974999347 0.013507511371762537 0.9294045516346375 0.5033260802578394
0.5289230606119785 0.339805897684637 0.23831825074773771 0.6143355052642413 0.715302126392058 0.9816722620224653 0.31523431934290025 0.3337438036162893 0.04337901338194172 0.0702756209825125
0.8927632351646835 0.5906253135701025 0.041269455505370756 0.7389039006923913 0.40302267364376265 0.03783223856279394 0.5017924563902244 0.18585196932849668 0.7621245132852532 0.3974533237234713
0.31697229289813 0.3097825598709537 0.794067190346283 0.82126504000889 0.2681231316021213 0.9727657942863954 0.4188195714911995 0.821870092487318 0.6975721531827792 0.8299930191146712
0.02723441783019287 0.10463198145832908 0.8015537490388941 0.580199400675254 0.04453099610971356 0.9361780919506504 0.8785336982370631 0.43711845750122724 0.5444377210517853 0.5221582180510302
0.24319899631382225 0.5998315457403632 0.9176876021898764 0.23510930668797725 0.6735754155335425 0.5086633246052101 0.021410690841294544 0.4326914696983222 0.19721159954763712 0.7133145262277655
0.940069110223766 0.037223830753607245 0.7420949975538365 0.2512112585146242 0.473932185312255 0.00936370568568845 0.678941402832314 0.5365898127352172 0.73769050655058 0.3419359210897682
0.5637264418510778 0.8946248623010605 0.7996591484344299 0.22433330489691183 0.45280421199787146 0.03994808349024648 0.12112253983181265 0.5835739080481838 0.0076844198343976045 0.9951928278783618
0.6657238313843429 0.2950139675620256 0.2325161090808311 0.1727403627974199 0.9404046010945561 0.9738798608105492 0.09455273267324882 0.6016313453225408 0.9022511668442302 0.4081968369707061
0.4663498118856336 0.5716461386572004 0.6197058213327725 0.3743554754627675 0.7981727823749951 0.28784568146855616 0.8119529740175128 0.7884718164808725 0.6800694630404991 0.48140488912702784
0.9068912823641215 0.8898604932903204 0.9852883176400307 0.30635821765619553 0.055955035104246154 0.4273545179123853 0.6001994618141286 0.2669173464124195 0.6231490780746405 0.6248697221688646
0.8406029264402407 0.36630929982724736 0.026013326123879743 0.0395250427224475 0.5302844756033783 0.14562242906982403 0.44783472686809 0.2937951101784594 0.37490624435242326 0.7899370641863394
0.8632755843898117 0.0625846967764715 0.7027960431926242 0.019056476782829068 0.023689126937680438 0.6267788623591274 0.863925298438421 0.051442613979368 0.5337446966887476 0.7667372349917904
0.579342765133919 0.5325008745556497 0.9175862497031853 0.7623640571867372 0.31555727607854744 0.9521464349304146 0.6205998446001911 0.7908004758976525 0.32183959020620634 0.7416241121896291
0.22196687478986676 0.06844902935839103 0.3131397585704444 0.935842894277651 0.7435318537561693 0.6709548451359766 0.9072931411486299 0.015024954482548147 0.83211467365093 0.08293162528901843
0.8324149100656348 0.298258539585775 0.7652490634561337 0.1786349934201117 0.6088588344953627 0.051582611554280455 0.684430744044252 0.5154496053589392 0.8798436840076475 0.2945207069993522
0.19530964934707706 0.5339705785894987 0.815826178913448 0.14152026436362541 0.49086299932265254 0.5016236196890628 0.049926500391072715 0.39854263940234447 0.45143702105761163 0.8111828564663808
0.4151888785890091 0.05008837871223892 0.7546465818036776 0.5512087111085204 0.34918635914788276 0.2182313186743957 0.8884743243535973 0.10234286467865383 0.2074551351360978 0.1527736636115936
0.10251142850667783 0.8815609136524308 0.8844708653321139 0.8204243391690259 0.7551343940325819 0.25589782180326204 0.07935539297172989 0.7009403978815334 0.21851365771205744 0.0778249524086585
0.26322948158653237 0.46946209365952896 0.48870125417986954 0.2563717867645503 0.9061030780935696 0.34680988399880397 0.9146464501450559 0.27124941188558827 0.8034218800653543 0.03330130830508282
0.007839683366831718 0.5616468208623703 0.40586479289284805 0.3066848350205129 0.12338708578835833 0.2770355053796477 0.9007141190785741 0.5610764735543501 0.913668770050922 0.9642311220474427
0.4190963737557478 0.7913243269410292 0.8473363391171196 0.38312607328492065 0.1506185240825516 0.7860151851873333 0.7592560726155596 0.7929200683449711 0.33540078979809795 0.5823761446590179
0.3511062604613472 0.7313403393265541 0.07323375241325236 0.5576138604563783 0.7976882571552774 0.5212566921980726 0.6405642969371927 0.8837722954741528 0.13061283686187075 0.48226147734339775
0.5382410927501462 0.45697977647186616 0.8688747454879111 0.09919758968724457 0.8064271460205462 0.8269942873222023 0.4449297463893588 0.20528267406377043 0.23781356066354475 0.09924603735451398
0.3352405519730334 0.5743908683538231 0.996244909038104 0.2591142511418352 0.4458591255979042 0.18521827111321343 0.8050936102653838 0.8769654396515708 0.22646438713298978 0.8194718917144896
0.30819680409411454 0.6925181693057181 0.19037630169011832 0.5868859026661258 0.42589613507494073 0.1483896413731517 0.0034186015365132993 0.4317835210523292 0.5296972843308551 0.5452174906749245
0.07110390987635518 0.669066249233043 0.04129264517471831 0.12453983511399358 0.6014669063802448 0.12192690314414245 0.625167070314739 0.05065541656096906 0.44997228044977966 0.4892464506553249
0.4887332416139204 0.9589750400442341 0.6632763026671004 0.1575490053206121 0.42991986872525967 0.4659139518899734 0.5302219854464804 0.7905533592147592 0.17936220807952707 0.794164712423396
0.1212994608906226 0.678773266893993 0.2728211878252924 0.45722832622824217 0.7519050792350509 0.012283130415262522 0.15918392274877813 0.7683712604299576 0.5400836627492873 0.9516795310970244
0.5003751572770865 0.7917143946760171 0.24604085584961677 0.6154331311785087 0.6517349922994622 0.23694927471939775 0.8785627479655796 0.8762396489194731 0.12489609805859381 0.7142161522799092
0.13258299268685725 0.1646426406589261 0.4299189161110478 0.7119674106803868 0.5824881404809101 0.31511474762265435 0.06942059358227304 0.6381786813981344 0.6973536724130015 0.8579483904751171
0.6146598606358872 0.2740593985258849 0.1671553747494401 0.059720622373562904 0.7320165768030199 0.02945355391034432 0.7331013664368329 0.44576135250791704 0.7480311441683722 0.46041015444171995
0.7005822634571136 0.49996753435160635 0.8421457283097425 0.6119424323892703 0.5798384454893876 0.7304710073266618 0.23851551118017567 0.8827834763799886 0.8472948070140004 0.3140804490864779
0.8317353053064636 0.27398534823358944 0.6496147567739972 0.0880832555247194 0.5260526101849399 0.07949754358901273 0.3828775300386288 0.744906154842352 0.19361564432340372 0.3043999000681309
0.4708834747883919 0.7032982124764369 0.564530568036031 0.3552542489817786 0.3394441440167386 0.2791134214668133 0.5499796438284406 0.8370775002335423 0.537615611151677 0.45943433936920086
0.4693775440073008 0.6127290379200049 0.1921846178561044 0.7956924979586684 0.40352059623927095 0.6330430691337287 0.49831906585480035 0.674604845548958 0.4279096573715717 0.42982697704196504
0.74714559115056 0.5001601762282762 0.7939042508235753 0.5788843425160852 0.4701190299504213 0.12555298639624912 0.2200916114110435 0.8865118384699194 0.6403995785755274 0.21087669695280742
0.3322319016706051 0.5304570051883215 0.5130554060339607 0.050552065111230116 0.9473659828912437 0.8951139155746998 0.6087598182717919 0.8138805834390341 0.33615016615465665 0.3807720621160594
0.5497538851683871 0.0727768445811231 0.817207701098395 0.03802342268852754 0.9421966224217595 0.9526479848698658 0.03826416611746408 0.48097145923932483 0.2656268159910993 0.23555222986263402
0.0810599611433046 0.1666749788767733 0.7781117475988133 0.26918253289084726 0.09051011246610274 0.793298461809664 0.7747600501700401 0.5908857858917467 0.47330758154158803 0.26573031873237984
0.14762690386432364 0.7628417788227724 0.8371436105326635 0.4049687653331012 0.08664214581656493 0.032690062712142476 0.7489442966424905 0.3363645887426244 0.9340425700156421 0.08330720638384892
0.07899999236609379 0.281848899074733 0.6588920161646502 0.3161011810759432 0.1675901205759902 0.3025632008285921 0.15362367354388917 0.8241029409838321 0.3016827772356292 0.39084790466075603
0.5711414870803516 0.4542999710829938 0.02151508702593119 0.19433496668548234 0.21886799723106054 0.13307056025549524 0.590336722978403 0.5699286038645649 0.10522872405122896 0.9342414685118698
0.555325583455256 0.11174813434683162 0.09441374428539206 0.20620540255733855 0.7036614428107886 0.7746449074992936 0.766859133780676 0.44269978421514455 0.8749694276288936 0.723695430580389
0.5057427274415373 0.48126102560426154 0.029822206698252196 0.5801110846226645 0.033889619080489264 0.04403381595597433 0.6937162552376622 0.30529418664634 0.6108349508228236 0.597528024073387
0.3969137454410816 0.06730946632826362 0.3663927400325456 0.001080587090536489 0.012768986489129275 0.5678281949179994 0.7949312511578167 0.4381933740540236 0.9606336691201864 0.472642853506391
0.2636568910809248 0.6805822253657644 0.08416321614027278 0.7851371876311571 0.49856013222691065 0.8216866100465002 0.6418215937318157 0.22963772286899475 0.40327874155154153 0.23455288194917434
0.25361006386988716 0.9703602350849049 0.23898482583182024 0.6584190247306047 0.8365201778734579 0.2817045378747426 0.1475041610193294 0.9989918051259044 0.530939530631253 0.10693972196993207
0.23522727195723847 0.6393222940659045 0.37121437937660684 0.7948615047178971 0.9519740930868824 0.8013489805384689 0.9857998159266278 0.6877914317373174 0.2968247310425709 0.7725924720755235
0.9259053349143329 0.6493279533571797 0.46203120411382337 0.6181492469305457 0.31626955968769144 0.06654759884947936 0.8864758029893954 0.33504609315178047 0.39767479249973225 0.3388935868907407
0.3317441504404135 0.27418160474410225 0.1880386797703395 0.3747789878175344 0.5167317371859133 0.05449399095913443 0.9273965073537765 0.15696974200051794 0.05080505967667648 0.124659544574792
0.19181452287879863 0.009102180863893583 0.890889338787462 0.5895397431361972 0.5622510749510181 0.7982293135540353 0.3144569578418426 0.9117588818669299 0.5166091414884897 0.9420782448730532
0.44824192922906236 0.6232085520379355 0.7766999188176762 0.7547409719968599 0.7216072967189272 0.23693918562329686 0.6865643624285466 0.3608093841525053 0.22384439053758798 0.13681279271698676
0.324575361375978 0.13550452778944821 0.8362835756017749 0.34045533966514885 0.9589706459579339 0.3871393845882747 0.182948624759659 0.6804610442135922 0.14494230914476358 0.7882932130826295
0.8975876513836359 0.1294651826566463 0.23113590180716925 0.883364552574555 0.44026565923852523 0.706615918931659 0.2943883837326816 0.8527095784232629 0.7133048131209931 0.6461394897575995
0.5537608794177831 0.5973608127409202 0.024210706704298035 0.28310782654541833 0.12839857382636743 0.12336076723374123 0.5223237903386132 0.4171808307146133 0.5984770380812029 0.1510339137257426
0.09628732895440983 0.7520104566007724 0.20447035299084027 0.8520597988016462 0.8610242107937937 0.37615724687955854 0.6772032385377107 0.6259984134698757 0.7857670801438861 0.15078425943902507
0.6296260164873462 0.8679590770086476 0.7187874012942993 0.30005725961371343 0.16097755661793256 0.7503920282007834 0.04982071140708255 0.4620943280052794 0.8249780999694943 0.14452201792747343
0.517787144145506 0.951472025906633 0.3959204785311231 0.940731351857299 0.21925742458918263 0.008708818608168523 0.9300044171960791 0.19223957230958444 0.7022164392834391 0.36781157835118206
0.4639857411298002 0.7027155822792617 0.14002811524807568 0.5598840971263611 0.31918854236852967 0.905997469037158 0.9721063705791624 0.9889607343357916 0.3861547712811889 0.14488392563608776
0.07064920446362044 0.965643173411605 0.9536826691121539 0.7460006053847262 0.44689380437403814 0.5647811869122817 0.6157316358755411 0.6090335165841975 0.7457029623620104 0.38535321550297874
0.5406482768283453 0.3811608944518097 0.29389360894938477 0.03386626372056112 0.9193938829070847 0.6713037416941938 0.2655709005405046 0.42700875855617615 0.7229315736898205 0.17385466033576757
0.6068320708359851 0.814954113919907 0.9936563565210217 0.017833274646492647 0.7225562033554666 0.7636267055763011 0.771729512084511 0.13495591375794713 0.5695975319430995 0.2024060553772954
0.41440364213381187 0.9488961801228767 0.7235515740932965 0.04315936977954682 0.5049028167889492 0.22805185948267126 0.19036457323514944 0.8071559538211935 0.7671476508254546 0.5154232831339632
0.21940889067029568 0.15833191644255795 0.403592261261028 0.15174661806486267 0.14124798500256375 0.23453710544096484 0.05566664731151849 0.5418150191490295 0.30116654769214724 0.19281022309685147
0.14979431195801218 0.9789597293326797 0.48864273769624156 0.44039281501526284 0.7366817315047314 0.038951939416440484 0.8732911253882121 0.6101057021916088 0.057552696444643 0.28212545739386297
0.3494063647354805 0.4568769249827277 0.9782272940407153 0.7613094072160907 0.36408943361467794 0.5016230678293144 0.1204216948222484 0.6231991739995277 0.7580396508838576 0.4293505694947478
0.9893714781294238 0.912082443365268 0.8834471318575049 0.9602575981481312 0.6478578667058954 0.5373772945395164 0.2800223430767149 0.1557811629944409 0.5189429669411899 0.25022701085018817
0.48805039811229944 0.8959477035921348 0.7131960952368821 0.38943663372111215 0.1564597996464816 0.5700504114516785 0.8709205982755167 0.10332424079699609 0.4642466166040621 0.8595895538089754
0.8858665187965735 0.7315998414697448 0.015196825442903794 0.8605770056210185 0.03414146261984863 0.0401734351690628 0.7887006540814884 0.691719625570151 0.9705082095571388 0.041832719048263134
0.4335552420937674 0.16566061308901914 0.7739844259307104 0.20702051976772862 0.17700249348309238 0.06237166368313951 0.7256363259973857 0.9714802472967597 0.8878510758247339 0.03695328296321221
0.7836847704973525 0.5813278797808702 0.3803831895906029 0.2185140886539304 0.7845185463651857 0.4811468364168783 0.8748478599298114 0.11246455959424417 0.24293661954881118 0.6469920055872816
0.6406945950919374 0.5054743207174582 0.250917309049009 0.4937279048740709 0.2403022248837242 0.6905064862386907 0.3814390401301957 0.24491512693040662 0.46380981421862266 0.47875616575318913
0.6923540170173526 0.9434981701818683 0.9997579528127366 0.14598492171391975 0.8950423632492402 0.6028370471025746 0.12159998884215972 0.6726564570318807 0.5035514268147735 0.3501636473829175
0.18674490028319335 0.38044317958915685 0.3121507871822903 0.7983336309247612 0.5426443816447826 0.3420873143776032 0.8627106102413115 0.29678301366233417 0.5135389884760745 0.7472643459089034
0.6580376017750806 0.15888786759038143 0.5018292345892376 0.7440102221416232 0.753278537840658 0.4404650443354817 0.8796392549248934 0.14343867987363113 0.014729315694315015 0.35294004411452196
0.2689923151489706 0.7748880715054005 0.7738625903674695 0.9347481139218484 0.013118769382264528 0.20930204369197147 0.8241147338927596 0.1758231516227985 0.12676899360179572 0.030561718686587525
0.7089485316469216 0.39256804286404323 0.7800050280128599 0.827651892689194 0.03193552801418231 0.2844897696486014 0.4177963093630186 0.6049569288937987 0.08307761569754879 0.7687205890773852
0.9468466508298216 0.3636469134472238 0.4203143991549142 0.3849367965420729 0.03143104102443928 0.19402819054881637 0.17113975641124135 0.7907248425373649 0.43162210833105796 0.3368965504883463
0.7264768914206249 0.6262339954881 0.4901383945374025 0.321345619799286 0.18743835070505577 0.8169937401340661 0.3281471904937836 0.4671467998504968 0.39532360389560195 0.20506302971046875
0.04570721244761078 0.7517312237737309 0.6261836312846456 0.25121793664908587 0.23913713034824446 0.2849684579122156 0.06350853908815968 0.4346727998972725 0.44544813235535186 0.40935055633742534
0.97607026659384 0.8918693757439095 0.7030798792221497 0.7488539728471687 0.12268005979798502 0.7821576456660108 0.2785309327849844 0.36666642968172647 0.28159567430824417 0.8457305807484419
0.750076483129658 0.5601292882319924 0.9595408555707186 0.6279645593795973 0.06261718916352921 0.7206604994385675 0.27377559296183507 0.8843562997112961 0.8718052436609519 0.11708692304490642
0.7203827573862301 0.7515356090532663 0.4809447537636896 0.4227292599928413 0.04291249144533571 0.3723733084337022 0.9407654414828941 0.2997463870062135 0.6977531668243331 0.7969917559164965
0.4300200109477975 0.378660573158183 0.4760737409449506 0.14652501339921642 0.8639572238504148 0.5266483766638053 0.6869088563980116 0.2227647476576825 0.788074294908137 0.3850970210197203
0.9319353004236016 0.9743668296844512 0.00615366520712235 0.7750889182300172 0.9097137508357132 0.48908269922096637 0.06444084592323485 0.7188923774726526 0.87564765394873 0.471518744795005
0.6679215799230409 0.5061995672968258 0.35363675147658435 0.4872160049300559 0.340008282543641 0.44576728809455324 0.4463795796054508 0.6063811999740042 0.15354683547765136 0.6862802710199866
0.6235059378887194 0.4643898718112768 0.15890704768317032 0.7646705795401261 0.18019676397060824 0.1712206626745355 0.2140209015983292 0.3457907272276233 0.6536753951388157 0.9482694994924958
0.28158502209596803 0.9542524147561796 0.36093092384290326 0.8485310589962825 0.9002446146303529 0.3674067342851587 0.8782607400529845 0.4249242487042265 0.4594285024450505 0.7378554693363905
0.7216959351145817 0.751577313117775 0.11160549776780859 0.444547850459835 0.7070999450743988 0.774177218640326 0.6410849535095191 0.13343042727000687 0.46970724887804405 0.5680273189867576
0.3750848473895596 0.40178232762549315 0.4050954212988176 0.7162460462133713 0.2706434560646169 0.10478203845928924 0.8570607295744148 0.6855784646402153 0.6400508441732209 0.31851580941421165
0.7225935942152193 0.7735818019475421 0.587829565455632 0.5805520437104178 0.7701271878268537 0.928485041867144 0.12389399608885654 0.1473700045246351 0.874458567031935 0.5018115645760977
0.09037043534459033 0.6573451127151178 0.06021898863480457 0.7838929670594078 0.4936610601866297 0.7686574900174655 0.7154956357289362 0.9936915416356951 0.5686865565722924 0.05340406347482918
0.5881847319004819 0.24688752756558163 0.9188438024341858 0.6723589968689768 0.20988131777189178 0.9099764447845079 0.3730665691116669 0.12924081415847533 0.20558860203063156 0.6631611232855037
0.7804787350674228 0.7090093549647699 0.5422558448931665 0.5411117561683918 0.8234810872730611 0.04162891116256373 0.14513018241918563 0.19820663586405096 0.07171424286448791 0.6008984721563685
0.46813471482014835 0.6536550341463127 0.9221920631926663 0.8473643004315106 0.5429615327195245 0.8119430748468971 0.775001081344465 0.15499327869371438 0.7512950511904012 0.12533227630109411
0.7793135915117968 0.62320040187376 0.06555724275558295 0.8676794684328897 0.7510627700593016 0.36898743633925546 0.7857935676997069 0.6226360617414058 0.41148091124621766 0.9183636845450115
0.8637941194194777 0.7543235513282621 0.9248020949484353 0.8718844380028816 0.7502719825800402 0.8248712298507289 0.8237834257968542 0.10605601850096413 0.3268964960763783 0.15074116518325176
0.8032996692299668 0.39052087485166 0.8922063441774156 0.9485546312247038 0.5351180277144995 0.4503502617612114 0.35890358985629855 0.8111729166657564 0.611061265986734 0.18343569789929937
0.7897564042992887 0.5760751624380146 0.957119227172689 0.9548849932082469 0.1503150081122402 6.140906089916465E-4 0.5776697750635917 0.6334921392705886 0.6888714181450697 0.04252027020492699
0.2868222888049713 0.30976496162192335 0.667570836874947 0.9590643260348757 0.1629982962685732 0.44065808289283404 0.26330842553304235 0.8845752632345029 0.8232151680555848 0.5030731244204208
0.3330222710226681 0.023553074841845323 0.2551404524622348 0.10635160196360605 0.3952195188971147 0.10540152048706286 0.8678362638130601 0.9134010325725842 0.6180494648653501 0.2868472690024447
0.6262142333621871 0.6507575200020437 0.8239640708103123 0.2594000160893041 0.6195735475077543 0.9498033532962974 0.5219823467948178 0.9217471937076482 0.18119571441743232 0.7545215116673525
0.7608024339590171 0.6107664209779997 0.7238217799690333 0.5555830411385942 0.15948109905210783 0.5498772977770641 0.7849387157103537 0.7662278758232279 0.8171271682812518 0.8697438513524
0.3861537711038835 0.1423131353166902 0.9290322772315094 0.28387748428656145 0.702536752691554 0.26706719155803194 0.8438880921261732 0.2604795910604851 0.21066205841653673 0.7705020142905994
0.9852168756917075 0.3219019480085974 0.9381835895745524 0.13410023550861572 0.5298674729183984 0.9243922975834455 0.17312738411398854 0.6433074968506531 0.9874067232755159 0.22333109516620497
0.007688516227536191 0.2935243637470383 0.8564616169314215 0.9129553407407063 0.389169877430414 0.22970694106555278 0.3475452249359511 0.24460312780817806 0.9298026966420789 0.6053484460054274
0.7566249277845852 0.273803268067609 0.5875395528833582 0.5835287974294954 0.44966891562651956 0.36407170002434686 0.4715127619700883 0.5708828907743597 0.5756329391370278 0.9840670385374882
0.4487021130510961 0.6747524918825246 0.5638259538121815 0.874795431096354 0.9324579589559889 0.804450781994784 0.18132032413784005 0.7348446087983218 0.21887656972648728 0.7994824750222564
0.42704780489202476 0.6741660329801142 0.0036271385141157797 0.46072655412015195 0.8214504094575973 0.8207129382787876 0.25968050067336823 0.3850029183003574 0.714030502660432 0.6292809489740753
0.48549167921148306 0.059108114510072585 0.07587211450411424 0.6381878408717122 0.4435398209192575 0.7563191542922504 0.8701814336239719 0.6469668362863708 0.9007307570657765 0.3965292646152514
0.501120865999329 0.5470378911107756 0.5550186101389327 0.680592289679358 0.029688397379245557 0.3273602736427199 0.28670510857279785 0.49011800854006027 0.8151195351800334 0.09835832826072055
0.10822588251323728 0.7558729911748109 0.9912665823951149 0.32995185528481163 0.702835705823788 0.7411074588814702 0.7196357913371658 0.8833117548327943 0.24045510138799442 0.9605409698894812
0.4742402029539644 0.8309997470272237 0.23804325965886175 0.7614053680149494 0.7081519413081223 0.5064414164834818 0.5922129153354555 0.92985620162217 0.12761477187154857 0.7012193649115139
0.5534051708826563 0.5542287041534124 0.45680379019783635 0.43746359903793586 0.3337932383181257 0.7760282521086154 0.01479641947394894 0.2826548870470862 0.24518595724713332 0.9902092034922776
0.6460443917774059 0.7454451605641622 0.7485532027114562 0.5182099309776669 0.5466143303087442 0.8936395497501087 0.5633974856549954 0.7703766083393608 0.31068935049588686 0.9692725628760113
0.033046668300993454 0.43882141248129325 0.08530277512413864 0.4407501330962864 0.27104519375084923 0.3174255299932437 0.06599952120229191 0.6283189195799342 0.2241721959900832 0.9326113373194129
0.6920988170437353 0.7666626242516654 0.6792166676064784 0.28667201296949263 0.8074577461616711 0.12721461293027037 0.41349132579591374 0.6648608324605383 0.741111863996894 0.6128148734792044
0.14316866280981078 0.63810676006791 0.7318955723198614 0.05862861500621286 0.6588734941752888 0.10513692602631874 0.3721217349282282 0.3257827468975535 0.554569032521491 0.4609502976680693
0.7776263276304589 0.15796587921070537 0.25362384003984817 0.7530014953066524 0.00496080834915158 0.6862757175496447 0.6150495529510959 0.992117167406185 0.8312408346747306 0.4138878854503516
0.2632502717550288 0.622082068511256 0.38813734543812317 0.4896584957150817 0.9262261768721277 0.5199950271175995 0.29872196902466375 0.0885619210634282 0.4900258582179714 0.7989106406761067
0.904355355086826 0.7569047964861267 0.1813426683749213 0.11494468176490913 0.8885341841176769 0.6515456965673436 0.27550289395692074 0.14293690628703137 0.10558795153789502 0.7048893910558549
0.9936941569271792 0.37792794796555673 0.7043446943809318 0.8812135264931473 0.8011349174141633 0.44412183807085714 0.7003601308049768 0.8549247558051125 0.14698670550230286 0.6486688587488497
0.9950319093825449 0.637630130486045 0.7971628460905376 0.6045184093971733 0.46589717891325544 0.9084488307152967 0.3027889614586571 0.3647550451010061 0.15963787780286443 0.06077857551216981
0.8199214853618139 0.6602450693661501 0.8077951820436107 0.26876956789424433 0.450232782142059 0.5130851809077983 0.8549208629943353 0.19804840689998515 0.5077228056129827 0.7102587009702407
0.9398696951563525 0.3377731766230181 0.633118136484826 0.3650689180714636 0.3031642054260876 0.3148902431874071 0.4754720284339089 0.06833318549527112 0.9068388082096976 0.9665018127661026
0.7395793906405139 0.9369855634899008 0.1478977651451241 0.3925432177791506 0.7581729984787761 0.2046496255459127 0.9224971359355092 0.6885071346650619 0.38946873341309496 0.8669074999917282
0.4551883156170836 0.5667413710220335 0.9634787252705883 0.29340472984065136 0.7460365158020507 0.6148861364598409 0.20461324602267672 0.6495951319064444 0.7081548319011631 0.5113052639440331
0.5434438919281178 0.4328435835245996 0.06917021579775717 0.11990525627467141 0.9971015731321905 0.42076888797668865 0.8923654394029495 0.020525192936311387 0.8456350437332122 0.8541227781540476
0.1367163398082254 0.6961190882563758 0.6607568263370197 0.7321652485563601 0.019771586180133638 0.2942420456560063 0.8537550523501741 0.6854106242899954 0.07329718006636232 0.6078900013758363
0.8009516099867701 0.008782516066103252 0.6888364062105317 0.6795322593853899 0.7779379038912534 0.08763018988656568 0.6388103907124106 0.22221497162867931 0.3879217632882501 0.6297227815598613
0.5285129483560985 0.8729029444769342 0.904870235276611 0.8282518054551531 0.38532845627230594 0.14576566977562155 0.968734641503639 0.8240365141791605 0.6237288733539054 0.8369035670646588
0.3678957639403432 0.6095410548616902 0.4380826047625672 0.5470482081160772 0.2230687313585854 0.8229755632471524 0.2700336586462184 0.9350604399358182 0.7472587894617636 0.7176686617698889
0.37318746786682255 0.29258881940346904 0.8979602670120219 0.9600613946598519 0.6550647718196184 0.03904002086252756 0.660643262350822 0.8090883725442233 0.9147627794532013 0.7760516851313288
0.40667355974605224 0.6603742395678851 0.31448878541007175 0.6119477664762886 0.7541633228953748 0.9005891636691262 0.4241080199969245 0.5691949553306329 0.6268510579049849 0.5104699248521251
0.4600740354049254 0.02166813120308031 0.7539619021567319 0.879428060762681 0.40358691657551415 0.2735716315928719 0.6830994404599359 0.850330219848718 0.5275505950330603 0.5881526456064893
0.48857344448339035 0.09994975568024789 0.4878774005271468 0.20188124370059213 0.7491679916960737 0.5787532527600432 0.5419145312526238 0.11856182011873939 0.042207023254411946 0.883099182126438
0.6452436716692534 0.7678785370944945 0.15487553804718768 0.11359000257046237 0.1478316865363537 0.934167354021678 0.4491060954868704 0.9852336460528077 0.5614863362463408 0.7137457497593359
0.3329421573217485 0.6982333379470144 0.40279837804700913 0.6429207756371896 0.589141189370567 0.35264024657658877 0.4292272004489073 0.5538343604815941 0.3908818593887574 0.4957656759991378
0.6807142642535012 0.1615949861385113 0.19479174801269972 0.7281653997646687 0.6151846792218506 0.8636827455001101 0.34311267953555 0.16217157591538267 0.2835243314959822 0.7414046913808928
0.12967346070858565 0.9263621190617477 0.9280961563350825 0.29321603528460227 0.2884402271036586 0.8400216309238401 0.6085857944428719 0.0010120824043651222 0.3487671038554475 0.8435618572563066
0.4599436652166752 0.43303430298945866 0.06807095925154594 0.7640336383181213 0.9694165276719515 0.220824084283186 0.20050540908987813 0.5192767947313104 0.22313896575093817 0.9126952943613194
0.18931164713340898 0.9199176568647763 0.41748085957140724 0.402487347710213 0.9808740180188955 0.815339043617155 0.056324319486525054 0.35989821062746385 0.050110998869058565 0.4479107301683065
0.1626694724528236 0.8474871465285808 0.899682929366497 0.5291827345501696 0.5214454035354141 0.09947450827435322 0.7495998842423339 0.7324081460799837 0.4401291879179452 0.2587567355785404
0.8691645202573621 0.00767567172101713 0.7647521366166438 0.7210920707811552 0.019786237261767536 0.36909685426443606 0.9210992398101757 0.6192029371910688 0.7750545400090364 0.5779062919483094
0.5643843418133853 0.8945790365925619 0.06356120818082656 0.45099769594337635 0.015410059661790987 0.3510547714664266 0.14031224011062937 0.36133263581351904 0.037197892837360524 0.06177357134050543
0.3341723654399662 0.8648225671193339 0.6633009609009998 0.509940801811723 0.341635941901812 0.287699312461665 0.7274878287849356 0.8838056376310844 0.5413205563807256 0.5390527744179928
0.46421287338969774 0.017602018326247415 0.7889301087726011 0.37512883082772863 0.0502648813910197 0.5727172217696562 0.41903657737138633 0.8351448017095461 0.24021250710546838 0.18714601246501472
0.7278806788831281 0.5927932863438555 0.3117412813669117 0.48632725700492596 0.040493763005524985 0.5232697988017327 0.3817039996811279 0.044749004798961156 0.5757941068256948 0.872573245273878
0.7796823399822874 0.6152471885749258 0.714913010091433 0.03399300291438656 0.5730845085717551 0.20171181457836296 0.9508572353067594 0.08610934634363743 0.5262800971605635 0.8409539938304192
0.7517161747303762 0.9272993520740997 0.7459998845188902 0.28077614665340445 0.80497348252406 0.05365336495609141 0.016205033058932727 0.0938263121459838 0.6270844252568943 0.7703715830952154
0.3578565816080379 0.15060739621717323 0.3203322055461979 0.901124863156715 0.6624924100737868 0.790050356333273 0.3380774520862124 0.8655268274165948 0.3432463652722526 0.4723501159570107
0.4798670606460137 0.3317796118446361 0.8229192347922424 0.1763015955428382 0.9794701246925421 0.5197185264515937 0.3359396978664615 0.3121625323440117 0.47175984091546985 0.6288960946595269
0.959528175862486 0.46110869510449837 0.8284625936208934 0.7970090464213432 0.009104325912397515 0.8236363674053102 0.33814596229065874 0.45588630239143646 0.9339548221844273 0.8618057107432157
0.4724201818870146 0.9454202241107036 0.6314050603975073 0.25400807703746275 0.5281778175443301 0.7702371496953272 0.6612143268207326 0.9459790002687265 0.7647993244384046 0.9395673054733714
0.18664144559106266 0.7780679484700807 0.26560240034255655 0.41768865590227233 0.5946037390733399 0.8963149470334312 0.6444158329757854 0.8304827858191918 0.6545789426823869 0.9136730412781534
0.8910091730537684 0.22305519935733908 0.7643764352039781 0.577754861399244 0.1032116181481123 0.844036723646664 0.3006304354631376 0.5227705561132461 0.5889048262759388 0.6440961435383054
0.34284462986882724 0.5358632513654582 0.8376762134757346 0.41935919493808627 0.07204398983235982 0.6518376081014305 0.15977061319750607 0.30484194321955804 0.9585664458010635 0.30531571683961345
0.3690794788839423 0.6286716909483243 0.44825323476199475 0.7156438028136207 0.7472593016385858 0.9747820959905473 0.23227372497710697 0.657412636351682 0.6676712992102911 0.6699331933598772
0.3430466317776878 0.7782427184160413 0.6806870171061274 0.8103212634599817 0.2571967086230249 0.6655252657720105 0.5660051100533559 0.37370767768115964 0.9062117100199358 0.9350987887640457
0.8429771761717594 0.9249094729697217 0.9964420300672289 0.7173797845339809 0.4965410141722427 0.9156589650251881 0.32231083941422234 0.05025560909062943 0.22421211878210512 0.6042532233384574
0.8200802148511473 0.8530863634072442 0.33868508983650936 0.1760792037590152 0.9542444476518256 0.35245191318369284 0.5709489012028354 0.7330130254795173 0.6545987521243973 0.05781887127887919
0.4104207809956959 0.43785741525115895 0.4292581119489195 0.6440917875957836 0.29145562561603955 0.24939429827044002 0.46737726701226623 0.3880518256017509 0.8896890526245 0.36429413933821053
0.5150498559687445 0.12697488749263341 0.027024209278636357 0.6940375006959468 0.058840910136091384 0.0602607180574799 0.2006731340575757 0.44816853178148364 0.8836336581913751 0.09869328673944655
0.5495163492410193 0.16961375754027153 0.38494811399473694 0.8809918209044012 0.1501444517136018 0.3734642250063689 0.11061555426992364 0.023601062107379556 0.8952983992691405 0.2775323886417088
0.8826692421696896 0.6472081494503058 0.8490256857813078 0.9811599989214519 0.507538853747771 0.7322629238242039 0.8957218032105183 0.848166427621983 0.521112064995135 0.39581723163492555
0.7043275895200077 0.7804918040780593 0.634953937254249 0.753287969999852 0.5143050920200192 0.5310025922573646 0.5509504609956656 0.6312875613276325 0.016615334383974667 0.1970920871097397
0.5938700262712935 0.031455108118833675 0.6507739024213806 0.5611216210407798 0.17481273221839932 0.9102594831828615 0.9681610568761098 0.9994129085582832 0.44324398180656355 0.536036094470354
0.3221150318709072 0.268415624366358 0.6112854782767428 0.4120569013709863 0.0369386460117207 0.5948388700810111 0.3411633676033494 0.5132227123563801 0.38080096544756825 0.14594835743508106
0.2751896034970931 0.3740064317450891 0.1216171120217372 0.13689643800348428 0.2573794079174738 0.3865640026955818 0.18034116500740438 0.5438648770484622 0.04678429022700392 0.5204695776480698
0.9127086124290805 0.6349655088490125 0.35484623357589984 0.5593202690290715 0.8483160272352553 0.3052567948627274 0.8525557883675907 0.8644947500862087 0.29502766239202927 0.5078997516550463
0.38792297766982486 0.6226395395778695 0.07705016601016301 0.9103892390931342 0.030246667924186954 0.5109950477497565 0.8166175532942352 0.2729619526874443 0.7148944812976241 0.7234633499190511
0.5920812013889436 0.9456959533077416 0.20078210896654425 0.340358267429379 0.5093002755072334 0.31148041307495977 0.7724671632598414 0.09606744697411573 0.7085799134121604 0.9639488454659411
0.6197494792896144 0.7013952316723825 0.5960062896800636 0.9026328857452592 0.10989629840933035 0.01114430022827484 0.6358786210398247 0.05200769313474218 0.23108728987847071 0.4925327775676759
0.8700404052289464 0.9667641692400429 0.33040086367797084 0.6463331326329101 0.4402634581565409 0.6725572642618629 0.895639994535242 0.2601575307563019 0.7814396558962151 0.2096437330318709
0.537522159230163 0.6321041112407373 0.8261872951947153 0.5962368665346196 0.5172345822105848 0.19301699482100565 0.5155800941531171 0.6090692907545876 0.13408262453484232 0.2769027154997311
0.14605909007425433 0.9905697560670207 0.03893561466208417 0.14158383428251342 0.599188088841884 0.43522316535652783 0.07140098975099385 0.7254606326827049 0.2987663797544651 0.9820977835225099
0.5321345015199137 0.041289859004249974 0.8189127274567182 0.24618704221343035 0.8964199363492499 0.5541793697419546 0.42708676315181404 0.25812792610379787 0.8511297026350498 0.3685359086081309
0.48761561526424957 0.550021738143404 0.1944027128383513 0.5574929534175994 0.574144796146611 0.5244969701363219 0.5758538360548852 0.5083838839328378 0.3435340542649242 0.07481839447415994
0.2748548124638349 0.7291157961303228 0.7090707082258182 0.885760433883226 0.21540386741147544 0.16283704218082806 0.6174740804603902 0.8381267162764707 0.19832694268088746 0.6920821069377264
0.7820168175926699 0.4642120623736262 0.8950309923666145 0.17861504865464362 0.0531895882975042 0.45716719490529656 0.49175565403904875 0.08148308154719108 0.7186882852583004 0.8241401850477309
0.9992461867332966 0.4233298644758702 0.9161035513674459 0.39123322653517933 0.14999788063244934 0.6338080196964614 0.5145441818036122 0.0177270519337428 0.49369755163002127 0.5889687024169898
0.2755280823206244 0.057689296421543856 0.7712153499713301 0.9867957603570393 0.8388251720504569 0.318997610523466 0.8984760764880123 0.051590480416764506 0.09553894619509351 0.012971745071537422
0.9237656732220738 0.44370262032450647 0.8085642905192612 0.9622237124016747 0.13550588021258092 0.16614180374372012 0.919661411680189 0.6399981444950127 0.09225564898840322 0.2058930403863456
0.8427366733279122 0.45119024904907057 0.7226750094263197 0.6252988383231418 0.1845230917660109 0.033391644257095066 0.8004137629443286 0.8276592959947342 0.7567047715631025 0.2557293176325942
0.03736336818542019 0.7612413818636325 0.4476306359487191 0.02392650176745259 0.7584376325583385 0.8971764244808187 0.50711533646204 0.9619286107291118 0.6220238059427361 0.9192652792318072
0.06442584348588043 0.5336010894724854 0.13247270121657806 0.19749861397922996 0.24740415754334133 0.19242058528166017 0.7544726177739193 0.2821393769524677 0.09977824613635078 0.7027445114291657
0.2838787430977977 0.851503466869671 0.604064955783723 0.8631582098535004 0.7555459530268265 0.774113513460117 0.5090695138120915 0.480563218784293 0.5759400137212389 0.20469013703518024
0.33383888236588455 0.5930839125343871 0.7567779617274335 0.9234835090111609 0.8740267986316298 0.6205338981989273 0.09567573418010689 0.4497378207991215 0.7719805110041389 0.3330978936427519
0.9007573462658053 0.8126196295309122 0.22846060177056204 0.27204855335518674 0.38840657261844536 0.24673069769805644 0.7317566924167963 0.5307318220811834 0.19681830415755197 0.4943645851622941
0.7590637347064243 0.6097185825763956 0.552734101536707 0.8429555848857118 0.7653347326465645 0.3969345041719934 0.5047221345235494 0.5037074856362953 0.4164276819596473 0.19174357153209165
0.2935888721320917 0.4461787515024831 0.9462158987195198 0.0913755959843151 0.3689860677780572 0.3436399249897796 0.7214323632332158 0.9887513730908828 0.7810036148723687 0.8553077917272419
0.5833705717828829 0.892673582901077 0.6765148982640201 0.07410034207922123 0.3021656840091338 0.2745156328769143 0.4122679153144123 0.6023451295057556 0.5272313268836346 0.6699543731087773
0.3601925530203899 0.3829131646920978 0.9465292524839277 0.8199569973168105 0.8251202410668155 0.10953923993700143 0.9777001775718196 0.2221465871973728 0.6210890497603839 0.7676287123411561
0.20568621231703232 0.08183418508459672 0.7596341084920678 0.6156398697390435 0.9543262570399924 0.30142019602701164 0.3919394929577804 0.7071702239822512 0.8335077851411308 0.3275313896994596
0.6164541532889509 0.8751635280402654 0.8388100026192996 0.38717408986002255 0.014551492442737013 0.9521944253252298 0.5971743754507445 0.8873480377216618 0.80903852847219 0.8845754777635662
0.6499905996313922 0.5269795810921785 0.3537967369828242 0.313071517690821 0.24408792867569074 0.975697198938115 0.25756410169517197 0.13929440199176313 0.9614721479196326 0.8108854459333911
0.8208435766373348 0.5743910999405513 0.6602515217155775 0.7726190827648594 0.6221503017380609 0.17542626615445234 0.6220455529279518 0.29549121679920753 0.028286338909980224 0.4149004344238686
0.5052723477507276 0.7070155223771831 0.12305809355770347 0.4001332151484447 0.6890619846304294 0.44419460643475017 0.04982816543281243 0.4617806669492436 0.8591446781027302 0.1330121564661103
0.04552041600939405 0.4645441081884124 0.23491422817711838 0.40001978298305074 0.5071728930408019 0.858168119528585 0.6659687021896944 0.8408539940651548 0.27686010715147336 0.6831127912701882
0.9367821346376378 0.6574321609525818 0.9567831161472016 0.9728261839453545 0.009761820898818274 0.09374122880826186 0.4735516884957365 0.2533303151625774 0.6097986670714078 0.9495463900430352
0.2991599319273849 0.13087443570681656 0.5075182273661235 0.13201102531573505 0.7058832938849431 0.2796974744816092 0.09379242993108483 0.41713370597304833 0.1833009464277422 0.49448111482899726
0.35467356655280946 0.33607176408946293 0.6778748982935688 0.8558638087078608 0.15376316957749014 0.3758347962777083 0.6289928701217703 0.4724251981340176 0.8081304554540079 0.4894962201228825
0.8701092439918002 0.7088393736455555 0.3042464542875565 0.2479844271759194 0.33959466263175064 0.2874345149821783 0.14200123064630177 0.8336793196913842 0.20313137349975074 0.15918555084393926
0.717723716059781 0.4754542601469456 0.4279678904142761 0.5802056766330466 0.3612244426172677 0.8554673454093705 0.06907362125731875 0.40109100231396033 0.627234033962062 0.47991990315053934
0.5282100112588636 0.17901274054449856 0.20821088988869718 0.9991645096911528 0.8291616232593757 0.3562392690287546 0.8833437444688614 0.9869584984700971 0.5158473462554607 0.4138102680452591
0.24767594334475818 0.7443231781060322 0.12475805502067494 0.60537397897993 0.5756302361808283 0.28038321248821807 0.3091437883562079 0.6037373167102822 0.06481390162268552 0.7407241023490039
0.5996003202218413 0.15146826013570103 0.8788361708360168 0.2032207431095927 0.47418124077746604 0.5969285846680584 0.861971060922038 0.9419528325587213 0.8808881478921917 0.018404137808351373
0.5338503762471257 0.9717382175911773 0.6063686017772697 0.49153895759654986 0.988973515761591 0.9289784675384857 0.9168776110533927 0.9390686980415904 0.6236716307221524 0.11892541023006686
0.7110349686792525 0.9168876234827744 0.19226599406029243 0.8651412776903431 0.018637845054667146 0.6367728188770234 0.5545115175476608 0.13383921146256672 0.05576373611717256 0.5036280580568034
0.6180179293358684 0.7739551282500591 0.20362644953233555 0.4538989903399805 0.40219294907166747 0.6132156445255247 0.21712347743792026 0.42185026204203313 0.8543531702550498 0.0811311258743429
0.6887400831924037 0.33168439008237394 0.03399998017180139 0.9917566965095514 0.2944522618853982 0.11602117315288285 0.5478593589656555 0.6122287216418951 0.6304964216134942 0.3950454151478624
0.6661359353288345 0.16749732701041564 0.5133513486572158 0.6156699692579064 0.37953349020321236 0.48734059666210483 0.46000359238806554 0.64635006776499 0.7669453126290467 0.5886595114263086
0.6915445304769801 0.05072399937495653 0.43531957084363637 0.6042171833733572 0.4103736526799844 0.522044164665581 0.4660563771568137 0.618399285604294 0.2897595520618643 0.250401902454195
0.25639495894988296 0.6512378118264527 0.08423597764723689 0.31603798390089555 0.8796003317839736 0.2438531049912548 0.020287749468364424 0.5545703584207449 0.10436148824860525 0.8416339838578112
0.15900708755494242 0.723759355905729 0.011663314715690043 0.4458897308618086 0.23587807492560464 0.21647001070323668 0.22649744299466545 0.810371354666027 0.5775731024024194 0.010779462605673862
0.14212761098826676 0.7959740983395398 0.5716219586129068 0.025717697624039193 0.15622718206353603 0.3650969156236684 0.8220409123052127 0.5599176418903685 0.8610584092350166 0.09654899880440715
0.5624850304299538 0.03049055422917002 0.3339637992265998 0.032556996712992614 0.1182146473366027 0.8007315134020165 0.15979197682558088 0.13134126237067234 0.20914217556800285 0.487798592942453
0.5834820729348029 0.591892977298239 0.6684532892003475 0.7752986559067769 0.23888191997092723 0.8419984592927258 0.714771924578737 0.42075191321778493 0.22897710001624982 0.036220658899299374
0.26056600098859684 0.8441957871198568 0.9430595285592929 0.4974624111023809 0.8654667337055978 0.4117286791875018 0.8879653674242945 0.6538994361707877 0.8504013228705324 0.2865822052431316
0.9833645370391753 0.6724857613030147 0.7769151189212845 0.5103504550649612 0.22518430464223016 0.17089780834717494 0.965786325677937 0.7982934207343825 0.3566026065884398 0.10169785917121987
0.9800120578752315 0.38517070202320525 0.2026466760003568 0.14566125559930332 0.029472294916339514 0.14185120857575195 0.6222856289176479 0.7256262437442499 0.06805377965694048 0.09798292945027232
0.6110059523690805 0.05788885119959142 0.9487429105080676 0.4522965087494083 0.9472112836065486 0.495079929389861 0.3781734683376897 0.12965492270121115 0.9173890289344023 0.7826247755022747
0.5693411595197296 0.9527512636269901 0.07783789716776945 0.7503006980804419 0.42967370962385354 0.5363948026398878 0.7148523614642245 0.39107100577844756 0.8413717294914197 0.08361555292559308
0.6506109984837467 0.24128881583487405 0.09191237794770668 0.365355704169087 0.30861802933286553 0.46952753417676385 0.7948341882975924 0.29930622669558127 0.5003979391858994 0.10570926669130676
0.7043977858783681 0.7084850302076745 0.22424579026162972 0.39786623138737065 0.6724443463574139 0.0364432852342762 0.8771863701250556 0.37078469070628695 0.6217497410246918 0.023524420112811084
0.6728973444701791 0.27894452201541864 0.8173989953658253 0.607390243643708 0.7312033969875548 0.7955816781369758 0.9061824291703107 0.6010671266134635 0.2588491935715206 0.4603655331341041
0.16374102448235583 0.0230547522782234 0.4766113030635788 0.12009598790370202 0.14016564215276817 0.306578500668947 0.464410334257096 0.839990412637011 0.42698077125059386 0.9988558225588462
0.8939361332309164 0.03754370756803249 0.5819203958868138 0.9762863155716484 0.6974008517298247 0.3966094863102887 0.34262997488600033 0.6477635941240554 0.08138548164612902 0.45626396017651394
0.13640525587812358 0.09584681597217926 0.9363479882077106 0.6371783749275258 0.5503046883938759 0.6143182982676814 0.6152117548545801 0.8676398697314602 0.864449765804807 0.6406930219804327
0.25855552048786623 0.9020250473838624 0.9710530626697488 0.6535344951946195 0.3292768877328478 0.8864436216069398 0.00269094633567446 0.20697131558182236 0.7862031485534372 0.7194348177912909
0.7755646943201209 0.9085965471410622 0.3739753129662038 0.2800123669242396 0.7169693417190138 0.8119726532576651 0.8356317664661785 0.6510184504384028 0.29091750250990345 0.3912521872009136
0.46467070698926516 0.052660695446250294 0.06184076757536405 0.992964841830917 0.304970997152205 0.31927065620801465 0.44351843169370864 0.4188098255301227 0.4798034397523675 0.40173631424634093
0.8688600660646815 0.08333158812687369 0.5852654807218547 0.5587245690390227 0.5858942063076498 0.011646296308404969 0.81882449711093 0.6117249919872958 0.5362930442131285 0.7949253033624285
0.5302556199283524 0.8821086441103144 0.8049885311363632 0.5051309777027325 0.18011243812190958 0.20281116019672052 0.9429128494158157 0.4855393206994356 0.26996971199046926 0.7029124231498527
0.05962185167319489 0.8798727721452255 0.6690294764195797 0.9003000749122969 0.9585372633745313 0.7404059927857096 0.9032830437239946 0.005767005049734597 0.7447699564295591 0.5641959313238885
0.3962729126786061 0.24130842927219598 0.2739626394955673 0.1466270653266879 0.35460076744850566 0.40604692796065955 0.5303176472701175 0.7127513845621791 0.9766782830081362 0.8851289404444163
0.5229513598874489 0.3894422198165828 0.929820380483414 0.7900993382995128 0.5719438267850127 0.21516927931437024 0.5886304577354541 0.9436756897116485 0.9189286040388989 0.049242412440045125
0.3567304394352573 0.9775069218755018 0.44179411701709714 0.9386595042114012 0.5042387350479532 0.8984161935908508 0.8790449402383962 0.7282340736365248 0.34500132463963384 0.09679077804235192
0.3765973809071309 0.958466193956823 0.25043261843739595 0.9201966793303294 0.35826079258598276 0.38566034085292833 0.9509246934103317 0.6159594215093603 0.6908822533243099 0.7800822339988939
0.8111339722379218 0.6583664011024797 0.866109138196482 0.010485739154050266 0.2820577280316915 0.2193103534891334 0.45295014990264504 0.8071306806998427 0.5306622814546782 0.815607850214591
0.38879280781975134 0.010450504568120245 0.3269283328590158 0.9718901558468063 0.7712607785941692 0.5588185859371333 0.6285288964390502 0.0748785540948409 0.6892723346951979 0.9464006891654578
0.9449576770357078 0.46301967658844356 0.28888649549961976 0.3908700002967165 0.48577699605794344 0.19487102680323698 0.7080009111306947 0.49080059292486866 0.30175622974137206 0.8702903125074816
0.7336917906578956 0.7238441429820043 0.11302276993348603 0.3403970203100487 0.036962449777192874 0.7393333261096449 0.2849496025231726 0.1354378157658801 0.6218942081020346 0.03274522202590835
0.4603548886767308 0.9641023636200076 0.6896692718362606 0.25449620366999504 0.6856904871857131 0.6934996078771025 0.4626626207845591 0.10182978117096753 0.47924800856088334 0.805918561336556
0.6397753223142988 0.47009688715247844 0.18101272812025215 0.44666236314371965 0.06140963406651445 0.2985182730717456 0.09664658234551415 0.8266575505031356 0.8509615314182127 0.33555674466526797
0.4021840932200005 0.9242054501359844 0.7694338819108548 0.8703167575362648 0.5113754752059188 0.1421557053594068 0.7707492892615128 0.3289275306443322 0.6242137450094096 0.8199469858135903
0.777568773407665 0.51865508918453 0.4730334563134093 0.2743733323871983 0.5108985114145927 0.2175276995071691 0.8616707302650403 0.34859857516470205 0.8014938635538034 0.7535479924298079
0.4535257297445747 0.2858562295718179 0.1870462252152585 0.19510467100601747 0.40596981013088485 0.1124349321709256 0.7563648620220736 0.7829849932799462 0.8713921042565148 0.6139650530646218
0.14024234063776653 0.27442910059685954 0.0892808074447009 0.41968476044611025 0.2684190871418599 0.940955643117299 0.7790866601322814 0.6712791322277006 0.01303857288934962 0.06422764399949354
0.81021766661836 0.2460489775989404 0.12121195414323771 0.908016369032992 0.6733652369620491 0.5285807966215441 0.9027867260470749 0.30936030651789315 0.10646376786721823 0.2807528032282428
0.9841412080289498 0.22830488668519622 0.33893742757869494 0.24682659514622218 0.06480284879639198 0.8231485757234882 0.809489147239129 0.7485375636329672 0.020914989315158228 0.8769086965216555
0.8855385302953819 0.6745114783475251 0.8880533598255078 0.690760897457163 0.06651670813048871 0.9489988747067968 0.22562001832226775 0.8814939346122659 0.38857853954459387 0.7768323911538244
0.11601925905617771 0.87256137337764 0.26489280006845217 0.7046771678580572 0.5840460384107955 0.25210055503956796 0.7935238729353781 0.8130573545056806 0.5353949171458163 0.5863280537475296
0.6440191535891615 0.15930694475339746 0.40792293050345363 0.7230103907644309 0.9941682666277332 0.9285064160887317 0.6052775817932624 0.09724724757709824 0.6300018673660928 0.617631001397393
0.43972666164016017 0.06059415187117778 0.2449490362297938 0.9775506603905977 0.7495038772162637 0.7945898736397476 0.1781741011422343 0.3681856571692568 0.575710383049598 0.9410437367460767
0.3174651872708186 0.6440355316324661 0.28478939808011183 0.683976207424032 0.658648446291684 0.6804638179246765 0.30481672872532817 0.6518959970498329 0.061353222278342945 0.17553465234551258
0.20732793501581526 0.6741352487018806 0.0700553816952213 0.4178612307811279 0.21112789076039729 0.12125423518045986 0.27967721046888816 0.2978406370119807 0.3105063957543369 0.2870649977226295
0.6166240028222771 0.957813154575456 0.13750935106509277 0.02861377625283945 0.07898922785091267 0.12609873336378707 0.3563915343321903 0.6704997976573032 0.9337612454393421 0.3605268110626527
0.8581039872828168 0.0011978262361244107 0.10421653258371788 0.13899002172647623 0.27364517079311046 0.041591128160297086 0.4972859632005917 0.9777166247777854 0.35733211215376603 0.149709622999168
0.31853157594041526 0.5323699826496466 0.6045235891580005 0.9407080449258066 0.0014740432878638243 0.9427479370049737 0.06305463352796759 0.4474075761928695 0.23836117646576394 0.5187689620459984
0.6736179823523823 0.924263329731186 0.7410706883877703 0.23359567278414328 0.6315545291989068 0.7064093654667191 0.7836910992380162 0.38916076876321726 0.20099153500600764 0.5754720301323222
0.28242645895501073 0.25002435420461033 0.1319938312098784 0.15513114905604863 0.15382244978196769 0.4034054793254287 0.33237000536327577 0.9619481031259198 0.9589127346630907 0.09639535032036195
0.7280017682897155 0.8707684259319762 0.3887356551557716 0.8257728263294692 0.30904162818711234 0.9190459537024901 0.9757736881804152 0.011508002805243223 0.2040504489567393 0.5707245917918413
0.5262189707499357 0.6719524911018673 0.25012273050837874 0.787852590055521 0.15957015450147582 0.6368805251334956 0.934274605665516 0.5168935309164444 0.5149171288588694 0.9839573567268146
0.7698454856004946 0.4867371640188797 0.6373721387938144 0.06487726224979684 0.14139126844520222 0.5367024108317567 0.29345674718843384 0.6993261091062485 0.40252359353431444 0.04536368555314996
0.980856277313057 0.8580882606683082 0.543375731941872 0.41482102925199427 0.6958046721534075 0.43103148803148283 0.05785282778300227 0.9800734637861181 0.6004640928264483 0.4813675497003652
0.7355504070199269 0.15944388769230422 0.09301548024754802 0.7245001959478982 0.9792019009558185 0.13954342850655965 0.4247776943733075 0.8379364637299288 0.9057421236228552 0.8970512890738911
0.9315242899884205 0.6081510569647742 0.9275505965811424 0.8996265046369294 0.15026890436386575 0.8509579964544993 0.7301648709292156 0.3995556113580906 0.578141323786512 0.5038572922307409
0.5637309552937735 0.8362805288602345 0.5965783063827161 0.2819887777809317 0.5476837724721096 0.4977392705990563 0.1319044392960259 0.8137395116775135 0.2516281121695457 0.25549159035404956
0.9524802041489148 0.22771453763398386 0.16011645524357132 0.8848902497800835 0.11294565981494509 0.7496955341215474 0.7549965661117167 0.20909838166450123 0.9476899179437388 0.9863757144222621
0.8562286907863252 0.06454163976801064 0.1885281840620756 0.22207312163621762 0.5505487239013258 0.8754236279376966 0.23566956542033446 0.23528910967229866 0.5070797147857005 0.4462216275442682
0.3464102252736285 0.8538921648672505 0.7299715221677269 0.43361899427690653 0.5225887605568388 0.7108720305085873 0.8303741553182175 0.8431197447476639 0.17569137763608755 0.4370224126545946
0.7135275303072325 0.8106294127831107 0.22759623610617785 0.8325752163710847 0.17147646055737253 0.8755760426554722 0.16529855290191509 0.3967229771596559 0.2478967324868463 0.9296835196198561
0.7095586370396116 0.9621304328544585 0.398744137694948 0.03429916310011005 0.18026711814962015 0.08094992392791667 0.41091542901392597 0.33921604680248885 0.3454232428458669 0.2395196772611008
0.7608362526719179 0.40721975538113064 0.5259735995319048 0.9408382004376097 0.5958681795372696 0.3511287025905201 0.9953599348603539 0.18707140936561095 0.8036530032883756 0.32388535023084664
0.2604766037029572 0.918764100805756 0.6979893848226597 0.06729567575582684 0.6398396954775306 0.5230907147298637 0.6945632548708114 0.4213028801229939 0.665121539457642 0.6103945872574625
0.9758304370189406 0.9232199176258392 0.22380511188310426 0.8764293728599118 0.5515755604935205 0.8851355157762931 0.03356603714281725 0.017129598974564786 0.3101490128059202 0.6277465979447359
0.9930894037493304 0.3434020744421651 0.6251094580749224 0.870159330139486 0.1893819091438509 0.9553437359847335 0.8329763275814618 0.6277400896174749 0.8582404384573195 0.0784550952262204
0.4300231698426016 0.35388686949163506 0.39238997531185704 0.43883356046584243 0.14951927525634834 0.4766303195861372 0.5709055603856164 0.35999367824236905 0.175553788682692 0.9272631801971665
0.5438841107247891 0.6008766274552313 0.6255527875265423 0.735735235784182 0.7479338840934766 0.8227743350636063 0.0908263227365772 0.2763410056709985 0.8509007278891993 0.9723085394927267
0.46295959796174657 0.287265205066348 0.028351959894491463 0.7982683252507476 0.49358791372852406 0.35884118638097096 0.35968987941244823 0.18202451716666557 0.5360729906490489 0.18791596539993172
0.8983693349891164 0.9544026811526735 0.6998233247157428 0.5295045676609855 0.018544215603916392 0.39631129580404445 0.21147911523352714 0.4419560589738847 0.9695701794220757 0.6760847466276608
0.12190803509623183 0.11814164932775006 0.18014222890416076 0.06341599673623222 0.6239349174811746 0.32271533225855653 0.7454470306466185 0.8779167831223391 0.15295522483041413 0.2142861999181498
0.7035618482372147 0.7797580590528512 0.13105821505195847 0.12138027321033562 0.1614332655458569 0.1905068277410662 0.6850128739532169 0.6623593303104583 0.06612059911813517 0.34419032148172035
0.9194458260473415 0.4520030473254957 0.4335902270332893 0.7117817085417496 0.35876708796924495 0.5212497205551894 0.14519889179989898 0.31671597360681514 0.9848762874706576 0.49162993568227276
0.0011054427193865068 0.7647091392983886 0.8924081806815067 0.4922169044607362 0.5802021988063334 0.6480669817743999 0.9592532425280269 0.7844557610040014 0.5977581682401489 0.3528344785913956
0.08731545368298732 0.06902346222179034 0.8748189002020198 0.19655083555915664 0.5069458178413637 0.4889103699607822 0.7375082680514166 0.25503875509100826 0.3582172115121083 0.4142024072374987
0.649729610099921 0.1985715107131094 0.2631821663587093 0.19658363108264 0.14936522507838668 0.9509241771941995 0.8854820336577576 0.21536613149741068 0.7059245168885113 0.009230980379108966
0.537152623693315 0.7018948749406132 0.9466928524398655 0.8182332445926597 0.737197656150412 0.025463083923465413 0.8087847667459958 0.67941762497709 0.25247837800522377 0.35141333282628184
0.5661064464826431 0.2937078959990953 0.5586937297941952 0.8408885087931695 0.3530844005716578 0.18578756707106303 0.8477023917294205 0.8517357017518501 0.7611184982379029 0.93879484786232
0.6771646513142024 0.9213553813793095 0.3190689260559849 0.38004551259305297 0.10945818469165491 0.6648270269228418 0.18568909903802655 0.6016032379234189 0.7190487866279991 0.1054317859749655
0.17976661033651675 0.9739309682697505 0.16097347768632708 0.3697312902758475 0.35283747778066965 0.11652112332423104 0.08782020055923645 0.1256512981222636 0.6696892231615794 0.12631640917751097
0.07856426880464018 0.6195577844746688 0.0034707236220851145 0.2328968800652086 0.8998493239610017 0.6771019531119581 0.5750779509303984 0.44882348233830316 0.8587759616077962 0.5726497429136886
0.17058612413598695 0.7141917033466063 0.22598870981974872 0.2434009213658297 0.9558511146742086 0.4963634701049534 0.7088278550409202 0.9268411933631033 0.4740032844786405 0.7990096057673501
0.7365400336359434 0.9339603759114409 0.4594097774253014 0.05900836001860965 0.8830168765750092 0.9357085728600686 0.430782152122669 0.46541117997076364 0.09725886963188202 0.8364512329769782
0.6364574344543729 0.8215988119419965 0.5377371888475567 0.03572319814026781 0.8164835671856767 0.18991723213885714 0.7140531522136555 0.6383708842150762 0.41899013259343443 0.20749492956712923
0.3277717524548275 0.9632107343331827 0.3624281276400524 0.14260853057261702 0.6740317722813324 0.521621147097934 0.17061336858684029 0.4728768051038935 0.7165120653844961 0.4900242554044737
0.32410995217715255 0.009728200443092638 0.9805596573985881 0.584002812762942 0.969341762510408 0.36800008114648564 0.22276242251194822 0.15683674849610707 0.7059214354860287 0.8851925693664663
0.42997518191882467 0.29153280178429086 0.03303792325641086 0.9318137741955999 0.076784863494895 0.6329596630982177 0.1773453030484189 0.9224171364489318 0.7276267850702317 0.715490478513134
0.44764679269705876 0.23634593910948765 0.008241085434369966 0.5815933199504408 0.965770201771199 0.6878636855214055 0.690884233314899 0.5580990972088744 0.6083815353469634 0.14726371115661785
0.1386876301977933 0.15941613078398942 0.2610861261074314 0.4077147458233189 0.6367817104582375 0.22074884864775923 0.034017431500554474 0.4170138935389277 0.20128051101346378 0.5294179595144725
0.9172157297226939 0.5490819200444145 0.30194816437323657 0.41866756238773917 0.46444993752249086 0.6769503960903973 0.5603455360780975 0.01588474736008394 0.48573809802930734 0.4271539328065074
0.8924815797257541 0.09594548122171198 0.401672976386264 0.14485473027284013 0.7534706353478063 0.7804400528701245 0.8667609496887586 0.779691165363295 0.1114234921844588 0.6448203045591406
0.5043342405372236 0.1142557693160946 0.5287764557047163 0.1480500109402938 0.1121976710415834 0.5002722539286921 0.2614896013883351 0.68312864159668 0.4960230262828429 0.5419551350866999
0.6000213146027787 0.9618980398025518 0.1666053378295208 0.9716997632809361 0.7707133122454324 0.8938303764916091 0.49744743394051494 0.3001644279828244 0.5921969785506538 0.5960352114701208
0.5807400611139786 0.6909705056023586 0.7386577116584798 0.6805118256283826 0.9426569968380822 0.9096603708668857 0.900271363985799 0.5047129499015499 0.482985878810846 0.12721721072826253
0.3508529667132415 0.642774330753127 0.4894668804933958 0.8203645080167223 0.4337344853366085 0.43730400961731886 0.3438134030858244 0.00402761695370224 0.2591150463060057 0.1254143096274295
0.5842399609372638 0.555753239534117 0.4696038446842875 0.697718108460261 0.31842448228321385 0.4475471893827052 0.27540180602234476 0.3453009683919891 0.5911832736833766 0.2875047800374646
0.08654559527188477 0.0772183982012784 0.20273922919335707 0.6917718553436983 0.9768631801591496 0.8498581517768928 0.6463145537136994 0.6567892616616393 0.902767591315783 0.3395451243298867
0.2878814731660052 0.28243686699812987 0.06974131953639795 0.31105639378805694 0.6462557230613684 0.9086079517936668 0.09034081282926221 0.38725266618164655 0.6483191145346752 0.9709081732154695
0.6097771433191775 0.9088214140385965 0.03200918792061458 0.6555882153491882 0.8886050320442747 0.48816613737866277 0.6488154314086814 0.7394823735886745 0.4267794787725515 0.8077653980261466
0.2778731834675605 0.8376402143700615 0.0893154560102094 0.19086389419740102 0.7053476757368826 0.6495018080266585 0.35101299639946615 0.4811474331847666 0.2456526914230862 0.6938817288789296
0.2161861449005562 0.8080922734010355 0.5851492694701468 0.45369059402752865 0.08906133045112441 0.8859688802189082 0.8143219822770968 0.8132371737274876 0.3714867692428949 0.597018497368643
0.7810316918574138 0.16411826192667778 0.8468214954024791 0.7431106550451058 0.4452949719292608 0.580117336935307 0.9723488110769248 0.015228448038068887 0.7451425102633925 0.017197135499622096
0.047285876623558765 0.4264177761657749 0.5934598395463203 0.5815858024972431 0.8494374071775094 0.6813751059337486 0.01731559338870481 0.5271194004085143 0.7407681219061191 0.21463842847226255
0.1241340144346601 0.7924185906068639 0.4306453044259021 0.9193842738399228 0.533169907126452 0.5691407007762215 0.5552291003176225 0.9101229504555959 0.14609585206836373 0.6044628963175379
0.9824649839050953 0.015123627259689743 0.64711311820053 0.684115856199604 0.28435923269029695 0.0781893327204014 0.9208491741266689 0.01670160114965258 0.13169513322981607 0.5644413610430463
0.6554062046539914 0.045693487331825766 0.4610733974701816 0.41106167041114516 0.758276955428149 0.5524295355231482 0.1401380675794942 0.5414807201935194 0.8544452908822016 0.7815755819295847
0.5140746193763597 0.9702874198386848 0.05884060828701376 0.719947697137261 0.6549439585697604 0.9661767512917651 0.41941721175289104 0.5902480369864527 0.3551430500690931 0.31154001367499384
0.9124805585829893 0.08318202157484988 0.9072583447709297 0.29984128687425393 0.6384845690224351 0.844588931554536 0.4948060831986081 0.7457130053790165 0.9143751377648761 0.25863238126197696
0.5818290437793491 0.9477427003710994 0.28765714966891187 0.6237602305995125 0.03404622479195696 0.24021178313144942 0.10771334351821449 0.40505884864437514 0.8302289471006453 0.4975864066882415
0.18150531288907668 0.3647896521395195 0.12970262840492963 0.7143495678337931 0.21363815804102848 0.0223105495341811 0.15035061658507531 0.5728026087851387 0.18487220792922432 0.07524852467281762
0.7812229681505042 0.732753415074505 0.5585164758469783 0.12570416484030944 0.10482921582807958 0.42954739199305536 0.22074048165114168 0.2984323000894774 0.03642144727210228 0.8506869132658538
0.35869193515912057 0.1123579058247487 0.10104979213378829 0.6763233609512893 0.05941031565137822 0.2724495118191135 0.9638995483179108 0.11519543941533894 0.27287692088044346 0.885887223886028
0.7053954797074842 0.7451262412813918 0.9241445039891033 0.9746259402674594 0.9897855237502151 0.4759806125812108 0.38234005555611805 0.05586875801497171 0.21439249811374084 0.993023663228469
0.19843723997742346 0.9926296635350993 0.44644910638613244 0.10990990333350203 0.009045140839827992 0.27847832643857284 0.45540837510520726 0.5630721396076844 0.7700625689625877 0.41372395663682526
0.4308473863496274 0.9130676741916577 0.031898245858730134 0.0547098455767141 0.039559811751143314 0.383478894869303 0.7970589296767949 0.17355336703764912 0.3201584903933913 0.6642542128572039
0.6112588677365053 0.55258076676073 0.5394861048806143 0.9339144011582079 0.9308060018593519 0.5558702650000646 0.5423589432152411 0.6138384446166723 0.48187137638131106 0.26973069777170067
0.3146445373188683 0.6578820919167145 0.28135002196157544 0.784607159305684 0.44940127957239506 0.5018712061081884 0.2243733318997717 0.6028193137375321 0.9567841650218679 0.1500515186885435
0.6601339708947019 0.8997017117673979 0.39064782407118215 0.2593647891786822 0.175536596171172 0.6401299338740719 0.5782538825962746 0.49746107149549146 0.885288683877489 0.3580802849875653
0.33421722978728685 0.8966454209582916 0.8873975810738304 0.7437846972459599 0.4158012931674079 0.4034965954998876 0.1846413981014816 0.051206621502254523 0.6338997894516324 0.3326845602422708
0.2954329795809135 0.7379780642097498 0.47251856955627947 0.9735520913795968 0.9815976765119173 0.6806014515141405 0.7892978048831988 0.16931563905407077 0.0059371210519900686 0.7696344351539735
0.17059151235326098 0.2912788991838847 0.5990532010705031 0.682739783816272 0.2968474679881363 0.6642421816339703 0.3627572149812003 0.15789642693416517 0.23750807380587147 0.16432941153587588
0.6664916494695189 0.14473180376918193 0.9393780696198915 0.40674372856124497 0.20354282569401505 0.7988499636959684 0.2983826499657899 0.6685017383016583 0.26542470907922544 0.4021935890411734
0.11186536959931626 0.4499856994199317 0.4656656112854617 0.9418923723070555 0.8970522386492266 0.3691914356469934 0.09833077737415974 0.2607142598782497 0.031034728122642297 0.903839644067917
0.051965974765595724 0.4041499296636242 0.9186009519202729 0.3490566098429768 0.21624832066390698 0.032325349930424574 0.9264709883184815 0.24211982965489132 0.616482325428969 0.5393507764207199
0.6359689284972992 0.4208027993142488 0.09018044782451373 0.8283789920491428 0.5608905090160587 0.8281427252076072 0.18031973997490336 0.5275598008743408 0.8533019634286665 0.1539934759045245
0.06146652929510166 0.80024102545751 0.6772324045410649 0.4125154277855305 0.737813892758676 0.8021816087102499 0.8686981761093043 0.5947929637338154 0.456277485091069 0.2692052238272913
0.220224725877462 0.6070593014526804 0.26314673922662013 0.6806376533562292 0.2290077732140987 0.8075474750610783 0.8993909371768897 0.9370350561381828 0.43008197690995387 0.5887752232460343
0.7775700230809218 0.515124082236956 0.49934241388415856 0.617110949767955 0.6124022762551921 0.6185391426004122 0.15599019927435753 0.5377564466159729 0.3873929496660883 0.9298562917118488
0.5199502709948063 0.18082168844998392 0.7315279798761579 0.18758655674585 0.9870361908939399 0.5629556329813346 0.4528904463001552 0.9612066789398372 0.8731130350710403 0.26903621986178594
0.9301575522988884 0.6779683669366878 0.04823629451683109 0.11971200972048945 0.2982878081502228 0.16714156109966272 0.5327210217345423 0.3831263703508623 0.8813102963489085 0.7305116503532534
0.5593220738412215 0.17294504877880978 0.12297841114571262 0.02236374275908448 0.919183098634552 0.08984608778521874 0.3451529822296526 0.8278522162478216 0.5039382166859029 0.6099209594900744
0.024130610903897898 0.16556693278959334 0.8323269296450103 0.20097415897280635 0.9167348992035841 0.008272159767286458 0.0069094985051249 0.6564981439230241 0.29083993546639453 0.31520808183807736
0.9849464832482923 0.6771390079995431 0.7190964072548551 8.714099550166665E-6 0.26723271940003146 0.3007579009000243 0.37998308570193673 0.9202043111386188 0.10965260836173552 0.3847318262426159
0.576907273483484 0.9674404998947519 0.1444500381437157 0.9779266536589233 0.2339297096130939 0.8619600044869657 0.8616830955360623 0.08481445245382702 0.455791066805151 0.3105574385505182
0.7460598920436411 0.020495920249835486 0.8502683824458646 0.7741311588439537 0.990328615377768 0.2829280376028457 0.20249181375019942 0.2091207486873201 0.613621799498596 0.6274462345827144
0.2637030643136099 0.7965324238293869 0.5016304082321922 0.8187088607210647 0.8710392112876865 0.852918867720029 0.35521121172218784 0.3564815277900869 0.35027610215581373 0.829593784011625
0.7850062883426964 0.3242175316016005 0.17006853241284703 0.5495261425348466 0.8218807477429478 0.39317967863191305 0.11407423400764405 0.6057724558154146 0.926461231403438 0.9298878497385872
0.816451840798778 0.15096990020970447 0.175784001504794 0.10096612258655446 0.366573699653709 0.14432696040379434 0.6810384903229751 0.8470014734049172 0.8303960318525172 0.49071266083092246
0.4476181732215352 0.6058162805088801 0.9587808038832709 0.40585898160951417 0.8271677986888344 0.7055947502079644 0.05716489017103277 0.7723555429284745 0.4310419149748429 0.41959337612452563
0.9763240885743777 0.21302972440263623 0.875566852619435 0.7767039896823149 0.45058058387974553 0.10146894557981867 0.011724367037889372 0.35592755970352663 0.557654511978237 0.7538566884435679
0.3553520418976366 0.4578552684887186 0.9034614207706544 0.6019570568935391 0.2786818568704651 0.2425431083480225 0.24550959026561792 0.2339974306471566 0.15001516496468625 0.6507051307346728
0.6601517114057793 0.8083623548791447 0.015558542741581194 0.18393921045531336 0.03179823498273293 0.49442622385652024 0.6059220018112838 0.909738534756174 0.5963002884315103 0.2755161214230467
0.4195070194399504 0.37833136556128955 0.5060619807080625 0.6609101781016625 0.3859890695626089 0.4909299543906307 0.9010437433364156 0.5969415153566745 0.14532524998474006 0.7427591678958393
0.7676692844035115 0.14169075389328556 0.2911948296748017 0.6792743362577626 0.9467508479417074 0.27341536689777934 0.02250628038124669 0.8502666927419645 0.011898911126324796 0.539777301082078
0.5225818578042527 0.02409381362789842 0.38148390148195743 0.12309481476779338 0.04285661704614563 0.9330621256481443 0.9500688268248334 0.29625850057982506 0.1064056268690059 0.36102657292069196
0.7293341038646075 0.17461519413545468 0.4663397611998683 0.9555625779141916 0.4738665458292287 0.13103821581274855 0.45508677944208076 0.7496040788874748 0.033786315986258364 0.23456539354710948
0.14280118963269472 0.011230244112404808 0.22403767413540399 0.5974018323690995 0.28662280076633617 0.7053230023661998 0.32927003202280125 0.5707467686189399 0.39723070244740644 0.5471064783636099
0.9735883502239023 0.316819510755026 0.3751153501324942 0.3551179449034858 0.9760526174753676 0.4026222255322992 0.07621891147282656 0.16994990787699238 0.9856583170614271 0.7103924232701568
0.8550696610988442 0.39514126687981377 0.14363107909562056 0.14036125663359855 0.6032635291807722 0.037884646383253395 0.7562203791810203 0.2933483179605372 0.052122052227411175 0.9797564785108348
0.9777785620333921 0.5638875635316674 0.14058231375713126 0.09146509104843836 0.8017631200493933 0.8489927116283563 0.06285205567265462 0.9206510607765855 0.2364019967923826 0.3833353405666773
0.20508824820320315 0.6280635368613263 0.40211249205648936 0.04852182388810411 0.5563351680445782 0.8249751532998264 0.429366934874736 0.8723204889651011 0.33618396558020724 0.9734866673986334
0.4585488935654358 0.33310360640266146 0.5200925595189643 0.051412639326976484 0.7474459435461398 0.5154330506216328 0.6630309610201962 0.25472738692892016 0.8773760531631238 0.1246331059488307
0.9230940659915793 0.6130902676207326 0.3155468146691034 0.8613569753603509 0.46895026734015177 0.5277581198146766 0.13909758304093678 0.6815684185882631 0.5184706586880313 0.4062316170893292
0.5553767717715483 0.023023741584046187 0.10061076818184855 0.7642718857112867 0.9633578420208253 0.16625330222993762 0.2585925297616114 0.39346192394113855 0.6926989824524266 0.5162058175041272
0.8196613114242051 0.45127741808337585 0.229803260728897 0.7401330997409172 0.045169308665767294 0.6206698991867323 0.6943375826432441 0.3779563562001561 0.44446289364825364 0.8074543886680821
0.565020106330045 0.7532697940223786 0.7870283764701844 0.19633310016948802 0.1700875719812689 0.7563012234601346 0.8795772050613181 0.8701752959783999 0.2557054428228108 0.3445627056466112
0.9882277258518999 0.6122128572869898 0.02468555584530363 0.41258989321162465 0.8806679174192422 0.9571000581243945 0.3982269886365247 0.019080945044621878 0.3391594754914552 0.03432502901166712
0.8949980583882489 0.827911257340761 0.6524705051643556 0.25624954767046926 0.4447285604746932 0.018914032982495832 0.03330041955028662 0.4430929514513672 0.6575830170388899 0.854980340816855
0.12748751130924196 0.5484645334895806 0.5559371255216417 0.5539467789644078 0.7822658029157472 0.7515887885030788 0.5417814435774541 0.10690293004454388 0.023064906722967793 0.31615584264948626
0.4208277113721285 0.20896467483824066 0.7518224868231216 0.2807693731690245 0.6334947504986611 0.5242235018641577 0.02450619357951367 0.7422526617773375 0.4533025608793868 0.09349619871551051
0.8915179265090255 0.22061315587026975 0.8048046756127497 0.8116632301542578 0.6918802667035148 0.3532544854639005 0.5260406397202775 0.5507981300193642 0.38058110315381 0.9560640597544213
0.35459153456620274 0.685954344076113 0.9381794377038948 0.3102935789996488 0.6516738168177869 0.49239020371711983 0.16275160079936357 0.38668880667850136 0.8953073542530426 0.12617653457987743
0.17648377719153052 0.6021137386754966 0.2714459967829056 0.6745453312109896 0.7926933206772198 0.6189539087443413 0.27106001167919047 0.0680025251278451 0.48378803841049933 0.6438720008735771
0.06151133825160504 0.48314154458009984 0.0666487330607215 0.6600285090879702 0.5421646406781182 0.23325822758306414 0.3791474740412405 0.035669150236060654 0.41702791923533733 0.04328227162705811
0.15999018142788968 0.992019318954406 0.32131867690944693 0.03620418943675163 0.06379869774647273 0.4847157302914815 0.024203065317160988 0.7200905396286399 0.2443244892260371 0.15554391671571188
0.9965565129660775 0.7579446548430442 0.22091193947110188 0.14503928016669743 0.18044663475669098 0.3270840803222892 0.8068068550335518 0.7215488272270797 0.6261403053848589 0.4303699398061447
0.7226308833198655 0.8786395380168539 0.7727883347749472 0.6085371053913647 0.14432072599414558 0.28027828210035144 0.5405431065520578 0.12103919649704231 0.8420562954629143 0.19199758067063744
0.07471560895145712 0.8122351065826324 0.7551793149440288 0.3263002357519369 0.9366803790108975 0.5604090360768648 0.8178298916634007 0.8518451707366124 0.771587998641333 0.41902912772177214
0.6010056671741406 0.16849569426672817 0.9995464898455204 0.3028147199255925 0.8689743464034689 0.43410063084521144 0.8747846897080361 0.3455954231761438 0.4614469944019626 0.2439177158681315
0.33641202658180624 0.8626100666560288 0.007646198676520721 0.30987759822856387 0.43474081220341776 0.1868070766904505 0.8543798019154349 0.4644262964980129 0.7587385844334662 0.5168722111170474
0.24745719134370303 0.8224725099261532 0.21302965877616786 0.3141235472986096 0.24426192134427205 0.47500535773564356 0.6969669780925519 0.7160776384374953 0.05502110459629528 0.6592376263039027
0.7236460541641342 0.8964047385892076 0.5112879824717796 0.9526680580100227 0.7833353118259627 0.29415560696303034 0.14238174708181361 0.6722454506252642 0.3036480191998999 0.1595553866645001
0.9040039820570537 0.3248569051049861 0.38788298773696017 0.9193253458843677 0.9479785468373194 0.6516507488648778 0.12331238636817865 0.4514064301255568 0.9480379524672392 0.5362445109318661
0.14279709340385494 0.4771230296505057 0.40380596438129424 0.8056568396166638 0.2959609217485457 0.9282394032926704 0.033602395540311525 0.7428417124382716 0.7402573009089375 0.3270251161310832
0.8364231626569888 0.9509920081096277 0.4976130201639972 0.9293601658163432 0.6544249107833515 0.06231890707833465 0.5389354875018206 0.6240740878743393 0.09946983580364144 0.6678023491047878
0.7566214464124719 0.3561281365478415 0.520763525242385 0.759447065942671 0.7643065302852307 0.1469127289394121 0.2853447134048609 0.9228675110846973 0.3234470627419541 0.6218473969786933
0.019162416541277816 0.4955646082495274 0.3379261796936096 0.32363360994879986 0.6137029476643727 0.9150453410351674 0.7807291123038423 0.988925854469862 0.741604961108852 0.5209765034378167
0.6208327100217261 0.3968495040577854 0.3444285648822978 0.14685185007659518 0.8038071105039103 0.35970873372242573 0.05671964262952178 0.9391916281013201 0.6062281251137883 0.9193914586407133
0.8127382259350658 0.9760825662997311 0.23185065321522347 0.8373925643587498 0.9456957452860337 0.42190476635649876 0.3465955653161893 0.022040386951951096 0.9340726633966453 0.1513818813278064
0.35975326082756487 0.6234260746270156 0.575564627599931 0.003629571455839531 0.6504089694758626 0.14469871829691083 0.7764318984431635 0.08566609188140073 0.6109469321761803 0.06780412184519147
0.33250294264478075 0.8348886015676923 0.33359116870080074 0.17240820193895823 0.047810553024532854 0.8713069291324899 0.0012930579378208629 0.9386609131351126 0.2878141294290085 0.022866695380461266
0.5608768754466462 0.1676200829026211 0.5963896361166391 0.290981463388567 0.05420634518515066 0.227568803524951 0.3192443847611839 0.9384340612224282 0.06223666268952188 0.14012413977969718
0.27114070975577564 0.3280948714194728 0.07716799128336438 0.056948932421323595 0.36028932863589413 0.6184452335963612 0.2595182551879778 0.5460424823237056 0.7404991489450055 0.9306821104300212
0.9597841553230542 0.5059999333752524 0.5001477140140813 0.14222005475334787 0.5884613542540944 0.4572946063898634 0.11676222977078177 0.03269488913350738 0.9035461068342027 0.421550866384518
0.9069781630679788 0.11111314067881428 0.551242146673262 0.5929399690844811 0.48386881197357323 0.08658007678673241 0.7434483607456622 0.5302448535257809 0.7971157054476204 0.610077981664586
0.28470405446880476 0.6538041122943804 0.6762165216741775 0.6110560673015033 0.7716208281577084 0.41845947030146113 0.9229036312524778 0.2801318313661465 0.6794305408748431 0.651794888032871
0.9061727013105698 0.5079928891159524 0.2231315973658322 0.1963701276255938 0.3017977546401648 0.3806277952892737 0.33481662607110907 0.175314687113021 0.0879355614781937 0.15230267479818338
0.834116158636524 0.9125629811213887 0.1593984740958968 0.970240280055788 0.8852950994064631 0.7821752767388203 0.9554017197721513 0.5087467355510052 0.1323895605133405 0.03560305876232728
0.30906768804173834 0.5855701622385298 0.48287377619102223 0.9614212751848424 0.32169615154227027 0.7795652212909093 0.3706979891568437 0.5689646278172659 0.4407861082715201 0.046275547542654505
0.4711400912574524 0.355468474274233 0.07802119214491965 0.3368359318450175 0.2627653122729676 0.615729261163378 0.04190776912013827 0.26563505281807187 0.5358891762056583 0.18396355191569058
0.7794805038438432 0.9434682226862527 0.9322917571362339 0.4594584823663742 0.9224677144373726 0.19544916130515 0.8675316454762001 0.060771005429658076 0.9155344904816896 0.5167385632998805
0.7350601227013446 0.47764675506563736 0.5676990269755848 0.28418636753167315 0.12043767775092262 0.6454939596830989 0.21274316993205666 0.9382738033603808 0.8643063600334423 0.45416152470035653
0.7904157559561392 0.07728016145207606 0.20437305903258374 0.8209347627194641 0.5674530545089534 0.6643883993379937 0.899510479844113 0.10707608556487902 0.4059177211593945 0.8384830243545582
0.19318398996880515 0.3379019409468367 0.4560840269917562 0.14068193238538185 0.708764196680328 0.8983019737787837 0.9020735481374296 0.3211840896241296 0.8858866143447734 0.11876940421911752
0.920672591079208 0.27480310306852795 0.36487136541094567 0.4414267709186025 0.3272382034669973 0.06859609699480795 0.8053174678129881 0.6611944803238204 0.47732769999737457 0.4712865561440498
0.9853376568108759 0.07416387733566321 0.8686612132785159 0.8717184796435343 0.6695014519849958 0.23340091508049998 0.5452555197233673 0.9823686091883435 0.656405669448557 0.41182011755523806
0.844041901033815 0.2639823990235418 0.6208930784679911 0.8024328736709968 0.24400914428522646 0.5786882755336414 0.8512916043018816 0.9481879528483086 0.07888779053554562 0.18148432092058342
0.7486477593345771 0.8867866232979066 0.6566197611608109 0.7937798266797488 0.0027800047820272233 0.020268051612422844 0.8923325920973555 0.16771408919078645 0.6890788662568225 0.7748257018244593
0.9062654555994393 0.24626306856970537 0.14033241291884768 0.7032286573768275 0.16406970179090374 0.751684023608315 0.33945726773768614 0.8003862152393117 0.6441336825025509 0.7936375843487203
0.7518667051575977 0.45200831718163736 0.2050579669749415 0.8783648716217343 0.9703093572435879 0.6169781654569888 0.7961340342713887 0.5215873489626253 0.28036293616890695 0.5559675086259713
0.40465537235105065 0.5203354906245503 0.2713698420869387 0.6619892650329602 0.666117236400422 0.8227017372471911 0.9154521039444907 0.7229960934132669 0.8768374072018492 0.8495519489777855
0.11634553683041182 0.25229753518485976 0.7432568427623198 0.06851930851281574 0.5901440445601188 0.35948261997644215 0.5781561182335422 0.5981425126081303 0.08164652791931304 0.0026987190157413687
0.8112495847149366 0.6288006500462485 0.3428509220323971 0.36255150149086357 0.6200960349839204 0.48713479401539994 0.0042407819504782784 0.5085549776942313 0.20699107694411634 0.24193640176353615
0.45486209696779 0.49097465065133394 0.7484833969007816 0.852021314445998 0.11378866114160535 0.48407093874037366 0.3263826926117459 0.9903968710957265 0.023427144904240693 0.631163694378607
0.21260492120593888 0.8440696443074086 0.5242132768484155 0.797603541820288 0.7249260052490624 0.3851292336816463 0.8806029347036879 0.5246488208404199 0.4966921159666978 0.8362834545368023
0.11986336076038984 0.09541174374785466 0.410761302868637 0.3128090046207701 0.018021023805775305 0.7734510003507397 0.6364277276672546 0.9129206812516844 0.12142448776492898 0.9552524312389986
0.17780596823801342 0.8498515001890138 0.9277319587038884 0.18975317804679992 0.09313032025131629 0.5714749948346364 0.8667351736484862 0.7612288191836261 0.07664928294248785 0.19708995241872962
0.5192822084625888 0.8062773661721366 0.40827338866388185 0.016027096155046383 0.5916640019994901 0.7412975265185906 0.3708598738631028 0.23902633172186227 0.5231804910009373 0.11377328601926406
0.11099511562219067 0.6708717256060743 0.2462040427112867 0.8588404361033899 0.5763619350142459 0.4815612493848993 0.5409093615218071 0.3420251520840748 0.6012552267978452 0.7933267511975554
0.6309406791970119 0.49970811927783787 0.43153665943376474 0.37210891315818984 0.1516384726343878 0.8507829562907587 0.9812948668755979 0.3146308993859216 0.38904947179307436 0.1461402535005769
0.8957048278054752 0.2560038430443905 0.7357958449365629 0.9470239731213965 0.05805619753996727 0.28783578707668833 0.6389798242858726 0.47897002981451464 0.5236472194749696 0.4731051789475822
0.9256532074270706 0.6949514172037292 0.9892174982941447 0.5715990792509074 0.2829810437855229 0.5995184479246263 0.8138187105822181 0.3485049669128505 0.843081783767034 0.5351359816418385
0.29550038920596877 0.6287846169156466 0.2766268812561854 0.312584713323244 0.3779125089050317 0.08124688891722398 0.534634665717159 0.7792066447508564 0.21190521725574907 0.5687761237630621
0.39449497156341506 0.6619392079429813 0.029430785017651395 0.7849612790493804 0.2641122764300532 0.2964972557914015 0.6005308901045906 0.8124102393805739 0.2771571336882521 0.15972495819976995
0.13891782898356742 0.18432297299540024 0.572766729647839 0.9590547732747999 0.8976354746294827 0.008435748167033519 0.7946371511341547 0.4011742879729949 0.8535120890443793 0.7212383030545564
0.2673018780571589 0.6614155993795622 0.8175937322850936 0.08040465493984483 0.011491866516619487 0.006046483527657021 0.02847339288715456 0.07466704799493995 0.7458248195988387 0.9815562044251386
0.7864079905949215 0.5329019540361861 0.2886723221203019 0.07819295675987303 0.9683413130713275 0.347986164062972 0.3219054091151522 0.7994244029870413 0.3274282471602631 0.39601964603574635
0.30732063885244865 0.6246560988490909 0.32538132737488135 0.42780118841298787 0.4568998794080765 0.4394574085441263 0.8719383003704186 0.43698202027147803 0.04965946223500295 0.6257080946314948
0.7529747281902742 0.26811147816927117 0.0606949179258055 0.15349291648341612 0.7172635424322761 0.5178277200028755 0.02212979452406727 0.6972358674262342 0.16160862625605077 0.1037360034011694
0.2710283702061391 0.010479483914289878 0.10505730576024097 0.22805551156073356 0.25593357221250335 0.5368786108934657 0.6751223828342079 0.8469054325405752 0.3715429237445923 0.5093926423819323
0.6424213461905888 0.1711394009977677 0.8701373966002218 0.595323712577395 0.634866539947775 0.17092699755440643 0.7587287869536515 0.4817625872487775 0.5385172721048225 0.5338197587837259
0.23249351591762246 0.664168069605691 0.24943063494274098 0.0348283914914298 0.11791197765134309 0.10022009590067615 0.3793249574115254 0.8170766399717595 0.0031342208175768604 0.321750102009556
0.7375961552533038 0.6528869696492244 0.21844412398683177 0.059466779316840745 0.41320393535800926 0.8576913419764939 0.59629622110799 0.4283596056968604 0.062170788666577215 0.16295038032076037
0.9882503102848272 0.24607574546559308 0.5699145934322102 0.5193026481608859 0.8452310090781422 0.11223108581874863 0.6023603069221148 0.4974549634216122 0.7778908930682598 0.463529218649225
0.6857548608523261 0.6818640154391469 0.9054572482996265 0.9377270643616148 0.36233418578832355 0.21104818451831564 0.9742939613020327 0.028899200710574724 0.6574689183320067 0.40840778901436814
0.681512169281138 0.19711763600420618 0.5636415602214477 0.2687212264920499 0.37431419475396 0.3075773680473427 0.49758421021445753 0.41802284401916057 0.3123572881516138 0.517362371190978
0.7191332675719064 0.048358341634279434 0.9782749360767279 0.5024606703263607 0.5138328341778494 0.2439518936401368 0.5005954819050461 0.22330105652829957 0.5360466594000527 0.06160855741731697
0.11364907404479607 0.2639986087769991 0.08531362585830138 0.7057145431195816 0.7206552206692032 0.14865920009127787 0.24590919563645908 0.14698676341953343 0.04903572491343178 0.9375086823076699
0.758051438275921 0.5741626644912665 0.5910982529241021 0.8362748588030252 0.2089170918668638 0.13910980990108157 0.508588167772759 0.5141660761821565 0.6326093001108182 0.5583740298827229
0.9462072966411098 0.31895285703516996 0.8904454581599761 0.267974235727926 0.747050102820406 0.6020740144445016 0.26641037739767326 0.9932905174706081 0.39200951817845453 0.9223526630187908
0.5573459096456324 0.7921817106254614 0.09555560646924388 0.9838207986751241 0.5634254599386758 0.8570073718138635 0.38189250836621513 0.7813163721941851 0.2916879606016324 0.6200184443810632
0.1383500533794766 0.5769299766186333 0.3738824127156771 0.9966194526716872 0.09696867917760421 0.011042579800915608 0.16960080065493477 0.9222949236483348 0.9305871185612543 0.8636099091351741
0.7766540065053691 0.6915308720746337 0.6663443955388395 0.724513001618474 0.7028711166550301 0.9908521023125252 0.9173591221864897 0.10620873943151499 0.26698008369059245 0.9331343635377997
0.5124503244679633 0.33757763260958995 0.8909535960780742 0.8466403390146561 0.46411635924727235 0.9147812937940336 0.3221804809221678 0.04976641810595306 0.8565888765106516 0.8531047882864625
0.4810503939177886 0.3512774089595079 0.158631804981629 0.9831740891431666 0.06801489559235185 0.5558445534713096 0.6698553036197576 0.06560257106058098 0.2839155954246836 0.8259916377358434
0.2946676205149896 0.06003447744257606 0.018346095422570263 0.35409307122878186 0.6045884998099851 0.8777174879982235 0.6430410386059957 0.4318566854396969 0.19749939515268988 0.4711505120645343
0.11076244205969099 0.6697633183321126 0.6915079420745662 0.17001693360565506 0.4048796853100898 0.8152240213785255 0.30145470623406134 0.7595275884965202 0.5108162397421994 0.3457549642779111
0.8376928253459208 0.9154616589468849 0.9877630016652625 0.7722593270744053 0.13962194043402243 0.25960813901672475 0.9075340512938935 0.37754415361881466 0.41055971722846174 0.4799742031105231
0.39716823122289624 0.9364893521318118 0.655885935070979 0.6720407242961015 0.2728551423291712 0.8168254104112407 0.4429951662651328 0.3005101012325947 0.28499217803708976 0.7432649913015876
0.4994464503621725 0.9554044811796948 0.30765453120365527 0.4227728189228227 0.24479907537578638 0.38203742040875754 0.4004875245917474 0.17504741278043956 0.21197569590915777 0.10129563468333014
0.04700670873668045 0.6898272752486143 0.4555955648016261 0.3048315494614886 0.03051793672880465 0.04142295392350748 0.4675715258515776 0.60918190679853 0.34734622956790606 0.13091587805353466
0.8243673522606613 0.6834909205555563 0.2767884051716637 0.7977534430459908 0.7756619671783703 0.7274313587783854 0.22818172346231713 0.9450095303838205 0.25076984565717686 0.26908043216515176
0.2677067554225534 0.15636786465705288 0.3070179713060601 0.7769217304652443 0.2910192527543959 0.4479254391631512 0.8733812815239672 0.13580833334238251 0.6525329916947229 0.9942019448456001
0.7530301651719761 0.1236365227603049 0.6881513034754052 0.895280189435438 0.24004521629904996 0.6436431674271473 0.9754722054925086 0.3107916114140611 0.37840591825734127 0.6166543710837145
0.3639680590608837 0.5765001768274917 0.8454614428452845 0.11827687042422352 0.7773678858635358 0.24052676391873185 0.6774433437036886 0.5579374865386812 0.5414464767724934 0.308795336063882
0.5711818106779665 0.4398404061207475 0.522651235276227 0.37307150937848577 0.29403796134167526 0.5203258392880731 0.6764742255132514 0.7100024945217853 0.8131670446605649 0.9817778469054045
0.6992034548067455 0.8858572913598362 0.11557858864168824 0.5801430322203635 0.35266408712667396 0.8792045941319391 0.33206076496218906 0.591285766650249 0.6887865653356448 0.24255477762750632
0.7008887312976985 0.7808203680500428 0.8393154700769309 0.3640320733605963 0.11133715321424342 0.5527234448345365 0.25569948256919317 0.4614311799376538 0.45236954026485365 0.8939451249845849
0.2851790473824717 0.5435526153256961 0.7584783111976621 0.7254007557220699 0.751315441576866 0.20749910213090272 0.19250067401749393 0.7941394621466954 0.7706809516333849 0.805655546331562
0.2343377644487623 0.2971496962568586 0.38215694476759043 0.2123630015064647 0.05485536381607947 0.014176081642644722 0.6912626507236591 0.14783705362244226 0.9458462092691745 0.8450858080904015
0.13916461956887938 0.7756696949106273 0.8497859536944863 0.2967370461136689 0.19449279556757804 0.08029257369442755 0.4872156500540812 0.6449658273850045 0.23581615228085917 0.3520692850935352
0.31493586277887486 0.20922181160601538 0.6436072900912866 0.960222601922449 0.5647985395142855 0.4205477507512192 0.15275158751177909 0.47759233527051415 0.9107347855419692 0.13801092675068172
0.33013386731818006 0.1362580140715699 0.890757882441826 0.9743596882167119 0.6365611373152664 0.5393499729156672 0.07103278703130711 0.22859145063784314 0.9082573249816065 0.5319113814172713
0.08070453561504787 0.3912834457154952 0.2503919757004286 0.1424628922850253 0.06902992241078632 0.0879505180252772 0.2735818162422423 0.5469603774945286 0.8404581338794249 0.7563595730732783
0.3240301104810033 0.0781257504324655 0.9086575370429661 0.31564315641984153 0.8589462520860837 0.4056695272323778 0.9770878079448175 0.5782196337133513 0.4011133983527253 0.1467129336662617
0.9015674070648716 0.17994074641841462 0.5699493525414452 0.33075667216525173 0.019388863165139436 0.35955224579424927 0.531132458266783 0.33983209235193057 0.8398850480481135 0.005466222396771636
0.8328401574217497 0.17201012680630334 0.4829518158091173 0.006009120390185196 0.003875243514729343 0.13523172648304416 0.9248835379605869 0.08872233787758099 0.4774307945028189 0.3684632649524451
0.06497991883521315 0.014957162137759106 0.3739717519212382 0.9084690783646407 0.8617338318432727 0.20791936833747682 0.42768727858854894 0.37303222043367823 0.3040115215253294 0.6354831634337398
0.873195089045488 0.7152443093570982 0.7804881602885649 0.04350819580478049 0.4226548488010352 0.9185232697130876 0.48970335773746276 0.4410570607498754 0.5581751179184027 0.9483078056209717
0.8934524220784225 0.07582536407466522 0.24037402733096336 0.7539162439517479 0.8578313082976042 0.0062601425884997175 0.7911810368764017 0.6228460310171142 0.04910415561818804 0.7762561457508844
0.14744361641168935 0.7298298599420842 0.35566450132305216 0.6289846023279841 0.9016288582485711 0.2942529881694178 0.5927120218761147 0.1583218597635695 0.5468870328196602 0.36207559319541405
0.512869258744532 0.28951034119406294 0.12597049453635223 0.8621930709229448 0.19381322700224957 0.005097890354149537 0.046977906091957955 0.25220610924708353 0.20309920730470843 0.28786555616711396
0.17362023857814923 0.764861616696147 0.5507052569209709 0.33936840030774196 0.4236816452374196 0.9939645262876373 0.33142748860577387 0.2508772341282587 0.016575128271112072 0.3173495454569676
0.1321078230796061 0.9529241670723216 0.19936875857108682 0.44454096476769 0.7327775578470562 0.4503179305921722 0.7503855858395255 0.19801814795236727 0.36615148850497303 0.06140979531533919
0.8104565494920517 0.48954226220416774 0.8165089007061003 0.6235547829661119 0.6241320995157432 0.33679053658093894 0.936849432143819 0.4011263098740038 0.5866352187036097 0.6805815249024234
0.7423135247048138 0.7381075315638299 0.58706476230619 0.7092656799771186 0.09820803832803615 0.3341957626295089 0.01433469022198286 0.374393342667831 0.16258008350535647 0.39152110343310276
0.9495615176647604 0.7905615868507244 0.16613314932023715 0.7784938200085154 0.007088422640524672 0.2523813754742662 0.8163811403000748 0.7879597482923826 0.006061576568845206 0.6727936272055546
0.5982878391439256 0.0287566442672037 0.15545039633579716 0.3495041456136583 0.5102405404988685 0.4829283784928522 0.7176301314918003 0.10009440001858383 0.3220582858835226 0.7852684152408204
0.17912173924810715 0.9714055133260218 0.27083673515441986 0.33752760311248575 0.8018107349095375 0.9250813962738116 0.2207834292951305 0.9565355747460319 0.053942816844446795 0.1286959749079578
0.7047981685119032 0.3736489649151683 0.8274213858786675 0.7406786354643011 0.9384055050033577 0.05235420737423657 0.5364075245679033 0.3672912091449704 0.8507475769519846 0.4715159389588992
0.161950923291875 0.6911985021047219 0.4126969111570845 0.23367675162185686 0.05835560093090386 0.12371391420803812 0.05875078372250797 0.1009778348854855 0.8692115681822742 0.7165902211382553
0.7972200294329185 0.3356841794242795 0.21449969210578135 0.9842652938045624 0.6823266355620022 0.5279619754112348 0.9049041615283662 0.7337609082075328 0.6821764173841159 0.4304700690074664
0.3154427701031881 0.47697237628516276 0.6181742542062716 0.18749115149002027 0.20775229010863316 0.5088757305310139 0.7743011074046263 0.745742805981449 0.7288428663598414 0.2752176223539895
0.9787736751864973 0.16467206194435757 0.5338613774708109 0.22454341982827808 0.4459587645821631 0.005951898005475353 0.9813808494859994 0.9419566400055753 0.4330165311978533 0.9750612537481251
0.13195925293984234 0.995793024835126 0.8135977739860848 0.5122451222367619 0.844187635299445 0.5934308423155032 2.2517170936708908E-5 0.08581476994546822 0.6071742235754894 0.838748688744347
0.2557183018588345 0.5276622301222964 0.8743873402073379 0.11128068044340256 0.33129825707211136 0.8690277010145532 0.5710071396518643 0.8459082124531796 0.5305109302479405 0.7839718765915822
0.135412102961041 0.7819663247284494 0.7663947044458386 0.9286700180240647 0.9251532774041789 0.5719321069969331 0.9033219617013947 0.17655789309053926 0.06874537641792233 0.4924013591806591
0.6972192720419986 0.9925246971265992 0.8768309095945869 0.8838488289945742 0.9441014943745087 0.9637609680174258 0.7397496005997563 0.8607064591056957 0.026159157817403966 0.8105347149025214
0.0332722460813859 0.7795831483549054 0.9049907590518359 0.03708227868409031 0.9302345743939844 0.9309886991228715 0.7531716975760587 0.7509647974385689 0.173033264766163 0.9287132154092675
0.8382049301909701 0.07865516071515688 0.8004228320682325 0.3110531111367747 0.976998457406524 0.03578451010535166 0.5417786887978598 0.9393630010479135 0.864367373500585 0.6723910684358134
0.09296823018563427 0.8819525642052898 0.8456590377419776 0.8066786975779004 0.7701982951322132 0.6051362358195285 0.2514520562495878 0.6852060835241581 0.10168405854193918 0.45828233999529233
0.24138093712287545 0.46309171950238126 0.7617107879738049 0.635998186294918 0.21448997106104006 0.4847343223363205 0.8776367391509249 0.02812551302168398 0.2351216486534804 0.9637114839025486
0.14761153395788673 0.6270111934886627 0.5961959939139168 0.8099343576192831 0.39526167276824875 0.45155547210814606 0.5958393744850699 0.03279973117963508 0.15732044475327667 0.2688307661251773
0.8386724219871277 0.360994878359748 0.6511572001227137 0.7466018785297935 0.8896684642618615 0.46277489117421555 0.001386147481301836 0.053867982179617746 0.9063454258043563 0.4249461281670701
0.9182130063770831 0.3415861961104303 0.954155806400276 0.9544534073501998 0.11490269137918008 0.9820246264016284 0.07029060916007723 0.10338286165086163 0.627729375571675 0.9227331259874921
0.7827148369311202 0.18635611133981145 0.8589953706870713 0.019907539958687437 0.7141040826486609 0.9587056944674158 0.6021833031979054 0.7559641334714413 0.10445255285970445 0.05448586228467278
0.5280312192831943 0.31742796170653187 0.5714750878147328 0.14528651944033033 0.6112978662044305 0.6117794816690865 0.1945268578751479 0.273982535022955 0.7602113009386248 0.4356925085867742
0.055616555394956246 0.3419645589556731 0.47407105974873265 0.6721346389226249 0.7001895305063394 0.7840616237117761 0.6992002240562996 0.09009202914460768 0.5907099103408872 0.0522793444352615
0.17942044784273625 0.048217854713492936 0.5176717029715524 0.6476429845190601 0.5044497886990053 0.1624941506522679 0.10552023142158562 0.08884655978904543 0.748099561533817 0.7880346593241117
0.0050678039208538195 0.38707563379675525 0.057872559849326044 0.986446372229335 0.09933789183112185 0.308283374926293 0.8085427866505609 0.5027058211362921 0.06637432432708434 0.9473650732155572
0.9645217606162674 0.15929550209380305 0.9404035560094602 0.9130893179852786 0.10929454809476813 0.9903849862459669 0.8918395161867404 0.7283090657236174 0.1949340020378484 0.3851299709600364
0.3069718320874123 0.8868887982711096 0.44067930174105796 0.48670207978759383 0.3897804652429244 0.3769488478994436 0.9667905651915449 0.10245091657508554 0.9311706265274978 0.3794419618607441
0.6883684314982133 0.4206388799124139 0.595023759150401 0.2817408755470253 0.7135539534275529 0.9004788321798044 0.055812163473076826 0.10782971619335247 0.9915004210325917 0.8047430300784258
0.5891257527106704 0.9598566916004211 0.23773576571288024 0.9780015174240494 0.2643117691538569 0.09021918092198078 0.22801044986180297 0.6385866398259359 0.7175290762801918 0.7790159014271302
0.39645218421814366 0.14866981904859555 0.5938709426536823 0.27861628796376103 0.2998258354730454 0.9543756577401604 0.13881121761631365 0.7052594944201991 0.91692316438798 0.14664735434846932
0.09208071653116134 0.9070111994287596 0.940583240206303 0.3836166510624792 0.9911818903192678 0.018069130267733824 0.18957195590307774 0.2365206227739446 0.2271018509507815 0.6213230801001912
0.018524295524793732 0.3737466168582698 0.7113849222772392 0.18423896568809706 0.1363808416090594 0.3813754379135812 0.8115777381551982 0.7075504817419593 0.5572255996657732 0.43363267526976035
0.29116139962460763 0.33190618391184434 0.5021594173464181 0.4729461820731019 0.35043664289273324 0.9845335704324465 0.946819450721442 0.03684757523563542 0.5064299262802454 0.01614634821326255
0.16638185855028476 0.37774418077293326 0.9727392226859929 0.17773431263948114 0.06836156171570362 0.06162725970880378 0.40434059301493375 0.21754012175217285 0.3232491463769359 0.8030711256835025
0.35772775238996746 0.8404410374999218 0.3040020079678122 0.8964169050417993 0.5833585086642017 0.7651172738631884 0.6276328109845339 0.23682411899259825 0.31523336200397123 0.13880369218446087
0.6556156309569153 0.5899115102078744 0.05153359919436307 0.6250844778001844 0.6545560380651365 0.46499855829652903 0.9305971831945606 0.06710563411638204 0.44454818623143466 0.6744974579778341
0.6981125346886294 0.7467429765353629 0.2698688527176588 0.42079480171003736 0.4342621977815305 0.9096787016079686 0.315134377620902 0.542001071566608 0.6636492440919197 0.4070024502573176
0.7597733236163746 0.3692352569697973 0.2061915569842543 0.01586762275013409 0.5146443111633537 0.5006507304306388 0.14377021305737037 0.2448975123447672 0.8168549576722556 0.6811979459851631
0.5752698741078262 0.20444984101729735 0.672314160828614 0.8921583675644074 0.4117508235674887 0.42751250435869215 0.7302769955515371 0.7007727937302235 0.3238436543470419 0.36391718250152605
0.5501177657150829 0.8978271727474981 0.09505899772818094 0.6387216352277301 0.3777932939610701 0.4598469387999895 0.05755713341967761 0.06502574871177258 0.487935151966038 0.912591063320198
0.9910222628475652 0.8321500681143406 0.8672363784049766 0.24382521766722431 0.8506398451692968 0.2520199457621656 0.51577415519068 0.6158928586977456 0.9567748056716056 0.9397625158488566
0.9251370005226829 0.2623923807330618 0.8268020035845289 0.3289371903473748 0.3557017103306379 0.11830684686109338 0.6586403274146728 0.977485581718283 0.3801310014018837 0.9292227377225061
0.5858941311337589 0.20739934489004297 0.7861406792833605 0.8128123288570114 0.21610740901809944 0.23926993711038103 0.33881023965960333 0.5045441257940868 0.6364869518069463 0.13229726579610968
0.09118879067368901 0.8096243734377769 0.025553220626576945 0.5209988037678996 0.9016735868505878 0.10446190536534183 0.24452818192918935 0.3517747332698581 0.5676157781518751 0.08348768987044697
0.29887215805559164 0.5656487054936215 0.5168342349061292 0.3309494672414708 0.3582319912685915 0.9479177964472234 0.3121948818274075 0.7123405141476307 0.10216542650426264 0.17110923273256617
0.31913956403171617 0.026411753260952575 0.519357730250145 0.39455609287183413 0.7620251642953596 0.8362539770455012 0.9296479382199417 0.6520673154854416 0.052359912624162175 0.9067274172287044
0.9210341949870872 0.6585821239182627 0.7105008580186849 0.215553871612709 0.09792877533693478 0.5973630236511671 0.42210250508718294 0.07667649342902261 0.022285228729321704 0.9111948738236032
0.771583785741242 0.5170307430213497 0.49582135362770907 0.1142227106275262 0.9771065140276274 0.6816595049626877 0.3794135647397101 0.1654739998010113 0.5150353761687781 0.707144480756171
0.47483970975229806 7.758114626152945E-4 0.8665760566037162 0.19961426080228595 0.6043986421425998 0.4066909287422602 0.7452643836478793 0.18112996937252246 0.9155370700960094 0.538261595673885
0.07120661721975341 0.12703672829554413 0.6104649197757858 0.03176282721262702 0.646446454100506 0.5069097617323952 0.7548428779119891 0.8443321487745373 0.9555620316147939 0.06301211825202224
0.5549767250640754 0.6642560410154846 0.7665721153307001 0.9127201595857001 0.5095546827279075 0.9788577410630437 0.23945736807753581 0.44516257679354054 0.13981617039623295 0.6613450678874612
0.06307910299308228 0.8973568963741326 0.5811409867769325 0.2436409396719348 0.736004743977377 0.4414174050368489 0.1794001963752162 0.8791333392265749 0.48272541407521075 0.5919466953660628
0.37701150456631916 0.3674456298822065 0.4539778678293195 0.7515125807685259 0.5964928795427114 0.5127420159752399 0.7983594685700011 0.7521510991654734 0.5334107738815917 0.517747234644269
0.912151592574019 0.32212525731145425 0.25596959293909827 0.07757321612158241 0.6752432272978907 0.5097084339214538 0.775091790406481 0.3306103504658451 0.7632730078981453 0.22954997648995845
0.29668892613185616 0.8481537075776058 0.1895851010403653 0.2622205650515923 0.19692541799207952 0.40010020036645666 0.07531993259325553 0.23382247205862716 0.8716289307217985 0.32096541684242186
0.27193832758117853 0.3300905536749348 0.0026022691071205806 0.9186337718816154 0.8677033869324091 0.7581975993362292 0.45644357560840565 0.5176691075840526 0.7981214953546879 0.25951734157663
0.9855830384708395 0.4096774505982895 0.7500701370307266 0.29788745367426184 0.1365960003753871 0.19512727407421215 0.30031709146331564 0.900453789966766 0.28745369382768227 0.7441968756437332
0.7613614962883494 0.5119660272370238 0.533224682045738 0.2786326110601568 0.5210047900164587 0.6384345500328066 0.218841544118221 0.8822655668389255 0.7567849601697396 0.5023465784814631
0.27789864908200823 0.0847483955806555 0.2823852467941502 0.4091795913592332 0.1780488348747028 0.031238474621805734 0.940354270821912 0.033738071264270086 0.19641825276181735 0.15016676233055648
0.3939509448244406 0.37487994817018555 0.9525596899299142 0.1618967714835472 0.3906551210848873 0.6984867611069181 0.61181742863866 0.7329914539501651 0.5708602368574123 0.39107188944831817
0.9385767735963056 0.07397004347363945 0.6774917144173473 0.2802094122059958 0.42672411468022664 0.30285110980029206 0.5857709132579583 0.6430056184002505 0.06374436412198903 0.45244208875831526
0.9170712189274292 0.8201241705654656 0.8952344980239633 0.5862492499160954 0.1267894338496588 0.08041492338866418 0.4482131620486872 0.6060468766688576 0.8633819504298279 0.1399855097829671
0.24445801771241582 0.9835575317906357 0.08419217458362716 0.5295939528566496 0.08920420228108428 0.8293604644423951 0.8834217043209542 0.8255293717243504 0.5558887133916965 0.4240580865039786
0.23857487971872315 0.6116873202975186 0.10422702212930046 0.5798955219492676 0.9139324064694451 0.9243348366621698 0.5667597802803929 0.9754416236074761 0.5730866033317816 0.8460999129613644
0.31810937217755486 0.9116044031706 0.7472973613527417 0.8620085568710311 0.3015370470521255 0.7741672677412504 0.6824042786901868 0.5679324836917105 0.22899368929596486 0.8561973327637826
0.24425730488993613 0.33059822120029914 0.693707916564112 0.09309040661258006 0.0011044153722813421 0.5383494666387576 0.6384576260991256 0.6936816539300737 0.32110174136727565 0.15314115795718797
0.6080221342754526 0.612765012502112 0.8240879658103903 0.37678516329779765 0.48091392322364435 0.3035284898551869 0.8089913621245957 0.3782546192922215 0.9233402164823389 0.21282630714366668
0.3417145258658226 0.19389441924433404 0.6374466430567916 0.037873279027140105 0.5330682116635841 0.10867357874860739 0.5862462682923522 0.8498604929148807 0.1623024848053366 0.05415440740105748
0.7692394461692135 0.8081560077110055 0.20900974902343472 0.8176428906413141 0.7955809564098247 0.33816735312922874 0.04465098381462762 0.1470233178332515 0.45575260870890344 0.3266078755563204
0.004682866587766288 0.15706927784894442 0.7280514337096581 0.09982219849750873 0.8132401419561326 0.7955625773583551 0.17280458866924753 0.6939902101662172 0.8645543345433295 0.5113401531463908
0.4650739285175062 0.2004435660463616 0.6787658333898005 0.6814286597365794 0.8957149361458877 0.7749921803395172 0.9445139343200548 0.8007150461351673 0.03100569871616987 0.23707245465791416
0.43666502027871124 0.9151407446498564 0.3626641692307051 0.05269336968400684 0.7547662053405794 0.2881960672046989 0.7029221604536596 0.8945698238930802 0.2662881859685111 0.8305305023028525
0.2834274330094071 0.9034977081580766 0.8584474632895784 0.393783605264557 0.0020958990233511665 0.23693832652712488 0.10337498462125416 0.632280328908553 0.02863780918018055 0.48394457736978114
0.2236242302978756 0.7700235938233733 0.027333483450402762 0.049974636381579285 0.8084893464188169 0.27545610872647097 0.5847356243733184 0.6708038628619839 0.5763290423476637 0.14275238569222948
0.04032645707872906 0.8016586175525893 0.6040702364728598 0.2059409247735362 0.8097602430874701 0.74586085116903 0.3522902436803862 0.6709458465597361 0.46317268646302323 0.03668549545411148
0.5027545077221803 0.840675905634428 0.2751402090346853 0.766797215882389 0.09501193467928759 0.8295784916497608 0.6982244930141858 0.2715473130289442 0.6996278894922365 0.9166144144245663
0.2286381537546751 0.8155746387112245 0.3978601093134785 0.06939931296192359 0.4304196230427818 0.7065701529209693 0.15106047004130196 0.08729583438775357 0.4636069248863286 0.5657269595980412
0.7378114689904868 0.7575301585587199 0.3222512794832081 0.32131299917966194 0.8127829010325447 0.3959453583473579 0.1297128984714908 0.8599673497213042 0.7985211798721408 0.15279330394881052
0.2615337999344153 0.16973459263037394 0.25985964500358727 0.5040057310192226 0.7702827265133656 0.23951666221550327 0.13036556131185528 0.41967415898672555 0.5721197945179335 0.9415348612866037
0.6612152628048431 0.8040075674720333 0.1214299684522877 0.6165592532748777 0.2451161885350045 0.9348255491728438 0.8477252015291762 0.10607670624305177 0.33137041225547437 0.7956840998857782
0.45811786523180675 0.5312324061195338 0.49290161328728865 0.39001967123608905 0.31901863317631496 0.20529465737045227 0.33204332402026693 0.3542369833446132 0.5223141756266072 0.6845557622488816
0.31911301420942495 0.445454184234946 0.9141310894030908 0.1119966784398767 0.846273537714978 0.7696591096723161 0.31839469858365477 0.6887069297140233 0.7489096304857831 0.937318349794721
0.4227421513195334 0.31996510700627845 0.2977235375835816 0.6860208141774814 0.31095151300680357 0.226049590877634 0.19698101323161232 0.8935258838823287 0.42389942514094714 0.5822633737574252
0.43781510800786805 0.31962580429624976 0.8101623128670932 0.05832019743658212 0.9502214936810638 0.8615205007917541 0.8877267893655948 0.46415438980043755 0.8733563089631478 0.5849428448224369
0.5798769957288409 0.577379642231053 0.9209735524633679 0.3020603572560534 0.6111783129489823 0.6270370454264069 0.757315437195096 0.007219640471564093 0.9535777559138889 0.838936152077618
0.5184965693635573 0.052887831844461886 0.8979937175801417 0.9098070590025988 0.6153982085076163 0.5506850920296864 0.9933689521528193 0.27064567939130246 0.7363165277185846 0.11619088481337381
0.1430117526289162 0.5240483289600694 0.5310844151780507 0.7412461507666838 0.4771531425065286 0.4959957760637739 0.8031136222318053 0.27376205359015215 0.23099778055273879 0.9294611243837508
0.1617803162413567 0.712585633629425 0.7491492956366544 0.965379666946959 0.9948035455223486 0.28376142591608167 0.9101416656604253 0.20593337893154395 0.30874299230783586 0.054567022728796544
0.7189094743506967 0.3357663052435348 0.45546887320112694 0.662990040708194 0.5503824949894722 0.9886612969295988 0.013432930106616281 0.592852768098195 0.5439904400845832 0.7903730004937337
0.12479698589167787 0.30857961908202314 0.9467160826333494 0.28272539480929504 0.4029510460677307 0.4786421991938633 0.78143622837936 0.7397467367360322 0.11968031468823892 0.46300511284792356
0.07764158510960106 0.7235286412185166 0.7572164811902181 0.21743528844318882 0.04322801735488824 0.5956602723422645 0.16763560923957133 0.7763263081991352 0.9789037080964679 0.09950228998151056
0.5205413094538669 0.5157285287735338 0.4408575404029035 0.5592296680959529 0.9396983204247356 0.46956456212229625 0.14268643724807217 0.20348638961489174 0.23025858887957196 0.07454920568062018
0.35418022354128664 0.6146590593429144 0.38044816350998545 0.85312119982123 0.10241467655833081 0.32919061572814423 0.5850597261325727 0.7087343630219424 0.3097044849164192 0.17001926662887157
0.38282252744768885 0.7041434793213526 0.11332012186440998 0.9791420300365739 0.12569765082876982 0.42086051212623166 0.003473190630955969 0.03646617241183381 0.40537343112799284 0.25674474840307726
0.08892750709072594 0.600525851899317 0.25071198650522275 0.3087306143724434 0.7536936969333071 0.6873055104180438 0.8796248934098181 0.808984752185625 0.2036174390655977 0.41532558534003805
0.5398323344354168 0.43532434957638877 0.9182726592106787 0.9883099281740294 0.505186380488996 0.2005164110358132 0.8214223533923277 0.6611687588262755 0.6077162223288526 0.04011799917280523
0.06241203037138232 0.8406947979202013 0.7802790558691023 0.664805451806325 0.6612113527213987 0.8092842854889418 0.9606775584240616 0.7206803514117603 0.9114220043751686 0.42815891211001866
0.3653307274608011 0.8098289662088735 0.35842063126891766 0.5759781853456766 0.5790621802675046 0.46345050307176483 0.3739078415873578 0.009396575953066755 0.1272959414037682 0.7311592569750202
0.8334855375006376 0.7940333121311076 0.1979266441612636 0.6526042554811343 0.1704862944626161 0.447486793621814 0.9623575418201028 0.5113392467757374 0.12713052434127292 0.4604399231552674
0.5086763900865638 0.4359150613063626 0.8531881306499003 0.9175665001646459 0.7446655872997531 0.609455400770543 0.61267331449992 0.5268629061565753 0.7543197335598434 0.0765157803147879
0.2507028669051874 0.48419349849204185 0.9987703382076341 0.8948150710566464 0.7454992695009778 0.24925203218405245 0.44099373727201985 0.1694676699568961 0.6246221736506096 0.48980562879539824
0.1434052130635447 0.3286335954907451 0.7598627892002804 0.16300172647801603 0.1384184065170906 0.8520426976121863 0.07183790710441995 0.9456825673728416 0.4042761822154045 0.5476384093311994
0.973171201384615 6.615268921239537E-5 0.5919352538101367 0.3866255034863961 0.958251340579117 0.36681594030592946 0.7435136535191065 0.8534954053156759 0.6079081694000117 0.11443636317595873
0.6187866543491229 0.7451412425650423 0.4189494699157671 0.7420948567667381 0.4034432809926052 0.3619647782702451 0.2913523083749777 0.23238531816983166 0.5112921494792755 0.07391550795120527
0.2100051211140458 0.5812121227161415 0.9123318778174074 0.3156917463272193 0.643247479190518 0.5938872955814735 0.9195779782533968 0.1678726906523822 0.44705659356500527 0.2296983664326505
0.6497646038847619 0.8145389750657789 0.6115810542601423 0.801617874216667 0.4365160762032865 0.33297898559491834 0.01582351479202493 0.8934895526994537 0.319309840227715 0.4673667150508658
0.4666263187978984 0.9439407812062492 0.3575288139650463 0.26583621266632684 0.6897148263714679 0.06443446888851823 0.9261278683822649 0.7191669202908475 0.6134052941870478 0.8082876746613074
0.3379156776205364 0.829332774322714 0.23968550988327375 0.28814860599312564 0.10717964035891014 0.8574576486620711 0.6327281247756831 0.2513373684240632 0.9203582155518246 0.8532580452214923
0.07149784590314168 0.46562019083325723 0.9116918392242116 0.9518439000621043 0.21096556058106497 0.042400577376470516 0.1552593866156684 0.33878634405324304 0.17554394154640274 0.1299751873659739
0.3795347618428253 0.23065134980197532 0.8687104164586547 0.7464163996042897 0.7865737461935847 0.6957367755823317 0.42438538663046244 0.3898069562699794 0.5151687096895615 0.6485389616358533
0.648484577470523 0.46296705346291744 0.7257844484623505 0.891515294235812 0.5031665578990744 0.4804774279894176 0.5048157843603779 0.6489967963774508 0.1716475576689832 0.4877167803689315
0.7866836131992005 0.6406449866775802 0.008057543134034839 0.11479541135086357 0.27451284074708804 0.37563557419629523 0.7246630106667744 0.2126813047037598 0.9036121323241126 0.01379115567531386
0.49788333125742923 0.0744787811798524 0.7367021145250815 0.8361737328484471 0.2848794897822863 0.8317341863365263 0.3058151143161568 0.09518715054309201 0.5340950539855057 0.7338065917140002
0.32301576120657716 0.7730286069900346 0.6459814016457347 0.6677562708879683 0.37056939188359095 0.5673673551038764 0.9942399921925329 0.45686724084086894 0.6509102348128363 0.2444178508077931
0.05326695024367922 0.18783429757099657 0.1277392537717723 0.35211365843436304 0.19408611019397337 0.05980930565233855 0.421807391618372 0.16987742364117675 0.008908545901216147 0.02291524970940162
0.6384165802194087 0.6865214095544504 0.6035579130637173 0.779500853968671 0.8983978372386469 0.34410208946687515 0.1573528561588462 0.5583224109127309 0.7203017292117363 0.26309129308254087
0.19163924863367854 0.44000381507112474 0.558763454668359 0.6730153534173315 0.4110158910869641 0.9115395257443261 0.7424814647998528 0.3127534324927279 0.6854000653573308 0.7582695197701131
0.7749746389923916 0.6359741380035816 0.7264299200153612 0.363669288630864 0.4622599840621522 0.7597297184108301 0.2783025316186527 0.9804616875739574 0.6138192732340714 0.228015382984334
0.19099829022351988 0.5609723288823932 0.1266995500439274 0.827140899553323 0.5729434755139934 0.29031302323929176 0.10731905301919797 0.8860502217288962 0.3305144453801919 0.05289317634153168
0.31152670529469817 0.7222644411967091 0.7933890051737433 0.6809219314361731 0.5906897102327524 0.15291206119909984 0.797601132321654 0.9829790551558487 0.22006059569107517 0.2803496217261535
0.5522576502531343 0.23139523613746604 0.9554013915472569 0.08316519442388648 0.8512265633437083 0.9990982062589376 0.4148194164176181 0.695895894502668 0.7077083689467902 0.979743450718463
0.9149953471189234 0.6445796243911972 0.28745336613463035 0.6993636829117477 0.2044613682324692 0.7203009483447638 0.09548948548487213 0.8334346716408227 0.6313131778799829 0.6191788548906965
0.7315765744340699 0.18016895481123274 0.15871641156170124 0.9547847099306978 0.17120495461950147 0.20901357465156112 0.29879502769132915 0.7577665134964876 0.4518072440537477 0.5027415854928524
0.4739647818660676 0.11749529673413706 0.847954263928467 0.3421912808973758 0.5345027229147128 0.19183840576116007 0.10465755246418296 0.1446212514787556 0.16211896360602618 0.4137035139766524
0.06450190105831943 0.4598130859750973 0.6715245064389377 0.3567859626678712 0.07218391442922834 0.7524683306452805 0.28546500429233823 0.38799186695696597 0.8691330618123102 0.2551094393389377
0.303417018542007 0.9302973600368386 0.3012442326629702 0.7626092463052146 0.7101196200789542 0.8873445704816526 0.05435154855701907 0.3576372639428792 0.6773414770974783 0.5398629499357794
0.8049254956158045 0.7057250105452852 0.10075917555116398 0.014044623614767993 0.6275762144781625 0.7393171749022254 0.7835497616610368 0.24329053028203262 0.23629814683804962 0.26208883293935903
0.12927698171514257 0.1972841259972996 0.652992178830908 0.24797332197420963 0.23887681005316297 0.03613744286318887 0.1946532815657157 0.3837596181574312 0.1200250469959332 0.762394537253264
0.24971316126460752 0.7097817797201323 0.31189579938370493 0.8899653016354453 0.17437899811924218 0.05013706212869018 0.6042965240843233 0.6266025267421231 0.7814109443004366 0.29203402388440525
0.6873919315383662 0.07532369332599831 0.31663228013479106 0.4732848499037742 0.506705114099523 2.1810772376384957E-4 0.5225685281086893 0.06762147000704122 0.8178115856455612 0.7733692258933992
0.373962312535811 0.8194281640634024 0.9361177975679754 0.22216103847183954 0.3365130239171207 0.9726476053543848 0.9593425904884229 0.2300260061018612 0.548041942540588 0.7630319099609527
0.80379683331024 0.10873201303836433 0.15038447021747392 0.5985735635247529 0.24028219311590193 0.9565938547082212 0.11066321096524012 0.4398654866665571 0.7414077896170506 0.4445345571501339
0.26219713219164686 0.5103039037817799 0.35934890130083497 0.7307106310901863 0.9681531957312929 0.6154608749787346 0.041549198629202255 0.4944542040939267 0.7651491481496678 0.03161849662619898
0.7615943067123435 0.4015747001430853 0.5793667112354842 0.1353698937228761 0.5934606951599146 0.6656008586204792 0.6243371355550013 0.6893567486676331 0.38957141662772854 0.7533339356254998
0.8874116808078393 0.9736270604264745 0.036565506545809145 0.6981210354828997 0.1910316427810943 0.7577606271006723 0.35741550419367674 0.9305475535513127 0.17526392708134142 0.4458242875700237
0.6045036853785704 0.013785798683124462 0.18967005172410312 0.5943825901869393 0.1454937591927814 0.17962683453242512 0.005427204949821629 0.4032036940412873 0.38231234658419977 0.10126084217292286
0.4627229142732593 0.7089647573875514 0.1632800697001605 0.9101611255272252 0.6537948568589406 0.4741745320238633 0.9494091293385787 0.06696508197544093 0.00859017130162254 0.7566954180970982
0.778111209135595 0.33003547047170256 0.6978695782085602 0.6696609783343226 0.6310350186263789 0.7304236416802411 0.09768324462925959 0.8972493243822542 0.15748057283145367 0.15824574615823306
0.669497113817835 0.9186864402615588 0.8308130375046802 0.8930219961586008 0.5018495772814656 0.2110178890278871 0.5225257609735705 0.1693181073243425 0.9322705296935112 0.35060119197785367
0.1670788927242699 0.6590670585944821 0.12229564974697349 0.11393556293042495 0.6603662190905658 0.5732384310519588 0.19376111202076207 0.39035914803748795 0.38563966008688977 0.9380616255006449
0.5511647718872814 0.9623087143070221 0.7929473000040019 0.48479836327378556 0.31273206823047217 0.9832502398551131 0.2716172850954003 0.5070986577193095 0.3519258793677229 0.2890530825946098
0.1500469509642851 0.9862641715773683 0.3114915067453914 0.5154946859674531 0.03303242648158233 0.26228114897517274 0.09372964171199083 0.3627463306730465 0.8441010993120611 0.5372745526180689
0.7535408628084892 0.24710524199094197 0.8787855448284176 0.5380743952563073 0.4248882524117671 0.010901626725423719 0.8945042756661414 0.7358736057821004 0.8966747627081948 0.32342381793641284
0.7636910693453733 0.6234964538436499 0.7206346493996292 0.8988687719191617 0.4990415107248065 0.6845854417858042 0.2816890674985576 0.6817386158486697 0.5232211799350792 0.8540533444942915
0.09031818451739537 0.7057690212877874 0.900107903120491 0.4654365856982562 0.666852961869143 0.4193881381791559 0.870615119566313 0.9083250274684309 0.7791922444189192 0.888869793622064
0.4433719614699221 0.47783211408216264 0.4683013300737987 0.4397581826066459 0.9790105964434234 0.1881086587511427 0.24995064037381998 0.9778055593113952 0.6765390212021691 0.6431924382487723
0.11650406688406978 0.4425783301763685 0.6212534219551028 0.41102506030127284 0.4791686195884477 0.5900512882086899 0.5858711596816407 0.7302561890340264 0.9889680066828515 0.5749236922951979
0.09004163841883739 0.7944948833268705 0.2538049951356044 0.6090544260846423 0.3181195004265548 0.3049561821468991 0.8293282304227683 0.30932880343293323 0.3710602155487196 0.45999076749791945
0.5029215525831225 0.2164319382068074 0.9855255907102383 0.058774180267469944 0.8129846496317054 0.36541941761672236 0.29176286023559495 0.9364713705987489 0.9497760143459871 0.7196385003681369
0.4015476017847518 0.5194810360649103 0.6694403813208198 0.741468536775104 0.6184571154247743 0.891904070719787 0.6194446975003605 0.36651210022887015 0.8449681924763878 0.3981682526878906
0.5214978353292015 0.17228327093433216 0.3243486593809354 0.47178201432536104 0.9871312876452254 0.5881033751656073 0.20003970343614919 0.07647732983075273 0.351469199323863 0.5798281505183016
0.5012016740294382 0.8735423793524323 0.8023179465063953 0.36119489733739507 0.07032336633256875 0.9879330883901473 0.25455710142819954 0.33299188563550874 0.6372708583875506 0.03579132551129449
0.8739147362843497 0.6319166055027813 0.7138785156449372 0.8972873790683825 0.889562143148176 0.3829031702526242 0.2341619334230709 0.5712428064169276 0.35156415213534964 0.991863706056377
0.8974581967716597 0.3317790773655426 0.7870731943280918 0.5902021461585029 0.9852764602229978 0.32227655925984344 0.28825638070884363 0.048123265170626706 0.01736735927748534 0.6682170012846192
0.425296896936023 0.8106736983129119 0.9884973931266443 0.16802237958988953 0.5194120686800374 0.1786157325549359 0.08463988743329487 0.6297917361481017 0.23368260468691715 0.5556488016030321
0.715771718697069 0.9618762427910069 0.14358847997095792 0.6141576708719219 0.422190768630904 0.19652286128923668 0.9344989594342807 0.29358018745955994 0.7122461476998008 0.7283548508291879
0.13996553502624232 0.03865190897119608 0.17159951026553322 0.18324739165305126 0.8825183387890159 0.7091985280037248 0.24761241212841023 0.49819493326142805 0.9077678269038213 0.1488114004310238
0.9571813068340793 0.9890563835557654 0.31296554725970016 0.4866555477380795 0.3923182760069345 0.4106033371955362 0.7627789361833711 0.8648230726234937 0.3050019709842916 0.2720851227569161
0.6578868587129955 0.43306004438554024 0.24130038732561299 0.9615641979356949 0.6761042810137357 0.13335765722090154 0.6644928098880204 0.5535638366422385 0.34109571539325445 0.008813430055213178
0.25789551942419775 0.5271096049832442 0.7903388168516147 0.5143323014490419 0.13032221318228443 0.005034862761688186 0.7118513775645257 0.5811506476796111 0.9605862621240706 0.5404598241595825
0.49829563594820137 0.9928316008278213 0.21217947074964938 0.9226424928143313 0.02742670235415534 0.9672929323407656 0.4252372415368515 0.9519393489596263 0.11945195249942031 0.7075936217368921
0.2501277281426947 0.6424019086122256 0.644721323509446 0.08361881632222434 0.3254785919524049 0.85057529638814 0.4592686203739985 0.5374672623518746 0.323181724583934 0.9003533024551502
0.8310765671087617 0.7672592291062478 0.48389246816128495 0.37628384669267056 0.7865393787623743 0.737246857187193 0.7487672287965444 0.891507561195401 0.8544481588717017 0.08652329231887002
0.15665906084420522 0.30155162222500864 0.013926248332160829 0.0642905898579329 0.520717854850174 0.5314896287762554 0.2630931549672836 0.7065608620078162 0.5243183876713131 0.9115177420978139
0.11683698266052522 0.08732880556125944 0.2834656889894428 0.674786008479707 0.5149273084269467 0.12666817238678119 0.11130400236888727 0.06136318709800581 0.0758013924099713 0.618868556921803
0.6900822366438556 0.2935023334025594 0.3667090571921571 0.8556428793002198 0.1069049763526273 0.539913293479945 0.8775021117417617 0.4626005417567801 0.2418254574850658 0.8705375930563513
0.6832064427609764 0.8415944328590608 0.8103122728334109 0.11836010695755139 0.3596166020817225 0.9172147887569986 0.9568496137970464 0.5110810116654255 0.5765031678151141 0.7226165766903959
0.6724059350499122 0.9130105421782567 0.9346264470204078 0.7280312123866077 0.465733811783819 0.5263381139045521 0.03560003473660056 0.7147275977777491 0.6569392010833776 0.9409666245125214
0.47775010016301533 0.4278513706460042 0.3814857450134559 0.49339166817661084 0.4564681447589558 0.20348520629136513 0.8937758104467595 0.9976441543225837 0.9141554004813524 0.25843776306759103
0.04167667608520076 0.04510461686645195 0.732709958100959 0.3556817215391881 0.8468368905749863 0.2350359289831393 0.29060821814891746 0.11402672691731808 0.9703641880701648 0.8939703483953129
0.8169844383657001 0.3175261826676459 0.4694134127370875 0.06962604908213721 0.3667133442457221 0.19828123171879763 0.6574585704490897 0.8438172491485539 0.9133526870268254 0.8157195594318118
0.06950076195914279 0.2988610640947764 0.01090384575288772 0.33609003985485664 0.5031894530540204 0.793273344586511 0.710700283834076 0.22782924207980626 0.8578114626328414 0.5550847149268883
0.9363353643020891 0.13161904907558264 0.025328783705378277 0.9848974684223248 0.31739238878274256 0.4383690527262317 0.4011223734306204 0.47584221488530687 0.5618412895272376 0.41402163484500965
0.6768262936647002 0.003883342871251916 0.807318171656426 0.046991188227504144 0.453612579466682 0.2194604166894748 0.03310527803289476 0.6622136816956318 0.8715139414753046 0.28024240535828937
0.5374805130290156 0.7451960463612322 0.8888483623800857 0.20481017216033992 0.6892073692017757 0.3501198607525724 0.0655353526512813 0.098372129767067 0.6472874458777278 0.9279666358951472
0.7050712900146995 0.20415691182582296 0.5096997292715753 0.4037975355005893 0.9921566936330009 0.3679156552650964 0.3997015126611162 0.8567332168739336 0.32644584362511 0.16800607145387714
0.32736866978425083 0.21184404084245878 0.3976150049201218 0.6598192845238176 0.2744031866389287 0.940075072875139 0.6729226168326938 0.41084922138906654 0.8418386663641901 0.880494157106177
0.8756606180648058 0.2614940294469802 0.9731248526626893 0.9485652180247033 0.721373809734755 0.03671741394497574 0.7191751505882656 0.6748137103140328 0.6484494057646365 0.25498725213573903
0.747311295048205 0.2301642923227768 0.5306565681031913 0.7334478356963743 0.31264200206988213 0.8373955466762872 0.3914415418920182 0.8720709293812904 0.7082632548140979 0.2425702899859744
0.9532610624389513 0.31457022776938637 0.7897699845287961 0.2259642522067682 0.44996284107451323 0.6301526554686521 0.029919951743501927 0.9689298602666715 0.5061991473913828 0.6377190045113964
0.7008926266635188 0.46129585797253325 0.04508492997980229 0.0029155912074495527 0.20443720060824822 0.03331783290607293 0.12379008652680612 0.7784776304964864 0.27430551592660224 0.5268585665987862
0.31648043167843465 0.6295938092494381 0.7607171287713865 0.5823909833531409 0.7649994735280544 0.5885613576114924 0.9732054836678734 0.01158120992777334 0.2999096611072115 0.31678890833249473
0.10604569982427547 0.24962239933346897 0.09798752933550992 0.01724453200118714 0.09956570189998437 0.43715507857207636 0.1869947969395338 0.33673460728113314 0.40099459436646956 0.7685226203623835
0.7345232415875064 0.8249388333879953 0.48010314779960084 0.3612759301185757 0.46493796083033134 0.7759152137550149 0.627743287506188 0.05125391923693712 0.7369204886177206 0.5678286043906866
0.5194945828584647 0.19823206259265846 0.7838393258040959 0.9379444327063522 0.2619779412448193 0.7990438151446908 0.3701522790913019 0.9824696547091937 0.15599737613778641 0.948244909761659
0.649271647500735 0.0546105659998668 0.2085232269947268 0.9608041352698848 0.3217995252088377 0.1492575413378079 0.5046311620780071 0.2769681715469763 0.28776739220183134 0.8089946054091041
0.910863048193299 0.6063621541191497 0.8624905625162957 0.06367186613609199 0.22307713170396615 0.6365521968941759 0.28287460948286414 0.42456714378289706 0.7947070903757947 0.030709330235234478
0.6694875585785584 0.49420256956802167 0.8854504484886133 0.36967913318162104 0.8294380437889453 0.32417079286029216 0.45575862477754103 0.15567480282025292 0.2860762992261683 0.2558647693892755
0.8991027739798154 0.987975954397713 0.703761476317432 0.6127938760655424 0.2518404853774574 0.5454292200909902 0.439415204060262 0.27820811564260384 0.7496106850260404 0.0662108151120595
0.29730778405439007 0.8880419432004449 0.20953509993887742 0.6022254136872587 0.689500365399112 0.09672696487203758 0.6091064238130861 0.4436795817003295 0.3115926700953645 0.13221337455453164
0.4054949957707411 0.7587822285633247 0.13190230588906204 0.6465778441047665 0.5931071127249236 0.6741884721358532 0.9619287085596248 0.6898851966672932 0.2325798470296475 0.7337175383956535
0.12693100309411898 0.487510246741128 0.20099879328443515 0.9160390970141813 0.7876755315684736 0.5849152058995934 0.21097655134106297 0.16643692730035198 0.27788564369678315 0.8389169105265692
0.7253315627481508 0.7034223025102374 0.41665280904736335 0.680767289458255 0.2544584100107551 0.19788416475110304 0.13104464979600272 0.05391016363840839 0.6650819366427616 0.29062678755931437
0.8813718562729915 0.43806521301652634 0.5519397729448804 0.8135597235229692 0.3200530881353467 0.4113303475002248 0.42803868846577364 0.5104691418307075 0.33474261678266826 0.2732820849493789
0.47448225980269665 0.015213594212733939 0.12736310160482722 0.3545925372782569 0.8574686301142086 0.3383510905207202 0.2629116395002876 0.7724711463059515 0.1679089110497468 0.1376188026233497
0.685383840550116 0.5562779635534078 0.3682181893829408 0.6033505850832547 0.5428880137630343 0.26394432912829335 0.7411825816011632 0.8768315035835484 0.28999706222380983 0.437376333771495
0.7274076429773506 0.5377527717938824 0.9426129183560608 0.5038047612299414 0.2107046699526176 0.8463444076674747 0.5490948833630683 0.020085181293863608 0.7648734068964664 0.10642717179180328
0.9111293533584939 0.4782397270987109 0.6106904880379842 0.7275392430220408 0.33879557855679676 0.24307274612480378 0.5485155630062405 0.3074572609577807 0.7565081653934228 0.5764798383541406
0.929777595679241 0.3308451503278975 0.7899938870349575 0.11811032887337547 0.8097061056155185 0.8854288801300082 0.5591867637218741 0.6383312437989369 0.7840232931089668 0.13400846723255966
0.777902115423952 0.35698062947666287 0.6539146472900923 0.14878335854219138 0.41837661542168336 0.6301866399454391 0.9864474687710888 0.1138809120402865 0.6372381638245315 0.34756816870425444
0.841707611609779 0.8326420268549606 0.879195820233721 0.9534216512861282 0.4232772119470779 0.9381318986687429 0.07571669570095285 0.6080380432006496 0.17527709331037222 0.1985080548189614
0.6381830991855426 0.6390826168606852 0.8970491713464047 0.8332915977762658 0.5084999738186093 0.09800952186732004 0.7756560170124351 0.8122521334785464 0.8748492964092454 0.9327723002345564
0.8467262256706503 0.6955305133226664 0.28626421764040255 0.015630175547583502 0.28577535029568835 0.6917877655910619 0.8069228847257912 0.023639343374693644 0.10498455904879189 0.26058248004003537
0.5395380565731501 0.959457412894466 0.2845198905622546 0.7658432578653583 0.31694534344458225 0.9213782274065875 0.10282720816415736 0.39921675421893543 0.611969195244618 0.5840533602538706
0.4469389551422156 0.8352356497032953 0.7478730405115798 0.7351456277934868 0.1816808221710805 0.8546656488010295 0.3051754405193744 0.12819917613226606 0.23576793529120188 0.47805360499264604
0.21534174822507213 0.858299427733022 0.9231312924398185 0.9884141674944922 0.40783663111715074 0.44463553529333677 0.159417349007274 0.5901552392426508 0.03424982115535635 0.812866985117283
0.656454955974862 0.35075755991203394 0.2316834183762314 0.4102349781720366 0.8815851670523003 0.5023870815961767 0.10731664977517597 0.7576483580580228 0.554101469129451 0.1425332449972988
0.12703923785987759 0.8455128084964226 0.717649188666122 0.8659304345823774 0.37327238118427775 0.913861300389878 0.9752844966678855 0.8844332408063074 0.20057187483372763 0.32238255518067904
0.3029951892046465 0.7471815174083261 0.6623352596646085 0.412233799208499 0.9678365735687636 0.8603035106568016 0.7079107025418563 0.4890623312024166 0.46843763854190146 0.623571514092482
0.556632779615191 0.3154507348884851 0.08848447088525013 0.1508362966569362 0.8437858100449209 0.7910382321875294 0.6078887050166086 0.22173278557859566 0.1032230110537814 0.8198608454199493
0.9517012218898347 0.32406178357095017 0.9023455232311699 0.7169913681860166 0.0734322022022812 0.38941762790323275 0.47737222317912065 0.8903499422092571 0.16729080454355327 0.09904542480358203
0.03030814088297107 0.9485941274696644 0.3829584689528833 0.44257547047707135 0.9437449948175283 0.8322872669879221 0.5768623890257725 0.5491968338766087 0.045604754488084986 0.043082750122736435
0.2755165792327364 0.6789954106432178 0.7131634364365537 0.5544504675886223 0.9493496471756125 0.6615971319728156 0.044168668204534245 0.5275116388932145 0.8995401776565137 0.9999195091861137
0.5425913325698198 0.526836074781742 0.5457319357235592 0.31875017063303845 0.7675283249211986 0.5335963733170279 0.6691028678614315 0.8310338696141518 0.175999538763132 0.6872613975156577
0.21311325994627184 0.019164691544940493 0.9538594559886627 0.3520511451554569 0.5733599339252168 0.7842432015610552 0.9737692539992736 0.8006641748617894 0.9183154645446924 0.903173103279483
0.14515327860605987 0.5353271564750542 0.9743320313793167 0.7516354813472045 0.32828885451104617 0.02500628198724386 0.881141893654586 0.9003933632190494 0.6731562870750833 0.42765812309336537
0.17818772488847678 0.3730426112116434 0.7134010664021715 0.6876875825869155 0.7174675123042022 0.06524017352440348 0.7967385736656198 0.2513191043448242 0.3151805463990558 0.06860369770652808
0.4653562598431592 0.5263763815600621 0.2523121708124454 0.41689177821876344 0.2133464562721742 0.12800518186971643 0.313397264562692 0.0777369327211378 0.6429285156018865 0.8981626374184439
0.9130528777823689 0.850118577686755 0.4171959090212841 0.6642356793893647 0.0014733596126511594 0.19592646665921198 0.5643505223474776 0.7109400380337612 0.8629315322153859 0.9333797359078161
0.6268628784828991 0.9796907516442315 0.6254320443221838 0.15073038389660431 0.8687234264960071 0.0809235685980495 0.2850142858748165 0.6605941680851689 0.2549269294918586 0.3073863548330611
0.31480311579486675 0.8084161923947578 0.1995581922255122 0.9702083252274848 0.4767588895666134 0.47299209144051424 0.14232428088070048 0.5445937040234368 0.28317771794593505 0.6526300791580241
0.8581044965712931 0.308276285039643 0.6653461870153078 0.11745337037336967 0.030066593173549983 0.3834096396538087 0.798355545293737 0.22650590382607683 0.02412342665634215 0.3513569873003395
0.7039318492326954 0.15773898031623812 0.9909817399056722 0.8998843140711733 0.20724050086509593 0.4796204875632445 0.39176039884865177 0.28354847139164874 0.05897499734504341 0.20502165012117646
0.7941328277608917 0.7306119869251075 0.5506411376680337 0.21120150481214073 0.31817426142644023 0.31360468696754595 0.748799709918792 0.18412228298042987 0.42457155563043114 0.21569161603382248
0.5531321722071217 0.05099376766361674 0.8325791719063944 0.7712957891039989 0.14354544435233862 0.20185799964986695 0.23108249816033644 0.13696329331325885 0.023133183428077464 0.6691906350935057
0.1033551137584251 0.9572473028419528 0.786663165586005 0.8339083518238152 0.42457417292304445 0.9304267877017968 0.9483610314360318 0.15683664229199146 0.21088377032190253 0.7501645475782937
0.6481130701367432 0.8966058102003533 0.8997734991320006 0.5017484607384385 0.821811848603765 0.7681073894320719 0.3237654641846739 0.22534868568284516 0.46941997600336227 0.020056873919985563
0.6028795591889461 0.02376289868342274 0.9834292342718829 0.46587337369881954 0.626073917092736 0.788410405816872 0.110743287178374 0.588999943169654 0.9178332188287209 0.34487526606880947
0.012614647218263997 0.9619535133532663 0.5933047845210221 0.5780876127817274 0.060116955111727544 0.867806234579792 0.7938586587122306 0.8872709704371526 0.45673636632842685 0.19346505510319256
0.46467423568543953 0.14207343984692034 0.515016412917756 0.3760300674708882 0.5869331273632632 0.16383847179244626 0.4307931701063423 0.42667581472032856 0.009423898205064618 0.6397607989240487
0.6964082399467326 0.8309147633243603 0.8378412141689684 0.29271207239062147 0.8733892321172091 0.42976512180127757 0.9347885350521795 0.07580949396323144 0.3054390482246202 0.22326021086272818
0.4594697660751641 0.13834018511765256 0.49417601792326826 0.40589979859128167 0.5332823185136425 0.31844256742389965 0.28291978796666695 0.8430586594888502 0.05599984355383447 0.9579859831377739
0.6979180009791413 0.6280311339862086 0.416960448780885 0.9063776891297453 0.2817617028981111 0.3213046519081796 0.34665184692456497 0.6825664431499304 0.0203379457948627 0.9668195179080036
0.4363119893426086 0.898300294612589 0.5125201549393894 0.00438575554135423 0.916640201156695 0.21073579831586853 0.8608983895685803 0.7530926897184056 0.13144028681786413 0.26878421519974005
0.8722027203524668 0.22745992159469075 0.767993663178712 0.345120150805471 0.5476753015650884 0.666243781578435 0.313187316790164 0.6045664994990303 0.5164974863330364 0.3032259004278952
0.3928976472722462 0.2496089545489396 0.01948032047417103 0.5899758629270895 0.6218580774111512 0.10508238460293229 0.28557831522365884 0.2924931902870751 0.34221478903938163 0.5566101106908454
0.6603877799929196 0.6267985187862447 0.1612013499827325 0.14116687079678225 0.6436427147599462 0.8729572551383689 0.5118399423549688 0.5031744831932007 0.07182273660148486 0.7126835927482907
0.5553030004402638 0.8758289400489065 0.042339059173116644 0.8725868239464057 0.6195459415513612 0.7248964355215403 0.8173663215351382 0.5232854112866623 0.026048237803245167 0.7010048348147694
0.8682391497383143 0.28402907418813494 0.5949763306978441 0.5864964566314864 0.42543460857035953 0.6131325233882483 0.33880889175740136 0.4941966087962918 0.3845124498100879 0.8264392213735955
0.8554412059576604 0.1779921121113378 0.184987282374925 0.9791967862378973 0.7140119838735756 0.9489021352204636 0.32695816919893617 0.37114066754145425 0.6901727528645134 0.35536375377660334
0.5194223213914523 0.49024598903839756 0.052246109112729866 0.4827428960371065 0.06455171919482894 0.7975218952247554 0.22569631902764886 0.45462091809821836 0.9738129278503126 0.8733867472164031
0.07056140293357749 0.47719577485281195 0.48466125860619735 0.09557658022967408 0.6949734923486833 0.5581760628272026 0.1006431349482052 0.19920324069949136 0.19761973731201166 0.8528351099456892
0.01309114269294287 0.7814928042489153 0.9829734648435386 0.4424315051422686 0.7791980481168216 0.056898640273534196 0.3253513158696294 0.23399122272736372 0.42910819652763543 0.9426980716205474
0.6713288466788461 0.585486098924434 0.7537651578684745 0.8608450713770509 0.7647737526269676 0.2067317152497652 0.3856071850791959 0.47876592929752426 0.05473212855979115 0.8638677305519834
0.42580298661692495 0.9799486091644354 0.0036300653490717316 0.42407178937604995 0.7945716623235541 0.3545907974811402 0.8517292178490845 0.8171980441599606 0.18523323128879854 0.631235459668532
0.11350174995540241 0.5623198290591311 0.4879863854110612 0.9322370707539895 0.5825661943999668 0.6096953639988311 0.8160127162778905 0.7290655154206463 0.9040531955983439 0.38246437168729075
0.8143578710759203 0.6978687767907118 0.8367454209102873 0.06742239619984847 0.7611413707118138 0.1313796713264651 0.17206373354219173 0.4005090154141535 0.08099894504128868 0.9501660089442852
0.9029474741555316 0.4201848042416324 0.28226241792341833 0.97438708170539 0.6429034676881749 0.920661246871464 0.002233690241958408 0.2666345613471818 0.483975113864225 0.6269868306435626
0.7990112816690822 0.037098528224923544 0.4521092767349355 0.4352814009058198 0.5636791289060102 0.8142147369559872 0.469375271305847 0.413950319950815 0.9432690617101724 0.32711232550676983
0.2647170538636364 0.6454983849383149 0.9627598133493489 0.8205957944317 0.9883957139389382 0.4036034868999986 0.11347720995964916 0.3290588819822249 0.38000674530047385 0.6063979251028293
0.5356114891611591 0.7726421607465078 0.21593230113431194 0.9644453601471265 0.5641693864699794 0.6071101416078445 0.41931597797428155 0.7506898401020493 0.8305302664045133 0.15833777855170694
0.6541233159576966 0.6596925211183593 0.31587692529865763 0.7029603592950886 0.44457899408419776 0.794760837544432 0.23812345505958876 0.8186547524504653 0.8622468997854292 0.4241141503216438
0.42056406089085574 0.520684189795773 0.6052468839607571 0.7810183626751434 0.8383181948599208 0.22575252164906368 0.8575780672869479 0.8478617250082005 0.3677491289486592 0.6398784907429614
0.66124523153835 0.7604326275635301 0.3743843710252769 0.25391384979018694 0.6598613807017658 0.1961995667864984 0.6664681680978957 0.24849411016177236 0.9796259908368582 0.8691823581107391
0.5141278491840304 0.25962394139828493 0.7020556193836438 0.04404259052825432 0.8882369649586593 0.6367638579840591 0.852569029767575 0.8033109473557872 0.8084104539333931 0.5371988043772213
0.08000669490299905 0.6542072967068969 0.7061678869741495 0.4436328648262098 0.23439034592573327 0.9452990814349173 0.007152821187933145 0.466369235045457 0.8637049912180718 0.4782825447725517
0.715397836176571 0.09709768402621965 0.24521269615855446 0.6464600125824844 0.6429763177967404 0.9182266271053704 0.9427834025576313 0.4090260975499235 0.06998340747439458 0.1398603625510244
0.038955190085725344 0.4190640596182664 0.04264056836159591 0.7359367202616429 0.12891250929606435 0.66319336250442 0.22141951758449685 0.38170359090108597 0.8832978948350201 0.042098070725189896
0.1764324772627055 0.3566278400625985 0.4877487546816931 0.4237044912262502 0.29393808738238114 0.06999340349238037 0.5492778298066209 0.8345666897326847 0.005663174065644316 0.8908596478218771
0.12309221916135848 0.6200560320098413 0.8817423955934852 0.5197155619945204 0.35817251048756293 0.6002411979625628 0.23842928440613298 0.22607857221472283 0.8859101159324378 0.475883602352112
0.30333400697374313 0.894451772730197 0.4833274722839226 0.9977623034660563 0.6537943212269425 0.9704665151009705 0.730882269189205 0.7025815899824318 0.5980880791669216 0.0797022654954439
0.3545836726218523 0.3400034171187114 0.40454705294896387 0.3035887871021744 0.6931246763429603 0.46788625239025594 0.8002335416049664 0.8399606539379108 0.2629615077588854 0.07660021370706693
0.9586925465931937 0.05024750040651571 0.7077477807612882 0.518328469332425 0.2753942263103609 0.7009475974020687 0.5132571711932628 0.46355299512207415 0.5898324518630254 0.5439469629247962
0.744905280634387 0.08446234692276633 0.15484734710918346 0.24840931103840425 0.7222080230574769 0.17380818278440813 0.5765907531948224 0.09637707030315812 0.9829899291504753 0.4477759650388875
0.15265554867489906 0.7848873621291378 0.10988298795642859 0.8527248827219196 0.5212410714984239 0.13932090463971258 0.9926326507771202 0.298190489000542 0.30082857173428146 0.5358658813839102
0.8819543898660726 0.8723330962935394 0.4476919735635555 0.3553930803030957 0.15416107865320183 0.26105392980387687 0.38767119543975914 0.8467023812888141 0.050507234102366017 0.7882896317385933
0.588986378304379 0.36401478492981787 0.7811737559319752 0.22253578131652174 0.13447324246925807 0.061748615736016754 0.29104242693278215 0.2534379393685505 0.024471361355960508 0.7790319144373932
0.6728864562572312 0.3323287963660889 0.3956982855060942 0.02706765066561012 0.6833301440058788 0.39187839496674026 0.5767947526686933 0.7043825109004322 0.06790651603572706 0.812564033269495
0.9178270120233416 0.4081532446708086 0.43376941348809217 0.8874548593322905 0.6288844337336851 0.9842198648737871 0.22209187955705267 0.9518457849129625 0.4420117146618764 0.26405801477193347
0.9269104603593704 0.29056420989717646 0.7710669749543071 0.7738973047454142 0.08315065276655076 0.9133120525435332 0.1856980354898753 0.5693365831678531 0.703795721294625 0.29719467980321046
0.4384815719509749 0.24822102725246187 0.7846377698849124 0.2356274520534356 0.9883702451684535 0.6252097852895451 0.21477608403319615 0.004099603510317018 0.9489457350498461 0.5133774760309908
0.9320048592527086 0.15581426707220059 0.6565762374652874 0.5513564553394175 0.44445846182898563 0.3940125458839546 0.6014288025012147 0.03894103373696378 0.903359473009222 0.1328283354821922
0.2933887660100629 0.2997388323881499 0.7564408620026817 0.5548103020743183 0.7452896497218975 0.17636861656530123 0.6375902512715828 0.200785610332319 0.6474586790505042 0.8818678573435318
0.5554914391683402 0.38652982709157135 0.9804347768661043 0.5803874060912159 0.6325137905427957 0.0307460147103652 0.7668169398731424 0.7509148285461562 0.6148276251005201 0.8001453961252267
0.89855319917315 0.5996818080717228 0.12569998818034311 0.8299606029120625 0.4925812706039655 0.53007529142567 0.16615146073579046 0.6620123301834067 0.025584002021534435 0.9532859848902488
0.6806316848080131 0.45748832709237586 0.5777239462827914 0.5285917864346342 0.10009767676022097 0.9878835061437153 0.8755733055127148 0.2590882524479112 0.6508551753369598 0.3850887272109279
0.46605676319101563 0.7368414573535662 0.8747506706284165 0.14040472502113288 0.2760764036565483 0.2308535615245204 0.24477747753387447 0.3822968062041334 0.016589596567868625 0.24189485361157081
0.9798863229686798 0.03399546301846901 0.37526181553114846 0.6101701681483633 0.16376707036330174 0.054586072919840634 0.7084188026628352 0.254952144782973 0.05459541961804992 0.6010211313188488
0.990873020939714 0.14972695886697962 0.03621393888791813 0.6135265139359506 0.11130157478556202 0.1920631926630667 0.005944614791222658 0.023163019008481722 0.21120444657372128 0.21432772172250292
0.12020542188696814 0.5078431266215252 0.6570725604549732 0.4995373191037805 0.7263311279323934 0.4818921866502167 0.4082479892950981 0.816048135919785 0.9974739746481585 0.7942819161228843
0.997059124980401 0.16544944598037647 0.2571876387452504 0.4319538797769068 0.0731659198404524 0.1499424787960295 0.23127320153217357 0.3771889364791394 0.4806512780038069 0.10864860193217274
0.496693550598419 0.6517681114268967 0.13424690804539152 0.9467056517168018 0.2108383229191767 0.49570922639559933 0.5401827302922908 0.8866751220711184 0.7991487217231336 0.5746531543540093
0.6675012289588426 0.20869697961475686 0.6550874236858816 0.08751146574865643 0.017279223969828394 0.41399282587385633 0.06366621438004827 0.6547781359267295 0.1600512129425733 0.14573239162433127
0.4982195956684907 0.9079448382721395 0.7158302831024724 0.6319423876923916 0.15984003475209596 0.7717506642356755 0.7364734834135649 0.3770505062061691 0.1298664032164758 0.5335341872690597
0.71674093760789 0.32182202863680953 0.7880442274757877 0.9277462074152788 0.008249022972693365 0.7158595932929744 0.21245264273146314 0.6287200019528043 0.2396193215343111 0.5025020944424486
0.12201955833818501 0.7410849833354086 0.4564775147198241 0.10287119762088381 0.548423071165358 0.10474897108441417 0.08655664652569706 0.10397946181045847 0.8314041117990346 0.49016298481131526
0.5080120218505167 0.5052269114903097 0.7199909328109431 0.04962194698380329 0.9531556526838803 0.8582780770638253 0.33186395490891074 0.7116433221707209 0.7151702511687689 0.8472243716929938
0.4740647283910824 0.5580051534391064 0.14196394078693575 0.599102083697858 0.36048015702995084 0.6068138452247601 0.6991788733929304 0.2892489464974789 0.07500949536402413 0.8400110112054341
0.46346814651350454 0.4116475818968962 0.22404822007248426 0.7600178448797884 0.767506914921217 0.42131712037451097 0.09789885718641711 0.23775491380612113 0.3598056810072954 0.32397921582591094
0.3179467823488439 0.9230634313583101 0.36524459707640633 0.1876379902005203 0.3849138794835363 0.028594141063233658 0.5363497525623246 0.4813781607599841 0.7632309578536642 0.8695183669143046
0.7706837641560164 0.608599111588687 0.13754535594678174 0.14395496739893754 0.6363243118067359 0.9950673556830465 0.25960734543531205 0.5727963001884883 0.6952563582639372 0.6165829079200653
0.3672553905445919 0.1826546962268777 0.7436049257383993 0.9067205757706054 0.501946449647362 0.21194091931847125 0.6979868959852982 0.5720197391632434 0.17725486161393356 0.3476242974955611
0.7488621261325874 0.9601613468500318 0.7579890783581853 0.7590138442894758 0.5746154868369301 0.2760843422439093 0.5980527163748947 0.18493835735115027 0.8642030663115728 0.12165810998862403
0.45490268987556315 0.15199299170741254 0.13154741561043004 0.5464413302708673 0.949433539874513 0.25405832245546445 0.8214681286539913 0.04022182456753265 0.8723442621149734 0.3070874336456588
0.004785716781477434 0.6724462761153638 0.9515196672773301 0.10819539774930775 0.5393384285925257 0.8893121423202821 0.2896856640190436 0.4743747610410154 0.43400281525647544 0.3162088052577424
0.05757387372687206 0.21369928136259797 0.29441082022485043 0.28135876537706717 0.185057796283012 0.6906678748104396 0.15190766908074627 0.6759235751977769 0.7311991863670293 0.6873791625166403
0.6813961332195564 0.19650378551743208 0.33387002548607614 0.3335166116670023 0.7990645554345783 0.977875573793282 0.6405918303957936 0.9806628308438915 0.8975975069123144 0.11697149101264248
0.9044608136050197 0.03025110545492471 0.524319659869874 0.6135260981110903 0.9925036972781324 0.8895007923571385 0.13682451402109586 0.808471997053901 0.8985359403501267 0.4259729242814936
0.6809919900933052 0.4880854512742224 0.4785703991445236 0.5189208754149871 0.1278996791053868 0.44004470185997857 0.5340507194886759 0.5644000721524258 0.7789846028853712 0.3969787859445648
0.5566615433710902 0.08114025916848655 0.10291361318943759 0.9837478872075084 0.4181921372094438 0.8854722604669294 0.1029724642955907 0.4966111393754634 0.03990903059753648 0.6561407133095915
0.7303847214739717 0.08560094976525445 0.6081174403533826 0.09362288825632115 0.656823371287479 0.18583818553109288 0.21606985371663323 0.29361352712086963 0.7984801153383279 0.8491851125890247
0.9071052739272514 0.4006234734207741 0.34440775578463934 0.9645486821517876 0.9698797598849982 0.08518037113257515 0.6834538122173311 0.22330924471956937 0.9937757541643396 0.8969073538276648
0.5469542388758755 0.08576511591045077 0.6310535750860853 0.0857961149010763 0.8884583106624822 0.9351467350976845 0.23203550949383356 0.05527840797667649 0.5071065698661421 0.0676684415828408
0.5205892163968014 0.21324025399669233 0.18788615316298285 0.16024992207899147 0.2594041725405113 0.6209115172375772 0.17983863166672276 0.38195364934484977 0.41803069229976453 0.5046027834504142
0.1623974373763175 0.37084818122480245 0.7013783927692234 0.3915505715198958 0.46038354209222265 0.8849220039655099 0.4223471385443639 0.3586709993842081 0.15978946366081404 0.05383588207890189
0.6094898156429391 0.6418106584240274 0.94933316747932 0.807716324930394 0.9290837784945026 0.6431235205597934 0.966865261870867 0.23985659227813605 0.4707129861501068 0.195490334590538
0.6650643091628586 0.3721056653542052 0.6964409390447718 0.7954375421840175 0.7274565371067343 0.03488982166302401 0.8858797194276568 0.39980049263733175 0.36364785687248635 0.3482255426503854
0.22293782315621846 0.2964157999702337 0.89175790403946 0.5957462600531924 0.26475608259991024 0.5054160427764137 0.3763969237162599 0.12067992235434621 0.9093167007068813 0.14523948776180162
0.23212826987780122 0.24087806212416596 0.13543815058011144 0.20625648291565912 0.12521063679403177 0.07941135393731014 0.7273442708623206 0.21495309262705709 0.21051584071693952 0.6379104236229585
0.9157229109228454 0.3429017477006736 0.7258693969413665 0.4017453333474966 0.3681662227397642 0.6172878005138025 0.23266282740269129 0.2593003094550036 0.24411050282580027 0.023549641270154242
0.33943812518460403 0.5420153283685426 0.09287118877755207 0.45572950342789154 0.5742462734969348 0.5475292707838634 0.21809397910462214 0.6664208791013878 0.1819336595851102 0.9951745489824739
0.757920527365434 0.5957375620350568 0.014111103829709037 0.4812358465978044 0.13739314131776914 0.7175183640942608 0.35241260398649343 0.15080083177189207 0.7380999577840492 0.3310208836417782
0.4597517193661551 0.4836942857190053 0.5997881376762151 0.04764638699429069 0.8896356954852784 0.3039007727027545 0.7196495212620455 0.07477716398053746 0.10019839333594727 0.8650458670204473
0.04720972409219559 0.2825966668756962 0.7174652827114606 0.1389194698718349 0.5862279582543919 0.45480196451396204 0.87146474219932 0.23968863740483637 0.10974188545242758 0.5704069143344367
0.38915184017840154 0.253362152121273 0.8703678192881498 0.44137358544191596 0.2697123252316632 0.6102322699937061 0.34519354610664243 0.5395985574407546 0.7906658351170046 0.5374337496304934
0.49307760064493333 0.38681993673946213 0.7972890560827234 0.059424063246723 0.2218950741074438 0.452299514266828 0.213231430847178 0.47610280904777513 0.7642469763571637 0.10567407521490946
0.5767970405081286 0.2414523885785732 0.4423764050498783 0.8061587488966158 0.45521802272655787 0.6899960700420726 0.8665116636565071 0.37432409582581005 0.9183468589054011 0.11403379345796649
0.9555826614100826 0.8889582935678243 0.8635458001568556 0.28152974075891934 0.29523386669173324 0.47906402289037653 0.8751536917853397 0.6026901644136848 0.25528350463552996 0.03982952600714473
0.47476190438250754 0.8026839157208846 0.9772547984014787 0.6914518737199233 0.07263240366848145 0.13862191106305222 0.8123328185925562 0.6209795410708802 0.6659432041986378 0.9108262705139645
0.04107535201902246 0.799880981516259 0.3461470803950736 0.26158365754413815 0.7384345667429169 0.9538340406736638 0.9755818942245642 0.028991320338183524 0.4611212954346904 0.07627108533575822
0.9725717851609778 0.72916875264436 0.02907130989634732 0.7235030505039655 0.004610347641787804 0.5770215630283024 0.048749156750539924 0.3067851175018498 0.530818557259159 0.8239085113120918
0.9832515323846807 0.6054755671341197 0.5577213758986352 0.589976577556073 0.5126491220988802 0.7654783825321629 0.6764889792549261 0.7995928192189092 0.6477321070423034 0.118449555782284
0.4351399920043667 0.7902165103786423 0.5613010917075365 0.2597857822905858 0.36580532912399566 0.6582180205096593 0.38337208409140744 0.9572033054765123 0.5350033738073007 0.4295661473044192
0.270140252536316 0.6267540272996401 0.3139781869739309 0.6989686682539198 0.9012741417673975 0.3094146736370601 0.17650474390015847 0.4679657424706839 0.18608841032513423 0.30892437716471544
0.7231658199740305 0.5306391247912632 0.36636972732072115 0.9103342640800096 0.8039576911838279 0.9050149436652845 0.8921071488056131 0.8887728425949861 0.56518247588454 0.4889012711089247
0.41610450190196224 0.8392188841938175 0.48193728403209724 0.3308160228396041 0.004429453797382021 0.7106134739289416 0.9541113334933548 0.6498248861389931 0.1918799466031108 0.3114314519517434
0.8416539859984994 0.01252271379224057 0.8251255495659298 0.968871482384839 0.393978443138965 0.8810564559248265 0.730907720810109 0.9701137655669857 0.3887167165572355 0.08300079881535583
0.12265963731729912 0.8916321691212951 0.9366440389271596 0.6220631151048416 0.3161327120959725 0.4313381946947753 0.33244141799660676 0.6480067984372019 0.7630935290756351 0.898371894238266
0.5350673546545652 0.3348476967302162 0.6318813762601676 0.08664463893302832 0.3468611505819589 0.8782910178114891 0.16459351664158794 0.860777664300661 0.1271011834855058 0.8165412426873656
0.8228911949848344 0.41686901369148455 0.923594293173403 0.4030310431167823 0.7978967445490652 0.845561056424776 0.23497252946209501 0.8152792115120533 0.8043779614722455 0.3211693782129329
0.22672662554615963 0.5710022171880744 0.20539325535498076 0.9681732288731479 0.11560549403650167 0.6407675347003209 0.4207967438858311 0.21515636069722377 0.6098641601714317 0.39589103128152814
0.2614800283335579 0.23632695226485312 0.7469427829582003 0.710945093579224 0.30095299109000284 0.9020333769134805 0.2055122389353342 0.25215789513931064 0.6468432618662221 0.5122321654776903
0.18542186494644008 0.2261483580606265 0.5071200700953601 0.47065387094591327 0.24693796371945942 0.6378555277293186 0.7593250939387693 0.9724508934917235 0.07976230904177539 0.4121849456055554
0.32581927502141783 0.724400873292974 0.032671468870027254 0.5708090359459441 0.5340311078943952 0.6942783069221082 0.376220279912827 0.02372193857991456 0.7979187534456326 0.8947958143926107
0.6938027095984284 0.4345641844169992 0.8953346315897533 0.24755582754590233 0.5004666956603745 0.04939557676803086 0.8357075613142187 0.6437425220927124 0.17422989273829592 0.3405099311535338
0.8134346315880464 0.4208225454807213 0.5512450497466916 0.810048200477732 0.02460097190856758 0.6083126929389894 0.08401596313159643 0.3225815012196639 0.18812257723696701 0.4607112919041969
0.2909653494381609 0.891499053552849 0.4571334512084345 0.9919791904824734 0.336008951693908 0.9309503339294636 0.032415471146264196 0.45349568512616256 0.9683902692466267 0.6032549036832315
0.19689546239861289 0.9562032444120486 0.7258830827191146 0.041107049088171976 0.6787106220784273 0.7276942182310407 0.25856993450462096 0.9045669477671343 0.22007035539806585 0.816282000571742
0.8657561857033665 0.9447437305318637 0.980118604258623 0.4066376539482943 0.8551813814058539 0.9892400714747733 0.9322276606204267 0.2953625329210887 0.1315403763037577 0.0388418587473468
0.7296309700445994 0.48990627925615393 0.5004292204048165 0.9706008637126863 0.6080289310861319 0.3405286259372695 0.5341815591621523 0.6793719300561197 0.7697782882447589 0.09254274148409958
0.48766328853656515 0.3580305966987245 0.3515023552375476 0.2548664757702389 0.674944605450903 0.016011220804018844 0.5154354997082103 0.7209473238931147 0.9218701975301425 0.26646923707118564
0.42454266455696554 0.14941583471637876 0.19490003354237417 0.8742858756014195 0.8624302444313886 0.7143612856416418 0.2731943770121945 0.5502971532273303 0.04129217835921828 0.9689124120457674
0.37876871038288573 0.0015435470876249413 0.7046108761335693 0.23084513156683883 0.008645348310881706 0.3030002788409879 0.9760596812221435 0.5952282867165997 0.8232805584351839 0.24316277371488593
0.5320300346127046 0.40665750374429055 0.33714710382812674 0.4140253456004297 0.5824328189644544 0.7824160928577831 0.33020389752876333 0.4654056284994893 0.8329002310635863 0.5679414037935823
0.3530862157315876 0.12423129529350341 0.07124092470108379 0.9272636217945355 0.434201145711826 0.29131940055226535 0.27197774135285757 0.623623624157404 0.11351458618730215 0.7713430894004353
0.14502402794078395 0.929264832466009 0.22566779901684464 0.9660941180074338 0.8680308526509439 0.018433970661723365 0.4341632319163933 0.16681421258580875 0.336664414363666 0.6439137128440902
0.37871019816667806 0.9182816667115572 0.643048885075299 0.8749502216399205 0.43942354428800434 0.29550422981115776 0.6498371970486189 0.6832269469494958 0.5444190244849499 0.8332831568293302
0.4658482498118697 0.20357532397203537 0.15145175463018057 0.2795773283812327 0.34893587190751785 0.5674021951527666 0.5195942342033121 0.30551044819016504 0.06273154068608255 0.30935286817957
0.6535535600609267 0.7980285101191844 0.9961291169304888 0.4815174133650528 0.8510779338450494 0.38562838967475443 0.41785640493799725 0.7745273056740934 0.6130044234543199 0.4032433128296574
0.08320553070545422 0.1411783540824224 0.7858516285839667 0.5892837058173129 0.03596978039099297 0.6457549428495097 0.19846248049216597 0.4259975995851685 0.8558618322087492 0.5210197717461352
0.7270535639470511 0.18372715297790565 0.7901644012308284 0.7048721229621727 0.6771296940759488 0.4103034812592776 0.1780913737922264 0.449967080501838 0.6060729280359752 0.818734766501854
0.32731334584895533 0.9521267869509024 0.2268180623896896 0.269507605368122 0.5343289438490524 0.3271643667997379 0.8308769401097421 0.818234918078176 0.25383910428383194 0.6807795931730863
0.7480766326471759 0.6050483460303977 0.5170082714993617 0.46247522924722617 0.7207270488111529 0.6990469376588271 0.5744734677053388 0.7719810479792418 0.7115359703519849 0.879277673621943
0.3971880831180994 0.7954626834321347 0.5874405713532012 0.7331380117001142 0.10666421828714423 0.08883061103538592 0.32562605217059615 0.38375438049604105 0.6259037116420861 0.9967541496426837
0.8733539745963347 0.6198042983525688 0.8432851677812803 0.09852429437081378 0.5598239714766997 0.19441477662172146 0.3638995943885752 0.2056981113795897 0.0061441665855905825 0.5841825764798776
0.4863056050961633 0.10149684572050277 0.8085877301407979 0.5550269429153094 0.3873996826740773 0.9082184700369714 0.8806636940047412 0.4684988385197333 0.6240755298289679 0.6964648488752276
0.23113230445753086 0.3803350360971163 0.9675715236488163 0.7087728185690764 0.12794671330535545 0.6324597491864343 0.2748827693064879 0.36027683905918495 0.052204102322632284 0.8202997104967767
0.5713405831501759 3.211438072027173E-4 0.5815412360871423 0.7291937153042226 0.7694384529429451 0.2714769672138887 0.35901045403736 0.07684100907809321 0.48121080095849944 0.7862108747700345
0.6013246133450278 0.67314715349506 0.19494672540203906 0.7564881249436193 0.17945991857618382 0.9144900200748936 0.6817477758952465 0.1578847791811847 0.1649580199296551 0.36634291707667077
0.8734155076478254 0.9873211161552524 0.8768700253438311 0.5563553311337973 0.6103808031148696 0.1823177969005192 0.8871363301420505 0.9994065508509383 0.5968638967990764 0.8097157647960095
0.14629843442314894 0.9068107785210707 0.6201800641728679 0.20308920072434455 0.3767896598992079 0.993767014763515 0.5920831107292537 0.8306206564806632 0.1476539639765312 0.2923106350481748
0.25226502085802194 0.8089961509092928 0.5923929887430769 0.9014378505885411 0.43760653107384795 0.1439171426414193 0.5607436540668826 0.16173838409590147 0.665500559240433 0.974115175436018
0.10553963794080357 0.8287853059594594 0.40554592195056793 0.3232946402681367 0.597412010087064 0.43769567787711516 0.8211369423739481 0.1232174412018584 0.43293550223645305 0.20068932284459584
0.9509491768884566 0.5611827888168798 0.2559289452410798 0.46013708342561277 0.2700497828284647 0.12644448971961453 0.8469695656328989 0.9315040761518489 0.321336559512709 0.08264699816556587
0.35278234919911344 0.7137577434423424 0.6402364585691525 0.4771503546656589 0.32501772542398066 0.31922394720941394 0.5090714088794588 0.21315380601146972 0.11703182472141449 0.7805393543208158
0.17222505669820987 0.15681635487491652 0.5476354623061952 0.22926126762959687 0.019221388388217076 0.7291118409818701 0.3823795715272066 0.20886129791031283 0.9000521866198079 0.9409451432276069
0.10579606041505618 0.3842422770961914 0.1755669569713869 0.37009523453569304 0.6621149964565239 0.24058282852761392 0.3254659632106781 0.14983976113290254 0.3273304739089338 0.8262272357016993
0.9374128211135719 0.6416550767617619 0.6420888727389512 0.5875028463020525 0.6830102407866742 0.09817433120845775 0.3827251043612524 0.8677612461335766 0.4498589793448762 0.28762582620673294
0.8768737391758854 0.6986032254198489 0.14364639099718368 0.7472624433347685 0.5804336824414077 0.09816182319333688 0.8001876020486538 0.06083230609123036 0.7242664589078425 0.20948211659380955
0.5545691897254594 0.31392959101183493 0.011859719310954198 0.26144949027620834 0.7030215610157806 0.6711040256839058 0.8032894125065866 0.5153835723039644 0.5628724728273954 0.839895839856956
0.9561653263346566 0.07232779047246518 0.08691154448990235 0.03950285407270748 0.5108463121188349 0.6592294000451623 0.22072134185365377 0.9755749585112604 0.7050632634137254 0.2866187162466496
0.8050074454758608 0.23767022630953993 0.38218926786350493 0.9760598677986817 0.4196869446661178 0.4821964098606376 0.7177479921890882 0.5925602210272839 0.9424704449656921 0.7412002742460471
0.3303529814505497 0.185289248920263 0.7519000831023546 0.20615623167299868 0.2661220952331187 0.13937146648600374 0.443282200560717 0.8759451886965717 0.049712556662316 0.8721827040017476
0.645679843962416 0.5295032269092729 0.9804744558758619 0.7694925954985806 0.029107152362181976 0.586158825266413 0.11882098792998608 0.5499603453377012 0.8732937215384994 0.5504666641734219
0.9557662990138608 0.27090501984289184 0.6328643640595542 0.9033848977343383 0.5876828240966199 0.7439353466326545 0.778505241697281 0.49793170739320314 0.3286814353935539 0.21593860284437372
0.8196650526499599 0.7449963599233356 0.08462001644529027 0.7890916381065337 0.8215654290755737 0.1337688720545107 0.4855967724644483 0.20297167386995152 0.9177720980579984 0.9212914482306376
0.7278864108309303 0.2825080421833347 0.2893044179717664 0.14692371963044515 0.31162972486668306 0.5674306646629144 0.8322377382434855 0.48005349984106205 0.3771868557414785 0.38203472519673987
0.2679793920315021 0.7931730353738768 0.1409183268778621 0.8784951032540532 0.7638758677262287 0.7674802646638578 0.010257438281006004 0.3926284403181196 0.22653514585947243 0.28445382777452377
0.3182906128285493 0.7879144648688878 0.30622485454274695 0.8343889692003353 0.25966311047305646 0.3317525488993286 0.8079334015017222 0.681671268189438 0.5324793732851094 0.04734314455752031
0.6431575692355151 0.06660370719923991 0.3949686441821745 0.4152484220956072 0.6762073442936946 0.29489188659618115 0.3310385177331582 0.7605997156908165 0.8197943397239732 0.16843112473449962
0.2854395570314652 0.6550841876092579 0.5168974439631848 0.8448283431432583 0.47711750173759626 0.1872567166977116 0.30937571192239477 0.8781306988908273 0.1284289103612567 0.010387132846761737
0.5385248690212416 0.8895218306767694 0.058249758739845725 0.6639673164518535 0.3487507076021108 0.044285942770257325 0.9786065098480013 0.7831661391119401 0.07275879129818197 0.27012861418236367
0.5073116168200045 0.4599350187259965 0.7651370495812546 0.9419827391475476 0.363186640796483 0.20013021225866479 0.12093367259092047 0.5797166952662302 0.9458078417502154 0.6329326592648097
0.26680982805048237 0.9577010386299811 0.5183104887448574 0.3720095812832708 0.944573120851424 0.9089791448671122 0.509640115303611 0.20227699745554317 0.42037431070803544 0.021826176803559916
0.03173972757288179 0.07178531852146586 0.047576072606365094 0.37276995076204833 0.5675147019038392 0.20516516359779968 0.7872797951956945 0.41768608347403136 0.9270172543895047 0.02323409449092073
0.14772207530229864 0.1713691540258271 0.9921454114138549 0.45277909238849845 0.942230199058408 0.8460206310341563 0.47425156084075537 0.64119392418679 0.9851514337170174 0.19038302414930763
0.8944083868204652 0.05256424087618272 0.3461480547511485 0.8737893578127576 0.26268086167513294 0.4149575104207631 0.06547689727386319 0.3931857564039526 0.48060466815112046 0.013089086579207931
0.2963477911802943 0.14622380598637819 0.32017326904175947 0.37619927197889524 0.6851828982688077 0.5098091191605593 0.9429869794230524 0.4978911601295768 0.4265748724455404 0.9910307173596665
0.31481923021604563 0.34284210339527454 0.8369684888558584 0.7761857673397327 0.5437068613246058 0.5447164136107635 0.47956692113879895 0.2936524234528666 0.12377243527174486 0.880270706625414
0.8426906051987925 0.7276532382979553 0.30233858897828203 0.3165576118960689 0.3247929274795125 0.7724905614438231 0.30449571786795027 0.1712969528205558 0.8115635458644542 0.3006239961495074
0.9471359155289579 0.20089857050758908 0.44402708142477465 0.032999444952296675 0.25356776078913923 0.23628418154200592 0.27127100229297507 0.7463285333775151 0.04017792444460344 0.3235700688633707
0.35741326197845613 0.029555318071546877 0.088207196462043 0.19483649911371237 0.5696470872136951 0.11053749923140432 0.43656035164792706 0.2936238228485816 0.712676415363926 0.8140076353704652
0.5356702344624147 0.5104589925249842 0.8945823337636989 0.28316879833101416 0.4877886827180159 0.24563081496484707 0.010137385275788335 0.6998189613496633 0.36567810076166607 0.4095956581890474
0.009811133529483707 0.8716865006925809 0.6495289168938199 0.49581017972906394 0.18618697238980741 0.22069919249054426 0.15103038347354547 0.9164508353094627 0.05423666822506035 0.40219729053000375
0.40387268309815905 0.37839487552061923 0.5278758235993465 0.5126409412499217 0.3915609200281146 0.19500072709326244 0.0024497659741025135 0.6021510938809292 0.6562726518681667 0.07864052681284084
0.641276293235939 0.9982618372932776 0.28659189585010103 0.1396010156296723 0.6340978486681523 0.7685517688732598 0.01730475704749357 0.5288834221184451 0.44627257126851694 0.5023602947465821
0.6910429608322406 0.4055969227052746 0.10976021510398448 0.47558452103336346 0.6294131189721218 0.6840542229481638 0.420435168584848 0.17759097014634329 0.04035135405565071 0.32134204274944334
0.5009858934273611 0.12556581569288072 0.4487943096649848 0.7430533616617359 0.5646361959107382 0.8691659457777483 0.27935917994617565 0.37303197980594516 0.8721504193449888 0.09712259145643809
0.1425769188264654 0.13239463135638008 0.8130616382292621 0.7974881983566908 0.08032440001344998 0.20375933079137154 0.7617876022685568 0.49450637542381093 0.011452845069133133 0.3185230723318052
0.8602768153864155 0.6876233802949662 0.8852114374924636 0.3181960245845551 0.161052747611376 0.7519493201956808 0.5979164276459837 0.7652132633961027 0.6280013276030018 0.7245161084259801
0.5574179515837927 0.9343092984373135 0.3369733601485958 0.5969675621908552 0.890267835669962 0.6024546217404776 0.8442496840297267 0.9628574356307633 0.6780938648767949 0.6735177459337706
0.0981438935190646 0.1265189138535131 0.28253679282112887 0.8232297674930985 0.4574939801205392 0.07050911164577078 0.7722088355734835 0.030693487020597043 0.35052031000949124 0.9999206394556341
0.7004829427805426 0.07459201278763972 0.8585047251036447 0.5343914947567747 0.9995246529781513 0.8154167825767116 0.0409712317658113 0.002433842785434126 0.5538292239598612 0.35944860515150145
0.13252617787464638 0.7077408771225203 0.09562857650710543 0.005889285605817918 0.8362415891334444 0.4834204473949639 0.42488429799541316 0.2154557328952168 0.8144424639545965 0.32764283956329443
0.598183970023713 0.7069123632790262 0.13498513748941576 0.4229793796540816 0.6537104527298065 0.187431587031906 0.8695904667589652 0.38174765932839805 0.6435544678199558 0.15333648074525763
0.26052202393950985 0.13096785332756666 0.22999313590853665 0.6596936736727996 0.8728762352068828 0.45307417061083377 0.8689580464014364 0.950388192695391 0.9319777975951709 0.8323141945592349
0.6517684881605944 0.36472688749452975 0.6088505656405384 0.9218080938726199 0.20530687331858466 0.9922804877286905 0.36145993304460744 0.6425285455640758 0.6611647856213761 0.13458816024460063
0.5654005373369942 0.653001539222846 0.5958897616864238 0.7505135753998553 0.5749281936775946 0.6873173122175656 0.017314645054638977 0.711454321540607 0.043712890550296035 0.04907923052530472
0.9260527961618389 0.8732713916086534 0.8044152099522319 0.370208163229757 0.7165936261603164 0.6837192765022551 0.8571657059911736 0.5960584907539407 0.6990352048898678 0.28732088985874016
0.049253234184700845 0.042091274729942674 0.3203418082534585 0.8640466531840166 0.8418044311444037 0.2823886619328221 0.2431157377141544 0.24381969952142613 0.15396366301712172 0.5765835310919465
0.30022459439930027 0.6757844341294023 0.6510588240898398 0.5193163817806858 0.485226722020628 0.9994391068722862 4.6531149629036594E-4 0.6051215620903563 0.5613888359019842 0.36414743444204256
0.5573567037649875 0.44168311310308017 0.5761916302042588 0.07420790278347345 0.6622577244445935 0.41569020055788 0.5535707462987774 0.09857426735443309 0.23329093577409787 0.7180609382702222
0.9027420709798307 0.27748380697046715 0.6182359933436207 0.7690922778870417 0.6303114816904717 0.2826648757563677 0.7349960418705592 0.24913308187882066 0.2714713274770232 0.9434586459754715
0.3737930887402886 0.13666630429349802 0.5664371769347732 0.6381046671668903 0.16039031832517525 0.38322522609004417 0.2998797806460404 0.06760325717871407 0.086865990131484 0.1133580778440606
0.3939591878735005 0.8789820682192666 0.7049401269785918 0.527893969983177 0.2996690652425955 0.28545886971456713 0.046582003316647635 0.010052568001029272 0.9665510981523977 0.04290508165739049
0.08760228144336324 0.2864786985828196 0.18744096002016097 0.8851807334180647 0.10216137581095353 0.8790723188515979 0.912758546278187 0.7953235352532559 0.5696008718789558 0.4985231309427879
0.2079572857035884 0.2952404561060942 0.389732503450959 0.4767485762129047 0.8880982750094744 0.27346314953629336 0.038694979796400575 0.8129725670754093 0.5051171625492961 0.7386933344088985
0.9547160548522156 0.9169714806390395 0.28620263008948665 0.28627773376459054 0.8815932463362828 0.6730534979901419 0.8258076999004503 0.9954168925870063 0.11743404608039565 0.01962541876186874
0.8191656049434491 0.9368255252700873 0.6171716486192333 0.8417413974645378 0.8917845962022117 0.4637267580870339 0.6796004827680694 0.6078159122448936 0.6272468744154193 0.9834762274769253
0.5131507977898965 0.8467232629539287 0.2247386548302449 0.9627763341406375 0.31934935616952576 0.2577943677500023 0.8280900110249338 0.5063548883849107 0.6588889419901856 0.9737610148355014
0.4597045973400149 0.9671464205117989 0.7724566625398364 0.25548664251323583 0.6656109766409959 0.695428735233017 0.21694698043222105 0.6873618967100411 0.4319685892720032 0.2150308925194372
0.6474124931008783 0.7635320395020727 0.6687135375391765 0.8266433828063676 0.8260816345538596 0.6076625596517227 0.5726302566233379 0.8814249545189781 0.9719993498904521 0.452738649497449
0.47998722635277924 0.7425146577614953 0.3783231047789499 0.42243236963219577 0.39797598810057944 0.7577220705192921 0.8190332488472724 0.10186160191895466 0.26454480435764804 0.403582150959513
0.6427935004262545 0.3631029264831481 0.12781938322054553 0.12912576774366957 0.6089234897564854 0.9196102087916478 0.8591549444591121 0.3271308221383822 0.4589222148269825 0.1237295645915939
0.71796532099895 0.29128264677924 0.9367076767602334 0.592790392309574 0.07182658913175066 0.9795870892888755 0.4717145108431301 0.3517912648985242 0.8419537253605761 0.8975429356845356
0.021217995717789817 0.3144886411647537 0.7920012624740138 0.4389952725800059 0.6317295410006373 0.08973515817710143 0.6072394498566952 0.5782545864234814 0.12403502664597954 0.29620368493104954
0.8215096341661924 0.893981026364195 0.9324241940894277 0.7961719523034846 0.04096435037287072 0.523497392556541 0.5358856563179546 0.5178321689245765 0.5864482047118385 0.7956077110643374
0.10751886578447112 0.8256284858482118 0.6304781099738904 0.9706633575252998 0.9781407359516889 0.7194147050945852 0.14013292384118947 0.7285320777027154 0.26104132907309807 0.49576362894251547
0.4537634300835488 0.7882893379757973 0.5170694290458716 0.8885481566833853 0.11728572321541042 0.31786573096398085 0.6527053906385705 0.12095383060504594 0.6849227854453745 0.5975484969306971
0.3385058421404986 0.7473710164969783 0.5496099482957568 0.7381480953516458 0.11127986078463059 0.6411545856374424 0.5098820366870594 0.12280673281663623 0.9805848314057787 0.9930274757546472
0.7029114677285982 0.6408377005075879 0.7986048583271548 0.7249439191085516 0.7374678073620397 0.7126502540783913 0.8722025852872345 0.29551697630394336 0.3459213333516975 0.5667276220127221
0.2969110450928619 0.4756543776025689 0.6410144929856915 0.22279042813330352 0.2748587643519036 0.30683517844544983 0.1109763444895896 0.1596915584622144 0.2420986102855267 0.11949960289916162
0.815657518366951 0.7022527076969484 0.9755362083454553 0.18531262306369678 0.8567137845242269 0.7481668505199706 0.9756317707230006 0.3046017015893684 0.08646865859875297 0.57425510013182
0.3282743732069382 0.3890574896951866 0.19293658655118862 0.11078018513829457 0.9377053166328484 0.8898258960772633 0.7525900176563585 0.25318304990524165 0.4920930668445176 0.7424086323723571
0.5778051588547165 0.49252310276073386 0.7743393787918347 0.35232846930550654 0.7025227556384483 0.38906671389833203 0.9629223260439536 0.029304929795991308 0.647512030154328 0.1878826856155592
0.3810587008279097 0.19272425768677048 0.18572685312624715 0.1809669855621786 0.7471950256649208 0.6174776755672848 0.6885958359289114 0.25733428414757464 0.35581251051354224 0.9667801888669003
0.2756882197623921 0.4506762551136292 0.7747582934649175 0.8673716948547917 0.41305054500073346 0.19360221848924786 0.5837915495405301 0.8225409027349624 0.3096091598533294 0.4181406417464619
0.3987599864297402 0.3297019653815253 0.4463864104323625 0.6040947979287985 0.9267981693406222 0.6717926021287515 0.839878911878886 0.37000945408234676 0.08016660742407422 0.9855514514591742
0.1887988493927385 0.22591993055236026 0.2398260002880167 0.37477173044445355 0.8824799096343493 0.6627184732763276 0.6045687466778233 0.032917040713420165 0.9596015050773986 0.8398875393579828
0.18750527321142574 0.5670244810380055 0.4974865638450894 0.7515130608703983 0.4289303300641827 0.973609135765127 0.5850795239757339 0.899905094271495 0.5830701142872546 0.007323236437946856
0.9868124876505387 0.18681757405119082 0.005938123763523984 0.0044118277642875015 0.8399198901661522 0.9441723348009621 0.2225041977153892 0.5755467841729135 0.24436249541098587 0.769357172361738
0.1836073972894895 0.9664092114920791 0.4023741868303512 0.10458167902427362 0.43652059296140366 0.29942971432957266 0.04374560370780367 0.30543823775300694 0.02780032113123343 0.356384880686626
0.23331093214138077 0.2807304010971763 0.8330327348590626 0.039088031908663834 0.29870546084811467 0.6537939167082578 0.6653130978457542 0.15420003664794524 0.5393130608823751 0.794950916514095
0.9527718988715168 0.7082267541733946 0.5814242027765164 0.005400671049801464 0.9951883954036765 0.47005707741432334 0.7299771699594088 0.5947652796607977 0.8107082960695786 0.16093589275850473
0.43385599034151645 0.5876723238094645 0.3659088357532657 0.26555458485333816 0.02957068776122873 0.3191703893534422 0.5459314308957974 0.12298106012082533 0.2572468740198105 0.23443797106007636
0.5661283085717113 0.6524402118813243 0.6532031608462194 0.7951598653420258 0.6526462327756948 0.796495033044421 0.8149966524501868 0.5131094488771634 0.7265970494329763 0.5229673499015934
0.7076679743715447 0.7808891287256811 0.5149411634384233 0.016976341417789365 0.6340194081330934 0.35044549373796374 0.9809368127769926 0.5157622351373997 0.22711069229424674 0.021889731214226438
0.21798453533672613 0.09150126715026763 0.8397588858365507 0.3483178161403734 0.9829224588891116 0.5711074857086719 0.0036804008144676326 0.9367391607096057 0.8583053398860093 0.6970555524131199
0.21001462965464524 0.23088632260648267 0.6279259798007844 0.5795484077535358 0.12332008462838295 0.4985927120340139 0.8258147538571791 0.4678918816974913 0.4827358563725723 0.1145889815247968
0.5761795738930254 0.8777282934116474 0.3668525312197216 0.1289831212871192 0.7802246151924759 0.15081948902876452 0.20293837758743372 0.5423530241034156 0.42551365255260176 0.5953589819151347
0.886517844911525 0.6702947687260143 0.2945191483376647 0.4573322454021478 0.643901704700952 0.47343351978064974 0.6312263067061131 0.10723286935126641 0.8181188051366993 0.7533182902113403
0.38813620800807247 0.9914813468110335 0.5878018951024667 0.6702856969903835 0.520740332648747 0.09418283950831996 0.7389305455297868 0.1262920519359273 0.4225140756126735 0.8823987269649568
9.369234810865379E-4 0.17387711568388597 7.040544202268073E-4 0.9668960107961262 0.1315304828247026 0.7618367382613284 0.08166050193680674 3.7787386223753217E-4 0.8887003675533606 0.8088461742640894
0.8041923625197039 0.656487734399858 0.26370497961144534 0.8081891870036247 0.4103996652292754 0.8854177347298807 0.8654601101889559 0.9099129157730074 0.3756639007383087 0.025742371957891308
0.1445889158056889 0.7011418486537497 0.13295386495428518 0.7671365151556887 0.22449779506664091 0.7109486383400502 0.7413311412760738 0.4049264162043783 0.46719445171858487 0.0030939368184822458
0.7245157321126799 0.3049611239803852 0.5431658496017726 0.08811031198481534 0.9625990042504663 0.006080982056257289 0.6974850756242981 0.7856209071376806 0.9584676050295755 0.927498928213674
0.10841790913513016 0.5984463142326909 0.020228813917304578 0.21969926883824453 0.7201515092852477 0.6219679370831352 0.9019039334692394 0.899997770707707 0.6978689718365584 0.005379628197879405
0.22688340417348762 0.04769579015753489 0.7012452886610946 0.5058742003568012 0.582113322721413 0.49880068388388754 0.5015416622056462 0.7324745313044442 0.5157100539036061 0.17657309878162397
0.07782673482247815 0.26313383926179057 0.7966761475751499 0.9217014832144815 0.2194548804688382 0.9368934621923651 0.20261698278347584 0.44469272107459357 0.8347831993507685 0.27230012329008046
0.7898343552749465 0.8131073533799963 0.620210686763983 0.1439499226158566 0.06990019986136986 0.7075561997086282 0.47897396396871117 0.5609386749485742 0.7677892011107245 0.5329150652892164
0.0957363605133894 0.6341639305175782 0.8688766217945072 0.35500272823810264 0.3708581033663242 0.5938366608494035 0.47558370709979525 0.5480065867055688 0.9973371187979451 0.02422602264702234
0.5891796495645458 0.9842295519244932 0.32376154940589286 0.3195733298972111 0.30822569917107456 0.5752707023149637 0.7882164713862709 0.7332763899619351 0.09237376875014802 0.9825412831233259
0.6309393899989391 0.291859087171945 0.678707907835872 0.35505674125491127 0.29761973348437065 0.27590501752118524 0.9575442653228191 0.02373453658940894 0.930590050620946 0.9320484480869979
0.6155812187235237 0.18396658835580504 0.6117576962114877 0.5732793599538726 0.6365180781517051 0.7320240553633101 0.5689772799980038 0.24923393476135658 0.8127374313063225 0.5858915315995883
0.3866661323298246 0.7238057147857336 0.26637246877941634 0.017416605935452356 0.37181617814922463 0.5843265199559129 0.6040577239507209 0.7501997420670846 0.6181574890333223 0.9247305341349928
0.7368874178958525 0.836438805900208 0.98407989612425 0.1945292111260244 0.5855831314651995 0.6159810804402391 0.15402140644805362 0.4860878594104595 0.8605981534006167 0.382125349060882
0.18838274643079855 0.744610117547957 0.8578631960288722 0.7312551529904228 0.48362978035007653 0.12839932068969484 0.7431040845594415 0.9571735751311241 0.8620964354479642 0.02138081076033227
0.11113912002296256 0.26604909505220753 0.5901029555992376 0.005532654442048979 0.7012901373632817 0.034170871345405196 0.48335525367775867 0.43778665655433957 0.026017618902124617 0.8082511315736378
0.9001931487743817 0.14412538244007211 0.32711724988323665 0.256801098993256 0.346106763767257 0.1430152491288026 0.7122917355725191 0.8211463703906604 0.6170414853427812 0.2409794490619025
0.5446376874538285 0.3859362416172589 0.8943642915404171 0.8050290072456705 0.15856498577697165 0.8915409150696434 0.970964816904469 0.009833571586848278 0.7578917800156083 0.4445195200435583
0.8358170670679346 0.38192859199324314 0.9153348500849626 0.1473805965034547 0.17342841327164138 0.5189189144222495 0.4373423896501274 0.5651463423482314 0.9449546562903335 0.44855278130960974
0.4841919149325514 0.4737705665672207 0.10936117921155708 0.21070505793067307 0.7425030326354108 0.29424923707073647 0.7158618953011018 0.8947217365450921 0.1357913414116575 0.4063021945802694
0.0529692894474213 0.5452420739612072 0.028416254627615878 0.35679293661210887 0.2748403047033986 0.061529452678362184 0.12925209253587155 0.8305930255926377 0.942204511766069 0.45850480703597274
0.3336382503522354 0.13538615400988874 0.21301247181862637 0.6320917686714816 0.5556410074641506 0.866946695728065 0.9970437600274519 0.0771461046181976 0.19738609544253116 0.3677158996524851
0.24906574323884145 0.8431561542616286 0.2781973396740871 0.5690384816454663 0.7167358265497743 0.381064998555421 0.4035039021835247 0.8162110375871576 0.8822911120042706 0.8339797018288208
0.691954467586494 0.3155331483828072 0.5411715897961235 0.7551958733190177 0.49890400602890694 0.9138408311267676 0.4460738132612583 0.19888132357056476 0.27541470010680136 0.023541048316857327
0.7115341460253407 0.6219252266306385 0.18413951700093623 0.6399552742670299 0.2219919820684909 0.05987448576519239 0.1569335354077176 0.5628189343370679 0.11538490006265756 0.5955420804484958
0.9237643800935921 0.13007286176186938 0.5246793284132789 0.22578690503790666 0.16846983931103443 0.9996215815280808 0.15134190739064934 0.8501283722326123 0.3741375246582106 0.7735226912261607
0.917608175655161 0.2542731435305299 0.10935769809600204 0.549110613403891 0.898506823090998 0.6422954515171853 0.4763268520110987 0.8028466022675198 0.969949376252156 0.4831266247465207
0.1927567622694384 0.3652267238457162 0.12579662317774576 0.18017313836905313 0.31176964869293333 0.6288678362344924 0.21466486239106142 0.34729720813792986 0.8974369031802282 0.5469313406093075
0.9263362973903374 0.28005732719938803 0.06834570361066528 0.42533258468448265 0.21798965085092614 0.5480205834355419 0.6975536786384068 0.9897243909403332 0.01206889505397346 0.5021226744639865
0.7145191725993516 0.7170303364640582 0.9204589181600666 0.8904655706348072 0.3930706454883234 0.9613441630095046 0.9537391007238268 0.7066063760710228 0.22920547608521302 0.9752996969787827
0.6596370771344635 0.8563060560253886 0.013485112153626133 0.5305553351102102 0.9014065349561312 0.22186944637176909 0.48501981727972865 0.4748255522923073 0.534704508110808 0.22762321059267288
0.5175131679378877 0.22793190393780438 0.5706451729895333 0.06574164611417588 0.13256282427509858 0.915634050466195 0.023058644994040645 0.3285446541238465 0.7613904554387438 0.5675409274311249
0.5295850096244891 0.9115563892784327 0.08340064107836587 0.5641915633528555 0.00908525569716312 0.701026636029978 0.4584450667517457 0.308433135492553 0.07195223642422632 0.7402817985261425
0.4393945611725987 0.9175139596920308 0.6352566096425873 0.28118557584174153 0.10259847102825548 0.5848473895002129 0.21126420108608668 0.37015427643513266 0.9660373274767432 0.14419228566798392
0.6357123942545434 0.3925851461489349 0.07845104032810069 0.28403429141998515 0.5813355119643158 0.3052206504928292 0.4574519895046759 0.8062413253388646 0.06247982724265044 0.12288518878735921
0.4306082675958306 0.30060607989312504 0.27825123721814926 0.5941954005812458 0.5907095251736509 0.6156769955343694 0.56448928109159 0.9002586693949564 0.014903923326324842 0.5463183003716725
0.9289638521389074 0.6410389449701295 0.11712161725157078 0.22972914449072024 0.6295413822692456 0.33598292388787054 0.004176490617758599 0.8441901408082867 0.5216697723712358 0.15866347119957214
0.4881647248380514 0.33859582057778914 0.449382207042053 0.6496116329463256 0.9712549985178025 0.08586922544649644 0.7831220744281407 0.7071723698250156 0.26369187712161224 0.5496452600124228
0.31804246935470004 0.24313329377324755 0.021810660416288208 0.2811473484360657 0.13803539767715156 0.5080396903507363 0.9000881286422872 0.8219718759796368 0.7235973003111779 0.24052319891022866
0.6997304597419587 0.3785333048979156 0.5357394429327408 0.47563577418228176 0.766026274665339 0.45521250550631165 0.5435025221649039 0.059094251789508 0.6376688885508593 0.9857892043057538
0.6792372629980119 0.6575052380547879 0.4834788627529234 0.8865292784654464 0.0036638896950478284 0.3290537703675974 0.17543428673779182 0.36933617793969264 0.4418245591251091 0.5248037831426147
0.9416427340609336 0.7996649552736703 0.31139556695522963 0.7276717649814172 0.4188657415892284 0.3614363048632635 0.5064261861879399 0.804299817042712 0.5814325402298057 0.29997762665129113
0.12242390248978896 0.5444675959034131 0.4618571965747845 0.05405633290298084 0.5128063860104689 0.7933474457935432 0.7981992086261951 0.15936042084190316 0.2520929274659879 0.043820638297550896
0.7441844534241642 0.40831999673012087 0.2478086610715302 0.34923665175862195 0.5603298986618507 0.38495271678006104 0.29092770687256986 0.9414118078985935 0.7677919920581593 0.1584548895034813
0.6637816068637419 0.9943273858998437 0.5913854591995019 0.6155493356184927 0.03471197568361839 0.5609015974683002 0.6441952700688758 0.6391401760827229 0.7603473378337856 0.8283735169295401
0.713431788211052 0.0996134118912293 0.8892360336759475 0.48725154440617857 0.19565507614047817 0.41516155875647764 0.6146681024753193 0.18944294118333982 0.19922123135776404 0.2587997669014148
0.6598713978541898 0.7830946380073972 0.5827801280968493 0.8422794482186973 0.09536784916165508 0.2548402203858612 0.2308803983059916 0.09089476128165785 0.38612829793052506 0.08456154949258532
0.6812141546913298 0.9382169071996183 0.04526486728069201 0.023437790380997803 0.8127605557998812 0.9160787415105272 0.1313524467579894 0.1429685732817394 0.6800636145720296 0.19267341634236623
0.9680715723552419 0.3708222197575315 0.7361067751389225 0.22041763102776246 0.8877170594055992 0.628773693250386 0.6247224480000704 0.19527079876357623 0.5042179992954915 0.11866161359589944
0.4432023581602238 0.6004897285777383 0.0066666645329386265 0.26420689340821724 0.8767500520071536 0.21033741994427846 0.23095490110338668 0.3097004848046543 0.8886444288007446 0.06305409306039589
0.8149687786099918 0.6009810745842851 0.7134587777122651 0.07743718565393964 0.5718930544285844 0.12978822552534985 0.74540731119691 0.18366649556279635 0.3265296960672269 0.009489823218840843
0.5398669691205565 0.066549268289395 0.8511347065486605 0.16834767243774484 0.5533494547369697 0.8781495935219924 0.21013080119783878 0.6958981479767476 0.43567422210382756 0.5668050619798197
0.7771536236121895 0.9586897419818624 0.6578208772008144 0.7908231512301787 0.4232414388303205 0.8135326761517093 0.009914681719969232 0.737688408598183 0.8915799503888642 0.9895805175700902
0.03602659582996792 0.5534009690833978 0.17206469743920672 0.9849772095094083 0.7859448852074413 0.5016056620855601 0.7680460656937914 0.6294671447854716 0.35880277159330864 0.41846042774115055
0.10797243228480102 0.8012803923091165 0.5894222891871104 0.5067313277549403 0.9962496809830329 0.6547684770551131 0.8854618188022029 0.021391004124381663 0.9204856363805725 0.11468108567806634
0.6619308617476477 0.9390360600477429 0.23639065686017235 0.32363707366402095 0.03936242302963777 0.27472822421273324 0.7369564794284515 0.1912584022438234 0.472909766188109 0.31240303108116185
0.8791372709009152 0.1865985894558403 0.7618610398620056 0.6487789550831246 0.9891082491805809 0.03991207715533274 0.45254161395143966 0.6157387903578789 0.09627891072440253 0.07547479300735893
0.9923008993945112 0.3424444489964824 0.6565895079171717 0.48407974941827203 0.11825641038007684 0.44598506756052025 0.3172207245525711 0.9619966326028602 0.8716950070424682 0.09814757096590399
0.04769854203682644 0.7925972543584754 0.3175074547605551 0.005937854869232262 0.4164770616252069 0.6275134601353164 0.5177590091172648 0.6647700191160497 0.5274346633181406 0.936108314874548
0.5594754747504775 0.09577954272192069 0.1473194805811855 0.33520458639135 0.4689506149049386 0.16250625983968947 0.8530322088809452 0.7854297397440146 0.6583572939076646 0.47723103405139267
0.6067359570078706 0.9461997025300435 0.14517155545485216 0.8535401435233935 0.02713383565890415 0.8182784644900585 0.1608950963480026 0.23922949916023806 0.7668572843360008 0.17101415494801442
0.9227883312321522 0.07245049816519578 0.8287591426763445 0.15076661012841908 0.28080277351632144 0.044038316288080304 0.3580070683140373 0.8977053326693535 0.6716280790187925 0.3202519870311893
0.4322250753800031 0.9600709027520862 0.3127454394485647 0.3826955082325435 0.638531435899174 0.7881567281475449 0.8516059070743522 0.7759775202232972 0.7741740931645015 0.6146826665262611
0.7485284579485482 0.21870661658153767 0.8365648662495618 0.5838953569232664 0.5166395744560122 0.7297083200406674 0.5788666064962982 0.07864465109483543 0.5681521053104761 0.6488885995896922
0.29888818269856166 0.812849506807117 0.8235083477966589 0.6909581609749317 0.20189379143480002 0.40618082401447353 0.42838839827502484 0.4602707921140874 0.6320352847589346 0.8384523157666549
0.8933116357689991 0.17631765325377702 0.7024669526792541 0.39312554567973956 0.7215358308705513 0.7119592826741118 0.3708044131686207 0.4424979778234428 0.12318421218291109 0.43026518763062227
0.8044401017336485 0.7015583691140657 0.7270089149056878 0.7208708727104716 0.9593306387847257 0.38315669453767043 0.29592384401075267 0.5830505220935509 0.6562212731177294 0.024050621319680388
0.32841827521545897 0.08024296565759437 0.07987561420652667 0.619554374173927 0.0851879639244999 0.9995575462349112 0.5497296251959741 0.10392986700026297 0.018797680337123146 0.5898255583550354
0.614490675437086 0.14432376982040163 0.8039152706946601 0.8230520474925405 0.008553975212498455 0.6779690744511152 0.16663436321490055 0.22666158555458127 0.7747100700717662 0.6155327679824396
0.49362875547380314 0.9677211863673773 0.905469330815998 0.6579059511312673 0.7653588710487592 0.535361946510852 0.18442982562852728 0.22939661578028048 0.7022763874919421 0.0639106910929349
0.5194676115550856 0.11719932086637119 0.13895052321494183 0.06678139735687094 0.9511292654762985 0.5251800292399043 0.5482654132942236 0.10996590516669336 0.6924586532415479 0.8994285838915058
0.32631487283559346 0.7440015115925316 0.010590797735014812 0.06369536730978453 0.9183471363475095 0.8345833315182338 0.4957980388391696 0.9147423195694625 0.1170894371896889 0.28452712335543173
0.28027461952515986 0.1708033877871794 0.897007631957411 0.02357848634920645 0.0667977072146192 0.4407626019848544 0.9615339062781071 0.057602344043293785 0.40650441642582436 0.1873226878303722
0.775021346278743 0.31497659466124883 0.5253757716493335 0.9943510957002043 0.22716096807517872 0.005552365791766434 0.14062037914415404 0.9167539652608842 0.23482344414289225 0.21633224598074763
0.13100177512037792 0.5906432411040284 0.5247642056487145 0.5080576117634019 0.629255654508099 0.21222564291632506 0.5603572062845555 0.3481843560320471 0.09009358328122308 0.45575667859346014
0.07649919723026144 0.3182660816731573 0.15389281355566164 0.8940667165864218 0.9690529143860476 0.1675525901209014 0.6740221197986688 0.5095802582743336 0.34867413285656035 0.9496503854509885
0.1048559993471363 0.43941358485972803 0.41359417434434653 0.675381541825707 0.5578804057471803 0.18505004519159107 0.4219059818064066 0.14251563384184873 0.22489570235198797 0.13525652024788093
0.451128213036624 0.8618389941216681 0.5401728916500305 0.4003180632759076 0.8212988746311747 0.28906452238147007 0.4075219079932493 0.6363325473654853 0.027576121341171378 0.8933742212593052
0.053581461912123096 0.750220612702489 0.7793005030352096 0.9459257104930138 0.5852419905063785 0.11927064830281398 0.2746996904481751 0.2954431428101959 0.12696445041118332 0.23345214971709694
0.15389313434912022 0.8130519290005146 0.49285977569829054 0.47439568098979557 0.6675805832492572 0.6348058337159435 0.708744667012577 0.08185072170965058 0.4747752450178554 0.8078938358478206
0.3409917369815716 0.22659732556924694 0.1401684952908122 0.45530340291893867 0.5118429004343147 0.5082018481107099 0.8401901835820803 0.11375610547301518 0.6849568739294599 0.1266700645982134
0.006554412158507272 0.4710198263672958 0.7903131579978268 0.43896640030693423 0.6370580836415732 0.33124188338573335 0.02419626007834319 0.60453071326105 0.785625178193721 0.27073550110336864
0.7078356979091281 0.5483392593921148 0.30706714670651714 0.11169181572587683 0.9173786974646494 0.5257196767764589 0.27675563987147955 0.0375783818997113 0.20822428596931464 0.1600446104236759
0.6313807761957247 0.9015240014179775 0.6483486508873937 0.9425919668943795 0.4841947203016991 0.03777931068969509 0.5481038143153976 0.8332744806378926 0.2566165558278044 0.6763810692491318
0.7280725939094544 0.7816046985573293 0.23780150191877492 0.8824374673118717 0.9019146768375128 0.6991764324477817 0.4347535611148835 0.7939906753306919 0.7677403940742589 0.6581066888401574
0.607787725975394 0.8162022612426524 0.699399912213642 0.8642970112263347 0.1996240642601239 0.3446454668094465 0.5081774595690158 0.2600370357050047 0.4611228380596729 0.5367781963334207
0.6057316507689147 0.4473867618415015 0.45264605411341985 0.6282091425645998 0.040724371668726334 0.9919385147522669 0.7572579360974341 0.29915852903774776 0.3044328388477242 0.06597352570430093
0.6804525942336094 0.6365544853929287 0.5047399263577848 0.8206920829084885 0.4308246979046604 0.30849431920005366 0.4932507843563073 0.8391100036598234 0.2770745077668171 0.6703399144620436
0.7968840188907574 0.5143790499383024 0.9589659055222586 0.6555048801559001 0.753138400306473 0.22270178239243832 0.6933324941456431 0.4690304399847094 0.07733657036063446 0.7156766926312801
0.9609531740115961 0.2983360558519016 0.20049984648032293 0.24382229396271116 0.8860950694612699 0.48306977005982954 0.10810874377162605 0.5411940141118411 0.42774898623068036 0.8447724881976351
0.08285636409026187 0.9504208241909557 0.7900582045452047 0.16710932497318065 0.7086025667284126 0.6481535199806328 0.429168440103768 0.1387101160930192 0.7280889215977547 0.14282974893228462
0.7847035518016251 0.4232007524413065 0.8635756329220143 0.9598256168779801 0.39629757893627626 0.9047951811022523 0.5074136975331264 0.7034774641353702 0.3790908740567288 0.5728580641701089
0.2686664407306447 0.4911214977272391 0.3268241806743595 0.9551360035695231 0.7222467428083794 0.09121303226758637 0.5871413056957328 0.4868955476272885 0.3486374061941624 0.9657511714027165
0.5109375413848979 0.7119938115981614 0.5751140793333237 0.8166489588446806 0.7160675585428209 0.7519480427867526 0.03349116083455039 0.16635258303637301 0.6254531512070026 0.05035861101696315
0.6347633762613175 0.964928233406354 0.5406073823797233 0.0025791938517563118 0.827616642589815 0.20899808782720575 0.2938189545129768 0.7143169226477395 0.4556336618405906 0.08232199652183603
0.08571642981112604 0.7978848245084406 0.957121417348179 0.18348482806455313 0.4596590105734504 0.8111169354135694 0.2618390557352548 0.9930639299139278 0.49037693223014445 0.6714967859462132
0.6305060911494496 0.8508148664472841 0.17151110490359578 0.13683780474425788 0.8558230319460379 0.3628278728466312 0.6751782844379935 0.2338941505251535 0.6978372877933399 0.33927161795953664
0.6264144479601099 0.3375692036120226 0.16183929405239528 0.07525453089684175 0.7863258627147018 0.45592771872507587 0.24357549150587832 0.030498619649480085 0.5700036611885806 0.16000743097081893
0.06441554193803334 0.7379339665197352 0.6387343601595185 0.5124641385617269 0.8982138792263965 0.07698715822002722 0.4007654925647265 0.29537411787710055 0.45195635328253325 0.8842498194847119
0.6308617629321821 0.8150559850843637 0.9038844496168114 0.24237863831577477 0.5761141710564863 0.5705640968357452 0.6256416750479467 0.6874914623037925 0.8539403927747342 0.11254380856754198
0.2190875957074342 0.005988338074970567 0.1679421327230901 0.4904284373960408 0.483776753362277 0.2536407912379678 0.36826104258749626 0.7884968044851677 0.19770165924901995 0.12295635287439977
0.6653017820089275 0.38509901237578514 0.14175000447930264 0.8092392247040451 0.869166816703409 0.7343977935046753 0.6274282784091625 0.08143261970514626 0.37187516250937724 0.6662607989040704
0.8977552140101973 0.35074179593201005 0.21541236735822755 0.4274794551620287 0.162830282949588 0.14820139842402913 0.995887193315834 0.9462782116055812 0.7044339636093774 0.5717641128611218
0.5425454146722497 0.09211733209205442 0.4381178665660639 0.9441524077924746 0.2801192632607076 0.024081664666394387 0.5565947989699013 0.13462878155211688 0.9339662937951384 0.07368645161725662
0.39483973837341135 0.7410040447016865 0.7696789211260191 0.9917206973570156 0.4551652543776863 0.602617326874061 0.8723220216487425 0.8037875062527159 0.6096351992841783 0.9206855343185886
0.06518238708114299 0.96548974799393 0.8575332104269682 0.5993339310717422 0.9438911410095379 0.9857488513343539 0.6572035546908152 0.2887838493333351 0.15900572027086723 0.19553299287178694
0.7744333350678168 0.011587225137820512 0.5186155139906284 0.8793107307147467 0.7936470401679095 0.18346198527254043 0.7022612709617736 0.5578344767085327 0.9235355390735508 0.3021964461450466
0.3784352407085412 0.8133978620738948 0.49534355984561407 0.5712545269165724 0.30015531922333394 0.6824996903652841 0.5998910694389944 0.24912817311102253 0.5165832253720446 0.3058865320188131
0.6385054216214027 0.5711469959275138 0.18338338699069545 0.2222348596361634 0.17339300043406547 0.6773697086816594 0.5804953048079012 0.4192727423012832 0.3545803912130322 0.09834511589181216
0.8532194160581925 0.01493037654136986 0.3734068575823466 0.9999458183947022 0.6809924095067219 0.23114740086543706 0.846651241769265 0.5691402837185431 0.5479549486732701 0.14425440595070715
0.770728186443193 0.6344844999287063 0.5403910074799585 0.5483848680865159 0.7019901284918071 0.8582773761467326 0.6283448385559831 0.1521629127063301 0.1170228238187705 0.6117385313517403
0.2021979657350752 0.24395118718860087 0.48592401713908506 0.9502314857764635 0.22971530863879241 0.9072326114585055 0.45190639269193456 0.9424686868420343 0.7750460275058711 0.8452381527404674
0.6521672648973157 0.9757993502987627 0.778391099418658 0.8827227640081856 0.13781927770524238 0.5590950932233676 0.9335265541350569 0.2528295238656163 0.05477796246910205 0.5754120916907386
0.2200975465678907 0.8482723487219305 0.23285319270507776 0.898522951063542 0.14857512624902813 0.7186056031208597 0.5968938452923682 0.7805753792282506 0.057994070925445285 0.22913868327517062
0.8616855897105994 0.44254866899564105 0.8700668840899367 0.4620924951300971 0.8014043305858001 0.8548433127076167 0.547995284593562 0.636883764519026 0.4947784008111026 0.782252970286546
0.13427752201997 0.5539621839712693 0.33871492771786194 0.7857321620803812 0.6490359205899594 0.3254146823981525 0.2959970568777007 0.02278698305950866 0.318866168862426 0.9455897508537103
0.7967600049008479 0.36898043125600266 0.5759358270333896 0.5762842450549645 0.9488061777353687 0.5949576869307354 0.018036642789200363 0.7735739679414302 0.22842039067503794 0.07656119601197031
0.05252140467610822 0.2671581645971225 0.621198227858544 0.7900188392254915 0.260532992044308 0.31812762711245157 0.2615021731640288 0.14985328062375514 0.6126594977930756 0.12735482890492622
0.9795113310706479 0.5840738801935513 0.5431259815764088 0.24424347443128613 0.8064326167727618 0.6093773349128139 0.546860288604796 0.43436434423162806 0.41129241165085706 0.5684967243226641
0.4022462953089291 0.004542697720537836 0.6468295816610626 0.1225030410489254 0.3421051679907031 0.15525259830182625 0.8673620713953221 0.05277703402741096 0.4964212258794569 0.5327112941163382
0.44810093935892026 0.9205338172788808 0.7125560507136176 0.7868569616057269 0.9832373923879051 0.6561958753615414 0.4221706439287447 0.6064315108627585 0.9692297365569673 0.2065752106649058
0.5688022196708916 0.3986796373647544 0.3900687844549924 0.9547384041852282 0.7360187580006767 0.5087138873955801 0.5129019208133586 0.7455932789496097 0.523300966227089 0.6323851512064314
0.3752474470390613 0.9996494004789427 0.9052778222119835 0.8665365480781869 0.8991324472657319 0.5780689673663251 0.779668535826912 0.6618079984745845 0.302839214288271 0.7740383215871336
0.16026019099435307 0.7956978175323409 0.49754615540635516 0.0486552051947271 0.503477161655483 0.36737670924480326 0.45400161386707794 0.9039397740397943 0.4705746023962374 0.7307884726504799
0.1034697490992057 0.5912425267149194 0.02221492651269208 0.22886096736939499 0.19753979652643416 0.19023582886594315 0.11816337981964753 0.5691899640026202 0.6929910826325704 0.9618396209849105
0.4520642431192975 0.690347380520089 0.650758159487992 0.7778465196313594 0.5897366646472358 0.0080046152506974 0.3421418550179133 0.8606751142835679 0.5991556408674275 0.0013507238172512093
0.2407633430326125 0.028594463826857375 0.7612595426205112 0.2028242748444593 0.8453602655058883 0.13492686298410328 0.2329528354976843 0.787966633993471 0.8263753711935371 0.4141502076097635
0.597149063043576 0.12724368938206565 0.8183895462657291 0.0034847999298540655 0.07942531523008356 0.8579720327878966 0.2908028618136822 0.9954643164812654 0.8368366485947829 0.26202454391828733
0.3207688432425059 0.9951538281442545 0.1316647998106386 0.993779561992988 0.7652385478761903 0.3050925809343005 0.39135264895154076 0.49281683348422856 0.28307266661228614 0.5417028571008233
0.1256019475618564 0.7371523312018042 0.8935316835682108 0.6988204416110366 0.4225890799030495 0.34534350365088673 0.2740551210793687 0.4171663040217094 0.27847922731469776 0.41958505951181635
0.798093197007435 0.49299311476332464 0.3278968466707781 0.9369547934324742 0.39285504057808107 0.4648042671893293 0.6377363824643326 0.9422580686955582 0.6571899470245193 0.4539573660929812
0.10267361977133582 0.2734583003182022 0.3214186325040781 0.3031276713878974 0.637964992623112 0.05947021654468565 0.05378459413143277 0.4560216149309566 0.8035987440979367 0.7701314167952897
0.8222954356626694 0.952394510502998 0.7135877629009619 0.1694571608425306 0.5060770332869321 0.3743399964572838 0.08517144641265606 0.12582195698622134 0.2169642343120156 0.572983703462832
0.06491953057436006 0.8665010203199787 0.8399035782142331 0.5291272799876967 0.03220832704490584 0.9290434513996626 0.6298449336543964 0.7570525022847796 0.9252655074153909 0.7582379050061449
0.31315064209420584 0.24761053179913783 0.7609567213632953 0.6249713531011508 0.03315261447029605 0.06488385665219665 0.9267137250903007 0.30206931527344894 0.6523384561886515 0.3601237872206914
0.5114800434761728 0.7222464023349717 0.37775043535018427 0.7473299792588929 0.4122772838554314 0.664583949043791 0.411531787283823 0.6967520302440936 0.20397115383563102 0.3684912662434705
0.3451569222159029 0.845758449290987 0.7920431558931197 0.8578958643013654 0.31373327746513713 0.9009308720402298 0.6816505561042685 0.6734469018808816 0.5058645743568558 0.11090688221674361
0.29098346389040564 0.6568055736317149 0.4849161957498854 0.12640783175499481 0.11290490616594373 0.40863476661850884 0.919125706652525 0.4320525405069955 0.6860856211246866 0.050689876371533105
0.7408523964522428 0.4339719164447321 0.2753227951020082 0.962451122972663 0.45936170469786897 0.7179032487328804 0.8804576485399342 0.23402731056262194 0.33689199813590265 0.9543573811728882
