0.8053598659718105 0.5371653160096752 0.29530869601959375 0.10068021674593308 0.9499254981274342
0.16783054858209712 0.08992146326764483 0.12909732375585437 0.9280051210541111 0.7738786668135285
0.9535028319691853 0.07539768457747076 0.7176345039262145 0.5660112491665532 0.6310689569663378
0.7808863074837776 0.05460618925804339 0.7293983123896476 0.863100260492324 0.8956023998316918
0.08208097558189675 0.8258335079005095 0.8166246532303045 0.9026329857885167 0.8341466333903167
0.6651284890668241 0.038861860044667296 0.7676870445310585 0.03821743561812885 0.8877205170281655
0.793810842225987 0.13217335748345937 0.35495785548197745 0.5483184988344456 0.1665765741576194
0.531501978364777 0.8394517143467313 0.31951469655776366 0.3758962797491425 0.46505617596687054
0.10362821846642822 0.5446403874158706 0.3222395121557876 0.27025755027621523 0.3874948763539089
0.2607459683962896 0.5170202155393165 0.6603743060861181 0.5055160561096217 0.485436806489528
0.18787334691854185 0.47419861300245436 0.4245160269721986 0.5153984580553842 0.5356124780069946
0.6623186452722508 0.266541594074306 0.9919275196918513 0.3917634243556486 0.034116486850296335
0.09350065002904084 0.8884862794620588 0.7882243352831808 0.2979982605034309 0.20748888805521049
0.8515728019892401 0.125644337759381 0.6242912722218183 0.6442778758894155 0.5950165113594528
0.14136757050390447 0.11579125026144077 0.5518509244804717 0.6952004678084199 0.20606778549874738
0.11090911226251743 0.26430880033928195 0.23734845186051157 0.8660879295180302 0.20618686971593503
0.30703876589022094 0.9468024544682714 0.30375584715805104 0.0491694201859324 0.05285538081233254
0.18206208484909103 0.9929149140323191 0.7157497200578924 0.27391102522271404 0.29283373792748735
0.6101188794564187 0.2645985516429922 0.3485747819341227 0.446386308801097 0.32988222593604477
0.4763612486307435 0.5213089291530278 0.6999321904855771 0.03453956057915697 0.13971460476554132
0.2858496678074345 0.07910026866454811 0.9190027656237274 0.4733393296564733 0.03272607626988666
0.4083933037061771 0.5140986987902639 0.7948665981164964 0.45761391434264365 0.9100482468596309
0.7045465107849007 0.6086619463511336 0.19172251017360753 0.009481561638984393 0.10081852199881425
0.7009617719400226 0.6250658605559327 0.5206029990573456 0.5683758610809023 0.08292521730968327
0.3223379021806958 0.750596617375121 0.5595437245605038 0.57518045529837 0.05268740054108789
0.2621170359835413 0.6231496752979461 0.6538730413376508 0.8487950198327802 0.10881190045601052
0.21286652492045477 0.4993214971353064 0.4168218881140465 0.7068826736651213 0.38464531295336246
0.9941165274032581 0.2586957409640167 0.4150706997321031 0.6472389659352367 0.056388344458072726
0.016810033928125523 0.8454563641362032 0.42944159899376944 0.5196980656707644 0.5721725989614503
0.11701586149941501 0.9963488598549111 0.654798715393719 0.724891669146927 0.03829418844122512
0.46042244256578646 0.3435501012322393 0.8649886230315192 0.5112171280838081 0.12786710955205127
0.9216425606343196 0.45936558541476824 0.5905575762384968 0.18277051381840093 0.9285592037671244
0.16423941543917886 0.18856486303659403 0.1287410573145077 0.8433040815595247 0.16913166852093398
0.4390584438739764 0.4691344453864543 0.4517250412860313 0.8119409071288514 0.16803063382630656
0.20941953208573294 0.8295105793210202 0.3930191884038625 0.5366358384992553 0.19301139372117304
0.4193252071292991 0.4283913442650923 0.05774524588177621 0.9068439634884594 0.06912735120710889
0.45458778453580384 0.6632988501511368 0.6621799318178924 0.07833140991453369 0.7376609504416771
0.4203860188169819 0.6365285569910745 0.09632635491885266 0.5133687352917286 0.8074616569028701
0.6775808805755933 0.796966244897669 0.1911724948001351 0.5568324460262783 0.21636041515668536
0.6129977008010566 0.2916117078686432 0.9455235279093334 0.11432730683404768 0.45599292790084467
0.7547809958521345 0.0738626707124711 0.7779622917681691 0.27020666047030717 0.6570492266648565
1.1095959853993567 1.4143963257267418 1.4728784835870186 1.3038248940576183 1.695075157997568
1.8729404074294944 1.8188522288582338 1.128085679913992 1.7160331374876447 1.1199096286585277
1.993986821842903 1.8175543152726505 1.4126918078193094 1.0279239890445913 1.2896836827448053
1.6178168089253173 1.3774214060203056 1.8259084102447094 1.0399577970303888 1.814343362208413
1.3278984143151638 1.2523023052306637 1.1128311951515706 1.9832860899432523 1.67068499660257
1.181529310046709 1.6394285423070156 1.7190920783670518 1.777379304992758 1.2525658824189685
1.3370070306260442 1.1963840051316896 1.5839635361883864 1.8184872883101797 1.23625337494133
1.1625274425344696 1.685373624598645 1.6670635348358616 1.1067936143094785 1.5911762722517646
1.8118323489173864 1.2537214860851646 1.1571636475281126 1.328351525946168 1.3493082853572347
1.6306660762212672 1.2741968700276853 1.895776891253771 1.6262668707556527 1.376752543092493
1.7456697184850807 1.0618462984292831 1.9538870531599595 1.4557412821384068 1.5929034313670267
1.69026710156295 1.0944528813713266 1.8727911928895826 1.4476710254136327 1.4709734980801639
1.697631675914901 1.4814497968129574 1.163993462078639 1.284658167273221 1.575274461118643
1.7432299902435884 1.1456380853914978 1.6855675834628632 1.5189030264830512 1.6357488358411092
1.01664055660006 1.5301434913979381 1.817167778282613 1.3651404002346996 1.3890872795908948
1.8048309980166093 1.5514893947593436 1.9386608999973831 1.0433745496318036 1.7038644869003385
1.0832450255727077 1.2034737137112947 1.4777616458114262 1.8760075351580956 1.8030862364139295
1.466390909562143 1.7068874113633683 1.1586365688771854 1.6514523324623493 1.3493867674103794
1.3930208585492176 1.0482223380405977 1.1390693231745812 1.1069883400063674 1.8791682907149476
1.6181770987354827 1.5972015859513742 1.2341864627961625 1.4597606845984819 1.5881995387317942
1.1696493236503245 1.8273005721205235 1.2724967236385638 1.7736639422919938 1.6219619639430962
1.3724497529241442 1.7480309325991281 1.400466738623018 1.9329584932815764 1.6814222233074543
1.1691925351780919 1.5071568695734938 1.8416346253969067 1.4491907912013322 1.3941504028395146
1.9775484120940547 1.6829580496199876 1.5423464358155408 1.6492389428052365 1.2605184735998782
1.4562686600103874 1.423260961052216 1.7970229616029452 1.979549077788542 1.2278798347535438
1.4441607123008504 1.5271252444813785 1.4888373377555948 1.4566512097947775 1.4197802198295393
1.6687334485524272 1.7473293593285764 1.2773138237970403 1.716119200289871 1.3279604040696151
1.676207772426121 1.1040205213911576 1.6569530796883964 1.0562368688951813 1.7237852797912228
1.5530549637819764 1.0373164193143014 1.8828308659434239 1.5712155855988577 1.9593959694036234
1.119911169338994 1.0106552150667683 1.4344611697695833 1.9289778152833372 1.8789526270630743
1.378666423429876 1.7418703931671544 1.642003908246183 1.6946232790553175 1.3079153235757808
1.730984244454655 1.4526481816313215 1.4511866745954738 1.1862938454563765 1.6066034892689682
1.6954313216261825 1.9217543536944643 1.3725475209417186 1.0966625801452232 1.4990165422128747
1.686897307557473 1.5464609030261705 1.793815445611357 1.4330225807390757 1.4992999251350065
1.2507542250854797 1.8087287603943194 1.1821422931841732 1.769598072928156 1.0534428687336113
1.2662543271815934 1.5704988105862048 1.2613772489461592 1.965989329714505 1.8530199590879692
1.5487992071146488 1.3740818542341593 1.7117960620078856 1.5027973394807326 1.4596535335179524
1.8800311436388717 1.0994583996570573 1.16600695500225 1.3631010587477355 1.4228976010031391
1.3357097062191774 1.4536553985298695 1.9229693637941638 1.5550487035335123 1.2605440007194444
1.354235371674751 1.052281802544701 1.2867379995597712 1.207318024882166 1.736655946889229
1.7746327086724287 1.858316358963995 1.692985114339359 1.1280151703859493 1.49695101531524
2.7078375925859874 2.6398765493055136 2.290322653632653 2.6400092998666684 2.0232767334963793
2.9586493061473678 2.568703516059834 2.6950120725212723 2.794014858158963 2.1536020214412996
2.296700611790701 2.9230276433435964 2.0149388426308676 2.829986011933765 2.758754759756049
2.4995803197376527 2.7118254695931796 2.5298094747966626 2.296041072120127 2.7562129079623103
2.3932628966964273 2.290115812531549 2.805777183127335 2.0241774622697593 2.1737691218653548
2.9411006934719555 2.9104007917461048 2.680137980476706 2.259055728643155 2.5217835709949266
2.0421746601318915 2.9260753843113347 2.066745109271439 2.629296733420366 2.8671797733562627
2.041855526764959 2.7552081113001012 2.768161472932041 2.3042780057773804 2.5291937804785807
2.106954609033987 2.9145355371885326 2.36229872931659 2.2082003106392367 2.797985908025427
2.891350545357059 2.5921168871954654 2.3334407037891003 2.483737228004214 2.484244930001524
2.0839492750116126 2.546672512386333 2.834451965694308 2.4993788994886605 2.863093101048151
2.7216513143458263 2.8725638763138117 2.0419946744776034 2.7836342070869002 2.981741786628172
2.2124445573944582 2.603016911416722 2.1428373616517447 2.4811026712339754 2.2277437962803326
2.9525513243143457 2.542652300615427 2.505716751518637 2.9842157492164865 2.3088665455707114
2.9137648248803028 2.7573901887669923 2.7851785335084736 2.176200123372394 2.956130161937543
2.5622063899555294 2.3887204519863077 2.3863313083906315 2.618088841815144 2.902146820184558
2.964553737622027 2.3017150326427585 2.135580391890742 2.1070673005585716 2.8984570928306956
2.1732097789302443 2.290669143037157 2.6609127612979346 2.278144539844786 2.702777330197649
2.44329816069002 2.4519886468331995 2.202880779299934 2.7365110644351422 2.529096296064223
2.340886481066301 2.401284733886669 2.9350685305702986 2.4515834597191355 2.5486060865854636
2.451303982787554 2.181165653431462 2.6926488753586026 2.2745005771228923 2.961905544533811
2.0299854543916642 2.7268304602184625 2.9889492777677775 2.610838768334247 2.4068688210875893
2.184064279188911 2.843541311159146 2.326012481172691 2.7696791711399635 2.133457027859833
2.1365240196570503 2.1052206642127906 2.9741681390233614 2.3335943257017506 2.2671746964135604
2.9220969260780056 2.0447736657375573 2.214325344210211 2.0709741729625364 2.9460611181489416
2.7834803455430555 2.585811469061808 2.1343098219488614 2.5226528635504124 2.2042299266433925
2.9494194123696706 2.04669897855881 2.347132277204481 2.6822069876726706 2.37774358425569
2.5947770021505603 2.128533474091199 2.2280828983293244 2.9279617887941667 2.7513481544672564
2.4134934892801994 2.10594844159069 2.5600477163757045 2.9057979286163094 2.6178168648626228
2.3167141460641902 2.533496228861825 2.1068416719403085 2.131035243285412 2.98053692404167
2.3542852193939248 2.256134214493544 2.7698738921425488 2.892045740760593 2.9729062946384377
2.8884474016667676 2.023232901757484 2.9945779838871367 2.934896870149521 2.482249150146758
2.8329455541529898 2.1760327971236606 2.8754540972113727 2.0570370101966944 2.975042117678126
2.8673044064765927 2.653738644187681 2.9315866242560604 2.3908734218746543 2.154531312519529
2.9316065538339386 2.366996628266264 2.6053030089412132 2.4652714018413033 2.7126943168309285
2.820047519786006 2.494398828784338 2.042796918666599 2.54193803832192 2.6982507694536544
2.92804572704042 2.474472295802199 2.5814461860812683 2.7073637754365545 2.822703388485348
2.935400447923263 2.207501372620575 2.01934643944226 2.569614498595233 2.82975997417167
2.7486594432442426 2.8327496735732898 2.7645276042996727 2.072763753235808 2.24574819409124
2.055686805952976 2.8722780756586244 2.758528001210204 2.5285973355059697 2.6975648422214435
2.5689021785888073 2.708935988033464 2.0506186554008186 2.1984111752421174 2.6303575201317257
3.370146905191604 3.633801578805407 3.9531089900853345 3.9799757281202113 3.2576224888644147
3.929299189633274 3.8340031039996956 3.7951123978803576 3.88518832965836 3.90853873496314
3.410295618808115 3.847247972358796 3.740028536065142 3.783479684128842 3.4939666891327246
3.4952878494030726 3.1152967641749854 3.1027318110845465 3.9823882161249746 3.4386444832776952
3.320464503622177 3.171852036781739 3.9859610933203093 3.726415557096489 3.3528070944300294
3.639463534168212 3.039093956442369 3.932965807875534 3.7444900846650624 3.0992687626464193
3.273320281408186 3.348099361794276 3.524883621694475 3.8874469983049056 3.862029995885639
3.8844409461417664 3.9841412372830245 3.4497958278751493 3.8619248898297127 3.4648268360101433
3.5362311543625164 3.113720341426288 3.910219066456329 3.8342461674723 3.6255946058611306
3.669026903150149 3.7667239686556413 3.8425332854056307 3.772620795331716 3.050534296720578
3.6164483295017593 3.9897279513348125 3.5666648401309677 3.7869457580947214 3.4854489573225083
3.2647391938244823 3.5994288114737367 3.849711835999523 3.9837068189010454 3.1597635273113562
3.7114650165100356 3.973612916070245 3.137940754431356 3.1413492735853614 3.6200331319474515
3.7945335966662013 3.6293288256950835 3.862750390150553 3.149781010228366 3.5343742966606277
3.342521483422483 3.1939378733166697 3.8092382264704736 3.7823731568128562 3.451653869278848
3.5473916541006774 3.3334327609314327 3.849394720291163 3.4409400768475225 3.7904249650719732
3.9561496533563214 3.8758233830985356 3.779780906516101 3.617924402970665 3.9289824719306417
3.0332958468705615 3.750153891578625 3.989670057305742 3.15247818246687 3.0922865772790216
3.287206022164308 3.6718462083217327 3.829768953079449 3.279435920001414 3.280469679847893
3.227058224773742 3.2497085284559977 3.9902782499360097 3.8643913279069206 3.5233036177424153
3.578460391918836 3.9838795991705274 3.7272252465410567 3.9337402567998168 3.5298149421839815
3.7309927865009875 3.883434594000388 3.699212915941724 3.660155049454063 3.491871472365834
3.7611634218018786 3.25134783101861 3.7651262870035866 3.3286128820579877 3.9733960413472516
3.1591277694950968 3.9610161577079754 3.786882589268155 3.496931206195067 3.7685021884448866
3.9885809649753057 3.0720992142583725 3.3986887835323296 3.8819152179105427 3.2711640699247013
3.0491599064079686 3.695045847823337 3.8446014878834687 3.312510978070852 3.3844437938017076
3.5258210073176164 3.385785699618854 3.8853461448839797 3.673895295198736 3.1345561292870965
3.764350804973587 3.9219148617766333 3.0097451208145136 3.3621574219534294 3.4672833144503725
3.534446815898063 3.2290691422021824 3.857501323227474 3.4768362061833966 3.232110856801803
3.6780280875920273 3.9901697604684343 3.324311363609228 3.2665076676814255 3.9273890191070215
3.7525065366652104 3.021614620575124 3.8652177581935776 3.475829048250262 3.4494317334477818
3.942672085133919 3.370050835399679 3.156599799431182 3.745506350144879 3.6150208609044574
3.625756236048066 3.3621691933222424 3.0575920639470935 3.9651232411016286 3.6724982184669486
3.5310025400036342 3.908440004200162 3.2910260051147753 3.638819395075912 3.7549460929088996
3.1935657934944293 3.728479224340265 3.945874916733674 3.213071200424383 3.5902923008437373
3.8930172782056864 3.957383767597645 3.6404055141667073 3.8563843859260962 3.0527761869757875
3.33583555452773 3.7748054784469742 3.8466983183062777 3.3105792454694605 3.271375068552759
3.2918437136187872 3.4575142696980445 3.978888649108165 3.2396816433863114 3.274206143893002
3.4025490397339766 3.346694823646559 3.993031991930045 3.5797149963453414 3.319406243713529
3.4900230885159678 3.59508777152916 3.923023093056741 3.933943193628706 3.039841218317364
3.045431082222986 3.8881519202676715 3.9901933048215055 3.0024160661879526 3.7829556824481503
4.854571350578474 4.445613440160208 4.34018898435729 4.95324992358958 4.377220962945357
4.31766530011403 4.327864165313077 4.783018713770322 4.797262612805155 4.638764845649934
4.615339595134146 4.917581526279351 4.913249523584037 4.5984055099145245 4.407389411724793
4.799871404410952 4.701027007333525 4.265858102950845 4.146425054111976 4.416591962444411
4.5095327118014685 4.585561586372513 4.916166655644961 4.269717025317629 4.795027203768131
4.289033733626786 4.371430612080878 4.448119518992611 4.6994493736201015 4.39935810353349
4.161625894483507 4.686762203807385 4.076665617000037 4.2921995122671985 4.643158159612996
4.77793839711781 4.7190756277535835 4.562995028094009 4.744115028022747 4.3187326957698495
4.922388757394579 4.532250706119032 4.456160165957739 4.698965697574987 4.9219409282576745
4.002755991353878 4.845175021615705 4.823457322250019 4.510329121764392 4.696200930494651
4.774841373179125 4.146985263351896 4.38902691510985 4.996509015031058 4.0763002602941825
4.50283104577728 4.431179878184268 4.98665100018046 4.844337665299613 4.125334912508702
4.977925235299665 4.828286443553761 4.369649258532238 4.822544738386265 4.135307676334088
4.729869081327334 4.327087257943577 4.341958335099111 4.664839358072534 4.9763909435696725
4.231395016890005 4.5905222891789155 4.467978593042195 4.752729570851802 4.844785739226588
4.744683951440978 4.126412152564664 4.936417799800173 4.549487884641726 4.740429777645289
4.0925216331908905 4.8077499877131 4.963864501680964 4.435216459299679 4.783523585476914
4.001235854365329 4.803334259194966 4.378426924664545 4.921897322517718 4.917574193757105
4.006360367167461 4.588533397067393 4.7289003128133755 4.045622944557402 4.858794239424064
4.101215024204615 4.357562080490988 4.614977664554658 4.2773998491924745 4.996052608743833
4.7272600752364 4.329178382063971 4.746776681161339 4.749358355547609 4.1462214940991435
4.63535596778416 4.6146115118390725 4.267925716824408 4.942369786983987 4.117735228826488
4.464621441980523 4.969502661395689 4.61194108704436 4.747690841419059 4.203448905139081
4.5455167715176055 4.16949455508171 4.849029683908251 4.225308659465211 4.933182456321019
4.434275506087827 4.86948933340773 4.980439623119773 4.616188198174153 4.418771344226635
4.2181575683859736 4.425469285821417 4.567291654400061 4.1107671597853495 4.899072112496767
4.884470661225382 4.844789766377141 4.257770433556953 4.503304585269767 4.308052095719982
4.74393755250879 4.204357408768574 4.987920190269911 4.681968039986006 4.74585943491717
4.882619189978428 4.011433829963565 4.6757639751895335 4.452272632890084 4.7793036044019255
4.74198354404385 4.885601843566792 4.189099300513823 4.972348655048066 4.385995765555281
4.10456751187985 4.616706664794844 4.848677799228197 4.62806257355915 4.703305124666137
4.257764910425477 4.283751255984707 4.61105479773906 4.957177145293974 4.201471678027481
4.792611616980802 4.110739761135718 4.531523294923899 4.599284965758555 4.573792754171555
4.458195896028303 4.553235219761179 4.736162371877294 4.322186847950953 4.464320365582692
4.950560285372655 4.286115977759248 4.693809274499927 4.073193267770426 4.309019614816003
4.6416408817953805 4.920155403234908 4.811047829473185 4.064249161595042 4.022700798230965
4.942570604260003 4.069500466949555 4.9977057730753 4.7210144859996745 4.122815763451981
4.950366289213103 4.357534564666421 4.398862603742894 4.2510506486238615 4.728487129310359
4.982557444689696 4.706361821377033 4.268745584932111 4.59935034907801 4.39425751897052
4.75611148228788 4.123624889069221 4.718523641252701 4.58882875733531 4.624258467763246
4.1941205333269105 4.581615240772598 4.249698653357175 4.8928494900468396 4.934933320604081
5.104025955769618 5.667100966657009 5.3677581657850295 5.098390869032004 5.291076438381055
5.54673221575924 5.329538405381973 5.524692033553947 5.884288397818551 5.721373383629763
5.488407393782415 5.536967183118944 5.159083957539746 5.624259844019298 5.130629608472937
5.451539839752995 5.725986081441607 5.067148808354376 5.142430208873903 5.857759373591754
5.268501233735183 5.197993460153529 5.096709061065657 5.138176407402815 5.897000609179283
5.445056477825593 5.083664725548253 5.61292461769615 5.292915713975023 5.175979690497872
5.0540432113551 5.723502832391708 5.736859019357662 5.1977497881618815 5.6204718866153875
5.625246464343158 5.305929470056216 5.992153765547703 5.263870816263556 5.063805252137452
5.595447722632572 5.045728359809191 5.168031545590473 5.831501246425884 5.759035248677683
5.291455602618062 5.181583101893818 5.537520558874436 5.596776376321181 5.396389082722261
5.40484545324263 5.412994670124359 5.515043706941282 5.703417218015236 5.739043422345851
5.978043592219102 5.176024641521786 5.324690391041433 5.990501896786053 5.482245414896668
5.016565122467528 5.8513797062504 5.748953615804212 5.259820925954321 5.833480305974126
5.8390377200937 5.561812689989319 5.356066377063449 5.914165545051072 5.073340756135188
5.8243532997715315 5.041116192505654 5.901804487831877 5.5373850526998405 5.312093659002305
5.800665772989388 5.759462874633263 5.908937302299289 5.040474261393967 5.566136486814089
5.167649730853589 5.13242117922715 5.729780307077856 5.676515998240017 5.987090050667187
5.205381067849962 5.580749773078022 5.1226062835452755 5.635991883069988 5.8496048657998045
5.593562571501648 5.5728950492187 5.27299145943566 5.142193039761176 5.856016928274205
5.663466329351962 5.2168287158786875 5.1949595178142385 5.641588942487102 5.53670117541959
5.417516197677333 5.660908624249785 5.617571546176474 5.26567068115607 5.014544840194601
5.523777410433045 5.155785605363367 5.793333150328093 5.1838736134854555 5.601226125618956
5.914217495087829 5.183737885696062 5.283570540684507 5.865283050362235 5.510049846579638
5.530739514463416 5.3440397882599715 5.4278272028444965 5.133389243282357 5.5818302022456106
5.538702227501952 5.524018708246804 5.502644008634417 5.123028694263102 5.794084249280113
5.397797385262739 5.3308594532902855 5.888961451966354 5.899207256036911 5.003364167538147
5.80249333137064 5.268294446407062 5.039148352008313 5.773454087899579 5.3699585116057245
5.0841465002165105 5.284301903616492 5.689152178811086 5.500506932489977 5.227180128847234
5.838141307334906 5.637169285925116 5.415620181081713 5.400991871635648 5.34303994046254
5.726779720671663 5.602698709712371 5.10875969453987 5.061287969788885 5.783733075712662
5.0907923462566504 5.1849746235932255 5.574332693723569 5.86367386534619 5.256638989113426
5.942488915768684 5.017434644132651 5.721785768471371 5.395529293889705 5.518032858939495
5.708999821087035 5.678283482902382 5.027414502577409 5.805842962025969 5.700239197866065
5.9426336940835185 5.004672365040593 5.029036699842155 5.228741575008144 5.880937102412058
5.49569472956176 5.354546051979681 5.035414741119408 5.9223508923698525 5.957450030770916
5.331099913503424 5.565598882369726 5.1598269520627635 5.618232356890617 5.354829910019516
5.01769530238249 5.121679577909419 5.949193814255748 5.979420599960921 5.292729318656464
5.42663180225561 5.929728138693728 5.088373443955071 5.729182383066998 5.2441670904843445
5.732164514582682 5.627242459745367 5.322194622479193 5.11570361972354 5.704848259602476
5.603768801076425 5.126814702266663 5.100547492126874 5.592897741986239 5.845502887345029
5.080261959970331 5.8109700975613725 5.525355062546081 5.244746230429907 5.665574275834453
6.880155651593904 6.60467720748728 6.772687736468665 6.0655630328635795 6.615431005473958
6.573614978337598 6.258872030224659 6.492486418202766 6.086931442284596 6.77542549276807
6.896261579266729 6.252145171227187 6.09895979855919 6.662791571799273 6.534523765847511
6.665213716183857 6.2251266446958855 6.633601279191266 6.719787084713052 6.205353917424223
6.042853457544435 6.2868204166910635 6.7929563877745185 6.380424547412531 6.435954085687637
6.9921936810255705 6.432832601968242 6.49962538727668 6.084719405359605 6.9078096349919775
6.493255355513998 6.059093610425669 6.245339242492854 6.889582946616186 6.260287091673824
6.614210391613718 6.113244995333325 6.721832636724748 6.426897091651326 6.070296952089807
6.069431419565646 6.960029428217085 6.234621161827604 6.7393042650816835 6.139579911532428
6.564667401851233 6.709817503327011 6.748865058323508 6.867948646589276 6.97646609489351
6.930117107788034 6.4544440477308145 6.222373165198152 6.04106264682096 6.151662853790911
6.233470662568038 6.183582328338872 6.767848412581224 6.881558216759445 6.0170128472802205
6.684951486211481 6.261134293413374 6.704042509575749 6.657483240463853 6.05173466058311
6.5082045261076304 6.108170119316705 6.3424555820220725 6.90939711200605 6.189135439727596
6.804146984795458 6.456016236449818 6.017106905648244 6.213996923076321 6.2065414775444925
6.513968564514081 6.775322586139581 6.131575820306824 6.869603133190475 6.975770454099038
6.996150285375586 6.1665042088203785 6.329345103902711 6.789049684944009 6.000703521426668
6.748549681974703 6.61346361427821 6.37750840714281 6.017730164025736 6.229976886493281
6.69722537229482 6.574681809435152 6.2447886787529505 6.74880066798709 6.553917025682966
6.602802571642098 6.2940392777712555 6.44072798533216 6.824655365077478 6.379022753004724
6.145293639457946 6.801777130706061 6.567107043784703 6.247898853302143 6.789619702510822
6.856872006122265 6.426997827482717 6.309993296377639 6.387066549010958 6.652228120928001
6.515310524452287 6.911060687985879 6.629460793957218 6.8139530615022155 6.172353978913187
6.24794680492469 6.899717972107224 6.417718956291049 6.042670303552927 6.956216234054395
6.685192056567114 6.289358754157474 6.330151575192701 6.329318046103466 6.709944543220177
6.414262185574972 6.525781123788906 6.936573635348359 6.560000513286786 6.432359142960479
6.226066262058871 6.934189352265748 6.219257963186867 6.023652875468166 6.266314521237396
6.692016392257212 6.160034856161507 6.306496166909012 6.081757225624768 6.932295534331217
6.0247631680353635 6.829677923935384 6.643541865200761 6.834333339459308 6.092982356424065
6.093310670610161 6.012659007315156 6.26937529789736 6.95826142645799 6.229588957965202
6.878906965938438 6.354762022726247 6.313449084130751 6.816210302411542 6.046982851261876
6.622184769016482 6.039340612487068 6.361285350079464 6.409877513884424 6.302595543900103
6.140665547631133 6.864857957946621 6.375054625855427 6.660686357010469 6.280708589400279
6.124990050902174 6.89006812545495 6.179444717624973 6.681994449990743 6.3796696528051475
6.301642581656839 6.745421643699258 6.887517137036203 6.128883035920607 6.401122586492313
6.9819190933245086 6.814265987126609 6.1132438668867195 6.0129909453239385 6.188135373872409
6.459179890815556 6.040248377612638 6.9221019977605565 6.935013532647224 6.058251609028705
6.8507757589643745 6.392971932304686 6.265252706941796 6.763736100976174 6.955583326827569
6.557336680303345 6.8339016110159365 6.049294717655123 6.664894616727763 6.668195082608499
6.638493776465993 6.372883786762839 6.860884230910535 6.052250006898888 6.487050885046997
6.714532411342452 6.106727081760026 6.673516492063283 6.342489848085815 6.764179508896873
7.982062587338382 7.58446383403624 7.116954680809714 7.800674424527417 7.049875960430374
7.967807931603826 7.524227006672644 7.658141859404152 7.811136086043745 7.045852641420701
7.956453562786582 7.3712825626650655 7.636235548965674 7.123549651466583 7.2398466371390935
7.421402944800879 7.620859757622008 7.167108794920341 7.819033243852265 7.714874733221644
7.36902684563849 7.292666686026158 7.2460319913912645 7.393665362144132 7.243611871625953
7.101078734544456 7.588877955482502 7.508242434970159 7.84439597316401 7.366189906158169
7.860268092662394 7.045070477134306 7.474657017041108 7.186477350036644 7.333200965939831
7.794082345653948 7.139545278906358 7.343748546260715 7.65843636564062 7.065920914402232
7.780760504744433 7.236923450979213 7.386640098740303 7.503139900792761 7.247531700268879
7.3953649694963275 7.961172998527257 7.524481293395821 7.067226611005819 7.199400356691425
7.944374784178613 7.831134662401743 7.543422922556727 7.143759568260275 7.075436331983452
7.92329947826393 7.135990527723586 7.1366022776548865 7.737086487786116 7.69668300380877
7.7520481639633525 7.160460606080128 7.032987045239727 7.752751458195768 7.280463101525626
7.933014896054331 7.004182147725045 7.972319301515649 7.565506888105662 7.157272285752333
7.422745739691999 7.490744262597362 7.174614052092622 7.115389117310069 7.202221635040554
7.787766029801204 7.004459446659272 7.785318545841016 7.6161876504387145 7.526557977759661
7.110070695793904 7.218279743843365 7.514291990190053 7.718262276574899 7.8542559177389455
7.784170365909961 7.92301745314553 7.821305029979852 7.072141802692797 7.420010293663016
7.531296991367596 7.810036899307551 7.0124140669031005 7.031652981517254 7.537878076670901
7.992130487133773 7.388850745361721 7.0174020297752735 7.777014064188051 7.163777720569963
7.668924513427212 7.58085906873386 7.145571192260128 7.037044069195541 7.6600516743291
7.271754166990614 7.603553963255438 7.827837570391922 7.1347289709827 7.163236527722182
7.341341524838835 7.1283026615612775 7.447714003306426 7.825079834319203 7.0594662706865785
7.464920719139124 7.209995129844647 7.273230930351864 7.341729813116869 7.98125752690577
7.870210681027805 7.188762980461036 7.886851229816678 7.007031540362578 7.397884747862796
7.080095893840516 7.680076141981875 7.925447696304833 7.932998372585201 7.335622181365799
7.189661761862002 7.916164590615026 7.858829053725001 7.8330030963787705 7.464501294342826
7.7433923175105965 7.881783216030334 7.883024385154958 7.6032626588866545 7.066744752443807
7.10548427461473 7.534416158133151 7.379181384805184 7.805747517627747 7.694745764573389
7.538383035625267 7.900066549264896 7.7428953343370495 7.211080438101006 7.167833094526097
7.041500830295382 7.689553701868987 7.928205964952902 7.727762685548239 7.809271400885565
7.845660371036966 7.596884099866697 7.78739757844283 7.007866622169228 7.335659067139058
7.7875773959067836 7.344176901303326 7.9729786465007955 7.489842915584318 7.052583121395134
7.506745424540086 7.273948006238006 7.616525956658951 7.237910241754561 7.9682927516137605
7.681181840788494 7.42426688745884 7.871517875520399 7.253080991515434 7.728812994085446
7.182394042437258 7.848039104098162 7.636295141271578 7.22822373009416 7.7061433212655
7.34220086202785 7.685538798030473 7.200293899367504 7.358260483603063 7.513650691908725
7.212284746086253 7.7988212044213565 7.3169096790691865 7.050097332334756 7.453605271335967
7.804482421915266 7.45735853652606 7.0305707372158945 7.852452622474334 7.335528905708767
7.192194613035347 7.244769220493236 7.421510433249242 7.696656246454041 7.5033489177694435
7.447058515115349 7.848535601489369 7.109284942722561 7.689907001814907 7.594671250451948
8.373633153669873 8.131595941407488 8.803287907810404 8.257458334837324 8.517994977996887
8.67233577672892 8.866664916506254 8.242456804727757 8.785440510815375 8.648228075477876
8.154757144722927 8.299700155674454 8.224513213405423 8.858944057988143 8.300378166239424
8.288251766375248 8.094719163367234 8.200408061967847 8.941101939855361 8.228171991688626
8.546545310003946 8.600844186287114 8.471032166113886 8.453293508363574 8.955180376506654
8.281043339757172 8.031096463781576 8.48016164090662 8.367642114018253 8.388511150235107
8.577454335838185 8.239404064896405 8.758856876431633 8.199245303209006 8.664404651339943
8.437566209104467 8.39376680592892 8.197251541734989 8.944743904475823 8.886384640631329
8.221338688114495 8.811254757321842 8.081811834495367 8.56365822929283 8.924392709687725
8.851600607344334 8.27975318644808 8.448404651774005 8.799096613178147 8.049216439105537
8.143856208168907 8.805547192847143 8.243840716955456 8.8648395255465 8.804024049197563
8.697189511651272 8.186288561528468 8.917862255864067 8.912560465156046 8.006155984751809
8.030257848368544 8.93304553695986 8.225648081299132 8.81187308941644 8.951806735440599
8.804790575490248 8.228405898444223 8.299461185247429 8.27590588056864 8.113329259433343
8.713163129558746 8.046919514860926 8.511919504339694 8.869104945834803 8.241637380042302
8.917689435998534 8.721858583564833 8.095212629762075 8.03548161672028 8.555452255330213
8.844483742402463 8.7491497346648 8.12970254069855 8.432120393876176 8.27899936185705
8.45485535962449 8.944743375688434 8.6353313293938 8.243994142158892 8.266992297381165
8.785561431186114 8.098355827377539 8.17044789939111 8.221652722065445 8.15982183430621
8.773183467255144 8.66203834204816 8.741145122340896 8.222365811422467 8.326649840967546
8.118543187553989 8.817209150777465 8.969462873417385 8.5595823536107 8.816289691360502
8.189581652953791 8.715425250278125 8.600084749184804 8.70047934174121 8.749818227226653
8.581310149935716 8.722530294947664 8.081698456953523 8.833060262445068 8.475981186417556
8.985925267293783 8.391909207395665 8.105465797108215 8.210576740899738 8.45954936044506
8.579917580790209 8.396375952833033 8.123024817975606 8.512399308415686 8.776529219740349
8.22164707834275 8.90940194548627 8.855242895211797 8.024277746376981 8.521493148982985
8.527785278483966 8.77664077188119 8.65050789997324 8.833628649043526 8.24509668133379
8.872976996572257 8.2674606582051 8.067203347665323 8.158315004266267 8.57428547602919
8.86640651044148 8.98975785561784 8.242947915433302 8.161082721154326 8.673320478199907
8.851521906703978 8.051586959569837 8.182682185331716 8.513433226992065 8.632681295678866
8.810091792758293 8.214189428561198 8.62483152990466 8.145185881964082 8.411116432776131
8.399116096996934 8.093960228318505 8.48057064782282 8.325844345637675 8.449720961238068
8.903647535564636 8.111864794392336 8.921867829169994 8.277658928426709 8.085278137398996
8.56951601478478 8.918661840910245 8.388213013709908 8.034153650720357 8.24164245430106
8.102935628128487 8.523749941845946 8.667086173884035 8.144632480753682 8.888656518059701
8.215998496286039 8.931594697657983 8.11881412678032 8.463613995517928 8.566707052465665
8.945801376019627 8.839921410949833 8.034594624334003 8.826291021534292 8.781265770088979
8.259425063975154 8.996393646367965 8.9973071972809 8.409783107879605 8.009647003520413
8.249303199589196 8.12806895332302 8.875212609250044 8.513679176698739 8.820381158358758
8.120121301727869 8.592116447136329 8.444086885212728 8.589656780381006 8.940630987564324
8.684500488006973 8.000477660542685 8.854903814353765 8.650331844653087 8.50340705316144
9.628967309753657 9.220675172642952 9.531722531805562 9.90030476828022 9.239869404472703
9.553152914547631 9.581409857043225 9.164594103587623 9.489365567068479 9.214170671340954
9.032085838817778 9.467583928793013 9.32550929896509 9.019446549966107 9.318001363370083
9.0939071498497 9.398140092444478 9.847017002683883 9.239053952797581 9.923013407914718
9.924662296245874 9.125646203593474 9.259100492467372 9.619998204981986 9.937012577534432
9.650508291311036 9.155654356546933 9.001417486710796 9.203290649662495 9.895476551311978
9.487463335480502 9.899374697149241 9.505850311014585 9.427637588602757 9.272879573291707
9.043781142278064 9.76394540789949 9.275107893451562 9.270553325966105 9.30023005685211
9.71235381080034 9.451511393818889 9.64549837887426 9.630988102288628 9.766398928657404
9.614204213326053 9.451409380215363 9.229229842872867 9.252637516742645 9.966946253909557
9.813527820311625 9.124400837311873 9.009381533725538 9.74990883887487 9.837009156484804
9.869459425546784 9.573654960629739 9.667346043635431 9.038234470382159 9.173889805157229
9.848444978910369 9.299382324433093 9.446739210734268 9.731296093229641 9.328402791517613
9.782371352180093 9.44859033925984 9.006988763334181 9.705313947475219 9.574506381313043
9.463677887804218 9.765549464779903 9.854597685866349 9.827274179200426 9.062219068324017
9.992190272915835 9.022190216732001 9.696641998177936 9.84228949611367 9.658309867864158
9.9215553646918 9.160358040641599 9.91338611429499 9.199543217471005 9.742616230671967
9.547882790530041 9.612990210919513 9.191869098574164 9.269343361348474 9.409572118398508
9.857269630151187 9.228942871024906 9.86086654906249 9.013872054660357 9.47517104915106
9.118628503278224 9.058363581997915 9.101217552808553 9.786582597825882 9.720957520606884
9.756199539748255 9.386316092407283 9.93483148010754 9.705617361107915 9.264970356872814
9.049237269820129 9.573642572731387 9.405701643958404 9.006998429677738 9.530844232871402
9.229823435975131 9.909149804230942 9.353746016803779 9.736668840220078 9.038095842008659
9.39315608644772 9.744694006625702 9.073175145677938 9.23163005348713 9.66094774801792
9.64168586164847 9.940682748472625 9.398729748080338 9.099532266602397 9.143352332118285
9.481861776442596 9.723115235524125 9.036968152100565 9.007741190329476 9.772135927065888
9.919203225224976 9.174909887317526 9.018338200384516 9.197446451477665 9.393343939845284
9.839351415425824 9.792609091207007 9.535617227551851 9.15977064202196 9.09748911462941
9.574217143722466 9.649683111336309 9.011748668112881 9.702297676137217 9.753323591478335
9.866330050431722 9.570280265504985 9.537476448532122 9.229601813644503 9.089184248628815
9.499423280268879 9.305045587428648 9.843101464181263 9.424393759346842 9.642881527782428
9.657176412417689 9.889352204562186 9.619244759531295 9.123959434837827 9.262158028358524
9.455159939854816 9.121104777065945 9.944683147365131 9.405586271888037 9.369947535548535
9.381804649533327 9.201820558971852 9.732712156746182 9.581613430846822 9.60721327346181
9.62352698688356 9.908869330369278 9.063219089567827 9.307785891368225 9.533697276505984
9.256809161617667 9.372187394177319 9.779092239040752 9.07916870130872 9.609625524987088
9.595368112978722 9.295424901693266 9.61892139207105 9.946287206489744 9.034558067583434
9.43879156299282 9.545543329764909 9.879943429971053 9.604996960360037 9.065909415197176
9.332055387054288 9.098208310873487 9.541363731478462 9.698913014683198 9.794287647559578
9.792771288156153 9.057300005876366 9.110859066982314 9.768069804506613 9.058608736650855
9.208797399342334 9.333986741891453 9.543960507512592 9.824203683433561 9.703808041176872
10.289836791294256 10.357664006850225 10.866068947387632 10.59712602361304 10.277296646586075
10.340517380154196 10.535507582590059 10.077895115807564 10.064891594050055 10.120934866781937
10.005794644432378 10.976138284084179 10.058939005582486 10.746268171627225 10.338674764362716
10.081040651987019 10.840493230564473 10.30206180146476 10.882773237878723 10.806926566365293
10.178486030828488 10.855568047190806 10.258588903014187 10.201848556518671 10.808883692124592
10.201956195739934 10.53686740664458 10.94618237989629 10.693041520052013 10.61645244285304
10.067621950607045 10.380474812064044 10.419581975912104 10.547105080418266 10.887066401535426
10.66965261179524 10.00866323839276 10.678179140487021 10.851661147011416 10.722763629318408
10.973810436871542 10.055046029986565 10.222616736979642 10.345140653041074 10.156823672474024
10.900839131895768 10.332641970825179 10.020099682219819 10.94759738329453 10.055896487940482
10.12098927064192 10.823199919484514 10.701204395887311 10.526513637348904 10.58139757121864
10.815702906857963 10.297532736319933 10.166704873882571 10.628091397656432 10.695979940297642
10.716355878641794 10.01820755403609 10.978557858835549 10.045126683692585 10.123845114825876
10.321117913726304 10.455249134765886 10.435676135639227 10.177541154852841 10.63754870913283
10.73780822711193 10.991382900420916 10.0465143769024 10.871159734006397 10.828396937263797
10.675057029415102 10.414266221535524 10.427395053438682 10.273878333526012 10.309242742688877
10.97965138197225 10.354334245330902 10.668254111490896 10.246085130244913 10.232986356053177
10.56283314091666 10.149173805405514 10.425619490912158 10.394705116679175 10.330213272499437
10.564774489524439 10.250751741236526 10.192720582532317 10.547488033306008 10.47447991043084
10.047553960380997 10.781751174458817 10.479596852836254 10.902010849582764 10.304849333745409
10.318712036617463 10.062539199958946 10.32768405117453 10.53367413419927 10.21699155036238
10.133139200065676 10.548756249916194 10.690765974271436 10.474232197096732 10.201666479820563
10.141905701210714 10.09382757535954 10.048488342228984 10.960248535329418 10.187516035803304
10.0582431349045 10.707471067763436 10.407070208311694 10.910169196404798 10.45570510970119
10.897107815737211 10.889789904910145 10.02419381278869 10.56126494267698 10.134520953340655
10.83548658389964 10.117038053949925 10.91670096287746 10.128392332925905 10.628965261519896
10.818041695612322 10.933505117210522 10.018248593979067 10.215103625007217 10.08831802266668
10.609881503844889 10.203722134626334 10.658528626958109 10.056068264012135 10.309676646237804
10.122033025787655 10.898113800192498 10.219811816469582 10.24413287687985 10.00524279346265
10.248315563774756 10.39795680172455 10.128213745132946 10.552991565152611 10.718757556904798
10.033373830580986 10.092919161069148 10.495350155870893 10.292474947420425 10.828048654401007
10.513027230150648 10.383127095433398 10.249281843611744 10.162002975708548 10.764053992556821
10.764744768374692 10.827055645483064 10.311362811499361 10.49206873792572 10.004910580020686
10.577489802543768 10.993712758053471 10.321988882335464 10.040353774500732 10.441171496949217
10.293764327250578 10.114284921921966 10.85124648232185 10.701027829883236 10.097896287733086
10.223192980719217 10.420007520045031 10.03988305228422 10.242416550555944 10.878840200998368
10.358151167186167 10.530923208263868 10.185710121564368 10.134743214122778 10.691568741774766
10.348304752228689 10.267911650292564 10.788999769696046 10.245801239526964 10.350848812382534
10.56265156186095 10.568354662428128 10.458422418073573 10.02903674675417 10.380576241767088
10.981614122071583 10.450961402432409 10.241833410081307 10.309299346195658 10.764282448346695
10.791473873160003 10.78158395647533 10.037707603290295 10.544422197692528 10.744357120049454
11.673460822602195 11.68716925190465 11.158536613652387 11.328666164064236 11.40536384621598
11.634497631468813 11.523322016663256 11.47143565743383 11.533683247351657 11.570377509812811
11.66933804239951 11.426307714164876 11.513803259456179 11.47931075922831 11.483769996267768
11.922713253988421 11.456021993373623 11.853182777446284 11.052206474495295 11.69065704055586
11.730664950021756 11.094909802413078 11.762736014939065 11.706518528436355 11.685664159185412
11.738160905560838 11.149572975181592 11.63671148257203 11.678767535691104 11.43061330916832
11.361620201424756 11.140937535476416 11.173865877709517 11.57223270713646 11.535581936113827
11.716780204425179 11.188795769738913 11.9751137532525 11.512848495737446 11.840550281054941
11.024011262903638 11.960742315872375 11.730689736262718 11.185249152074032 11.822776386007364
11.46081390261545 11.590858815772734 11.137025886404869 11.616229712480557 11.301570425013182
11.904757781508671 11.349171450864171 11.406085548693664 11.790094241098968 11.054355896821454
11.423751049059028 11.18073775488612 11.00351741241551 11.875458324570996 11.71232132511436
11.937944779585516 11.856605807715347 11.091905039611312 11.86439737304978 11.3262181568134
11.878400920146314 11.585304219718939 11.042430554685998 11.344264802429377 11.410261935371741
11.174823737592568 11.63706234981649 11.600042731406807 11.098945090250496 11.493791212269322
11.05431840734701 11.842472425111588 11.537823878449618 11.238337909664393 11.41919056794105
11.28201313249796 11.261892098207198 11.724368355701744 11.714637707148336 11.555455167936266
11.84370870873027 11.968391608785037 11.033293006838607 11.13152683807684 11.794832507021546
11.074128472065642 11.457384129586599 11.566552859888949 11.999267209243456 11.12302485054243
11.977808008509452 11.526306097164106 11.135393872700618 11.311833925454037 11.338545315235029
11.203152504607145 11.121658149901739 11.814653073931733 11.87665013440817 11.788732301385428
11.819513173599633 11.217261288163124 11.976606539623496 11.40310242910892 11.723408415710697
11.303954028259145 11.954992800083456 11.0375802902435 11.28728520803528 11.4319186928752
11.720394307665579 11.219568803270786 11.914028757923926 11.294387445966874 11.33978622411971
11.944073960277386 11.059872058351514 11.786495758990613 11.509952960272285 11.665388049974254
11.753809664588855 11.682084984551233 11.063081194103306 11.789940305979462 11.52854302083681
11.00197211354283 11.579861159334607 11.916194340419459 11.984130018687763 11.793687168687894
11.237699367397472 11.845880046362751 11.352896747871675 11.51163910042867 11.817866339613438
11.184107367138017 11.99047702689273 11.325001440514097 11.408324711333389 11.064015953760613
11.639193627318113 11.296210048951533 11.182293331106576 11.014184742438596 11.71622926456359
11.400854724971513 11.582919626265756 11.959706075824467 11.04093467955111 11.735076537128549
11.910748670254463 11.915065720967 11.558261849604438 11.068900962295134 11.305185938398466
11.229471683643006 11.295140445995864 11.811324403592188 11.956205100579862 11.928140688660708
11.679364984449718 11.407977197982476 11.126508566746478 11.41093485697732 11.605904448887207
11.220920338880772 11.497427933675352 11.464868494806701 11.454899582042929 11.678935793939589
11.380021790263248 11.027104078304498 11.163471264455694 11.834327122118431 11.27626443281755
11.345020924379519 11.80705929550222 11.12905812971741 11.528626385218084 11.984837832532499
11.03467148186069 11.72974106464891 11.409153571758672 11.035819988774179 11.739835567188988
11.680476413035516 11.963266322386144 11.070509905273267 11.334040717616848 11.310055216112255
11.952791435903334 11.132859223118778 11.852342642692097 11.179690293979933 11.456004120710025
11.37340601547486 11.388644275914888 11.293927498420715 11.633117171080734 11.265309575372935
12.515619718714646 12.385104959189942 12.49803483446153 12.515774788638566 12.91831544718802
12.648100399230545 12.707143828564163 12.382125296238023 12.416752359674438 12.162457147624773
12.212828979091993 12.477761190201322 12.530391381022898 12.380581740977556 12.997563381690362
12.310463037740275 12.746114066001786 12.483557232502998 12.003838686429749 12.73398128796415
12.691408883594715 12.110217953871796 12.80586417384411 12.213576200516316 12.485743049665574
12.95048299123327 12.53087777647453 12.307150178355297 12.645638609641837 12.960547371576656
12.961419479555984 12.659364156781738 12.563089346309345 12.93554762861491 12.352568221113607
12.801737038656128 12.236033796938493 12.654361471365947 12.008080455515307 12.219811694526719
12.76897989907857 12.259174492893717 12.33889722414579 12.672963593069097 12.411469866189252
12.19187554631852 12.4678084777455 12.136732055602769 12.652436755400654 12.738709962437168
12.158761875588889 12.954924150808429 12.154052707051378 12.166262773722346 12.75068193758235
12.762394262373972 12.633541569452152 12.522219730777326 12.393669128153915 12.6400349287511
12.02120247128737 12.455829565845539 12.768413846965284 12.04065483459124 12.11298703405891
12.023619603164487 12.505745800057976 12.575247649131697 12.164193920648563 12.572680309664207
12.975944119008702 12.944090699437318 12.209859257007205 12.283132491072438 12.47257525933048
12.732211331646127 12.682710589944929 12.464805071107625 12.347114155841927 12.23524297309511
12.321809264959878 12.378350833114458 12.37405121068197 12.99258358340618 12.294107414621962
12.200050419147766 12.976196562450667 12.100815946356311 12.509835531550024 12.57849563840047
12.53871442543776 12.379904796783919 12.687039638722744 12.340842702182371 12.53032162384127
12.400739323590706 12.478426437344252 12.143988193668658 12.371117497009106 12.971454765937807
12.084700368790873 12.205359934764424 12.677787946549625 12.793596957059881 12.620289726416015
12.150270661655133 12.148786929344132 12.658204664478061 12.360398254745194 12.59232029650635
12.78474879230299 12.886676991863355 12.105597332353495 12.00539718370996 12.839883549612967
12.619905676600343 12.027841970919845 12.983424145422603 12.700958444907243 12.773800373192387
12.800841824340099 12.104072810184718 12.845370108201774 12.934694190445077 12.805746047306688
12.892899103818737 12.562623887577445 12.257529403090583 12.937401222505558 12.467108508351028
12.481947687435538 12.908504959069717 12.288316603131781 12.054857709135577 12.42515669739518
12.974797758993764 12.718013632783967 12.381998189146389 12.208825339175053 12.956977024243681
12.637259172824358 12.867257623975544 12.653869414694311 12.283543162674444 12.36782207139634
12.154697701757499 12.736624870756605 12.319721208517826 12.441579273190097 12.66115779499717
12.13040497290736 12.736437569063888 12.839802720870964 12.038621298647087 12.62015340334047
12.544116038082745 12.281649984408082 12.972542422510461 12.868357249310474 12.568306999188911
12.513830067865058 12.714663889203962 12.021740515904774 12.708092601015117 12.737411005353175
12.16611430120025 12.988823812249933 12.677560427227167 12.389105719174292 12.34924395347883
12.305857590374261 12.771964864020148 12.391438986128424 12.362674898059717 12.680278717203432
12.05457844971422 12.971187205137772 12.617044602166043 12.769253940262388 12.118642947310512
12.101995316342881 12.864999106877521 12.700141783971164 12.240350385433644 12.525664574159794
12.115673949920815 12.90727629400371 12.516088433454861 12.943073561085965 12.681888759473463
12.84304472747138 12.169641446348678 12.435457116324129 12.68549847387362 12.840459933558481
12.048299829431032 12.186572585350996 12.973493029169362 12.454547037365247 12.085214316106041
12.68058787963569 12.311416048136364 12.9095576435227 12.043565348670827 12.102685554143749
13.454957787433138 13.496779505578568 13.337481569047505 13.976853243618857 13.784043223087513
13.98113207515135 13.253312875225717 13.630865743282074 13.839613306353304 13.41281845554803
13.020580543575683 13.465697692739852 13.996199046963069 13.724730246184155 13.583131203182907
13.268318171297492 13.74670198385322 13.860065571742968 13.38888453245134 13.076930465826718
13.25419690973916 13.513931354288555 13.447228833380732 13.327447735614083 13.396861402469455
13.05805185901152 13.365032132924188 13.010971095293325 13.134676004739287 13.984307763324473
13.065401428650267 13.354263747271636 13.660327979832186 13.25068066322026 13.417735680500828
13.09869086461363 13.461790439683755 13.242280661140825 13.063283070756698 13.797822159519617
13.120338022879118 13.670484901421993 13.307326751351855 13.679869774216195 13.395299046817346
13.62481793749305 13.067287350936375 13.528361578522807 13.905633064271012 13.165054773263194
13.515444580852122 13.722925679597159 13.508462571280303 13.295130697216791 13.235644687278537
13.051789401464582 13.295975275417486 13.895792005550394 13.425273800816456 13.158571494314893
13.984654086147973 13.209524440087955 13.916942176519154 13.518174177739326 13.354579454601586
13.769147102852655 13.568737782509096 13.650056860894232 13.311589052533872 13.24056134485602
13.877571948812813 13.87190087379604 13.091367824196006 13.510495738015862 13.507053861329275
13.272650815602843 13.102081312765778 13.49168981554071 13.789494698128458 13.741144623234563
13.91095368097406 13.540810554300265 13.16105645457974 13.825021008212026 13.92023112955581
13.088497600819034 13.91972414076815 13.91431976937637 13.349260483685597 13.066284520467605
13.657694653694405 13.745166472091073 13.241951715636283 13.981744652043368 13.212939171512176
13.928740269924752 13.54733200836585 13.208629507142568 13.126087745667805 13.603692051915043
13.913236386632517 13.19070306720588 13.396154614836648 13.843599987041797 13.018363016070811
13.484181445287348 13.751522952273824 13.646803822782202 13.314261618329683 13.434588043670871
13.109916149296726 13.488019168003632 13.034453118436428 13.565309610293918 13.978798097060952
13.818795300828148 13.101949239713953 13.804853468369512 13.283528522745963 13.788913623241633
13.843444217753504 13.49524135132686 13.92432481122042 13.237096890114229 13.417191584612564
13.371023343351496 13.035937705818345 13.414438935355145 13.940680389714993 13.504059716552584
13.247578303363024 13.181000616528014 13.469611363132305 13.32623109735445 13.804364669846892
13.577050070503773 13.405818052671155 13.131585139154351 13.89641270722368 13.648605207203243
13.623714184596011 13.369979449665205 13.819951936451936 13.108771499841286 13.600668761988626
13.99937560573259 13.478344747448475 13.357420847292591 13.136847887414326 13.29862521059828
13.804838205566965 13.585097043084225 13.733301023575331 13.07004917283102 13.286536825356883
13.756421420987701 13.648460186841197 13.17869525298175 13.88766255959908 13.905065453755489
13.563918897353672 13.346162815299678 13.933555916558884 13.254054942062101 13.697798852236865
13.756035013269063 13.760793256472489 13.710203230044918 13.034158600665782 13.969757986316393
13.468401489228192 13.790246919738234 13.940817445949362 13.21634997292996 13.657519061226665
13.08817480606595 13.062675322124324 13.72022197668409 13.813056880557216 13.659713036614248
13.637942919517524 13.980182741700819 13.590217956729035 13.245118259896726 13.139686326865133
13.887878464673511 13.163922659613494 13.943713980453914 13.88103987622566 13.335181818539668
13.673373941484838 13.295004516542825 13.793905358315488 13.62566095695904 13.05701228800864
13.046819723112954 13.222545867239889 13.589858432098971 13.958521649773202 13.848509787326782
13.97484830963268 13.387109882149895 13.261002491985158 13.009600903261491 13.827573766318189
14.185583248732467 14.07893224133585 14.26217531945701 14.95632984240403 14.225695931331686
14.452572959398022 14.544339789114336 14.566662121157831 14.866794173614114 14.435774108400457
14.182498742101709 14.339577124748615 14.092954912859067 14.745658493339478 14.491749798680907
14.17297205727608 14.610997618443319 14.651467736498908 14.736570674608803 14.099861622223763
14.11226952674563 14.319883021302353 14.598068398924786 14.194955582660068 14.489494830191083
14.147679743088634 14.935901109014956 14.556489570293621 14.906084822190547 14.85817506822966
14.888517116817013 14.463300312443298 14.104821184986431 14.23642352837487 14.821762858530871
14.114233437425366 14.503134350099833 14.803344081604191 14.844716874186561 14.227234873995476
14.107125890518716 14.994001457402904 14.447254232886811 14.562136643453623 14.127849472333065
14.66129730941018 14.379671802354592 14.524450032304932 14.819122437653197 14.036241451618313
14.892126656992934 14.419780632933008 14.383452559657847 14.573093798599595 14.02037841026004
14.908721166116754 14.770129355746782 14.028501632616914 14.755936301111074 14.619949101375106
14.059111964325917 14.682583145606669 14.693037211202858 14.488326130363975 14.207805336940613
14.136060605729131 14.754941473129549 14.56892920910433 14.19372339353277 14.750193752433749
14.494819331541088 14.522594841958202 14.264306559054647 14.019192953076729 14.793474898903611
14.947111777734063 14.316459077913716 14.190208270378191 14.532962393177185 14.225980254444792
14.489098883534378 14.799235890118764 14.023718162228656 14.92297888175918 14.747533411518956
14.109010844847242 14.263217468515558 14.697685744818425 14.808288778545736 14.876029859979402
14.447623769118355 14.051163675362048 14.998067864867771 14.637888483092421 14.535152358358465
14.171635570985131 14.99897720298487 14.401413388306361 14.425240740116752 14.722525537281447
14.980260029600258 14.273979388592528 14.790470267456598 14.45064528305202 14.678854949776325
14.66020449142845 14.233869138781326 14.290245340327782 14.26714587724361 14.877056350170735
14.37543731788151 14.982321143150656 14.468748145310071 14.981965106556796 14.11977400520244
14.261839330362212 14.133476100927568 14.801039494868526 14.747064466466533 14.970659448410698
14.074460941231072 14.545261522021537 14.958558566147534 14.880362697602141 14.377418198892668
14.95632434963877 14.378767991783082 14.317237030757212 14.004067742148798 14.186887321981445
14.283286855773655 14.504206207537267 14.103496259561881 14.11504530313017 14.730098134068609
14.223985640177471 14.492561939998122 14.480351210104908 14.96959633637137 14.154690195098404
14.802536429258852 14.410121274721755 14.438688078195312 14.86351621207252 14.036147312336091
14.143127404184915 14.619302563459069 14.273029328698446 14.933273871386147 14.12388700211377
14.364120751994728 14.596667817373895 14.485716810118838 14.438989110001957 14.518467215631468
14.232035748573145 14.823928888438813 14.229712925712192 14.015007686214945 14.471620180325989
14.037246095831364 14.38499436361773 14.464787824576119 14.948909618467152 14.177455085900672
14.289363327796393 14.126603035508134 14.054170181255492 14.589834581963219 14.797767274570345
14.913816849937035 14.775101977173808 14.699482911616384 14.453404981988266 14.452170679792326
14.75402928307018 14.447633490748917 14.320287999542005 14.229042222957343 14.471320049137454
14.035540137825624 14.25942938229944 14.99545597383227 14.657056831538487 14.23031079662602
14.448695904856951 14.970420831622276 14.97199790149559 14.17161520694943 14.346806012416446
14.261171938167116 14.697527685996112 14.547290560140805 14.043881073167974 14.939228327862162
14.954509668323064 14.304888800519391 14.353983512946865 14.697469687048653 14.217642435325187
14.857110782004904 14.13828380234916 14.819565802853461 14.071186994477676 14.452431744470365
15.917302694680753 15.62435842801184 15.351481693576563 15.403362651785338 15.422326649052204
15.794623575874674 15.507162739244153 15.65952286049296 15.150273925859208 15.249996040446712
15.599699796846554 15.31692528177947 15.206664667029745 15.997364229753165 15.453268949552807
15.946022524169633 15.255012547340952 15.69084136567841 15.31008183171276 15.207508895598849
15.2666255784861 15.528110469065284 15.703552988126955 15.979966300091899 15.90452169666312
15.369615517243956 15.29034667721956 15.452024821129864 15.319278322701127 15.365222850283114
15.090322521945952 15.265099741388445 15.730481697668267 15.20410567440943 15.616588349535425
15.791696134458963 15.296003611980264 15.42489438596008 15.613219991843614 15.846186682618523
15.522310131072922 15.575673502263985 15.634809511862132 15.8681322063205 15.001232850091732
15.729103394877498 15.427827841822081 15.102935254704871 15.394193875124394 15.440322546687021
15.893673769157902 15.164047748926208 15.155774386302735 15.902773786641985 15.503256383011188
15.284254935476692 15.827047350811133 15.723109663791124 15.232465667946684 15.632973657995368
15.371093734407289 15.778367400743202 15.124094009732385 15.184131779676283 15.018369495501434
15.867804666973782 15.938132310639354 15.582075541557488 15.037690087357188 15.896070537301272
15.721619048218821 15.066537390773728 15.836886332670652 15.072857663676304 15.336260164405434
15.221784597207638 15.878825246681064 15.10596606274696 15.437671614678106 15.544084096919464
15.804700050664156 15.406868131682176 15.607417082676744 15.968020652860144 15.207076818108812
15.334984172678904 15.894792141748725 15.20799339594545 15.82382205331823 15.118271283408136
15.650608364503842 15.583701186665898 15.360373125842926 15.844620124265935 15.10536665399723
15.167577624468137 15.862911580371303 15.615969071965864 15.40157353265758 15.309776517073217
15.092594990253646 15.355671150206284 15.826174317607256 15.033273193612215 15.181635983372095
15.945646543094144 15.375939194512526 15.284551806951216 15.637991211696475 15.209741285315639
15.598161555306925 15.582000269454397 15.005144338676068 15.42269906532971 15.688429533472178
15.395605212347096 15.063794095588518 15.935074836501101 15.53258391849245 15.037147934460595
15.414601716071525 15.232005952026627 15.650484685271964 15.084457629698681 15.834994758648438
15.70387247368476 15.429199000076165 15.491947882540385 15.882114797279273 15.264689186517797
15.316289003716012 15.405234606149977 15.695492780916442 15.491435318085404 15.692345472659571
15.426753965485236 15.770691071769823 15.080615954523738 15.883449376294154 15.699276242322185
15.582372267693863 15.896273703457972 15.05336831627808 15.626624718440038 15.911054436908524
15.344543763975908 15.685897531193023 15.257616490952364 15.451626147955404 15.243980957289107
15.962684144406552 15.375418649713588 15.635156129583205 15.136172608595295 15.23423031407243
15.90827086657936 15.891919632919777 15.438241003509056 15.126097712847626 15.152083245506192
15.414740891276136 15.13163633205201 15.902406761368642 15.53582105149698 15.099345793926105
15.407523656545887 15.420273627868264 15.111271746314916 15.375783413433412 15.691768823542716
15.552576610640065 15.257042300418167 15.881075599397317 15.828111479235465 15.521862114965174
15.099950921156273 15.966882857733252 15.679538517441504 15.470381096359816 15.294074902291342
15.028241691440577 15.906121723744988 15.105041600677726 15.690115021203075 15.571278220676398
15.461111835881253 15.654806055840798 15.354282510205953 15.855582695546332 15.022218963326294
15.40823718043574 15.29684513295892 15.709983058194446 15.107075322290546 15.206425383644227
15.809199630387445 15.072951488527226 15.724908207494575 15.241133894110613 15.358268590499195
15.861455859939204 15.22915593636909 15.524086806321826 15.79461855056775 15.440849907359764
16.937160535832696 16.5052406821801 16.560775059393027 16.6023642690008 16.06378350757433
16.199436692032 16.85902761270621 16.226534392250663 16.24886848354129 16.11088656517801
16.83574038859785 16.158727940864726 16.025293346124172 16.279728658521563 16.840660852098292
16.954080754420385 16.260961341471624 16.87586426629466 16.188258643263648 16.53337594888187
16.26397071096969 16.163346980747097 16.44285411789626 16.737689506314823 16.100553664346855
16.895979949923976 16.338068095677553 16.67945301218947 16.465809129366498 16.20815911977635
16.992314992434665 16.250192232006462 16.037703054906277 16.143857542143945 16.944948318910697
16.103119336899223 16.96014897715072 16.647382902020432 16.357585778559155 16.249326959697516
16.262464207104728 16.652294022578587 16.939645263201232 16.890232352748246 16.976188631366497
16.66183935619479 16.504194952798834 16.945484049186632 16.69390313025439 16.187413298114123
16.14156402630684 16.913022890558604 16.319188050365003 16.575578470637485 16.92138904450936
16.39351664967424 16.783061524603532 16.140903608215147 16.781807962561388 16.69599540373985
16.53689086678694 16.124439617957137 16.519630387479012 16.383444161921805 16.873854102567126
16.365017670564413 16.18894797803576 16.473255262298245 16.597206768790883 16.303460769867684
16.208459641364442 16.783320916956406 16.750487549994237 16.297802932703362 16.301165972277314
16.33289484015529 16.78259945314837 16.88180305073882 16.09594596129533 16.369398311746167
16.16371650245456 16.355297064708612 16.975829845674593 16.338054399001507 16.941687768523835
16.024953472518103 16.8562725862247 16.96329508723711 16.966625642980762 16.95909624883249
16.899388000302036 16.845456996567627 16.673457750053032 16.20801714209714 16.157544877439275
16.6177486565469 16.920903608120362 16.026126437539826 16.666371460429136 16.601240453860072
16.160544169643533 16.723552428223034 16.662882988785498 16.099187350152608 16.994688418029103
16.90652651572829 16.90637191042568 16.941417746331634 16.06144296977383 16.150328785980314
16.636106218167193 16.875288847381142 16.516282068384953 16.825754444022873 16.09167696184906
16.474170539903906 16.77900778500948 16.767428860558667 16.524507231114196 16.208244997625084
16.701247781143685 16.98152427860551 16.24681066231823 16.2297554784656 16.864874346269467
16.866022125880157 16.68154167271395 16.61312566381329 16.257493481393688 16.610481233332077
16.905551271887553 16.524441982144154 16.15141601790467 16.790311019950657 16.601214791589285
16.693891658371776 16.81669850061872 16.407027640532327 16.464103514679138 16.934912908973644
16.960065024611808 16.79461041483556 16.80323734786246 16.869681323989404 16.036329044490262
16.871246741177266 16.312069283267473 16.622394792151137 16.20073435753723 16.813077953684488
16.696443335553436 16.029877208271103 16.21991805905315 16.297284536041463 16.298769137928367
16.097194285437006 16.870523035571686 16.974791850844646 16.648975903354014 16.399199830930673
16.33018753329865 16.148623459706823 16.707889628394 16.666170622036105 16.556844332156928
16.912360399558445 16.354168283836177 16.377493014534647 16.297180509386965 16.680279809847764
16.204211226207107 16.79367904954377 16.53875005190565 16.530691546386706 16.915504353618335
16.61307861569107 16.145905079315266 16.715685080304215 16.364756345350063 16.603246003867994
16.555717808491973 16.304925902778677 16.461131943670452 16.302428118963423 16.834883210392174
16.12300348868239 16.821512663914575 16.424032784622174 16.95279059315725 16.371453990704634
16.80849883007729 16.410437067348433 16.164412877441467 16.949169975385924 16.006407556119264
16.0987761440629 16.833092379504706 16.15349008146864 16.852382505292745 16.807941891144683
16.77828369486502 16.397717059249995 16.017565951251743 16.976662630728583 16.385110187670723
17.921503193467185 17.53524600446038 17.44681526188363 17.22098919231731 17.532913692347307
17.857187970148107 17.638241404654973 17.45124524765379 17.34559706706791 17.305609003899285
17.614438190523185 17.505327468380393 17.57407455410354 17.971821570820943 17.130399982242523
17.190051267494038 17.510376749909874 17.14048010849439 17.437887968205363 17.4203411666937
17.14153509804422 17.59196453563403 17.32483147972655 17.91125569316878 17.58300768999179
17.36935670367784 17.294897381078325 17.418238365783683 17.535344941720396 17.480254963446907
17.091115920934268 17.88695383322552 17.784877973358235 17.918711696024065 17.346551783755146
17.179731675512937 17.363938609898018 17.338866775446387 17.005362255622103 17.882554662163365
17.36209638619676 17.689390022257413 17.299184371222424 17.064692317300775 17.537125122490487
17.126633941825055 17.486645776397836 17.762494697573903 17.812887406311102 17.564437384930322
17.267894831986812 17.38952528334103 17.471052549002867 17.28981019229077 17.771397179861864
17.602804027510576 17.16037014265165 17.385899536228532 17.067185627306664 17.782563171072503
17.81207285620813 17.18150789481495 17.6396470413611 17.56228139229288 17.025758175777508
17.62901356513932 17.599032528164358 17.623991195446607 17.011538760113883 17.299583671646968
17.068021971358448 17.703612392738307 17.799789025089176 17.08309529176596 17.33208880893495
17.139375352386402 17.932311926881624 17.67076032600711 17.483715145459467 17.050002518762117
17.77978372141323 17.733310015473474 17.69130551541916 17.59195663795179 17.000358485384947
17.097126135718835 17.553337309407535 17.045205431071142 17.873205066718246 17.930697978674658
17.827462010984792 17.35525115955224 17.222057741198896 17.941190794426426 17.7721869051999
17.507043530947346 17.593864094812467 17.19817105425537 17.162715948267234 17.596003780892783
17.54107163585178 17.228482329469408 17.350525262741524 17.027865465655843 17.783795195558355
17.574795879567105 17.864210805545383 17.326564781637508 17.64857539019744 17.214565858697785
17.224735984120667 17.35406501989697 17.71621789748476 17.458899436544925 17.383138063128392
17.15228865694188 17.190663540073732 17.528785599539237 17.323808706237383 17.811652497825612
17.213849330506413 17.446756720890175 17.599520165829723 17.237551813198262 17.01051195294719
17.59773692380481 17.226305817632614 17.32068593264918 17.250528154939573 17.51738580554376
17.35107565214418 17.18124949438901 17.753562440149548 17.738205813458908 17.659161479963373
17.752552994592833 17.325294272324726 17.959869795002323 17.49922414555093 17.068537404972854
17.958355788034517 17.29059535729135 17.043868600537213 17.013430732668 17.183653051983143
17.39970338078354 17.693877067579912 17.496615075654606 17.03502025547625 17.690703512995608
17.938319599007873 17.00551275358663 17.76810871604521 17.436863296237867 17.88106796831318
17.917505781528327 17.29119755755814 17.18108797456707 17.592218856778292 17.628178835428347
17.148594507227244 17.287832993859137 17.626751446798046 17.599371402089147 17.52282511457234
17.9724984270727 17.052793909430758 17.657772869497663 17.478845307985985 17.26811754494111
17.297842798069414 17.392856216981723 17.35875790881282 17.99750967709408 17.871870574183053
17.926508400342588 17.27185190485752 17.303209686148417 17.14671147239734 17.192745064000498
17.41393228289445 17.02989435262032 17.61714711273461 17.643838171274712 17.108188038318335
17.787629081483058 17.921295087786373 17.472391072242434 17.092905940475607 17.369201110123324
17.07195642827601 17.620930196947977 17.98811488107528 17.957350587985058 17.154574613058063
17.01890026835124 17.844022509818622 17.439076742828135 17.484116251061625 17.92099501169482
17.35688049220232 17.383658217104546 17.41751896208341 17.866612148050226 17.600012428343664
18.73048630914596 18.390353371866002 18.06750702361662 18.568061051651654 18.923285193799728
18.089375555997204 18.93674074012672 18.89763645326282 18.27040918839792 18.69650761816644
18.37018980940185 18.778080443335064 18.319061474627294 18.8692588610696 18.756267258669215
18.545619386427624 18.460425059209804 18.102182623050798 18.446063352653198 18.295897440065367
18.517933639841722 18.156411284053664 18.65146575264408 18.06179528803493 18.821886998081144
18.81634728650306 18.077038994111675 18.473682754102594 18.693632733424906 18.12782168783085
18.84623775502884 18.18101695469483 18.24456348546996 18.054993475372488 18.653809614861643
18.050486777729823 18.570856867232123 18.01080566538584 18.218157034152803 18.997853941860726
18.835388918766746 18.357935169698415 18.33571202528101 18.784159116069326 18.00029541990829
18.226475418430066 18.692390477856254 18.72900046082153 18.401839143377472 18.722733041621638
18.994482631395655 18.72094760378099 18.19099314012483 18.271112774270705 18.779361515757607
18.079428494562645 18.988491087378268 18.194078528061176 18.35477882075118 18.22654968900031
18.057666992965682 18.227643340878306 18.466703258767446 18.998282926702682 18.96545533131064
18.622920756565296 18.171984617493646 18.24750842253029 18.860549722735794 18.658325426952175
18.264725971150014 18.69016928201538 18.373844063296914 18.63049180990224 18.120459308255622
18.446083967630603 18.813728789372647 18.160849097437872 18.817367144344928 18.37965247821002
18.608284302581666 18.922318141042 18.529693566541138 18.033029073584505 18.319630545316535
18.793870832965812 18.124187627104007 18.044249756158482 18.393207639001538 18.98858696442103
18.15492596984861 18.14683160467953 18.704314524859864 18.944396358113256 18.63534429083574
18.54175444904082 18.8084450181897 18.813568825407245 18.57137353328996 18.432938685139245
18.48062475939411 18.676995796528182 18.031390984147475 18.798115559247993 18.43397516726728
18.789643270371354 18.48318342269483 18.260465195529655 18.343102790835058 18.40441542841396
18.412646305309757 18.30921027306547 18.876278302798333 18.86373624154602 18.209985158174998
18.099944324121655 18.9506537764441 18.55347207069736 18.101052643993803 18.27520753428048
18.861968716629928 18.333882844076868 18.055084159557524 18.35250168493303 18.555054741286312
18.09390720073195 18.19335652729337 18.561759380353983 18.57184096036106 18.568454307143963
18.120383867680808 18.40642792258392 18.01768475719272 18.909589316075884 18.651467695983154
18.612989173684795 18.218776400049716 18.357534758673133 18.219098864027764 18.87952940534106
18.848676276783596 18.14958040013853 18.3051476598136 18.35014802194826 18.414883997738244
18.705531981477208 18.19335744349159 18.88934635899619 18.872375198919578 18.5073003518742
18.394348437227336 18.859848347046732 18.451984407906416 18.073709642941797 18.226546137771106
18.481737416672825 18.950515501365008 18.290676799863046 18.806084841448907 18.053094505043546
18.631280458577592 18.16375361271379 18.312990009804846 18.34020360870405 18.694876003503836
18.877582797297862 18.816668471105245 18.3272485579809 18.658074611844334 18.282959519067038
18.803548470737294 18.345554749944604 18.55751505445899 18.945091863676335 18.40326667591906
18.70147735804356 18.63479762366767 18.03024286988127 18.936776607966433 18.526808052336083
18.054976725299504 18.463565999170832 18.103690998043678 18.902622005322787 18.542216080238212
18.297214892134726 18.062497487439465 18.525340347837044 18.38852781739056 18.588429211075802
18.041206834353968 18.610281638213205 18.37863303542535 18.704139789466353 18.81942518729686
18.39454084921111 18.96355833785171 18.895430800465586 18.775488928877785 18.025624210836813
18.17351490538407 18.902838766764358 18.830544423931556 18.282956942454767 18.493946758023213
19.025920506765207 19.93575011211204 19.999847764418146 19.13829038703226 19.503093409635742
19.93566613654549 19.263435147151135 19.60206225688076 19.685706114435426 19.141785102195282
19.504459089594278 19.082517368490535 19.360983881196933 19.264070102043426 19.723906163512076
19.364821496187584 19.58877329240511 19.022751518962075 19.119209995188033 19.33379680174223
19.690753439566958 19.084076687140755 19.044330128816732 19.271915428191583 19.59111939406827
19.668675360205228 19.491484356555123 19.363005524049026 19.380593876228055 19.330618767337228
19.47078510536755 19.111172780574282 19.9297259623744 19.08591336646376 19.633758317782053
19.150745547361005 19.65813998666484 19.637982573993384 19.6875437712085 19.451510300478116
19.986368160426263 19.240465760135347 19.698183911265765 19.147425864362994 19.620113719952123
19.259543503632017 19.814141022298834 19.81521385403514 19.550928758154683 19.14303057996696
19.14940337382132 19.90906837151828 19.34988746890665 19.864956816578363 19.640184355558386
19.306579319760388 19.240581717749656 19.14595228121302 19.55872582561153 19.281956136606034
19.927824177462135 19.634761506821626 19.436388780303343 19.23031291036587 19.005087855676862
19.170286760438938 19.003276397391588 19.532556373251843 19.435852380559556 19.477978281686017
19.62483556749851 19.166086086705427 19.19148166674786 19.486339299710174 19.150627637154162
19.283745222721265 19.48005336925098 19.328877463178035 19.33931700849256 19.98691334920982
19.561667161960095 19.22848020152951 19.785334069680708 19.31833457471938 19.613762059970604
19.982008881773247 19.054586015882055 19.371723399006566 19.668889005744393 19.922438434301576
19.001503341608917 19.195189305596607 19.96839779200423 19.275504114961343 19.175258079305085
19.502194473553374 19.212906541410128 19.938514464501065 19.958456673729806 19.47035509557332
19.018907969658695 19.351996169887116 19.50976855006315 19.94413665973517 19.349363833671926
19.091965247733206 19.786208726491456 19.95290680944458 19.493991775752843 19.848431051392467
19.9490833284089 19.061515252360394 19.421233474634413 19.34357750401797 19.45035424018678
19.653781067881788 19.601133619416846 19.312994567331558 19.148169394319503 19.02572748834123
19.976535525727186 19.129840614176747 19.2843609886806 19.552890296005668 19.55892710929876
19.15826433795249 19.670455707974067 19.225294105417277 19.509813979691504 19.570644692077877
19.836263849528137 19.943404477025023 19.187186689050957 19.133808581716 19.1071639161619
19.406634234990964 19.10940673726935 19.49487137718695 19.803302221126877 19.497509491056388
19.284100436150464 19.232099957594727 19.60815772702169 19.00862699735507 19.77585525255968
19.73912106919945 19.8941232448577 19.29467769030136 19.100869318044044 19.697972395378116
19.62222732582182 19.4007589879175 19.748583943305484 19.947421550584274 19.237773647811405
19.76484157272915 19.36807497881486 19.250633827514807 19.110591215163403 19.642686871471902
19.5366707694156 19.22938870016817 19.78329610552701 19.84570478670611 19.251557526173258
19.195340380520328 19.731617479491234 19.195462783756316 19.807169155812907 19.56230167648694
19.048299148198623 19.791851243666642 19.865302486460124 19.85695183518034 19.338500901280362
19.553143968497164 19.495135981932954 19.825821849755783 19.28515140599919 19.519156151942294
19.60712595611771 19.009396372472295 19.814927032938 19.801195685854392 19.27303725527314
19.18263112733654 19.428689235444693 19.01646833021892 19.569476573467142 19.670516723602802
19.526815411230853 19.48108536925124 19.964826214353163 19.42082731536637 19.028956793429735
19.499329088117836 19.22023941619065 19.965946364868604 19.578234685325963 19.21511734043717
19.276854145265894 19.53461904738666 19.217883901289078 19.320590924340646 19.902864355683757
20.205288837833432 20.575105519072014 20.690112231339786 20.258631171007636 20.187638974888866
20.64634930050774 20.845369880518252 20.58796774537503 20.784416923163935 20.246964684904178
20.962880944733058 20.39875921655953 20.43119405522803 20.158210036168672 20.340913090233215
20.998426925927625 20.395633986755673 20.864960884701087 20.079764007863698 20.62572197936041
20.695382225232475 20.91906022657886 20.097498349112144 20.57756109161385 20.802478668270087
20.38610463469273 20.502657672639984 20.668092561991816 20.742233622562907 20.537562292435062
20.776121769037637 20.076908430091766 20.26579709595139 20.935469921247396 20.176214812517376
20.14429418767261 20.87819018764125 20.32355790413148 20.27431309459636 20.95363457025418
20.63735640576019 20.286503593775283 20.552625949484856 20.6045705357016 20.804829855927665
20.46811508469629 20.55148438210827 20.92522867598522 20.62490621604927 20.249599045857096
20.140387417211276 20.997821611863106 20.736741717962413 20.180667462534302 20.105218922499102
20.279143378373693 20.982593952772934 20.129090307297353 20.39346250784579 20.285961787791326
20.665458125982955 20.06840216361673 20.03990614561407 20.785034817163243 20.630640460388584
20.65882271823114 20.007241707011374 20.17845594666029 20.898350459809116 20.29305247885642
20.919129126464522 20.30725900634016 20.958182218125003 20.076456583655524 20.937708900116206
20.209690108424883 20.251394240234042 20.2902514461322 20.84321061727009 20.46528077228721
20.813186201895213 20.24665989755799 20.71021906592605 20.631832777453493 20.524710310064354
20.086602922284918 20.44332417363393 20.93965169547107 20.933343763682522 20.993346646771816
20.83429416915905 20.845843333623755 20.13978801691643 20.499626023778617 20.733576395571188
20.86545431801822 20.37042572332616 20.912563485574918 20.687772119494944 20.080981803530886
20.85073487552855 20.430718532708774 20.835364866777677 20.156994619964372 20.179952392203415
20.17786977756703 20.485696163415852 20.2513394960932 20.04862398972029 20.72134761522796
20.145239246012782 20.787329926162467 20.621965762283224 20.240064533379186 20.786337084541245
20.68998335200658 20.79981471828424 20.480544305499983 20.352537677000456 20.292257800504377
20.024241303168946 20.23159836646826 20.458701217155888 20.30804627075349 20.997647105980082
20.242240549818582 20.321065703744836 20.644665284741613 20.651710352742487 20.64903256977476
20.78643178390147 20.887219256403363 20.293944320844737 20.771822422546073 20.077403517547104
20.43902740209459 20.84809166557531 20.808048498609256 20.100398959148656 20.38936752716881
20.414617386586915 20.12699788756935 20.221115197808032 20.663839473840504 20.6962777789278
20.107746796667904 20.152040727229434 20.06508331740152 20.870292338817357 20.595013885427264
20.79842291698111 20.963194197576193 20.231010951227688 20.795076828258928 20.563853771882712
20.866952375854698 20.337118889359296 20.296995050828304 20.806397502222765 20.297079771324064
20.28320100165807 20.96958680066672 20.844750070809127 20.24007057263474 20.260322851485164
20.63460361753394 20.34290671866697 20.52780991885945 20.41084702370909 20.46613028045286
20.179175904049032 20.722557716121948 20.226401871052953 20.478204423174812 20.98325740248438
20.67171462083759 20.87728855172714 20.246396810970385 20.670422478259308 20.4472268629071
20.188926956622435 20.975921124446028 20.085269274990583 20.90975601760309 20.1424430679972
20.237836911833213 20.295975509380774 20.35977125796059 20.8067357194635 20.563280930767377
20.00176138035167 20.106004208125423 20.94745331021341 20.106498061263743 20.28312886356893
20.792188859436152 20.274606793401265 20.12133130035078 20.865007158136844 20.31254287280142
20.50370621737424 20.08574501231071 20.369775839218963 20.653395895677985 20.772826881861654
21.171267494217595 21.75879048015882 21.395861133790675 21.6376838105547 21.89215448801492
21.73310768253453 21.903255353223653 21.202882399742766 21.64795059551638 21.79446805216051
21.162186439391014 21.270309210806804 21.332806567252856 21.79485789021527 21.147978152217423
21.88805176247758 21.39400004377483 21.581369020877506 21.56359208193248 21.264789947950526
21.872909385274756 21.879226322533512 21.295637261706197 21.723029921642315 21.960453974695348
21.227466703117912 21.186374996532177 21.779589360611016 21.678115139146094 21.587417357181547
21.815353117067282 21.888033024004223 21.656004049298144 21.58103452265926 21.860279833313644
21.13118669595914 21.10051990272595 21.87271056841024 21.288174172344767 21.295682111896767
21.968214539915767 21.43098572307531 21.554801762163503 21.706776172221353 21.02184272466108
21.25870648238679 21.226537640959965 21.586109977777028 21.636541191811766 21.24872214023673
21.881087780002368 21.520218904408868 21.088976657122355 21.995997003342243 21.53903781936454
21.264966483318133 21.61794610232871 21.724218111025518 21.133582995214518 21.272329620118793
21.62403704813853 21.19705194589401 21.489841660307093 21.683464529701293 21.973338305100096
21.129084597034954 21.03247498914847 21.223560619875105 21.872514456464323 21.725860663412952
21.435669813986276 21.474418469451418 21.660629183703872 21.629685194770275 21.65803467210162
21.143337609354337 21.280984145951205 21.482632631146984 21.311079768120965 21.959476734385355
21.100730557956496 21.264347947431855 21.54013032455552 21.84193208258071 21.143695983410463
21.040568749716254 21.452877642287394 21.3807969417778 21.010611179106306 21.996487938071752
21.270290475657024 21.05373942899624 21.95060804357064 21.645200004050324 21.572366176500875
21.63172040044617 21.194457674157178 21.62698436451111 21.722272614875124 21.283284411343896
21.59422426028983 21.19921002326388 21.192512614029987 21.912596755960138 21.14412326326087
21.475196492354208 21.86565650966586 21.89329592667033 21.002616140428533 21.28840354063044
21.86860209438232 21.398187553204465 21.981909749274774 21.01017887523905 21.514662661884962
21.844806737821674 21.58060425968806 21.569155777163896 21.366528739263494 21.773542355941153
21.80797596426238 21.388051502151356 21.01895434017617 21.91606353697585 21.982760260040543
21.72395285015214 21.12301942493061 21.6954106329473 21.382726391917494 21.31483868680288
21.934274104420297 21.977083351430778 21.40347696625869 21.05014418215645 21.57607264383727
21.98506440709714 21.376411923658072 21.570515298321226 21.310988081689988 21.535686387721217
21.98250409942779 21.311516906081142 21.498665360473016 21.61446608840597 21.314038261263626
21.3308622938584 21.56026771078193 21.85396887710357 21.274868287284523 21.008965591447748
21.879850340110522 21.12890066954064 21.99088502196035 21.110200777018783 21.591351950314035
21.47438633404598 21.087673051025263 21.151150975492467 21.643870651601198 21.987610053331135
21.100273818471763 21.106843439736696 21.10533707371224 21.804016825085036 21.237853935333167
21.939151907185696 21.542299248391128 21.91144379828429 21.231092207295756 21.570932043195754
21.167308993076063 21.559473274508 21.8555604618483 21.497674129861178 21.73230745766558
21.98673724853945 21.311916375881097 21.91129066947744 21.07168226966601 21.07535641161074
21.79185016854773 21.695529145301666 21.355862389314783 21.781748908953972 21.869315569416703
21.053379564946752 21.524380300561766 21.81821954579793 21.614901743491068 21.686373344062318
21.178839146058543 21.99395731794321 21.367543928448477 21.543441606348306 21.75596864715021
21.853492315831293 21.100801338868106 21.987619138057504 21.215058777044273 21.114081367317446
21.814835783494306 21.817359721493016 21.675910439977077 21.269492693937014 21.172642839302377
22.80728072418759 22.79870825046547 22.19198713238861 22.385237257632358 22.05250291388551
22.594121946870494 22.739783860067348 22.295440069026654 22.949125386183407 22.57662439958974
22.037554217128378 22.081265213632683 22.406947960837485 22.857004610017782 22.7107356923289
22.984369651771043 22.173436188426216 22.721977581938443 22.75822484104914 22.204544516733684
22.839910317494823 22.66145221040331 22.125560910153553 22.080532265605274 22.514437621514276
22.01838359728935 22.02153461964822 22.74820213683874 22.515386218611006 22.520836246064146
22.04583205686511 22.658845860085197 22.470908591694023 22.915536651521393 22.085141174920846
22.160673406013174 22.192726353543655 22.291892825651164 22.01251756565806 22.996393945116125
22.917088310044534 22.922578049147774 22.030794337653617 22.17785028703786 22.392668487952246
22.19932290992752 22.74575971943703 22.69183835593248 22.077397620767833 22.876348388687326
22.102677864350824 22.015658506918733 22.269698043278467 22.49891167976453 22.64882993133132
22.476608099329717 22.344318598349957 22.590726323515614 22.195104049007853 22.076540466045255
22.388942516889486 22.901555915070787 22.841264074998602 22.520777862128572 22.44496811309821
22.52799648743761 22.17504288804501 22.80402147192199 22.22567637635872 22.740994486814465
22.56388971996118 22.72912919507157 22.905515094162705 22.067075405579775 22.886548157987193
22.359828953753166 22.799420865552648 22.001662960665065 22.469491139757515 22.559700423836162
22.66738435505445 22.205516074012724 22.66966951542992 22.630101809647623 22.51820498026857
22.609475279411534 22.6655835681286 22.220608361347384 22.112010867966987 22.107608519862346
22.323247623023647 22.28747811909798 22.65075786229576 22.664908587797473 22.541183785483558
22.619054472784214 22.40429010734785 22.174665612216174 22.139024127332092 22.14578582126954
22.04253398645904 22.047502857221936 22.59787186023202 22.757304862400396 22.916529546857138
22.569903116261447 22.015134249059738 22.64409356245645 22.17394802723113 22.932933384507454
22.093507083879057 22.852147622504475 22.782431305317896 22.610848483467805 22.352174048101922
22.60301268829124 22.787758173281357 22.04754558263286 22.024617819282085 22.841184539159443
22.33936008195975 22.187225839405755 22.9195438579649 22.375772116856993 22.683318169052406
22.88091888071528 22.362629339417357 22.08065853004339 22.244032762607993 22.6797730400992
22.25608658162542 22.38563628282978 22.590112591598803 22.835855753336144 22.457902882850654
22.66030651947438 22.980085351622645 22.652884847481005 22.072056782856933 22.80453108747174
22.37815355231917 22.816629401239478 22.0790197030454 22.66519361296531 22.435355242847923
22.95831800798961 22.455284013114824 22.55069138699229 22.09908807316124 22.993167036335606
22.29464621538787 22.751828382386933 22.899451301544282 22.1688906486133 22.498713467975243
22.891169491311985 22.070206950064073 22.873016658174137 22.441960263589742 22.83696815592424
22.08791185325977 22.379303197501972 22.903036932482372 22.59082906260788 22.152143567039374
22.118218285241785 22.329905561490488 22.78283007148608 22.560262490676063 22.206271299318022
22.68475556145852 22.37965320394046 22.056181298941432 22.317856005475736 22.47570763100863
22.51494292142222 22.65386164525091 22.699916994432808 22.081922922960658 22.81831274133784
22.97378806584189 22.487754342015343 22.26882949177325 22.687446312355647 22.05086068531419
22.157348211581983 22.964801786360404 22.643995920024942 22.427250700930028 22.549124499219015
22.525133698272384 22.931693813765794 22.66489997978932 22.088838200517383 22.718841493550027
22.463708401377154 22.023542978270207 22.47387689902426 22.77310563026791 22.255183315860528
22.654615849363235 22.332502815711354 22.826660924700334 22.35398464872647 22.639517805765124
23.72855888082775 23.659250699540735 23.023298373162884 23.2992582420457 23.55852505617205
23.5343553827788 23.800968264445757 23.017418098643205 23.931043494723305 23.320753613659537
23.64727462289367 23.758096619192337 23.682506933353412 23.223512669014806 23.22195599308661
23.016178701292322 23.027032328496333 23.651294233212152 23.441627256011994 23.024172073127065
23.18677543857521 23.088957592155577 23.63377093540904 23.75926551990253 23.775211892921114
23.42285544205094 23.267434131826455 23.578785442021577 23.420311200419583 23.083336244084975
23.28269764465605 23.877443866658982 23.506272002619774 23.99409128993468 23.89380735926444
23.07811708301659 23.013750780638624 23.45935629091169 23.415443636480475 23.916058957575807
23.323512611118772 23.590121645765848 23.623216475636454 23.98832750795999 23.78899856910851
23.53984140691594 23.724163812181402 23.76467310199635 23.20532559878631 23.64500281514079
23.274181472737403 23.65523435286336 23.790798657715175 23.194801095350666 23.8252263012516
23.378981512375336 23.187077169719327 23.417594472485632 23.24336418383035 23.517623669602578
23.72308878036261 23.372857600106745 23.542883652971245 23.028949928778452 23.29717916483128
23.21291513691677 23.004272063075206 23.74782398784995 23.795257414641394 23.709083614425957
23.92940060088135 23.615490626419074 23.53467520328253 23.281048109341704 23.12777680982852
23.563918740379812 23.3456122451138 23.79103480452326 23.14625619945051 23.907122922688632
23.69491619187378 23.578196093809307 23.32665353215721 23.92645293042048 23.96330422505168
23.111995016980885 23.88312196366241 23.618735660753394 23.29951727330234 23.98977851653817
23.790302439658436 23.97191921336349 23.321228938249583 23.26253293539256 23.860520981275915
23.780729588206384 23.69369709516609 23.241342426061305 23.69455832990354 23.364747115560064
23.827269632837925 23.413322442064985 23.20119413610059 23.112384899136877 23.44214261723694
23.94390775185209 23.782178722622785 23.497396440027302 23.71078637651645 23.2987799495913
23.258387437264435 23.57551754412625 23.89560746692905 23.245107963971087 23.356586173326
23.787098708777485 23.781212520546234 23.500003292912368 23.635844191802448 23.089054056243114
23.360842402925087 23.256958701489978 23.462757454425844 23.939355099519993 23.52292044805049
23.356340789999734 23.825873788458086 23.89292068146211 23.167323505276467 23.68762791730796
23.741412456890888 23.021920095179684 23.235493230963932 23.331430398031333 23.58929851348435
23.39299823140428 23.577992755487834 23.538500618344063 23.663016973730866 23.13065867842611
23.808066992546483 23.85159318056716 23.507998646424866 23.200876323604888 23.994638149096698
23.09159358676337 23.43742925563774 23.2800550387905 23.916376135378425 23.973875702656617
23.73965651566267 23.91713193763684 23.23020073484986 23.154383906146066 23.91466933552537
23.50977274050323 23.85691744255467 23.324186181539734 23.23450261935166 23.91259609359843
23.62194613198368 23.022029275685227 23.53606885149421 23.585061543216156 23.826939658826056
23.1991422762404 23.977006034498192 23.1727541962727 23.14401443151581 23.9382760865739
23.311415570772766 23.02213436318857 23.649744394904943 23.595545406994738 23.658168300510454
23.283461901218185 23.85607863621908 23.466816251019154 23.32451622392373 23.447913996232263
23.9024911040978 23.296336939588773 23.03047503321955 23.780493029956567 23.420158217731835
23.380142053183466 23.488534009215527 23.659626316797166 23.41401126129599 23.437904415281142
23.796408126397985 23.989148047899878 23.198199905845218 23.117204034168747 23.22922263772893
23.531701113800587 23.110264095570788 23.576926777920548 23.547731914178044 23.058681802528433
23.68339267211193 23.16066557642149 23.526146978421934 23.543768205587384 23.205898303038147
24.679875227229665 24.320519112528014 24.8748224679852 24.245240538648986 24.482425552450092
24.80291285123805 24.248255144476758 24.884152848852235 24.19552105984969 24.630846226691656
24.44637368251516 24.851165118369007 24.12428553861067 24.356785972506394 24.51439898342685
24.123080296185417 24.540107331659655 24.05604983377908 24.807592676490653 24.70666678152866
24.57810891647062 24.27065829163113 24.043641982996995 24.431872005944502 24.838985983242917
24.09802369048772 24.346660802583227 24.402339981128947 24.705500563443884 24.832466253544297
24.574829877832357 24.343741464059065 24.33020146129535 24.427897993817744 24.06061257897543
24.466402780206018 24.228484810694184 24.191617283419728 24.2606472204469 24.61594508315062
24.41989627685275 24.542008057365607 24.7118308915314 24.424123014200184 24.100615363213144
24.367039701053663 24.120773703420724 24.89177798933989 24.901351961667636 24.505814590858556
24.37571636309013 24.336797860234782 24.887423611644053 24.142012498673633 24.76316828911987
24.922201426325497 24.591571414584426 24.445931996202635 24.695937340872497 24.042942903408502
24.700420724512885 24.413666643793995 24.574346764127633 24.156396078234486 24.553165559136644
24.75383839360192 24.067427779528245 24.008454544132064 24.78750009994769 24.987211498322512
24.46964786086956 24.71240903171687 24.499166906682 24.082891865764292 24.755092247633232
24.25242923810673 24.236108348014834 24.36028231769704 24.25330977128465 24.269861203273884
24.63761839932726 24.861877400164044 24.203223830991757 24.366685091291593 24.309416393204167
24.5956526339295 24.61643359994896 24.123226173240173 24.37493498578768 24.537299775638825
24.95665087962781 24.773581726303274 24.240749055999295 24.988216163042804 24.152296572542276
24.56720177037495 24.936494956695014 24.081029316690408 24.290828841145554 24.417280244932577
24.556199050988845 24.620821761188708 24.627417655836403 24.1686025154503 24.758136839869685
24.979570205708843 24.09485887101406 24.351754578026245 24.401607783373848 24.16827095557424
24.211429240820973 24.42006324947091 24.29229694091117 24.48792809639337 24.51122149753078
24.395925525792983 24.259032652348097 24.19165180217408 24.388967417433324 24.745189648726313
24.535954245290206 24.155136530415785 24.256879213176603 24.7680878102801 24.565566074811766
24.226653518842557 24.7447216407174 24.355389970498766 24.316210622797474 24.278350999544347
24.991544887824844 24.978967440773346 24.865800404243256 24.18804380479087 24.387798695291703
24.110883603050432 24.451832960031897 24.66456210066873 24.3761445048883 24.998328537300036
24.264865157342726 24.544702128483447 24.012962561625923 24.767317924049646 24.993209468193925
24.09589253827713 24.761320353734064 24.371355711064435 24.19676306535049 24.958395438314252
24.194760672726837 24.759121404558844 24.24403966713143 24.79293043014403 24.104969460645034
24.877103122857523 24.43854539727994 24.23369729149411 24.91340466921205 24.27949930559911
24.31460898750888 24.634727607490127 24.84869654591387 24.990230343203347 24.180054713543
24.104127551881998 24.393223595690248 24.939022556064977 24.63558156221951 24.055606973829942
24.245457425120932 24.590914145548307 24.908684503339853 24.055526403633944 24.338759558756845
24.20972282193552 24.435796123442987 24.258253335874013 24.677363006700297 24.862628556191048
24.783488272433107 24.148286884189517 24.822289134052976 24.823272699027022 24.08745597881435
24.632364537851412 24.042964945048006 24.81877605366975 24.04333026381751 24.74309603556196
24.189475398531137 24.770135702028266 24.751564415824507 24.448540326079307 24.90218113589861
24.61074769992662 24.76798701268554 24.563116748641413 24.877970106608302 24.034404611021927
24.96837997861428 24.672434847868598 24.225020362662548 24.037803121076035 24.51454817435404
25.604343087721734 25.995142269105155 25.859196161853575 25.530042471131154 25.101712984403534
25.039083141452128 25.379729901372524 25.13444102846066 25.95126865976515 25.852918791082118
25.606984662233984 25.62716675242848 25.857058689327175 25.84241229486466 25.08971587129812
25.123243723499133 25.41845286165668 25.87213521865769 25.0132753835439 25.038679007846266
25.6217921408594 25.055986221155354 25.753161698804597 25.861048663293527 25.059090491119495
25.903592627011854 25.33653732196313 25.00347720493205 25.524918169387696 25.291408865131405
25.46913683325384 25.69124240457068 25.86731554620802 25.222239879567898 25.749356911024574
25.059361196927885 25.954480016742945 25.454551556266704 25.50849601695508 25.55696088074986
25.10690619598095 25.11573413192814 25.995386197245075 25.936345494562264 25.044384869255577
25.1393905845659 25.716149907429262 25.32949641757516 25.648045888527232 25.36564200201399
25.37643567445894 25.245090749668698 25.74160613042912 25.31459702866545 25.57128233144094
25.763526128667166 25.25745948944092 25.15211519736272 25.07776583922673 25.95936873130494
25.43651888484077 25.456252870144368 25.120835993240252 25.543779883376278 25.583029022624245
25.980734583662965 25.712083553291208 25.86628834705126 25.47496634160104 25.558302787261276
25.76410489319123 25.884092670866462 25.24255662194867 25.53777510482235 25.53567051466376
25.454746867220692 25.258299142522294 25.41702740125497 25.696736601257815 25.44739224036338
25.167180001610635 25.889779068589274 25.10738556705408 25.90210098828494 25.870172290897223
25.153157104482162 25.191511135589085 25.883968096824745 25.471037077383013 25.215227740431633
25.86626353279251 25.809201464465758 25.663843078008192 25.389108439218887 25.330703740635023
25.607715634019268 25.042083215334294 25.342395702896575 25.828857259079847 25.253246002767117
25.376982523657553 25.569532567146428 25.406561135554348 25.412316770969767 25.57143608778399
25.411311629314344 25.259648978866142 25.913170218097278 25.392966413770015 25.08083925319967
25.19522052431528 25.80926708011201 25.111386623426338 25.741386213125818 25.155256313583504
25.88664190707043 25.496897273232367 25.144569270483192 25.848127361621046 25.130542199040583
25.480331184740024 25.287644541644966 25.601101546077576 25.860871496698117 25.184966805090557
25.072723938851492 25.979934083595293 25.026489651653527 25.88164049802113 25.46215813425977
25.795400306209984 25.279934204543864 25.386417233742662 25.806503072164166 25.309410429099266
25.892275049691975 25.731101952791608 25.690360488937507 25.007347009630333 25.65181533034295
25.354610109460907 25.702664037213097 25.0355014277318 25.65620175945226 25.08473650563165
25.41756373587693 25.08790473657262 25.890009600336207 25.847485198204634 25.61309050985627
25.182643952160156 25.85030678350309 25.0969543537883 25.788208256086648 25.557226958047004
25.91064817635371 25.120803956016537 25.96267025693374 25.278238395750336 25.509104205543778
25.538080588887347 25.8025133843141 25.27927704044153 25.432131138822644 25.781273444715225
25.148002001137137 25.519529586951137 25.101503088441188 25.957651319871875 25.16417002154469
25.191898449787914 25.637954402764887 25.58423456191298 25.884925149991716 25.682655772458016
25.254899395315263 25.01166048742315 25.060653680867397 25.233154483654243 25.959434742299617
25.596729383460676 25.060155895040218 25.717615832432102 25.627582603673392 25.424523922789316
25.87991013887359 25.09130975745097 25.526530839141586 25.667588558789234 25.8422673564504
25.895391093758626 25.51571670334469 25.129385771455787 25.534818382339452 25.660250187932807
25.73035440197263 25.840717608237377 25.843091261542845 25.136782272546398 25.41183565915617
25.548697244555335 25.42489428636554 25.191014243302604 25.04240107480385 25.70041820200664
26.550805875139787 26.10508123043925 26.590984092016598 26.322780726225403 26.761206245244328
26.919184157178485 26.155513323731792 26.32143361204028 26.119040408061434 26.79266166937498
26.22923802940531 26.51790458009489 26.994915965269804 26.280270258501442 26.927757339782016
26.864455553726547 26.84377485348983 26.849705552225995 26.3710810850709 26.323604018451476
26.372165930224007 26.63131701847645 26.43158495224727 26.04678601342794 26.78844997771046
26.250516637339175 26.916055032593277 26.375823725016154 26.13981364151057 26.34282766693089
26.30557657103931 26.789998737627528 26.19525027128494 26.90660949594389 26.95600741679899
26.33135223438696 26.452297762469552 26.65786956602958 26.136303723524385 26.43908681602052
26.81810270570906 26.25374632413797 26.297887184691202 26.000781844718702 26.786068051563124
26.776085821978622 26.904580966061605 26.30947310470923 26.21757057226694 26.023346345578357
26.285659965196334 26.680903155300534 26.366240712444533 26.751727357879368 26.741034245303858
26.033156420833294 26.400773679663658 26.05209683005159 26.967170976284624 26.92551983235367
26.84159873784754 26.009820580414143 26.018895150854554 26.196724354668802 26.79260664343929
26.484636682594605 26.86204456749791 26.478050327195497 26.554599885287935 26.64325447984811
26.937310512824567 26.516179694587663 26.21381116651367 26.04841962939187 26.706241867056118
26.961587088219584 26.891799685456988 26.32010089554851 26.901366924176756 26.630801302551728
26.85963671990917 26.12761801857895 26.73461396723847 26.634657301030572 26.517143469053355
26.223640809927524 26.742135717862034 26.743369739002972 26.829118726502518 26.693883435761514
26.68911701598307 26.350512167254312 26.27243618286669 26.826174246548387 26.67512948737754
26.649084436614775 26.400240969659574 26.734166214191816 26.078955312213992 26.93592039460313
26.866673953189952 26.693322077792242 26.923742175056447 26.71620767773312 26.194525786663036
26.501373553068788 26.7371423825348 26.98558166068929 26.07799609056373 26.391134367025206
26.517327212756538 26.373512196426244 26.94057149198059 26.84418309389917 26.57632898742805
26.383559263115096 26.751741181235914 26.977338030378657 26.82305741012964 26.37056779317533
26.544499001214604 26.263760505523784 26.441692303900002 26.7461306938437 26.853704684003493
26.65450887281273 26.8780140168025 26.631690896263326 26.036387521928685 26.67223761930212
26.940615090611413 26.23471514265666 26.98040923481139 26.241098310860135 26.077624206103806
26.25461937296367 26.64849454673307 26.936587138642444 26.959577203831984 26.031447870318107
26.546098229671745 26.501005599632595 26.133788819361378 26.801616884256 26.68122503802556
26.14712219794524 26.0040188864682 26.74944983282092 26.99021640050708 26.470055368677787
26.286105201141478 26.455866409471408 26.782107236151287 26.846040155772315 26.408947793941167
26.70908775236064 26.95488803831943 26.95787455535859 26.5161487107042 26.062397275843043
26.26211182768031 26.976880791398184 26.554045577246253 26.946516887530827 26.010360017956657
26.641404136843185 26.352485029522107 26.05189389493294 26.989805249884814 26.83088865842392
26.33452507889907 26.933975887914713 26.166500134585064 26.260396465089162 26.62470185581976
26.244727784104132 26.95011971371627 26.15879695670872 26.66362701823662 26.34305005496301
26.2012044561558 26.892391196275028 26.324388702305193 26.2290097252005 26.781432843018113
26.820544318016236 26.870911398909836 26.947675430098364 26.274078347071782 26.187387159762704
26.215544215378937 26.828858860232096 26.970411050579767 26.307107894319053 26.000628949523428
26.299832328399656 26.172628559951754 26.559688103661355 26.474689657544587 26.947061403391498
26.19972407072763 26.342783353638794 26.700468768263168 26.376118738871188 26.948791585532504
27.00013792925796 27.51282363903962 27.241018077311544 27.890749495958914 27.160104176048865
27.22912376156156 27.907943766394 27.049945253897608 27.46077424216037 27.80790943507259
27.62618270810018 27.385976708224447 27.004027182208965 27.455909645434776 27.933254780503702
27.848911306715603 27.70220573354561 27.208728784586825 27.3721991548891 27.634983848447707
27.900138658251866 27.308096298165825 27.049651512795293 27.149639234985695 27.07161169147231
27.730683322562015 27.755608737808075 27.00793389772838 27.045794862402417 27.245438334380903
27.883087102086762 27.684081890426185 27.00413375242884 27.173620840665595 27.781262588565447
27.010391166364215 27.0345592105105 27.55380652733233 27.91117123356355 27.34343995213098
27.73508432067799 27.87985833304031 27.975619761474906 27.83301413913398 27.089959133345598
27.36141740012362 27.970945937433996 27.19145240568059 27.21993822799927 27.137912195122677
27.154615685572516 27.66532090277313 27.09793188132057 27.295361370462363 27.881897390950826
27.63237555383243 27.35870887742909 27.55951751780612 27.045239182539397 27.93539555206985
27.39382947633366 27.45198585396939 27.020070996086783 27.627963471191173 27.85313203027115
27.715279306810285 27.333482147404496 27.86478385102764 27.704915792694592 27.265424729700584
27.456342724274688 27.468498686803198 27.27876570733561 27.68971753415442 27.839767786651407
27.884159864660727 27.649960944399247 27.05653369583098 27.949264326146174 27.641901893749697
27.597261340927876 27.937916259412983 27.21735541006828 27.504438774740848 27.771284018124287
27.562114902173168 27.18458561099947 27.773609872392154 27.113099624005624 27.972039902478905
27.827119666136625 27.028788385264058 27.900638989887174 27.3861839754275 27.601078218291967
27.148299236555605 27.5689049821031 27.956219596673677 27.27756827329672 27.579273323882347
27.576521997910053 27.821312911560412 27.64269000919389 27.628885788750715 27.48799358709394
27.911315276691525 27.192056227722453 27.858132292687387 27.047375757632704 27.22525153451761
27.60033216946041 27.12658560083312 27.418220262569637 27.27571707037898 27.604280085393878
27.354010732544012 27.186947037344094 27.144607481484464 27.66763127570709 27.92359662972761
27.142922914231892 27.49210590480196 27.18695348876819 27.95068116324394 27.356869451404343
27.223997491333332 27.628300914750504 27.498639541892388 27.735370832589908 27.176233540808138
27.72813797854447 27.115985497642548 27.996278195528127 27.089811602919607 27.488172875987924
27.27847462262486 27.294951634112344 27.735075118942255 27.82943368081228 27.598322992697394
27.11017367481234 27.384464482004102 27.880849421426927 27.781703842487737 27.092712119991656
27.21285065034864 27.998226899035068 27.07897629328253 27.28683826184292 27.775672048432504
27.930219637018677 27.505953399762685 27.005473816244947 27.79097161610849 27.164293030384744
27.210601699757092 27.051339222752137 27.844714647163677 27.941788581392792 27.11552453770051
27.173902931314288 27.568401724861943 27.148911808561152 27.750426378429264 27.474441497009877
27.18247743936437 27.92438451108961 27.928956885244133 27.510265199900314 27.26689169906737
27.28818805228362 27.07011525186969 27.3866147067426 27.942509057198205 27.05777069328418
27.20609648999566 27.658163477360635 27.777726500017785 27.427719320978866 27.668319928041782
27.170300593242374 27.694454331242145 27.74405344679549 27.454548786376062 27.70801574476388
27.638735382866802 27.76741042589349 27.131742534500205 27.632208614345075 27.4110929085794
27.268811954413064 27.792470212393187 27.91257664592714 27.27590424328671 27.933323830673984
27.793107481028816 27.244189949897383 27.620870226641422 27.779747409600308 27.482601054296218
27.681167234339867 27.598167539253268 27.175449061957703 27.01927900446782 27.995790042545433
28.592912269147103 28.345898401430773 28.77936771296591 28.87716368944551 28.489873988049702
28.328385377071925 28.703578971712282 28.531474824919034 28.74731739616936 28.81024002017632
28.984664521763058 28.72084458924787 28.410545707511936 28.19206377804442 28.548859065860995
28.789205284458717 28.260411225511398 28.056309730789476 28.00981528909803 28.58640927597935
28.751332099497997 28.66924247877328 28.57905209844612 28.500561969888363 28.366042740324964
28.07831970319126 28.77547630927921 28.020484171510198 28.7652823436175 28.719576955475038
28.29313868750271 28.993373424647984 28.64285237533476 28.833385762200898 28.184237734319307
28.803918991413514 28.426274246596513 28.29490181833292 28.43572839861738 28.201163110343778
28.67017515282929 28.656218053168864 28.041545286004833 28.157282912990944 28.622339120753157
28.03411769144247 28.656787600608602 28.331857505276503 28.844783904323332 28.75533793062567
28.99416241899343 28.263830873245787 28.497709089724566 28.41893549557477 28.562017986553776
28.74636656129513 28.5667592117471 28.4875597451907 28.88003998048051 28.183423617096537
28.438363166530788 28.7543126129782 28.348880022607112 28.33710032680609 28.258483582295618
28.419627641318154 28.70457397866247 28.007672838363803 28.262572631260277 28.42433939528247
28.13124028821961 28.41179639243773 28.25878389968675 28.903167651583434 28.84345189627182
28.49213260190105 28.419705996172553 28.039994130156302 28.387491274162215 28.983205884081958
28.54742347722376 28.637984563997502 28.02507181425048 28.61788092408747 28.47862903433964
28.75819179814723 28.46325697541968 28.42351322763107 28.994855342738635 28.41553639799459
28.806715212755478 28.9917438863866 28.07148837811293 28.044552740093533 28.557569846568377
28.49411236346921 28.257844318235705 28.978796047574455 28.142178351107507 28.498927168057353
28.261364272900035 28.010905806556572 28.906542121566975 28.94983015680475 28.260002003512454
28.458254581089502 28.50976638017041 28.581589466753815 28.158633072684044 28.545823913933994
28.56970720445983 28.474010597057113 28.162557557815727 28.677547986532193 28.932904734019377
28.39167888426536 28.93786388876621 28.526046587706414 28.626612169386913 28.9606797573095
28.626357840030057 28.066214902800937 28.90657128597402 28.38498225223661 28.488282872003893
28.509628154523963 28.93154141784682 28.85345158404739 28.08504629856069 28.706679332854968
28.576312769567696 28.848281712077238 28.25906289525791 28.214794738662025 28.426489363966354
28.68231900820082 28.057215521902403 28.58979267617063 28.505984223233803 28.856035658028073
28.352638514493325 28.628916302107836 28.54721694537825 28.98703674024892 28.62512563713022
28.504604495431995 28.336283757352515 28.53043913337931 28.57369262591215 28.570260290776442
28.172218867862032 28.99382453868212 28.268458235552412 28.439031163167336 28.186611430436262
28.613011270563113 28.39363429403408 28.30420998951804 28.09497751518065 28.659846497239315
28.905528709539528 28.47109756717938 28.44797563679624 28.129283774314793 28.016640726334554
28.007976182722743 28.8506593332149 28.357278221203245 28.977120953183054 28.325266813192957
28.550300522087724 28.005412571615516 28.591743729919525 28.6488657717525 28.690468181216783
28.548723237659914 28.18942467638224 28.808733984552394 28.454395793168366 28.3623322099269
28.092494997574153 28.40310878616444 28.898917070516262 28.19984139895244 28.99603689212874
28.61274326864159 28.564197816203006 28.05688543467759 28.633604106598415 28.401091279074464
28.836879732382346 28.271839781451487 28.42120134998387 28.83103243402696 28.403178634876504
28.212621000539905 28.103023726385423 28.96086835573167 28.8936632593106 28.583565715387383
28.76221650280534 28.023982046461512 28.605617139672198 28.627466366605383 28.64848993102377
29.674509521949474 29.777621067510072 29.04277122339853 29.782546410380977 29.817001624253805
29.666889045508576 29.27319121154399 29.03403143424393 29.377448222437124 29.92199174904276
29.951280264960303 29.577359151974925 29.353764903183 29.107555061991647 29.379653373865768
29.491436636976452 29.257921443250524 29.44199574646253 29.828576828135905 29.416451378266267
29.366522902249905 29.62528085774082 29.921429012971128 29.292282775721876 29.500385850562562
29.53077423290373 29.592857833022126 29.535288643529412 29.347934421834598 29.743069131721782
29.600604057017915 29.735287549305475 29.110832354042635 29.85492398898121 29.04634369102433
29.38790448152156 29.39253597181604 29.14833115394105 29.61187866139151 29.029985944783974
29.2670542721847 29.527913926118 29.24923139781837 29.029579866051005 29.76305435945277
29.349259797454252 29.87667626174092 29.19701495464966 29.577551554930096 29.090463256510283
29.22746666204506 29.3299026052241 29.693775178208504 29.652064391514593 29.3739931505691
29.782424315583174 29.71940276681126 29.438734554662783 29.607335196328748 29.158055856076558
29.641748044139113 29.024528770847933 29.54424168810817 29.19319623479916 29.668912704762526
29.96356698774387 29.28494141430331 29.559624852835814 29.839423357489707 29.405342810602814
29.071146432627998 29.893652156009985 29.350761262304257 29.836822709097184 29.07449516411311
29.039386956733786 29.88061020445064 29.61475568983201 29.449337794271273 29.37250566610064
29.113443259819814 29.703741892080178 29.120176544159158 29.041967995081023 29.662855407266683
29.138404946659243 29.23668585520855 29.540912693432137 29.384821157938134 29.59119902121573
29.760826943799188 29.924336663770635 29.206991068329515 29.60695273086603 29.081352119333793
29.07789431525832 29.705015357194824 29.404944740504067 29.78145765477959 29.313956689079873
29.885387155916426 29.291267041489824 29.677786287313886 29.38894895405448 29.542293192202138
29.663338276552338 29.71279347843503 29.785590558249744 29.24462530742015 29.34480538503719
29.1468329157093 29.697105457435573 29.96883854344461 29.605326886134083 29.441600256791446
29.55542791806076 29.009775927666837 29.760482020485817 29.119785632140637 29.727898360317553
29.06397670433296 29.334864777192426 29.395408260733348 29.68138248508943 29.385322707589175
29.211862777035556 29.28656733432081 29.551868769351433 29.908344118185987 29.574955662100972
29.99707185818509 29.312681198647297 29.186039044425183 29.7849174335499 29.391223620990345
29.459621629139573 29.05983575664657 29.31224527332935 29.298198374336117 29.914772328732983
29.539790739471968 29.35053088193123 29.99730889657752 29.475968043488855 29.187328605588956
29.437027743719522 29.49562695852411 29.487942558565226 29.124281267808737 29.91115387546715
29.12054980304544 29.842223297143345 29.673777069445467 29.34687164094296 29.061160927144662
29.565127403948253 29.058995936443033 29.93919906610381 29.181119564466513 29.38059073716038
29.374551934643186 29.98386896377614 29.776097312966257 29.047529461139856 29.484388963882054
29.594797143918036 29.74781566450596 29.0630874846174 29.22875151383478 29.685719641264104
29.94405454500052 29.275949988574855 29.814070730376063 29.006392207311585 29.967008807673416
29.339039669518737 29.864756379928217 29.121560725774355 29.03910425180272 29.91400323623751
29.806708011058582 29.153069575871033 29.28181881261703 29.38830562915274 29.813643140699224
29.779305143924795 29.399079693931732 29.67918455500652 29.236278944710907 29.00396458920409
29.42849146354932 29.525447774408292 29.898742169361643 29.108962452413312 29.21825358625146
29.685927268642036 29.074616204355046 29.246340849323236 29.68450443512088 29.638838510087798
29.71623836015418 29.20341874514901 29.121296293652765 29.352492049349216 29.588218961280567
30.91833108068932 30.30006093867658 30.048719850289306 30.986120497877803 30.447648722542485
30.364211720509456 30.004945347470745 30.440962444249568 30.159058903716875 30.509879528414714
30.40274064072108 30.311193306220606 30.024624774328412 30.71038113834129 30.723877279661068
30.445998651432337 30.023932207750697 30.28987095931016 30.219292407633088 30.16728974507296
30.831470704844882 30.980727503709957 30.532055099592785 30.662444565758367 30.158884135926495
30.209578892746983 30.642332133360917 30.505849236755083 30.350266708268308 30.748471828132352
30.920516792365696 30.43451434935375 30.087468158052456 30.540541213310092 30.224097954987794
30.114713472955113 30.030727889446112 30.802124427105557 30.747426427902493 30.56544593437227
30.786963054607554 30.130803855103434 30.681251406422575 30.20687083917436 30.166951521738973
30.334517100196432 30.109150980338374 30.59637554676743 30.267146441778888 30.20171799747095
30.01178276182267 30.866881048520387 30.276637398488333 30.93039477967684 30.027031571303315
30.806588695946846 30.453932981437617 30.805049340387175 30.005953196928473 30.065637600747348
30.732363026103442 30.450239644376893 30.164264597802312 30.21604038979952 30.297366503566337
30.958870449053304 30.67359289390788 30.030585799502973 30.6154289603493 30.457536914035714
30.13381363488483 30.721049178015676 30.623806038407057 30.02541301548898 30.171754189229638
30.41190683779144 30.013498471817837 30.741628038774145 30.563204582648527 30.05901551175024
30.35198660275217 30.80167553067351 30.481139398214005 30.72266593565623 30.748767716370704
30.2659951689989 30.718148166405808 30.561033463256436 30.739547810940266 30.29754221314557
30.780906253238786 30.093039532083417 30.41620252407532 30.183955824105258 30.55720421639456
30.484618667027615 30.761162969186476 30.18820792500071 30.358064313538563 30.443311360674066
30.04732660727936 30.41388004586372 30.85741960643656 30.051888448579213 30.269388628717394
30.76148922700897 30.273834243719875 30.06815904408555 30.571888906381933 30.633516234861304
30.335893511373445 30.964460658715314 30.18260268677072 30.104468594637666 30.93252690190767
30.484215848120936 30.050383435786284 30.952044846206018 30.000876932416304 30.283601736088897
30.856932329644316 30.290066983414132 30.33670913628476 30.672345520075638 30.16447826886004
30.07945073436367 30.36802874842114 30.520174880292842 30.27777922602499 30.466411673409745
30.246175717216257 30.549075873140797 30.451321274229965 30.766186359769165 30.734677376934705
30.041970037075323 30.934005045019696 30.389656235955425 30.24223738549804 30.19722563284341
30.839367374876463 30.03009839143646 30.14859493380321 30.223673033882214 30.30031493170317
30.559182425742105 30.466134702117458 30.18991698216429 30.197344512303218 30.855279533292034
30.669428909804523 30.792555322288838 30.337509002303158 30.74582521606432 30.116072415606887
30.25890564558487 30.009110407870963 30.523250860163174 30.96931551134583 30.805735916137582
30.04626051482648 30.89911151593526 30.009064565501966 30.747236643852116 30.61813394575956
30.19676339486538 30.870737473209765 30.07059156707375 30.357295617848266 30.637495463209774
30.509963811662704 30.889181530797906 30.24857389309416 30.12100083346451 30.96006290607175
30.09971399885822 30.56682702596822 30.5608170769714 30.968281860931523 30.144334010877596
30.837533644478942 30.078088523682382 30.272783194655347 30.746778213606287 30.785418005486623
30.570628493966794 30.627517595447376 30.01368673179945 30.069178405459994 30.77452980089286
30.672572273301512 30.28535905146569 30.2249990895929 30.87695285937013 30.973505282329786
30.400457513351018 30.1042908064045 30.771333404774904 30.048883841666942 30.421362857847534
30.40755686910098 30.80063752597497 30.329510808811044 30.870724258395168 30.537087732877797
31.139979620786317 31.85294342260212 31.94139744094854 31.212370162640322 31.60754857971455
31.340049420640888 31.351013579107853 31.17099048996806 31.24314048355456 31.902691905485828
31.746107677861097 31.69804435861536 31.314126226670155 31.239374310223255 31.62881521724025
31.447099641475 31.369175254592765 31.496143783157027 31.851647620270665 31.704573215400792
31.989581284726654 31.237549390034946 31.408762348859824 31.811907176618742 31.076844160752657
31.935391755125785 31.648897304278403 31.85314372933608 31.281965631911334 31.741602576106505
31.02662235618416 31.638340951300336 31.146157444177486 31.59093085384492 31.38064408915671
31.203174304692716 31.813835853797563 31.937676035769325 31.485108247799634 31.805400225090228
31.907842925741313 31.068340807433223 31.629075460480745 31.75374059553401 31.160880077409715
31.93780987193516 31.28084135703657 31.544768593415657 31.433676831832535 31.812249506299633
31.761975605656993 31.102944254567714 31.91059096983553 31.81047220817393 31.821204375138457
31.623944876436568 31.942746127809485 31.679987583110215 31.359816591428636 31.77977618613079
31.52912576103732 31.068894747220458 31.278023296685976 31.782017632774593 31.9040093899357
31.195103354160363 31.136300599506367 31.54812158785857 31.912301420917686 31.785109647442166
31.020242304665487 31.37230663319874 31.291039342104124 31.511214571220375 31.3386864040869
31.593637629407635 31.505355606606223 31.482763750562377 31.4193024390559 31.619456688565936
31.01979070669088 31.74988213855165 31.46792021733028 31.927785437699935 31.097564750846356
31.608580468894797 31.81853236846029 31.348382562080328 31.140936762141692 31.905619106683673
31.418946609768597 31.185058497210214 31.540445820567346 31.620495015564156 31.734528724325774
31.57862191339513 31.16877699349685 31.813602464795473 31.79912136739844 31.330087529148397
31.08639233761013 31.949580610984988 31.05257528599913 31.033438973087993 31.365794732932024
31.11203030146462 31.423725375461235 31.16572316072987 31.16779721904673 31.81523411647913
31.407289806660707 31.703095704413524 31.82440319813545 31.776354589111733 31.203507184264428
31.02010351013258 31.671295804046387 31.932529439919918 31.95555051237853 31.728894331458314
31.71894579510242 31.778046207030716 31.565673641859505 31.84251739539914 31.102423797265182
31.829641309471565 31.64670372916856 31.89253638843225 31.934208235026986 31.23604636765333
31.96566050845358 31.918895557080702 31.024434031450614 31.19203950787645 31.06127113578498
31.012755530629136 31.61871423499376 31.787428265251513 31.995886436806202 31.143680490150714
31.006317886484368 31.790154725965067 31.044663751392395 31.638424039743732 31.024376582771527
31.08686709400027 31.768268650315438 31.624579248354053 31.50705289870683 31.68317193560289
31.47645839589848 31.32054325853256 31.16741070013268 31.699893772178537 31.393375552743922
31.953450763204152 31.617654627869417 31.12773219929195 31.212866338940437 31.23267371366734
31.19624865291611 31.705826314468375 31.21666135432035 31.63765184952465 31.36128082212331
31.6792743529729 31.114663597209713 31.893545201992453 31.734246752820397 31.17947621982612
31.844019917380567 31.372891221890836 31.037592673821507 31.749491547840154 31.178628776558817
31.28046083232695 31.193481883607262 31.128405817574087 31.874295103817502 31.29114578376472
31.71270583503114 31.791150724098664 31.161583269880893 31.14330229829169 31.661906385004464
31.448078901678752 31.114105716470196 31.283551939443875 31.781332933200265 31.78405650966029
31.838065999060326 31.705669332221763 31.08196247750711 31.509905260464112 31.104303898397884
31.724275151503605 31.901725925657054 31.28688670961547 31.055385620636446 31.955215681286234
31.622388461391157 31.49603287487632 31.008450185886847 31.610041830686747 31.9700843647066
32.92906543055806 32.60046355102966 32.48003041080043 32.972605815179634 32.84416097140127
32.22892372020464 32.9670699351815 32.495573749861705 32.15594900594495 32.25969480108408
32.44825956845205 32.782330557481394 32.161689345753246 32.456498050504855 32.2180432606302
32.65883267393823 32.03927636381963 32.82645857405868 32.757091136804554 32.97921592358165
32.49161475798863 32.99419686061825 32.94860403366236 32.85038765193612 32.193580737577854
32.98605463478866 32.23181093606869 32.32499788517892 32.96451412943197 32.54827759792394
32.673844189843976 32.636783280619866 32.14737932952922 32.298978050661965 32.13806685151758
32.4798497533929 32.08439367866664 32.96470118889699 32.920219758496586 32.02870152146256
32.76021294642183 32.19828042283844 32.74023415509708 32.00994484682444 32.8781183564489
32.113602613757266 32.84683992604583 32.20666745274721 32.32617044790255 32.20391106960217
32.497462189587296 32.13838199186947 32.779353133888115 32.46158671658527 32.69163292739782
32.869150656029035 32.05561278744179 32.77496117282366 32.44470140898862 32.70621068047941
32.6575316558417 32.69482192114825 32.9088803165996 32.15376872523703 32.97502831045303
32.29510168822784 32.81011911789233 32.903507897384436 32.49655346274724 32.94294046811771
32.006644462234796 32.747904173486894 32.96886653930798 32.05177412772827 32.47124584861795
32.0905302080629 32.6914621101315 32.486205637081504 32.8085189204567 32.604250098339854
32.215026429644574 32.966981573591156 32.12864562561415 32.58852903471811 32.993056010341476
32.60981204722369 32.380006535369226 32.863964892142505 32.458708946512495 32.13884145080488
32.36313280954919 32.13320052849739 32.52566992727146 32.131424346138 32.99513760991513
32.082708989368186 32.25679813642686 32.66089365725864 32.62611148166661 32.573236029734474
32.53363458301446 32.01484857686145 32.67387740266464 32.8244411018573 32.265317402398466
32.065967297202825 32.19164005177905 32.97180801864977 32.981231487843615 32.92150406569745
32.370570901222365 32.10707638859462 32.966339159351676 32.37096602561529 32.78345431299585
32.982507594512406 32.317839669327974 32.571153646287804 32.205130025133705 32.17756196600083
32.32694868423276 32.175927258221044 32.62769975571993 32.31200156805893 32.5854863621578
32.08114024959561 32.694893764265025 32.32009776805378 32.93668964016071 32.026468517362346
32.76534441346104 32.762536751277956 32.890640015205356 32.3984053900696 32.08111606042741
32.01063368529066 32.41779153009844 32.60471584802999 32.96677705865054 32.052490404112476
32.88916846277353 32.369052880273664 32.215577494187265 32.54035206980599 32.96680675988198
32.74344176665381 32.20061483535341 32.807413235582814 32.74033114164562 32.25833553000888
32.85027852205821 32.695615621498455 32.14474285432596 32.31496151969555 32.81700495986354
32.88874425590661 32.91095290027257 32.813321460233446 32.24446354408331 32.59365811998705
32.93655879008099 32.53719100325301 32.894295153955305 32.06433238341887 32.53844775444905
32.186411860037644 32.40173556323678 32.49591560321299 32.510199402159124 32.4541190178097
32.35381120740881 32.11612539272502 32.70841459018118 32.808085129405725 32.385524301029015
32.736672791144755 32.99139861341682 32.30677368048269 32.194104024946576 32.0253643922405
32.31218791064252 32.61838285585187 32.30797165480834 32.723829455155496 32.797472273954824
32.27240569459083 32.72373690289656 32.429525108210605 32.93141103301077 32.91948824992183
32.55184280440701 32.5216413315162 32.56890539487145 32.77428393174476 32.37908314869109
32.50725261572561 32.453091192545635 32.57341237388996 32.638741508003804 32.10587884774858
32.522228626212 32.94154614900443 32.31430524696476 32.15594200116168 32.63593058618368
33.37394061582648 33.19870293022118 33.362945367497616 33.861599754138794 33.8289978771179
33.57972088001024 33.24514751457269 33.921470554919686 33.91324631347011 33.75752847997417
33.68671650416326 33.03621191614532 33.270001763108155 33.51421204030093 33.43320690664651
33.058607984898885 33.026333474832605 33.965565270265394 33.30063022285451 33.33387121673549
33.714625125461076 33.208740992125094 33.354741234626864 33.18505546313282 33.085997809371406
33.78190786996427 33.083763877196986 33.91520120429122 33.01508828789829 33.58584504297093
33.63563235105619 33.74225934025639 33.25915252644156 33.582446674576204 33.51992428214723
33.65676969990983 33.75381731695403 33.5725799454607 33.2543077236837 33.34743357088493
33.67047050634684 33.12443641260646 33.438461968126774 33.10009374352003 33.652156992454174
33.77079191765212 33.41101949577899 33.841485975219 33.04121344680865 33.1643498021104
33.76003644244861 33.475783083387775 33.05557441123011 33.041299411087685 33.16306822548609
33.38166600668869 33.17064070488929 33.08808116795671 33.004168670762546 33.902636177332965
33.48923917020926 33.071916431980945 33.922965668435076 33.82107816515552 33.8062476323078
33.048678571938524 33.994071915305085 33.80735328215059 33.87213728918946 33.490605486381995
33.258425850999664 33.62341775123912 33.400916244059395 33.50772258647945 33.526675214550515
33.76732566389828 33.101066184034636 33.400703605909335 33.63846697754754 33.14647351003026
33.760890577190686 33.10545087968656 33.63505875143177 33.42227769036056 33.87890175132804
33.3192883877577 33.386605185626216 33.83860416720326 33.0580762309861 33.74341299323811
33.329211740497485 33.61541618082387 33.830078308452634 33.97272298437123 33.23581612693579
33.776127985911685 33.1892247937015 33.92322411748227 33.39913467155444 33.554455877005395
33.653182763022805 33.09098543954317 33.705265094750025 33.62944773922756 33.36662454220437
33.03772730718054 33.684934682364315 33.025052488932246 33.824398253564816 33.709702917060035
33.871089278104975 33.29614863658634 33.09367462213172 33.30550706449692 33.26797774925988
33.66102624469851 33.05127753797773 33.580455579871895 33.76637833155263 33.63328664238027
33.17205846904843 33.759953792798925 33.78887701930903 33.80591315665301 33.2508291006234
33.85955078861616 33.33158878736092 33.33402432208894 33.39393788834641 33.4699151677609
33.33837008909068 33.426592336924216 33.55393391220252 33.37312975466131 33.89322697584421
33.15343170066049 33.28909921384016 33.10313062069991 33.90917654007887 33.25645515306964
33.31971954752346 33.38470906509305 33.631906319558524 33.89589020373423 33.581672871868605
33.777610106276796 33.87314170423586 33.05197438549955 33.97254004678362 33.57417671022866
33.93890465662836 33.45577969177839 33.139498924017616 33.3772716553217 33.00001005863976
33.15913792294734 33.759206796789954 33.134116298848284 33.47321984920181 33.607109381439514
33.218814438948336 33.97292127840026 33.49278842425344 33.3525790119491 33.232825541612506
33.47512519615434 33.35988759531671 33.65265143931831 33.443378665546966 33.48551651807889
33.227773844306114 33.11165569897115 33.22548774003073 33.99019922259813 33.28852841900747
33.265421311057686 33.012444386535186 33.88721546529443 33.92981067594237 33.580184345377965
33.630970742148264 33.421061787580214 33.9135076612801 33.07062895577025 33.29291506692492
33.203217524210956 33.211263956060016 33.041240290820745 33.924500106336026 33.881044698602146
33.28517180844919 33.182151219087146 33.15853220031053 33.1032843513032 33.979923386859
33.972565553089375 33.25831640765183 33.65694551943383 33.15961176264811 33.59726919714826
33.457813907327164 33.3852954056871 33.0859377447313 33.94209245081405 33.57783966884647
34.91701966506898 34.37167363598132 34.764454533144196 34.28206023309816 34.00781163736333
34.524673410441466 34.23792808726804 34.247615091852914 34.79466431416897 34.67524872768627
34.245381191145064 34.27119211139718 34.01678673349405 34.474939884699396 34.343503589351975
34.84332325683172 34.20138178999183 34.38157024589459 34.12048284580342 34.54258191562244
34.88683179215427 34.63628771635875 34.699135678313716 34.0683156211929 34.54299038621679
34.0290594484867 34.46755655165154 34.60652489719936 34.32581831373184 34.19068713882123
34.98750919333812 34.88072540337298 34.312389904172264 34.07226226789914 34.43020089358818
34.458973587772505 34.84583769028188 34.54549393230642 34.936441645371275 34.080268514371866
34.07315143184418 34.066786923566774 34.7386755797586 34.83058221943024 34.04436745475947
34.14806869962162 34.37399796899722 34.688548036846655 34.743980217817764 34.91791875173276
34.51296107478487 34.33592730254282 34.25527158157554 34.550700841286016 34.00820600567792
34.29670969129021 34.550733668859394 34.738970284919816 34.30085711785129 34.27844041672375
34.18744005272176 34.02605125556132 34.48228072571016 34.674759919660545 34.45125858895645
34.76058098997649 34.12512701413883 34.033915647424955 34.41062485376629 34.6101234281588
34.22298692569381 34.57868212957454 34.12238964786633 34.066337904576194 34.918781629837575
34.4055124643082 34.68636843335826 34.20596433950109 34.045297842567464 34.59308617970187
34.06230720265855 34.36059023400799 34.56947618403602 34.718095712537746 34.99070196511555
34.96296059134614 34.87266516734719 34.96319836153862 34.051707700350015 34.189826552588194
34.49220001996682 34.855545988400785 34.003878245327364 34.45731216686459 34.087742690935094
34.63001472039305 34.98003556144148 34.276405735218745 34.07600404824303 34.461949674868464
34.582656891123314 34.01193964383549 34.254973240918595 34.33047248262817 34.15102231273575
34.03801893217019 34.36423994730316 34.67309725422126 34.9359423265415 34.2240043737492
34.43580253006291 34.70639089282991 34.00846537897164 34.04275090015351 34.50371911990701
34.852435692880825 34.74371083358545 34.07103331279783 34.64425829957004 34.08015997879485
34.67723664814968 34.6460834603928 34.463848895214404 34.00686197410771 34.25603002258428
34.15814828223395 34.405223263643535 34.9203592426881 34.1757258995944 34.49284970209613
34.703086745511 34.29641621042996 34.26383564159636 34.30294626735446 34.67511364361583
34.74754741185387 34.38204139720535 34.56695132789321 34.16401146762995 34.05491741004993
34.89764072894197 34.219054303680075 34.126974651641504 34.47531630866698 34.4329166343523
34.82658854176447 34.53420018755873 34.18934645617638 34.95187621111761 34.23428257777203
34.87481282177281 34.10556936095614 34.01630884391406 34.55182269590471 34.497248481923634
34.382605953808394 34.63827383361616 34.551799445072966 34.19232122662936 34.4038751588753
34.06303069009637 34.866098634690616 34.76309923180823 34.18459501156559 34.614332863598996
34.06103425424594 34.89207673885241 34.49937634727743 34.070547618115114 34.59597462529866
34.1233157214158 34.1433964504493 34.57260851571778 34.08513631205245 34.95597925843419
34.04786690779984 34.64016193139266 34.61488346969157 34.259799071190166 34.9790424372022
34.558386573355065 34.93989404833621 34.93799660432401 34.31737273480729 34.069108500447165
34.1313541553951 34.45063589451501 34.945597824078355 34.09329582902731 34.19546675742083
34.38637072659927 34.410970404412055 34.29388478925497 34.67383999611195 34.341531870830366
34.27007413532616 34.12519505489711 34.72901002642314 34.004062726067836 34.655006511596476
34.783363811501545 34.00839471663313 34.9401328593749 34.987683133717475 34.56641566402911
35.86980491037032 35.97380136831636 35.42323686431538 35.873223157207285 35.718445246558126
35.482997868500654 35.01251298286802 35.75357833525105 35.516873748801224 35.66610909112931
35.194645316556596 35.50661241743071 35.456775437554484 35.069363022220664 35.489620682339684
35.20252154390932 35.76685561846724 35.686247855763675 35.679056724336405 35.15777241714404
35.45129075943852 35.21385039277019 35.50837531347946 35.642233320531155 35.4936968640133
35.04623468837325 35.55490022748517 35.134853232780266 35.93443276969133 35.794596243985396
35.88473621173686 35.190802320802995 35.79284228482971 35.27407395019514 35.01659455999192
35.76096827155207 35.084064991573435 35.95864600209264 35.30029857606098 35.82609423867032
35.84100252805384 35.44062836401233 35.70975371174084 35.323711008019714 35.71222432825797
35.06740085194148 35.29856424319109 35.53860855784623 35.70166329630559 35.44396589564405
35.10423837680779 35.21229298035861 35.51260227337058 35.54993743954495 35.936841804221096
35.4177062769649 35.60761319281971 35.59324392523368 35.00063507554632 35.09144719245469
35.62356278817662 35.174557417978775 35.88611157177488 35.564555106058464 35.20001444756248
35.518941500004146 35.001458685528085 35.8285658680433 35.62158509423865 35.213237962654624
35.23989768453895 35.14429002406193 35.10460325414579 35.95043946426944 35.9886062906348
35.997090257040085 35.67399791040135 35.72988689295706 35.51374384056279 35.04798115845627
35.66919300882005 35.349704303632265 35.67966743866907 35.90938334300611 35.03483758406192
35.76741706368953 35.607400877649695 35.67342297993961 35.21073798818186 35.07213382556432
35.47709165522971 35.22284146709974 35.01567931005326 35.926277266927926 35.813747687409574
35.75514467046757 35.5803295074808 35.49922970079188 35.03456391483439 35.71732124997054
35.434798276073934 35.31478673895109 35.57404378072126 35.798381014694066 35.195114738249124
35.33093856713612 35.18872661435961 35.21586650705148 35.804379724840885 35.798293085497605
35.99897082544504 35.23638170519296 35.89440271248449 35.099379628087306 35.04167392106087
35.16107792783887 35.598241793639104 35.85592380224826 35.294543782391514 35.88962932334719
35.63539228648174 35.04700865054929 35.79904978083971 35.54451818538097 35.22226328097769
35.2580966651595 35.11271966701035 35.84433491653185 35.278093536970935 35.92464496215629
35.94315294526295 35.28707650403133 35.1899842728581 35.044684423657614 35.70062165936389
35.37515194098285 35.69872259814183 35.50968542227029 35.79005958378169 35.35921847846484
35.9812181616355 35.216086860943626 35.7765994175525 35.15845098448957 35.46910009680114
35.07817234866799 35.95201532304453 35.60669133477614 35.31562222776301 35.44701901086226
35.21068730169729 35.395801026106035 35.779240526366344 35.01067707202087 35.22850285297632
35.199763101756744 35.96306939383508 35.51133078661367 35.83647316745812 35.41655786069715
35.78978901461662 35.530080336611384 35.48858421022848 35.59624544722113 35.46609810516551
35.38945458222337 35.59214766612072 35.77846068302407 35.26969282905411 35.213989897906444
35.103329064848054 35.26245639686241 35.788376353947704 35.62349587798455 35.78710763289754
35.15509198380893 35.046702001509246 35.43690292641235 35.07563695119356 35.9467628852727
35.78853078002376 35.61812147445471 35.26304830154872 35.13053655886298 35.75941598296922
35.16815752704879 35.48217952022971 35.75163731868533 35.96666872888369 35.28206360235353
35.29006851487378 35.291859465017914 35.05197016413454 35.81443148964078 35.96050822409814
35.91714619827979 35.94032723865679 35.053221806298495 35.448079561117844 35.35638962637893
35.17296742558148 35.52785223091912 35.419399552510825 35.51152260426442 35.99498106559322
36.61285984265052 36.69493149084889 36.11923938314306 36.46963347683803 36.30785584409432
36.9600110539656 36.062242926717225 36.09181705427619 36.3264951546925 36.738365476042944
36.3081637797563 36.69430994961241 36.46317955756509 36.34391249706066 36.64125029901074
36.08965420995108 36.38584846747672 36.355425458618974 36.832612628691145 36.457937943067456
36.26284652226365 36.90608761073817 36.48952951909216 36.43705486618214 36.49220899021743
36.91687185855086 36.20030371622 36.84955385211273 36.943307949777626 36.77084721826426
36.58864914079936 36.74774294337733 36.586235628809845 36.65265061033664 36.10708122393283
36.410214426843915 36.34219313634957 36.51123534989642 36.18686882038491 36.85213834148289
36.52656455343196 36.283639190343074 36.87753100845302 36.45716261645926 36.12815517036746
36.39776095407058 36.49795433520712 36.96330444481397 36.00448078224218 36.22923494692809
36.65030491503924 36.72654517307095 36.04966465851852 36.73384261862372 36.284837427498466
36.081821140441505 36.309591266615016 36.68279119837033 36.51020430402417 36.43572870108691
36.2920682490873 36.208802891061026 36.71304770271158 36.36565095487033 36.45386701873524
36.68754430279934 36.256047681083054 36.326234195738145 36.46472564676629 36.3554036867095
36.70085812173772 36.73899202871486 36.84211862250629 36.04726511424297 36.590964760598084
36.869713570344736 36.18732144653958 36.824818753021916 36.720615517621276 36.90227905823571
36.25671919712451 36.467483499306645 36.86861486467767 36.31341519775852 36.04672263146712
36.9657978439175 36.889094810206444 36.8852927909603 36.02466472445551 36.10314249858376
36.26559592302167 36.25366295236332 36.955149830188304 36.00635818419367 36.902510946617774
36.08439429908236 36.05947181602849 36.182577957275235 36.970195298373525 36.48031223674636
36.9294811310874 36.16235289301156 36.52273011664823 36.50728644329277 36.23841156718954
36.669609349165064 36.55097913712234 36.0357585904986 36.87134766483363 36.3236328759439
36.3492216681307 36.5762149252331 36.43936998630501 36.50574476482328 36.85592385134252
36.058974911431676 36.58622229147943 36.3916546497231 36.9438160300917 36.62086197417652
36.191167908052165 36.35275158963734 36.171401344135084 36.065999749238806 36.9844696315682
36.83737225255837 36.06140276418059 36.933856896022235 36.42296247484853 36.529321789484506
36.40775646450397 36.884925757408936 36.83117153889273 36.25541023327465 36.96218016582374
36.52199943746798 36.75531095767271 36.4309053046182 36.362479779632494 36.75384518067013
36.432309829237354 36.20411705804614 36.74324041944952 36.11539661684886 36.85085637733368
36.842037734643675 36.29826225196437 36.26826203452371 36.91162542594353 36.19267383021194
36.06123076434356 36.84794289199415 36.598721885742066 36.954298940377925 36.288504345752585
36.277840221277565 36.62854272540394 36.00430532229574 36.30826135743562 36.818933427871194
36.537913320371466 36.867876795905126 36.137283435065434 36.54344440709489 36.44460834417628
36.016112319464256 36.21080990659975 36.56517487807794 36.89218469839812 36.96276527852351
36.07571074495608 36.28172629500057 36.80431581719786 36.4442748368707 36.21115891526661
36.13539612320165 36.75220003748754 36.49738773984705 36.29694764101751 36.71197997720429
36.203946031538976 36.25871392904145 36.71658433897411 36.67311326058416 36.90308647082721
36.89161758836165 36.40962074235687 36.40385462734817 36.36550889386363 36.09384358653699
36.97838979947579 36.14668469631681 36.30965993945835 36.13370107319498 36.059979038449505
36.476317253153006 36.55496318030727 36.565829907868356 36.55596642353645 36.40109304187332
36.245879635949194 36.582361937819385 36.682113974615824 36.75149505326558 36.882610317473834
37.566507479810745 37.82950529150205 37.3992536851539 37.20546273109853 37.93024294544156
37.08290279213353 37.05952955641039 37.545855800730486 37.606211973512615 37.04866506819592
37.5541745630211 37.1046767380887 37.05678707661363 37.69142360831201 37.742443988180206
37.48116258269532 37.674475693437216 37.33740220704623 37.29303122581197 37.44875677227892
37.300793040227816 37.1189961769898 37.529257216633255 37.31158846432158 37.11294955323358
37.278484222238575 37.424471994134976 37.04275190226852 37.61583137037801 37.46747460474918
37.50181413283532 37.98253341785179 37.02014332286421 37.64523089868755 37.17106764728488
37.503391030211006 37.224751097449165 37.26024739858862 37.99669361094661 37.611681790573414
37.84017986706901 37.36134396287964 37.1010241693958 37.68767458309633 37.07159895042716
37.315782698114596 37.049930544623244 37.7883942192197 37.69913163543508 37.185232661356785
37.79949172556617 37.7778554649789 37.529186857500974 37.10788087261058 37.72598006941452
37.95537080177316 37.196157413927715 37.33063021989143 37.02164166212217 37.95386218255506
37.096899220425385 37.97746673804863 37.90481684990929 37.90633625793871 37.047350658870414
37.57997372584397 37.41554786475491 37.37249893082986 37.700484950723386 37.69874668804898
37.153908874194386 37.159610526301044 37.93141530677912 37.32072971433486 37.627204256853645
37.09479539297434 37.530946607798015 37.18098591696638 37.534520146924265 37.300320674182196
37.998618352729416 37.371153744465055 37.323163325062296 37.46700296685751 37.32693493063196
37.892761301811824 37.44032771492622 37.91779268676393 37.32562795730344 37.082500049916575
37.266060137249006 37.88816290303084 37.07333978357859 37.899823633163564 37.1136016055862
37.24802570064043 37.00449549297987 37.47140499869148 37.62142399019205 37.32922197860487
37.76103911851572 37.079133637203086 37.25142346113472 37.92620482621678 37.79952141201096
37.162352660123815 37.02493649369813 37.63029650053793 37.144118233415895 37.476801472913834
37.074779686720355 37.18110606203787 37.560710419366394 37.531193225236855 37.64312666917832
37.215257664956134 37.47407655717749 37.583757561641434 37.08021516859083 37.24086561532152
37.03388583989093 37.99726617026842 37.55210939476471 37.739699214403636 37.9547651242133
37.43350157318315 37.0130588474665 37.60345596401138 37.18769818954411 37.187359449686866
37.74359273408081 37.733497584407736 37.06464970528969 37.25256357217918 37.376807428033345
37.6943621087394 37.36050194886932 37.224728042335705 37.916228456218576 37.1333935533812
37.038475340939385 37.936859053001584 37.144459798750745 37.12057440107109 37.508444498156855
37.47095364481314 37.129963562154956 37.5097844566441 37.21684860192804 37.63558949945167
37.25739193283879 37.97990353804698 37.09320613957921 37.197788902639374 37.446135265758414
37.769975978922 37.78146866717552 37.12514226166276 37.66643397244126 37.22135159508982
37.419606483303745 37.32067325142912 37.605410443329205 37.001678865462125 37.3622173498512
37.25184370319792 37.0152633413729 37.58684805876363 37.44080385760373 37.44341434704862
37.934562180811746 37.56529348460485 37.29859333983445 37.33438984869225 37.017880371382255
37.59251904892223 37.430616188995764 37.51785543462555 37.76143775635577 37.23823025280706
37.704148886845985 37.679027286522455 37.19493629567742 37.467439695728366 37.324653002318385
37.85008992572725 37.23027789369193 37.7915919241976 37.101792528151734 37.12767588559419
37.990532884172914 37.19701849883953 37.16833259790127 37.125995607952156 37.531124304374025
37.294383056456354 37.337734667853375 37.105243668892705 37.44939420326239 37.752854670382774
37.68984993052994 37.49164486710336 37.241078744472084 37.37405128402951 37.05234621221554
38.648504747206495 38.337345384190186 38.48358173216158 38.647604995933506 38.54450073319165
38.546157608134656 38.09371439928307 38.649465749700326 38.67029199091988 38.200501165825045
38.336137399921014 38.69709993417111 38.894681119759646 38.562732409617794 38.1612941395622
38.128564933472006 38.96067114780376 38.946778942521036 38.26850557075898 38.73553385753594
38.52792483476763 38.65339480128372 38.33338911537981 38.95801397581686 38.99428010141846
38.63227020445734 38.718193154839064 38.61347361297345 38.80659859036825 38.58079571228264
38.86528387133451 38.22657894491236 38.396676044805886 38.83302623069186 38.574254135468365
38.21201238158848 38.57989187560712 38.448055822985566 38.70785113138195 38.85913376819085
38.8646262243348 38.49392696159143 38.9978958721747 38.79478418924891 38.01207458115632
38.641362948653274 38.529594013731035 38.35932174733426 38.35894198661536 38.831025704916094
38.17111443742218 38.12101725304674 38.869599693395585 38.95866556426819 38.685038361961915
38.57522725791257 38.619639317594356 38.23444319412633 38.50925808153845 38.92730057305432
38.56602240944582 38.64424707920947 38.8643254622425 38.58884823777184 38.27872678458264
38.94739300844621 38.971606348516985 38.88645395983457 38.58445590537875 38.72897175294831
38.89609613489289 38.43727625073694 38.14237700821174 38.79190635264896 38.23303115872848
38.82765287750005 38.56195671394717 38.60223010387241 38.86621157386986 38.12530409893065
38.530198386105866 38.56412375949812 38.62931953125702 38.48018721278307 38.77682447773905
38.801956326771815 38.55694176262702 38.31394059596214 38.07607951376014 38.88124025958107
38.304644101769725 38.40867028184397 38.9090476592476 38.15250251642843 38.986307171529404
38.62883379114395 38.45441512601565 38.96193466079752 38.601708230703046 38.74056563371508
38.54789889748666 38.70528517701822 38.00744369041277 38.833973883058576 38.96609472247338
38.38302496809134 38.53780092465847 38.34732107468305 38.73053681195877 38.80626545548104
38.97625313737157 38.28585793784608 38.7574718837781 38.74814006289825 38.03955464954276
38.13762370833905 38.84913730124305 38.68658962909724 38.81776072865303 38.46658896985941
38.79525103148927 38.29981587770838 38.862936343363565 38.664665811756436 38.31450816043135
38.46270057976026 38.78275571975307 38.9652612056993 38.31634108236391 38.96568176324205
38.350702036774905 38.66257328540778 38.57451602244505 38.80723750651444 38.46300172398559
38.109081021666334 38.96213113018469 38.52577028926515 38.60157708872933 38.47758730650056
38.6314678292391 38.110990005687164 38.20411210328731 38.25315323953798 38.92051126182273
38.50439321262277 38.69850404922061 38.94605356339754 38.11265863938632 38.79114003755581
38.20439038631159 38.13298815776371 38.79453772323602 38.632569151767754 38.827845804295535
38.61562235324197 38.66327312541528 38.48889179221854 38.96844164766343 38.06977128318186
38.195957511895884 38.01632881435644 38.94015513636685 38.766967222394335 38.951949562394354
38.32061581874395 38.362575718540626 38.73478739488299 38.564721282323944 38.97257714613843
38.859753888014836 38.68579551581902 38.98443683209066 38.06607435371764 38.60945945500409
38.634895410509934 38.7640779009704 38.37053241169522 38.6343649593698 38.582151406284744
38.41889319904704 38.76871957125023 38.06178590329915 38.59667990633066 38.0680597315532
38.600779980977414 38.25092775910043 38.64780952544161 38.716486116498004 38.722511928661305
38.66411572104093 38.28527231065869 38.3971031087837 38.78042190949513 38.764802757732355
38.93286408501925 38.418439382171684 38.42117008344865 38.919491868003625 38.105334025325234
38.5529766190289 38.32209309090255 38.260120917012095 38.76113184790592 38.8402727876282
39.03722927713345 39.931733573001026 39.55291423781357 39.04123845884881 39.60087693194045
39.86693495351267 39.732444622301365 39.52647375795626 39.844672771295244 39.23896448398773
39.91031684610238 39.127410553889746 39.37904903693541 39.23280252200255 39.742307967892806
39.45391687155623 39.696281467451875 39.85526383670878 39.51651164367445 39.79240748342142
39.923196505156696 39.21859427738541 39.01646037522713 39.87083046756529 39.016243635169324
39.59346106995023 39.60929649036707 39.51227166930443 39.58485441280923 39.696845328357156
39.061184064688675 39.942776209692944 39.981369783160005 39.17328381472427 39.15554312227942
39.70580880740971 39.8226853299358 39.273736872507556 39.47240866968736 39.4859728683487
39.88172665524439 39.32521300386618 39.12535420468374 39.697600659515636 39.86776566675414
39.960793235271744 39.96393134639308 39.673724285358745 39.221828507685515 39.56955843971665
39.817583692732164 39.38416927223156 39.023173339502215 39.747211928638826 39.59234490370967
39.00011687962272 39.38415111998082 39.883099242614 39.35030029976408 39.68458969959236
39.81795185857288 39.323247030902515 39.01129404900575 39.44971132610077 39.94891109953983
39.168226564743314 39.94141866154347 39.480667041256076 39.84396402147572 39.43920710222177
39.20696876242874 39.25626571470849 39.26917301340603 39.74202413766553 39.2757238520231
39.07840642550983 39.31419823796763 39.48245423713451 39.729863092268296 39.63005429590741
39.58521591561022 39.67856560714622 39.86199942271506 39.35949595247003 39.44551508111715
39.9371487515084 39.90495058177153 39.619374156224055 39.05791165366659 39.62072689912208
39.86880163448453 39.19225161052083 39.63333618094686 39.120384756819554 39.696372112941575
39.88122062921303 39.16084783787862 39.45988912893822 39.69017147243809 39.429560595924016
39.19698424009718 39.73065467972142 39.03437544853327 39.93347611735452 39.74227510410729
39.65487058080763 39.687840249341285 39.770584508494046 39.96516089288557 39.16495012023911
39.362319354948696 39.17885574417539 39.814608525914544 39.695742356386205 39.393236962142794
39.37343302005678 39.74986517239823 39.15607152522905 39.79604719682722 39.60569796285657
39.655200112113356 39.83474534058836 39.83260500717039 39.431255993186085 39.28291952146267
39.81803840850806 39.42843170304443 39.749101585848656 39.3655984025235 39.6777974857812
39.503095580028514 39.90278834547922 39.18807110879019 39.1786063458181 39.97810260249854
39.22253734119989 39.870902794903614 39.50159587183716 39.42094352915371 39.31731420417726
39.33513829770863 39.85025136130694 39.70692538892088 39.647938789724314 39.409077032248895
39.43842890730184 39.414692454603355 39.91992458160227 39.5281477189429 39.531262500050936
39.18362577178634 39.42115573313852 39.801417631459024 39.83579986152281 39.18478455102674
39.751727765892184 39.95883394439184 39.970217211261954 39.641552369303035 39.25444369883825
39.14207065106829 39.96017404240916 39.88351251424744 39.1145724501409 39.49360094209012
39.538859166015634 39.970657262519985 39.32056152943419 39.64782487173645 39.0627734035242
39.030331686912874 39.69202475739499 39.44942304203811 39.247823218518114 39.97045128289763
39.863145568820826 39.980789540847944 39.93739168207078 39.332994389662424 39.23498461730894
39.47690816463415 39.853884424549626 39.262806089323185 39.50910236532188 39.721096271317954
39.69083914302211 39.79405760276623 39.7463698139325 39.23636334306208 39.92299361173629
39.3053956464357 39.01513755318536 39.144016091999134 39.98402002979187 39.69625040824336
39.604526201054476 39.1092615954087 39.032031275319724 39.30054520668386 39.905288607622936
39.519462471563955 39.26958367500747 39.55855255238656 39.63013312927282 39.87840528378597
40.696318794810786 40.622280434890406 40.582036814464566 40.771011321664 40.20781318737873
40.09939637623757 40.51234065239551 40.83414748276011 40.65604678291301 40.16850253081893
40.078811033218635 40.67798764117676 40.46523699056015 40.46431934818204 40.04680516261732
40.67948370661438 40.419258664209245 40.23965644509742 40.129811385574236 40.709499643636704
40.66194056864639 40.84277636578094 40.350986316833804 40.31707734572848 40.95250491280372
40.15129443948472 40.57391311811367 40.8874655890423 40.00064341853157 40.23754783542004
40.20580352845595 40.10413519417099 40.71857914586872 40.28094930537727 40.89732279664457
40.30234118248061 40.54028601268177 40.08787728627858 40.66748912870596 40.55633837927153
40.51242479855281 40.46148534259948 40.713399769322336 40.777298665334094 40.60685839652622
40.30300561218615 40.537019001424284 40.61543191228807 40.87874961464947 40.64790999895877
40.70623175311281 40.08663599107398 40.88723704264188 40.78311042156923 40.34650139688647
40.57640215744189 40.333229167109735 40.582394891815895 40.303003227343616 40.75418495891494
40.83743188049283 40.55900513495064 40.573942316714806 40.290310227317924 40.18544767285637
40.38613566124291 40.92111423450613 40.67339743301049 40.12461104351345 40.69636142344444
40.907885400156914 40.11548688056071 40.71515232144544 40.620279741371355 40.56751497994565
40.80613773940761 40.18100271936997 40.56725165412531 40.47851755117049 40.533812853184756
40.96391725847703 40.16167623860946 40.63471378652882 40.08106012617934 40.12432947481449
40.0875075550465 40.838568923714995 40.42361862943577 40.09061581462583 40.97312462158021
40.22080460872937 40.22398612909305 40.25886281264815 40.75936152927776 40.95460336996133
40.01173673089852 40.226957818863134 40.73908239875094 40.410193892849676 40.34108867987417
40.96055065319805 40.743231008394204 40.33214602803473 40.41590296992162 40.34747883592522
40.67531581865187 40.564011317382594 40.40375717757482 40.227157529884266 40.545276555450016
40.061201851180485 40.19215772292826 40.300177360049304 40.839131869312304 40.88607168032823
40.53107280644929 40.31175523802756 40.35633531454208 40.30512158110983 40.487844006746215
40.56147292938629 40.52800610041492 40.24548927000764 40.597036450639465 40.757086296234604
40.35590568297566 40.91298087790404 40.244493501123166 40.31602227057484 40.8455359131599
40.4444894812435 40.560295287570916 40.717841372115 40.421647719295784 40.04890210868841
40.762898180069456 40.30090469201284 40.91938491704943 40.25355882141312 40.096774391283525
40.85128090378654 40.88268147351482 40.46414529318334 40.64297750905219 40.03254157703553
40.468874813651006 40.805144071713784 40.513653610854455 40.37777936321121 40.62099921583394
40.4929656107205 40.09789132971314 40.13788013402545 40.4743024486703 40.95173520035186
40.907030463597394 40.117531722451695 40.86507260499974 40.90497584467056 40.25845361073566
40.863120914898616 40.67849859618178 40.35600264793846 40.80893162090514 40.19356039187461
40.21260465650516 40.47717284421644 40.84690163495332 40.78743065452754 40.15836330384788
40.1900495963188 40.85245492113971 40.45876705950229 40.79305669291652 40.00236808587549
40.41531655531542 40.87356073576561 40.743768199640265 40.40260528736354 40.72320284430369
40.49434299441521 40.67060584057947 40.65513480653253 40.1728757134307 40.197064502995595
40.57485365780992 40.15977277002371 40.63491738620665 40.56978310504331 40.39368057449167
40.2103893853509 40.41477331038227 40.776187951477716 40.446709230916376 40.31768985590198
40.536374218709916 40.46502204208135 40.76573609001617 40.52944678366334 40.122687456936134
41.00667148214429 41.444733643131116 41.42379462340907 41.73123018348894 41.119381538387586
41.96574681243657 41.44350016964375 41.17054893328242 41.64382086219902 41.6651239542358
41.125583477251155 41.025098467507505 41.34687818019113 41.99576957430935 41.353823448980535
41.075536278674264 41.694146038093606 41.384119205168794 41.88428621027211 41.019570493337916
41.59700743151071 41.403307874266396 41.52674602288551 41.14597945118027 41.362382870534454
41.03673254762433 41.22616955821605 41.67789809098287 41.23823500163445 41.63531061315014
41.37972023289287 41.40438757663982 41.66945182067828 41.16426989389272 41.50650342140893
41.55771332625087 41.26705493747118 41.596886682050304 41.74831155237491 41.61210061856072
41.30984633982576 41.986174749596984 41.4490302893461 41.526211002069346 41.59947386054279
41.51613125676852 41.393414007104724 41.82299192083101 41.856221330182635 41.26513374472989
41.412228260041765 41.05696781062888 41.01044219952213 41.839719402303764 41.67244629191378
41.06962545434159 41.654204800720294 41.37381188976741 41.56418951379638 41.62066016188299
41.94327077390827 41.07395836993608 41.802155422736234 41.56315266554996 41.77924954467873
41.55241570317174 41.25752900551702 41.732356740679954 41.90212550628966 41.343815862484995
41.68783921017192 41.530120692206616 41.22139557555211 41.010809610520305 41.0160843835077
41.46751811336047 41.66640806549286 41.62828412260591 41.4021348165371 41.30907235476951
41.225741590251495 41.53374960167911 41.21470867348453 41.826585188025554 41.19717521079414
41.20436224618583 41.84588622175171 41.021676607619995 41.556540238845166 41.9783633824134
41.05287825498251 41.24760363207272 41.87945633203845 41.67671456820385 41.60923807316652
41.57824229451536 41.79898539675668 41.649309206917785 41.33708692860055 41.08025897973552
41.37981593570116 41.33666202856604 41.03806569659633 41.375555718162296 41.942523012698715
41.472463191627135 41.65034425519142 41.471880759104394 41.314136844944876 41.20299836409052
41.84843817944893 41.15549023746713 41.322919395668386 41.808199750400895 41.99887896167127
41.38723051052297 41.32634077363217 41.63917437313429 41.771778774822536 41.30567066126012
41.38264307762828 41.23203797050304 41.17233852405197 41.82516201880898 41.86570043800344
41.58062538315777 41.26819177626326 41.670736746402206 41.52604704126594 41.2494277776461
41.93195177029422 41.45353624658637 41.19473609449219 41.345013749275616 41.36576474324412
41.834842879117225 41.33455323278518 41.1169292176643 41.23682767885014 41.78091348833418
41.004816735386996 41.658856061454784 41.51628696027614 41.28847664046413 41.32533890671931
41.57524934139244 41.364936005419395 41.52122301617986 41.508163862704734 41.021335339793815
41.16627698765322 41.53854519106929 41.006943836944856 41.70172595790384 41.17393161401005
41.33380633837965 41.95997101149024 41.79859992409019 41.128930280843186 41.85033121969018
41.76830665049573 41.37320897970283 41.46064050994976 41.14330383145437 41.74062242030987
41.66368311692652 41.09728676821151 41.41023674441463 41.44453397743118 41.07132672025923
41.41151082307046 41.28046848629521 41.01839699138087 41.42723750017743 41.72106536843999
41.898136644068245 41.08559626937676 41.9051689232309 41.63662319660158 41.0022155754794
41.67182499253412 41.506549026315554 41.41346567123923 41.32442876308474 41.83808903635863
41.16453820516321 41.98174716590413 41.06814836358074 41.857529727419674 41.94744032523378
41.01680830176302 41.80970666048405 41.73525707147339 41.27374672291959 41.37007202059134
41.578321154296844 41.228664219919494 41.248679432269235 41.28859738878811 41.89122276510289
42.295249633501925 42.60865005378466 42.50666788292785 42.02716562407417 42.17674639457752
42.30105965095275 42.83029726399299 42.353713610736314 42.20496595055415 42.60358941462465
42.76781515591703 42.02563156025589 42.70192315643197 42.144976205491055 42.58430480487191
42.248768155082495 42.91527873963553 42.04671501471203 42.62611464190191 42.29085762504979
42.49205942379834 42.574634794947016 42.457954667725005 42.031018406519806 42.58052986870772
42.27223554916097 42.8867154990178 42.71380477365766 42.181846828448506 42.829734990888426
42.46347448524008 42.51021804191523 42.0624695356498 42.42101649720177 42.57213242966091
42.49431070631613 42.494689874785855 42.42194979755171 42.29488329526548 42.396319790096705
42.17139263555363 42.853511643329625 42.35198293738108 42.54091833870675 42.372137120255765
42.43778049915536 42.24117302194749 42.228332721593524 42.38344359463522 42.215425978901116
42.041073276837466 42.57214752197143 42.53492325942645 42.616990024325816 42.87700907362277
42.05300681170966 42.5004551834684 42.28723741512794 42.50292784550394 42.5132188695595
42.595508805587 42.80234632835004 42.693956845117185 42.024806831276365 42.914786962390814
42.833764531381696 42.957557924988166 42.04915622679459 42.88756901546481 42.285832870052076
42.3621824229055 42.71924891297354 42.46725525228681 42.06914162521419 42.4179982334326
42.357814151838035 42.63916251559566 42.47396655911226 42.224310544658074 42.33788191055388
42.100153289846446 42.913424425617166 42.53868368543954 42.439751753944265 42.301348625262506
42.889985863079815 42.22144841311925 42.6500524553584 42.629620041580615 42.85883990317174
42.72048948750756 42.126241446317614 42.39331422874687 42.77265129147889 42.60193942629462
42.94898290498383 42.001643148159545 42.442095101616914 42.342100818676364 42.821226634288095
42.10235390550717 42.18660203428602 42.1809814438208 42.44255886912516 42.982836124427635
42.7771445743236 42.31771474576693 42.16380622456408 42.837745520536345 42.01716276524606
42.208054191905866 42.63741185517998 42.92189757237324 42.16919873254635 42.635979309287784
42.28059381410735 42.86837361583618 42.01535269345847 42.940876660847614 42.687951549891196
42.53583153566531 42.359634025812454 42.7571601560045 42.11898950660534 42.11214773315255
42.76243681594571 42.58407016388953 42.66435639801708 42.96252300518947 42.01587068136529
42.96428146392793 42.92295121571225 42.30429519894168 42.206800166156675 42.67122446809532
42.451343271439285 42.319180427015446 42.41496731018868 42.4628385022284 42.029029663054146
42.41325042642737 42.27340233611707 42.73685424063093 42.806133941692835 42.09295105094501
42.73396334646807 42.045917908325805 42.16439212155311 42.085439841712244 42.91104369244159
42.39928273122736 42.55792592413825 42.88968702406124 42.39179492499232 42.80733817448666
42.227523907277806 42.08789347525379 42.738149807120685 42.638940571409044 42.70893223375348
42.16063197582496 42.291447915627046 42.7449741767864 42.39496222590103 42.22136576843653
42.747145054615416 42.580082147532956 42.08016448167033 42.870682633551176 42.079451030152036
42.46145312790636 42.0848158840209 42.666116877826354 42.65607749516069 42.12887803578732
42.17837176706719 42.763096529003334 42.245508702383106 42.33448635874695 42.70350420824128
42.36370560242145 42.78690506727412 42.349140073064724 42.1012433410581 42.516225393977365
42.14776184685064 42.935309198783216 42.5101302697573 42.938365392386125 42.32576025511918
42.31072174033636 42.66276501346576 42.759987734679015 42.14414979343201 42.00360095304379
42.34719614868304 42.29814646635733 42.66642077877127 42.66012672182918 42.5184265684201
43.70960449450703 43.94092622322276 43.38959373465332 43.31771934502726 43.22890319058887
43.83737695805508 43.366963380027464 43.89698592776459 43.757382174353666 43.162303080086126
43.58917641970048 43.375343098488436 43.51525525367392 43.79391222217516 43.85183410912821
43.68051098183771 43.176751865597865 43.6934705685591 43.86988566388668 43.2146279213374
43.199724152172145 43.648392798914216 43.1736377212158 43.8552067898597 43.085762591104604
43.511302946854364 43.11194029274488 43.15343958391479 43.926085451645164 43.17868904211135
43.40209394437721 43.51344252161644 43.3303088202297 43.923161880631966 43.31808312833907
43.283610568088356 43.12616579001344 43.16439039449825 43.8935378953454 43.47685914055449
43.03173057700078 43.13376048831091 43.92497497948406 43.59563416652901 43.994811124671074
43.54339887622398 43.607676882033616 43.43713251146854 43.79280274211691 43.38337163599153
43.75736443738336 43.038187032963705 43.83883372646902 43.48746878585213 43.31398244405008
43.83911329851986 43.40183360141798 43.597947511924424 43.61780351668269 43.47061564187177
43.55079016866529 43.89552911273348 43.72793013133699 43.032974016434046 43.96005050091128
43.72140829073202 43.832644544110735 43.62100537742155 43.05240462807278 43.010934390264644
43.34524307594011 43.39574375192027 43.45921830637212 43.27833754448766 43.48020672903944
43.49368850322601 43.35487062020587 43.58053528707013 43.98544736594481 43.15040158149493
43.030725136349844 43.83751520144556 43.14950297309163 43.56338640245917 43.654709633378076
43.80033960894306 43.72165187845937 43.684220073201345 43.491682159508386 43.01348265120305
43.727642803472044 43.82620058684055 43.47011103627663 43.70512395342205 43.28971328632081
43.70130820721462 43.872199741578726 43.65718704862596 43.46679662523383 43.259070954469415
43.097437906599204 43.756325391079855 43.81929334556774 43.489961684003056 43.90366186435157
43.10772174962378 43.87250990163963 43.17724450611152 43.26505949156976 43.30548229600682
43.903844227305854 43.43372649827371 43.00315565280338 43.69656918634205 43.51102373083781
43.74366031807234 43.64466647518746 43.24963086588711 43.23217841620316 43.145082048085406
43.5392115835752 43.94575249306455 43.08325808218333 43.1341575420914 43.1302255586134
43.906837102488886 43.24721884744587 43.293443017099875 43.847749851400685 43.01850913047021
43.68489788949965 43.383561654906366 43.25136720519645 43.57481146872521 43.69659152538108
43.60696580604958 43.43373009731077 43.70052703526181 43.25880002482906 43.95302703080084
43.964744706881 43.362868081896984 43.53104557968693 43.05136023368295 43.06111237507782
43.677702825817526 43.807352448735415 43.70754675917974 43.083265909509855 43.449509689832425
43.36322439843222 43.61190979904516 43.85927255352471 43.96896384118998 43.41309299484104
43.28148387448498 43.72148572426546 43.87706079209395 43.68724541786992 43.75981337811696
43.15671537034603 43.0566152600202 43.96371666231588 43.29751043528505 43.18078734223911
43.02064810955 43.80713024905124 43.5499800641607 43.96340139099758 43.34627608958008
43.5721347428471 43.92344638419809 43.67548598386035 43.06307017703079 43.06599812461524
43.326222842544304 43.389535480476944 43.82336190034834 43.46560531421526 43.94155256197973
43.930970877403574 43.737718106013375 43.106157889107344 43.59824418294745 43.60160243435075
43.60484809208443 43.88107648389482 43.81990442109806 43.01947481876517 43.13754915120203
43.604395073465454 43.43847206251816 43.81047700163485 43.740747816169055 43.26091861554537
43.541374200264535 43.86055814454845 43.01482883004311 43.45825311063227 43.45464314196297
44.131579005793405 44.17719524931538 44.90272747674034 44.79529609541508 44.97614543827034
44.89802256220085 44.171620408924866 44.38525318654196 44.48343586886886 44.87260380193517
44.09899764462171 44.18033400628028 44.54371014291718 44.37173433437601 44.03532775957256
44.63692111792914 44.193999225548325 44.191902379819965 44.292861591044854 44.33589525597177
44.00796287466319 44.98112078436209 44.80397979480661 44.316803821070266 44.33554869496263
44.18421251998808 44.18278674092832 44.38632854540635 44.75891977061005 44.73263974958316
44.79784556000805 44.15114916384587 44.22350479444452 44.91133635733195 44.05080933385131
44.04180574449212 44.97123915598876 44.982751001550064 44.0667492032855 44.278901437066374
44.25243166221604 44.99896139655491 44.166180110470926 44.50899341921527 44.162754112908566
44.06664752603502 44.206121118251964 44.41813847289471 44.92935918148817 44.53858707219242
44.949677055139624 44.651208969770664 44.61422345996492 44.13033827273164 44.822724866933896
44.11879438528717 44.47896546031739 44.062730743672724 44.21454844752204 44.91791645896837
44.45446079541798 44.77269797687993 44.11176879061428 44.15644970796992 44.232540691211774
44.2876175558071 44.13571740794217 44.482866452114095 44.195267354294 44.33250173694415
44.28378249409792 44.16470823238086 44.84761104732713 44.77395387209401 44.8749498830803
44.41031315659142 44.19284185446036 44.62064818247107 44.054136020958396 44.158329258932945
44.95664665555459 44.125939770974334 44.77024330055111 44.598060595836245 44.86936473377298
44.0425470107159 44.34165304229905 44.44544563604796 44.99157044433551 44.40883920439747
44.28978078364719 44.55530200986843 44.03416319720604 44.77577836872867 44.82661655724431
44.20760252224453 44.929995526882216 44.301129964980305 44.93984153138408 44.486066713817664
44.90129280167534 44.05462780343584 44.93493260774582 44.039937218631884 44.738716832886865
44.03410931958504 44.888979365708366 44.11561419703182 44.48087157444456 44.91405923477989
44.60336502773412 44.447736110606606 44.998029983370294 44.359536515208376 44.083640987875654
44.56035006518047 44.14119559098091 44.85157031601664 44.770702391759606 44.015751326731795
44.96896440697083 44.845299759163005 44.05421737698125 44.09100561488878 44.92679815711412
44.25369330066277 44.075346717062146 44.97776180856827 44.21070305234441 44.59559455279084
44.5645117682714 44.007657247241106 44.380046181020305 44.395980931242484 44.874658998798374
44.66890464928595 44.57753706029397 44.33347512155232 44.11177147613263 44.919540315222115
44.437647807964 44.04161575793288 44.52880995210135 44.66238456447408 44.74631978352912
44.34283702773649 44.45109095287522 44.35289626767363 44.15506626569806 44.62725019614178
44.66763774653524 44.989929305107935 44.98634618692053 44.001925633143934 44.7972629293436
44.1096718000203 44.0676436720142 44.35875873346002 44.89936738222922 44.457650772504344
44.039217257243116 44.3474470128787 44.33087421391617 44.56660834660449 44.68350120765151
44.062478992930544 44.03152545770603 44.139183383401146 44.94689619437358 44.32393176872729
44.290419850392794 44.7124260734199 44.114570649998946 44.58982080495232 44.764840101674345
44.75195854395477 44.55601447318057 44.10300021271387 44.88481891235613 44.76435787037016
44.30711946927315 44.82354823438494 44.84792839262931 44.09838509534309 44.53304418808825
44.650605270310486 44.00512271866929 44.90299162837793 44.80280125576914 44.885355140301066
44.86378591773388 44.87469782769021 44.43452439282532 44.403521650105596 44.05569293157646
44.998007280343245 44.02502422000341 44.489394092161064 44.290400728044574 44.75198605268211
45.36585696282997 45.30825708107045 45.13099148321752 45.0643817627433 45.807365810602796
45.060049259196035 45.09336851868983 45.37136602178232 45.8745424488911 45.96691157043856
45.180802137285276 45.36993323287118 45.09722011860879 45.92522553441493 45.25367401418914
45.57404177903989 45.81378599559781 45.586653450063025 45.68904017104819 45.237760470641106
45.04414661126008 45.99833793767164 45.199672468568714 45.28778499886013 45.333343818883996
45.02714453490903 45.128526381014765 45.26804017994875 45.80413338278341 45.6688085187166
45.01212321293386 45.94068573116708 45.52500155694189 45.000072571899395 45.715123220352744
45.11069488327097 45.69951021538166 45.97037935929307 45.978404928194635 45.445276409991514
45.11352363820001 45.44940903664845 45.79425612723837 45.544762476782815 45.73878590559918
45.94772882335293 45.62481948974808 45.2881860211822 45.38448013784554 45.210047852234915
45.11372640851383 45.524623605944626 45.81281630705551 45.44404724980343 45.60589045978498
45.133709037624136 45.78222843493363 45.07956229171337 45.61384236172931 45.92635884574249
45.39117443902727 45.598930954842466 45.392583538337874 45.732871234992224 45.06233301697575
45.97134062833722 45.084606882372995 45.04798013230183 45.58734355039642 45.222842670930426
45.70701275928039 45.48236048881119 45.278916519432606 45.40016813875692 45.171669305995394
45.97902614974945 45.588288700082245 45.0044845896663 45.71312075778048 45.335391887007326
45.29329057924895 45.197585364200144 45.20782103827234 45.10635011508078 45.88032595788264
45.54746104272315 45.33795476654045 45.8219547316694 45.44145266404422 45.09131676788214
45.69858128345127 45.80484534772426 45.21347666984107 45.69794760669616 45.20570222178021
45.989775734955856 45.034450736409184 45.28123152899307 45.70473432730447 45.317449059016255
45.267808747921 45.59265401814295 45.605551762443596 45.28762204832189 45.434448212583874
45.05134603784077 45.47054927336466 45.873542547083034 45.52423202421144 45.468672720941164
45.12500994998211 45.33901381202355 45.659888057920085 45.02840686483252 45.007295994868514
45.18466350565158 45.091567827325704 45.472904894918244 45.5149970795204 45.32061615018954
45.556030038576495 45.01484663804374 45.97914653457649 45.04030601272607 45.67601684786403
45.72408916903085 45.871903276692414 45.01801255170088 45.825695004628216 45.30931772548911
45.116471359246425 45.74705887425735 45.221642228355115 45.73447313876922 45.04201723333723
45.67708853609588 45.42774815046492 45.54701666746645 45.430444192481346 45.04156002744777
45.49741982515702 45.368967125477006 45.60892043255801 45.41377729490212 45.1153087961997
45.141561366569285 45.15799985500028 45.03646202300211 45.595440917665975 45.328869841348485
45.234314481754346 45.98456390070141 45.457678225905376 45.37605165589521 45.50786899660819
45.769631234227525 45.06426550050044 45.53953217356821 45.76310035146089 45.64495481543401
45.80224796471139 45.060633363933285 45.789660090818 45.39869428687136 45.146996168180685
45.78877093338147 45.734652738143076 45.02868503818658 45.460901647330246 45.556951922846686
45.05464971553895 45.51775633337953 45.793061937507595 45.65617689822144 45.945193287384306
45.06450601038624 45.37664723072507 45.11857789725949 45.61977955181121 45.93610206200266
45.1812118673578 45.03255318113099 45.63051714522182 45.81267243332465 45.09089227365644
45.328325131219515 45.279820105732625 45.83836246665223 45.4561299721219 45.73978634524528
45.995985362726465 45.023542760517884 45.511640459095766 45.98371117307615 45.32612028640798
45.08946378573423 45.601351416197566 45.270563745173156 45.92009949521218 45.65716415731755
46.606995825287264 46.65322842185221 46.789908410031714 46.12062676058272 46.25772914235299
46.607051233596906 46.43786593316981 46.68080833450112 46.04591864420751 46.22910023540415
46.777160195476 46.26113356032369 46.206140110292154 46.95145825459169 46.24420358345437
46.621132990993665 46.747825041023184 46.23404670802088 46.36187082530842 46.07304063929815
46.37532976519335 46.236034878833394 46.2324099029496 46.777455878270196 46.61454841867841
46.9268022089761 46.4397933802309 46.19671362580685 46.23179357850469 46.090586176309216
46.62350297042764 46.918395499028264 46.07852025222676 46.20336145867214 46.54921757664546
46.72645389485915 46.82457011807983 46.21616088839232 46.84660125973005 46.4937100515096
46.31086119355976 46.43664797078004 46.058761975602884 46.876292715207725 46.778761175100485
46.371939064537344 46.34946860923837 46.921253592257294 46.2233780159646 46.56434328940484
46.28209684227443 46.83209663740685 46.59653716176957 46.3117380368336 46.682754666866344
46.87909787886554 46.11707939962472 46.62156030822029 46.150636535290054 46.229484448267236
46.52689709523228 46.83737325574389 46.32598825533726 46.51334580260723 46.08225891444246
46.86775150956416 46.47376952165691 46.774434317006275 46.02008149385339 46.45303698039579
46.12015657662434 46.97669412658116 46.148050646047864 46.47824917902585 46.628534213010525
46.19144559959865 46.50462254387824 46.97319867855592 46.97975099771836 46.62740317513982
46.74292838567654 46.42832976470508 46.29527783716612 46.18645403835882 46.95246906487109
46.15157367327662 46.057334083190256 46.266539091012476 46.50154721132073 46.78361776812845
46.58835601868608 46.41945888124411 46.49098946353545 46.81590772326669 46.328489803404544
46.40478236357951 46.774622327573766 46.7053764669118 46.13220170217214 46.18242091517767
46.97331296518456 46.8264396698687 46.51609101816121 46.18203152639525 46.54427668414766
46.72116207001763 46.19656579383458 46.99838824472036 46.46755706610199 46.88886661903199
46.33797744489779 46.42606010197028 46.69030576784606 46.41964179212546 46.12387178169826
46.80953439263513 46.87290280562663 46.60375950280254 46.092978491341825 46.81922240831141
46.58216553146049 46.66003663236177 46.70760606505382 46.04808665059281 46.13401179345743
46.84160248515066 46.236921787341416 46.938763073755865 46.21160631392105 46.121488571460084
46.37901102989387 46.355791238281576 46.31443810074885 46.52964624445777 46.56025397582822
46.61852428008502 46.711045774919555 46.19361317359218 46.66962957520869 46.75369936645654
46.09022350349293 46.35491434634614 46.27764251963047 46.87054421334976 46.62791995229808
46.78363067787439 46.47616569465683 46.148293500203025 46.29033736965237 46.80961272575068
46.630225378546186 46.038675917121665 46.553344758839906 46.50792403792563 46.08962043841651
46.08055963285802 46.7052556272637 46.39160707073213 46.76928647822962 46.33845871923178
46.0980800345492 46.91713671838027 46.70529211293839 46.55444198963267 46.67727119445055
46.3007906681828 46.744226074441656 46.513939104904026 46.163290830414695 46.591790957048914
46.99901782993781 46.195662323865186 46.568261627627514 46.41850726122027 46.7982006981099
46.80915261750947 46.943421866050734 46.14266057895446 46.32622752576495 46.4232535033669
46.949907147629496 46.18015391655018 46.32455516928154 46.544186392621306 46.11665933655011
46.849197495826644 46.09548334278026 46.48756689147778 46.46123002409013 46.36950446895005
46.07491531364221 46.77557329062716 46.37237420973393 46.6535204014593 46.93663344145389
46.857286117490276 46.99490294144914 46.02538244034582 46.92777090540196 46.82622169604016
47.29466763094372 47.403083045700924 47.988095433032775 47.82473606928725 47.05744054587406
47.31527341920233 47.218924375894126 47.890041194665535 47.20958360426063 47.670921516386954
47.708874988218874 47.76646961865816 47.19100225901236 47.8690128072339 47.57439094103677
47.15207142384706 47.8333613003296 47.31999310684164 47.402807895781365 47.976056093946234
47.83989736692995 47.10044080173546 47.50767831714278 47.90513482443304 47.051630471068925
47.78142874085387 47.12383415805849 47.51411752646351 47.70230189016459 47.766427628002496
47.45931718926182 47.16139222928838 47.81965535804411 47.743605955366526 47.3237977388671
47.59120308557135 47.431181192110635 47.96613304378363 47.4785769410684 47.2278457663193
47.22015276555259 47.77670294982232 47.180555383947585 47.03977254339757 47.052994175191145
47.22974621706197 47.063979042345295 47.57976943412525 47.738849263366085 47.530842267213465
47.836340116658604 47.45616606394526 47.36140123541187 47.633621470471894 47.57924376965809
47.57992160340033 47.22928904344206 47.860599091404396 47.011927772174445 47.73592561195537
47.73156270641406 47.656656385309816 47.60223843158324 47.148361514304014 47.9804575146105
47.74090472613384 47.76061088904354 47.85894308252134 47.73406736017713 47.45757938435922
47.12434770730671 47.01704588254184 47.78455518725717 47.04469499545762 47.71157325941654
47.85540965923972 47.39232404592298 47.38723699149225 47.364083566644844 47.57263329575223
47.6348936938232 47.267418378936746 47.97749640254469 47.397217866734245 47.30591568804971
47.750548688821 47.83620090474489 47.134951403184765 47.050188283256446 47.06488828492124
47.47819593175691 47.7669390930178 47.3587825784845 47.52918799017646 47.10101612440669
47.61804242127968 47.69258349328063 47.58367426842001 47.47493774764733 47.86867387987841
47.13484299280313 47.87510453361848 47.363690355569204 47.73469551314564 47.22462771822479
47.997076749645174 47.444308468716386 47.520694519941195 47.69378467771226 47.027779338731285
47.46620693996533 47.82151417606603 47.097755025829066 47.38101233355926 47.71824419042625
47.76540643730898 47.35554620842598 47.686183764577535 47.91484473727876 47.06364553023458
47.308917513766964 47.06038795368369 47.014743972651154 47.336330998182795 47.98025359952044
47.20112194407957 47.95158528622366 47.24263487357 47.26191502949914 47.757534272774514
47.81381689265119 47.75587520188112 47.40858163015819 47.42821034362182 47.52936496557015
47.89706480547519 47.64263219943331 47.72238154471628 47.825068636492695 47.073913867368766
47.44403494243233 47.52545455306062 47.76803154498281 47.917177018124946 47.44011010020607
47.065487064179486 47.41044261636952 47.72194893168663 47.99579614213467 47.829002140909644
47.73006321626754 47.53348877456571 47.12349399041563 47.98325433926012 47.15671385761375
47.92168253454189 47.61247082993456 47.92501487341551 47.272437201084514 47.60335314562343
47.673020220725725 47.65463712229156 47.883366516947945 47.65854294692308 47.5165514087481
47.85886542276393 47.044966810595575 47.75148985235089 47.79831208080519 47.090651930763556
47.977449857400885 47.06368769094928 47.469398101658925 47.83925395112018 47.184230528654304
47.29269871396095 47.42283512897079 47.94775354899745 47.33708177221214 47.53204017800606
47.81742027463755 47.01424120889237 47.33429253549698 47.787586557162385 47.79589186516083
47.70273732822925 47.316339098427875 47.535202059026986 47.81089112113024 47.074119018770155
47.6613180368997 47.925855445662144 47.04086324253739 47.75152493185544 47.50650510818642
47.10709819546862 47.30541060100189 47.899061573082435 47.5102818877117 47.41885206396293
48.03408627740544 48.832986824704996 48.74183071084074 48.42261448042212 48.315995411882646
48.054154850786844 48.611080496674205 48.50489306782158 48.554999002436695 48.97830958518488
48.29104051021491 48.0833853770815 48.906873303578124 48.1156622586083 48.93491729628332
48.385191121311856 48.90269254633362 48.573015696193174 48.52434341744005 48.16449398753007
48.757995692423926 48.17115408383839 48.40108683564598 48.89514343536978 48.291108190330526
48.95951181571173 48.54672392198805 48.28704443334287 48.78902773140512 48.98923545226433
48.48042433812135 48.06998874904236 48.60557259038509 48.566105137247824 48.98190899622419
48.864538776559975 48.754030190498426 48.84638289946559 48.71480751608796 48.6168007485895
48.2653323716989 48.5615072162732 48.225054573217065 48.51240109029377 48.62282322142396
48.86165444674865 48.71962938321735 48.50470659884961 48.15597390951159 48.75353950467783
48.49285630017015 48.59330455673212 48.877938644993336 48.37442961548159 48.860648535734434
48.77098690607772 48.885634511534846 48.392196708487724 48.98749107807098 48.120958129675834
48.10606683672232 48.15033525107099 48.04662327356181 48.89071316696945 48.868911593647155
48.865593334718504 48.322441298431436 48.90702934475648 48.56905651625061 48.61466838741521
48.13609286140533 48.134740825962034 48.99521048681957 48.91156783543757 48.295396955643135
48.730973017852 48.45090499132706 48.705386674783746 48.68468731349302 48.752315460973705
48.09587585443221 48.45802309081743 48.92311065176033 48.831620152127684 48.02281731062398
48.994542665789815 48.89385665780056 48.3111271296058 48.44435450068306 48.35864532738976
48.04772401711015 48.80712036401335 48.4116399758878 48.73382269919448 48.66966940725847
48.6580443448281 48.608688321725666 48.088653869991 48.77113892719813 48.28158539267646
48.92484648125884 48.528571724203786 48.35180631161767 48.787161105495485 48.42293136028651
48.95140255022413 48.183463479963216 48.9161905433803 48.88428716949564 48.0657910044166
48.30030999616573 48.388272129980045 48.928602953011 48.744196540597294 48.63714762722586
48.0962864391487 48.15016540601516 48.82376301388463 48.53408365211175 48.82822562731366
48.807238277568 48.738116384404904 48.96772068353818 48.390973512282436 48.65819622101313
48.17089423559501 48.78878038889836 48.86341570428896 48.48007845170103 48.787210851926346
48.37594114961585 48.756019698632905 48.79304524642279 48.366492487665106 48.04171008677815
48.80368124886733 48.219874396358186 48.571030838226164 48.785523230699404 48.04349036828517
48.01060803598263 48.92658375879823 48.91017469951791 48.259553071566835 48.910487978138256
48.96635010637509 48.36598774319451 48.145312908835315 48.36888479928039 48.50059713515694
48.132387648554825 48.46042610697566 48.57527310687661 48.91806493202811 48.1280745130029
48.285246434068156 48.85642430721025 48.2324150582822 48.46651183066044 48.422159394245185
48.59018872181005 48.708853720191975 48.99454992134116 48.50903447916089 48.34278382656744
48.659633132080415 48.040108912757844 48.52604704775474 48.73648301780534 48.32957297390643
48.97815248829504 48.08319876265262 48.895233134888926 48.62692394853735 48.97140328457694
48.57557155585403 48.749773085602754 48.10682629667369 48.83529559493155 48.876986059580524
48.55689970091583 48.99005314615377 48.30261338194689 48.74872011399567 48.22190854488508
48.04327526193115 48.451123302082244 48.07650144079294 48.83610303675098 48.80199870194823
48.224141439634465 48.72391123201732 48.99293015917843 48.7185349057126 48.82248473293047
48.67692439864657 48.93624997507079 48.85371960035169 48.01078883633406 48.3341868259117
