0.9358542377056833 0.5177349557814435 0.1481450550875859 0.1607430445587109 0.7280613844236506 0.9381609701127023 0.7206871119849868 0.7929331492975876 0.9742478290991916 0.9628563594809796 0.8911414407934197 0.1391851092301386 0.6329462388019187 0.5692903751787726 0.07124281695629509
0.34637389093883364 0.5850492370194353 0.017702098844918024 0.5570770989494708 0.14414008197804873 0.42834393887999067 0.9729752217160961 0.5130273526829727 0.748785760729398 0.5475448486263469 0.829722922881579 0.5100421987431563 0.03594729906548588 0.4747480853814179 0.01063235121366457
0.8016065602459941 0.6900834200480856 0.4624570377674724 0.7669084137340478 0.6936464225403464 0.688230705935358 0.8798050754648286 0.7996945719459296 0.8187009572703442 0.6561433386800994 0.512328695921426 0.8426382747346024 0.8600467418261574 0.34684747203591615 0.09661986759379126
0.19830695043805746 0.2880604319300143 0.7348044734435567 0.4534140858819884 0.10495030066000188 0.9689580306124492 0.9932923632255415 0.3961460606480507 0.725142914701348 0.08514988745802743 0.9282775568961508 0.18673243052401167 0.4941311002677603 0.6668029333098077 0.2789638347348642
0.6863169175467839 0.5432460847193914 0.1758023230771445 0.6633696240642977 0.5059401907815952 0.922535630017651 0.0061570948626944455 0.8466980945115911 0.40057310311246885 0.3868042858326275 0.46899527474806535 0.44092938068227805 0.8696785420372426 0.5805423168637206 0.8156459689798693
0.1059776289172889 0.42844387820471974 0.5597620404814906 0.11890716870600015 0.8159202718517166 0.29605218931697586 0.7225493745356444 0.3804497369418617 0.7782202841393074 0.3108375869079073 0.38517750966806863 0.06140968254577783 0.14952713028038933 0.7268957548186392 0.43691896453483114
0.34357215793682416 0.7785550600109611 0.17269805214205047 0.7342304850702626 0.8201523613525653 0.8247027489206409 0.45948398992707484 0.15377554387158687 0.988030024967577 0.25049104487928253 0.11568272393137402 0.5137873212119882 0.8673957848040386 0.8665607563553009 0.49334215700211226
0.8945641790508175 0.3101191143363998 0.8198857003675296 0.0435191882494419 0.24142946077747052 0.07474948058701392 0.15902077467293385 0.889812706433184 0.517275473806384 0.5439131909916731 0.38461857449447046 0.1426962010502244 0.0868514052202699 0.03897102161541566 0.6991123797413412
0.49203455699360665 0.46124344888513236 0.04715209930395592 0.006377046878401571 0.4911452519069808 0.00853476140334919 0.3179821820176184 0.5803440149845053 0.6029912316482092 0.74542206025582 0.7086751960817964 0.7209599088164401 0.517569291254894 0.8646041046621108 0.8622588501503641
0.6465429985922833 0.46928407489096136 0.22404728263982399 0.28755665458376445 0.33350541921994914 0.28407463310991854 0.6267716243028398 0.17675047674974387 0.007573080741843152 0.6682868857226709 0.3535905564975609 0.3440984269504235 0.5150498403623125 0.8147621531697181 0.076276001355841
0.9984858682351521 0.8583355641002832 0.7463379911797264 0.974909951672802 0.6728375353737623 0.7668228783530806 0.9429345615789541 0.6107225069474442 0.5250210362214794 0.29246055594613274 0.705626385096597 0.8645054791281618 0.39772371039580334 0.06868612915225236 0.39957529657009694
0.04072992757236127 0.47888557797932385 0.052094193815824474 0.18742780055087394 0.05878450909317068 0.13962372627894126 0.2781207985765223 0.1157558406137632 0.5052911938718592 0.5431840216048054 0.40518849496922005 0.44934713950788907 0.20524377921227643 0.9163085784995995 0.5961710280792549
0.9616274299728432 0.8847532819463282 0.9535080071417349 0.5916997535366685 0.4842236273025947 0.4444741223775376 0.6850799054618225 0.6667491767124026 0.3946535793148117 0.34032325635713223 0.28131592368223646 0.5301019940806462 0.8783546162868409 0.5768942264700003 0.6881917771306496
0.12570887696206978 0.7397394444305528 0.859006403825927 0.6939359109414788 0.7256215469954889 0.2566947415558599 0.5181196078485856 0.011224081318534473 0.6660926693513531 0.07391451176931507 0.9328825742776958 0.22634880807971103 0.5715990980160746 0.4126861370152588 0.29687314806338116
0.014563995403104268 0.9359600856562265 0.9382246899921909 0.7516273711396823 0.8499070104213213 0.4853853890176727 0.47037649665871395 0.09934326387345727 0.5481513942299143 0.8352025758461672 0.3494902997043208 0.5371841659814391 0.37314570508540745 0.5701769596307247 0.6764808010763793
0.11389629101409737 0.10964488314416665 0.027751468970258153 0.8345856267862796 0.8994930504169512 0.4598426026397684 0.7441979056870948 0.6700433376020094 0.1800488612209208 0.35616429945446815 0.735585236440592 0.45989727309232686 0.34218343796152717 0.29948238992364584 0.5286342600883913
0.32735578196474335 0.49560703922030336 0.6297662893162104 0.13094246400054832 0.07861642604359431 0.29713615309294117 0.7152823266249315 0.935726934859997 0.5297882008215509 0.8858779917429919 0.4068089150963551 0.8931464953559675 0.2685223032356334 0.3168213998345495 0.7449351586031033
0.1484297331238591 0.45218867598106127 0.3888608286104486 0.8313617735473385 0.7464480867015657 0.6829121692598799 0.30331891649644094 0.9792253160581889 0.9330384070065812 0.21950811912213175 0.160322589116498 0.742817691610586 0.045292638617642655 0.7873349200881352 0.9029263736162229
0.19367523263869524 0.9761972180618043 0.029306357797486804 0.9526657976869741 0.8578623684186419 0.7234176963689155 0.20478396749575145 0.4452626868139462 0.05837740341151387 0.5876892965983831 0.08779597956940055 0.6714937334032943 0.016958246383244613 0.17318745644388378 0.14200581537558765
0.05577183221619697 0.9611689954349968 0.46041671260096273 0.9570798139020746 0.7637797405151112 0.6554985850575772 0.8715702758403628 0.6195806639154556 0.8205340522306935 0.2293047555180847 0.4289769495152329 0.16123873982336134 0.44154673197854866 0.9097884751454419 0.8191655270548207
0.47843136643589634 0.1322904491083502 0.2847848426421682 0.4182417308373678 0.1489255425182917 0.9949632652992356 0.018008580081075864 0.10868592194102322 0.3854165309686217 0.5965869674550559 0.5184936649046888 0.023344525701480157 0.9601216782304128 0.6987623501672282 0.9263180072762252
0.1893018187589791 0.3106646948694912 0.12694453053992938 0.9183059833827112 0.4124830335818843 0.1947127674909398 0.06588922560200028 0.2602527893621923 0.6432534642163342 0.19930525278764866 0.1079612198035903 0.736316608644635 0.4939428327429666 0.13053907255469988 0.4522844374579452
0.07157577402644766 0.541137587965658 0.8102527161074021 0.7552526589161804 0.7303497660437609 0.5387484851028777 0.08857745706570952 0.2667083869533471 0.020734618838353924 0.6922745174266127 0.944700334361758 0.05113728900079817 0.7649046119840731 0.7003483044955852 0.39291095717148794
0.28951365872151946 0.9050838610269496 0.35656229745166856 0.5369796045801302 0.8849724057994361 0.8066929847425318 0.12273916295388954 0.5231420523270192 0.8542713362999746 0.6930274084280535 0.23422360272474874 0.33044154260694136 0.277047235615153 0.5999257155760476 0.578437296128781
0.3069062641963647 0.8961575912045785 0.4742376972351158 0.7998521434783035 0.11101639881583125 0.8149395988104035 0.5565036805549771 0.8277017730403837 0.2501418217155492 0.12100670135049041 0.9861077659135314 0.29716462808967825 0.7211076848056066 0.6812419683086808 0.6462698964995711
0.14041652422064 0.35277217718691656 0.7989369712313581 0.6265924238576169 0.9608644839533781 0.32647696253465086 0.9015636283415863 0.3224789830222461 0.6720373475738204 0.007457267930769063 0.9364555233540524 0.11359496531564084 0.2820236311580878 0.6587757020641821 0.6917147334379019
0.7676400630841095 0.6350100169830126 0.8290697495709431 0.8309483513840239 0.20105545069991593 0.3833887264318905 0.20638013037585579 0.03297901014968185 0.9948894315191944 0.4570660247473819 0.512552892692259 0.2614619695770172 0.1118968344439929 0.821017702497965 0.5761858915241623
0.854380819555553 0.5900493843097964 0.3678018668115195 0.0668156760425006 0.8196827434784199 0.5979854309105369 0.3786534151849771 0.4990180904118262 0.4508533304868214 0.12952923259256388 0.10494830501412411 0.022322147996474473 0.13502022901540012 0.7872616175323194 0.6712401712803799
0.20131353299807853 0.016213618374121164 0.5592248718269948 0.6817357611864935 0.4600304478937731 0.9977008061287889 0.22819730394280902 0.6239895694912294 0.11573107050413467 0.41985131300033385 0.06957313127166564 0.4067623592844559 0.9593386111218547 0.6337777180030192 0.7917362823456298
0.14340209060240194 0.15334652514962221 0.6060367665197073 0.25191717734229846 0.5977703307999642 0.8126926464136124 0.6359640479102429 0.3408737271090514 0.5466502358974694 0.01008823164416306 0.24475513406090232 0.5713392183487329 0.6807376945167546 0.10451359944911398 0.30419445415429014
0.3280311003958102 0.5657299554059253 0.23006957511030424 0.5129726586488631 0.44111667242620145 0.615690933306872 0.502099620221905 0.39982242609859275 0.7303827243638449 0.9927862917018845 0.9984748204323233 0.13524115788246793 0.4339581877190044 0.8406451245470499 0.8561596663031708
0.5673587998073498 0.9832902692976654 0.28301963064066316 0.8866543380356224 0.06254730957665922 0.41517571388488694 0.17507780564528796 0.958634285769446 0.9276581696241849 0.822001440557681 0.6815786263193946 0.02208558814645989 0.41831268165194746 0.632948783010217 0.3743427704862978
0.05546077502883706 0.5964592992960253 0.19176897214617428 0.6908465120230503 0.4058560802954435 0.5904510811282448 0.050837310762972376 0.2764301006379004 0.9619381478608681 0.1321857144810339 0.6365463960417616 0.9445263354508008 0.3503244838500186 0.5983890706483753 0.45769941114976676
0.732478545170658 0.8783484434951133 0.16691291552445253 0.8264166578481242 0.8049320907544086 0.25961636710969815 0.11395620503647574 0.14016984279992362 0.762446664691536 0.2534908009709458 0.7244081911755094 0.13390986164433671 0.2498914421457764 0.225610479978945 0.7650511715927614
0.15285616873869745 0.627348816190971 0.29378419430421476 0.9791494944809931 0.4193665200563792 0.8656665869222507 0.16207215460900104 0.6009900662549051 0.4714081358139418 0.7594625507663358 0.9655953972642137 0.4602297266070947 0.4355023912714854 0.012299585966156878 0.4495898060788005
0.8484428924699552 0.5636170055610342 0.7419132102485333 0.5884482734524259 0.9540522863280915 0.5113312268608485 0.47778791235503815 0.3139710404510355 0.33686499919477997 0.16370082695809818 0.779042287344128 0.3667705656056387 0.6097245215061169 0.4256017281991751 0.18749723904307225
0.4107543150206089 0.22232904568006484 0.2849321071848494 0.3489658345086508 0.4578346895968476 0.001055052059299899 0.629904923587897 0.7852168958751731 0.33849278475141165 0.8886643212145585 0.7557638931888468 0.9797289124687761 0.42354846118737866 0.1490616230942603 0.23160803290253706
0.15226493493786186 0.05346616795995163 0.15480944706884903 0.814610697820737 0.34046262437932917 0.16375234296003904 0.7588951075229544 0.396771531059937 0.18104864429035128 0.40847716838422354 0.1672845214055645 0.5484404696067844 0.08894965947759748 0.678679132036144 0.17508647330205052
0.08320511204739123 0.36948687538521907 0.2883886815771174 0.6066893676946311 0.21033385365576196 0.1670050039796136 0.25823256424751895 0.8090227741990833 0.2638192126553355 0.05270043400404789 0.06505789807966245 0.08713376113596816 0.7011669204167548 0.48507764622333505 0.9457410906424532
0.042558256517250204 0.05042814783291971 0.338376832962182 0.34432361326978955 0.8775060477590912 0.7505737811483013 0.18747982204467795 0.37384281770896666 0.8616671100696749 0.3781611219273414 0.06221551484694765 0.22770304260642438 0.3234865447920664 0.5823451401555576 0.9396499030628148
0.32015821737165073 0.7240438440762917 0.16063753280472004 0.3298600740114851 0.5614544149116919 0.5992115781757413 0.09941921010648902 0.9288553472008227 0.58040663539835 0.4145577790212758 0.07606245313377769 0.46172332531821814 0.8956614263442061 0.6674948512895006 0.8736211373413223
0.5197416576558975 0.006622809392174744 0.8924677320017168 0.39439902620507195 0.4071118457116576 0.12599601397074034 0.5775120678196958 0.4753071474194246 0.7561338963050915 0.8081298794905251 0.38430321524211053 0.5057735786106594 0.9440560223790794 0.040815509237512315 0.4788552420666776
0.9280698483904868 0.15049685422298542 0.462924916682104 0.2263184264710406 0.06027007539822771 0.2312518834014844 0.24625065260011902 0.980862925095385 0.3236607157696625 0.4524602241315717 0.8371332506979232 0.21042513476778724 0.8792697125739934 0.5285211246329933 0.1919403880523246
0.7361324000458076 0.8822861743517971 0.33781485510702036 0.3601879874657272 0.4375109417409129 0.04849251843756275 0.1521952734349552 0.270070075274929 0.37712051459253215 0.9934334126031096 0.20938659082579747 0.3533908714239714 0.9320490588994625 0.8528965127538937 0.9818305296627935
0.21036904559550218 0.1847388685935617 0.022382307512555655 0.5511936003114528 0.8595106517167798 0.5219056414945753 0.46359137720194243 0.08465944059870567 0.243723923413373 0.11785006217052285 0.9175595434871723 0.5272938738279006 0.5710753981386615 0.7372513784856882 0.5369221935557148
0.27418558514979063 0.7570639149521396 0.08257099793192924 0.9038913255253749 0.7667287109241234 0.7050148736963479 0.7324832075457768 0.1358800763774325 0.6693276102692363 0.41217437423538317 0.5702896222066535 0.7973108969123756 0.5259688509243816 0.9213091935896917 0.4850624747802006
0.6339956813616312 0.5705187427660748 0.9510947214879794 0.04330119585682235 0.725576986000212 0.670269110121761 0.633300257458601 0.7751760115706295 0.511871753008227 0.2191682908244944 0.16075715051856077 0.6969706061971572 0.29055969779036084 0.16533803440811012 0.3073217749160162
0.7001260980413285 0.2065112068534284 0.256891072133698 0.7195223865500405 0.477326520017332 0.45714978861690925 0.020728781775487537 0.5993046617865466 0.7273556887017297 0.4235968726836289 0.9509111860917511 0.8982684914694933 0.48299429901630286 0.7039477725930335 0.8763573634425601
0.4260135600155476 0.5400151603352134 0.5728790139815447 0.5020463724582142 0.33868938774623714 0.13037321687486214 0.2208892228018533 0.6735547039102329 0.31857107240374305 0.17897683102815543 0.23682717471282844 0.0016791727533238543 0.3814587776144478 0.710964742813176 0.18896202299041165
0.10205849223775842 0.6559258153094601 0.23520348805742308 0.8327023271413924 0.8541212336360675 0.6669163448359855 0.21975785554265526 0.4271724766402373 0.7643513071953478 0.6259206197032599 0.09637712137630905 0.8782057600229609 0.730776722689756 0.9809320124973132 0.5835778469851116
0.9419160515249789 0.2487511301455635 0.011616916661806753 0.501694182373475 0.5208607032168294 0.3725116056293707 0.568604704571932 0.6683045573168087 0.16390915253850613 0.5526607059577735 0.15053198786304745 0.9087336167989588 0.24128343353915438 0.8066344349843253 0.3884518242864674
0.6938667465795199 0.907838214994029 0.5473816497411106 0.6644447818934163 0.42630389467426744 0.8904994332146546 0.7948954514249816 0.029745785263122326 0.9359183879540076 0.3398823547154378 0.42589978205195633 0.8074270141820389 0.31717527863002926 0.4714614277064386 0.5789098489522364
0.2656536073109568 0.8431034165746858 0.48826569575806333 0.32504804484681193 0.5297555717476191 0.32460359074113165 0.3249253138650917 0.23941169964471443 0.4648361140043843 0.9488151585651328 0.08199596225734285 0.5634529369441909 0.6053625009887248 0.3265517714568813 0.6298401569762249
0.23574462015088227 0.33416288548237594 0.20635653458896175 0.7529450305595023 0.186671022432072 0.4204787710665102 0.07151542364088814 0.3784086923307154 0.9419955042572659 0.7151989746155417 0.6264074488602313 0.8864282889030599 0.7609215327409342 0.2711283071774292 0.999858553361823
0.2359744428416134 0.24617772409504945 0.407120068965801 0.345705584567773 0.6554386870697735 0.6068214593567189 0.2671282403958173 0.4045659165165879 0.9458917020674316 0.5288696251273424 0.23871206943290835 0.5058467707884599 0.023691794282619583 0.9145293143559348 0.19025175662518656
0.43531808606950007 0.18953481454075627 0.5877151123601597 0.862111268823649 0.5711112536024995 0.7526381575513553 0.43170391848434597 0.9042098564165625 0.6997954329221938 0.06160272709041581 0.3241921305676635 0.9909416600315117 0.9642220886398416 0.6975992265891877 0.6656842225981077
0.16410816232354541 0.4661175151774499 0.5708752505067252 0.2590555305009058 0.05550546020510794 0.14894196541904214 0.9281830108412336 0.7912966786509796 0.923035107904168 0.7203237931401729 0.8265772362060405 0.1928604442455839 0.4976828963054053 0.5384145689489631 0.45813587630932207
0.7056963821133204 0.48343769719329677 0.5828023063797624 0.8205069060784675 0.577972594642828 0.17819798663055586 0.8581568560098776 0.61978643164699 0.9216478538059812 0.09094111660158255 0.837572178043029 0.9650846668348263 0.418471475674012 0.6189061625427128 0.842608522947711
0.3682382017818625 0.2406524206422802 0.8182684849222577 0.5783264709831951 0.7974783564640737 0.764353104395092 0.05276009989716424 0.3941447369241855 0.05046683737359259 0.3973276832815673 0.8369168818407527 0.22514143225748584 0.5099617682073486 0.11643809505694835 0.5041100439924351
0.5834586533257562 0.42447858071629696 0.11644591842884833 0.42424599278249486 0.41575870271291016 0.21666190047093792 0.3083916889420115 0.37199491558529774 0.12021960500959272 0.9636858481523676 0.2740372837635934 0.3036356967583752 0.525346312145905 0.11685208355813603 0.6822617960274485
0.2390802806236676 0.17291361274936534 0.7316564335397606 0.10396424854910058 0.165368555063637 0.8186450740083433 0.9649462751801021 0.6239414957406783 0.8788996277035158 0.6667721696143121 0.36239249831344633 0.6413734978851511 0.4658938925681221 0.48840632680544804 0.5073516979774287
0.7749617623448497 0.6840550582545171 0.43869564317054377 0.9312954876046718 0.8444314877861697 0.8531292431891109 0.0840276734110178 0.7963353866840106 0.48702143591475433 0.9880337962076626 0.8780777027234801 0.751973592444138 0.08575001080633182 0.815455814031792 0.08429247918099003
0.5410612295690564 0.3356599287693275 0.003296510390846663 0.9324366312026331 0.3840473834226793 0.9549078227339636 0.40206398565775536 0.6181198024424903 0.9059536305823813 0.7594794275508874 0.3482940873736551 0.6067602343814362 0.3871105413093545 0.5634748465388677 0.11230507828345104
1.5872306448992621 1.4165441011673374 1.1413225651050056 1.3860686021382045 1.3354702889897236 1.6060014515615673 1.793944966842019 1.3017059154590696 1.694637202981208 1.8829570795298758 1.8978119721738718 1.8470952211548097 1.8559128326296217 1.0225421486428674 1.183983849134876
1.7023019754455309 1.1328608512167437 1.5011910106566142 1.3936578842227183 1.459021031108485 1.462280661735555 1.45890078686499 1.3873979236776206 1.9049459077091948 1.9357856057109197 1.5423512456407247 1.7471400122464942 1.5559570137649983 1.7688741989280965 1.6677338927017777
1.4032307522367375 1.9012471973014025 1.2480529552702062 1.2899906967509707 1.8431700540420337 1.8899796147079004 1.3616069246390055 1.5942645827421302 1.0143931187569222 1.0327994937721416 1.0159045325854148 1.1357148738579266 1.1203409877376749 1.117497865664923 1.9666616759182234
1.8454533077034279 1.127233158985272 1.9453518418703561 1.8533786843770028 1.9932070076847161 1.9483693974057084 1.6831427391231717 1.0152042233670033 1.6514167329778653 1.9534525050643055 1.395579920898267 1.0877674054636566 1.4408301611677872 1.6623371886164535 1.0738344192800247
1.7330601236341348 1.854251785519724 1.225775035783243 1.0081136566320903 1.238239688207818 1.252962026944469 1.5701388170994632 1.6656842797878668 1.134261101957255 1.7094204998977607 1.8887742010535145 1.3304774989410328 1.4315377150461468 1.2302190067790342 1.4995403362165953
1.6363874386040926 1.5473675209797495 1.5348523133411258 1.956265354835737 1.7835994533454782 1.5086519828114868 1.4887256509236197 1.7012565428746436 1.6657624345353441 1.5534728252467822 1.4929197480767966 1.4766692215463142 1.355545226701459 1.8263817045979411 1.6185857626530806
1.1744523711200734 1.3970939628426389 1.4647964356545742 1.0404439147201063 1.7977529078191654 1.1361338211214893 1.0076866896343355 1.371711372630009 1.731075014209234 1.881935192144621 1.722771184422145 1.831886169897115 1.5721544877931861 1.040090601042734 1.1447370692694132
1.7891660149988575 1.3654226040216204 1.4810257415466146 1.844531876618347 1.1108818775726725 1.1950975514492044 1.3163941899043214 1.2085669130718522 1.9281782043915947 1.7453561744787223 1.9439817433751672 1.7967105100198615 1.8752728531320801 1.615702079443162 1.6914736907313597
1.669238095697863 1.5989817469095107 1.891560953902869 1.640413899082409 1.9254454918416233 1.3507945216465802 1.7132975198692268 1.2439119239857863 1.5804208683113954 1.7716389556269503 1.3612629306676443 1.1651303187783657 1.8215098402229661 1.558574108600266 1.6801448103791743
1.358311556961223 1.6322968768115187 1.5630027852834072 1.502807623693369 1.7900797911852258 1.7494658803743035 1.011596170180122 1.101973124234192 1.3559799000383568 1.9266914308292946 1.9639747837242 1.5975066817642658 1.4856922372188026 1.5197514605205404 1.8252915653399464
1.6777379421544198 1.6500888193949148 1.4783409073097378 1.7172143010614564 1.9551588632411887 1.4842722398603494 1.9326051900954564 1.7774063183009035 1.7700065638185072 1.522966144983791 1.6962016679580882 1.0054558913685308 1.2796515491377525 1.6081021427536433 1.17273564336686
1.1023064215453848 1.2273771914919163 1.873174464579846 1.3487068437525698 1.8605907427603547 1.871049110165752 1.8349108262573406 1.7836420085950202 1.0548750205163544 1.1703381392205108 1.5300338987757722 1.7668768815151192 1.4536685565827843 1.4805743477729276 1.8233645267276435
1.1004915356861018 1.5291580673317564 1.681973084001326 1.9832449637943854 1.2891906453265163 1.6759760319384025 1.884889218020259 1.3712357258048966 1.2704604652309928 1.2669146835604834 1.5949187112013776 1.6252677370181243 1.2021227070070757 1.6713483688212705 1.496081170080552
1.0289066319413447 1.2394445593010501 1.441228848360708 1.8159813337380784 1.8541136481699554 1.6802537153068826 1.2298698045270502 1.573761166644469 1.3408634076035422 1.334045596516178 1.6503379144195949 1.879818144388131 1.6342061035958853 1.479859545081955 1.203119723270858
1.8556800234895765 1.4378373142093555 1.3177397952945893 1.606835171492228 1.673089777596008 1.3629662442315362 1.3898856616149022 1.3511201525136003 1.673268785321264 1.9522489803871141 1.0501349226804195 1.0574017290107665 1.5204903691401097 1.140780022351243 1.6942132581732265
1.2811415659087646 1.8685098570975 1.479612420102268 1.1282217024812642 1.718224796000637 1.074061231234168 1.7920028157257422 1.1491228643563598 1.3885224561931198 1.0785448836177642 1.0585544623467231 1.1385263620681967 1.2612580097543833 1.6971944729830208 1.2346580399583953
1.229862109984455 1.959659515976919 1.2044256868061813 1.3921063455960814 1.399070132736007 1.6364804221134057 1.2847328700348357 1.0464857317568539 1.6502236922573097 1.8473244783529266 1.1304145738441642 1.7829235187095724 1.3200423120082276 1.265310234392466 1.7105720972820677
1.324997496854885 1.409039895660314 1.3784638666839903 1.0102401095157578 1.005089768178548 1.7620926357294535 1.8903295098175772 1.3441716955084653 1.1891941008150684 1.867499749598707 1.4046378321483552 1.6867148521855042 1.5851623168953521 1.0211499930126249 1.1164762897882836
1.3273810422965937 1.520601925063731 1.6111953744027043 1.6552543805565016 1.0611209754086635 1.2151136790723203 1.3186728072006813 1.9288602310762424 1.5529863181135792 1.7912843801243163 1.1008033995191102 1.8037555022948344 1.4787704161546469 1.2698267749216818 1.9262381382619935
1.7223578102914985 1.5363852072761253 1.0764848485778384 1.3653079970813935 1.9069108140060025 1.447145359884785 1.6517996783219866 1.3033751650551184 1.6281439652370056 1.621794959634053 1.599557137957912 1.2416716009383553 1.1273757846547303 1.253025755619353 1.4357158528813228
1.8775497378038255 1.1723155414799518 1.2144007091356097 1.4068397255363674 1.9148597127723392 1.8996700279290653 1.2950097680925237 1.0355365401955836 1.3452059944940702 1.5517637490365694 1.9798497421690207 1.0201302296923518 1.762125917541172 1.9497324281521138 1.197833524854042
1.8667712823719258 1.622771277048448 1.0624510049495655 1.202498321270888 1.1644161290506094 1.7554633236102757 1.82820918515121 1.024896564605191 1.726582952043032 1.8265307507717339 1.4652491058845354 1.7438171966801694 1.9185180821254573 1.9261288850852596 1.8676309566637108
1.1553990093517208 1.3643834731079945 1.910277940571302 1.3244944865041046 1.292362031348721 1.8863022337345923 1.6451466950515674 1.7236353550897212 1.642496740001436 1.9655765383702097 1.8396473564780293 1.6044171277665489 1.846715028349337 1.2361173617303496 1.7236964613623322
1.9103913124470706 1.1188810524745294 1.521103604165647 1.432035414520901 1.0585992061837695 1.622803993742853 1.7061136153909997 1.58729360385829 1.9903811158534235 1.5661887535793948 1.3054492073815611 1.2410161309547225 1.1976197874150474 1.8270051163946566 1.9230987362726037
1.0276669387917567 1.3286967838530441 1.5146491364691013 1.9357621606304933 1.1141575798273173 1.8700417818913262 1.9864356605492763 1.6325881179832422 1.2862405756030308 1.5720066827706387 1.489373921591132 1.7347486337267295 1.3031456142373647 1.7418974881981915 1.777842830301648
1.6877050203632344 1.473125880062514 1.2623490459592213 1.7696966401984757 1.3699934909655394 1.2551207295105389 1.2098288748570651 1.5464951582359214 1.8945870933674847 1.5755300767728544 1.245908093958747 1.7779676133898965 1.9923660339134057 1.4641348890200736 1.5330388889798843
1.9564825060070552 1.0619555186829928 1.559487501506589 1.786929619598133 1.6642105194597288 1.3461666756717539 1.0116338854056108 1.2192101436024587 1.4638310067843183 1.8525029467294063 1.3188199348125664 1.5469317435079968 1.903047246417415 1.5736702567381333 1.6748720802681936
1.9495469815991324 1.5538392235964635 1.2837566190320402 1.4752321689276546 1.8393674433064078 1.9692970150065439 1.6867228488023365 1.7321653856679116 1.5780974840507784 1.9340418311459455 1.976072771658853 1.2834490382613364 1.819895061113883 1.4086559996970318 1.9280479726682338
1.8438890101270897 1.9905113837158528 1.1242068194604726 1.4954186426555809 1.1453002368530543 1.5224127891628916 1.8698638427621423 1.4949184582406239 1.6381258399161103 1.8573903844213122 1.134772743016097 1.388598365435031 1.4866592052239722 1.9010136734342282 1.9147631771552707
1.3478503272533007 1.8798722539962398 1.56738688427602 1.1751321701623265 1.7585788996913867 1.0011420896480467 1.288017336251202 1.6726584862429654 1.0769749490293679 1.3527071167366818 1.8752076556775106 1.5831675361085003 1.4775724084553943 1.5144734213425255 1.9282344734762493
1.6553805576701484 1.0487455891796866 1.831830396602942 1.0496783533548706 1.417445695862936 1.3855310913002468 1.9734243919428978 1.4996206178135694 1.2994627327541326 1.305634743091522 1.7773778031342307 1.5570254257703442 1.4034774176370028 1.071711008973915 1.3132302312013824
1.7804752462141344 1.0518351863316537 1.9414783517615248 1.62691742102042 1.5645316512997103 1.1754481205561988 1.08696088711599 1.207392719736168 1.8733426111279545 1.0654435800165536 1.9251233290780205 1.8160347708491793 1.7997211965112045 1.0048259407282019 1.684392352378406
1.9537743800233975 1.6457703661493812 1.8211982567371026 1.5950345949642926 1.905912521202964 1.5502310810647089 1.4572535710710017 1.4360877301691395 1.0008902816015603 1.2980825520648342 1.2426602673565306 1.2975176784093803 1.44681103580733 1.8395244622632414 1.6691300260063051
1.323501700876057 1.868303832316934 1.2183227977819016 1.1198703897951796 1.8912134498765232 1.4563560921689473 1.0636028994499467 1.185288649761457 1.1492130108452365 1.4650330056697998 1.5345242052916541 1.9087275879200405 1.0905209502582336 1.6415398883495658 1.6238731826459847
1.5491774523298363 1.367682602026158 1.059872832197685 1.0244623468378231 1.2223229737625307 1.8706048237140578 1.7433419052823047 1.341325148015027 1.0869481737893665 1.682674319305187 1.4075408359233625 1.2930471356395303 1.5806355340657698 1.4066433290105897 1.6328752718899404
1.6871769213665337 1.576860451601733 1.008994402977552 1.784551385364887 1.37751025911154 1.2349960348994935 1.2699734739527053 1.0379656846993026 1.1151436323039092 1.745406843391439 1.6462061414460791 1.9387253197604344 1.1905443308094896 1.133725089672379 1.853789240074991
1.0290683131446163 1.0304859135698359 1.781565653522001 1.7619759139486262 1.2062409913685745 1.4615498018435624 1.3453520054456058 1.2510493453247968 1.6434297199021581 1.1809944144594051 1.3105872191108636 1.5327066184228655 1.3001332856624264 1.0861461381653428 1.5058202662175457
1.0572507279727215 1.2764002945042905 1.5050666056004363 1.5187202089195662 1.5391153625108756 1.5241463802987087 1.044103386427706 1.1060861116212184 1.820724013217439 1.7188040135084026 1.7220321859279908 1.3702840601473127 1.2644107050070312 1.4158470058458148 1.2958503591510007
1.6865165241898237 1.1131071382701048 1.9692716438670146 1.199883182887961 1.1084940693115855 1.792726750434744 1.0729039468001829 1.3177157928633725 1.254492688751211 1.442653538946273 1.2004433608589633 1.8855651833566054 1.481444792857366 1.0554694809130944 1.6664405235233457
1.1860586130909425 1.4916253041618275 1.4830310064953391 1.5079474411203106 1.3329857043545257 1.3846588175709893 1.2232321437111673 1.8953659649922892 1.3704436673162688 1.566987952502034 1.3402674910355779 1.3210609350796694 1.1138962677018303 1.861606355274525 1.0909356970493205
1.3855920479170512 1.6460190076267374 1.622774823986942 1.8305002061939348 1.6039588824790358 1.1468041504400701 1.6536024760075447 1.5538505141470087 1.2880413219001237 1.785251255534667 1.2487889356594382 1.9911841548564635 1.2264579827354094 1.7290701740020231 1.7404880525703614
1.5221557727594899 1.5793529013108185 1.939174959327425 1.5121672240759376 1.2984163784744964 1.133161246571381 1.3073488988356798 1.563500582435089 1.8716926631478055 1.8191924937264485 1.8683124391764254 1.3587487022055929 1.3130321913934693 1.1899098014402945 1.2715271329780888
1.871741056756154 1.278567729965658 1.3680724891512894 1.4334203507382792 1.4524918744889836 1.7281296057919473 1.83644796739223 1.3073174565615466 1.3836436757859598 1.0352624586558306 1.3195886532053058 1.00621899309039 1.7693478014426978 1.0406783204564758 1.9242080366767316
1.092662618593723 1.7048537385117268 1.1959056230054523 1.6509795986708948 1.7102609270103915 1.511994910898275 1.3198692778141305 1.368120970586077 1.373107351532013 1.193920915601142 1.648364288385916 1.3459151390053754 1.6520949964969436 1.161841939811341 1.7948613785152232
1.4913591115588891 1.7012935419500967 1.7172134793420026 1.9608101139866176 1.493420033483603 1.5528818948581884 1.734705126081153 1.2345812760316583 1.191917355015879 1.3757353549710591 1.4844599769571645 1.1004168113154287 1.6168391009185674 1.4406177184426774 1.5565660119646367
1.342232639397716 1.3099389460027495 1.364030347622599 1.4063247032909496 1.3718453352198403 1.736750263778419 1.3131217759989335 1.1258160306791989 1.6371713355499766 1.824692158847533 1.2456628633148774 1.6654231239721926 1.1731728956696883 1.921731432592554 1.9319445379449207
1.8783942303278218 1.5468023009949794 1.7601040174568128 1.4595558543552412 1.4421832250704683 1.4169219865757912 1.3308876658053372 1.1573525970306082 1.9222241651796863 1.681154844833968 1.9277575603272599 1.3915276854706928 1.9869597077604855 1.7138458551615345 1.0020449545543424
1.484546219201101 1.0573565990124723 1.5127922944343497 1.8862585322254524 1.086809819383185 1.4798065644269327 1.6671265858099937 1.8895166279474358 1.6912662443848143 1.6482237152734625 1.9347125395127063 1.7458781630746065 1.6227818852545433 1.3693147535590828 1.8746419164298214
1.9053488102719784 1.756946370499577 1.164411665030109 1.4188953188637556 1.697377923451759 1.4270801428048066 1.131920949451701 1.4869572518351364 1.9679512013819376 1.4635670365087636 1.4563572890282197 1.7481528576541683 1.3939227160683598 1.0762359993829833 1.6430938828958848
1.4186989549297397 1.312019201914262 1.3383672730964613 1.0823754350464916 1.5439400645940875 1.5649886534081343 1.3600001681109126 1.601804196722314 1.5609653578391478 1.5636539302517964 1.8485706995408706 1.2534230570428389 1.062780204001259 1.4911718138399483 1.6465095341611669
1.6996843696334496 1.592431432219742 1.3345862050381414 1.0082818490904337 1.212006509830658 1.9839628406664898 1.2188040593243095 1.8334522055309772 1.4762849078586329 1.2368037471530355 1.3394108091937444 1.8077093665003345 1.1116380097136425 1.1611697266661796 1.6432821505690445
1.4203875695039505 1.051832680065795 1.064281631502619 1.2897370868868885 1.1248718651530933 1.7132477269713555 1.5606853311730968 1.8400167270405292 1.4873773452516295 1.1788982581654006 1.1846810573830717 1.0691626289931124 1.0299430991796137 1.4649576519875227 1.8588481070942393
1.271906843793623 1.615083775763826 1.304377982978142 1.4298771690689855 1.9429755844066703 1.6423925136758795 1.7816236487591919 1.4213985920899195 1.752246938000488 1.0314915679579668 1.5831974162363307 1.8732222496648692 1.8064925390020818 1.9510774037485699 1.59055168111653
1.6373808326836883 1.2919719841966741 1.5204095229907129 1.0351420692538593 1.7835946400821432 1.7259377007750567 1.2574431105632415 1.4597946775454658 1.8302533109736243 1.2101473758485248 1.8769080707413108 1.2862218685690028 1.3617355740073525 1.2757698635742623 1.151987194555696
1.875436191306304 1.2188655124773138 1.1366095828329186 1.9448493582950994 1.5859755841710572 1.8565296594746417 1.4263635212525732 1.1841441257388965 1.484267180179489 1.6509564412809161 1.7856641000816689 1.5216657115158583 1.0421214794494134 1.9088855609446864 1.985950045855728
1.6357467665421763 1.3682619805752538 1.0818315712019317 1.6297466103217246 1.6655427842592956 1.2639603116185107 1.2208730073838976 1.8507254730403815 1.0582204197053011 1.6672600015040118 1.020873920737877 1.8519538538117497 1.1901639966273183 1.8559370982194658 1.8977723896734517
1.567031069109801 1.483666394666964 1.1162590715831953 1.4185462098970587 1.2063504036777086 1.3821720180218449 1.4527678455070414 1.0606931995018307 1.9595127534726169 1.469990738310403 1.3137270614349439 1.7165396898261047 1.6649575044719058 1.2265039783541876 1.2375373488489514
1.5774175507186827 1.8291659457936484 1.3902347929330783 1.7873375879904787 1.033726446868255 1.9803302992179848 1.674756289828631 1.1341745366176452 1.0091251023589152 1.975171859488149 1.6262635029745787 1.1735364603084681 1.7105710029350631 1.5426297590285147 1.7417356956010146
1.115711534756795 1.120655557259604 1.0444315053546904 1.5769680365121495 1.0773448447865739 1.6846576487470664 1.1600953946885209 1.4653523457745554 1.3197325584241772 1.5519649884234077 1.9627037324718315 1.6411387548167196 1.4288055635043238 1.4199899353231022 1.6418251760502924
1.0150116883970726 1.9124190686634976 1.4984322192051303 1.9512535179997261 1.5851647309003702 1.4024786451375322 1.3627181120733147 1.311768775885723 1.4836609535701104 1.8925973526609108 1.4976717106407982 1.3829167361542754 1.9557164538451488 1.2163925049295112 1.1459512274481773
1.8328404522828174 1.1486467873661201 1.2771948537800735 1.6705088318186156 1.9814878489629668 1.4475673312483104 1.3768568806098735 1.0163099710712136 1.970057827793641 1.2365400446321977 1.359511268370459 1.0137741826779871 1.1183362349799508 1.3867109618500095 1.1855439081967494
1.2048762655025893 1.1716127974639656 1.4770842452224733 1.9817110857200522 1.5925728525865612 1.2101581871653657 1.7389297832279471 1.575243382616836 1.2151963943664117 1.0967808016001461 1.9814237250893902 1.0129433869814775 1.7296850978169709 1.4717701396442622 1.303971820755839
1.590698773343613 1.2509933546139438 1.469574747557542 1.229767949523069 1.4744953484746852 1.539754686351665 1.5278497447682133 1.0054914332828457 1.0809298984271132 1.2562449886875737 1.8870497642519557 1.2036478784079572 1.003385779285306 1.4059208939486145 1.6375309189885003
2.436910684873293 2.4194487600603547 2.2902842623605792 2.4611651407336304 2.9479211264574516 2.5958047585821884 2.2465508692828626 2.5357592330948027 2.073357096502782 2.318774601518018 2.2105774468054022 2.423109639975855 2.0976817114381374 2.8218057845296185 2.6697280317217356
2.1453136833718975 2.809834638018021 2.0556546215572498 2.8858370698543765 2.0689963678543677 2.1552309917833012 2.9526565523717965 2.363153361109715 2.6634013309870017 2.7357835130908055 2.673396488072557 2.412125432258523 2.6758336194376042 2.552265787773046 2.692254766114496
2.3171153548795016 2.7767307642038817 2.306185694331016 2.977718885929009 2.0546050994229423 2.2666778006075954 2.78243998220685 2.4540149002157934 2.7281851467868146 2.0089711017043532 2.319371902850102 2.3925263525244094 2.8875927381191286 2.353874735372851 2.1394561535394474
2.374632874504349 2.681292927663913 2.454502201040662 2.361686534954501 2.9920148073680095 2.3555722541673028 2.0392955984540646 2.8458429488100054 2.506133821129643 2.957842050730669 2.402362857554592 2.6291668486586484 2.2755137386537907 2.2278237868536213 2.1004737313499184
2.60757489089651 2.87761030164342 2.567516879901794 2.6043028142489764 2.2863924582116146 2.501471609578073 2.669324568229418 2.9415486187167144 2.879690737207261 2.3680564733917095 2.8514408753877634 2.190845196584112 2.7726615014810863 2.646990410126573 2.400578150903266
2.5379232013127333 2.378066600053655 2.5817046319941044 2.2543407887635123 2.489265304443463 2.7156497444555674 2.309315939432416 2.1690279305166325 2.7535407650881454 2.622500087377186 2.1672707243250127 2.1133737672762645 2.2473922634824355 2.362708861048648 2.1156897965842862
2.0047115484702993 2.6596878881451715 2.5462616219207783 2.2725144913637574 2.061272993697403 2.0171396543691333 2.6899600556086622 2.4579694936228638 2.982812153246396 2.7342293349720386 2.457269562595835 2.0755209470869587 2.8914687434461284 2.701671346459395 2.5993394376809458
2.618422869770415 2.4657629941344954 2.0701813871259986 2.886044891254335 2.5841093519589617 2.982840433135757 2.52010888538301 2.8637512195684622 2.6031030790706486 2.0475613033548834 2.972529879748578 2.1056020066609866 2.1447758582025305 2.631756579523297 2.8936866387316833
2.730485153688587 2.2492103081319605 2.672948171355449 2.5721989338994216 2.3584317241508934 2.352575888548023 2.889058473981161 2.0072609226657736 2.3430542728212425 2.4228467569215075 2.654110125406152 2.336077093676141 2.0757330004159904 2.303353014239126 2.749643917776948
2.050079350883274 2.3916094322025554 2.3735707040271024 2.5575591386192524 2.60200653773159 2.6240492211353983 2.3797201183218957 2.7923073373702074 2.389716770329093 2.6520866495040094 2.562156315994235 2.183846921080286 2.517642126310021 2.3644657273551433 2.01219918531208
2.6174925728580605 2.183083898428239 2.3242436298925493 2.5279651786174178 2.112770182965077 2.0120863035908387 2.059524395980638 2.106926225973788 2.680614398008266 2.178414959165733 2.328741732981933 2.612335963923986 2.5367225648655682 2.679206042766708 2.9130120173426115
2.0813271642144224 2.368605191671482 2.7121405892590533 2.9734295826062773 2.604398292685945 2.35485003695848 2.7015381740196815 2.7777782479469693 2.6991713661922927 2.417342960572335 2.1545522148883816 2.6489845538743446 2.6257173030555494 2.7506656932075706 2.193689483987792
2.3167396802035984 2.1464087653017003 2.01761697680886 2.308164281989167 2.4640685247000347 2.8201749777096063 2.725780228143445 2.5941375916096487 2.1522262617300236 2.039196853349971 2.2072872226093403 2.5126803394066073 2.98015386549731 2.6654945240313737 2.3124044023913046
2.9843388473784436 2.2888260770336926 2.3055241099894244 2.3972939578301746 2.4604695441810636 2.4561762554006887 2.9728140459795416 2.4372797770399943 2.4640498047852932 2.344885089247252 2.1318355223205607 2.1291735654909023 2.976459476505313 2.2631703210512857 2.890715854327242
2.6596938963628762 2.961768265114168 2.3778178472700184 2.4160671616102287 2.4117371621933588 2.2663519155790373 2.379044470242686 2.48011758686535 2.256236117027498 2.1092000941910394 2.3383854654173533 2.41849538708467 2.2345678828519384 2.387067426648546 2.1236510431265105
2.6764312691861765 2.3749505687783867 2.0586583263395597 2.439097141701468 2.5518074723778437 2.1059933489336804 2.943325417907716 2.54430833953647 2.7053969272260807 2.231542198860782 2.3723004635732656 2.9718914547901503 2.5017995151675776 2.713189445701989 2.2642654206906028
2.111930309854641 2.26899647240116 2.570292318114408 2.3621106566399686 2.3602537579209906 2.1201081797107846 2.052071761200507 2.564016408093883 2.637920520132823 2.0678546865813914 2.8623399213800655 2.509532444980328 2.480925812960065 2.78038221476668 2.6246307752180584
2.8401199427125023 2.57198658867464 2.476533050089118 2.963984984081314 2.843658958283106 2.540363841321611 2.1393003040698186 2.551367247828728 2.513713603548236 2.0910311608988748 2.4381230388015815 2.207669851161819 2.4068862492485237 2.0411016937312008 2.493841333402916
2.696483888297405 2.0653809968645853 2.6392758357565196 2.8945449390171984 2.1482952555167687 2.1869362951637568 2.6231746077437967 2.176213266352829 2.15348965708731 2.170574406166963 2.829774311687717 2.3189583963833442 2.4375270299448752 2.1441560755094833 2.815760649879958
2.6778470331746167 2.688872833913909 2.088516497840287 2.867470904620757 2.1666911871296057 2.548749639977424 2.2129984659893944 2.9841954379514566 2.4438616471988106 2.991499361043921 2.3084873685909373 2.9039606091417456 2.3110921671339404 2.3253231902067544 2.406591810686985
2.0075167859541576 2.5294065881283574 2.8253923191123285 2.707402911640946 2.9841073247236993 2.7807148498127967 2.574799696194516 2.4033038754886493 2.4716952321778667 2.5592881658492606 2.4335491564148217 2.722591108196333 2.494676038164062 2.3642378291329624 2.1817551628233653
2.244206843311712 2.4137071450650627 2.6822855390229488 2.790452715213097 2.2936722285880395 2.275135412756051 2.8995281783612277 2.4618936560532227 2.0203493746513894 2.9016059427851344 2.4615630648314766 2.5509323109319877 2.5774492888370575 2.8007871788398573 2.313254301619942
2.7300795289661486 2.6787421034126626 2.9857484861344767 2.8925851086290146 2.7930312877654617 2.6897150972194863 2.0983783366748416 2.727454182600049 2.3049541753254634 2.3259626436951306 2.8063323222901033 2.98993947578067 2.9025369563931696 2.9778819162081565 2.3043525141247
2.1994655596537367 2.4227935087860826 2.658286574354368 2.8924001908266153 2.6344758403112505 2.1968296576995536 2.578340275532219 2.0258967806693775 2.9116241876851214 2.783262369618333 2.3972505589642323 2.937468147527022 2.6221652804909543 2.1357066570315175 2.2624529095772896
2.9149400739711897 2.8771363360815023 2.699722168840933 2.8595537625298633 2.586933411923446 2.106087452442787 2.2168375458314418 2.8250903176146283 2.115259592662993 2.47853189917043 2.0767480535817864 2.0402040131484447 2.0224183462522696 2.872951161721403 2.903507250062324
2.519613912631372 2.4928512892341246 2.405104320599195 2.687511732198918 2.8378146539006317 2.378206560001054 2.1455550800150083 2.1823027336659524 2.2932134137124978 2.8097208539348557 2.8057435665609547 2.4736863249365983 2.3009588237423753 2.2749277041939715 2.852594717097311
2.5983999807586327 2.8265042763831616 2.251251196915205 2.723568446121647 2.8405293860995497 2.0244867774039044 2.0056469719448327 2.5572215532655447 2.8661072181455136 2.6312917041034023 2.967303095190342 2.128764461417837 2.169800411366224 2.0747130650219865 2.159515623555283
2.485761165097878 2.4023207755935085 2.710407460006942 2.5372047061746263 2.116033478529081 2.0231690581804394 2.0723795465906827 2.7181388879633777 2.3479960635017134 2.380549776411858 2.5335255824918126 2.5187868006410157 2.0830615284548113 2.7587704896998995 2.3123004733608443
2.9098171937416653 2.890419950226318 2.1531659291204646 2.3328634696237036 2.491619305089187 2.956410812932493 2.5335636306566367 2.04859597635202 2.3568175508365616 2.3738691490641974 2.139534664909103 2.972674398706859 2.254606147940143 2.781242395890414 2.9141492149944783
2.324420201557599 2.300830507256923 2.416937925365233 2.527683869315905 2.8964377597189044 2.088093902683085 2.241275618018947 2.5687033465833498 2.975090379852797 2.9417697775750833 2.8965837108583115 2.3871665347845954 2.905653419141711 2.2406510808312987 2.9253905736926225
2.762683117599389 2.683522840218309 2.1750701835151034 2.8473284631167353 2.040773336659727 2.774146202312048 2.0506739626936152 2.407280082607619 2.6309604603561034 2.216882634268853 2.2626405341049116 2.5504624970371066 2.792751720049714 2.9517869927805096 2.3629754537397316
2.454556906771142 2.4490403971959314 2.223352639138386 2.222627286832772 2.2546570400197057 2.3611875969744522 2.8615364442530407 2.1505129216211794 2.9337230847915543 2.3760201100965985 2.2179284863362585 2.973145907857393 2.219391676856716 2.612205682433789 2.543717915362276
2.50141164318727 2.227407216062118 2.3919449573487297 2.636145906332413 2.5151352735232155 2.0226030328738602 2.443645187211809 2.6514253918750024 2.3814397197002455 2.2302759632901745 2.4022175832876247 2.0846460988783946 2.6894923367039993 2.3239608240788905 2.915866694887533
2.0509731630451506 2.8320911566441875 2.2400263435721133 2.73171676252572 2.1674859497902963 2.2936423927756646 2.5251776750165695 2.97734668009668 2.531293083773865 2.514432780067407 2.3098646070793705 2.4812816254797405 2.517099009674203 2.5927020122793185 2.0187589150399674
2.382715890395841 2.376185854009921 2.7588718274138935 2.87887834061103 2.4692182419151965 2.908813809451098 2.5103902060434122 2.9665984035204245 2.6508977731022485 2.8033326611420994 2.5310000710480636 2.7467078111451184 2.730484112444681 2.587835212094958 2.0348445545498457
2.7998269150809705 2.1610033855273296 2.523973281540664 2.973670902646452 2.7089228811703516 2.796207224327649 2.1875957107171313 2.6244983665018546 2.88131926203542 2.7336386943057325 2.927156770932711 2.43546552723323 2.419511801503068 2.2261959740167887 2.868382454367107
2.64917497998031 2.022266230632521 2.2952808885025378 2.642471473067897 2.1457045981756457 2.2968879824031108 2.117095815586529 2.5551464124938716 2.1515558001374915 2.7942177839588545 2.473379709057892 2.4851599920715595 2.946161583477302 2.539821145550944 2.5588493770730514
2.4033999586268617 2.4641779111434756 2.828003719858568 2.219840218086091 2.0375258206888436 2.7396338743104067 2.5696989949526623 2.2621158070038123 2.872109023450387 2.4671179084882713 2.5409379610521725 2.8105430478412656 2.370537709401108 2.5655282166975457 2.465525757181117
2.8293061005965114 2.0324861946880834 2.5215179458170307 2.9837128222746636 2.818558530514946 2.6595379992316337 2.462616454932374 2.208063751371563 2.391890130652615 2.991590906520681 2.364110202817216 2.748389483769264 2.9087109796456563 2.6979611745852745 2.5291179515829434
2.7995242574236596 2.5866321847794405 2.559643028898434 2.497896416535562 2.1288908892971876 2.5511492933378244 2.562969089907062 2.840264963239698 2.5752140290927454 2.093410696712992 2.53995602182323 2.8641380791466826 2.9754033203514476 2.0015801128172486 2.936908746524802
2.1335071803896675 2.2735435788611875 2.2072788914191848 2.2703960767204356 2.830814279827294 2.934092901988026 2.145819907686084 2.8384991554170567 2.4215115839190227 2.6808033801070534 2.1674223521206 2.2952733280191135 2.782702860813126 2.0135434037211337 2.0563220500412362
2.767653482646511 2.943113983087705 2.9171147318590913 2.215669774440997 2.2965713558949874 2.8482413661035912 2.6693213003232246 2.3583353903801623 2.517842722627485 2.1123786780509497 2.679960857960561 2.6072132510908603 2.6634215326813715 2.5483241755976014 2.8480747316479857
2.7533502111934385 2.15990692460423 2.3759218741639283 2.0117049784803234 2.0461941958239898 2.328728039021664 2.4021917294309034 2.682572184755937 2.2974882872349465 2.951220821005797 2.1386558797401976 2.4075014094814704 2.2688113469459905 2.7518501246203693 2.7755684960686353
2.7790875747137562 2.282492891116129 2.174119175248962 2.1681098560612164 2.3300060341051254 2.746606906950589 2.1762477004365657 2.506205447362443 2.288537659105674 2.8169750634332273 2.1574891521404176 2.1374833093920067 2.4472922830360884 2.732587176608245 2.5409965764064606
2.091983925093867 2.2027780826484546 2.4555727236814406 2.9854351253072497 2.2175889953204706 2.160378825746924 2.122833971050989 2.6750795581988247 2.4767364461464942 2.5674645010383568 2.4736783376678875 2.646922517001764 2.877841060096993 2.2367756395783855 2.856262900506472
2.65335978414517 2.7189413084768392 2.5528848792559122 2.6353920827557555 2.6303070756368996 2.3064449030273297 2.616454099259234 2.825184959687356 2.443142195473498 2.0784467759944585 2.574169078180805 2.5523558019684325 2.216655404087324 2.109944979476176 2.706647701769272
2.5193275606430783 2.2202299158682535 2.306381503355582 2.9022822792280882 2.9811251278702495 2.975763494289745 2.2022866634559723 2.7318897173491763 2.8759712817167804 2.9833813068254402 2.173407030934823 2.4572083683086126 2.656735044900901 2.218779014122297 2.0435486501286526
2.955693763162749 2.0588586238766284 2.3460742885610233 2.5214689737263547 2.7247294041418058 2.5101157867924235 2.4113340946459676 2.638501935238522 2.840283821383169 2.1385309204044303 2.634483909008404 2.374202980308279 2.9882075678951585 2.3670148965393443 2.8010943860396567
2.9551516655394416 2.4607797205606174 2.8967498029695005 2.6705796836078726 2.8911515864326613 2.316775801134945 2.4760821145828866 2.7636311079600953 2.673418336818763 2.7402445051852964 2.227659317916607 2.869248666072084 2.200948583267351 2.001343506710788 2.463772825822294
2.6205218552076373 2.4241141343922976 2.321999809160771 2.858345073444208 2.5283507802810328 2.398626704477098 2.3798231544801554 2.563726902477513 2.9335868620774 2.928371123640753 2.1456156506510733 2.3614465338535604 2.440612440545812 2.2422052000160093 2.2429846954866095
2.21827866596571 2.5291666576401353 2.6976773313310902 2.0429805628508175 2.682478893698968 2.206264893537075 2.333713465897319 2.2623433061229354 2.399754558946718 2.7563475396608133 2.2046769708078084 2.9208589177260245 2.6545205958656846 2.8753332867657413 2.81980690293173
2.1314874031458797 2.249214645580648 2.7330409558614974 2.684890903951686 2.346340917690646 2.22292284444936 2.798483023571745 2.897131330162509 2.3622525777334835 2.880294136271986 2.583823257489397 2.9795141666856773 2.6015921793217167 2.3526972733210876 2.8153294318601016
2.6575922526484455 2.927148083977944 2.445801479626514 2.923441891544931 2.0794459282191844 2.524308764057734 2.8412382926152935 2.1591170159674475 2.0586850038490687 2.189442148403177 2.814728718706478 2.0898943401685 2.28070897158073 2.7002840509919626 2.5090358791437635
2.7066746988779444 2.0540423081323853 2.812311953589052 2.4573309746852936 2.880986119409955 2.1114144754121655 2.8244936568825665 2.4910355639410318 2.4525530932037016 2.1693553507147474 2.5884650318780498 2.3859309710540577 2.798273929812628 2.440428283054208 2.297104716534867
2.601301494703147 2.3362501559945397 2.058824639782817 2.381637974400374 2.2491047238736837 2.052300427498107 2.4278954149224834 2.3708157063258932 2.993639095357044 2.801431541463737 2.8272968300635974 2.621378915721796 2.9269050935358782 2.833026700733029 2.227778421608011
2.4159330271689754 2.5908333271823936 2.7160518353312293 2.153243919252384 2.0425199154170874 2.2247790031518226 2.5993686896960866 2.6025663709542077 2.119590775557705 2.005159036470267 2.5322827986063805 2.4977409791140195 2.6107455255099747 2.513834802964934 2.391743954801482
2.860310357116987 2.685519792327142 2.9228194303933925 2.8151550503809646 2.9345985718969834 2.8256638215446634 2.415116040391982 2.421534934439477 2.774141974682749 2.3507720973966317 2.1749690394124532 2.5188195335213077 2.386806304448346 2.8427860893723125 2.875537720208179
2.441374911225762 2.3944309960281176 2.7858074185303 2.967977528268193 2.6393345744320436 2.304443633416215 2.105821572077384 2.233141500745017 2.6501629691813138 2.9137383597201025 2.1943477063127412 2.9955902593983468 2.122885320364686 2.069214247267833 2.4306931636534355
2.119325977671703 2.1367142875943457 2.9947208944050483 2.1794057249777956 2.405642261401805 2.1583413877952093 2.660760086355886 2.7326808338328994 2.2957082106563274 2.1159518528203396 2.2211439381391176 2.691894646918624 2.843981633048915 2.23305921477121 2.3699116024326736
2.838098544020542 2.773273054259539 2.461546015728149 2.5821580764429957 2.6282239731071715 2.048258551172568 2.5808353903370764 2.5940301623825 2.0719111779648225 2.8114660832784204 2.2889079387952607 2.1499963751003963 2.8932890425273636 2.7142364568313764 2.9009168355395656
2.9995990262085828 2.56269767179995 2.6448868601578504 2.5924433978131103 2.361248189422029 2.9952592814867667 2.6072812379022894 2.476974667915756 2.587219124419809 2.456366516915555 2.035238357038785 2.190973019458433 2.5618658887417025 2.4885725825709284 2.141685124054992
2.0749475271082183 2.4441658487867928 2.4800300661559453 2.9961891235985574 2.4852253228340095 2.7260608386365415 2.831541075863839 2.900481060111367 2.2486607837274564 2.219663133766637 2.547443660343669 2.2888041250113353 2.781308728191165 2.5092446890653597 2.4749752277133115
2.8184041917859757 2.932127908295341 2.6080311245222285 2.347416102486891 2.535200923140216 2.1840688487833204 2.045172318367735 2.2482320735571095 2.0006566693951 2.4474403404332192 2.374863507669798 2.106597310400809 2.048086939024592 2.3142372514147014 2.1474427569893164
3.359094169911324 3.400131651021653 3.3071516359395163 3.7113910316485796 3.9680500103787275 3.723834551730654 3.35327799418291 3.825514299314878 3.5738852732025124 3.825753269517051 3.44006293972566 3.952187136384095 3.677011101477344 3.5967498833873623 3.1698381940347042
3.2753898667043293 3.3942290399724557 3.004588437376771 3.719315256781356 3.9413723308976185 3.5152492326769043 3.9021917051007975 3.5317087910726492 3.7551291802904814 3.296857270227105 3.670387008001528 3.9216952338619073 3.582473126774633 3.6754250494952196 3.7461967680546384
3.657201829287216 3.0053438140843634 3.3528733700603888 3.901206249337184 3.4970605722691186 3.357092218298896 3.516859825301765 3.7292676741147073 3.6098505622130235 3.1248313218684363 3.7928779502052166 3.178776140954736 3.7767913001307445 3.8475457991213178 3.3941192244834886
3.121979582794748 3.290338457314633 3.0615049182054332 3.3343622589940995 3.8922615772233717 3.500173106506403 3.5486244454999434 3.9998182777870026 3.440062055165901 3.0295635342604674 3.128774690976335 3.337776135413726 3.2590779503850413 3.78761922649524 3.50363386576218
3.413053594282467 3.5166122049071653 3.0367441481431676 3.2075368034234675 3.1076763371980927 3.88541595031436 3.9396367741994585 3.5498715362436246 3.294869553375511 3.4190955241345318 3.2064725708485686 3.5439267897721027 3.905361817885835 3.4391323453449445 3.6904440499719
3.208695843729596 3.922164166036376 3.8087904275462194 3.038622563587995 3.3029933502524824 3.4894020238531906 3.157662513890769 3.795144934868631 3.5053434342787697 3.0014413263208843 3.5903330091815584 3.6750171969385104 3.2884486974415865 3.2504644648732635 3.1636114241884212
3.0793667571736956 3.2536517386323003 3.4538153882215727 3.9490180925838576 3.3067632231645323 3.4886519715052664 3.256847919785684 3.810678824438261 3.330267602355943 3.5908422474279598 3.612674513252119 3.123512942004938 3.4561580410986092 3.358981575094396 3.7771275084755787
3.5325753928244215 3.6578197418977463 3.7975211115419087 3.525408820660946 3.5116396781887502 3.887075893630889 3.00075314664134 3.096317596865168 3.9175857661538593 3.205274936288681 3.6880533932862676 3.300610001743965 3.9568829675374526 3.1477391816228995 3.6468391196679253
3.6919592951081475 3.9814347421089673 3.337718354679199 3.1064670296950423 3.6921480054692557 3.313278886636323 3.9997812586236745 3.114146117464652 3.086538418832605 3.8611129985370547 3.687616963344924 3.3130428112748294 3.361531747456282 3.6363416426995934 3.2375071191950724
3.133106629941231 3.9426400999279303 3.4023186173206286 3.6862688348839523 3.296746713124343 3.5099595761823155 3.59768374643978 3.651257860936587 3.7143409463366823 3.2172468331428834 3.363170406074488 3.4600596102774 3.298660650831179 3.821465964170922 3.9709866979022035
3.1387857129961003 3.962645976853621 3.4415854520862816 3.206849565983893 3.220432304965259 3.081568139610902 3.9085706870264096 3.28697771471205 3.21854525038656 3.998466691035792 3.4429298879526993 3.7058258554920074 3.526476832628834 3.7308509514486055 3.701836667496452
3.0050692429006967 3.44880757944445 3.897007051822641 3.074765733555855 3.8303243287643 3.0490452664684646 3.021853002838869 3.4747426952727127 3.7993172342440786 3.5065034192238445 3.805136016637792 3.7717227879892565 3.6436892680246835 3.7152992787230414 3.6388678435557558
3.4452774753831763 3.806354475794392 3.9297015139846208 3.646245462093477 3.995682014278704 3.1773010832172717 3.3625960985949734 3.780905897092374 3.1456609551156856 3.9329554100233377 3.7776284878331357 3.073215834635789 3.889462943785193 3.507702924748396 3.280618855632417
3.9393977412452656 3.0015995536897435 3.570888395982066 3.7121364351129165 3.5796462123494437 3.7044980863826846 3.5085928051145183 3.270658013810871 3.882989706143021 3.8124810732527328 3.3167119765559017 3.254524618373989 3.9295043939824117 3.818900193904775 3.000337923016603
3.100949785717688 3.1345879813368254 3.073915997373987 3.5441710500649433 3.221621291846903 3.315354020784073 3.412328928434148 3.269666963414851 3.4869780607182594 3.475807427295952 3.3340311716797104 3.926849548541517 3.5950321638111222 3.9053144440747976 3.114063177809612
3.1821970596737774 3.975645833364961 3.263981603300883 3.024922192822576 3.2587357370024232 3.327461478530931 3.6889096363354525 3.19068507073571 3.3604513924172084 3.3622225988724046 3.596889931405576 3.460670671792335 3.170356117648757 3.8400121640932947 3.7819628347607965
3.0897821201342164 3.1500237759670586 3.5189738434811 3.6103584563075013 3.94333273501419 3.5881347462152453 3.2143713024923146 3.600692432754297 3.4060736290788935 3.346546482656935 3.7643788804662464 3.443890321962646 3.1683050409999605 3.034633653829232 3.333786928710458
3.5651662031891034 3.5863677506999245 3.9061174845310904 3.151843390581754 3.6594824471358467 3.3704743556238297 3.1173310549413866 3.476742810021968 3.2422693018574913 3.9397552544430035 3.1118435489842735 3.3068128208386574 3.148784259953326 3.902557090447582 3.8035932060516253
3.1172370260041338 3.0883429933724713 3.769446486927049 3.919155092181524 3.691192814143522 3.813755159912315 3.1870352122455508 3.3294965585394034 3.935570888723106 3.2016497938130435 3.692657527631461 3.4525495322872652 3.423983203675606 3.5559766791733405 3.2330942501513666
3.840156062871305 3.2935544333618667 3.744821711606468 3.4649519755028124 3.876418815374736 3.037031453955734 3.3597756763139346 3.1599703971725908 3.109216289846822 3.6780344748646696 3.947447497005867 3.8754445082729463 3.112617908199189 3.794812060133912 3.504314765337343
3.4181122313296375 3.9351612187046623 3.8666519302521287 3.8489554251943474 3.52927265802893 3.1274301318715687 3.457138107823596 3.18980654408299 3.64956376259244 3.0620991714859755 3.819734141410945 3.1919476500338106 3.5837425946495562 3.760585780438801 3.613711184634683
3.113007131928277 3.378974949269446 3.7226791234564414 3.5522288756607194 3.1261425119286255 3.75455585983775 3.3189901442765812 3.9694158531837225 3.77714625893131 3.9766458461300136 3.1507946678179284 3.4895859400675118 3.633081008185677 3.158522567692083 3.407817359949041
3.2092650928002406 3.5714492151384607 3.58501068437699 3.6617316186425146 3.0614929899490413 3.8317536677799318 3.8091679325903645 3.721626109583637 3.3219028824547827 3.9054076414360264 3.949968217113894 3.1474160294484808 3.5373713706836516 3.5753040165552976 3.8316379309011532
3.768153613767379 3.5105700415549244 3.9329549698588 3.3484644143566498 3.084418216470285 3.357538655224314 3.9989651504414003 3.713310696525856 3.7474441272772627 3.0704398662132997 3.651702831633138 3.0537339380918382 3.402369631097364 3.4639437387815346 3.9293851631317915
3.156519523842457 3.058968120880699 3.861229491369384 3.412394903969018 3.0296064888819974 3.8104484760075716 3.3843812052305084 3.315498281080345 3.3497941898122643 3.1593883212658977 3.253993434412694 3.1237341935037 3.7952843725635486 3.4295904549846816 3.0740906851453476
3.091097519316585 3.7240263123585375 3.7436292766257515 3.6810056008664302 3.6877401454551 3.65199750519775 3.8280808117160903 3.7686477933558633 3.1292652266489496 3.509965583438229 3.471906016458131 3.167635827799616 3.4507917328496855 3.712942167567354 3.8081840550107233
3.352052984327914 3.198817818044488 3.6634524970581697 3.7153687040741477 3.475127223175014 3.705512937234733 3.4279095113125315 3.5414674288757344 3.993924101149511 3.082920936094115 3.9747944032063542 3.043019260159223 3.7331809355944174 3.5286566336787413 3.54401053778067
3.9004745919472272 3.0596995599207357 3.2700313468025044 3.4286907985222865 3.422555924555952 3.6912539048434447 3.4901433585250525 3.693903305814451 3.084405542361845 3.547757669658164 3.8773214763356183 3.1311140215753817 3.357802695738485 3.967476577874722 3.0184110546588663
3.052928843683657 3.886459215311561 3.5573589028519814 3.716743497461983 3.369552105490981 3.435379175563173 3.9240962970937705 3.457232175895156 3.756562169585619 3.200494841522568 3.5413172053823665 3.663888462538774 3.6230192777901475 3.003267527797197 3.048352906002232
3.099154193093597 3.019584232818084 3.6146685907581575 3.3473064382269926 3.7397973396247584 3.588241210360092 3.9539326666057883 3.967692733548167 3.7307201145760267 3.148381664337158 3.189701268211522 3.3017083749423577 3.565879843451927 3.53842048706964 3.834651839607388
3.4782271967642484 3.4746246834729253 3.887779753923321 3.769433848658677 3.839908474010668 3.10209747825361 3.580989026868155 3.757709967546503 3.2153421904941712 3.9639632743563795 3.7938158630431493 3.4213268472054574 3.4369456339681372 3.8285669151489063 3.6307536525886426
3.833117061655801 3.845364779459583 3.1337290102249793 3.5738585788710173 3.854559603693611 3.842422202560501 3.780740158334125 3.1648407907848046 3.09650364117295 3.907193219906822 3.1647148018231457 3.585479691898558 3.913386097998134 3.873580485094504 3.0983175259235236
3.0758469175058694 3.154850852063357 3.682796401402673 3.364976448758534 3.9354845633664644 3.493403291324496 3.270451985978265 3.998049743227841 3.1896006980860587 3.0227111572602343 3.725489488527069 3.024012856199492 3.8705076147691297 3.4783883499675694 3.3669857552791345
3.33058561389717 3.2639432495880087 3.8715760685051674 3.924891517755828 3.5248200654097688 3.4005789899544463 3.545360858399622 3.5820618582251273 3.1315212165393835 3.5349327049449957 3.6650470508709203 3.2374713194994085 3.2489747719228346 3.347068473868745 3.9355265495125398
3.9842964661384066 3.826807010284265 3.1268793658802583 3.9024660327967546 3.4615882134947755 3.0599040966682427 3.2564135156813245 3.5387584577159665 3.4345444749681877 3.0026691619830084 3.8926176609011742 3.943661377046521 3.685933497339077 3.399497499919225 3.8710366580275863
3.8892721642775543 3.060006574594651 3.9002012922487315 3.5004210836878618 3.6374661552017176 3.2902790646035016 3.283217387307115 3.098859600084837 3.9201507202320487 3.0638460119695368 3.0447828114666207 3.833966603845455 3.226664290527146 3.6274394628886704 3.728864335024696
3.672819486792411 3.5743764750389473 3.1242223065411507 3.670480199441558 3.0217545539762707 3.752021583184708 3.7653534674896125 3.404153386606518 3.9417938994215476 3.620024956731196 3.886647496305581 3.849587481768231 3.662390313677756 3.428057026170776 3.9181916523950244
3.5282577879925348 3.484340862512983 3.267278009382928 3.303571450225531 3.4874620405247345 3.0621341445997268 3.7132113886997846 3.4453960268382877 3.3124760395684043 3.486660036913885 3.434911788124119 3.8251024288555993 3.592812139034538 3.5511252214953024 3.047068959697211
3.5475580775639113 3.475178862856799 3.076181212766425 3.7639162587366206 3.694769108540449 3.4835924249577 3.1946863251577557 3.4772887054182746 3.038041396785586 3.616192206422223 3.0521866819615395 3.7259020926320927 3.854230467091531 3.8386633816742672 3.4661153837387184
3.6489011585386177 3.8192552285489314 3.4857724043759584 3.7048734772503105 3.423951641499193 3.210839574945449 3.755371402002675 3.6973698738545373 3.878627359788525 3.9424851805303476 3.4333301559360043 3.664261766953868 3.9335699196734515 3.2719676077532522 3.223205446765504
3.3740508863744187 3.286875893805456 3.380187158313578 3.5710588806351002 3.9703556979380554 3.281391794229453 3.399994549086824 3.673686537562315 3.5910923691082504 3.2100746010467764 3.8896512087596427 3.437624482710141 3.805963013046659 3.4093020037527446 3.1918724000227647
3.5166466199566293 3.235562463046453 3.3659926721613305 3.596940875026335 3.197072220827099 3.5835795344937664 3.7216238854161228 3.7371675505544495 3.8230525323467046 3.7129828094481963 3.494710176048316 3.180015025524424 3.6581070684742643 3.3277447574526757 3.063033259954375
3.7584884350664542 3.5645319371021484 3.283572170735621 3.4478903182201837 3.7799378562243007 3.6489040583900287 3.544275159431968 3.2248535553277993 3.8882045531273377 3.0697569268842755 3.32482066717351 3.949011592456714 3.0190836039171196 3.5326044524656486 3.017780866179147
3.327388685723799 3.585363342913416 3.6078419764677325 3.0868006668182315 3.4972153682361635 3.755242064724943 3.8986542379397915 3.228872495769299 3.675949669829336 3.446710981068934 3.2589121243446537 3.75662102559617 3.1374256224452175 3.4505313735075545 3.71514135011884
3.332464082389483 3.938231408165984 3.9157236037658563 3.481998017175965 3.8984303499170334 3.0693967974378924 3.2840239670970908 3.477287369931129 3.8885784767932225 3.740695700277919 3.643554806701842 3.0404136343158803 3.5853760755397817 3.3183461586689993 3.386992388173845
3.137250536133334 3.7870614900142585 3.03161706312562 3.0058060305583347 3.1947734223317497 3.789925117052959 3.939826909643795 3.8296808452637983 3.8503958577300987 3.0576108271366365 3.808447126001807 3.5290259951311365 3.323804574788916 3.8489528146319554 3.481498206441432
3.2385088950985925 3.8231888460501477 3.5065263682829433 3.0571543793892317 3.230845229861853 3.3831112393768104 3.0700060292925166 3.6744484413125447 3.172613557699282 3.7978690469207423 3.3715878212660138 3.0011951201320697 3.1276522439621925 3.8620464099976797 3.7951469568408465
3.5767280791696114 3.6386359994565636 3.9590595273052873 3.4364660869990926 3.0077720350644075 3.4137174211124006 3.1488481294319834 3.4887835340913513 3.641748021589661 3.372659236129865 3.297468712912769 3.2960745185719627 3.749036615644857 3.0656708615508528 3.464195991169855
3.665893193816897 3.4342001174240906 3.7682027153665065 3.7158407832979115 3.7142664672420875 3.4658917190809206 3.876240487504088 3.7733444095604707 3.7270456706392645 3.966155816986901 3.5791805212359558 3.4123107154869117 3.2652851397860867 3.432050446140403 3.1711568359399784
3.336988743726266 3.0166316217752613 3.8759993281458014 3.7767290976332974 3.326320577528424 3.7003722722193046 3.966007539374776 3.7131302361951244 3.811020513425853 3.670702772296754 3.9228514426508374 3.1888108679684875 3.6822529171354947 3.7309416666805273 3.588579837030246
3.54680744465969 3.055328231896822 3.070830475479945 3.519140428277903 3.8014998938646722 3.9159377797628765 3.1697239549285805 3.173671546787182 3.7886130391899933 3.0617996095745497 3.970388211637656 3.273976088066557 3.850856136546655 3.519189447154607 3.6212887768088966
3.189921165176278 3.6153828316965786 3.661681914488519 3.60966501286747 3.7699832555696466 3.084294098564351 3.587529318947554 3.1633507147850364 3.380885665251096 3.9556945494240248 3.9224563698921355 3.3862154637693798 3.046251043460986 3.8203525212910083 3.106251020915234
3.710265001529901 3.4814188603217473 3.6378029167103447 3.3943830694537525 3.8968528259815396 3.510054106968011 3.6857710723032353 3.2599839463707783 3.000119706750073 3.8178996631868864 3.99808475282068 3.6168722980154553 3.417691540084784 3.2500021277169586 3.1587806012250708
3.3009117836999224 3.3968300551595734 3.889966709084548 3.2039006141461184 3.5448391182269434 3.138645213140266 3.9732736676987743 3.297512726779769 3.7608018863656048 3.948641648831689 3.2814156354936896 3.7947792892663283 3.805196880093051 3.7187864720707453 3.0395908597136203
3.2824357136111586 3.0420020905091194 3.394448536417812 3.497915196434332 3.195831205780271 3.9436461337626367 3.9789748731062673 3.3145910169469643 3.6517220216386317 3.672560963149279 3.059332492680006 3.5791984969475754 3.207297064854253 3.0719153849083525 3.798159165548373
3.815251441770602 3.358454628068655 3.7606278402353666 3.830729771201209 3.583385428545842 3.7241380827665544 3.5756095099233343 3.5297599436113885 3.370023821895399 3.02857766128905 3.433288972831464 3.656631507455275 3.291092911689591 3.1895739244298937 3.792822635362794
3.5045394837838435 3.766334233198793 3.048498260504421 3.2949958203129723 3.2572240276501767 3.726988869618649 3.5364746113134102 3.823671067888539 3.4363641681692005 3.1081050404962762 3.3612451630860787 3.19074211432671 3.9913754863957367 3.3464463086264207 3.620512779318088
3.880903220705437 3.7972666414262437 3.3559553488792684 3.1000909856488894 3.8091453971192837 3.069374812937727 3.984953749480077 3.398982308256957 3.8417422196054067 3.478213302933988 3.2727355294787883 3.438543991401057 3.9105899187554334 3.553329351756802 3.9179383031186066
3.359189869857361 3.9111177993318096 3.3019836634032544 3.2470527181464934 3.285615810590358 3.215586514874661 3.8366276019571917 3.6286574490673082 3.9503253339802473 3.5564435384582884 3.2045678604637797 3.7174431908921135 3.7052711673631586 3.238506297353786 3.5438728526477625
3.131816189680218 3.0227174086104025 3.1240957529222793 3.151488318556618 3.1698480302811003 3.188966102211482 3.601843876381276 3.042694647731591 3.9505652139659646 3.5283810419084634 3.797750446584522 3.1054520935298635 3.9310481877972037 3.1601808401819893 3.6161667898488083
3.008843586734014 3.09453690057073 3.986762224271143 3.808734109963585 3.611740103334288 3.2307153340220434 3.3398534140425498 3.1609072683478434 3.7359762684254307 3.6365751438510983 3.469587053966636 3.0585452945079528 3.8177391668187317 3.254734549482336 3.8516204831528915
3.1511522144645383 3.131536323453072 3.735815065200672 3.1087209203584716 3.5637025672901603 3.9930236853211967 3.1624555236883203 3.1957715838948886 3.125588411279881 3.590138037264216 3.2047694205776844 3.380944288305174 3.383075527616384 3.866392598482834 3.2905278756297838
3.470822917132842 3.7407583991841085 3.1858584573809994 3.968077311912068 3.673551153815835 3.937854959822541 3.346268411727869 3.015977434616592 3.47161710972499 3.206783834746614 3.874844568265678 3.01057181217353 3.8846765129879195 3.8843182747590785 3.4408640236942114
4.00117943000625 4.542854958699062 4.9497123295439645 4.649641763112628 4.6623228791889035 4.062259160176585 4.949546843226738 4.444524128706043 4.793384855010691 4.316965766476448 4.035644038794831 4.836649413494974 4.318311311173553 4.335545911552657 4.390251008787025
4.706647034331845 4.001456392709069 4.71522207459215 4.141794377684075 4.978110518710771 4.940390528847029 4.643043577449136 4.984859420462561 4.549593318941873 4.52246996829309 4.841005456449124 4.109648934059119 4.990041064393283 4.939192153164604 4.010825040423694
4.719028629213259 4.151987549288138 4.540838397628036 4.644129362818707 4.365366962831415 4.537505662448331 4.283631574938994 4.385095486765551 4.574729566351742 4.463819356361048 4.2726130694961375 4.4851253304484535 4.742589582920217 4.818645556368699 4.935670029276308
4.272925081318968 4.0830666615194335 4.469750096996341 4.677620317869979 4.978398852962867 4.492809248335966 4.1988653926251995 4.957989199737156 4.695054692145292 4.550986345046626 4.367031198320783 4.61208836942853 4.743161112659657 4.518456129952781 4.386584894338447
4.892234589475479 4.204680172584829 4.122030804076634 4.474440688181757 4.1444213363989535 4.941042924541061 4.113858344645791 4.091961830480374 4.255484138751462 4.9761223064293665 4.081293506309374 4.938644060803269 4.006776296398985 4.729296815511381 4.74923188440965
4.359992141138046 4.252598095103071 4.217288050426513 4.064732606613608 4.55438561573505 4.405100115627565 4.008494089269177 4.682856489229978 4.0193941559812005 4.052106488912731 4.409829516724991 4.082998444889408 4.264916650305289 4.660281736703531 4.0936224347468215
4.4365939496234 4.938682401387608 4.223290481423987 4.130907111793006 4.519931555903879 4.159066755402366 4.403076505543669 4.187490936076429 4.41990473244067 4.030837806707818 4.18211378148248 4.460462685822977 4.5158873026241375 4.031364393630457 4.295458817373483
4.78534822819938 4.2375197064211685 4.197980289411133 4.743660450210145 4.227909459332038 4.396043322802603 4.821613002213808 4.501059157073083 4.389620425130467 4.465922615224113 4.657450015504287 4.128735312238704 4.602144513916346 4.05384632502168 4.5003290604648445
4.377341806500966 4.163674959874639 4.933799947764897 4.340703605537341 4.022283091545685 4.778790397801803 4.44975414828141 4.21644796931016 4.112179644175367 4.403516329708031 4.791614382573119 4.306431560236526 4.531282825795162 4.768571819413721 4.635429509578467
4.773704577570329 4.277482138592619 4.956320563824089 4.905457927009495 4.359303109023305 4.139773461159622 4.540734076465581 4.963541733539681 4.752093926816082 4.522532759396518 4.964713952571042 4.360341173927381 4.315744777811139 4.008667248580366 4.0254090820307304
4.3933325085788475 4.840819131453198 4.879692049239161 4.565702996842603 4.108074818967831 4.608158827185162 4.218006686980656 4.728835419030302 4.05210219460802 4.19913204781503 4.405122975428016 4.423161183903333 4.044899674809402 4.168987924411484 4.799321910060523
4.965338679481994 4.46277270442029 4.911473477551645 4.127194036789907 4.222779376847213 4.054021496925007 4.786032297238854 4.655744075922894 4.959978303876149 4.09768328260958 4.853318804963699 4.525217318541372 4.508385669840037 4.798206879518729 4.370425531773739
4.717531753017534 4.325767124869698 4.168775599025223 4.5341354931950235 4.011176843936196 4.488541250474977 4.297596364831589 4.828675299644463 4.930665660486768 4.66936998712662 4.814323936734476 4.7338587338128235 4.137104288819733 4.6923183076564685 4.577891166050179
4.48017528849415 4.9261690171697925 4.329187580440239 4.092367465185439 4.999291130797096 4.500757623927621 4.603166354978412 4.924069609754252 4.211594673172197 4.467808834997837 4.499731761108468 4.440999998563927 4.316833346767503 4.572259311474282 4.649773089968225
4.524789645983149 4.80955106638788 4.025835075760805 4.246198670060684 4.515674222586175 4.527951272094345 4.914350343575113 4.182826315624926 4.542633613813496 4.162973576768474 4.074413446561945 4.163145870553257 4.563676199502853 4.303786369050399 4.518916056143759
4.3165828732594385 4.895351647780986 4.2765620844488454 4.960408492170867 4.681179627667937 4.745926531059274 4.7453153253449605 4.232440400689157 4.764150882097295 4.283259667169503 4.286748758637852 4.44117288625129 4.275558783398084 4.066264488376121 4.92546519981027
4.493044391586903 4.045391823247796 4.247948624073055 4.92156853078555 4.2389994232116734 4.080621416612186 4.818371212824142 4.939590574561299 4.851765627316466 4.696348249409749 4.297460870297385 4.095844272125068 4.209891694611494 4.6639404213047 4.710488453319307
4.280718546221762 4.0007343871719545 4.359103799478861 4.383090177445693 4.5830933221579055 4.974310153037003 4.964114423391627 4.078088817451994 4.605968167394889 4.280903343499013 4.880981619801884 4.262961396915207 4.955561347824524 4.107549167399597 4.646100057702179
4.8446540838331265 4.210550446643307 4.891986487823077 4.801987148536271 4.537546346303101 4.233790023466805 4.237401988637497 4.3779922116884356 4.140717560521365 4.775755108374632 4.27726382663385 4.8594021471714015 4.392271812090961 4.937124503873631 4.64676935643374
4.783158056338696 4.741326865550948 4.207330481667441 4.405908167897519 4.388435585492845 4.332376202952213 4.476567217769101 4.22886831575385 4.071631522970478 4.7320834347992395 4.630662652378989 4.925489950564571 4.747838003275391 4.44517088511276 4.08138400618869
4.892697338894696 4.604674173048727 4.063914902245587 4.859160210316459 4.407316713816203 4.149385513779889 4.974862667054016 4.700869021344148 4.766414016374073 4.896408709923286 4.9067365759041595 4.902250792868322 4.157263106163108 4.520139722162307 4.2450934724391525
4.572674477477671 4.796281628419339 4.806431861942121 4.962158459956159 4.329395794130491 4.314748127997194 4.276389567407867 4.214353586595373 4.399111736361377 4.588840912538734 4.927312118424563 4.145393860099587 4.556529180153543 4.212515336346658 4.138181860087582
4.199424686796385 4.322829751887396 4.5939629440529215 4.42087912990745 4.296525806575105 4.371327129522967 4.219872608577432 4.363346174372747 4.552008959721478 4.143277065831948 4.97643982505001 4.807210961953589 4.831287845976224 4.263714194029564 4.542047752584947
4.0299208293518145 4.323700389675537 4.465354057241557 4.773769135894469 4.460225216723287 4.491515071223932 4.378012870005292 4.6983158822164315 4.24588572984391 4.2044546476062425 4.721661153237044 4.187788479674773 4.8137804127640536 4.605421873758765 4.153142193125314
4.65155519564494 4.415108973116777 4.269713820964996 4.2597494727154555 4.107816438798641 4.532193987396522 4.517862607705381 4.967272031184706 4.811887127589421 4.938412686229607 4.321342079171696 4.935780288748376 4.212955968646856 4.149082842765092 4.100731419094656
4.353339201740622 4.387057192727051 4.978665037661428 4.857528626488596 4.905999401177194 4.251216912573046 4.928433194812123 4.503657452250112 4.60183158993949 4.802212945677535 4.168804148715848 4.956814297833711 4.557432589136937 4.3431132980819145 4.9518053854738735
4.555151738577733 4.817246654190368 4.16173502472835 4.39170063229599 4.611397903469821 4.769208629889987 4.40739221023202 4.685580335400615 4.4743620320200765 4.744630457751099 4.9757776972300265 4.010764521793291 4.29487841732925 4.9459159866461055 4.056550207569418
4.532153751984519 4.803591754852688 4.932603531932032 4.624175179304244 4.180203220826492 4.799589792913271 4.514399390979734 4.559793502943529 4.118984330413525 4.721739295731962 4.049279761138016 4.280369916825863 4.113836542048267 4.628684017238588 4.825402593884346
4.721098358799304 4.3294022189969565 4.148814158948635 4.41748466250863 4.268019033266425 4.441375175183186 4.478119104813366 4.651463727141677 4.770027733032539 4.329083934327019 4.30168582681641 4.0856791982233265 4.072935258020111 4.031068570558074 4.5937080816995115
4.722469124362512 4.61296058774949 4.092100049676047 4.611221856501626 4.000995336769237 4.483018697261893 4.9076291072796785 4.03838523696057 4.990272244542502 4.042390038578681 4.180441983754633 4.160971408499635 4.100789791810967 4.5788354107815765 4.14433794372485
4.154845967223446 4.563783733754241 4.751946540809222 4.7809338928555505 4.057550452392308 4.38912202830026 4.54749928350334 4.858239575960327 4.75871636499342 4.505938902740614 4.25480253587269 4.253436194674284 4.392884780037077 4.314562852706147 4.542513401003623
4.68733080723114 4.847408809395452 4.933948976405596 4.053114523474884 4.694246734281649 4.708467302789976 4.015739684454042 4.062227156966659 4.378650803957448 4.8598199409492535 4.114242176900708 4.656159228763664 4.268606023681786 4.12178563625319 4.251025145829361
4.569565190131786 4.36617808293984 4.77202703318194 4.493501108061982 4.294819598871202 4.316212796398988 4.525076486402478 4.078774806663821 4.3256847288491205 4.467440978553048 4.564139314049116 4.857202480543927 4.430077320568585 4.483655883843554 4.5165628480355915
4.60452043048733 4.660217358841348 4.07774772520075 4.843460182912968 4.0570656081524445 4.403167883943743 4.387668960373955 4.974330313330167 4.361525221565313 4.150751337802793 4.49094242813992 4.659116719586024 4.998815796679541 4.825054533663355 4.563114424575806
4.432998970838833 4.141107024623608 4.434211210041001 4.2255931399038165 4.793312930378069 4.831668943983117 4.552877229587254 4.699602240968606 4.673346842532698 4.339135835119749 4.622790345603094 4.485518337783766 4.0643624347508736 4.5309435694722096 4.351033010450046
4.420650479047339 4.185041123154141 4.135111892237733 4.547093075135754 4.133558012148278 4.4266575069047835 4.315206554488053 4.5845439792360185 4.109293589936725 4.412633832591732 4.070230690113341 4.299142573912312 4.807495608905596 4.902730213154756 4.589358819191938
4.542369117697529 4.534044688178627 4.944977720855101 4.840840799487518 4.797910726691538 4.057037192350378 4.632562179440275 4.355067135493837 4.238316141192369 4.279117990689124 4.058218835196936 4.373701334483752 4.350026044885232 4.6307539003372895 4.575299050201687
4.27994854750193 4.787209802455988 4.232817911373758 4.272522013642993 4.499444725738991 4.428316307283455 4.291894020769284 4.648526076109841 4.86691323394856 4.703972684120695 4.638000732469451 4.832685587817447 4.790651433418343 4.1408417499453565 4.791971066817162
4.340260973837985 4.415072485238424 4.7232749705541135 4.458515507563806 4.272801387961101 4.380942671125023 4.113075260437587 4.881033784977407 4.078820264394767 4.713617875443677 4.987409171773807 4.065529945996925 4.4751165938001085 4.831497498564339 4.75588588631599
4.4835247490563805 4.895715419471836 4.660077772900561 4.700046267658569 4.497648075157494 4.883253218688931 4.361400480633018 4.141981673448318 4.418633422033809 4.166735074478947 4.244357649711822 4.593529520884805 4.7987253931253795 4.779942091060135 4.008226069627019
4.963468300535855 4.294050197332601 4.46636949615903 4.589970266754299 4.807361987224249 4.187288315623027 4.789426874735595 4.535266183910586 4.293179756399676 4.452027532415949 4.82073363051136 4.993862052934939 4.025544217500572 4.061463577573882 4.014695088989266
4.151806998178672 4.12243707190403 4.096654455270724 4.89414482205773 4.156241926657965 4.970418336303348 4.0933243112737285 4.469691856180594 4.362861351600277 4.897891688358696 4.981250668456858 4.894511716444288 4.041818870795858 4.600674626678466 4.9165589308597255
4.71667279395635 4.514763005041636 4.530109437019876 4.284786613238094 4.232690340556388 4.063854352664703 4.611176947454501 4.1613688372778945 4.8688524429416296 4.853028848183012 4.596551584871646 4.556235681220889 4.220963790182736 4.532436026956429 4.082263477502568
4.84050151301809 4.368504237135863 4.158895563399519 4.711609003263878 4.85576457093842 4.345801586461392 4.558378775875584 4.376178480289827 4.340325087872441 4.200668400484013 4.280936735461018 4.286345862434599 4.4716686250069655 4.900055302507275 4.854159591488402
4.628291903399127 4.520850684215954 4.45262411211492 4.128166921372068 4.150609064954909 4.8419577355097045 4.009746126572962 4.123292183168451 4.430762707540635 4.678608645417023 4.379281913935037 4.941038587450627 4.760159649761053 4.559499615982286 4.340601298418542
4.979548031213451 4.556302344847174 4.376285201745696 4.3846529489386805 4.906738524824005 4.961482357460026 4.589626258623209 4.0194951671987145 4.587429657758855 4.819694631156379 4.393025520925246 4.579550921966657 4.435189806902968 4.5369297152331916 4.079110144135386
4.555951248749348 4.465302754106381 4.424728052091817 4.299309526331541 4.825683453230763 4.662165490230557 4.002856899079511 4.3854163133945505 4.798861634078701 4.142593092055289 4.394197097823444 4.410306750360733 4.426288589676162 4.995920442641485 4.383403411347879
4.20513650327244 4.213579985384517 4.612454821101682 4.930628569462004 4.121616360100593 4.873473166850878 4.77374747777695 4.932578166576329 4.930511746383067 4.014544210631852 4.771316012038403 4.805389370011369 4.8812988835963464 4.312409017322388 4.344864068131995
4.027303941631184 4.61294955512362 4.938585179672717 4.286708056271396 4.123831670679338 4.3021054236690315 4.632543323429811 4.146035778427368 4.704077522393604 4.162441963118416 4.6940778784162225 4.584784803736827 4.064132166636583 4.167811088742914 4.345979356280816
4.586343011857963 4.561901942570872 4.661790745603155 4.37109083503905 4.898938190295874 4.43748132047485 4.337558554299867 4.663183965836973 4.807496682018591 4.004146856307211 4.924545995000333 4.347690579823415 4.5709160065234915 4.167278897672151 4.802118223646913
4.426177922435642 4.636109872445732 4.041993298610459 4.675564291266673 4.477557039667567 4.0458485066139795 4.034992191504964 4.3959709835712175 4.809365362833419 4.294330955014966 4.132119463865236 4.983092859330276 4.594066144568227 4.252590023409728 4.290333100154142
4.9191202247344314 4.948158791296523 4.685245087571741 4.771283078446131 4.821285692428037 4.615996150617075 4.3107815506685 4.9734101479707595 4.672538846709169 4.90555559825048 4.319449763200827 4.8204572882741585 4.8920582050243615 4.790013502325246 4.756041017369146
4.046512157540963 4.661157895157777 4.636822554465087 4.199211070741779 4.7811758682980114 4.085186431374645 4.855094984687112 4.724687073610106 4.6831791355248225 4.968303035343937 4.86244447425502 4.226606718935415 4.496744235159131 4.205557147150046 4.164042069753699
4.7894029862407095 4.312217339678608 4.0554847569686014 4.009493230000563 4.952062208137106 4.000972330792409 4.846475041945692 4.047243574827662 4.3872464861313585 4.264314216695326 4.991449222325965 4.631573572239146 4.7296862094324785 4.487085880573305 4.537933387144109
4.953843513076227 4.031412262080182 4.118909887700304 4.864395228087879 4.967501602356066 4.595811512739595 4.619471982004482 4.54875425990077 4.155469694880474 4.748153159329064 4.098980997696535 4.8812641703606765 4.548872732104666 4.437147953910489 4.660915415794024
4.971504596360194 4.04767965524358 4.430266054980311 4.111393643049471 4.908008997412856 4.016674716214027 4.264953183227224 4.137982119606088 4.969094529750279 4.334280203183851 4.048549340004807 4.28048118585539 4.454748287208976 4.557102629567361 4.66162793117451
4.0172056575425135 4.311963966088337 4.6296766543451175 4.91263740643821 4.072503632030127 4.3597118588312895 4.6167315763748356 4.716141641334639 4.6147332820984195 4.584763800992419 4.264408184311363 4.4226191365112575 4.358644419215208 4.675884360398269 4.807203637745557
4.014695282748946 4.712087682420639 4.691438125212205 4.329025430913354 4.002846261697312 4.0142011497771195 4.514252460250606 4.159585210160899 4.503026712402669 4.600700665434739 4.537613442393422 4.241466581848494 4.159337761408781 4.901626405569417 4.847562702412008
4.138550980483593 4.286765839761678 4.02787525855025 4.019201269041802 4.373088396276627 4.852186951636497 4.335074889160765 4.528495571138996 4.076550861368101 4.686245045974315 4.266831921716289 4.696120475476685 4.518508046535718 4.624377053284077 4.374113229364266
4.026162415785109 4.938116065651478 4.112171565774439 4.78349591633076 4.780045417365292 4.2444124000035 4.178411808534959 4.544248464803191 4.6348314587965165 4.574460561633845 4.578567888195954 4.2226812133015175 4.315086149572564 4.402490843315839 4.3421672702802825
4.83193192332808 4.158788904765129 4.8785341846852415 4.919386444550643 4.686328025015565 4.680307136996044 4.341647844284829 4.615370997669159 4.051694101238375 4.327241634126517 4.500683773747843 4.025204975055731 4.5264494850757115 4.792990552955003 4.604651420782588
4.7381150435798265 4.933067416585766 4.4431677005944 4.03507831759766 4.666408551990345 4.125444240185794 4.641550363736466 4.144374181320333 4.9728087361052475 4.524952656579241 4.020020691235921 4.8370545613911045 4.719264777427158 4.386430977232785 4.027003714550434
4.344782696806787 4.040977766511504 4.765085538883596 4.410194488654442 4.8815393191308525 4.861298349485246 4.90626110605452 4.641905495121969 4.381831652148648 4.9063156677189355 4.312259750723805 4.67915450163466 4.322704666904909 4.052370971258036 4.0538660456244395
5.865652741733513 5.709419110871897 5.845393979697537 5.988962386398073 5.229141508835984 5.665012255082727 5.367873355155929 5.426595073371775 5.905064776296805 5.705559080656327 5.4974374465968925 5.432078363178833 5.926354710880226 5.705803100586797 5.000435065849485
5.407200222621477 5.1591454337939755 5.7639275266975725 5.834570221627181 5.799319922469021 5.735519919352679 5.65958903036833 5.496558857695193 5.794124493346101 5.936933882164242 5.365938207053544 5.243939715084183 5.6290374162132615 5.115749306699314 5.124201921138622
5.544585436094237 5.727749391827397 5.907349842083351 5.918504618450551 5.163124009380762 5.201067805806301 5.681598787100169 5.798957286464333 5.880395082599432 5.385258205980831 5.909939822470933 5.392644061627599 5.960229215707417 5.9962768574314405 5.883229608763868
5.114988140211423 5.127252453200379 5.166771397019237 5.005430425042075 5.048080420167926 5.000083091065168 5.1024515728300415 5.709579996755358 5.187905545884949 5.636200490413076 5.345410059723425 5.894995028264452 5.7790016395445365 5.087931118930005 5.664198831984276
5.66845343425235 5.752942071422109 5.64341007897902 5.403943854347661 5.087140149906494 5.866128179953824 5.7320410668183515 5.7245068388682405 5.5474296225082655 5.992734491930527 5.310891378349467 5.530679876517929 5.441117686779228 5.170248899050624 5.916622797707511
5.055625130682784 5.709504491350309 5.417901788565787 5.466973379803468 5.997248130543397 5.9657691147904295 5.052380332684979 5.3264690133043775 5.826920002499488 5.927365456952669 5.210574778589637 5.112957643727121 5.390940616391386 5.002708406707251 5.555705881908021
5.2147235943576975 5.20736096616811 5.01020812735012 5.691033864387137 5.012352653143929 5.924259613789886 5.172749177051287 5.634450911600164 5.3551835810856145 5.2502950581600345 5.727000808894222 5.817610692591778 5.92909498489287 5.294331793728277 5.714483057391375
5.464850216834944 5.770541034230667 5.6581648759723535 5.78010311097492 5.880010382460207 5.331163503576064 5.81484429961389 5.093914953019132 5.123364003892716 5.177971244497092 5.2748267181808774 5.8331445477243395 5.796210420119375 5.62599305534414 5.7931590632765815
5.0140618489964215 5.167298730278863 5.343473195606461 5.403125043042823 5.847069977917967 5.673092274330733 5.244093382353437 5.375261550233025 5.203421092231185 5.902988734593876 5.786368845584053 5.295379657990361 5.228257431612713 5.540962404088987 5.137280234152039
5.331200236655816 5.612214735614495 5.376695499798845 5.525367332677669 5.414441623947812 5.542615321199237 5.422118601941337 5.50792427016892 5.503673109316612 5.8953157740176865 5.373380160348783 5.807600320344001 5.312974279363051 5.7995645779574625 5.143617918661604
5.835624364484742 5.892417349387403 5.31076301464462 5.958505940275112 5.012034818672265 5.228615643557416 5.559812540429309 5.554402582551756 5.517711570160255 5.5970584392150515 5.412770389186212 5.348026631878634 5.168669733933105 5.742678418020174 5.370824381566705
5.05694003234538 5.689989780606141 5.0910750988223565 5.168137189501931 5.1417172731231044 5.784922267555648 5.100043793097735 5.283898729605588 5.613533380128027 5.044119471930112 5.5495361645909185 5.374965533464325 5.205003438864522 5.920610572682904 5.037905464968228
5.456753455888451 5.637458609513529 5.708050764910792 5.203265556108734 5.512591043502359 5.734445236951029 5.702938871564781 5.221019779778963 5.095527904606529 5.429084490215076 5.505912183083603 5.942091942826706 5.401633305249965 5.292032506284938 5.722891210970914
5.631118760014687 5.240108007070772 5.067131849526263 5.163760995410898 5.639838980835495 5.303072066483831 5.84344703221028 5.004440140838953 5.508141728808475 5.146680309613541 5.915228144598017 5.277601840396539 5.923712485537762 5.335255751207406 5.0854485519888755
5.487976694506191 5.690942175504458 5.271421305576094 5.153913759959758 5.110079497765397 5.3607410289254105 5.3377480628006495 5.59754044768471 5.219367709871027 5.455125913460376 5.1092282122425186 5.998256145534072 5.532252348105801 5.283925768443314 5.5609195565663
5.603071385129568 5.686046817678071 5.195676897727635 5.391397560823439 5.51122812273569 5.676852617563409 5.7307561675125225 5.810189888536961 5.374929369984391 5.9915455311541495 5.552026775948636 5.396157777603049 5.1730067644766935 5.119439627609545 5.216747645662411
5.923827151487195 5.570984367810612 5.80987032360478 5.823224622065418 5.375961952989447 5.6163486178752136 5.653852422643981 5.316657348958191 5.713210757523593 5.034435474878212 5.311132269759398 5.770863052839266 5.355447237352147 5.1881981299749445 5.978368002905771
5.276034592763315 5.7444638088104005 5.844219405022906 5.499835413146384 5.157416811696876 5.803966889023396 5.247685127229122 5.8589712597806445 5.125761832247051 5.590361438155417 5.6506360781135605 5.657229906294952 5.617650340277683 5.936601331390766 5.3606676353615965
5.58614305704539 5.022242749929685 5.431421217475964 5.581347859375396 5.829136570332692 5.710750355142724 5.64755457973379 5.800976464053351 5.791572592390655 5.785893442335485 5.135081959407416 5.252908436295742 5.550648660005498 5.250839778656294 5.329841984950188
5.018517701506049 5.941200400806212 5.860593227990654 5.19187719633862 5.672977934512001 5.249117547743906 5.263529346974578 5.085175870891263 5.984389193153702 5.070998052213691 5.166750947077697 5.137509446069863 5.068380102946346 5.016828120253154 5.1661629833821605
5.0779551540130665 5.573167767972206 5.58189100178842 5.570643565556093 5.3397316899387395 5.924158236642075 5.694770623602725 5.019413282262383 5.037265201687944 5.3925227427654585 5.160230786916394 5.942682663488034 5.2789421949613144 5.768785689917867 5.4589146534351425
5.947883348404621 5.160794159444082 5.72031263924118 5.140222649248381 5.027265612928536 5.70139896427291 5.490687581239637 5.350392138028488 5.077371269879211 5.9245720407305775 5.459320830519632 5.874715111073339 5.596867434900644 5.273960088976952 5.2212297435919295
5.440995018282986 5.586453431930233 5.552438936135519 5.2697868358215425 5.930757547220247 5.613029537317974 5.6192561739274725 5.069331052361942 5.575394271200454 5.720042793654654 5.149148300378479 5.289889061934815 5.176332169951786 5.366901777860759 5.860201222312428
5.242855907224468 5.881486271499611 5.862578744699987 5.751011860269412 5.1043354941394865 5.074666371201468 5.821994016414727 5.0527480100024045 5.341942322037981 5.490273011276154 5.018504358275158 5.797992213714078 5.8712187684898645 5.7525321599925885 5.631793250901678
5.135794625104488 5.859422540801217 5.156681941382622 5.2976876502561625 5.781149521396942 5.767291256415379 5.658938438224918 5.554902895991892 5.27714776410165 5.173492192473997 5.722732468527002 5.253442787341073 5.069348338869931 5.1618172119372785 5.880622666403022
5.24036012716384 5.7444496164795895 5.567784150203006 5.614454387477354 5.17080771247494 5.169131027930921 5.179157560308619 5.430748161680997 5.605787886854267 5.679974458212619 5.06400345793358 5.813965409031301 5.65273440617064 5.9216639067790116 5.560243938790442
5.077213125312103 5.281037348504237 5.408200899391443 5.10227954210226 5.998113413314926 5.101847976274723 5.390662361763647 5.983098186769775 5.526977753636804 5.839977651311032 5.155066465157953 5.354391944731297 5.785089955770583 5.945430742650253 5.445201326083797
5.252553381842275 5.032815745764516 5.79308860463398 5.307810373273519 5.2050258775762694 5.2804212290928625 5.701287859502987 5.2913170874839235 5.019332924538975 5.738896211905286 5.56351306310536 5.594311135331811 5.686213781493917 5.363742658294946 5.232150336349067
5.456307001666319 5.938643716165873 5.331602586079364 5.9192248427578305 5.810824882195563 5.900119198131934 5.407763548231413 5.7862720525046445 5.979633200126402 5.42843967166551 5.811994450303322 5.583968752559664 5.9770308693049365 5.215319071052609 5.370827759594052
5.671876797458978 5.814336414645131 5.437512051553528 5.456318821826629 5.999628797933737 5.047290382811864 5.771741059063529 5.454476974267796 5.663111715944554 5.69286641692707 5.883562579167877 5.2809768328690785 5.4626808549800865 5.55702525631889 5.079411598887631
5.767422637822023 5.485163227318703 5.96123530737698 5.671415775129599 5.578352421488192 5.107386013538995 5.833122286232094 5.746171516012651 5.687332715341246 5.976191999235929 5.135399533105253 5.451526646616202 5.339908866169464 5.458381059177794 5.647269688451389
5.619514928302828 5.861839728350063 5.773742769553932 5.183777413047469 5.528940155895975 5.632959879626107 5.525321956962213 5.441132055771144 5.877708248663513 5.040176335696235 5.623285752914758 5.78980805773898 5.58285841945975 5.247521086950587 5.662236948656479
5.50226993636268 5.855344785472365 5.176844382254403 5.656545433394606 5.098458066749 5.106972263364142 5.1796483726366045 5.6642454018844886 5.719710112731974 5.638492067442744 5.498724058293916 5.237273442410843 5.70058222659126 5.730713033968679 5.767669346296907
5.824298464102726 5.798073290119985 5.714587473589398 5.477029220033128 5.222121241323377 5.859044405851181 5.831581118317531 5.547714031615991 5.922598129303804 5.0591648937593305 5.212238602058019 5.89551505973826 5.734269464381104 5.230505101314619 5.098707408624368
5.144951229528733 5.371350673443756 5.209935706306472 5.516084845107889 5.456344630374578 5.797469559494221 5.586781571067822 5.957803949044216 5.7669365782076305 5.987510820642822 5.705718231127647 5.291876149523766 5.615020137496488 5.428154545230203 5.28968706050771
5.017659812926317 5.11547879810261 5.116172901626615 5.58764529669087 5.206925273284023 5.585785525736068 5.033274677976428 5.523255288200127 5.948338918118458 5.78343010736315 5.0772652099952715 5.923156974006762 5.881089957345463 5.708906563149274 5.211514512391128
5.537256392051351 5.451235537944127 5.452807422546578 5.158203899743823 5.228502121204839 5.853441002996849 5.621234391985781 5.305547633373385 5.405910674093893 5.2311440291584255 5.460650158578913 5.625162488060361 5.502140858156036 5.599772681092161 5.921459322836417
5.30298514779308 5.055706307098947 5.130499018791866 5.54902117581689 5.475613463287451 5.747954128765891 5.886111694583606 5.271460520349174 5.933674355772542 5.566227289162459 5.835942161406032 5.865557127761814 5.904797980116952 5.117166601695111 5.993380934400884
5.125158424522995 5.061003622705584 5.997898010642865 5.817371939638225 5.530974153776826 5.708780179156625 5.047889372605737 5.5983742426461545 5.526275548319728 5.71487002826786 5.250550414123657 5.409632477998058 5.339935729151776 5.096742045883437 5.031188279105389
5.346198415700625 5.6664125328563415 5.363965746549011 5.706720253339842 5.196997880046018 5.41168822198653 5.635175442979513 5.8825845522581215 5.399338862377894 5.144845197775362 5.2750395770983385 5.663578603104837 5.110608111071006 5.856870961786323 5.296627193812731
5.6478938468023605 5.4985049336531056 5.121448968866719 5.056789826883629 5.8074048803076845 5.899012928946324 5.776906913132348 5.835653784002682 5.52230972574396 5.320411361454816 5.804157322059197 5.736044657481077 5.234507520566543 5.881979922534002 5.162380051516055
5.964641610988063 5.411638215159541 5.167651949708495 5.962359739235604 5.963886566882489 5.77249881647753 5.1477228399419666 5.506805765668348 5.052149370887965 5.014589303712476 5.2758217688540245 5.407646180068302 5.199376635949987 5.605829935384965 5.603706750291697
5.202200852858725 5.316428639232985 5.55503208467307 5.273044227994153 5.633303915506502 5.96853535046543 5.4594922873359835 5.541186094640988 5.032858678986908 5.736778810175544 5.543119228680796 5.577059074730564 5.05397292989983 5.546235978982056 5.84479201365421
5.623631745036378 5.333736464822783 5.155392860537267 5.194187537194178 5.765027748998586 5.536866415392405 5.658666699027363 5.121103118594938 5.459203626528756 5.629860575691011 5.292350140555699 5.384340540537685 5.20121232722173 5.16596240910977 5.054017876547843
5.37750597726361 5.167424939170326 5.823155993645146 5.646412173400499 5.271619540313925 5.457684013710488 5.430572791299069 5.039050862507932 5.388217494768687 5.600214333660767 5.243106497628142 5.504278164510257 5.961669112244574 5.313217989321298 5.279696134529098
5.329204063333275 5.145718778072769 5.1274322043206215 5.1276516189053964 5.530956135764875 5.846803789583294 5.365530298628616 5.733560346439127 5.809893043991454 5.725486915888014 5.147097311498741 5.350726681200339 5.663905975762707 5.497381563184463 5.542013429163813
5.993761573791383 5.0566608599845075 5.486237152762824 5.730430321774903 5.462852044972797 5.283610790603991 5.234390910920391 5.044126539645325 5.243405585987579 5.711834386119206 5.859581270394871 5.0618799341720475 5.361178096238157 5.883232704888726 5.762157521522063
5.510596804489249 5.578657725824752 5.065343620640344 5.233009021110989 5.584288426608405 5.155391913103011 5.710009400472972 5.49007671773094 5.434588077393975 5.763107906421136 5.4373595463285085 5.680098344592607 5.009352417463838 5.045892083360096 5.101047594845824
5.4222781685199335 5.119993035814249 5.746356779340219 5.210407266377271 5.541860966918087 5.603535520028474 5.280637762780417 5.48616973922041 5.744128902721684 5.712005061272316 5.138229336776886 5.608610421334346 5.113129448276786 5.40958861765272 5.507078350587797
5.2804702499599125 5.4844809232496035 5.087126233388374 5.0800222143948215 5.5717231355350885 5.937892017655875 5.313834489520815 5.085570043117108 5.139237396969754 5.88256984403174 5.637767670226253 5.204190845920359 5.321606043205264 5.46748135771227 5.119372909747767
5.180685232359485 5.297897199929837 5.338470439061016 5.2365981830546104 5.623882996852288 5.468802098769076 5.085523715383625 5.0353621525097205 5.696821494683535 5.9696355230532365 5.076015756649875 5.915797977308451 5.14372459742479 5.7568689674085265 5.75355447909901
5.242533599602297 5.37451599487479 5.023354652189983 5.8970858149527565 5.0463731666856075 5.133264230819671 5.792123886674643 5.781206471483331 5.445095554500305 5.61387167080281 5.4146206567210475 5.656172062457873 5.052687765107748 5.754482725756286 5.356457519525147
5.474877314482955 5.569182281310547 5.841501657157552 5.092257574192017 5.334124118700602 5.947369079942739 5.484773769871054 5.150872697039668 5.668782018949073 5.0180048122753576 5.48739781437549 5.353244966000721 5.839984896943572 5.221742865744128 5.126802089872522
5.067404697846964 5.3922970736498534 5.143859698680789 5.888129962758145 5.868574889538893 5.919820154689185 5.876954675994644 5.7466452862472295 5.3370790146693174 5.177502267704309 5.8471517943416815 5.682781903970345 5.8527246041340995 5.801449147464364 5.630933377228699
5.231625533226186 5.151563024050557 5.760826588464168 5.462587641398296 5.518030479743582 5.099401138148441 5.4539823348857155 5.586353195965558 5.409237596865683 5.606167740640884 5.182704331979112 5.342695316628738 5.12877401074212 5.856214340054052 5.591072389761797
5.8947505683019905 5.918579210588902 5.061855870939266 5.539147641411803 5.798827330363606 5.110716164251526 5.76093410125762 5.796785003133074 5.201952110441967 5.2756901492833075 5.273912534131103 5.889141886209545 5.309802547965801 5.951311869318768 5.311988559758516
5.402995370927798 5.909969689439603 5.824206242465982 5.884934857471348 5.071770104849602 5.158343763214825 5.1354810076286 5.595859009665624 5.997216966893099 5.5405192626102036 5.512734704864789 5.129796418969999 5.436972573787684 5.905466602985871 5.392496714812193
5.24402831820688 5.689768569435926 5.735319233917575 5.690356630046752 5.850243527141132 5.743847926592349 5.362976623531024 5.400453983219837 5.84213865721302 5.51918607997788 5.678325122452371 5.36166349482811 5.166778558063732 5.730402027455838 5.974230404412746
5.514725318897298 5.264014866421796 5.624785048304519 5.9750563136613595 5.5927333636352445 5.405487481076523 5.108650851700735 5.763317150219688 5.336809270457512 5.653210052796261 5.065280405260287 5.27417138296857 5.009453409582943 5.1274674117532655 5.988983674330528
5.262816837082982 5.189978396322681 5.024729169508716 5.412369593941116 5.166448380846409 5.579594836319963 5.358510436861609 5.987692632978943 5.0802914513759685 5.8181327338976345 5.709587186234475 5.498185294262048 5.146325786666732 5.120046497033397 5.366700123646672
5.5215751972741325 5.013665156449844 5.874265135983818 5.114857914782008 5.945524058711804 5.671161183491642 5.220613480926322 5.585576786779111 5.043515499213859 5.875650061448041 5.014944605050022 5.521869975043763 5.359757002017578 5.60336311526483 5.525786821999191
5.530527992364041 5.222951034216042 5.4373735249093755 5.667224013020936 5.89520568962272 5.311328989191856 5.570552932694076 5.565890697307006 5.806060245690722 5.325130799199504 5.151363525641754 5.78437838935371 5.925159697592809 5.487752323123496 5.028912603375788
5.579013351479126 5.551608438976925 5.293071205995929 5.564047981422394 5.156879919194465 5.776313232210423 5.644001458141277 5.064874763460978 5.015127898606881 5.923538938732632 5.28611594820658 5.57792462996275 5.095016169661034 5.264880368747418 5.23021465875575
6.220311425997795 6.663809335143433 6.461003045459227 6.679006286464657 6.9735575091562865 6.549557484878216 6.4374823288238625 6.8256092268651365 6.876377362479704 6.5969540266797395 6.433296504143126 6.775367565138402 6.851556434980446 6.98688001565776 6.774006631698684
6.757516194279401 6.981164580185008 6.3679077861742215 6.516381895117535 6.739518790514274 6.904695447015751 6.58495058521968 6.487206515794776 6.5344410516941505 6.156324023595515 6.15840908217149 6.396229635905388 6.500510927033099 6.680326895624838 6.566579625879116
6.641697741291698 6.972056418419062 6.467810885227136 6.814753233817392 6.146634207550301 6.6323006894644765 6.243247088600319 6.736348291237798 6.065008323722394 6.141033305948905 6.395909691413126 6.964584138656335 6.4791617458305035 6.463965614252201 6.899169657234209
6.537616388586259 6.273337884723963 6.515616827527781 6.789695332305921 6.655719740195415 6.212885111673713 6.923867150663074 6.888963550545016 6.196016856076248 6.884682683968986 6.951852880134771 6.841086522013222 6.208417326735902 6.561562990949843 6.871667473015496
6.213810916095009 6.7658435262270284 6.241982653348976 6.374371941614267 6.363647642067484 6.2224851888315795 6.085918847386853 6.922106717367296 6.001441992200565 6.145738086589541 6.218946564491689 6.300636248608847 6.911295521199657 6.930646421400668 6.408676494853473
6.014446738819958 6.073602769157028 6.380082569350162 6.431211881651852 6.5815565650732095 6.5220670971657535 6.339561807632787 6.040008015896572 6.231487504222853 6.624911851376997 6.812503884195094 6.325494961670489 6.987384859181082 6.122104491245372 6.849917295046188
6.911050740622839 6.6220625517107425 6.173262702746543 6.907896048214258 6.86938869693476 6.517789180359998 6.875013552919433 6.2969829039791625 6.463149199077032 6.030919758518038 6.191927595339581 6.809367126354637 6.814462927757384 6.565016733890906 6.011752189279447
6.603048929048153 6.39047841102922 6.1898934983258025 6.083519346937343 6.946516439344394 6.755324697755811 6.309051809885955 6.926204812347023 6.483145893876864 6.383704851006349 6.574274660552977 6.405967487868153 6.261448747123903 6.457294013926344 6.973674333113401
6.571598868678672 6.895454499608501 6.472341236413688 6.77828463519954 6.5106644434255365 6.868931419190448 6.175351626199833 6.822325861846358 6.442920149513058 6.177811617723509 6.81345133502051 6.413559459981623 6.002938797062962 6.217101009320049 6.937015032066519
6.0226886457421305 6.680482778780518 6.0617188433464175 6.024361304733983 6.784550643148213 6.685011123765711 6.065125283326122 6.011799034792142 6.758884533675947 6.07981018235124 6.00525975642171 6.407033337252519 6.844748612850311 6.891589183126685 6.844227124768976
6.039916844746051 6.220199587405006 6.042983345623847 6.5363319971604 6.661758483601038 6.1876352244957875 6.378258430913211 6.2184765833426985 6.542878402540715 6.345241095129085 6.756612819292978 6.547600698017994 6.9378243660841505 6.076271463225305 6.1728242437709016
6.9117570959726855 6.788641593128418 6.450432594954481 6.131590161999412 6.734579177439848 6.318814200174292 6.765426795294326 6.049762017017305 6.117312272010195 6.233973335028326 6.121753833295532 6.289775704384432 6.618243489788671 6.09019365788528 6.620156014923891
6.537931463116158 6.056279741943786 6.0166760275652 6.998631469386142 6.632778509516481 6.843586848448881 6.386841303244315 6.784730390582503 6.621711218630931 6.501617708505395 6.2203362136330895 6.328886892142042 6.777984751110134 6.6955201812464455 6.068179302776259
6.405828905107732 6.545710288414152 6.333831094471635 6.884251276141372 6.423647519339746 6.8969910625082855 6.023525215158522 6.918560402383524 6.6638959242432865 6.383212218764355 6.444903186808438 6.981190839391994 6.39112756537331 6.24159884687956 6.016466222791655
6.520567538259287 6.116571825607657 6.278508550658882 6.556838978555617 6.8356486413912 6.778184878522865 6.8925258110292065 6.518966730745305 6.398882274383043 6.108102453283501 6.523277631058899 6.771226711596473 6.705241585597491 6.9985597669408035 6.015991078353951
6.830757359592371 6.282378352279804 6.2486339523956085 6.877165087525711 6.9162237397526685 6.497911849867846 6.676702213123929 6.163330210394267 6.180401132846369 6.582096582844887 6.217298990427652 6.792722200606904 6.0073728353698685 6.847588619542878 6.286093790958177
6.3987959486221655 6.314802551306814 6.432757343563838 6.393000852590342 6.454858561187792 6.388655468616304 6.020965404389373 6.710970439235109 6.29070168392081 6.895906464678661 6.895466873676542 6.066801380738275 6.794964852385948 6.370187951691756 6.3780494392856415
6.610352279066888 6.051062966205148 6.645993312528824 6.169273801978411 6.239819414511458 6.88986265727433 6.428967178334799 6.359139255028003 6.713286964375059 6.358894262805524 6.432976565309974 6.909231794333902 6.2605454583296405 6.405736871240472 6.289071679462444
6.220886703077012 6.424212462307234 6.652316419624537 6.737109183383765 6.998625075970222 6.805479285069494 6.997207448903893 6.447724568867839 6.9940997068862325 6.3673459539226345 6.924631579203649 6.190504634201071 6.373012529361958 6.956996475724249 6.821696489082298
6.96362464370252 6.385942150292066 6.749004625340759 6.309521523799895 6.1308795016382085 6.743747145126225 6.382350270599713 6.579246977946786 6.573951684677683 6.599186616813878 6.666765017342366 6.9905259666412025 6.360923160591507 6.318626578893136 6.867714828203832
6.737949544033913 6.4564523771731475 6.2911770385434505 6.7443668749804 6.219956692405418 6.554701453971651 6.867331494713648 6.711176304636597 6.855133165275241 6.203013054650667 6.145156737505005 6.721268023629026 6.482404032838685 6.002500061266987 6.729307678937578
6.7285779017915415 6.154476576592967 6.821125514196924 6.776618567987526 6.875756131071998 6.087992047944823 6.635514294651566 6.611748180440744 6.87612528972506 6.769195982946159 6.8296520981422475 6.947333380338122 6.4105242024335025 6.730538205757355 6.521791108664629
6.275332005026423 6.743658275833285 6.311466012640693 6.765296328833349 6.309712687703696 6.179615332276586 6.795774355808945 6.27482993277746 6.455375165394659 6.422495580678186 6.678229702051927 6.666185566177548 6.154162374607862 6.385643583024024 6.454784781859296
6.0662484779527714 6.6160507560656265 6.501758213123019 6.253553738768071 6.348971356638602 6.88208314258587 6.12619690890753 6.827817987435245 6.1839196124224465 6.385333996211649 6.197078475982132 6.917685670724688 6.545854487194027 6.177174226290635 6.918328480510104
6.753628051898181 6.326985748361484 6.768328753321858 6.865600191702816 6.5229687346435785 6.2179403309776 6.097696738394358 6.580042589877728 6.949502247845389 6.079156976244994 6.4866315130058325 6.411176933415035 6.746771063500551 6.611331207544301 6.562352483794808
6.0976814987157875 6.597130750109914 6.251698993685297 6.041389434520104 6.333673977526609 6.4815851871056545 6.872361515844749 6.952434936726871 6.358119342591214 6.639475000505643 6.037517341207483 6.347708092245383 6.426280740847927 6.1724541459361095 6.288382668320173
6.802908377750662 6.874669520710954 6.323790774649047 6.167744133321511 6.038066116393107 6.374739664292925 6.761880691099079 6.470503025411445 6.8050715191383215 6.88561157243902 6.7759624032455825 6.5122332385556385 6.782391878683779 6.7623977771492045 6.152375465881398
6.044690089861212 6.593461816796489 6.4542441116838045 6.6413041122157805 6.8153706854051475 6.222459458627389 6.234987269042447 6.346800768423285 6.6676405698845755 6.03965674509251 6.449369678756849 6.076985060708927 6.508606076497811 6.368259431029203 6.829041474951366
6.676665694115615 6.433824758474084 6.025628433887037 6.535118177692309 6.631234019027596 6.7911115569620435 6.554001166458799 6.7178521757152705 6.778529607435043 6.990111486114994 6.919307549260303 6.549014766078888 6.794480228258039 6.419974290662552 6.3014025801864175
6.878874760951488 6.228669317133485 6.924380012220176 6.225013092906238 6.897198768535927 6.257586435783779 6.901329191455098 6.6879239095658125 6.436487298385773 6.996167090760751 6.244524807086815 6.131404113440391 6.845699622446464 6.162330492015182 6.023837527849064
6.0676014777193705 6.684009989457715 6.124574889887411 6.014259746146485 6.929609520308087 6.836676211012103 6.879291748381549 6.925918096075381 6.242137703129766 6.038891047753688 6.302311984358452 6.462127839674091 6.524192626838154 6.2085259275186395 6.098298500357452
6.138137168544343 6.429903990996722 6.434965323667172 6.231951304593038 6.130122848363903 6.5096061437420545 6.948769460798832 6.26659266341579 6.292163279391557 6.630512192268457 6.905691927905822 6.958551518897592 6.878328811080635 6.534794361362469 6.358617817144621
6.6598680523391804 6.437693150954085 6.232611273656952 6.3622771995968534 6.567190515182485 6.8119840810629535 6.9285983686310395 6.758127710216207 6.621338399628064 6.1587552773604255 6.96256544334017 6.820589070444439 6.909857087785016 6.4473758000298105 6.80862092037945
6.610851543627661 6.7539914312831035 6.930796925184036 6.521669623151737 6.58076922284477 6.271856411931438 6.682971190400155 6.146206882919931 6.69688828911983 6.1011851878543135 6.409961298312026 6.509558981347767 6.113449264775817 6.137886277904057 6.3921920048583605
6.510195757780666 6.213241507351931 6.600742961188549 6.595960753638594 6.481468513608906 6.656477133102917 6.46793982390836 6.704238178199772 6.462102369974376 6.930390717365081 6.347702893206767 6.059952553964521 6.236998931881854 6.776060044974781 6.143191121308
6.289367162249763 6.8253820195198855 6.783982443705526 6.450878793407229 6.678823216075647 6.688045109488768 6.39623014189585 6.492020044126597 6.215034951537798 6.301436398661771 6.530547110007903 6.5183879904580095 6.567287918029893 6.90354351347215 6.050539183402437
6.05633253061502 6.189305273069297 6.155016491551532 6.346148011168774 6.057303005543024 6.149210971471708 6.178694626734466 6.359888487082699 6.008332408012791 6.257933059635527 6.941678602373173 6.49686876387875 6.322582736165051 6.559553860256386 6.226316738786043
6.990400345207992 6.8779011937760774 6.271528493739791 6.499949989446963 6.460045370785896 6.400439885915884 6.818356799049086 6.837987368430799 6.59523721157318 6.500742096554973 6.689207853338842 6.680860065029751 6.125149067090744 6.5613006045886095 6.468160529247826
6.612628451334201 6.494274970769872 6.347444399224548 6.535137453928386 6.537493765005477 6.953226345615912 6.167512545150879 6.616273866311032 6.600191756968683 6.09553623331284 6.643624409999463 6.5743768362152135 6.947222951326685 6.223802485612866 6.670957994858195
6.573294200126659 6.958100466715238 6.312290482933676 6.941299424706933 6.024427605663521 6.889272414147806 6.748154511962244 6.485727683529049 6.529286231535443 6.968103608584412 6.479726609679987 6.051650953303075 6.368894080608553 6.850276507874363 6.677860111195924
6.771012172130076 6.959025900776183 6.0111990642685935 6.525104737090592 6.49933300550692 6.089661968960609 6.08048283160665 6.287528766273437 6.409366655661081 6.697715543474209 6.348281866340546 6.39529312295417 6.908482456046906 6.384001297247769 6.67325911486194
6.860621122450791 6.7155054948922155 6.8785762688160546 6.804173776981568 6.9955966619422085 6.980587023623823 6.183000102593033 6.69055953278924 6.057263047340012 6.660782839934397 6.173724228830862 6.7026903668653395 6.143783075097515 6.974367548808899 6.037734716493437
6.807006768222842 6.392960658267802 6.648515682546993 6.029736736168594 6.650402218880176 6.293213172908103 6.847830619071063 6.6895832925579 6.195246141646243 6.707122325546157 6.125305126469133 6.839314593821813 6.016745916522201 6.028981299299469 6.472647890875938
6.391088518830053 6.625227716630747 6.750294066324427 6.563512756571085 6.240446884753722 6.208141493796232 6.590972350725631 6.581018328413951 6.293776010390605 6.000073201009212 6.269014777219883 6.600047784353334 6.984484428417045 6.083772654657416 6.927741514944859
6.3551695375367805 6.469334404821929 6.801183305480112 6.217197087096941 6.366621768633402 6.064528159577023 6.110685507507798 6.035122937395975 6.819654645427504 6.380563618976456 6.165242253242499 6.9729404197531215 6.2966265218928505 6.045538763082968 6.10586269647559
6.583473824839556 6.446600658714518 6.868497386489148 6.565775303522707 6.689682547070812 6.943792127784355 6.787573678440625 6.662928742046562 6.0874598887061495 6.6340648325109735 6.972106333309965 6.321916019846293 6.160595648698204 6.597780777128835 6.0035578450826765
6.611142928882901 6.122288555859441 6.967655243860128 6.146987911862243 6.407039063959669 6.825133255675999 6.731872967922939 6.342994399047213 6.104336231401824 6.340296348405376 6.425571751891067 6.6994493840477105 6.279915045089234 6.796634399547077 6.567902290776911
6.9430214758946285 6.187448085958063 6.2917962716593125 6.937223456208795 6.502390136451123 6.711043466212798 6.039891053793091 6.293594861015406 6.638221546639634 6.9383197907751395 6.304091887573682 6.955579305209749 6.309389540317 6.826820378987487 6.077585271091536
6.717469939236257 6.270589448979421 6.532400200908533 6.922564099002767 6.9534077646810495 6.233406602398551 6.844196558040909 6.854502200094817 6.39645771960335 6.7910652351208505 6.828020521737383 6.6677368676216435 6.003561833296083 6.206497760812288 6.21848270941224
6.638425109553411 6.521390775514565 6.094038393368486 6.31989405453236 6.112228270855505 6.853465799652485 6.4869589602397175 6.17695791873078 6.086618968563036 6.095525089766878 6.776229333808336 6.558497407023696 6.531493038680031 6.153959871002915 6.530298189246236
6.860937563345986 6.856808584098112 6.191247360025236 6.261354717600882 6.382989134275719 6.632262893692645 6.752659031071788 6.790445113247542 6.548956916348268 6.391557554038761 6.3201244396620995 6.981982646878107 6.565322404748266 6.112590663951951 6.211982190053149
6.26760335259434 6.683726838057934 6.754954387030892 6.201451329102766 6.559983974383156 6.713207649400743 6.0574050507787485 6.962008066139206 6.869152523593357 6.675517477447746 6.650512099540728 6.464453987525308 6.176986263937385 6.529581632257006 6.42348149202469
6.748314003235768 6.90000553978142 6.704626669649113 6.999187306167171 6.069303178884567 6.576236251091508 6.776238997144396 6.1177360551560485 6.284953888542617 6.248827836785182 6.9955889296556535 6.7064251955297465 6.482095540152639 6.387277297792705 6.53928282588263
6.4227482551440715 6.272731486413761 6.0865246215802635 6.285781422900341 6.4971367579728145 6.888958346515624 6.714848085305146 6.644050195580664 6.773419038605393 6.192925553341274 6.143402608316747 6.461083192799588 6.947514322127664 6.984433781439462 6.183408644335044
6.317169069151565 6.138670402878693 6.536622595992255 6.881411976446315 6.581243914181756 6.0925915803086665 6.119299536521911 6.878700286972655 6.443402841979608 6.512092720117712 6.379814076726883 6.12787551250688 6.767618177021966 6.238454807985608 6.842981571395242
6.8777452041262 6.014938752189792 6.265445974316495 6.46441392107649 6.987110589343625 6.675922008984967 6.858010913415997 6.125715314704312 6.308692449522335 6.620776216683661 6.36892143583239 6.1953525579149415 6.096350564142664 6.526667410229937 6.699218985426566
6.795611784625105 6.1319162751138006 6.07387181448167 6.732069690750033 6.213904084409731 6.542371673739356 6.915931422714435 6.4846915044189855 6.9757847981897 6.083773248396256 6.523696539951756 6.169301497497775 6.4574024810122514 6.005231792510642 6.879115991739145
6.831571400301262 6.556695189089199 6.474424168628985 6.651862189025363 6.743867574324292 6.865503163099873 6.945527243072135 6.930354687485206 6.270591204376242 6.988868881223419 6.781127354022487 6.798472642541609 6.494223708090471 6.143146427828617 6.901573958034124
6.0502227454514355 6.4932206204497085 6.931144566305523 6.228409145524329 6.1168565745447445 6.796687399743001 6.240378479312039 6.2129191606854715 6.844406500993832 6.205808680233112 6.539607437909626 6.796518355728439 6.104337759457497 6.868292131450955 6.459186955763565
6.736589780903172 6.3459886247205946 6.21962689025981 6.43236528906308 6.349570471286314 6.106699289888616 6.163745791146777 6.34750654486033 6.37248422864199 6.184005226494468 6.655719393828823 6.615322971286082 6.824788106377314 6.643997722535039 6.670399212793074
6.790551618416354 6.464313108002565 6.090931316752036 6.39346644343628 6.904111887258748 6.674243910497326 6.65538368000381 6.35513131596256 6.959631390666724 6.392495799706222 6.971750625836542 6.141767825606734 6.627330298951442 6.000512167352616 6.0105851569821835
6.267057004218254 6.028604523800022 6.925418636535924 6.007266217899807 6.7617517065700925 6.646251041442152 6.077635295568722 6.88570939547936 6.049963940802791 6.818129005415641 6.145461353702398 6.514308026729678 6.719916010082914 6.976152759532796 6.1988116295622815
6.851020195966481 6.868384756004751 6.777863781958981 6.016197650453627 6.535493608497554 6.800607937400838 6.544430817804008 6.04221047521877 6.76834625346687 6.001210618446343 6.9667781590756634 6.9071764927326615 6.381198454849276 6.4567482415120185 6.870644440804552
7.9963211241978644 7.8457773034667015 7.606752687407426 7.941725490190673 7.642690119861787 7.596391960168212 7.42770623071676 7.703655973244578 7.1362414266286365 7.4473041062824095 7.413157385880816 7.714437261111115 7.8909351540900445 7.074995289576318 7.503232076410331
7.901018794537123 7.792313030699376 7.505058361850982 7.338082093430226 7.187093786484685 7.959973066554754 7.294417681086237 7.562352392703577 7.085769844612317 7.902508628133948 7.631809142372995 7.291537340106829 7.726627812177051 7.316896078119081 7.892926973984804
7.266135521177265 7.865783407107395 7.589978127794935 7.2813719124228165 7.665801571504555 7.78791732135664 7.396605098813591 7.062511023520896 7.033232510756535 7.650842039801735 7.657159729704855 7.554586299272714 7.266315199509486 7.746023756393649 7.516605478870013
7.479886054748307 7.177100561277513 7.352581067432046 7.93786217352517 7.498518988519121 7.6874596139426705 7.347631812800716 7.9642272868338795 7.748308190913505 7.333814466247041 7.502462847131889 7.698724454159353 7.9965480493188075 7.387127921805783 7.441847292993575
7.572676014404129 7.572844499811582 7.559372935126299 7.57293710987193 7.531459136958691 7.596984743948262 7.963993365000453 7.900508930229967 7.352320207419499 7.1417597562473505 7.725405770223508 7.5369435657933845 7.427285721659287 7.87788928245622 7.391381654239441
7.888170826967319 7.993622019497341 7.436675196969685 7.092188040919034 7.950912994854656 7.974960224781853 7.195736614375527 7.211653728814047 7.891911425448047 7.3081172697010865 7.444155399160836 7.187867759299291 7.096423211849303 7.873807034741948 7.915588591604437
7.945004889363286 7.1711253492791815 7.923850888983272 7.491379774915627 7.372813177571023 7.9656660452589625 7.203159634085401 7.470428706182222 7.2165866717481775 7.537454533004091 7.801674329329767 7.17855468613242 7.717985890957404 7.125881502932506 7.13961617604131
7.847315744519763 7.355857863662098 7.625014732563822 7.388810887407361 7.630722590294371 7.076246127217843 7.747915599331208 7.063516189432384 7.348012390446676 7.4720706371997805 7.061073572875519 7.47609549428859 7.041624348222712 7.475496384141196 7.334057935374797
7.246044972829769 7.721745364504776 7.259798280972296 7.197336694812025 7.0752949901111934 7.732271037225371 7.21256975890139 7.930315259759015 7.558371348495059 7.017753034991898 7.038410572045816 7.311997867237473 7.8829152191792415 7.196881572086024 7.276769078471069
7.858277363549884 7.894225597766949 7.755276946624844 7.779403234038601 7.442709663635878 7.146901195331324 7.858842082436101 7.981963152630522 7.251731499672387 7.247323524106755 7.258653284281851 7.125487722819679 7.260630770153216 7.002636620928783 7.509343773637946
7.936146519537869 7.933181567340072 7.635042876864347 7.255160993364855 7.655347331658254 7.645706085005743 7.594648897530653 7.65135504835831 7.727368699923896 7.415428424406622 7.309758610969958 7.083282209163476 7.897966162741096 7.873336160362776 7.550426023367018
7.221584444596998 7.954939367130471 7.063367306915589 7.949242925040792 7.109031634804614 7.850437143171492 7.572591885886378 7.622751597633837 7.413090606934118 7.484815694925071 7.701158919995019 7.767536679767726 7.198011078963138 7.003155177881573 7.866130987387901
7.56696391693899 7.571195332670699 7.0580779848365305 7.199930380538812 7.737698072015827 7.34084520432168 7.126301908144235 7.351972291937893 7.569545957617329 7.385356170396438 7.631400006307939 7.831161927621068 7.367835099448758 7.779655063033472 7.32152816066592
7.837284221130624 7.794451879067195 7.84965478402269 7.078420263170462 7.420916199483437 7.721827966782266 7.233225269010552 7.092740429286572 7.984343724610046 7.863576864177901 7.7145572394395066 7.130920120545133 7.590065925986488 7.6261476630030165 7.068521435445353
7.439897586026749 7.278821884590453 7.337775999055901 7.4026024938900665 7.688715758185042 7.6156763808797185 7.2541770022190075 7.516213854047869 7.229724200761132 7.980552217214138 7.514838970866231 7.61067541658464 7.877169310670241 7.69869889726662 7.5294402755214485
7.277863858141887 7.3472464054880655 7.966938519877495 7.110826427557953 7.071520419481773 7.481226138116056 7.673131723564207 7.039147977887673 7.122428913157711 7.382056943244692 7.62915774647549 7.641174398310609 7.197152242825649 7.634884176403003 7.441804292365418
7.399462586141625 7.3197429884235845 7.853215464297204 7.23131476714653 7.567973207066265 7.576819803003986 7.895001617685 7.673941395570639 7.263891933957879 7.008628052627549 7.226690195565708 7.392705023458866 7.52982667448712 7.552179580260188 7.078349324669471
7.549663345647334 7.416216063068183 7.847293358610654 7.229247455695141 7.603341242716569 7.22069839088057 7.342334744396741 7.490813983556899 7.586578370514879 7.639354312723314 7.543678456720813 7.212695223688135 7.9329006321081525 7.734150907585739 7.441396145826305
7.4276584810897965 7.83362368699203 7.301578265798926 7.113396401222541 7.572386823729342 7.343248694024133 7.439384308988414 7.261221735185936 7.073745622357356 7.967311135225665 7.8514773955545625 7.96293317094825 7.473891254492068 7.2646960758160235 7.705480303231049
7.24199021849591 7.182631533244732 7.075534109610892 7.66308330710599 7.1457598655438845 7.391736158501511 7.346144334552724 7.040258196927206 7.903265637738464 7.163434871623787 7.164091586664757 7.922558903529972 7.389013556933561 7.214129877889055 7.539277424927592
7.460148839793055 7.558208765794327 7.45438819862484 7.671085679889849 7.497858705937761 7.73840339460887 7.91756870387064 7.926954515200662 7.157492986461671 7.663591849150128 7.311977701141458 7.524349214994041 7.9827668437009445 7.918997956126225 7.065235699228428
7.955961021285676 7.781670168843337 7.028272713974458 7.394577624358435 7.527059017895157 7.356718370471217 7.759550314758064 7.633097193678191 7.9842735756251235 7.9004644443412095 7.352784672118105 7.769485508597443 7.106691684548312 7.951810802157327 7.278016748626022
7.917603309049918 7.302995515489138 7.45807300152684 7.822698399098443 7.222264522215255 7.712477860300842 7.6684117932710825 7.2759258240322415 7.528898815329736 7.043118972419893 7.296164428169164 7.728411944952006 7.997299260520537 7.396511298623645 7.630769169802844
7.539253531447766 7.723450383918 7.627269990995158 7.054392287945329 7.334025400192512 7.348471205586538 7.363668883386075 7.724029719326115 7.99346127392939 7.579996636009188 7.676592646873953 7.0167705350554845 7.467956042482254 7.5288598667483955 7.525498100590024
7.704072874535277 7.410352557787297 7.772727194009489 7.532928674254332 7.72031715067739 7.557950657617464 7.098376266048969 7.343227808454215 7.821565728168985 7.5144047754929 7.945597037040191 7.806448684464968 7.392371897183617 7.083150957293125 7.67823472136668
7.495059037633507 7.151645269654102 7.586232489442774 7.941682226881699 7.6088914783699595 7.532994775222859 7.6658686009833055 7.531169196608509 7.152891633211321 7.070634452786057 7.910838077576872 7.39148355127546 7.382567169230108 7.208851236050343 7.275725751853102
7.5963006559893715 7.903643328688961 7.571198215748486 7.668306425138386 7.414084083883407 7.485281162592466 7.874990533043161 7.268817770895775 7.8575614161095215 7.60031724987446 7.357345653006119 7.114599605529841 7.4350669619530265 7.9413343298717685 7.790923257334942
7.234554135673385 7.174582999906449 7.677974267531363 7.910684572132483 7.150107988683627 7.375099746066125 7.01875650415197 7.347404583066717 7.872833629060958 7.9549534936435045 7.719766278646464 7.969334895876696 7.623613861462575 7.713091521458358 7.542928836037152
7.870329185232005 7.374210517671836 7.296750948264595 7.308187036342588 7.110906777452472 7.969323946354728 7.177828904121911 7.10675178790275 7.718144422668199 7.025707504593925 7.480258699617333 7.446696079304216 7.380950209728594 7.024626999835457 7.071997520960361
7.587514565146674 7.739187592710094 7.014932034553464 7.937769215929211 7.086872969337909 7.158281720632482 7.126232764902365 7.482494702524979 7.630622651032561 7.405353976717498 7.655151937301709 7.080382578007169 7.546257097362675 7.698595136611774 7.832348600717167
7.880940173668354 7.010339370384623 7.188501505344509 7.5039870096928745 7.610705775862042 7.852030050385413 7.047761939410354 7.868549773287326 7.868290607304481 7.027697962461793 7.995998680806024 7.0983722316761195 7.2003591283939326 7.295696433055921 7.266228056442686
7.144999975990817 7.067464521137367 7.3557402298316745 7.731821711668922 7.278449611550664 7.661196121598688 7.7339194285514505 7.155912990002508 7.942678220338976 7.417883613515303 7.992238161615604 7.2996071025427165 7.323044154541153 7.989142904876328 7.420667595882314
7.931017626400859 7.616268241097715 7.375836861810678 7.230054650079403 7.614066347101121 7.369380778679009 7.909563569538233 7.405828555069185 7.524147069853717 7.411366816932386 7.774573665746982 7.8052997212928705 7.437168422916937 7.839698066927653 7.803057590654967
7.785446675681782 7.469154551641606 7.243667098542503 7.3480322026106775 7.633438287073873 7.105496729091117 7.8474153293600475 7.140595787309548 7.338740204122741 7.552112930724794 7.537773457210324 7.17210931402251 7.793505935797648 7.465186574940365 7.805509125096767
7.806900668307988 7.3370545949690875 7.6718196798742415 7.473303655156843 7.527378113557664 7.670588791638902 7.580849450942182 7.709755427240409 7.940977823885709 7.559908025647473 7.601242029964123 7.2359351561030145 7.937159657241076 7.416723862969785 7.0348903913673855
7.819493871087173 7.172704416726167 7.803285613886451 7.591308173936662 7.121051414682663 7.384854769349763 7.140375976536538 7.883624682150776 7.7085701570927405 7.384381067751857 7.4153382054632475 7.008450897611291 7.587644359607849 7.964442507109526 7.484647651082681
7.586600022264285 7.909112966916891 7.376153212355765 7.6446423187435055 7.447310082741261 7.61012978095111 7.468051244959154 7.50437817840488 7.47553074232057 7.620801545980345 7.064208662117693 7.836177374301797 7.009999831091533 7.925731277651769 7.66450883961776
7.0022879749367215 7.579249704383655 7.208280303407722 7.090656918682298 7.760176460845255 7.693347124327644 7.025089527764813 7.272778027991732 7.734324836924989 7.871084971002317 7.459376620043006 7.973997146206638 7.609006817882175 7.075507686532991 7.98375270892289
7.884183377595883 7.144367827017533 7.255066651375986 7.826778178158468 7.179080684330176 7.447236442820139 7.743365658670429 7.482204689968875 7.337335889371232 7.538445477481398 7.857370796602014 7.125825891784775 7.735474330072217 7.150042935880276 7.152123131785236
7.6120869627906105 7.299661669431549 7.858624462553394 7.439406310707628 7.411078937547721 7.283130918810223 7.115120834050034 7.858485962000817 7.316270689446089 7.059440881379798 7.466724747138937 7.998951071412591 7.004307927686414 7.6742732613806455 7.283243882737184
7.318851966258278 7.560435124183347 7.782263120055124 7.598017789044441 7.875743786119433 7.896572658083134 7.510397527871457 7.252638175972493 7.693907795191364 7.5838086289811315 7.735805634418376 7.395063824310837 7.927937575911579 7.997040376122132 7.243302783348519
7.522322606373179 7.351040798154719 7.826728475159388 7.236840458480399 7.681844671272448 7.595821582088274 7.951201276879097 7.719052415907718 7.149573010200014 7.0059720948406 7.38267589555479 7.324376915234012 7.888348045655921 7.919216967996219 7.501137015996335
7.293774050536248 7.356665875025488 7.695016952435154 7.072442259435392 7.412845470537505 7.785759874497492 7.82495348402693 7.610498791283213 7.90020412875927 7.872058271017362 7.019379062728978 7.488083035815304 7.429229454064639 7.942420772556627 7.250832782275272
7.826851191178849 7.6938833377733715 7.0411598808056315 7.352884542461632 7.604315588706829 7.188050825434668 7.060702908234033 7.922484864794964 7.604037862927689 7.15790901688899 7.991853781486618 7.954562348172338 7.805016866473919 7.008115988547289 7.604963549331913
7.849523799792471 7.557225533881079 7.795151253974461 7.3899218015781765 7.177476921385972 7.422477751530716 7.824928316523786 7.380731403905761 7.857409052442171 7.873282520731864 7.786838300534943 7.569531113930288 7.215219688351353 7.137069722767113 7.3026734573345085
7.975282411624039 7.721418601917111 7.34914779070856 7.246418070272955 7.0739378799544586 7.077465341919624 7.834980604395658 7.69968330020297 7.219760542091458 7.7191400944607 7.780847253428481 7.947601640336397 7.891564658330269 7.735999552131522 7.771675180261622
7.491285708497423 7.083000605729517 7.667886390358158 7.6758130419625825 7.6554952593305 7.922607445706538 7.632623802133283 7.138737350453008 7.003945280802001 7.6572087901322075 7.763441627973215 7.5111623351515435 7.439726863255955 7.461328861389779 7.990344212056826
7.381749780615668 7.5646022235265455 7.145657398499294 7.786544125455951 7.010592038519369 7.59847350659209 7.729193485098446 7.6192501741438585 7.866867474941147 7.9191149320233345 7.012549987352856 7.493512250737874 7.1625452127223825 7.072295955556547 7.744001867226233
7.15848907315366 7.743741275386483 7.923713132601824 7.705213208776128 7.257419781585803 7.952305931958322 7.476686649594633 7.060179257945806 7.945743667842821 7.102447978863916 7.763367204761378 7.608771532028558 7.276226744769598 7.030678453822845 7.132237255778036
7.165375328727093 7.9556180424782506 7.772082814189393 7.2009805583848205 7.14346103801746 7.914272025147331 7.791907181872473 7.7213321488259865 7.568531297679955 7.498338443401428 7.358670858769133 7.6113107820703485 7.164738871262079 7.993534039196737 7.583493652558564
7.450274019076791 7.8645704417227185 7.620175423695242 7.370053591298542 7.803526176574311 7.076344013839229 7.101065890456395 7.02056663291058 7.845747710154821 7.310868548547418 7.396993424706896 7.525406780473135 7.8863037546208465 7.316466331024779 7.229010921425899
7.6274617916012275 7.564529032553276 7.700660269031491 7.562333897103253 7.5970458091282165 7.679374970873583 7.1271793817567834 7.313605042135528 7.279167022321171 7.845344066281926 7.56853782620924 7.161438574499834 7.382175118094695 7.425425524095731 7.767294025590931
7.489572383234051 7.165289755436016 7.481785765855383 7.0131982575196155 7.172618786273026 7.6522375786151615 7.806255323930425 7.5787884459339665 7.12631994600002 7.24920253801894 7.445194103477439 7.672595475080305 7.287377236332164 7.177520157232633 7.517105001580511
7.566971181641513 7.962338102598974 7.445023076670632 7.53640546846164 7.6366532089459565 7.290688544242997 7.1746723898012394 7.903055257985345 7.4045331965478765 7.904212581739012 7.9850848667577425 7.695278326153458 7.332695423574329 7.73284468490657 7.774793499540045
7.411405018991873 7.019645586464838 7.306654994212852 7.700555027164587 7.846900712833203 7.668750145798342 7.834271571030941 7.359744698131019 7.863935056195965 7.178258692446711 7.799957168400356 7.187855173616649 7.413386323995861 7.96988318276909 7.814723175370107
7.864342869860796 7.80296297589609 7.720759376320839 7.981276372571392 7.083541867714269 7.870165107763139 7.4927177352230245 7.088259205999546 7.392091738222989 7.41509603366962 7.3631421304232765 7.536157282658888 7.9203026609995595 7.975674740844282 7.553296436692438
7.015412947669597 7.742107050256817 7.786587848377175 7.222850993605673 7.606696975129811 7.286724368052478 7.553359323484047 7.553441861265354 7.1539550068345985 7.69489164707081 7.494205525259397 7.4794478336943655 7.47275922830704 7.263489178157178 7.954881350439433
7.440771725040151 7.199659744762352 7.154617112289556 7.7855132097774895 7.830263558685801 7.862644478825061 7.358655634415336 7.583453316775286 7.387525367773407 7.058480233179401 7.49556775511354 7.852478321091578 7.651188688577209 7.459621545209127 7.414680067495832
7.106195350796506 7.723357270479723 7.741538345493316 7.710403820895703 7.952306837005527 7.022759172113798 7.420727293897446 7.209835118016707 7.234424763520411 7.407254232734899 7.024335691387615 7.207899276142859 7.37941403573446 7.031693843098514 7.974240888687264
7.726681419036519 7.20078410817264 7.573732300717367 7.061592477217093 7.3578114855286785 7.542436298913822 7.00803986993221 7.412238359340146 7.310248856584187 7.312113870078163 7.93846976426544 7.399119634920726 7.130538060771153 7.650191089011368 7.608082391864572
7.044634093074429 7.188583427550361 7.206975925945365 7.0985323661393345 7.0741310858131055 7.429217818981639 7.760490787517326 7.903174464655671 7.931115454066717 7.078316120320017 7.696734317597849 7.012347213128909 7.745402145073221 7.961931733835428 7.195716635356186
7.88464372519531 7.45737653119337 7.847910053536135 7.319099158776983 7.194581167117601 7.044680478806146 7.751660183871587 7.579059452822557 7.04493192013178 7.072057658718113 7.46124203760383 7.983040495741306 7.41108064532776 7.5907555673423825 7.631653029472528
7.995332896196842 7.945123730408955 7.750796613299161 7.674174920984681 7.333977634811997 7.9090283768898795 7.357593258013744 7.323868129927059 7.030265771880952 7.92902077599299 7.00379799046097 7.206776803934246 7.718151003459719 7.467473918301044 7.33794136852116
8.948135420723231 8.692179709102206 8.3939175232602 8.493326716058055 8.363843548787706 8.875082154939564 8.803393854894704 8.693812976287308 8.059702006012552 8.469958153232094 8.278234927173346 8.577532397041676 8.32638079610651 8.73702842427586 8.118438021500507
8.835253049435659 8.562814961708796 8.031213316044163 8.676168284848718 8.347010221187668 8.586701625218355 8.964338523606422 8.82151810900058 8.118795390064987 8.097997997066953 8.314556948100176 8.739505602027835 8.970505028139826 8.249796239826653 8.095615219609549
8.712394684487172 8.10701546350453 8.750678260423621 8.019881457830072 8.276772390262593 8.416164790418355 8.173629794870138 8.441591448078578 8.161419028980932 8.580585853250833 8.178819354988011 8.750557577771039 8.709859665714266 8.864749508349592 8.171024886869798
8.10162600091669 8.070586110987417 8.744240369756923 8.507217021728222 8.311454633144598 8.298290791703723 8.381202048139155 8.74578450356876 8.731725103363928 8.651054719871475 8.31805294927779 8.586113801111082 8.916689978315498 8.791284077474273 8.660986889791838
8.085712156268059 8.942996113586617 8.302291144382309 8.455438093649125 8.461788527243225 8.311013619058434 8.917766663545807 8.917603366254463 8.285185132224903 8.45943961028712 8.127992755585018 8.679278353903978 8.156777375953626 8.058734265801355 8.374496658275698
8.227679367935568 8.0199373148449 8.413986197321647 8.87394748465063 8.277585705461808 8.107382447025103 8.50409330515802 8.222449227368507 8.900051877911345 8.146707516485455 8.411683970609081 8.322985621815665 8.850102965995111 8.856124237036589 8.156992644345893
8.851623116662212 8.685240632346634 8.95041007707557 8.238943326495864 8.43218029204168 8.947251127682032 8.84679405007891 8.507982818944479 8.924423913429994 8.891720936164289 8.01148345730246 8.347745094112742 8.747452430188812 8.992829418051816 8.419763008279658
8.526417624064035 8.957780206150389 8.725402308471319 8.916073378404494 8.493718186600752 8.88073706571918 8.93187377486702 8.355203448629565 8.345681622126813 8.454148776621471 8.418718607795496 8.281706721608664 8.15699328273341 8.084866747194749 8.29508055669988
8.561879226484992 8.889396377548849 8.741565364351446 8.965736602213513 8.821112359272455 8.62473851774567 8.211328536605924 8.621201211899669 8.759161241230098 8.44251227071338 8.932897040243834 8.52968849286332 8.416845197823525 8.864283687446047 8.58605088808316
8.428814466838155 8.249924041371639 8.421191510555856 8.66445237933228 8.839335303767665 8.429369731216989 8.565738922070706 8.588376252432052 8.178882255318845 8.131980353541238 8.845389116195294 8.524105998574434 8.140566862528313 8.711259273244943 8.983014341406502
8.96837635534353 8.919495495551729 8.545709176611174 8.268037866911529 8.329093373788425 8.519644994245326 8.050167204670986 8.452146819005119 8.18766581935621 8.554216197349545 8.805534128936365 8.164743357603726 8.663632255872228 8.664495958694657 8.013226485480729
8.715840121146158 8.318870473925575 8.925421789880415 8.512908159315185 8.037895792329115 8.336527144281838 8.380458447644685 8.415533432944919 8.43312468993233 8.288906969900747 8.154058383600894 8.998460691283572 8.739104332682334 8.668912877138206 8.426893537423357
8.885372485172766 8.503043224415883 8.501229364760658 8.927208819451359 8.690963825425156 8.763860551657915 8.772293564970875 8.491062444229973 8.248837824192206 8.0812685452063 8.122199525878415 8.674881913463988 8.260773497948477 8.522337100328974 8.227033232942063
8.36567881257945 8.706508138650461 8.41855966549036 8.566737115023216 8.82742929375766 8.635402019048387 8.840227936818978 8.821454406009725 8.646541555736432 8.0248310185698 8.899962650772158 8.968405710795942 8.5949956494741 8.234878239479952 8.193536217449045
8.261700785806479 8.51665440483237 8.214872941876886 8.913662242418251 8.669091212187405 8.960409302719714 8.024551522992825 8.431216266592864 8.012520335649338 8.433238565502556 8.421091337690054 8.428390611248657 8.013428744679278 8.826918557988986 8.23299585501077
8.989575777275787 8.679125168326287 8.784044735593792 8.992784753138139 8.40829959623854 8.983134308934172 8.51218080718907 8.832670302457212 8.852344517489142 8.59028411349039 8.829370681613986 8.960877571442257 8.444202459295127 8.456397594660636 8.029910165116457
8.130991998649318 8.760315746410356 8.492804664781254 8.496190605122615 8.392695539002183 8.230091578229931 8.12749201343497 8.850590129217577 8.069478069327129 8.424466757061005 8.517560161152831 8.840802504183955 8.34738803512867 8.76383825045188 8.37175817189998
8.082657343958052 8.078612561981583 8.746464488823026 8.827218746065158 8.246400021852295 8.404653751945283 8.400980887940364 8.5911172489045 8.265562926379529 8.586094831800803 8.300462812609755 8.605830249591673 8.671974726040748 8.989425800057464 8.140507768573245
8.825270460750884 8.216117351212432 8.526125453849106 8.580097514068385 8.300427023009645 8.518955260588802 8.965172542433974 8.771540840435653 8.663740593826594 8.619525344673006 8.447385988138226 8.764585227433233 8.274795548928191 8.931989542848216 8.218470298758279
8.759826453611987 8.743912273074768 8.306517031182096 8.067368838568555 8.00783266578138 8.285574327530195 8.600276246436739 8.207504498366525 8.002939627845663 8.370226938129385 8.407981372352163 8.370713524949325 8.504462392859478 8.4408348992355 8.375851960546083
8.697155044050051 8.833107797624221 8.039688904997194 8.828508433052587 8.599205393008686 8.836661266166464 8.551302048254083 8.27524006328796 8.153322606400105 8.896560576019143 8.908838552167305 8.73024650644917 8.731093446681063 8.355757967824326 8.034369235223283
8.680867618508225 8.51915172273145 8.788311605497837 8.48734929960324 8.968480476365741 8.29738293270197 8.602435745471073 8.781065877092518 8.808656802939513 8.345807293602617 8.571278746464506 8.093404143826817 8.670337620227086 8.632759548062173 8.0194866083447
8.646132395789671 8.758196629230023 8.500460388222434 8.558648932517693 8.856008335592357 8.398027074468914 8.908801176022884 8.461013421167292 8.471359586777364 8.711901717588004 8.92413992940881 8.988393876125961 8.299394343340127 8.588019188025873 8.54713335814217
8.251985820623055 8.802348147076918 8.099563903931347 8.16210613213653 8.468842961160114 8.794675353651407 8.207571261454746 8.860185011511323 8.80205656840278 8.708845174638542 8.794703444732392 8.639402437703382 8.324219424027014 8.413903474245862 8.820005532225423
8.017200367683357 8.027544228355652 8.368813322173331 8.659125494688649 8.904241720693797 8.219046271602101 8.971689047205748 8.500145881385047 8.683163664844107 8.085488714665662 8.326389275764608 8.002088654662494 8.31188324999907 8.69032795574932 8.289537319924065
8.291319591514478 8.928292487751754 8.173685859363848 8.583887502144526 8.770491377779178 8.871656724965659 8.466414304779576 8.968058456778062 8.145330176697094 8.25575639875391 8.400607121410557 8.938005763590066 8.536482859762891 8.229789383642906 8.7014527539882
8.202207519004842 8.536807755980057 8.845276776759853 8.979110950737361 8.220388575292375 8.59890437276359 8.010692750070879 8.504335159555701 8.424710328725228 8.193342983597528 8.360264336113707 8.247851713416026 8.352704619865856 8.764967512292094 8.98936493562324
8.391045662635374 8.812831807339727 8.632811044688843 8.916150443411789 8.274292803102854 8.37639486754561 8.628575383571421 8.8175650091918 8.53931547813011 8.943642637187576 8.449291811737504 8.057568547747769 8.043229956684513 8.867247066562406 8.411693278878255
8.276415671602624 8.97449124634533 8.132940859044378 8.5389924543972 8.842041998891043 8.48473098949172 8.394953374595502 8.685174775324928 8.278090130652165 8.065522799668658 8.242984440613881 8.70757859048008 8.377834367716273 8.84539836288769 8.937806967155826
8.535449692897135 8.089239985847987 8.95997707932078 8.99419115291791 8.350320650753156 8.413618774357523 8.156860747443664 8.412694237337682 8.993480147671594 8.498820041594305 8.836983927668268 8.065961931301034 8.146461180239571 8.827622092535757 8.80539983804617
8.73053843024204 8.792390938863115 8.902966075595936 8.10702042408755 8.521784154811519 8.959209785923525 8.113900662193002 8.456618666104811 8.037351482971802 8.770180318360833 8.529582457246939 8.937439780443475 8.34377073010251 8.382771595116632 8.213403669454614
8.839057613051093 8.051049667632903 8.483917925295478 8.27529524789679 8.732651069290892 8.111791778693464 8.627815748119968 8.287480058643126 8.140664601265112 8.654190054110817 8.851835435108447 8.877427297780729 8.447856255348064 8.112354508261946 8.686790139616908
8.28148593257721 8.02202527173986 8.152783188890684 8.889716713115202 8.39365166441115 8.865250408469617 8.41238811895987 8.970488463044385 8.376148030207812 8.500259885390264 8.861339088646947 8.857993491420354 8.211979442533547 8.211591620821872 8.68308970540392
8.857276048049176 8.674339917449998 8.207492943581231 8.924302071530633 8.385952919592604 8.063738263388688 8.74604684176441 8.808987312430265 8.846380582529767 8.720926919846795 8.777801705988296 8.534031323714487 8.389463030308754 8.762197858858327 8.197219832765736
8.567376693859119 8.256654112512832 8.703336350967227 8.366550026048216 8.95548273157466 8.84862268644174 8.639498836477403 8.178267403702822 8.913287746094756 8.662212344309653 8.430508893811464 8.55601377897066 8.017748973926718 8.76174204335129 8.904540829922054
8.959010393642757 8.655137039146702 8.506357813564879 8.4378876667735 8.151203862984088 8.982613635662656 8.842059757576132 8.394486506232518 8.223945535104493 8.556222543557542 8.585192774279589 8.816101077303504 8.619793354260763 8.9502756443027 8.77360331096237
8.442537467720378 8.695064314721645 8.147217057779462 8.342328528883257 8.610995957567317 8.180054818545749 8.212400543317246 8.092598703778748 8.834638358455853 8.748385319481637 8.78481621841813 8.166096985381362 8.892676705265616 8.790714263077266 8.212654583357704
8.010835654885447 8.077765548560766 8.403106263418517 8.741697679842419 8.130671080696846 8.841207408198006 8.546627605163417 8.024877899382451 8.747394614661143 8.452456370926697 8.312281729449326 8.362947591447744 8.872499938188536 8.44663253417348 8.234186431575269
8.509053254005602 8.185141855414875 8.572235514552007 8.633933216112121 8.574110459882608 8.543465465519988 8.670972844477573 8.05035876865912 8.555226354284427 8.918398877932217 8.422594526765478 8.911497337631006 8.276019023715023 8.0321662087078 8.169852656390015
8.739271525569242 8.075534021107476 8.008192421234059 8.10218076775992 8.342518998034292 8.411559937275776 8.894734937554823 8.92141459887316 8.65024057639309 8.654496687785823 8.01149126204339 8.738852239090104 8.06449508227731 8.739531853902289 8.686596217881606
8.360178426509254 8.471154897701059 8.017731171733333 8.100835964378557 8.303254189974066 8.33677547764544 8.60075213000313 8.63657018499117 8.863499640926031 8.64112097316201 8.729240039376204 8.340768220253807 8.292574079514388 8.747427437775457 8.211568047262963
8.854728617318248 8.688284700855549 8.696273695492096 8.777434141477029 8.437465502321283 8.5071309402395 8.823969588480647 8.269929437509617 8.51540991957888 8.705618786132595 8.052659969927502 8.960044080220062 8.527987572577794 8.392455564619405 8.676881788883563
8.909178197781172 8.70679886850231 8.53096229328053 8.980101376148571 8.228077118187755 8.825541245973344 8.66951749290069 8.554797035283087 8.284711662071105 8.888477648504699 8.897572512278659 8.77094210029643 8.398975834467588 8.18716920053607 8.225755410179694
8.440281986338125 8.328675637664366 8.148354231552304 8.370806684510729 8.357588307745141 8.899134658039666 8.920269568126743 8.489566878904666 8.065111842509234 8.457843334934964 8.700374606221855 8.750962586014822 8.882745309831476 8.445930457024232 8.394352224097338
8.760913902967047 8.973946255198006 8.269836929840457 8.314424798447078 8.76231303719995 8.976258732458255 8.829423753523853 8.274438144888345 8.22070030172679 8.515312393406305 8.512847235475359 8.619829151706224 8.875990326687416 8.742465942915837 8.203886347758608
8.442508251028293 8.59157753169289 8.888801284561612 8.864008557194929 8.4738510103052 8.364377315520679 8.711963935387049 8.549312107493568 8.92340748617192 8.672834822445308 8.627383788298625 8.301584259825429 8.83660216175245 8.934660814521036 8.261700058140073
8.213066609599382 8.381611078631675 8.22202998884799 8.143752595514774 8.106119860702018 8.843767174429628 8.539203933977644 8.257291641313543 8.691832576009725 8.005258564675684 8.906017449240837 8.219596157004453 8.775719482524158 8.01854888969663 8.21039360194618
8.921480975353536 8.064006604651944 8.843862393386935 8.294029193262158 8.566711150056438 8.390602204098201 8.814241435603057 8.017619287243031 8.182631706457371 8.732704010954746 8.916096833917903 8.115465445056254 8.838859484176806 8.212094433529707 8.928836894684778
8.49403948848775 8.007173091633277 8.389527824401716 8.654073922978938 8.255050832572918 8.723276223353913 8.551214447054377 8.083071881258977 8.130791853917307 8.469898097774436 8.359258122435083 8.500512374560314 8.208012786361776 8.990734582489837 8.192005687456716
8.203320406565515 8.786303649787065 8.566021914016394 8.735618096355847 8.725205750142065 8.967937896611831 8.633074457371297 8.904774600186887 8.200738996595302 8.108358330323313 8.018906928831512 8.968272889963673 8.777196385086128 8.569963003993216 8.467100340330642
8.834389683081222 8.788070791130872 8.316574949394017 8.58736036114987 8.811217851451781 8.739060900078412 8.761956715798615 8.833755356641372 8.7987977587649 8.025514253563683 8.942956189214364 8.626411021643378 8.792711933826459 8.699713934876296 8.526348189996584
8.271477206743596 8.782913780563755 8.537063316870865 8.378161604692739 8.90547129660498 8.616912876915839 8.1121361641972 8.425258990452948 8.292642726992108 8.163040397070581 8.588724930592122 8.321162283416774 8.937790554888194 8.157370330920683 8.452432838122958
8.991594341842404 8.642006861473126 8.446973563841192 8.470020185988949 8.47993293128929 8.325106375812693 8.952533070284028 8.746629167625946 8.638750295311725 8.666042660724763 8.56495061363006 8.870175438712309 8.120837933991025 8.871399865556398 8.36342662919584
8.781608849745771 8.811592753437054 8.672088315974134 8.996596455242623 8.190409762623123 8.314367501137506 8.469661035256683 8.803657649070534 8.066601717746336 8.351364709074458 8.406207628659367 8.26902502021926 8.98372455059468 8.9748800931297 8.015570813814994
8.70190105324667 8.861627190761702 8.297177981922419 8.028670065410395 8.611251426262337 8.963602169636042 8.042007513237293 8.852005810188473 8.107026480807738 8.839299351798381 8.596745680735529 8.215956790806258 8.80007156683937 8.273019135988235 8.401378812760115
8.49827204798562 8.096020042619237 8.196400231744914 8.449011712260962 8.268198612015944 8.482565169568439 8.955180978302657 8.392319324751373 8.667973943611809 8.394857749524622 8.281627254916238 8.251333274264358 8.350952637422411 8.510378727345088 8.81738400868431
8.000180996499964 8.829424788034533 8.872486966367916 8.055921446135468 8.373873152905604 8.250223173554923 8.070944367168593 8.129411281468007 8.080960343706074 8.812505055568286 8.818071802201352 8.951782243121857 8.23385747125848 8.26963386359499 8.6507910233739
8.847868071268856 8.215860293404909 8.215874643286803 8.161659170325441 8.947975566341622 8.392355537871305 8.148656688638594 8.116104255898627 8.307863919207193 8.04345209701172 8.618445357011913 8.048421301859918 8.926041101849139 8.646237911549159 8.13080449970388
8.445690640707193 8.573446750212613 8.167093468784266 8.849019903948971 8.426631230426198 8.625005113999048 8.33796890657168 8.560693081646601 8.90150343807986 8.888196013449708 8.985259570660128 8.81800377497333 8.559527545729793 8.7607052278445 8.355889810989229
8.638879186004477 8.671885369031253 8.917380564837016 8.042442663488897 8.66509588175706 8.621224374829808 8.126133073419016 8.547649109266636 8.21338066059265 8.272684974598128 8.723087744512897 8.748276874253289 8.22686466701647 8.786823179456613 8.739201417981684
8.519435974466758 8.736784881903395 8.241402812944049 8.663730076024963 8.562544323982296 8.078115605223749 8.476882335615358 8.354341790181895 8.043673120077358 8.767851953408371 8.909523633744604 8.659335376995143 8.993718954191749 8.650956491688305 8.666401001880084
8.904338946551828 8.547825433135758 8.646518674650945 8.28819083695491 8.514027058214277 8.008704050686204 8.1854667279237 8.418473294770129 8.68880832584397 8.406980590513461 8.221209647369259 8.35237954168755 8.237100467973537 8.701419884513921 8.515876889447155
8.052769150953733 8.375722923578213 8.012857923553002 8.75736188861608 8.258724266828844 8.55410178291513 8.317897833987342 8.946164746674544 8.608998140539677 8.132395709964076 8.841901606259384 8.406068817927187 8.282157914200099 8.049315458671709 8.985536967976504
9.718974077211934 9.51551241003621 9.452323822396988 9.995114842020257 9.861750457890885 9.50651779512141 9.631066778829906 9.744179551245407 9.831762417854861 9.62320501178751 9.494300841958607 9.932290699374109 9.087755439498954 9.554275219821271 9.26124541862984
9.726661563797455 9.204084221256256 9.014859925126773 9.000203377669559 9.373296428262826 9.238801569675216 9.890545143058247 9.14045664389239 9.586494687549399 9.44991534950738 9.250109973902179 9.10785827537519 9.589067153157067 9.1591610664521 9.486531394470706
9.79020602433322 9.52033578524471 9.758925421746744 9.956158953065334 9.625396607957443 9.554965185894917 9.085496481583903 9.87756462032026 9.723524214700078 9.48290028767287 9.64060407470123 9.924424087022098 9.583500592390113 9.6891615624274 9.433253915256028
9.90088844279315 9.645437869156902 9.441975640765394 9.535147601120366 9.123255169688305 9.131950164025309 9.148695487517841 9.795519624635277 9.64835065805138 9.37469299648209 9.771191161579855 9.545012047359661 9.2868866356101 9.096874705427862 9.905868567260095
9.533246042324627 9.419155269770565 9.928137007768939 9.128200387687492 9.791038944501336 9.990778845036251 9.765116935816959 9.077629520913181 9.585754014272714 9.707831903684745 9.459165726942793 9.415932395635528 9.14706020875379 9.373504631136429 9.712114659597471
9.230605931542453 9.380416818716041 9.512578735151266 9.991641623233418 9.674568105944584 9.356888288660537 9.915337623220815 9.739706865950165 9.634439390066444 9.970432827858195 9.499135244288013 9.140689349652625 9.001898057762869 9.78759762547344 9.933698520814946
9.240270511262594 9.686079794987439 9.779592649535562 9.805340938146648 9.261775137188357 9.84971760358233 9.323004092816804 9.705615348157362 9.553593977181002 9.97769564669265 9.582947260396576 9.521536421529383 9.719476076611146 9.293916178501762 9.151248340436117
9.377354303558244 9.13289364782373 9.730856195461538 9.602283064701481 9.131962873956546 9.217345487426895 9.125916408177583 9.450389372881915 9.071377151230223 9.586379800102115 9.56964182758082 9.845310651040005 9.452316560261597 9.380280875258455 9.863119911112936
9.225914682803285 9.850781643369693 9.910778109128369 9.855338913781122 9.067472845797791 9.848614097044798 9.030800520727764 9.026015224149688 9.804073053634674 9.451380897748031 9.483212880700018 9.055375407539227 9.985278872921873 9.77252522912201 9.850634999955352
9.279605086793612 9.734936522713868 9.94157846446022 9.627858409697948 9.869153439811697 9.620070539191024 9.898328949958522 9.369039895815792 9.286808416379763 9.109097463152603 9.720194776122344 9.82376462854171 9.083434981676934 9.90112685966047 9.396649578663398
9.469235992615348 9.371493919135695 9.541907119035498 9.512401707714782 9.870263392385038 9.37993726103569 9.907013228751353 9.130128754194091 9.854383071769348 9.3388009895245 9.329162170666946 9.273921171330603 9.576361408733076 9.56779359506524 9.374081544203797
9.806189773082286 9.16449375760774 9.050404880178226 9.528144911933012 9.1636442112557 9.790526493440373 9.963536466138175 9.351027486221568 9.37205043249641 9.685693508534605 9.602381548934456 9.967924070983413 9.994826770509292 9.837272855297329 9.89125852525281
9.128410979047539 9.187140663390752 9.84323298660325 9.203329083330273 9.442821759443062 9.825018169588224 9.676952202922891 9.52560843264257 9.822046596091484 9.758081286919959 9.91965925090996 9.100401727464547 9.59295358880881 9.59487904223843 9.355156473028703
9.550277078050255 9.239169585672162 9.071379828691578 9.68955176199885 9.150912599469493 9.225747342383384 9.976044418819704 9.558138757705679 9.354630948773586 9.90628413693415 9.809000133817337 9.912229665032639 9.887161742900632 9.082347308457326 9.83818869463653
9.340658430963881 9.741148761662595 9.387599942981021 9.981961620478295 9.873836480482835 9.172145265009963 9.30280983445428 9.995448330263335 9.342657029824926 9.36631741937012 9.272963554125432 9.767124534984935 9.420208498730798 9.793802316970192 9.093996753265063
9.142358760466596 9.06117070393331 9.387643787015566 9.46419046653902 9.582317694247855 9.171933014783724 9.59545564666311 9.354072844982857 9.139461783435243 9.99388590074453 9.039438446420764 9.638704327443978 9.68496443043959 9.863003049674333 9.990102635562113
9.257513426471432 9.058739526942182 9.72074433122445 9.11002761860426 9.01938964171344 9.829363678248669 9.994474076350114 9.956212244848173 9.054528582156001 9.649031360005946 9.240003488236994 9.543049597957392 9.829564010845264 9.767781882253528 9.244529821303976
9.862684849344504 9.588810076314582 9.131590003137479 9.125159038226075 9.63549191114024 9.061976326429253 9.630512150727311 9.32636283111554 9.720630928301565 9.287507273994953 9.485932930069557 9.3191350826974 9.555125432362065 9.440736941621825 9.470057190217956
9.235276197152094 9.709624570888145 9.627338326901862 9.636145574824205 9.632149034789132 9.149991735139588 9.705086414111516 9.504591754310598 9.076412865205882 9.076088696742724 9.330742839620942 9.197792340158063 9.259656876469034 9.272599830241306 9.593908777034095
9.845861237774253 9.914518453930203 9.7514677035717 9.795982384282665 9.695591839284642 9.886785191469835 9.091488845582706 9.159895670550375 9.746672633787519 9.337144254720169 9.287843734343529 9.515094833163591 9.412012478672173 9.195656402602072 9.112812417800924
9.292267610920455 9.653133941552898 9.672696091031387 9.958653609719272 9.483609182802132 9.276944731859581 9.842013213675383 9.884601507735955 9.576958752139209 9.596798264346239 9.054736000355103 9.122161448527477 9.855926593256864 9.458606413254948 9.217548766623928
9.606361521305622 9.873171111492974 9.711869184499735 9.77394227528201 9.195344446606951 9.35027456195376 9.565836921879429 9.564348357604672 9.116660291539246 9.235204770564419 9.912623185978472 9.609134670411096 9.83584705289219 9.157139665177809 9.621937054593591
9.25784952813803 9.981362989521735 9.058470134804267 9.016205807906482 9.078770676614159 9.179660692690094 9.355085943117492 9.22021041092322 9.324726188795115 9.655170229440369 9.578588696141656 9.845957396559822 9.804319289432748 9.23218431427559 9.087864517979828
9.521362758053565 9.512103554248162 9.939115666454045 9.102488314696526 9.100424997621639 9.426918433888519 9.760323065217012 9.006721051697886 9.002915445164279 9.474509673848221 9.20667930042314 9.600399382109483 9.023216576591677 9.768722435230819 9.283280441614068
9.731807355454766 9.120789421938564 9.894970239689194 9.121172821472694 9.537658158223994 9.158853729165614 9.180345481835671 9.009700628063392 9.336602975235 9.293215644944958 9.60665253827867 9.81705303906371 9.075223546778789 9.729779032223728 9.265807730550275
9.818817332659414 9.10925349031046 9.867128672594422 9.031465011707768 9.767819961513268 9.017813236766926 9.419674696433225 9.426389963444336 9.633265022732223 9.094731490432766 9.977199299426413 9.502018808530554 9.813155440978377 9.138566182924517 9.598248365629905
9.914803349404734 9.781209096598191 9.171726558857355 9.457662456731892 9.283357007934251 9.067958853986722 9.759136703805043 9.272642373806221 9.341080137578492 9.195451187597676 9.668170562247298 9.217097116886023 9.360858635018282 9.685936067805352 9.714127267759864
9.300622908368421 9.821592067068565 9.547165725913615 9.769304328712899 9.736313690791054 9.31072293469654 9.700397797652021 9.078765923283623 9.650705189324153 9.212602267733303 9.661924170512178 9.222192186398507 9.599505991078246 9.819440493049713 9.414923642293127
9.28873442331564 9.744370941699891 9.119757250229625 9.815663059051031 9.090590525828958 9.218823317524595 9.668657470854154 9.06654822340792 9.531053633255356 9.165534293201272 9.624924961316442 9.758252176337686 9.56407644864514 9.162519267946601 9.251839292244966
9.73412547039378 9.534932235029968 9.272412590482574 9.92178537589846 9.562319026436363 9.075343120426531 9.746833553733161 9.939139568952108 9.714527379134683 9.141485056202072 9.496958198983169 9.301579698684487 9.644985976061069 9.229567778471491 9.801762909189788
9.856881161860652 9.83933351737564 9.281227431336163 9.367007593432668 9.180424594786277 9.560176127693493 9.299758662055835 9.77087739620797 9.898055152883481 9.454667448763063 9.23825141052176 9.53630396044482 9.109597529582643 9.409144446525552 9.291987479142199
9.555338364795208 9.030244174412113 9.03683647485367 9.329990646955142 9.35754961285127 9.960199614823129 9.966890117708834 9.834412999057855 9.762274363528984 9.217376219511236 9.66643075539323 9.38147965181753 9.783644429744639 9.723602153054635 9.872106486647427
9.394002675686133 9.26767122321731 9.521715462079031 9.833538213618302 9.623014181296508 9.632266599530336 9.619082971871565 9.478324983499455 9.574858151459424 9.253932466268022 9.202495889763885 9.29673136883864 9.890118481241428 9.498951842703647 9.450059164755915
9.213909019545364 9.502051122015848 9.132266496017545 9.877604509827599 9.968482435998252 9.254726161750174 9.853827518311359 9.400322203348011 9.548554249137698 9.544875538467426 9.010056562059033 9.064719923295073 9.04966287172564 9.466480524035536 9.107157619451119
9.711681598330099 9.913951430759598 9.883422723999358 9.61336996327122 9.66831279661261 9.885783594812505 9.83306088090062 9.67885524803233 9.934423707062807 9.176268273456124 9.672385404100014 9.824762730457065 9.22891443593674 9.267632321401774 9.418440909238372
9.357118432590712 9.691991619287537 9.50810612218607 9.805996981272102 9.246535736203422 9.001059553691443 9.148963996955093 9.68798544922474 9.48134585702861 9.151292502967971 9.757588173832172 9.538012418603023 9.449599077367875 9.17630981249529 9.003900683324211
9.979291915280465 9.734488535436533 9.640038661958714 9.662235293484184 9.460636772472235 9.818100193516232 9.817763930622599 9.296697277877206 9.427682562107641 9.579993918911603 9.102528456606244 9.505285608642701 9.596307731323122 9.149972782783644 9.32246101605645
9.786529162233641 9.225253957140568 9.628498342868546 9.335273569938213 9.06211419682735 9.606238461547433 9.42356210514271 9.478083218771525 9.639958015998587 9.342389731353672 9.469424338011796 9.193878554479433 9.934409185798238 9.36962697584878 9.390483309868445
9.430363884016865 9.573732168721067 9.09064295231544 9.752639153048607 9.212579179603466 9.619760336005136 9.437438153769936 9.904868950878203 9.127607527204455 9.500577673312783 9.155894541608431 9.555330185297287 9.327845685821528 9.914316700144795 9.114664860718381
9.14916187225097 9.058727954734845 9.400636258085875 9.980693611117745 9.319254330372122 9.6474571306415 9.496169109065852 9.174974257921956 9.166609664857031 9.351210575694164 9.391206705724006 9.62468635637483 9.893516894945064 9.456453416686486 9.78711413105583
9.461645712396166 9.360617241480936 9.54540538521597 9.217445436365901 9.482039359107272 9.468036569675666 9.901370791824942 9.440455678432786 9.878706302497433 9.871113381191387 9.611556731497505 9.636683044281328 9.48476407874248 9.432852769411 9.044167270440777
9.052500379484833 9.526170484606048 9.98808776798929 9.025976146098104 9.419012677077347 9.670848168949098 9.448431442866305 9.227244533005278 9.945403046142351 9.983289938864875 9.01245465015908 9.972764446366922 9.936806686539853 9.246100376612274 9.262125636536334
9.940971940965948 9.119018586394091 9.993719883846019 9.22439951869465 9.987489486485213 9.565817715719733 9.518614905195788 9.055947205620804 9.635119380576297 9.719416386358152 9.056508272952355 9.86936475986167 9.609225698915159 9.370520614115724 9.334761903029655
9.360805725745898 9.165605086771768 9.621713637678932 9.676813827149966 9.321830911235622 9.857361646278253 9.7963511294965 9.895609787112804 9.822370946111183 9.817964601922267 9.974883672413945 9.28025947330056 9.837049409222109 9.599581971324396 9.341498014083207
9.082686085321225 9.353714994306074 9.098947177028677 9.806195788532161 9.044827105437063 9.55088339034354 9.127429823453713 9.43090451598672 9.671983036602386 9.459890770282755 9.737645837249058 9.0329425015279 9.1542003947136 9.637912560958597 9.505856201606262
9.9651356030482 9.06511380503188 9.76960243425589 9.587567560882936 9.479110742524853 9.226461289701609 9.787958481631797 9.513162314333425 9.266767120945225 9.416526031600844 9.05912452287358 9.37104933921396 9.744653169342234 9.922046865708067 9.41118657139215
9.237741195700464 9.3969532997673 9.28567863176415 9.303625829397877 9.457426991022448 9.02501576072038 9.984872872592735 9.23194097693257 9.648025028011306 9.06482859485617 9.193088361452261 9.541054410875986 9.116362476816349 9.228578076244611 9.220529753141282
9.18146857473616 9.702044149234748 9.602400238861861 9.709152126631984 9.583739671775968 9.937736176810176 9.989662270208289 9.165457816747365 9.749688467247804 9.813004203573694 9.727587975097588 9.954651462261417 9.862868237245284 9.359510496098686 9.42476729410796
9.451007675736626 9.206163069713895 9.737287554617675 9.06806677544976 9.641845476099336 9.940989394102724 9.49497068736011 9.72968441326443 9.116292114995616 9.350427111555717 9.201285322662692 9.668569079981454 9.035058273432389 9.47770665625984 9.70074958981185
9.965150360503916 9.373735733206631 9.701830864966102 9.833466187990394 9.954302950081434 9.459667374247124 9.683711716970134 9.577042107698233 9.628694200239078 9.581228712615953 9.289053648923451 9.218088314240052 9.873141904887316 9.238399235767824 9.54831669640166
9.34141610468148 9.860334456852097 9.424790586249935 9.44944416718189 9.136960511313562 9.189243197913363 9.1838380715122 9.37564143121899 9.767625455459093 9.379782543466655 9.565650769288341 9.298343586870587 9.31565907390338 9.150750504777239 9.026054504468972
9.414611617812685 9.130832102342184 9.502808709734888 9.25565168625646 9.778547953513938 9.240606243720228 9.00423724996493 9.404259820866338 9.617924309993032 9.850642776161559 9.834426894903435 9.674880985073944 9.450065782050414 9.86341703698429 9.078547042717098
9.30139254839986 9.815136977666974 9.773367102576204 9.486554771839911 9.9954389452934 9.430327605926271 9.258920109585269 9.410687204106912 9.050543386159083 9.835036292038886 9.284903043723645 9.917804898897316 9.425247370400928 9.145003122676275 9.553259304617448
9.136431922447821 9.292124710932516 9.36244292581047 9.695656105714148 9.743063719783125 9.735806376985511 9.799582770221686 9.688482053884044 9.118290996749614 9.51069097770294 9.564608869196578 9.588898358765837 9.110514305958864 9.02780505027448 9.731879573463322
9.840020719283462 9.533500548898987 9.030316335870237 9.772362812624758 9.073973842043678 9.493759112350306 9.738492326687833 9.055607566408742 9.55347347035481 9.394692074064952 9.597435399034046 9.751160864345119 9.135756228636069 9.99669927419345 9.144714572097612
9.255193396821165 9.917090389014517 9.225895889630301 9.930053944358898 9.347197907949148 9.521765330182571 9.51882632091566 9.865525642750358 9.641976815132137 9.33637180754337 9.366535285094244 9.862235248386138 9.543736368835198 9.85834838364175 9.378582842327683
9.118276203012666 9.831956721660772 9.72718432498662 9.626067679116598 9.962768723556554 9.212808581238347 9.93733264755858 9.242448184191622 9.73208819865658 9.655238809157737 9.193801426070099 9.261929004192272 9.75692674857254 9.097448831958364 9.364555451486059
9.457405596681864 9.17262073085361 9.157341199045293 9.508274453268806 9.50343757297233 9.930216304709662 9.809611533173804 9.011677875743219 9.13444678614416 9.082033847992312 9.602514130723325 9.957540625162919 9.09431357966518 9.143031408064006 9.878931607926532
9.96268831692288 9.580770628946006 9.08805625461905 9.639230094862091 9.374673844267072 9.576470766205638 9.335112689074828 9.137483414004853 9.89650242180512 9.928331602942734 9.886063313055853 9.038000745723089 9.420685054523112 9.28773604154697 9.648720265771102
9.975694550579856 9.097065339616012 9.056394866715813 9.848071478556012 9.661676454437558 9.433278077906687 9.296153770028184 9.349426493049481 9.254570582750492 9.532362589023117 9.155753817779262 9.662555580804234 9.578385426879901 9.40896720605012 9.74353085244777
9.3734342203422 9.909387065604925 9.693746078403095 9.532266426611326 9.758995040467937 9.477267704173125 9.934962990422015 9.320878429177132 9.380327519962037 9.530005208427465 9.13698119579336 9.497366900413613 9.5210553963536 9.797161364344369 9.137232275998006
9.848407215563922 9.44016057063696 9.452967210481326 9.916421246292806 9.443208399760175 9.54231125422648 9.228396280420558 9.961138720797475 9.182732112694064 9.733791338146574 9.150527616447118 9.35371575682054 9.450093563204359 9.428417099902873 9.497852090380508
9.351070285804852 9.923942455562154 9.895365968540991 9.951777132729234 9.832458665227346 9.02384877907279 9.899632005716796 9.597436754983127 9.145459736484675 9.64519442833809 9.875860453897909 9.381014768422306 9.560182637997341 9.810798668941658 9.19760465061855
10.866141502071228 10.75360436473755 10.617481613898885 10.4565855382525 10.648524853908606 10.489105883711822 10.387996744376393 10.050324899073882 10.585829002757201 10.930691412090411 10.252239901839658 10.791561386403068 10.078915136154682 10.837037639457538 10.476368783386311
10.699147949239272 10.000910347122053 10.217435306110703 10.734443385234506 10.607668094985737 10.512172093896176 10.899848645197324 10.17442502973633 10.741797735166314 10.922067746790425 10.860732751253618 10.568846971172286 10.941478233245016 10.962589783537835 10.096912716230113
10.06019756040167 10.795255362542695 10.324178762981155 10.281742493937166 10.01203235768976 10.541677932477786 10.070728515419841 10.440925855418136 10.259058782746619 10.23243916586525 10.59859832429426 10.407795259161835 10.612913377798666 10.315982421004849 10.133559574419914
10.873509007857724 10.825077801594016 10.496582531630988 10.36995520455185 10.434540894536442 10.334357236569227 10.451452605604029 10.747952157882475 10.158000728308181 10.033570416600876 10.747215606055025 10.037618606555693 10.834738181774043 10.978577574911487 10.087118633511855
10.352658901306489 10.270846139726634 10.432499378348124 10.841657411880924 10.45199155933182 10.68009440367356 10.888955729554775 10.667816998674883 10.203956142431537 10.482988177551848 10.750380849824328 10.90592438103364 10.385787303716084 10.592559985089974 10.150946636956737
10.35814710400598 10.570095346307806 10.572667699250548 10.00835364955737 10.998961626514951 10.710444561737843 10.891485467272064 10.764725281255682 10.145453791172553 10.179721611021558 10.861038416516383 10.434067081512904 10.624103221061828 10.437838527757297 10.753046037213029
10.512230215954053 10.510742040244677 10.209415877827425 10.012003028469387 10.025044084475725 10.091667902825229 10.037443335252629 10.44834083414006 10.49126026061245 10.796429970750511 10.345516847315476 10.787676893225647 10.859175737000918 10.98659590189503 10.689102442331754
10.976572530459665 10.539280790483296 10.649846458225644 10.705378994396426 10.200885236205472 10.500003083241069 10.245033985931418 10.381563308262933 10.659713775985479 10.019595489395607 10.171379743672956 10.653222810392787 10.756100418814247 10.094443187454388 10.593774113254675
10.016932319811396 10.51506679997748 10.692540348898362 10.64618302964464 10.795733523458294 10.720225437227656 10.010615017421545 10.356452620290282 10.931206421632567 10.4721222457293 10.644355746721061 10.988343611726311 10.692564760889557 10.614629601220727 10.113421729299931
10.880415726602102 10.491037759686352 10.750123614188885 10.496393022480513 10.276421486980826 10.06690318848541 10.369843315281008 10.025545647047181 10.088157904430902 10.676887367239976 10.962743547811463 10.36731174877088 10.009263831669534 10.551250255241786 10.834317397855324
10.971511994852575 10.907239156741335 10.812724254577878 10.766278025656213 10.310924108115461 10.961001908206732 10.25357783104625 10.578653868420954 10.05247772786223 10.58258774324404 10.85242628216349 10.117765170312175 10.202342298245721 10.764135892144848 10.679013277064115
10.186714062913765 10.049401750604698 10.12509407802102 10.88303884309521 10.459434253377092 10.295085532648287 10.599614678335003 10.792210729029728 10.475010433509487 10.102252756644178 10.400402748002906 10.755047667546238 10.395891845943835 10.92180270040642 10.622816417830782
10.255564691928381 10.331788317973727 10.862910837306917 10.611808279068686 10.999822199713632 10.680450872181503 10.061267140517987 10.004336256084015 10.128422063180754 10.117203922818174 10.969419219667877 10.181161248839246 10.444385465085503 10.577008938771115 10.74429943825422
10.71448735927652 10.562448988289152 10.81600469371994 10.939242378500808 10.28169090192651 10.18366687110112 10.913882361384646 10.521274735994247 10.430421632281396 10.278308807618494 10.384118414298998 10.82918675571892 10.526650561235739 10.820394388004068 10.396001910790075
10.463870995090856 10.194776282153017 10.858807133192846 10.980557214161246 10.259640264954049 10.567691864422882 10.132781755751106 10.991876677419432 10.423713889089198 10.704752593386429 10.143660738863534 10.026042804950428 10.650786941461433 10.606874558688803 10.580167677866914
10.461732248345863 10.520575129932364 10.360532942185431 10.261045833343108 10.279759207272814 10.768452907547363 10.076217488131526 10.306762789668447 10.343229334736385 10.082780302356289 10.451942602244563 10.081082809243071 10.37563896686292 10.927239976453944 10.988697544091195
10.553660832757823 10.961169468409446 10.512482240698127 10.112262257525542 10.12641294075211 10.509589592240747 10.448603102151127 10.714602488380383 10.63927012868127 10.27759351068319 10.79845644800364 10.918097767082838 10.225023728211992 10.219065906754986 10.221527871310379
10.187144159064125 10.918321880510641 10.648679569791788 10.64907494183504 10.26421329858457 10.440479099835322 10.446395114317927 10.463464386471198 10.791238050638727 10.379611238782793 10.804846569244662 10.468114169848057 10.892234040307272 10.064710624929933 10.327260308979422
10.029173773927717 10.43935577082309 10.792627623300449 10.620469459908904 10.646054087344808 10.202124764712973 10.708525822214273 10.395749115886899 10.865143434378606 10.58835635836104 10.56323043839553 10.489612713070505 10.889523838705596 10.22535068435506 10.774990321085548
10.147373335339843 10.457227545539034 10.20120300130135 10.708526367684737 10.374187900990185 10.561550903938207 10.388626493241798 10.850839549643057 10.151466314738622 10.369168778295679 10.907471177406785 10.611104691392203 10.840942009660003 10.255269606733224 10.447160131261517
10.801076521064001 10.154363629563441 10.21965763874598 10.866554554993208 10.462786715411452 10.65368252124456 10.073745360976229 10.216297410667508 10.601912070136994 10.864774058953628 10.695585777682284 10.087474877015765 10.558045568916945 10.737145516032177 10.338570917183818
10.98047379635746 10.197203359041932 10.362746548781722 10.449149165771981 10.209202203956067 10.847252750270096 10.578913181557159 10.699890829352146 10.708379546000709 10.913547354358734 10.32363964860369 10.97645787087505 10.99539152226057 10.409907506666709 10.385786792454033
10.870510321728522 10.453244434692929 10.21918529555931 10.498499718876761 10.825308238892584 10.047442175840436 10.758005434721294 10.561021556155415 10.456745021863918 10.567148486258343 10.861874387578649 10.142253985044277 10.729774028323188 10.489786313647611 10.12970235018227
10.318829559357766 10.608667493587783 10.6082646304053 10.67088314750135 10.33112481683543 10.51927262029579 10.63131257986941 10.183430119447364 10.502556949596386 10.462407148021713 10.06993995372443 10.558266377189158 10.360671465841467 10.899762489177304 10.856831306811525
10.752620016785471 10.922941728414898 10.597159518427434 10.310521411581206 10.504576348348019 10.665865513056387 10.45472848020677 10.252487369956574 10.571190575605733 10.782858357525843 10.97956129074114 10.312832601836849 10.564166164409627 10.954606177487314 10.463610669472503
10.719027240939571 10.129955594537691 10.004955472491222 10.118087395964611 10.152207415295369 10.175241610054517 10.49608186418243 10.385333553849534 10.576826196761747 10.07410899099174 10.528592853165536 10.400126101779723 10.301987275569381 10.30981798174287 10.755384214540378
10.104591457972589 10.91658185590566 10.801942498239917 10.892483878374962 10.834388893844526 10.155387954625832 10.248737681088892 10.815780701972866 10.288546525882266 10.199580871390955 10.174952474003135 10.669450083461777 10.671310704157905 10.392642207317733 10.016905355017563
10.280052341258221 10.45159565380625 10.861444184023924 10.499492122058673 10.569693459571795 10.624097493017786 10.07232462094492 10.763896401792497 10.592302442898905 10.575862485844073 10.923257852144712 10.190125521513954 10.27899321017149 10.66307679411403 10.57576475178662
10.625095291577637 10.971642913765484 10.385070702357364 10.863995241104952 10.774839370379613 10.348233192268435 10.606007774795525 10.783454981901723 10.848520019810367 10.399164176901131 10.619454953802107 10.258137044887292 10.152269024352423 10.700665886103783 10.977007143758938
10.112359160688975 10.222488702464549 10.349595025504644 10.909365647453107 10.932395094462928 10.261094864100922 10.573319754089798 10.856746839800453 10.293028516657062 10.089284817745579 10.209058819242145 10.095223813097332 10.645446805278251 10.571765370798675 10.95895563159548
10.696580184055245 10.015430762335734 10.479977155450001 10.570331853617732 10.091482337102686 10.544585793783606 10.060703099660175 10.864978928396864 10.319252183496868 10.822398974635526 10.155550851871942 10.847010705434037 10.642249738784837 10.903195358933063 10.577149789663288
10.955713424956135 10.578850928891601 10.879606270444746 10.58950571304993 10.897994318017687 10.566232920039678 10.892951021669916 10.762806940774299 10.394443345488554 10.402655663221234 10.500972718210276 10.17707803287298 10.603687353569184 10.338654831196045 10.394658214829747
10.934427985100722 10.951629529234225 10.187538202999038 10.55841045313677 10.206242205697086 10.58533101589645 10.107803625617331 10.101631621949576 10.589518405639707 10.695706374443155 10.77357381748359 10.15481359321301 10.375648466650857 10.508867461109592 10.493869357765265
10.419522056249267 10.445300040805893 10.832865503150483 10.467517898037928 10.189198931150573 10.89465270910416 10.66474430500996 10.767724581187721 10.916497579439405 10.171095667636228 10.512232411468405 10.838804425781143 10.692903798277882 10.450595017952306 10.765065173387708
10.257304938396711 10.327684744171197 10.22429048183521 10.662842642067535 10.260722845451399 10.065747306442825 10.578483039552985 10.149492751806841 10.079246181054781 10.367776235099534 10.450026262084268 10.178823289088802 10.419429241868752 10.591061192603618 10.218236089361024
10.841310571664621 10.543433824194722 10.855711604488066 10.354784784624682 10.019186483917371 10.263448449268475 10.858496569018692 10.494646915310296 10.145049698531665 10.828121507812327 10.905336609917605 10.214016655517359 10.03864094773112 10.116322967541594 10.973512796264657
10.005216712514033 10.727086537207853 10.773274560129781 10.185948066093559 10.423971806213894 10.615827700461638 10.925065144289915 10.68245467023444 10.151020061463736 10.370618239875387 10.889794962529265 10.506630142996794 10.757887916699804 10.395386496368042 10.867068742601443
10.792124416016124 10.295755854684494 10.846421685914912 10.932283770870082 10.228288359271964 10.436692900085639 10.710259068410936 10.788136554619141 10.512754344528446 10.788140593454255 10.590802348402692 10.632997424156958 10.257287612879638 10.174377854467872 10.50063529714145
10.194279473003764 10.603286776572217 10.132800007786187 10.132139604450657 10.444654285845397 10.624600564961487 10.608196787298661 10.795948915283883 10.769944298761933 10.447867306240443 10.844815761261252 10.45743418600909 10.38974730485938 10.90437230916291 10.773849078502119
10.076328528450762 10.645325675188417 10.442457687971437 10.773082948040956 10.760264514558287 10.364019476883444 10.975808022342024 10.535801144038357 10.07991064512521 10.885418867600235 10.320474575649904 10.927634927580623 10.261557847276974 10.491758074960776 10.882289446952942
10.132903661033724 10.87242075711979 10.923469560922541 10.296360479996675 10.096091837672446 10.04458285145393 10.380563890375118 10.791626744570115 10.249460138175687 10.245428575050838 10.91147674660338 10.15599304599221 10.78438868313816 10.0955692292568 10.373252011641675
10.31135181671083 10.271903810888933 10.75968404863329 10.210405265798022 10.672838875013484 10.266939586669789 10.99136144920881 10.144540002605208 10.662959312047628 10.641238265011546 10.999940000663587 10.492763864233165 10.978758403211351 10.781394315205109 10.925512109629802
10.24018013413034 10.469001766345066 10.461398895147736 10.857668056649683 10.180205407648083 10.768367800037653 10.15314327345552 10.014221684918502 10.406191433524764 10.156944863244581 10.773690593965323 10.908073572295889 10.188805195179384 10.46586421218464 10.384727472853745
10.073530619516726 10.805848422247196 10.233689329287076 10.157458711559283 10.197816516473054 10.204673848223125 10.733220771331437 10.995309153448984 10.309170110650456 10.47208219428201 10.934665443846436 10.56714900152454 10.00984381071615 10.96256074939384 10.948657310980451
10.14536018541512 10.610477835261147 10.592950370456341 10.00140666991302 10.56591295955989 10.421739971121045 10.250104740082207 10.534293337438369 10.831723547720033 10.38978504417862 10.47783230378789 10.591508498158998 10.365914919446816 10.72400199326677 10.610387656350188
10.26188932688449 10.6882049584675 10.158680735056468 10.302005542147953 10.574878764355477 10.335497006751257 10.014644722538081 10.965447806546084 10.91558273711885 10.176850245032414 10.282559826310269 10.977259722162266 10.72018573373893 10.883358158629878 10.536543209268121
10.63340865000341 10.94052467927303 10.205065252829323 10.604861185140534 10.746204682945182 10.525410279452096 10.879903839080157 10.573917970701029 10.461879891964733 10.956324003154526 10.453734082000677 10.882401858185995 10.34792829558687 10.696408113380745 10.025922039617626
10.974369681546065 10.05028658937048 10.264204570144235 10.951492219896792 10.223213603758332 10.85266092364895 10.527388776491096 10.828742455489907 10.612869356684106 10.283782715244113 10.726782146942986 10.680310708811216 10.968288305171907 10.513102226655135 10.687217160724748
10.09603474778586 10.364110376434727 10.65140554372342 10.649367386990628 10.247547536863895 10.708638297064415 10.230067154776998 10.16544417269838 10.107402178052427 10.39962860420926 10.071126923489738 10.541700625048474 10.909622652266126 10.37907774463775 10.480106630634635
10.38197255713423 10.873927010065241 10.876096790495826 10.194457853798923 10.889025331748226 10.48247266219985 10.620131592002718 10.802759893072217 10.714264333806408 10.145823585386012 10.331199535353486 10.413262393612968 10.311406080258019 10.923941683600479 10.849478197205192
10.195094319203148 10.94599588828084 10.078355921838094 10.353495085317906 10.041437504300612 10.740197313075218 10.623264325119433 10.734331819940017 10.011189125890136 10.391067088277447 10.716175376454864 10.342670199642754 10.394114685042483 10.490569379494735 10.682797334610806
10.006171444608729 10.214219042626354 10.696870726702707 10.706235140075917 10.426594339427494 10.737039889650385 10.3589979156957 10.727156062781686 10.809221829055895 10.078794587951021 10.580728327905103 10.899437663939224 10.851579407105218 10.328787934113603 10.124622777224937
10.024911748359326 10.024093507509331 10.691214676287114 10.003398908774201 10.751171167046108 10.412251237687117 10.028467607910331 10.08338294599733 10.958006349109398 10.25798752630027 10.845288239488594 10.53356647046558 10.680891540713976 10.737439374711027 10.191573795254637
10.493833480030549 10.124040693090539 10.442871439723046 10.181380895458702 10.90721305824148 10.800906044962874 10.498490818200592 10.826642692657211 10.063550905682424 10.606592637226495 10.233032843799315 10.666342953245897 10.035783068351872 10.674514748072315 10.856414702265598
10.235366764246438 10.855033291971843 10.19872094052587 10.643416356908139 10.761975032848175 10.96704546808247 10.013666230614323 10.714263522594745 10.608825051841462 10.240000967167173 10.614811829603426 10.62015083913706 10.87968750717593 10.552559883565815 10.476283721366004
10.591157580898813 10.302485756895258 10.78100467601663 10.975923732864906 10.484672602853248 10.969010141261666 10.825653094822158 10.973417717020968 10.184358646535092 10.762636972069714 10.169246936638944 10.10378706415184 10.442851100876094 10.337607845594087 10.343811885175633
10.146381796995348 10.935799271403003 10.326901786656725 10.597522970765603 10.408614748275106 10.60052338864268 10.050459343347926 10.999398821765368 10.924027364872728 10.169473840298213 10.37149421730203 10.197187748664035 10.405880480992401 10.176843407163258 10.505854437419083
10.052596802538332 10.320313811716913 10.616097755562219 10.527872061585905 10.41805484443017 10.147220006076504 10.856852554521534 10.035866460969581 10.390489073103408 10.882330570404323 10.39144090526997 10.941443043961055 10.480134022959303 10.100612603195115 10.474677600167437
10.628956096580797 10.266180690394547 10.44892674409167 10.744741702033782 10.79498031434894 10.2761130829204 10.264998300217206 10.46876246191127 10.122362797542218 10.021867607531249 10.130105157950311 10.143607953424796 10.569403735950072 10.353490929196829 10.554487623686997
10.800539713602372 10.461939974022403 10.54975997522243 10.667336748250893 10.511810739331565 10.764583208834058 10.855267525778485 10.73731969165317 10.27794841045646 10.87709031921046 10.494765513726962 10.584951504630403 10.686377713719203 10.052820115687611 10.548097322588726
10.464725157120638 10.47520439058737 10.068457609538061 10.452839513464003 10.792762453319895 10.4103918347453 10.087663248045054 10.316812351123454 10.174850320402522 10.690229095815015 10.756030884683732 10.668907549254458 10.55007881520862 10.427902067355932 10.440715545248652
10.75422105339453 10.906898225735661 10.631143539691863 10.185317632042064 10.988267116109368 10.951264431642093 10.497351995262763 10.389087713890678 10.725089493540283 10.310643574527374 10.773233309357524 10.439241978217161 10.065374681328484 10.342997942007079 10.389932923677412
10.526155112138627 10.033210621714527 10.386477322750878 10.577791147207417 10.653424311057282 10.083924100054555 10.33339093266092 10.189267312846592 10.418274048651831 10.57046847058486 10.741137265865811 10.01424308094143 10.482498431647517 10.492122896497111 10.30312008677276
11.458829295127524 11.780113962447317 11.576803036008002 11.394280977970237 11.076964566022193 11.415122607623445 11.507072380323049 11.578729919712526 11.09350806349306 11.891261298146997 11.889982342233376 11.42105726699948 11.23819286987922 11.78534061977196 11.392158241988815
11.678262002895401 11.921720623435723 11.226751967647159 11.314087882786957 11.965832386018326 11.028441767007726 11.57794934464564 11.7613574847528 11.289367283069334 11.374480195348966 11.52418792206968 11.48561982562782 11.412227318884145 11.185825064871008 11.375528719287638
11.41436812107588 11.890057362700432 11.787826334671786 11.760094687783049 11.86612776394754 11.744622357975707 11.065695022304684 11.044790727651021 11.456468020139958 11.172251385696716 11.155023123930228 11.758175844838007 11.740273989800723 11.386285120901901 11.25200185995666
11.009903366568285 11.707008820102388 11.67827440157563 11.394931705127554 11.402120519294957 11.348234826067651 11.049278499556598 11.561780864045355 11.210446044590384 11.650451448278284 11.310463800161717 11.452963514067235 11.675620709703564 11.531346837475136 11.381304561774032
11.884173111606774 11.09165246840864 11.433849364034344 11.62403974207396 11.8010199560693 11.00225402002275 11.519903687144563 11.444640667982902 11.545386132248373 11.22459759683866 11.66468583661812 11.063396259045549 11.15282563717282 11.60788846277937 11.742010332733367
11.312324352104817 11.141000750647166 11.40398436690238 11.012971484465107 11.551968628960603 11.461060480503173 11.878265642361223 11.782400485101066 11.316742670301728 11.027030417359471 11.321187032757694 11.87150821684426 11.095834020025602 11.512697745039285 11.934418110524751
11.870123673388855 11.735782857390623 11.911139205124474 11.16020702317742 11.57822603535223 11.311201150521072 11.68895358193331 11.898577688300842 11.524008293929292 11.951700136091151 11.235424726074942 11.714197659138211 11.954498828666427 11.035945265647282 11.706254840144132
11.573230673038914 11.234806726104729 11.36785910914253 11.292172228993705 11.870213823485633 11.163345416901482 11.435344975121629 11.404631166319101 11.505976314990829 11.312928751010029 11.61850482532455 11.26398627359021 11.559843289314507 11.141421971528638 11.262176858160688
11.899937536990661 11.662844638636958 11.280669780721286 11.856720105881218 11.62970587585734 11.523375284940645 11.108712447182283 11.181324237943574 11.66631387151932 11.182730119815815 11.437839813651141 11.155724931809246 11.62750976735199 11.48516317346645 11.909822741531167
11.319056427070379 11.365287349759566 11.935597301310198 11.479699571638326 11.308674485960465 11.716617804020556 11.587837145191468 11.190785376000768 11.44713460024314 11.487924433057453 11.85711465678554 11.296109995022382 11.5621119111907 11.228994698026318 11.183023212274486
11.66528037627141 11.46190055843023 11.12643811569891 11.282372733579386 11.330801454493605 11.068232207140856 11.652462726598033 11.326224813680218 11.974179227294984 11.068504667401491 11.441657219153011 11.751343413228858 11.12966863990234 11.091113289629833 11.236629017662008
11.573523401773548 11.892317574304316 11.830429257246719 11.642763680912319 11.008735657133407 11.956997909500782 11.252070687399073 11.863034312146148 11.927753879010108 11.886403328491184 11.994463594401498 11.545704091481007 11.170904956219337 11.608532590414805 11.349291937441269
11.370929018785064 11.031811621164623 11.2779661990043 11.75128680965053 11.02668191560063 11.282471844552735 11.800283319292802 11.536907101498992 11.780083036631666 11.956746962996375 11.515255049172971 11.841814990489986 11.93713645009855 11.73530637539241 11.76198899588542
11.898651487317478 11.102035481479264 11.182303562418259 11.307989195465284 11.669468679758028 11.296614842690175 11.272534552928803 11.914134924413142 11.701276959984446 11.681190590233953 11.617556869246057 11.62886998003129 11.328517026167903 11.829943559396158 11.550222865691806
11.757434453083075 11.862868023798736 11.257166081002321 11.759308928329908 11.835758817296442 11.20865482120219 11.16510517042031 11.479397414062369 11.353680038411333 11.421218903538431 11.189800265285996 11.335895840002129 11.418428067807508 11.08596880956364 11.258227192326624
11.821053695914467 11.026870379988576 11.03742800673596 11.538224003783572 11.034063951181171 11.123790932345605 11.860449187266191 11.862088893614096 11.756813371458913 11.163519574696798 11.819865764862808 11.935403884147789 11.156571271429256 11.463516354430135 11.35020300983777
11.104552406646969 11.407884317184775 11.241054615639934 11.003672480900518 11.449562883561894 11.3081701202482 11.85793580223114 11.802525387465536 11.493324403216356 11.5249800142984 11.463207728688834 11.270941920430271 11.873884663515039 11.45762744775694 11.920147567836501
11.031984794674402 11.913454624536818 11.821854842326099 11.631309283307223 11.746747519586915 11.135907886300506 11.973439036200931 11.634225000406152 11.345678840756078 11.433977500602108 11.675111122114863 11.130388061131896 11.95616679054751 11.76801658885793 11.480893674259649
11.431435316988061 11.665816821088876 11.990102993241461 11.162934635359315 11.158984864842918 11.277460864955486 11.630433130143158 11.638143817076179 11.41837453581024 11.509784911277816 11.257363039361676 11.665414397834072 11.581585632398866 11.676564718697607 11.328119814702157
11.178938682414064 11.260925391890405 11.737850763839482 11.284119929882046 11.499103271898662 11.03258062776877 11.758044966280742 11.012995358455317 11.819676392722974 11.477944264065199 11.228663421515268 11.69884250165848 11.308475545631488 11.150655523058486 11.417680999193642
11.512872619743506 11.878431091166608 11.148583220772066 11.892704852452027 11.558556962191613 11.186937654378044 11.072521174131186 11.63182605102694 11.978523783993994 11.70361138062409 11.287153653269876 11.68384947581919 11.154877993447252 11.750048507345975 11.564887614047024
11.16870419470454 11.490279208990772 11.259906438401321 11.389437730291258 11.519187767034522 11.344026857726401 11.633605423668865 11.423589356994308 11.256799653433962 11.315566230866041 11.469175909794451 11.904353628722728 11.267270363321645 11.217242472288177 11.139252088417278
11.01876749978436 11.495494706400272 11.758794130346873 11.153940059901757 11.634881362901387 11.214928766222101 11.177991855287903 11.000264674539935 11.115015363405082 11.543112265337378 11.79499159662669 11.681125981352274 11.322154757342373 11.672828935125173 11.742386155602851
11.49017262316998 11.345393765202449 11.36751960416698 11.928602761735712 11.653726642821347 11.91662643763988 11.629914099406268 11.629208348732945 11.346869803596109 11.968222060687902 11.094449295487212 11.96884840355032 11.248028777167042 11.290211689829768 11.616892956577198
11.955959265834307 11.234873059423544 11.78555148512515 11.738693679639113 11.663058040138202 11.044065686252448 11.39331763827345 11.188929546786259 11.607327643192212 11.718383661059015 11.352226658222849 11.353329225606693 11.379379729646098 11.446951579686049 11.110663838220255
11.687690978522026 11.092490985851182 11.967808320867393 11.854441923647679 11.382126729499191 11.280273454889148 11.046753382984102 11.319800785262021 11.192909392716322 11.457653074269821 11.672396013840455 11.286698453739568 11.250304045147386 11.678194407659802 11.514556550430829
11.906232266473749 11.82361428794619 11.070224617145485 11.881646671529593 11.806068545274375 11.478777151001529 11.514872476598375 11.882380751085181 11.739048018201183 11.799191497072806 11.341053289058308 11.748148148545107 11.392673148414499 11.857066061598244 11.155594290896113
11.304602074968624 11.860972905861773 11.920425154083981 11.70110911218731 11.394497641132622 11.195279240957268 11.460011767763582 11.939893848001367 11.648537888653053 11.39673890445541 11.380678695609035 11.399031919937 11.376963830469387 11.190922978262824 11.543460631863177
11.180058055247994 11.511850234774668 11.933685968491456 11.067371377433735 11.935946690363838 11.468546012147382 11.037464865892954 11.604071893275473 11.548853533951565 11.514424687003851 11.378498181787233 11.763906402638113 11.203953315877643 11.734086432331942 11.247983503740738
11.13840552251227 11.047880904133775 11.962380383633516 11.543981581318256 11.912206970321542 11.64469687277876 11.120092084612235 11.065913843208659 11.886445609775953 11.997962652551475 11.23186760742363 11.969789427177192 11.846016498000042 11.99442469633576 11.031922314692165
11.669836364654053 11.594716310310822 11.742970913949442 11.470309312867169 11.73100175240611 11.655119229782674 11.431936615537163 11.620998255970038 11.586823317825186 11.584146314648875 11.008501707797553 11.462742752448381 11.238465091418824 11.090637475961405 11.195834407352745
11.754690569815452 11.4432484399574 11.657837994389508 11.10680125262632 11.760917357189484 11.284798587478608 11.171561927089275 11.987476832088532 11.891541714757414 11.43196625699977 11.133897646098886 11.42935123549759 11.422805298728116 11.839972951642743 11.402670818794725
11.726046570441362 11.334478823511363 11.124767196377153 11.038483036122557 11.918518904593505 11.960180880771114 11.350368555595555 11.763994859793444 11.472135073659828 11.584673598323624 11.509014996737685 11.74422443792903 11.459678452678633 11.34192501580357 11.545218482580943
11.881983572685742 11.586251878385465 11.768705460023178 11.377372292913346 11.589175506338934 11.385209611572385 11.150711016855126 11.004343332946082 11.042529594922382 11.438664449735079 11.361684160093578 11.44952100310465 11.261450083399913 11.531780305366258 11.240728116664668
11.991083735167152 11.956007267529655 11.236974694416144 11.67898805390199 11.85478344867115 11.984701481427585 11.54231890254342 11.49409862367038 11.304336695767153 11.434481440578502 11.78783885563667 11.85927440086042 11.854550781384777 11.789600077202376 11.354082802976443
11.523645402837843 11.153602431900618 11.391243068857598 11.259236343005599 11.311417912007784 11.933424581472456 11.406465829897767 11.064229518358927 11.419665523697885 11.310947559244966 11.822827683197385 11.259694484856624 11.848033754325746 11.637978223656734 11.564211847302449
11.614296393450905 11.888366607144674 11.043791152313451 11.683673079936996 11.800874748740906 11.978241150320589 11.792044105488923 11.73075508392066 11.984995178847873 11.37962194433378 11.582419601983512 11.813572202222323 11.959927410071 11.082324191965913 11.96743297010499
11.580050809603296 11.842727923028288 11.051700867076608 11.126136973619971 11.328078054816093 11.308020207210872 11.440945672262393 11.338991603963251 11.720906626820248 11.829230252828356 11.670630256806447 11.641956768235165 11.132016097116963 11.421447717125181 11.341570501355264
11.30290520874928 11.472732682677115 11.935748428142542 11.791843783271194 11.959741290876568 11.466261201937685 11.041727518873936 11.734754756334928 11.48715064605075 11.723384129458276 11.653156128239944 11.821774946292564 11.917695296093767 11.647934721596863 11.701089484184877
11.162956790100353 11.033006712426573 11.154252070017513 11.839417631166434 11.807050310581158 11.562119704893401 11.414178383795914 11.879764254939172 11.934526560169346 11.276527948946832 11.36775931746963 11.495803395776761 11.048938880287295 11.655331846967155 11.529660983518893
11.011477433067279 11.765529297341544 11.208887956563393 11.702417242757194 11.893264268282277 11.890714249146178 11.995658506889093 11.5679743773599 11.90355541603066 11.362060099781354 11.344498669233609 11.770599823479003 11.740370687936931 11.275585629359483 11.303407952395952
11.027074783768638 11.388049515144928 11.665705341458631 11.87581169771805 11.004191249510768 11.334223016889641 11.922853761772586 11.676727171292642 11.188925679552053 11.270284193062608 11.734807413459132 11.243708099117084 11.743263370168 11.88573940607858 11.219948369283053
11.871250666459902 11.383498810212624 11.891235975714618 11.484188769058928 11.502382707419038 11.652939137275892 11.460727329646089 11.17800320819369 11.907447057858132 11.567289179778166 11.870149105996724 11.755991962438117 11.107629447179953 11.503598291643279 11.228144983682903
11.04862477594875 11.75956950572816 11.376500545154332 11.843794412543659 11.44429134645429 11.007433668750126 11.59958164847117 11.956958927649554 11.449511348364757 11.130116598763811 11.065057466919106 11.268777274612635 11.646133275813222 11.163777964420355 11.39155016213769
11.953004201536565 11.096578188727733 11.563709609698282 11.987600449041127 11.603301357584666 11.061660577914807 11.884567541155983 11.057654954526559 11.877253110846759 11.490245534813056 11.404292531111206 11.537620062978943 11.434794037358236 11.11597786204025 11.59458142302714
11.088674733210137 11.136898890109563 11.153545183847996 11.349561158976849 11.70088655139006 11.369799912472354 11.525413764434632 11.924355953884056 11.162276686796597 11.790660638176318 11.269702437935333 11.606527405792336 11.634331157084254 11.75254874691657 11.280836379575902
11.2459065083074 11.841557171993541 11.159715713654723 11.816849207606383 11.902125088454605 11.930535188162246 11.528603773078407 11.270678280658233 11.034193948437702 11.88301837655518 11.5856657229611 11.547524819954994 11.85276349938485 11.477983430052618 11.819996943654969
11.016327044304646 11.683241876274916 11.18913742912758 11.026942505415448 11.410620619593459 11.44673496881625 11.077237893036397 11.028257322749496 11.242538062516466 11.655811047688777 11.690683879388779 11.435060314913214 11.263424677913953 11.643382734194335 11.223188185597168
11.531738541877946 11.255525251400709 11.095537198896672 11.693941997146514 11.102120446136526 11.971422840457429 11.342935212847069 11.713534822561119 11.293652174208045 11.351386476935842 11.280438390879421 11.477994253374666 11.420974556992908 11.243512494928826 11.230913075830378
11.993661736013152 11.947212542973958 11.72751956808738 11.546698442866592 11.177221813452919 11.749452868188982 11.80028490968092 11.251015435173066 11.398054126590099 11.174299884444252 11.619685297949477 11.561632254887966 11.23417884517502 11.320063633188207 11.723032994592234
11.710391043237921 11.69841803489588 11.44404776136592 11.637373747116342 11.07473964267685 11.957996434537245 11.386570022207277 11.081140118094504 11.2712012262049 11.618657748287923 11.427760879852295 11.520129945671949 11.525753805296787 11.973472591497464 11.048850701741493
11.185506809923378 11.3323804876461 11.226867504736031 11.656569958146314 11.787495319760549 11.138590624094327 11.596004518696049 11.447450350131282 11.06567103550191 11.5555010050095 11.36449342273854 11.238229599061265 11.005221129699073 11.380105084712676 11.417519528471457
11.269226293802651 11.018278744870665 11.538647662786326 11.522822260557973 11.69946522593461 11.64041010521903 11.912561177231158 11.638560505490235 11.755497765464064 11.324560702448936 11.892209211879702 11.826952941211584 11.270276054626539 11.728242546755316 11.418721230889151
11.931682680303918 11.654103663418695 11.484471965264781 11.220492534225532 11.037407394324987 11.176599423791409 11.822943195227117 11.92846140353785 11.871317499393852 11.80677535052748 11.565150127697102 11.763065699040848 11.72953664383364 11.757743478305441 11.955644952963812
11.525818991705945 11.215260096246055 11.313230662554586 11.51134873762034 11.699736335265152 11.060878655387498 11.47499411667468 11.571806048793665 11.565378363378867 11.572936558799146 11.46339523974754 11.515501994544474 11.37307150575887 11.786624133213907 11.127802340489856
11.67083642447446 11.776901380543457 11.245607162531275 11.8791577462645 11.795077156992596 11.932365317251811 11.433346310907504 11.843958669260786 11.620590002539059 11.887108837926151 11.273662010398253 11.557064800728243 11.374870613246586 11.15296063787027 11.791151335684098
11.6601604234208 11.36937890330767 11.637518807328314 11.976165122228972 11.753362249574527 11.721904303473472 11.434830850761864 11.134405238413247 11.759378471778623 11.02816584645675 11.327248585350196 11.517803288130414 11.902788882145945 11.330578186592668 11.234328350922858
11.83119375369039 11.681429402670403 11.045590991160822 11.259686141357648 11.288396004179836 11.012528809416974 11.605735581457733 11.433005661593 11.251671377143998 11.073159633132914 11.448489681165114 11.721937547416305 11.130122723000035 11.22272868725772 11.641297217273834
11.39741557184884 11.135455886985705 11.79464751220817 11.870556939023409 11.375956354102588 11.697623566131938 11.474986311595861 11.742120338536864 11.733796507036665 11.82822430721697 11.447829746435964 11.341815272716508 11.190261595081862 11.48612987236144 11.4802164609105
11.786739288011228 11.991549481521954 11.0476670833926 11.64395846441491 11.061542003964192 11.291150153395149 11.312780706562995 11.427300699681936 11.778643622459615 11.819412793242442 11.08895611307854 11.576294987718143 11.627312241861818 11.362310299004596 11.286281800074448
11.123926757460751 11.183750013278441 11.328240548771344 11.629883454058364 11.714446736803007 11.442813897418903 11.471742048582698 11.550062905604555 11.511024413247032 11.90172438163301 11.664291752072568 11.545826553591521 11.686753436058405 11.277090855180337 11.454891104941417
11.334089940830145 11.742203715910007 11.968810244574618 11.046935591169035 11.39469626298422 11.667128919969267 11.197870645353438 11.232902451769297 11.100488209158181 11.269601807237215 11.339819758986556 11.774679722961157 11.482024382296299 11.832764667288933 11.351632889083717
11.694899623465215 11.818132900446312 11.62754487124747 11.346943536698783 11.953427346878783 11.666346217133944 11.709101491858755 11.31307458463109 11.0231963441351 11.651363122904263 11.855430992069026 11.6830356803653 11.950869696240334 11.315035048813835 11.468475554218633
12.976628767859694 12.590346324572218 12.597975706222586 12.75124086870031 12.007029942080667 12.830919983871564 12.070744409630526 12.498844817173968 12.212692607342506 12.80693788893563 12.861655064403983 12.397081774073806 12.519143744902335 12.272095065779226 12.338614520620197
12.809002414936558 12.76122105771195 12.549039331706151 12.993995276387366 12.648171758894556 12.103525857496505 12.723751150004754 12.654399223136906 12.08668318566481 12.085342764857074 12.044201460567525 12.09127082940205 12.5266699421593 12.886004260908544 12.804079732496808
12.343669426358314 12.475969278227224 12.157654011322334 12.344923546167172 12.581112026680046 12.71175924062715 12.304590332951763 12.193770079677249 12.132249618103845 12.390401507697598 12.401847075133592 12.76848884383155 12.3842414523098 12.56738784853445 12.040395658247606
12.529244372484136 12.618043408928227 12.928202452362367 12.262329528013879 12.932076049751508 12.486427845036603 12.399075469647407 12.406617552158155 12.049372017830851 12.764404604719267 12.706017750681621 12.124490376827943 12.262052789657464 12.205813289505326 12.881191082331716
12.043249986623596 12.999569026198106 12.825209800114573 12.177581449423187 12.558269358151248 12.106357658961967 12.690770382224462 12.846107785247364 12.015175462253188 12.047188968748491 12.36178905502129 12.75371215198402 12.107685848596061 12.828876681421502 12.433445303098898
12.876641601205373 12.661294879760801 12.212111822462282 12.261870490091395 12.290045944778097 12.098983410217603 12.514720817053773 12.834143293348196 12.393179987960343 12.792350873137213 12.066436538681309 12.920695609305739 12.758912247208054 12.190046381478835 12.16531055772569
12.101712567515378 12.176906851519188 12.085101575693814 12.207184112946214 12.994460984353726 12.171759181497958 12.633744525646321 12.512173756860568 12.025083078426558 12.52052963937653 12.770500527239086 12.255917088371405 12.38624302700546 12.068534347134115 12.477862407866
12.828363335176771 12.401116214960524 12.447915421015898 12.963539268839407 12.889181726550666 12.374561849241616 12.140427544037262 12.174269281823337 12.36640070343253 12.153921963247317 12.694041749154009 12.232408728306304 12.653679277426667 12.044740616962997 12.802381366465934
12.31998598587335 12.3016513280223 12.430799409989204 12.386668754581866 12.254635726794914 12.570072500160883 12.433216374693238 12.781776368236535 12.502805188338506 12.310038675280184 12.209957140874867 12.621138677861895 12.65785092572256 12.77933363546922 12.044959037669244
12.039696594600068 12.474120982671067 12.159002908181712 12.205169703352828 12.369709119371471 12.392844149511445 12.735540123020858 12.654154327567216 12.591182024898824 12.121624164727342 12.940610236023375 12.1025261726449 12.41682623330384 12.236563783344005 12.69902448043246
12.548307251401237 12.040874056619147 12.964519692039293 12.825719596245008 12.414427519256844 12.26174402045688 12.272716188885482 12.53378415316752 12.62592217551378 12.900460299292048 12.143922068735083 12.468112621128503 12.485988600800258 12.179896131685242 12.447621352874524
12.063058176556087 12.0079158334248 12.004324905715372 12.131085535973662 12.437493218360617 12.439001111304394 12.884426478407343 12.548981374638052 12.486976332584755 12.072919446118622 12.58981085051033 12.62612469978621 12.310263098173005 12.088614033538233 12.479284562853849
12.205217552945772 12.616187486209995 12.076626405294004 12.858500107814557 12.369882230320417 12.296979389782729 12.117887473036122 12.645292085219435 12.753032700612323 12.925373119120827 12.765341362880475 12.08491819027863 12.84159991258094 12.53540061279111 12.045376262885101
12.250587120384086 12.07085487194554 12.680552276317318 12.643887482820103 12.58906941095014 12.065048945054487 12.428027317627564 12.770899761859615 12.826851758264041 12.725818453445976 12.644084502224477 12.808027661164896 12.139208667110536 12.995776101589046 12.653043608542204
12.734653705970505 12.602729954944062 12.031939361649702 12.111276437815622 12.501556343829167 12.601256591936602 12.212121839180194 12.727565721672844 12.97482082658661 12.035841212979644 12.867140246365487 12.282499050345589 12.808217800201046 12.901263805996575 12.882666706263695
12.252104147361633 12.618836087745324 12.034797158395833 12.346781899305977 12.2247210256068 12.138607429798483 12.6173308536824 12.23276196280397 12.215145133970845 12.593462995040094 12.312626342198604 12.701357503971453 12.92636518254987 12.4222122656477 12.767389921666616
12.982801265966533 12.98675829334107 12.588837342791258 12.563014400980684 12.956005561707343 12.199393730754405 12.164746737479339 12.609254559406926 12.480889116597162 12.880136271801176 12.561634203687735 12.400765045998847 12.259497943529556 12.43252879100741 12.780940253301118
12.519343893667665 12.502562525415108 12.409972722585543 12.312514952289002 12.257888814138832 12.960359401827711 12.449514528466207 12.862932595386939 12.266487192002824 12.940222316849441 12.626584938448744 12.923010238333632 12.676725236409466 12.777774462549099 12.976326923782466
12.294433532779099 12.247215349126215 12.854929866324142 12.154687521894184 12.086995202054906 12.691505156216452 12.664938426854224 12.47123761362069 12.370802728299942 12.498945531093025 12.613226188109975 12.815722863210995 12.621913316836352 12.239759113827747 12.212508216582272
12.321637937706418 12.33520649863179 12.557464888116701 12.081628864074922 12.96265537743043 12.694904980044356 12.794978208905972 12.689809799967888 12.661529541881116 12.991007378801598 12.475120129738936 12.10146379750643 12.9061350096257 12.548996991501566 12.661933662993635
12.071457999002867 12.313587741354278 12.30054271435308 12.566118701813354 12.716687364293655 12.060936922413637 12.764509673737576 12.626061367166727 12.647045332927766 12.609703762661642 12.130448955249056 12.695348053546853 12.877355744477283 12.691583061346599 12.34083708057659
12.898317480280262 12.061555811005706 12.09391238889508 12.553687375597844 12.177119382259747 12.591397475841678 12.386052310887347 12.133757383474723 12.546911608890497 12.884160187502376 12.361611074558942 12.368427736784293 12.600241740611574 12.747345319652933 12.636485122919835
12.433429053529958 12.857323656629127 12.05304868888205 12.53897679384814 12.743946236497438 12.145833080218287 12.080684083714626 12.15578911442176 12.718229369783879 12.312010568640424 12.793957793198839 12.156486815362594 12.153693762046498 12.214274302672186 12.006470157568707
12.809051747219874 12.86959159444453 12.131209230219927 12.860046840725014 12.420449898021328 12.005690783006601 12.4277127354281 12.290879486969725 12.288666415090514 12.38299671235017 12.566241961332501 12.19078121225779 12.136453840420527 12.630405251763243 12.324520947105036
12.784339928724329 12.912078133082726 12.360276410579369 12.386730545773425 12.33747799570746 12.78863587094825 12.536269586226556 12.312117699646327 12.688904288341133 12.171055161777057 12.318383217878981 12.253125244100888 12.253170482527482 12.528682012065804 12.092993021328006
12.694556646413792 12.082520450969495 12.911392649598653 12.09978427864979 12.91595509418201 12.294447913778306 12.078461704902779 12.052825858056005 12.841289596010611 12.672854557895011 12.271954812162273 12.419634748216529 12.433205479094182 12.532926377801319 12.800203879729818
12.569931263343701 12.813510152074116 12.003323884939386 12.761961560404487 12.83488741078199 12.84722954189534 12.7240073761522 12.438120974522965 12.628021484841568 12.014484332766402 12.583995248372657 12.105426148634729 12.170494454637831 12.012599479159013 12.53058035465085
12.285386632698255 12.036414469164193 12.680274151567264 12.670005408420922 12.731649940525008 12.687857924075416 12.516303957511637 12.849325142502513 12.780373962209971 12.404666980234056 12.277260517228232 12.660159839869886 12.040680439486843 12.530684685711782 12.881698199158059
12.33727084221637 12.786060169047655 12.755940809808765 12.122871769768327 12.338365795955042 12.822639076335985 12.233402763950131 12.497612377135656 12.486267359145392 12.056503888531727 12.689257960747657 12.79592393469884 12.430556266006775 12.459824774033645 12.327294726827802
12.964025395274243 12.843025643987186 12.644301645841 12.250801506862976 12.152979183721083 12.199760656183646 12.790499774954197 12.329504701299616 12.79570949243651 12.222383187246859 12.2529294785993 12.924417764042381 12.017128472325746 12.05197903963135 12.76326366851168
12.650075153694969 12.675252515048172 12.011450697440655 12.78787607099809 12.40147673725827 12.855604745680228 12.375515574432553 12.260922201452631 12.202169679120445 12.696863766879131 12.912296569096574 12.610473737756113 12.040246351490845 12.012633137718002 12.08642774942061
12.722756905505126 12.75063815161315 12.292369840500601 12.720825005275517 12.248333272116826 12.174937453532154 12.313924010923998 12.602747719324048 12.444101834118893 12.284080322354354 12.780806629952117 12.989504408119762 12.566289093042192 12.684575278962505 12.109215433093425
12.2201315921027 12.682133718657871 12.945564284803867 12.733013817284679 12.671601909602861 12.6517610112774 12.481853812472966 12.069271258932986 12.111593563241689 12.946781724021383 12.30715584191067 12.592638010162233 12.094580812449994 12.91843856515734 12.832129339322409
12.303740898691808 12.42398037988456 12.105663091703525 12.023415365623594 12.244950830638272 12.86031650792904 12.182194491698565 12.662709534146352 12.616287247164903 12.193843022121209 12.181950947124506 12.149017997593008 12.474888169542709 12.519787811844761 12.713133395606294
12.272593945321873 12.963388937212818 12.055361613303058 12.974080387880202 12.655653729133313 12.50571695874984 12.119899412096231 12.517681965673313 12.10282273519587 12.433223100567677 12.962979604785579 12.876199375612781 12.9333634999098 12.059735593806165 12.970092108359589
12.35462683845326 12.4775891693025 12.311034986333787 12.401403954775759 12.528270227773719 12.311467592649345 12.63241421762788 12.226396723520756 12.239006659850833 12.476272916042753 12.04740056779892 12.805627041210782 12.174728611961683 12.884242545294917 12.921381362825226
12.140588210957992 12.437764183741038 12.34654974680954 12.19578867422899 12.163626916586832 12.860605548533936 12.176502820650432 12.601662887692031 12.072096187476259 12.211065025315307 12.11873419884236 12.635828413183761 12.024402039545052 12.84401928692086 12.434243596497012
12.888579651263585 12.610327797595035 12.803189109432253 12.331511513501194 12.648688591389698 12.383996666450498 12.853943000926476 12.575500759764926 12.579710182856143 12.405059772290915 12.436901066592394 12.029214838549077 12.660975160477864 12.172173313442563 12.072154535145243
12.086584490094054 12.517324456215036 12.552555267521667 12.315206101102442 12.440804118891617 12.723552985841081 12.31238828592821 12.968274617164568 12.398842538718895 12.662695150344618 12.63506229347904 12.884397055057194 12.000702984737913 12.041698076676958 12.57772685735987
12.366799670825763 12.531109714670798 12.223692633806852 12.761349595568452 12.862299453474979 12.621649711453877 12.1229868809448 12.715454057016405 12.375035548355354 12.032999453265482 12.527069808692598 12.205936432984402 12.785620440479198 12.379718642028736 12.359328328817607
12.562837507067973 12.050838264485375 12.51419403102256 12.576843222415807 12.494672480958199 12.08030811619042 12.021668213481018 12.109545444423974 12.126898290994946 12.939068296243754 12.294889637261246 12.49017654628173 12.03432396727072 12.908827087364068 12.954771970674162
12.598912425527976 12.850746688522474 12.8556643005654 12.962552248120813 12.25217285133112 12.633822619284073 12.298257136318867 12.62928867161518 12.202053526654105 12.539158096039188 12.54824296986729 12.870141057142341 12.480981713356295 12.514833196808755 12.303120590223125
12.473727800651268 12.925610010383775 12.666046481751687 12.112130706374842 12.86095525169811 12.144627599942794 12.659296343522383 12.206845138821835 12.793066824605809 12.157081509781037 12.036490567883426 12.290733991805006 12.755260658437221 12.42096559378422 12.591602658916417
12.015768062651263 12.290076277300678 12.996247731397938 12.025969888004 12.039154081039344 12.383852382309902 12.142170942376916 12.94305446271669 12.749588150437415 12.119909059660301 12.73557734100602 12.869466232172362 12.979952859139646 12.203709805876876 12.515168480891484
12.396271220809364 12.282171915925606 12.638110018492705 12.306029462315493 12.723087367209704 12.629975661702629 12.780899991509902 12.059408142656318 12.857195335586107 12.736619625427686 12.25220245191329 12.754654936302439 12.470868686346527 12.527137428519753 12.675886009652016
12.953393118140221 12.952354113277934 12.688498215720731 12.037007254329273 12.070402778856081 12.499409608504411 12.636078623838044 12.516396213391877 12.231366586296598 12.199034275915391 12.68114677004596 12.023851281895338 12.924538723596205 12.913000493215739 12.661597002615292
12.293010840959681 12.521563333287208 12.446025538289673 12.806960983641146 12.323821329361243 12.142081667552386 12.911896615770395 12.148761439998683 12.162622093058934 12.267432696537963 12.432589058758786 12.358563039063958 12.495219472207491 12.970664481871966 12.306395348572298
12.498614208894063 12.29492408899331 12.623238873473287 12.563307381130937 12.803762853352906 12.815376544969421 12.463225429931573 12.389372877227935 12.278367811096146 12.547088796348776 12.4654449062217 12.246471862733749 12.588217050228087 12.366979621404534 12.54093637934763
12.639936500492242 12.455002739396312 12.001784256233849 12.21128664240939 12.393664064340445 12.519692088765003 12.099070066237738 12.552773983205409 12.980849043759667 12.431172417699324 12.653691310596892 12.38594290137811 12.928187238622657 12.737837491961724 12.272868061392229
12.398140367179382 12.562381412874 12.012321435795288 12.779675220678504 12.129708034185409 12.400003968117886 12.52337568858901 12.952580198792425 12.528939192390617 12.295249601877968 12.683923377972274 12.777768167051093 12.086573173778794 12.054836618372516 12.450614523502418
12.4513462289112 12.397513712630342 12.605292591258143 12.827744697391996 12.510119191667052 12.365622549966352 12.955086649797783 12.637188823146138 12.892480983453114 12.166852703246036 12.132546966018394 12.756040570335587 12.435067520213524 12.516650755793432 12.000228805699154
12.094937257692054 12.2961683287557 12.749470872868555 12.347374906204282 12.692589115186593 12.06349584754697 12.711407764631097 12.944336823513488 12.435820536366526 12.851762743617407 12.4913697768377 12.306301699586577 12.079470439249448 12.524619472351425 12.571877279112083
12.75839676867085 12.436787616992643 12.285855206770892 12.06748552312979 12.020218840530461 12.838496279872395 12.276367856343075 12.33699541238567 12.935064109124127 12.217495645925462 12.486259337887573 12.405029580217239 12.157609155331205 12.466197008446882 12.2455146357261
12.309215215771982 12.583520920535932 12.034790361562047 12.792074425178049 12.701128940410841 12.055450204307409 12.091271905313468 12.932712488859025 12.772323822319095 12.412089451924711 12.947852893670678 12.60998117171561 12.851171642640958 12.260452125261146 12.873409064364301
12.267588969792948 12.821918338741712 12.946258270396118 12.857919356444887 12.266926696689879 12.854264511725304 12.073286101540807 12.372381215351812 12.249059644585639 12.799946502736097 12.579777371223821 12.67647941339589 12.259354899389285 12.012208469879043 12.818459984394485
12.766323666231546 12.656014796515056 12.27471866283312 12.306478151530804 12.62586014493382 12.30913850605261 12.988398627692176 12.81249697717822 12.04810055669116 12.36353591043645 12.757797120135885 12.230474909506812 12.926101389300738 12.886369034048137 12.043054607187479
12.253073903656327 12.578665856161546 12.049798135351336 12.599169247542731 12.202403968578716 12.372028790848326 12.109160926465423 12.011187804995062 12.50177512442033 12.626325185703392 12.328815121697037 12.752110507758475 12.179356470071209 12.55443097219234 12.180626024523033
12.839711770963133 12.483118452300396 12.77080469589946 12.594182305765196 12.349143599430171 12.156161388260045 12.729246848169941 12.773174846944059 12.7501018514475 12.172509287257965 12.301033489927839 12.108975030307393 12.280500202887536 12.7656749827186 12.588669475780211
12.02030052332779 12.343010354555766 12.395779269479402 12.985545473769127 12.126957700396142 12.216491189745874 12.895732623461754 12.438072689001963 12.026002245550176 12.211243617556763 12.412965589202985 12.844407279185056 12.080260192236015 12.76519202862197 12.92041959866866
12.532666726404674 12.052003793648762 12.877507092170145 12.008987244548486 12.80157819357551 12.118677840653072 12.706849139462085 12.393317041654075 12.57778907809488 12.792923918268357 12.123324745990287 12.06387467645428 12.346608436877695 12.535751185704438 12.496413936183078
12.300379132384382 12.646736871672562 12.399554560806239 12.025539037320462 12.825208662209322 12.58458226350677 12.866781751982119 12.475610302675227 12.220097985879487 12.020046971585831 12.160403238847694 12.266797739319685 12.355425142554095 12.303211700510477 12.693940063404668
12.485942249318356 12.98861225613685 12.700130163712476 12.001655943109187 12.536433758979493 12.876641811683779 12.935987586201623 12.443622398038762 12.82404754721389 12.717415949875184 12.605165502699151 12.215716433895683 12.088144353492922 12.985663182380662 12.550293906705404
12.711212031258919 12.730803975525763 12.261323590492836 12.696161231139664 12.078478767577145 12.770875822477725 12.961819799146852 12.239391714705883 12.89840170275539 12.855594180298427 12.484347861459902 12.541088370474872 12.26548878462857 12.099320100967828 12.640298527631156
13.547179186622124 13.198233361172253 13.387135474671142 13.92114623461756 13.069993444849743 13.2271510246601 13.180429413591446 13.573619481462444 13.80463337979196 13.213011392894552 13.792280824725925 13.681692630647277 13.524996311150181 13.933137388577475 13.562355154079576
13.453916492431658 13.506840774885159 13.740245649536806 13.354197358338896 13.696830460721165 13.859079638411588 13.646153618418554 13.322217426194717 13.018676796893484 13.109522172574508 13.511780473201155 13.951328410304457 13.652363148750254 13.087575957667676 13.63522001186375
13.959111372970659 13.912596553757183 13.873958664608157 13.921266160717321 13.768545642267666 13.209338699308741 13.346258966992552 13.988622434515513 13.908756544088693 13.228208366126532 13.63922458358787 13.02512871575542 13.881897332690656 13.358184209485339 13.659944841441227
13.936690173604575 13.746195629446706 13.69793689296711 13.65063389082616 13.35219463549754 13.908359084815807 13.004346748178731 13.675510180487496 13.344556495052412 13.39294875659252 13.760239162445178 13.823306226961996 13.307126498802754 13.16199315961023 13.133096955573698
13.863232692841658 13.285058529504031 13.895029478912203 13.972485308237903 13.06975877923419 13.202826095100942 13.00792291262229 13.151151257323697 13.940360930872023 13.851932505722747 13.588229047125507 13.493236601229519 13.570430331653203 13.206960838598294 13.355528236260893
13.252769455958349 13.520819077655144 13.623460562080226 13.717074845110009 13.606576401035612 13.116043614717594 13.737770139974673 13.482268642890457 13.907983422678315 13.244953523561833 13.436725638821274 13.823869381440415 13.511150847616058 13.900712417773375 13.094307740926034
13.629539793394777 13.820613570099622 13.893227034238183 13.382630376362796 13.474216216853533 13.846575014276382 13.394699468903802 13.356276333554769 13.061970263064872 13.953729030275557 13.237766852007914 13.181836514855826 13.135438853946871 13.6798613050651 13.175731418787974
13.838610775434987 13.531564178100666 13.470208002491383 13.635673270162727 13.351780861831111 13.274298946969687 13.92452582531745 13.847777328296564 13.635965946684136 13.338096596537985 13.686054515534973 13.617994493175784 13.824924390212349 13.990420163488217 13.41502939659436
13.426196735492734 13.042265850440598 13.42716736374828 13.384127659156656 13.978274419162517 13.92839010883447 13.751823795013589 13.109209265141967 13.818163485739708 13.880469801912978 13.21731999594758 13.085939670982407 13.114579224679131 13.88514675203883 13.04898238131893
13.141357661030547 13.27727188487078 13.027712299950174 13.097631761446335 13.129179253968656 13.628909499941706 13.246893937933246 13.033797795711461 13.698603756287048 13.961231083451782 13.670972538056628 13.787181162899383 13.648616115782065 13.437903598489406 13.918805089380125
13.459909795215761 13.943254948212044 13.971554170135397 13.078430156252422 13.997799176552196 13.808043157346606 13.898738882319531 13.686284862535969 13.49074135627413 13.453753993843621 13.504148038599505 13.921663034240465 13.09151036978627 13.880912473304665 13.70413698100327
13.403896713903805 13.191687194801016 13.906908033517691 13.989710617827678 13.433843824137936 13.674070156102262 13.027321509678089 13.55037918701637 13.256617209160835 13.772851500624757 13.9740457389146 13.35284113534325 13.93909110519064 13.316004733526816 13.865005489321863
13.83223860498252 13.753573233714045 13.898741307505386 13.653759286643199 13.768770293727698 13.538131761869892 13.842559406788157 13.181992502610392 13.868734677874686 13.36441843257458 13.631321580915783 13.513886610441324 13.546616305706259 13.985430415616518 13.883962040412069
13.38857747080659 13.413617102753042 13.958504942646108 13.822838511830163 13.565390908715255 13.018072796413582 13.042942623390312 13.627407648557126 13.556271059178846 13.454484721831795 13.457006841875515 13.024816986948476 13.740793300081414 13.560435404741423 13.845647680740083
13.962170458958878 13.141380112394478 13.554446095979719 13.358151549724477 13.22963874595245 13.199814955432371 13.132872876314376 13.064017571189318 13.459249598362874 13.740875577496023 13.240227681722898 13.045715327738824 13.011107293079371 13.934884964268809 13.954848951004383
13.898578145521729 13.8769547889703 13.478204375230309 13.19063616239222 13.040939256235236 13.88040581283907 13.399170092456208 13.205601545335195 13.19171881199139 13.133838210726697 13.866701162684885 13.229280921539402 13.608021679419982 13.923854537139766 13.129782905214736
13.873585242114897 13.191907171219054 13.940378807218812 13.24825675347556 13.375463052801862 13.37334393454355 13.038873672087217 13.588824241137738 13.134783311976163 13.755464422313874 13.530825271966453 13.154898847866997 13.457137110407068 13.86858481351344 13.334557892138616
13.694916458893236 13.88879576345009 13.021058309258311 13.186603955621493 13.190941742212557 13.039851972144966 13.157880729031188 13.513269307087723 13.767883688273013 13.331609519593442 13.842069426644839 13.492698072421902 13.283361213987723 13.675576758228729 13.959187458358986
13.299654395472698 13.859235186868744 13.693956808013185 13.51198737813074 13.518404170741512 13.398050543998139 13.725318408840495 13.919999699174488 13.23349165342088 13.69110832461234 13.524168316793556 13.56799306118505 13.363872462150203 13.069614326522025 13.259437005343344
13.957585003523137 13.392776085821328 13.676327200602444 13.144427240422502 13.707882997799206 13.76383704088043 13.342356036418565 13.789564968569566 13.823887854940066 13.863446685342373 13.7422332132886 13.159330403144217 13.10549245412206 13.689942193234044 13.97011569848823
13.836036718355448 13.305260685718888 13.022163286955294 13.930943893908793 13.14566272539569 13.659773171833235 13.143071298211876 13.972613993195093 13.5847346073576 13.717177472739532 13.948538995635433 13.998696301900157 13.902291436820802 13.962682282852168 13.577084317734373
13.895958764057479 13.137257780376286 13.604086880195853 13.533234284329213 13.486930882396619 13.88908602584842 13.021038312153177 13.645370295779351 13.374970596093124 13.108319973386495 13.804560490777558 13.098319444146135 13.98777258372218 13.7337704559879 13.017500952042612
13.211621006366219 13.844983348668825 13.5742825831272 13.291892832876904 13.596311029378791 13.57656502323487 13.935613631377844 13.64583041581089 13.816232028151669 13.50077609607389 13.626729163010602 13.450309348871736 13.704289135772143 13.634114223758633 13.144864589587474
13.805582912554415 13.039737586731889 13.850292634838867 13.034987862466322 13.696938438360558 13.379501311107322 13.531297984629616 13.646838605372144 13.691398460862157 13.454685241250623 13.46080480995319 13.771507615305033 13.609703952369285 13.692859616146222 13.898697253131964
13.929560154391137 13.562037128676435 13.107356808562153 13.745176124477013 13.403994795382182 13.971294384164034 13.006737014981749 13.453905791317581 13.463869702900205 13.724320133089536 13.720741772911941 13.885881385511965 13.608216242003849 13.38936491662275 13.813469292465049
13.609174213412299 13.07489969873232 13.517131969342111 13.060169298712486 13.24443917140109 13.305375187090856 13.403128623954132 13.800968819315598 13.332044785660488 13.533826751930835 13.330639771816944 13.153005250839344 13.853913148794168 13.177965949290305 13.236493099475327
13.96185625082674 13.981633264976209 13.248805700723466 13.94588627745976 13.303820407080073 13.842138361346986 13.56801414311745 13.607898859390938 13.81251685975223 13.093213788273342 13.183992245727499 13.7299125273654 13.09643600639074 13.883328973176228 13.011608186360732
13.257015354700556 13.038487075196262 13.333763453921234 13.385560153548463 13.471566639708149 13.824253182671221 13.025723521783268 13.913628771876493 13.098451514872078 13.132577995147736 13.10112246563727 13.743619213473739 13.893154841908615 13.040272137141258 13.492924141216836
13.116582019950933 13.162636454242325 13.842142062879535 13.48942626419606 13.86894059662386 13.123090983457207 13.168207651182572 13.30658575803376 13.36744326792853 13.734026869901449 13.49188893724598 13.593466001554429 13.213395302074106 13.664701052562776 13.366106949191199
13.828111638871352 13.93641713132806 13.346797440025513 13.498656858857974 13.374633343187593 13.8130124212655 13.6463383890552 13.083876327040851 13.567011746676092 13.891520264154208 13.548170356532932 13.644546026456803 13.56110606499444 13.282563180889289 13.387966481788968
13.006122637657802 13.853579576596994 13.782893383948519 13.589540114764628 13.9248199054864 13.304930616831827 13.940577234793743 13.56936512493291 13.32171601205525 13.22354444267838 13.740748281482487 13.455550252857167 13.036980901228711 13.568657888067793 13.193697142745554
13.535116456314672 13.511480078690994 13.612354908712188 13.24085646259295 13.891277709023315 13.827426594173456 13.464188473873484 13.559277677958056 13.521526987481229 13.095415768923708 13.706749864997947 13.041485581646805 13.337681541563311 13.262092709216557 13.016483685094254
13.95513590866912 13.840641887873705 13.030865098091565 13.05127344355948 13.045689770242854 13.935471955492796 13.737489336733542 13.074798429056404 13.135358390207147 13.306507893548105 13.703021196252976 13.757390132005405 13.092860251605813 13.007556030433408 13.79853630145069
13.344092390414518 13.401071822609937 13.438840886773393 13.699190702441713 13.912856047614488 13.933442575248238 13.680216354422322 13.57960415990731 13.75927575115459 13.965083249464536 13.229254628697266 13.808214938037242 13.039002947899805 13.890726392968856 13.553178772022193
13.535166983202275 13.674945469075945 13.599296190285745 13.505206683960418 13.936455891146123 13.193591095694911 13.963614505643852 13.578725607849975 13.276473279158308 13.59326865934096 13.443808849156632 13.176817952394448 13.881753524452849 13.566887070728251 13.374276826208064
13.560010596257877 13.580641143541929 13.40266910586619 13.106600829201607 13.90172189883829 13.156760460787746 13.668623189621398 13.81459618944834 13.928731468502912 13.888584091330078 13.34997343969328 13.432714249746255 13.953099918560026 13.30306031300112 13.453494231396576
13.895311706160093 13.71231707633886 13.858173516100342 13.218672660936022 13.571836016109463 13.32605890696724 13.387476122173224 13.982848197484286 13.55176618250733 13.850784608486332 13.789044429701452 13.435956100235469 13.223186952617503 13.367507404037541 13.62197476096729
13.470227153493772 13.410163756622644 13.273423637353703 13.985450393028037 13.081173235549127 13.1866245562362 13.46468656841691 13.298573982222035 13.808414382548246 13.368244116825242 13.395462992048873 13.373573999483728 13.018380154732355 13.598865133564896 13.57751200144026
13.48065797704147 13.92564405390981 13.894279416240582 13.944876889580799 13.93969926154082 13.625626698136188 13.483732115841272 13.649883145408403 13.142108085225534 13.568629927268626 13.798300181144503 13.279486342642523 13.805652001210245 13.843640557589612 13.495336143337347
13.185115956000832 13.695654455244108 13.360069020749796 13.479456514079883 13.60451231312754 13.007914602280664 13.516564701266681 13.983093900060267 13.520655506103337 13.101855393455537 13.228276636352643 13.903420717705387 13.750736830936887 13.296821232591034 13.247404080431517
13.7574912379841 13.58722460090944 13.000110147618122 13.556609021053115 13.813737901194681 13.423428092743391 13.522239991052972 13.240838233430734 13.185497459967578 13.187564577286931 13.553111856945115 13.650329915723002 13.93103025556137 13.08218618495355 13.422148124940168
13.856055809981576 13.494536546453158 13.079924851556225 13.946146629818564 13.368576979524025 13.14396174599258 13.861865274170144 13.880506436885085 13.842267191541028 13.413921844925012 13.401456993791081 13.732644892816607 13.019084960328687 13.94586951106348 13.194728857241987
13.970839377277452 13.479551908807046 13.532660342497497 13.216670064151726 13.467391724678263 13.863321054933559 13.620967591877967 13.043994085567219 13.35192691915305 13.097696309430837 13.002532928852984 13.226103056416143 13.318801909078362 13.82968935196862 13.934030018615298
13.908921569472101 13.832014510101642 13.695678691081405 13.46535652403144 13.920371042658575 13.601666233572134 13.28246030045725 13.327459019088948 13.011606684782283 13.167947265337737 13.634457285886038 13.333335007281853 13.714740961098508 13.421775297573346 13.944081567939264
13.879644668992277 13.32562904817877 13.415634897628747 13.625717886704912 13.801404307387847 13.849393454804705 13.873826946943547 13.31852643227722 13.528522441341321 13.356715892882987 13.398253212948086 13.48923723887093 13.220478732238611 13.090527127960618 13.484023575704605
13.213336108311367 13.314234654414301 13.835576018713702 13.108588943219253 13.401518205541977 13.710504248234765 13.517461232495005 13.838765866937484 13.208012041724709 13.644802163939463 13.733060383336348 13.111933707765548 13.608353374189193 13.142225154000938 13.930893054926518
13.590848669487048 13.166414683042253 13.838712649008125 13.257805509558617 13.265933584258818 13.823973015510788 13.86657047739288 13.667466575019622 13.28456581350389 13.140824826280019 13.448331621397726 13.746516095867802 13.32380053526729 13.789433816425893 13.820566130488942
13.855808137109412 13.691129703003954 13.265323689891705 13.118042291714898 13.607043236031789 13.237291925326744 13.712904529406 13.888679233510127 13.399185877056038 13.595812168102007 13.486148264112904 13.981020995738051 13.724413837747031 13.22586415856825 13.564504877842019
13.648500873326572 13.2199488319508 13.228212765277016 13.226677871382693 13.848553770477142 13.989968502972182 13.928407230620225 13.448353971463273 13.879673461625465 13.55090209555503 13.777060792258634 13.33470841178848 13.695800969594607 13.863763094852283 13.203965725629194
13.524484340538468 13.464968876441894 13.308774222265301 13.68095715373881 13.909670396676123 13.197915753574291 13.13039109740996 13.397853163875673 13.203278133447546 13.562423932107246 13.83493330964131 13.636462471157573 13.857447056106638 13.320422815291145 13.258382283481206
13.139565461797572 13.585081236177217 13.177439011139352 13.538507612112678 13.51493768452574 13.270448928775377 13.217763675557409 13.023334581005324 13.988900134226073 13.367652193605212 13.513746455283068 13.227067525682946 13.629543278763252 13.980600929502314 13.943914648527729
13.30493500332393 13.496687216713182 13.69410165387309 13.732154839798117 13.160024505674382 13.043803419768793 13.882898280557605 13.728983982902301 13.218025825793442 13.496538157776325 13.663978761227298 13.995975303519826 13.1099037796836 13.863141393469741 13.877187532899011
13.825694003138993 13.987872746083816 13.69401930713969 13.480160956235746 13.93203630465869 13.966646738166592 13.700792431902418 13.525828996530176 13.179654972680368 13.229790651674502 13.869655661201833 13.45420306486723 13.886193012117332 13.670099365634245 13.759500163109472
13.774896724099953 13.427336630066439 13.543283739370898 13.262171648271407 13.342802187495039 13.602237530927448 13.505843004658923 13.22040311908168 13.336572359501139 13.975643635651345 13.580855945628427 13.948374801065084 13.738034589687013 13.203116313146303 13.049523525100485
13.880517322464149 13.580389017940625 13.16700152799529 13.001648112132546 13.28608897234965 13.484020696061501 13.603360960265976 13.294835481325004 13.230221423507107 13.030981620998006 13.78385882415288 13.970057897575867 13.73654282946361 13.342674798853375 13.731638463001092
13.750317128658887 13.412150489937668 13.819999786089387 13.396512272711174 13.109499180455675 13.632620484765994 13.381195098181824 13.19232770290646 13.54011281479639 13.752904630660085 13.68983950758898 13.308160722435211 13.071456434841805 13.709379871087801 13.803951199754176
13.245027613489821 13.793858848371263 13.808979010446322 13.396850004696692 13.101094548319073 13.129991189016602 13.46324571178322 13.201424366622462 13.230904160547231 13.86084923375066 13.118321131050635 13.611671861545542 13.037926448077602 13.461856041486334 13.656282850918231
13.438857628375244 13.824781591540408 13.133637381712589 13.098921898657105 13.664362901692407 13.821769962280907 13.02237312819898 13.531956532423413 13.65727129025059 13.741884867874353 13.516230088207514 13.785846613864118 13.731967661715569 13.469272060158007 13.177232731534566
13.558785669420065 13.10950072948587 13.778138945961427 13.822030106932228 13.348112143344434 13.316187241338687 13.300406017611913 13.500368828045445 13.768295506281905 13.803912103346658 13.312931649566858 13.636683466355557 13.576816521143527 13.108805253243656 13.298930668702143
13.398067287864416 13.003675707190922 13.178452818897483 13.653246074993309 13.430987834572289 13.785927246205434 13.592526582936744 13.347422532808448 13.469463410999392 13.645550460014142 13.277692426209638 13.84806892142223 13.959018164581268 13.817134576242854 13.974884778688015
13.090786891281185 13.763584804005143 13.631266502599992 13.155510837222867 13.851980844431791 13.226625886111146 13.09017592807854 13.302874834062486 13.432154114626437 13.343095872468872 13.834105414451901 13.476089390395058 13.166835336767834 13.565467854237975 13.890037766531133
13.8559669669962 13.915067515196977 13.81490037238446 13.11882671417714 13.53586173041205 13.340432152431257 13.597721402874555 13.332441188829968 13.165158239892044 13.495868974283121 13.737757960575951 13.639947487270376 13.179080090146861 13.95109163659725 13.126641556913503
13.699017430169892 13.255718004668115 13.460188462112374 13.067071209596874 13.199165300696754 13.329653847282916 13.957036118990787 13.23811695226961 13.08357957934696 13.961283309428286 13.487443960422231 13.046999317838651 13.728330329999682 13.111916143956261 13.539484785387911
14.148380331338998 14.540896707734298 14.406960809481328 14.11725783905983 14.210054719504313 14.214373045616199 14.782974912840102 14.818368132713116 14.58303027487931 14.17937669308846 14.009091237421872 14.121695890798975 14.394338817730231 14.63259376410467 14.949304746227195
14.06956829574249 14.722520134685984 14.88906408300656 14.589332580118773 14.53723551541252 14.938573187073095 14.704720194900913 14.79023580997237 14.322591477542828 14.999270418286953 14.646358959149556 14.450718546315374 14.36036908582728 14.465082297281496 14.548139429868503
14.260995709859488 14.467578853612727 14.281561119022 14.586863422723468 14.513348331126233 14.16074872662908 14.910884395142018 14.532710394500622 14.497961115752188 14.250561965789062 14.22935996705766 14.287761654883296 14.857363866254031 14.11577912634106 14.717046275944176
14.91156309628055 14.898774909531634 14.785869177050511 14.8572430127475 14.951139986286906 14.27087106140009 14.220563965542278 14.336458693112856 14.042290994531921 14.599985475916124 14.46458900211586 14.58956370415318 14.429653115728193 14.650461054328897 14.677112977130502
14.470188234410127 14.26494276021063 14.324863984122192 14.387997160640248 14.34302681798206 14.285942845021545 14.351987848400203 14.716715228246857 14.692562241891729 14.753219399792245 14.824056406121883 14.704852817729781 14.421823353602704 14.327215388110513 14.839258526392415
14.359385260186556 14.375142864790432 14.905283421488706 14.381726126906434 14.481471178952647 14.26048277174578 14.306383629023344 14.22829233747448 14.864288353816239 14.069746487235433 14.090585861486009 14.10984342312448 14.983477837511932 14.299598680101127 14.731180811331319
14.574804868501726 14.875050759610028 14.76066480624451 14.819117811183727 14.00327841801364 14.498151735284464 14.52958448897952 14.972651281223923 14.00257352943761 14.513861778223013 14.646243943459123 14.649492345084466 14.978353215298885 14.076262604777476 14.48761480397377
14.114425251144587 14.020340675835591 14.928273284845105 14.359977471178428 14.402263438160052 14.367510036043411 14.822309358826622 14.74290944386616 14.234183273156164 14.624910635435931 14.044603426791777 14.791270160845464 14.494887794694252 14.592751187785266 14.61206560056096
14.155515709155795 14.058717143110785 14.038096656337865 14.531850631467037 14.916028118474644 14.464736050769009 14.990507131151917 14.366338578897388 14.44374564789185 14.183992976947298 14.17517443868272 14.230023886745323 14.297232018316288 14.996559577867759 14.010589330102773
14.259847590726807 14.845424175154312 14.301623187641514 14.19249799163692 14.546796004602392 14.165649360017634 14.02081907409133 14.2618835176925 14.494128475429466 14.908104591702475 14.123153320199307 14.711934619171505 14.57638580769013 14.240842214706882 14.69928120771292
14.127440160362697 14.513370061320714 14.69340767850779 14.943570048534701 14.56977484348232 14.944575465397643 14.702626646030073 14.364289566622851 14.921617983622752 14.792089142609386 14.930640413502429 14.035436686503752 14.187773629963257 14.633769597096368 14.97313998099467
14.728116215642512 14.811937066455979 14.57354994332764 14.90485088214091 14.315062315770684 14.913979326073711 14.292001780515703 14.219672258210714 14.928800137609928 14.978297628082185 14.187834609561515 14.114475375952097 14.97211100943697 14.931006476846981 14.77979537351954
14.738418140142116 14.228878510039095 14.732220813247057 14.828470664089291 14.983734079315564 14.004056903932513 14.579408549401156 14.958784428791233 14.629305371089762 14.433417488136248 14.56876757731781 14.91652197220757 14.164931510002996 14.846892216497817 14.19380718368463
14.97600109560733 14.422056313388225 14.3437486173386 14.373792282829287 14.431049294413082 14.215818031762213 14.543493461567396 14.799433919861414 14.547735921506927 14.563638442372024 14.813316823452382 14.259186803286116 14.834846684147571 14.687168597033939 14.141052881426935
14.266740967414307 14.99687699355158 14.92726044435195 14.222046632546947 14.748771634106452 14.474360081945239 14.905735075331762 14.25898111186424 14.771736795007746 14.047634413939022 14.753069835410322 14.435632725143961 14.28749035040526 14.58269423753019 14.987728332826034
14.018687062555802 14.659703262650595 14.631556280633603 14.680708558991146 14.566160962768361 14.296563427214934 14.264614229247009 14.867986381409228 14.776641651307177 14.059950306168695 14.208742392105215 14.78388272596322 14.10046629687396 14.247257754390645 14.092448002944543
14.379984785135223 14.352131453845429 14.849264455943159 14.358161988400683 14.76710275396648 14.212633675858584 14.47592828648127 14.191795819716413 14.671845575254874 14.69110857300569 14.811707445793411 14.64098176999109 14.7347501963795 14.327048382533393 14.712987675525609
14.945953295388637 14.493501062905947 14.157542841164137 14.092421231213875 14.990810275651029 14.1926274506632 14.248401835804872 14.548460602726173 14.697954018015444 14.140168495205996 14.893682816221647 14.293095441875254 14.134765240792877 14.192146628968127 14.425059266582393
14.30677873891666 14.079137852578974 14.087292249280072 14.940631662638708 14.806753982480139 14.799269741840588 14.777313862716706 14.162195353823938 14.053472610191163 14.8431516865637 14.602109293905004 14.06064434057291 14.239516337497289 14.70448375551667 14.144665286794972
14.851104387195036 14.706416827602402 14.334288286017067 14.866994635653885 14.45255197855276 14.016990614239266 14.601277124891379 14.176310848405267 14.53109076658202 14.474284651823277 14.969069993415392 14.399742725091633 14.80172027742226 14.522953827653742 14.854650315198622
14.256242312874297 14.350346516693405 14.094868403833063 14.35998307850758 14.805941130123376 14.355947545318498 14.367976394237896 14.327509212037933 14.530061767930269 14.742221634441036 14.595921729775432 14.960269466005126 14.1485927575203 14.968709129460313 14.635646345896832
14.568700084196685 14.018286693269594 14.38329402929121 14.551180178895608 14.358681628939177 14.470142922274135 14.301154239391025 14.204050253507159 14.559211105272922 14.243387904377574 14.249644807222202 14.054216244264843 14.603107215090985 14.25206734463926 14.624261323956308
14.490166452963047 14.520446668091719 14.28071675779846 14.337745502016174 14.88278503462686 14.181969605098413 14.847177486272278 14.912558689564168 14.214827272893281 14.53848053591813 14.3934777703571 14.866363280193433 14.576317062350599 14.542310425752458 14.16979947669143
14.170815933412221 14.035906385817817 14.008194593450863 14.661902763856126 14.025890551953609 14.399214159361739 14.273460611967241 14.178982691288391 14.185113184703072 14.147387363534207 14.151208608300413 14.266783067730469 14.591505051684651 14.412604834673932 14.335206048387981
14.939894552489783 14.139693749884714 14.191969938481972 14.111508220421172 14.337515779424455 14.96656690236061 14.127215465371858 14.959354004140796 14.29855733962947 14.791006834561777 14.084870178535171 14.38267662235534 14.52482051811574 14.472658421915257 14.460013433501377
14.103606861075455 14.455083884602788 14.140346511809259 14.596470547980068 14.570636678371574 14.708282768408857 14.952673700002622 14.967278310146199 14.586649028629932 14.970567737698069 14.796492916630584 14.791476501712319 14.745809399841601 14.498880197468585 14.003363323251845
14.576757832445749 14.28335364252542 14.992784568917923 14.469762424887458 14.672235607762376 14.888595279068586 14.446648049666495 14.403741150767582 14.29156429054587 14.009015126685211 14.735860724461768 14.288872520771918 14.623875539709735 14.18208460007615 14.113640054364932
14.555759106579227 14.58846809258881 14.971513701496024 14.499065487615223 14.882027984488147 14.508917105458032 14.155902967801515 14.422340868955438 14.003656272391973 14.483244460010246 14.920318595807986 14.759882866860307 14.413634484194088 14.509018735888034 14.935098420070824
14.93968657473219 14.348388523014487 14.485729641270174 14.371235576405324 14.126519691420059 14.018045913297762 14.061508473200666 14.097976177535601 14.006849255168136 14.123545054871434 14.91724276764881 14.535805500189873 14.185005799798637 14.32175151990542 14.488359770708383
14.896787507707106 14.874941913404 14.449157893513437 14.313029821190668 14.83426004670187 14.526042900364796 14.995409445187965 14.165267613273617 14.845178825322778 14.256800198102113 14.529810723082115 14.88238566706463 14.120940673118424 14.486758046002038 14.527132546099326
14.328480681556753 14.926307184806559 14.954996993309624 14.313453458918934 14.2491106576761 14.001087374037267 14.392518368928522 14.65843291804764 14.867046359845009 14.92552868193805 14.476246036009147 14.877328332580786 14.94495802156933 14.86790313172397 14.333962861247864
14.174231447438297 14.698124437284507 14.641565778931284 14.792351145992694 14.357414290430654 14.378727955860166 14.53880073598776 14.764407914389132 14.988338444611237 14.573025967010823 14.980059883773507 14.657857015670077 14.487795646429626 14.253665298339001 14.619737702901958
14.452782440250052 14.715811858454945 14.411633527881076 14.183415414091655 14.144557809171534 14.066361142098117 14.655816452114975 14.976546053490534 14.577249235047686 14.173598996559631 14.512858988224352 14.700841713649789 14.30302018145739 14.913240121682337 14.286001999356975
14.942162867861343 14.994668401240014 14.500868378851944 14.238795128072278 14.452498850579438 14.111276467605634 14.138381565711958 14.558061489115786 14.138667906520926 14.971059525775576 14.840437626221943 14.020217405551037 14.49165370269915 14.120844615737349 14.784682400412365
14.536026217384725 14.043034832749651 14.908218437485191 14.772703915227124 14.78109211213793 14.318752634696565 14.460231023532737 14.163071533962587 14.932876700449922 14.675501768978545 14.851645189718852 14.943482997241777 14.129746971495784 14.351316852154378 14.106072605928576
14.445955671983869 14.643540637335917 14.039467996718036 14.814939232602823 14.577163335488223 14.91436068735861 14.303566670138324 14.582074186894625 14.335433042875005 14.534788084749412 14.19182255533173 14.205818055941625 14.816581186954858 14.990427711248689 14.479681250715062
14.49589750562686 14.872681673975245 14.464679662678591 14.07261143744673 14.88891572162532 14.081023398704366 14.297854027693305 14.234599667138543 14.574158324935883 14.704928058598266 14.75422431288523 14.4729492927558 14.670517484610393 14.883763663620636 14.59534090572413
14.106269841622094 14.10568743297946 14.376402728258167 14.583902808426537 14.770081913319794 14.240386481750413 14.80053887843793 14.449712242964152 14.373251311292409 14.95321236139366 14.459688816000105 14.037713186266716 14.308506119930815 14.855839156931342 14.530371565167618
14.327842100907837 14.041578495902526 14.54361546941054 14.593870043200159 14.767394412873903 14.556052778752134 14.303225409238232 14.240144901908495 14.888838616492983 14.514790235635456 14.496925135060408 14.745884148691825 14.49948452191765 14.413839575245913 14.92196972282626
14.634336227298457 14.824140448985696 14.451032250223813 14.804196038322807 14.261488274540099 14.857869481808564 14.308999565177416 14.726329675004791 14.441315676352254 14.843182118640284 14.561138518685109 14.714434822838788 14.522242290067657 14.224479069448222 14.949092003046875
14.910027924745194 14.25761592370182 14.652284388704931 14.351597940325414 14.740727515929386 14.274916456695381 14.610785881271026 14.86710143048478 14.268913981263578 14.941579326905405 14.024426084487862 14.066312432773245 14.44572473276258 14.949729780280173 14.762763899507178
14.135931368499586 14.326811966647874 14.997788900327485 14.307553389296123 14.331052954356254 14.916641141271166 14.533824984125756 14.971962722396736 14.881299065500183 14.199710843543778 14.643689062078348 14.969083137621588 14.254519271306442 14.089925280719058 14.816386710119714
14.315353868833297 14.471937190496698 14.483452941889386 14.49980268137288 14.024256078331067 14.989910262580281 14.335756083858593 14.07180896312883 14.296605079902783 14.516008901050219 14.700077456878686 14.09495056996315 14.44599653137759 14.010910500823083 14.962522262631552
14.497318115533373 14.111439407775459 14.042642763970909 14.087974804297838 14.627879535222363 14.903934641757745 14.605999760702975 14.551440870103587 14.971457807407337 14.00973479834986 14.497493295233413 14.771008497963786 14.676705607921363 14.430247497769944 14.34499131980367
14.281471340145805 14.949841738850308 14.477020652632943 14.431233738670036 14.591760308749302 14.797578226999137 14.85997532474907 14.521705770356645 14.65468099717821 14.564581055056447 14.20802775125792 14.00988727459373 14.144055422078042 14.2039719869179 14.14346904368414
14.826686169748976 14.282218791974188 14.243791985350084 14.094947557737596 14.725902748920102 14.78992340552778 14.968012080081525 14.878625383542674 14.753860912811355 14.641052816256488 14.417590518729838 14.70305718799707 14.938881344908527 14.696151785381822 14.435239645027117
14.660565903763652 14.495060772220702 14.96162856815069 14.126980067723418 14.956366546071349 14.124860429652555 14.175587768095225 14.7942232646272 14.096416093390983 14.326296050437646 14.656603632985343 14.60203846351069 14.005943444125213 14.963060632361296 14.868345061978058
14.588434471448842 14.1909698907982 14.277526658308357 14.654743683462796 14.016884593511369 14.681053882804573 14.4642717243423 14.392234236358963 14.374978669400564 14.54912959461627 14.606347114464565 14.676215488315558 14.739410809909607 14.396485539081798 14.075244473953573
14.457416716204454 14.197515256451796 14.280125880354376 14.18372584614364 14.36557445120647 14.693577323399838 14.818775647718148 14.877239298041538 14.019448145706713 14.408195800279831 14.881108984793489 14.049465653653568 14.646491014802532 14.368725333673725 14.102324457684333
14.403169580926185 14.938476272817944 14.88042906019885 14.593355960826054 14.684754652765147 14.828167559079578 14.540823120895478 14.856421498230567 14.809398513598977 14.662161985106533 14.053796175303942 14.101276511017556 14.863371109206001 14.066322836236068 14.79543909748636
14.868451904945273 14.22111514025718 14.65275847660113 14.100120649686641 14.108921694581596 14.046894701134716 14.601092544846663 14.533197787714212 14.644058705490082 14.264294794516744 14.061810055972863 14.99584934869146 14.2354011038054 14.671580264308334 14.275752843492642
14.367874928568312 14.330666580954341 14.256900346958034 14.281376884065281 14.535900843117478 14.920614914350693 14.92455048071321 14.090172967081491 14.07728803813687 14.840773903997453 14.781980406262104 14.250691813297657 14.574137203575699 14.28270741129524 14.856963692032345
14.792902784967843 14.517138637516915 14.241418979504164 14.615320649722694 14.647155564797137 14.025615678763781 14.11864758322668 14.931812918739565 14.7658021867944 14.15796227130817 14.726226983447361 14.23030480537121 14.340576631852233 14.415776322615985 14.48934376623362
14.354012705777937 14.705117993603984 14.155342892700304 14.73644348843057 14.35264114112496 14.73956195927865 14.0117219370347 14.580697937556147 14.780429510534328 14.852915078975713 14.113547467632516 14.04736131747386 14.28761115455919 14.90896480964163 14.820746536722423
14.782006424673893 14.257512455233192 14.782767524396235 14.952737356584239 14.886546592163645 14.992496251658 14.58729600748688 14.991268665567638 14.173112905265324 14.484180375528302 14.993616441465042 14.539912544542767 14.400270262244637 14.116839100694135 14.483004756457433
14.401325689147118 14.861720143441385 14.747621264709222 14.815700426705785 14.99374504673861 14.034551630974956 14.483195606054869 14.478535481218787 14.469785340644 14.862266732567972 14.129660872315666 14.382465214527365 14.823457791662346 14.647219783343061 14.73103385288788
14.621066553793579 14.475430845909836 14.457774895199574 14.831356176596923 14.672358292941098 14.311904988578833 14.417399468720408 14.096436287759289 14.028837646800795 14.919075852815928 14.236075871208875 14.713470258641518 14.874415308348011 14.803010646131007 14.868827441906006
14.550261374439065 14.091971580651308 14.713865393764564 14.241818907381782 14.400484856407806 14.581544046354315 14.803721062984579 14.573405687476969 14.767421057061194 14.596697101720965 14.238919069252615 14.935670193298126 14.545806642192963 14.565412449850681 14.060627741039056
14.351397658061064 14.64992999410229 14.651878659718715 14.54147280801792 14.902107957933175 14.105823688035555 14.136846975403408 14.021417115851087 14.034673869488966 14.37638321580109 14.546759837337794 14.222675473617338 14.497220213361274 14.720468229644377 14.345647339411165
14.341303040705494 14.10941305049748 14.200518175913018 14.918826105526703 14.792196367493105 14.877910845906655 14.547942066688911 14.523724081735313 14.34459845623291 14.804665122886167 14.471517425739203 14.860693684127884 14.526800144245492 14.103920950904667 14.151260792000423
14.925465139818467 14.601582472582015 14.443182232150416 14.598708499722322 14.844930382386474 14.118045196619013 14.254071148671393 14.284273060859224 14.469237600229008 14.030819273693536 14.120924067240479 14.933316786063227 14.595714893603272 14.644261869457987 14.748131606481534
14.674811368588575 14.833931096317691 14.187084586396297 14.031643786327056 14.789928023804805 14.286240709006908 14.651966656996228 14.315725347690343 14.152630212354648 14.414448787956063 14.645056727369491 14.002960735068884 14.080316415903845 14.690770938854849 14.381868675681467
14.3036719080756 14.719788276756367 14.89005248890035 14.638927635415328 14.060326326417004 14.282294783670553 14.170250138783032 14.424624827669591 14.263176927986013 14.411130645764395 14.409467989509285 14.36809093933916 14.085289037483117 14.716242968163298 14.620379690184025
15.341499448000388 15.00827433059009 15.042527315514683 15.646656805083383 15.629062699849193 15.884465138375896 15.35197053883981 15.76106272087484 15.035085394482303 15.586927054791479 15.19452442029775 15.231160896743027 15.683791421287529 15.235621235192541 15.618570558944757
15.396124824261644 15.9052419337136 15.85619283664264 15.02906418547879 15.306926155528641 15.524513366485358 15.727274757781675 15.9399198793391 15.522217062451386 15.075406657938938 15.602861208988488 15.786930086745006 15.223511218992028 15.945309688597696 15.458218884246817
15.968483030626091 15.4158072805496 15.224436853223967 15.400967773587668 15.063573296470503 15.61358791015108 15.080521331254102 15.91337795085015 15.740075416247304 15.077166001527544 15.809136950149963 15.647592325224998 15.210976650725954 15.360639279481036 15.320178143825517
15.582399787131752 15.222242228203088 15.660253279075244 15.712628408833625 15.468346934216791 15.463212657307656 15.210761711177872 15.762598468617496 15.137390957848769 15.978909391567823 15.767412621361407 15.603717991471251 15.433959993127939 15.63335148774053 15.032477275532681
15.614315207205681 15.236201463308428 15.923962713585217 15.737778340765015 15.542420930674618 15.27936304190758 15.479375197958184 15.978462587486927 15.197485047406941 15.267664916952253 15.38641147645883 15.30830249465364 15.61679495424833 15.066685952579155 15.086754828419803
15.053100435163824 15.474936671837439 15.605200610204365 15.9597927315794 15.27630770521808 15.646241831138203 15.483567339845738 15.865346099375698 15.839760356489368 15.253014338978456 15.185183565397612 15.858472690766385 15.04247215009819 15.236432332145158 15.218185905406306
15.008260314788412 15.391714599061578 15.472373350605231 15.476488979339818 15.753501226396137 15.163152870248503 15.721010860352306 15.602419485486323 15.51036663020548 15.54059536571002 15.246883178101418 15.157617210487977 15.31067582384002 15.290953798537243 15.775236367566029
15.964537531729984 15.094081843605279 15.126300041674499 15.560794932877819 15.067805496225844 15.903471392965717 15.132444528867405 15.736715372134418 15.38283375770464 15.64010408057895 15.902250328196716 15.78432913968247 15.24853290339002 15.223491872343054 15.301936370874548
15.918383567784069 15.781604748219971 15.970746629727367 15.119911553770686 15.4178401776458 15.141824497374307 15.761100219172128 15.200221628033654 15.44889218901586 15.560881315866453 15.083527979261124 15.046478616836934 15.724713727827538 15.26176097218715 15.378882830333774
15.297182681482509 15.425555525843137 15.2013181859089 15.182674616156383 15.9196346300006 15.163153197228322 15.90560038989356 15.45060454799589 15.44717676523993 15.415015477741512 15.535648965302945 15.106192556898144 15.093288563096277 15.777011823111133 15.720917638517014
15.288310824166894 15.116103007675767 15.586779994079055 15.628112044025483 15.996164029602713 15.378198141444203 15.955826122121685 15.195168472899557 15.830233026266463 15.649057781373092 15.014790910916505 15.453254034309651 15.309925492617825 15.83138421466428 15.224207544515128
15.38408400836593 15.812153242038002 15.957484735073932 15.932178202809625 15.81551699947238 15.519783223127643 15.49824302375586 15.970748020329902 15.445301987797555 15.894884707434024 15.254725616904112 15.974356166953923 15.201015444625764 15.09892284712562 15.86126223163252
15.276596160958551 15.793641280558068 15.470524372261066 15.718878359426139 15.695618431643974 15.502909626434082 15.641168783512118 15.999247420491225 15.253859944517401 15.944425449588515 15.120133585654312 15.211868423956995 15.89438753735555 15.811781191460618 15.212250294054746
15.710965032963788 15.5539924025957 15.361262180389977 15.94550318520054 15.43363982254567 15.5322757365537 15.712417707716668 15.280229881000299 15.10710794634003 15.956316382655327 15.87468425174961 15.247659545474258 15.140371986410713 15.282112931898256 15.778411882890103
15.822750671922204 15.424490260307506 15.196844881309913 15.488058730169119 15.274767281209812 15.30562884707851 15.990098182883113 15.205982205229178 15.45875885396733 15.066377182023441 15.447552836489951 15.637170477633589 15.012085525952736 15.35334618726388 15.587231080560393
15.77842077820723 15.702357521414559 15.122856462303863 15.106256955679145 15.21988609588615 15.236633295148648 15.841563754393594 15.23517899570268 15.602575151999192 15.68644805086307 15.875157587120523 15.807259699196564 15.962304955639947 15.309220936469336 15.225808067154501
15.741736880034114 15.308769766433336 15.953815286006327 15.037824977024938 15.812913645532564 15.937802934703996 15.426503302994199 15.581032489923262 15.531035231002722 15.655573920207958 15.163312966684684 15.742651435943035 15.196262454570586 15.305375699718889 15.305711286968261
15.411020736427378 15.703653205198579 15.730821888486908 15.808805319094184 15.518278124311488 15.474914916473134 15.58368765466787 15.524717744635657 15.924159788898665 15.971792528143101 15.19029187269572 15.298521502614735 15.769367216042813 15.606307951886723 15.027232340327338
15.990094129494887 15.404488893257735 15.504668760870954 15.225449918722346 15.992478524661466 15.509253611147887 15.504515177903999 15.921011324243729 15.25581427425665 15.556930653843528 15.969276189428063 15.201664928550612 15.04562966919975 15.349982034866313 15.48875706189999
15.860137059927048 15.665261154562797 15.95561037413644 15.30168227930903 15.158301236806622 15.1543939534701 15.003635261833903 15.32376903181156 15.330766508978812 15.53919327591292 15.974170166177954 15.994008504849836 15.61209473568514 15.554223353089663 15.79886059334988
15.76218363203221 15.158771563638238 15.882326703121613 15.826983952783587 15.932253041113684 15.35521905698908 15.865863824166563 15.966499886688794 15.749083294657003 15.642552489769724 15.331189157686113 15.600179430766644 15.070112374155064 15.189447891606719 15.637966437910736
15.698230122958693 15.698879509775972 15.436400614039973 15.315902299244847 15.401373573755011 15.473957428958567 15.787819739092878 15.683704783037346 15.232120430848786 15.504675180617552 15.500816750979308 15.658548340835173 15.007027750269051 15.524120965463744 15.125211413547898
15.55905513771098 15.469011725753655 15.190265954691057 15.686191362707488 15.08077767292436 15.636328625860923 15.30765198353358 15.16922642709725 15.780395305556372 15.873625529817767 15.364936951651258 15.766252656445966 15.343313146733163 15.730501275160636 15.4876939394319
15.772804599517368 15.629078654736743 15.664307886518216 15.891211312333413 15.98768932040206 15.990007833387153 15.866460620475138 15.184642551920225 15.95995905256348 15.640639455791217 15.54531498748347 15.425706475591786 15.45235344004526 15.919112125481904 15.183707540829348
15.654239695065586 15.046046959896714 15.126285915671328 15.485546298506192 15.743254793654504 15.898450481625707 15.254406543111822 15.95337590965644 15.797759669959833 15.283980308023825 15.324336862107089 15.297631884404323 15.004444385177187 15.697122324539297 15.238856639939955
15.16833662935484 15.789443897956577 15.9777825548591 15.029258766315245 15.021279920854141 15.376736724949517 15.130829521584294 15.123445931774288 15.283265047579105 15.356340394681526 15.254898164028075 15.795958901717999 15.36479065326525 15.669317219614467 15.269939118891191
15.27384356360284 15.48357824816522 15.495704402698427 15.938660447037217 15.066991244728477 15.708643245306607 15.891834813868936 15.013924430637536 15.967562421486221 15.112147863950025 15.665116102502187 15.212324520065847 15.82033119094265 15.425061516383243 15.897187062770014
15.113582750152197 15.60426438290823 15.132695343969557 15.730472174602127 15.016071485507316 15.585375253209754 15.51746491381523 15.518506841275503 15.240677414872499 15.301868836666252 15.758775314845435 15.207006752387302 15.368389981913994 15.924822343912167 15.833711158602794
15.860507104291186 15.42141040792438 15.101120458096865 15.62725379748072 15.578498739702592 15.053241398737626 15.730092338540153 15.357036426241413 15.655339518176168 15.400131876536133 15.251272944413136 15.145187194545855 15.729821263795412 15.364415115586459 15.927938858168616
15.328599672834116 15.843123831464197 15.749692578692478 15.299544554387968 15.88900840009421 15.777989663867087 15.848479920829632 15.445911796557889 15.205537198932864 15.787303604586628 15.7948457798006 15.95700194109315 15.184926311866251 15.836864299978812 15.237737797906924
15.534326447529299 15.708433696277751 15.78498514400317 15.665104603324309 15.963528561512735 15.2494450454678 15.500664396281685 15.014586450241136 15.792395063811389 15.462115981624605 15.782415312680172 15.043461275201546 15.424533518441034 15.518908840408793 15.081449106463218
15.2986968499688 15.49617739753369 15.98367587889661 15.455754950563868 15.427374362858977 15.342057677277399 15.046979322266427 15.885722320853606 15.998411756703366 15.07600623982845 15.021628237783647 15.067303867560968 15.968430426287128 15.312932875875177 15.098950924694577
15.065316829389468 15.417771946031966 15.841044353255013 15.500110527673243 15.75733382229906 15.207086189440398 15.616650555966963 15.321811157895137 15.827715082584632 15.76057593749778 15.298629030574128 15.57203010679556 15.181685516234442 15.268897418457396 15.165596252721702
15.118951534723749 15.040961769824916 15.222879745702175 15.666060323409544 15.53506555331221 15.655286128138552 15.338641114154857 15.040305905877336 15.108435848496132 15.518325166563862 15.615342809357136 15.422489688414263 15.614428284891233 15.211743485585831 15.478736780607457
15.582400510960916 15.793731621118077 15.517863252047302 15.706826316448387 15.998564759202674 15.86629060762884 15.239173137703881 15.10837336981623 15.26785520069976 15.82581130384661 15.242050722129255 15.730650326208817 15.951486611686317 15.705786502816666 15.602414507765122
15.709748044257513 15.833259073969899 15.485529369680323 15.372623457600643 15.744915734699296 15.223136192199428 15.813491523383108 15.411792650651165 15.57782296243433 15.377721854934794 15.265181469904489 15.925796490636872 15.788297402740099 15.32892562785146 15.424287907341826
15.84858136908597 15.680006475091332 15.413084064799053 15.678151965152297 15.963011649806184 15.022714962376602 15.575030887327086 15.252521049108017 15.707324638352109 15.942164750950655 15.085086349245822 15.67555615996999 15.942371350927932 15.304286912817311 15.651662100166739
15.557353965006701 15.56517178791243 15.527370301586231 15.03815475574133 15.298783320279274 15.745914632266262 15.87397508082142 15.200027756879035 15.102225603261031 15.738383367299667 15.923793580756096 15.646457864545589 15.446846944285818 15.66789170018271 15.109324944715292
15.200648881851277 15.01231947832267 15.436163539577075 15.908143881941045 15.583892172731911 15.887448254468463 15.899193374305826 15.528708591541182 15.280679662179752 15.783948695899056 15.771975505049538 15.701065791365608 15.955652000132726 15.89065947805555 15.293091363065228
15.489476305706575 15.287890676540036 15.94976391559485 15.542495910286936 15.880897427700248 15.464040040842892 15.114132846370065 15.447446019418468 15.271423089250828 15.72897087194291 15.153690131257878 15.934364797293306 15.872196852380636 15.331174881352013 15.618741887900589
15.388537574673393 15.486976357966661 15.919804723068761 15.639498883002052 15.568887204345733 15.075442695478385 15.95125191441077 15.143561012534985 15.391677075551275 15.00951118054843 15.945380759278963 15.406921803349356 15.54484263806042 15.95431538850967 15.49501341090926
15.019089641438825 15.72375341727413 15.861199014432048 15.7769875438198 15.539212029506997 15.389558729375524 15.646965205578342 15.939084648258898 15.347627438809065 15.34287274997562 15.751796596071172 15.144353744802865 15.456059570486287 15.078405225952995 15.917673362678881
15.242831730896013 15.32970640079605 15.840246241436974 15.209780887160422 15.010388032300245 15.095766974814879 15.532864819953511 15.515312473413392 15.64539791944231 15.865486603693515 15.159482749118835 15.49723656318692 15.746175567798211 15.280591439702969 15.257336673114098
15.255012484288093 15.305574111590921 15.810021314535605 15.87844257075499 15.749901997974963 15.35388690230418 15.769159714865662 15.024829294544757 15.389438603910326 15.757160328506094 15.51129819914536 15.088808252784137 15.033780506276607 15.335255773679174 15.749862008917367
15.771698655525364 15.086087028876609 15.902473946662811 15.509962502137036 15.15852918467925 15.259722418093377 15.053282163382885 15.77913112488051 15.11158808496052 15.077005196739568 15.516661387353352 15.52962873275103 15.912295906296599 15.147384903244056 15.684816380497304
15.418513144483171 15.128726060741577 15.797342599812282 15.485469011237656 15.136686827881343 15.015200357115091 15.679975291227121 15.111681077108395 15.074435761128045 15.360738060693922 15.579138316503157 15.249129997219757 15.698509378328374 15.594738493676878 15.741184424913172
15.347986851153035 15.794580827076496 15.131128998140671 15.716751584512519 15.175023005181172 15.518965807680644 15.38631146684702 15.87571615819439 15.351298154546212 15.024766894355164 15.641592159891687 15.470341892959011 15.831759141083227 15.280150082407628 15.937381464828185
15.364819334960671 15.315305378762533 15.580248471391037 15.48430113443621 15.323804388775752 15.387353403948792 15.169227909622526 15.655438793527729 15.058228456387019 15.79165960471904 15.33533785683887 15.484340819511322 15.063567290511173 15.60413673835465 15.3193099489431
15.73493596493709 15.653919172736181 15.238626269112993 15.385256175749308 15.032434048978601 15.494657261336704 15.153065326430383 15.443257032162288 15.24834561098994 15.367085216443039 15.844213794477344 15.684119501893353 15.31811956310278 15.860439114021247 15.220082803410717
15.789323820299193 15.936497971207318 15.179742532705125 15.721433710779078 15.412966534929291 15.123538152737366 15.282436179654207 15.627192038187868 15.797547167413637 15.483354481023532 15.112367201994038 15.823348218965577 15.58173411110854 15.087982872874402 15.786637332897431
15.94089285581474 15.085785166269456 15.31037373809227 15.208973335395212 15.175561761537093 15.619086546819942 15.603369582368641 15.732697162010016 15.290641337577158 15.644313540110494 15.17562581467318 15.177037097606572 15.273812558001046 15.954005384241587 15.750784323691454
15.71243555209778 15.869987664181913 15.367885199172294 15.112811528674479 15.873673180064563 15.744320543626385 15.843045650158434 15.93826344934751 15.234042625939033 15.343048309042073 15.304159663446342 15.495342678704747 15.079470020589087 15.614547974827543 15.947164727828198
15.149963001358948 15.75839566101569 15.62896898841284 15.247408177770422 15.260639520433335 15.251389920652528 15.7920287149131 15.412030332933417 15.96687342181341 15.903894068662396 15.787034510635532 15.556400974892817 15.579801899394509 15.196140304510301 15.598922798804821
15.455713820162012 15.769236033825457 15.886218584576149 15.97508190889121 15.325383071377424 15.507809997159747 15.85542262147539 15.45995217870349 15.717674722858405 15.780817348555995 15.509421151479833 15.70387311148025 15.28704449320398 15.39941132208018 15.644464591681956
15.091374271658932 15.87294343029032 15.865197570583991 15.274751442016518 15.860083124247442 15.076391457491535 15.125849789764878 15.035242736204722 15.788649099261935 15.265407480290268 15.234229454132656 15.42362676343819 15.220560478357829 15.734424772277752 15.377593442540572
15.325800929132107 15.660456752174191 15.56410843887204 15.478823874993825 15.981150837680413 15.430515657272528 15.580531511395643 15.588216958532342 15.78707139836976 15.906721066571494 15.696455030845733 15.582218352609058 15.116588578366182 15.668294040062914 15.832496293435547
15.264595134532394 15.628604471566021 15.488295954643682 15.562259142854353 15.825884641282029 15.387202425385661 15.469389693310621 15.603038512406563 15.758563739165622 15.474613173561 15.785970596601526 15.28250092164905 15.748231781442975 15.681856740196928 15.432356109147443
15.15178173732657 15.765203793859193 15.29173912821296 15.096449615959083 15.986728821616241 15.566260737390298 15.930796753816955 15.779269916208815 15.521561337782398 15.08290576008128 15.959945833750828 15.062964840422488 15.393001576882305 15.720327139089974 15.898007758534662
15.993404413563608 15.937976887965394 15.420369638202065 15.927945622945472 15.388174330569464 15.684277512424869 15.452167948984073 15.622561370591447 15.006768634018917 15.601095383872224 15.285697434090421 15.644566608216566 15.427005599025462 15.435158176966912 15.576348683147735
15.32535474112547 15.66016845158647 15.748211550504653 15.242734199965083 15.707465781406652 15.507098620364328 15.592892047358882 15.855287238713935 15.84764913284322 15.408445759884305 15.11657166863894 15.069813710732916 15.920594516185165 15.074505457581903 15.76654483273961
15.63801063653036 15.937813940880316 15.493552348019042 15.184966803117797 15.60606527290575 15.701822963188985 15.012302291634905 15.328242418753836 15.672800991738116 15.952682776480696 15.058114418766019 15.823102182610517 15.320437883790586 15.532129041969883 15.72977035951857
15.080392972666614 15.253886760466226 15.789927311976594 15.922143921107196 15.227648456332048 15.88859781336155 15.38775895943974 15.869802041860833 15.492794242201759 15.112335776497313 15.117855736666417 15.995553334848097 15.273881510611371 15.312855968069403 15.346764981235568
15.73218819572454 15.763532159162724 15.711306103746724 15.219041544424703 15.549129848405693 15.661816831570274 15.370281384668512 15.81132691630868 15.760443279069323 15.207577607677491 15.855811106651734 15.014189301475554 15.816625142805394 15.485744701922142 15.424156982349045
16.037263629755923 16.689823982585015 16.726986805024193 16.777154965478797 16.08264330142825 16.650617326476105 16.106072702439565 16.883933720088656 16.912140619514172 16.204198295327814 16.366612132527305 16.102194658665844 16.745945823061696 16.204800988012323 16.45238135161496
16.84883974199682 16.1733801432994 16.19942078692633 16.209229482879337 16.367585168198836 16.530850607383737 16.865361769931216 16.13659958503105 16.720300411696915 16.507780013367874 16.000870473995175 16.11398822377035 16.989163565061133 16.578198411013002 16.90409157215471
16.005205960119415 16.818325721661704 16.22384724000704 16.132807508008632 16.05209034336915 16.846628618996146 16.814060557883167 16.57590088510202 16.009362146262944 16.287021120108296 16.438352991510857 16.487205029920347 16.043604676372823 16.89367210371192 16.949556698116766
16.63338420466052 16.52188460827216 16.824378293522326 16.96851498449199 16.989712361726298 16.94932275381665 16.45371792767805 16.62575332936775 16.481094976766286 16.479961080444117 16.021501805856413 16.37121340720714 16.110405768498364 16.621562406329172 16.111425537315036
16.27004893930273 16.442186254830204 16.982517761585616 16.346428154824345 16.82064703364028 16.816983013239746 16.167825224440122 16.36011355136316 16.480452346871726 16.860073391081148 16.221143865462317 16.057693287897127 16.765835325546348 16.818058169057558 16.331214534617192
16.415260274396672 16.004160317105296 16.00777480350102 16.8734793452968 16.582804981960123 16.55937300883672 16.19421265023357 16.2415196146598 16.854236951412762 16.626840736516165 16.02758738529238 16.337972255413803 16.14677615158913 16.498843510104933 16.764458829830833
16.04087275497175 16.9924302400978 16.539027580304452 16.373752531498205 16.438912201955013 16.68587548245411 16.972297076572328 16.785772600297953 16.13788547793679 16.155910142679947 16.996034025499828 16.480769133647662 16.480645623055338 16.331751685776407 16.64920028562698
16.833350954136094 16.094169724706852 16.260799479089787 16.337789799678642 16.63000991192823 16.779879670778033 16.00108740526961 16.908262893895497 16.959250933639886 16.397150835717035 16.35950141900962 16.685009126840015 16.237297025976083 16.05498066616854 16.875939273655757
16.943548456349614 16.477066227943048 16.623078022478424 16.063941027873184 16.878095516541006 16.034093579654275 16.3011733856344 16.80992015763746 16.24027477714579 16.970297505609516 16.74413906010524 16.00597733694581 16.47518952690698 16.864967102471656 16.03054750018839
16.945379961757833 16.361710645051513 16.37207297706773 16.583585084391935 16.745142063910247 16.87576602328868 16.073981049317297 16.005777463015104 16.07674135040382 16.23857499711293 16.213875163370236 16.67277200682987 16.783861084306103 16.886186742807183 16.702671034462803
16.846461861424384 16.545146244294628 16.402344762251815 16.390930432631365 16.014024587841448 16.60031529433828 16.293614962229736 16.972261550934608 16.136988804323238 16.699569860492918 16.853877550798185 16.041917198668855 16.5032295400602 16.85909677913783 16.26469799746127
16.772779928461468 16.91483347302841 16.209558115027463 16.508755776922808 16.390649350652726 16.016063918001645 16.209816561912078 16.635424160731244 16.131723228945265 16.668193788153047 16.764744941098154 16.41075794039158 16.647391039255254 16.411765039293492 16.333820421762294
16.40856022413552 16.88493482520978 16.22187102819474 16.94630546861188 16.154863781265856 16.31745890381763 16.95834803734779 16.149168735230653 16.025075725040352 16.022346563141095 16.14030106198579 16.30550167017425 16.21119936924695 16.514768320512598 16.933177536512844
16.334036792101916 16.225960273766876 16.431243051808725 16.526642903973084 16.934476501242113 16.091328222890596 16.127979688963354 16.402799512334482 16.578691801291924 16.570840310821865 16.0097039891317 16.346830604665712 16.064452670175175 16.54829512388669 16.936901016923116
16.43593970130472 16.226202702072168 16.92980128782866 16.372881119832716 16.657494611523042 16.47649271409224 16.251828401255054 16.02680315575176 16.25357476428839 16.212039287035175 16.51482177157808 16.624765815200988 16.366659260821837 16.75997603198266 16.630107238893913
16.0983039239421 16.06998238174129 16.46271653598315 16.267225527309616 16.918103700043584 16.40612217069673 16.70394982664992 16.819500280520696 16.520477165958546 16.628676700977223 16.163640853409127 16.667557968884015 16.775112413203424 16.44442217354087 16.356509480278167
16.913681392537825 16.224843393422553 16.687135231641108 16.556313967192033 16.28429320332087 16.391658934474247 16.51930183363259 16.53736521834098 16.95352946236021 16.78789782493959 16.95422348298571 16.175051188625485 16.627777811493242 16.39755260154371 16.218570763491712
16.83875087721589 16.349217951175984 16.299832330041102 16.23422362537363 16.683369992567435 16.12581774891504 16.7956100039257 16.288276179712216 16.39983138435477 16.67590053478489 16.867107592724988 16.78137347705269 16.72020516334504 16.287314635073074 16.052148287295015
16.79708675531268 16.98976481852763 16.034399497709572 16.846531381669937 16.118821867658358 16.416107143204695 16.370357330951848 16.561562779513956 16.235796186999366 16.184575755847565 16.418302476616645 16.15849966729024 16.82590677634893 16.48957913603766 16.121175751205698
16.957645404708767 16.180852601438758 16.672995642434465 16.77887440450742 16.27705640565115 16.047662586599717 16.0837100427554 16.40036241574571 16.994300027653534 16.40081992836166 16.976426891974626 16.729190497584217 16.744428528245813 16.73046250538467 16.753258654385277
16.762768366820975 16.968311068159508 16.534678057499676 16.11818665019962 16.07889672647025 16.307692188621736 16.837702436617654 16.26234609730429 16.307479828079554 16.906821564980444 16.720867124865244 16.02718664887006 16.641004023470998 16.025226767605005 16.049432766363708
16.102912232352953 16.364281464278957 16.99217696187665 16.805983095553337 16.71120539676139 16.00212233227878 16.940612457142173 16.699843969712894 16.894092562662795 16.83301289380292 16.946790862403585 16.01203018974166 16.48490879496121 16.197541012578956 16.171628244882985
16.95651263838813 16.072671657413387 16.242224364808425 16.350689018617132 16.191136924186655 16.78777558043749 16.482561385584354 16.512006022666377 16.495313876232494 16.534769743209893 16.84353801619167 16.11438779281075 16.046641502156714 16.37708385655056 16.641488417244144
16.893597395163667 16.174906534987496 16.138918149922084 16.308121133385885 16.5797633202238 16.94945342095748 16.9311148238955 16.525686855767198 16.306609351425692 16.46469737906891 16.230680493643824 16.841677216682687 16.971567663990264 16.22859687352833 16.347730141511242
16.76210897666831 16.025564891300075 16.630190629399834 16.59897514205296 16.78436151795896 16.17224824242122 16.06484274620978 16.273478949886602 16.82369949784649 16.23864520904958 16.929628878150094 16.524256016193927 16.01202715407366 16.04272654421883 16.366335228745207
16.648391067755927 16.903084259110205 16.428069310070946 16.32583178718872 16.828707102599676 16.705207953627625 16.761792866200636 16.25511917551482 16.30161235686171 16.280948966266163 16.099167625792237 16.46713891227587 16.088607811731645 16.302244406121073 16.906772724053404
16.043474718353117 16.883038714522737 16.130513871480264 16.70580548029637 16.941362536809827 16.419024653511865 16.702958952158284 16.248121693047096 16.828965202892523 16.666104770141548 16.949511189216274 16.869813189815666 16.056657326541842 16.49098598594637 16.039286797469625
16.48060457509742 16.087104807223362 16.006883678434562 16.061071007701933 16.24207859649107 16.653212383600792 16.6912959558145 16.57926863096147 16.363715462842908 16.890551937164677 16.49465415257381 16.874922100347536 16.602958467363546 16.699672697504916 16.585143709420418
16.580811243299596 16.993994544971024 16.63373483889236 16.079091092770778 16.850314209179807 16.04966498467442 16.678195400139142 16.09166438726219 16.161622612501205 16.181898350119035 16.391815649879014 16.70923591623842 16.35206742240517 16.368283691386942 16.01204797883759
16.03260795826305 16.501727534997485 16.155879385342892 16.29289882970315 16.269402981314663 16.841155449133318 16.93807885723551 16.03965392160493 16.964272310562635 16.944969988662226 16.066331426895644 16.5323907504756 16.847178308541086 16.091228838058182 16.765742830380535
16.288992479229595 16.45285657255639 16.815908671346946 16.01205682909045 16.90841629158322 16.618666760512067 16.372484280025596 16.497245421931716 16.056258696325386 16.20339132705013 16.018511789659254 16.561912205847367 16.00719879381477 16.886144129157245 16.79428642126429
16.504939702153273 16.542689956470184 16.70240146124995 16.733057370161568 16.99428824720192 16.417309627350875 16.053270106008092 16.247948394264842 16.397580263064402 16.053465186027765 16.284458531521285 16.777645473200707 16.727080628871622 16.601693840441627 16.573018710771255
16.641077262115143 16.550910497611895 16.012583162987095 16.78277810996588 16.450728544292655 16.660807695202127 16.306377569559164 16.153482042000835 16.364890516221784 16.506474853270678 16.797626023250988 16.174019222718403 16.921065784083993 16.40753128499326 16.634764191938753
16.756704051852076 16.185910322414863 16.336312513391597 16.648314343653364 16.877441339560946 16.481508464718356 16.628237267145714 16.166424849141645 16.175700186356902 16.00344118597899 16.321188546108587 16.152759901587515 16.61857577888792 16.233021797957974 16.95133164153864
16.74929007668412 16.22481930263115 16.16423764865167 16.540019100784516 16.065322378765913 16.017567322895776 16.015349947612414 16.194908585814332 16.844148265223488 16.82860432285209 16.27576824692531 16.218146505543228 16.459976563479387 16.31234272076555 16.65073033551708
16.865446847372684 16.550357874610025 16.544307388215618 16.709481726295866 16.932120883120003 16.473095745181517 16.876761837459654 16.817063632447816 16.155590525975434 16.691678910228724 16.30321629308662 16.235482195279847 16.018644175830918 16.1395581463387 16.443908178055104
16.11694542675208 16.913670609010023 16.591130486082317 16.405948014706027 16.480019057380428 16.785333234146155 16.07608209282228 16.194674701696762 16.158965954632343 16.307623386769457 16.413780572635343 16.056865962205798 16.1471980993506 16.370957792612515 16.015696685826885
16.1218013943224 16.717684249940685 16.155962296062448 16.206373882152732 16.97277684225175 16.19632017743118 16.352810009962024 16.447253818152358 16.329520626001937 16.288682836649965 16.14845904383886 16.012704622852084 16.851063638405684 16.416253485030772 16.448861330096555
16.863887962557264 16.178966754592086 16.605109150497093 16.429190462287103 16.6936399777455 16.73241089209924 16.088245746668015 16.912363482346418 16.374330044407976 16.439506143109732 16.932110103536477 16.26460752078322 16.330700838324542 16.54327849173838 16.67858267182046
16.466549429846935 16.68098150595638 16.856143761952673 16.205565985549754 16.76928235755245 16.34210579052519 16.353280254688446 16.752498871939387 16.877090629945503 16.67865483721726 16.793162878647177 16.331529840378384 16.911989853280563 16.690184786268745 16.132623531010445
16.55074729860343 16.50996694447439 16.177886941548667 16.86415356666673 16.212778712290884 16.274779974614233 16.80906872898369 16.04476609134675 16.920233875456894 16.472405496746546 16.506731484246632 16.708587094794954 16.318883027111184 16.287697000005732 16.131561175436335
16.55944656507979 16.540123046629514 16.184544403327784 16.99493649539983 16.325091459190485 16.86620016794371 16.911802071908085 16.344098300318926 16.9212446837113 16.634821085646873 16.479478072323257 16.594413338062637 16.62158535059484 16.92419868158506 16.993155165424287
16.748703705902642 16.758827528530567 16.615242701263732 16.579339899374187 16.13990376747778 16.092425811390452 16.01451927231543 16.76041273115212 16.360843887928038 16.87003803006857 16.339768015197468 16.545079075454463 16.00375060381095 16.782726629080692 16.01917889249975
16.188697407802007 16.622090992194448 16.4679820897698 16.936295366237534 16.04758716629963 16.148678885689733 16.950003205186878 16.464324183549287 16.202395876064962 16.8564988741865 16.423270414916573 16.376796769838926 16.557831319119042 16.83249357090158 16.083300432044027
16.495940375507967 16.939541301462064 16.84959879072555 16.287571414885754 16.245782046469103 16.303649942688157 16.468599735121725 16.18995975607449 16.113922070177498 16.550436296091537 16.178921026556782 16.13363140623499 16.394077695307786 16.59086715767815 16.396252072633327
16.510181460832484 16.480912098001998 16.253173063071724 16.174948553891777 16.496918273532636 16.419327353583448 16.336382556223942 16.56443947854732 16.069538847587456 16.372314732065142 16.618706690848853 16.64140912467486 16.954045019693005 16.164619210340803 16.910892128003457
16.383311121603498 16.72960022007942 16.083889322760665 16.308137806682538 16.71381206495636 16.123129315478256 16.67664758000154 16.638896794971682 16.247050390557348 16.646814926531214 16.36333089725954 16.734861189777256 16.485135776260407 16.121245206256994 16.314814026864358
16.553654985717106 16.482102787958056 16.29982005845468 16.18224373518064 16.374236069084965 16.277572533705214 16.76412365937568 16.95267494043276 16.25473498377887 16.724663968057648 16.495323589949223 16.414914382631785 16.693434937215166 16.68923656341185 16.04325749183471
16.463141481707833 16.96582393537769 16.981334476944436 16.012720504875634 16.740289974466982 16.92412658312575 16.79474175799143 16.66556771180249 16.92883807762823 16.14044930305289 16.87684708616695 16.797598090484456 16.333568751609803 16.150650033469994 16.128555362823953
16.690786925418184 16.269026181006634 16.213269091865133 16.84277324068858 16.864286639407972 16.163808248407992 16.436335321339783 16.330033641741537 16.551716238919358 16.22449882494444 16.344587416968096 16.251114654000194 16.317611835452563 16.963958118825627 16.96062764562066
16.579046026192508 16.99251223886776 16.891852964745446 16.25575113571163 16.746686533978043 16.154004953341886 16.189723352109336 16.38967081734697 16.201093898060243 16.71015962369278 16.248545277871237 16.50308432914657 16.282198420160075 16.75212737881561 16.53366428794146
16.953006519019773 16.070830189838155 16.734286389700657 16.36013799027605 16.788016408247728 16.60993913837983 16.213165303562665 16.810939874620573 16.94904559365086 16.692886108796994 16.830477480045257 16.211140988259647 16.1510604583619 16.23397196518968 16.960951391966333
16.28309999168643 16.65196749461466 16.08891134020916 16.46224315160788 16.35085612107422 16.147297977177047 16.07674626214341 16.262069132579214 16.7363336009047 16.842704105620868 16.86973383510053 16.09679846747078 16.79563052711872 16.35102597151894 16.36403199274494
16.576096276424547 16.88057850977563 16.436664546177308 16.12154533642884 16.88981005817333 16.87892455368041 16.787223246274294 16.48208304685698 16.896144021265634 16.885899295415232 16.93085662796344 16.98501926324917 16.034266358269623 16.990601229716862 16.137491426063566
16.810935971640973 16.489847516925508 16.12253953805149 16.643061853155533 16.056266816192938 16.308627692344544 16.396842809484248 16.818127624918844 16.78775016048199 16.700964462557174 16.421054591609302 16.9657195977722 16.98853779716103 16.609412335050767 16.58210127944984
16.27798455045913 16.704095808397298 16.72173778072858 16.418931226891115 16.10717725932256 16.923572222624422 16.50337495657652 16.80448874117537 16.113774488431908 16.991095812042072 16.49617878904535 16.810100218364795 16.042962168287932 16.631509126575267 16.084433511051355
16.80601386970515 16.850473408598713 16.996328019668596 16.1644269212306 16.563748470836014 16.649731901158294 16.488258818786353 16.67050094204695 16.86907100834614 16.484481391964362 16.506393867591374 16.70834245563788 16.42883645154285 16.244558936115478 16.66924448033185
16.125377889339966 16.660587778998885 16.13719568738291 16.519059920273165 16.70848838507284 16.290727620807516 16.002206102819745 16.18842008473359 16.840862748742254 16.55523773167358 16.416652560286973 16.018878268628015 16.372657595327073 16.196335842849685 16.973049028162098
16.661469997694525 16.664235231912578 16.379124158219405 16.334894323529937 16.760192266403408 16.246101866279382 16.114197179323668 16.674301619657026 16.92209731083885 16.3062696959987 16.765341333131033 16.87871760132898 16.31143374550206 16.26361867670329 16.74587214404151
16.477201347131565 16.870306597696626 16.014934531585112 16.562819492724934 16.581459357859394 16.864617974038715 16.053652140371682 16.95508493320298 16.262809924801125 16.18158755875641 16.549933811739916 16.98985968888955 16.693476510520252 16.563942699158126 16.65456455378615
16.631005523329925 16.0690861469374 16.75590590692549 16.74324751298796 16.473764925559543 16.798975964895586 16.357397232935703 16.053234249822676 16.052081277885918 16.701886933704213 16.035407565340435 16.180826458849708 16.367973572557094 16.976850779672493 16.625288392773705
16.206136766612424 16.06682400693269 16.532552751770716 16.569742461812293 16.79059842343269 16.988101710819613 16.853178933461887 16.089588770326635 16.45306482478356 16.657958845132804 16.954733935664468 16.45791428242187 16.371941329648283 16.65830021739239 16.143041049983754
17.75801438623791 17.483643936118437 17.706341227726195 17.223113694494106 17.545562267383676 17.35178016580514 17.709333087743317 17.529313128879615 17.90673737608479 17.266799680644336 17.021048218031307 17.646684680181423 17.506581463848057 17.30246357750377 17.619783273164753
17.97609064606459 17.35564023582246 17.60333263329661 17.95205033943861 17.359234834777425 17.187987511309537 17.006576542516758 17.741792165741277 17.824400361454433 17.540017801115418 17.21175781908794 17.15187018779893 17.139698878912053 17.84693242644493 17.103845301645933
17.302738941593134 17.26785569879101 17.13263331748378 17.507564253239504 17.30263423794475 17.00503206047238 17.158777470499842 17.60529087128462 17.624266289754903 17.055912549491648 17.220034663893866 17.48605143775719 17.874923844575367 17.548261773050402 17.125129305276783
17.80978724362105 17.750058342518432 17.52238122368486 17.287037109072454 17.36889839326034 17.234831963002815 17.244373983630123 17.26074588592197 17.408180771574397 17.923777505962875 17.286851035279316 17.51327886433979 17.92462234341538 17.665631418626095 17.19669008650568
17.688218259311167 17.810126673036194 17.60856614806198 17.226683743417542 17.13575556637148 17.623082280604514 17.120461541203237 17.046390981339147 17.01933433625198 17.978799218563807 17.989519373704837 17.5672321210944 17.881240080344327 17.034184627039377 17.772438910832346
17.017844178614308 17.15203120118373 17.308631604153945 17.150535522023077 17.187939880742306 17.722493794129065 17.13094652542363 17.67859877094085 17.322390499427037 17.361842020141786 17.331241901879512 17.366949952259056 17.49197902639768 17.462175577918256 17.40707344438317
17.124073250074915 17.393246463441162 17.31674367108323 17.28470127628233 17.205359208053434 17.437081376340583 17.89835495993189 17.96920714685799 17.4629125678085 17.674178581773255 17.894311745936506 17.831300777348666 17.372041044430325 17.575219841534288 17.575535267905884
17.01400023728785 17.52195564223569 17.934606028614756 17.93008878770169 17.458972786201272 17.501377012477615 17.198796360218985 17.37509354777634 17.350173820073422 17.884156311618536 17.333787617782285 17.27607215119375 17.35152378941348 17.325683764003443 17.940992051634574
17.44904298691296 17.875714060462045 17.617771148069803 17.706749595257417 17.79822780524072 17.762834058890046 17.91785928687878 17.427936705293607 17.251024630962824 17.170364381505436 17.26781560483418 17.794610419775942 17.191936219060103 17.18018114418831 17.948250300402286
17.830352937811334 17.668434039701484 17.613569214898334 17.17619440799199 17.391958647647122 17.744276613372495 17.811843014994736 17.147147028847876 17.41233190274591 17.509589723106643 17.688025569958867 17.4469123008497 17.63394048874374 17.422055949943722 17.18413736574953
17.414311873103998 17.424896578359704 17.849849070106654 17.37899909106822 17.122771908657988 17.895712844369644 17.914488619739547 17.883053031893226 17.266947833486448 17.94200887055429 17.99057855906495 17.829560040816013 17.389964511546744 17.026918550407746 17.50943341945106
17.725630066980745 17.567513106776232 17.486676846462675 17.034883984804473 17.66189637835779 17.876960143140415 17.893839673708154 17.932093858531207 17.896244601500197 17.722788373665995 17.544818283797248 17.33400734967215 17.62485957139678 17.364103257228532 17.451885369052476
17.525088006520917 17.83295466756354 17.795602432256686 17.314536843986524 17.308296354613102 17.477899424677204 17.47032026819614 17.82107037562202 17.398794362389616 17.899063326373113 17.220623073767634 17.28846704674848 17.396653145205324 17.27154464373544 17.13334508092903
17.087140652855354 17.430879799206334 17.125055439093394 17.065618938058034 17.51684442118883 17.138367943150644 17.43458476859585 17.949868953151427 17.801002063259546 17.243915790194702 17.556064067854738 17.02959893964926 17.648956914214512 17.64124458325114 17.32811014400358
17.69202100707676 17.399108549906572 17.539989438874706 17.99002292947478 17.619235337122124 17.10063399840592 17.93992345970699 17.176566104773364 17.566585412954147 17.017466200466856 17.42121522877174 17.141661343109707 17.194976746005825 17.94542955268756 17.99830876020391
17.535977379745063 17.033361792359184 17.421908997310958 17.575054037747645 17.517497401517073 17.82825729469261 17.377154816379683 17.36000566298947 17.70949939211395 17.249074766954227 17.02730314472031 17.453345399489496 17.53698612751734 17.161208365055906 17.84141776564203
17.700674397758196 17.770452303164106 17.45323928252308 17.228335586473438 17.823959460353226 17.68497868061195 17.71027885653565 17.183825086232385 17.786206644379096 17.102994246205043 17.862387581851173 17.514543239770152 17.32397488976937 17.730648712243404 17.305170512226063
17.412502905326505 17.590631311846515 17.620590052225353 17.889064255090588 17.092239549687378 17.89328875282379 17.298042329535974 17.60449432768605 17.922592717092492 17.577655342851347 17.072431534083837 17.751995770172115 17.985993779992565 17.21756490869438 17.323407892662335
17.879554513952215 17.280378612612164 17.399746072263415 17.09796569780714 17.793840263703213 17.842320143697265 17.55942692120498 17.184461800201017 17.507666147233355 17.914702122182465 17.518661388419094 17.939687208584704 17.07292458351002 17.90823250955181 17.606802022825665
17.536746450376985 17.86641256698457 17.313320832743674 17.501333860426545 17.97435120435856 17.045373878974424 17.907321065157287 17.217321947017307 17.142237046640318 17.570249317941443 17.5718672896331 17.995015117635496 17.47276262813656 17.404041020897026 17.786007276392855
17.187687356514186 17.225352802176033 17.240860079414247 17.3930639952337 17.635586756242706 17.248298760522506 17.39064113958648 17.552633277965406 17.426901898509193 17.141529442767897 17.252671787204644 17.88385119998082 17.392943947421312 17.104320654205086 17.147498361740276
17.682041952823184 17.162281921431585 17.39350895749012 17.14493426478486 17.74808345475874 17.107358089000396 17.24063017425092 17.925310295587817 17.808304081109604 17.05714859208692 17.28050274414112 17.641771308331553 17.72245128487405 17.22072477194057 17.029128502405804
17.213337039387078 17.678248570529693 17.369108201979955 17.715384717291432 17.471609115949025 17.353284260111373 17.9566030832569 17.81883272729298 17.10842068742874 17.588452349971032 17.52782721532565 17.995070369397776 17.427388417078124 17.461891500683446 17.452952911515784
17.680406520273657 17.48924165415371 17.77834573708599 17.761208063635866 17.559238092085014 17.358966557504015 17.896096169252633 17.601475911478612 17.25036113887896 17.812218036407028 17.502090062842804 17.64887227663988 17.022549098225312 17.039115709694517 17.41562013039685
17.597467099492658 17.085083316372067 17.595454341884732 17.751883266894744 17.731856797964017 17.015522020948232 17.09452367994913 17.808974739101107 17.454082684047982 17.184845765259638 17.9071458112472 17.855350135016174 17.55742999337216 17.619218746277916 17.44320329582589
17.58951437923199 17.984930797626927 17.59795715878517 17.424844401185222 17.4196731532251 17.787933579972112 17.428897264958447 17.92971662925936 17.868308899840674 17.00889106954116 17.265207206464577 17.88199303589198 17.345120389070726 17.25255664891337 17.53178833113152
17.099620672136222 17.251490877347884 17.781069668629968 17.514763620641467 17.968134022863765 17.880626635475856 17.070948017431892 17.93415166127348 17.304540265256364 17.859734648668503 17.903795762965274 17.867676940299706 17.999198128723975 17.944083907237747 17.227573343537752
17.22276834929712 17.579274740983763 17.81752248453566 17.221565556050514 17.064149405613655 17.924280441961155 17.179997756545262 17.225722978430916 17.496025462193334 17.98234450519811 17.809855004544264 17.453840599167556 17.470724423168434 17.485309227703024 17.477165490165298
17.70007702719395 17.849749290952285 17.341383921993973 17.554061434141722 17.56960627858839 17.2785525098568 17.59601425159451 17.91903277700811 17.11673377911142 17.952943183886326 17.59478649577042 17.284366290995827 17.15759663341343 17.152890307539 17.256600517131442
17.389384482855334 17.939607732295624 17.498586578655363 17.17100884081775 17.59686868956339 17.296092170162943 17.243988593725096 17.57053399037546 17.30602637742258 17.892103530430603 17.564651331480206 17.096939515000695 17.252590471309954 17.676196554212012 17.71952591761912
17.6798450850384 17.205113826211768 17.192972028863483 17.17049149045811 17.776739051182506 17.786249476064125 17.982498508919328 17.228743600519934 17.68535692144606 17.148783583333948 17.895254696096426 17.56376282753277 17.632557613166576 17.018414050198036 17.78502536133384
17.958439035391972 17.86824372258757 17.178745267144333 17.70722273927155 17.023028566605703 17.048535991401835 17.818695233777465 17.44639425985576 17.19097265952236 17.77932621919929 17.288488284692978 17.92421697343759 17.211207227460516 17.309496924022127 17.71763287883521
17.798067346273676 17.524445870353645 17.012510209400432 17.63676098799852 17.350294979652908 17.36501914964677 17.47573230200358 17.2149316119201 17.58961730243513 17.165205161551107 17.728774183704427 17.974977880302493 17.33859147485597 17.855587608544464 17.38529299814103
17.8817034667699 17.9649092335974 17.952829384315443 17.24711279422256 17.511211334936643 17.329298431107418 17.905351184613355 17.225187333112967 17.604372869292504 17.46910553968387 17.02775616350842 17.268841877718213 17.683424129248483 17.514171008695843 17.496443305498676
17.362894463850573 17.567900480328763 17.340399535327023 17.30170368069833 17.55167183368005 17.56459881663335 17.506465684249168 17.755695301622577 17.3795989682507 17.825982405395656 17.090384566780997 17.14104406975962 17.099954985116003 17.872420410481407 17.14521667559672
17.351419304714742 17.496552874195444 17.555880345560734 17.626964379134172 17.923284838299228 17.18751380519285 17.806168470143202 17.81275709667791 17.687127128745843 17.83597150377567 17.345539712736496 17.423711444651833 17.376814389180712 17.779455808786583 17.183475040370443
17.894390847385047 17.92734154467364 17.207868926195804 17.110651320798553 17.489579236647316 17.864067913857568 17.169381477978234 17.59960436297223 17.259121768493777 17.14065587239861 17.364240038457687 17.489313385243655 17.142874705226347 17.018269992557176 17.898391653859814
17.581910983506788 17.890346133623936 17.09519862171383 17.911994746925863 17.8119496886605 17.843397304381384 17.393910150675097 17.27230033900187 17.962132313309937 17.045414702910406 17.49165902368961 17.326050993200653 17.99414050316845 17.586650715021936 17.041107400947276
17.043459439804867 17.939171755590323 17.57297082010876 17.66902980429805 17.75399267109603 17.950022223954562 17.614033740077637 17.164020475245284 17.07360140053648 17.555029029587345 17.266970397835706 17.068223615412624 17.553698783267905 17.373912223107737 17.442916180983815
17.273459425384956 17.044106444541555 17.55653352585026 17.386290518538186 17.98871915461312 17.75534999604858 17.987814915133242 17.47050647716017 17.493855319145208 17.53010003915067 17.86553728938157 17.718832488440636 17.423393396381496 17.88921891868118 17.602465595500455
17.655416940144093 17.934744061064702 17.00478748603853 17.13022359036306 17.81902591560203 17.006695988470803 17.870650243158096 17.58956791694732 17.030833058515384 17.286920565024296 17.590431275909967 17.080187567448757 17.297639775992103 17.361322377593776 17.883637227319475
17.61288169155413 17.0531930554512 17.053419658360138 17.622378131616422 17.657945030003198 17.292807001465476 17.37854153194863 17.45440047115122 17.715816816254915 17.04028386957417 17.075479817855566 17.342541192316205 17.14952576270816 17.501168516290136 17.2173347874759
17.15637541678454 17.113189972546213 17.202660061307544 17.26364618441184 17.28874441924365 17.78680757537843 17.398043338065452 17.05750194613406 17.638014917017216 17.28480005452364 17.022291524827555 17.694168859888336 17.196334668249772 17.544247225343007 17.525530751642485
17.891890981724483 17.91481278876858 17.218478804642665 17.982346574882197 17.480852970165145 17.478468532031396 17.102664760706002 17.977450732297577 17.892907414498207 17.116954986861078 17.90027269329045 17.9020165344357 17.082516505369252 17.601479300353734 17.202737091468762
17.460029230269008 17.138459851636128 17.13400432199091 17.39941239490526 17.38028802732945 17.956212503273676 17.921731044325888 17.860857433684995 17.557234083125703 17.732497672878697 17.848025261423103 17.145726306512227 17.10256927328203 17.716371475052 17.80036562751965
17.170016739104216 17.079668294737726 17.605297365847285 17.896554833131056 17.247153828112655 17.014076745881262 17.210020572342433 17.06234910609866 17.658363256286396 17.625926454768102 17.52865360209207 17.156825985651427 17.94501530528101 17.61388814071373 17.16823574498117
17.116223611321036 17.42809664111695 17.73532108960974 17.13113135724287 17.392649625540045 17.554694405560912 17.873568289956022 17.34398275505981 17.30097110952717 17.54735275525438 17.26088450262019 17.94853529295767 17.755361662347966 17.48938937452883 17.53427394822155
17.29650403427407 17.276395274536952 17.417735399076292 17.841553125545985 17.79475265189121 17.080241171244666 17.21458932309636 17.78624391462377 17.232406825535488 17.523427487588485 17.090151378426494 17.60244002094574 17.988126069642906 17.169805995756924 17.230932088777426
17.584580587212983 17.56360949895578 17.270763713832526 17.751604935662037 17.46210199871011 17.21851229413611 17.505392131718363 17.433099412709296 17.105229422198214 17.092301818451684 17.414237816029424 17.85560796665461 17.675707843304657 17.0901831493328 17.078422954127856
17.442406101813596 17.095062073736308 17.983075803210788 17.245338300331877 17.618862151102746 17.493013332522725 17.625725188221086 17.28277469506708 17.760739297865886 17.119970215690987 17.932383101827213 17.055274092053196 17.856869380556343 17.060049939255073 17.266094081407
17.059644256727065 17.84350412797919 17.964875530571348 17.19547535198431 17.93099607553408 17.381126618960508 17.943433023723394 17.151979880774178 17.736325968859738 17.43923174651132 17.689562591381097 17.38098370426353 17.309580361086013 17.430561423658023 17.906195833989603
17.721639882545666 17.250302950021258 17.79350655699143 17.094240769788495 17.17329372218631 17.107379573540115 17.859864626735988 17.81405578528979 17.910354640615644 17.70005991289105 17.56486821429376 17.598741307752423 17.39287199353035 17.490348579864847 17.057376009775044
17.801019045432046 17.48666413015679 17.41402330400142 17.550345158401072 17.78925591698257 17.05470055326841 17.60195067471005 17.81517955384318 17.073229799949512 17.310539694327414 17.979035178577362 17.568275734471147 17.13652327433711 17.33497557983088 17.81505058918655
17.62406450757448 17.97997020189613 17.548648438808 17.91976697649288 17.096073017249516 17.63936929324824 17.606226427787252 17.324200766421956 17.116008251677723 17.230717789758348 17.13186596776163 17.970479518087167 17.5105899980388 17.397507785147926 17.95101134688922
17.14472656139674 17.626837493287898 17.387165938786065 17.99019414829955 17.130535423099754 17.028740782881254 17.367507607051202 17.81434615173609 17.83501739719703 17.101723939868847 17.0091141962712 17.85023970018896 17.945070234215088 17.696034706034098 17.805832633597902
17.705021946136 17.508429468133055 17.81617060610056 17.083134356649897 17.630410230828986 17.70222848572863 17.020679089350548 17.15286046344553 17.10596832288605 17.95120674618813 17.635145223834197 17.612918702273642 17.71898363889175 17.488370946670774 17.10090718656771
17.361786801811302 17.003818299506804 17.912826037709348 17.783016707382764 17.500216615902527 17.67020749920399 17.292659316153635 17.34318739329158 17.926320929867064 17.69783098597129 17.885172794650785 17.346951315593884 17.095265893908483 17.103584300112036 17.602424637529886
17.118970179723824 17.111079210235797 17.79832858024007 17.9369537029519 17.98642429160915 17.045624779977132 17.841499063949236 17.18072556756767 17.957628774766633 17.13858247887762 17.574803695093053 17.419752342579933 17.571503644108322 17.322311353769916 17.570345542223556
17.967502908791825 17.123249991495022 17.336763698919246 17.06385333639821 17.61213403867661 17.722562126614317 17.552156003762516 17.560307016955594 17.295736667855273 17.672931319490456 17.500892181200314 17.597095782176932 17.61820653361405 17.474073594369486 17.03527383478802
17.228948398973642 17.86401151909958 17.344240785783846 17.97382045651787 17.65922674966148 17.087042264124015 17.535150234943426 17.076562761852625 17.58377533422102 17.156897569467958 17.869495478933842 17.198460186298764 17.236370779329302 17.569368687040985 17.869476576411305
17.510133745871567 17.82891712064103 17.254552058060504 17.564515275241337 17.746393427649306 17.06488439447297 17.577933130727093 17.567296955527475 17.545579541291247 17.67108912434309 17.222948581021143 17.289507862791794 17.076525274433443 17.440767226060885 17.667948012222425
17.23211225287581 17.314987912056292 17.109991505065878 17.526140093444276 17.1297414160618 17.52768425738405 17.499837072851633 17.104022964243935 17.35474243586051 17.749605767844 17.748300006696297 17.151961600987754 17.393661128540163 17.299076889977044 17.128825690014118
18.92999000264911 18.39741108159724 18.665060527202147 18.90640543659565 18.39257936657489 18.776105695329644 18.422502228982864 18.917550911137948 18.50802801771737 18.56050818960037 18.184044749730653 18.077057850262065 18.471292358607627 18.784280318258066 18.98023323130578
18.81232196394143 18.843492831623944 18.454687195555856 18.87537045570184 18.5050717447056 18.45699234139047 18.774142273310847 18.0724706046622 18.380733770826144 18.261859038404083 18.150953114473698 18.238299212512615 18.92724867194591 18.157689161201706 18.194855218032945
18.288275762345126 18.848006640100053 18.25418001034334 18.33139731472763 18.411054607529092 18.757673225831578 18.934506920906443 18.8889687480988 18.68388912351832 18.315027846823245 18.557472100827237 18.513235635209092 18.23242276203379 18.25353889554733 18.62755779771364
18.545979149730265 18.52233978069142 18.818250786391967 18.786429449937845 18.568806054908308 18.035347781507426 18.446659969976313 18.035099487544215 18.65692789441407 18.27825293228175 18.141608594695864 18.182875683600884 18.014181978949022 18.80142786401075 18.875825695710983
18.637382620830632 18.567693874752806 18.661761452091426 18.540597955216885 18.29935854749241 18.789057521753072 18.55521864152334 18.405152939934986 18.506594244973627 18.478635816142297 18.665427509317695 18.788689785739166 18.683294012377893 18.500561007823535 18.12724988578682
18.663593747234113 18.594303979046824 18.48824090036226 18.88808090149778 18.206222532488937 18.878065735630543 18.353653018668524 18.66466187783795 18.890753765887258 18.83781860069887 18.02843623693877 18.639479991654422 18.581934950638228 18.307486631668493 18.240765049892264
18.518367490822616 18.22417816366339 18.77685184220703 18.289218897990473 18.57970169597654 18.147294091540886 18.86002814548512 18.7133351740307 18.385646724860436 18.713260852213317 18.62191505877446 18.48026120457115 18.897166733676205 18.01377498075387 18.23922421298004
18.80789701902737 18.837079229460976 18.594933662434045 18.96583571738839 18.027147390002487 18.27920644379529 18.733248280907087 18.39665552461684 18.949378092848466 18.60672176832809 18.616291595368196 18.579809168165788 18.04989778431725 18.179077134733795 18.89163199879161
18.613920696135487 18.404263905693764 18.274436393021407 18.4393100534089 18.985390728460075 18.721436831571292 18.13332878536336 18.89596373189519 18.050000521638996 18.00628400225875 18.21927584072724 18.412811048090553 18.743833757722342 18.353661285310235 18.133433653715954
18.365049476502072 18.82042153280265 18.127276348054036 18.972832183378166 18.246833819849222 18.654180134992476 18.30876472258585 18.30558157485839 18.78384536592611 18.924625106580674 18.11588601087408 18.35145526572544 18.374566724472096 18.301509584423364 18.083474535543566
18.402548062736184 18.331728636665655 18.58794835260916 18.67675466337763 18.9962469521528 18.036996216500555 18.646753806228226 18.16385808486845 18.861541230187587 18.044813870674318 18.834623238746985 18.912857078839945 18.19973744416432 18.375429598041684 18.599481925509465
18.498353511009412 18.43193412619912 18.722471057405155 18.358199746369326 18.003640825664256 18.14815000871002 18.067047311098797 18.76506326851315 18.686682282349754 18.626788467350444 18.238201441866035 18.0057998789339 18.74162536996535 18.958160416534565 18.28864144932634
18.80761380740412 18.23229913270606 18.502076265662378 18.165027575683876 18.442608337786282 18.40011705258319 18.13705724444835 18.04369648338659 18.12013273759133 18.456035878727608 18.51750521803727 18.875553827988128 18.813006189535564 18.654695799662022 18.345209050133704
18.13796848093276 18.743235044410618 18.91859541777884 18.482854664979207 18.52685340803278 18.464754106376475 18.53113036842911 18.5897454302022 18.338719180474335 18.723886575348565 18.449551927490514 18.843727782617645 18.590338521445624 18.05263092999455 18.602377741439376
18.22835711329907 18.50276105858829 18.355547899297793 18.130513828332358 18.8106266294575 18.83676946615503 18.587934073375223 18.90732352307408 18.41212249385147 18.708469712479022 18.9911329102338 18.830105418634187 18.085256270672726 18.936559327135768 18.25024820405738
18.31391909312095 18.846265825311864 18.676919794208253 18.37018883678324 18.138423810463465 18.187964012770603 18.08553012817819 18.02788795574258 18.299372140255823 18.997754158118237 18.017300602530906 18.651703533117388 18.79862697892879 18.640220262016374 18.316277062569498
18.503421447076477 18.370046591023556 18.12863863610321 18.081767874131977 18.593946526376257 18.98330967997713 18.50604709159957 18.40529692166166 18.35068042156887 18.59372820696098 18.784046811890697 18.464887857848687 18.57275003133311 18.01332289279206 18.046300740358976
18.536036605607183 18.35966358630341 18.96691231994508 18.613732094201048 18.432829684681707 18.37963607222878 18.366693713224247 18.489714582533 18.12801881126347 18.055739253975812 18.58976961333071 18.656086533117907 18.817462824984894 18.99119618325586 18.075301287306143
18.17460827726235 18.492200088642907 18.22955350083328 18.87144648601622 18.463523197798768 18.160515444471674 18.751129596654142 18.85696551011652 18.56517001729137 18.222718502470414 18.9440501015162 18.23835612306825 18.69813456874925 18.142950025744394 18.656346605964266
18.58060457823565 18.896217429132776 18.48518642550184 18.835008699243847 18.068116459866644 18.07653286386705 18.584712491667872 18.68854296124683 18.912117532460936 18.45034414099967 18.61168509666776 18.771507137069204 18.821791528479277 18.792778921541178 18.55001132395336
18.38265167834013 18.23864825900338 18.72135741430738 18.662617074193186 18.192714386292742 18.597092067753923 18.798305582364176 18.343282443887556 18.073578782065486 18.218887018779494 18.96791389230193 18.86557292618512 18.68742030323416 18.575192072101444 18.567742110786607
18.430996519936222 18.51262862784584 18.55706583145799 18.911259077684477 18.091368102573846 18.632708508890868 18.08381712320459 18.229545516315085 18.5744648044332 18.795025746329625 18.84830402974501 18.580977302215935 18.777406740681894 18.958178496022338 18.249261067867884
18.190345442242986 18.708799799005906 18.789938937442052 18.59296001999464 18.56265800133679 18.958528251449057 18.352123355046675 18.459987161914462 18.631908637977332 18.353186828596364 18.514414074168 18.727645825398685 18.15138488542287 18.31549305860769 18.4760692605414
18.114469848464527 18.50962922846557 18.58762293548759 18.14262200559038 18.270560261578062 18.164953992075617 18.401263673112847 18.00408316188892 18.375933581073888 18.931451251271135 18.881279493569302 18.591827341485338 18.928797417687246 18.42072712911107 18.4552377209907
18.55325455908828 18.906644867517908 18.046129473635887 18.30764427624997 18.876485036989322 18.765286374810508 18.13002670009674 18.465588488511486 18.821758097846377 18.804413803138274 18.819734803616033 18.9315998774381 18.671870403177238 18.27301849948534 18.713978355045413
18.389869923225486 18.50090282771731 18.21396121738377 18.32931071741166 18.403594241351446 18.778649186395228 18.454218653913664 18.794707584774866 18.694041900637444 18.777574507225747 18.33580791852941 18.45258672640378 18.046059746091682 18.429793796672723 18.752116459530527
18.36579669409199 18.620072195868936 18.493477388338864 18.805342108051022 18.08265517935916 18.967237110833285 18.631251948077654 18.932973948040388 18.39590807114456 18.84227137986614 18.277581305429155 18.664721352782035 18.246517818197614 18.98756029589262 18.97777414151681
18.266025744041194 18.36948043396843 18.422516863435625 18.218180925775833 18.4002650000651 18.75640806240703 18.41375879218594 18.635305783458605 18.598988180401605 18.51840393432038 18.22452227141271 18.890972740877924 18.767993997720012 18.272795582061935 18.945833253275392
18.43135094477498 18.176793468159854 18.748580583757597 18.19730863101532 18.809556484263368 18.37997354955509 18.907979156882497 18.252061142183223 18.24471302418848 18.30120515074619 18.51527609812087 18.188033400225756 18.614767277773627 18.27411547138596 18.749174105618348
18.997188204612275 18.136019640896176 18.178971284672393 18.151169617931856 18.19433352968058 18.56924432029019 18.94009614767555 18.930000782383015 18.35896235879658 18.91043702830706 18.556171360423505 18.401007363608635 18.216339172506956 18.173642860466614 18.524046588680662
18.129279984639105 18.318166133995064 18.053980858583824 18.986413413145744 18.16676655635003 18.118513915210677 18.97089540899366 18.18467055527422 18.626041866317543 18.257303689058674 18.234829522434264 18.83053735921757 18.717235790252776 18.161477838580385 18.854928417871037
18.82344727368035 18.289654506244833 18.653099235987916 18.81104592212535 18.335481060451947 18.865918268468373 18.11396997461725 18.450240941006836 18.661574804148852 18.13397824107392 18.897962341117545 18.036114346057506 18.38996514456612 18.871163962303918 18.105105924562174
18.378751362057212 18.38631042934406 18.314452218366384 18.53557704060416 18.903698564828566 18.804652971908304 18.062437024117276 18.627087285986264 18.480318219539548 18.839364282936877 18.697019331175653 18.44577063773419 18.82302723283725 18.214441903737402 18.446624743878896
18.34851900419382 18.303341833529956 18.470002353206937 18.377795669403973 18.763818619539087 18.566313085532833 18.950542269495834 18.798294253590846 18.64849072220895 18.431852652219593 18.02551531311167 18.78239099946013 18.569341627290513 18.179612023811494 18.480000002106987
18.98780318747887 18.03157875868511 18.465492657562177 18.201709214771757 18.223786280830748 18.629951253638378 18.79852844900613 18.260319569705395 18.55117065861033 18.833924542139478 18.718796143167967 18.226074611588363 18.047674634234667 18.73480050410705 18.560173007025362
18.106843135578305 18.75561469279853 18.880546138302112 18.956175942906317 18.59628985536902 18.744171762522626 18.40319521142481 18.052778978428584 18.42054235865979 18.664662443193446 18.00403879583928 18.72902163943884 18.446715347744423 18.65480251466322 18.003422814096552
18.99438364435622 18.873878937719542 18.95673942327689 18.584820975877577 18.131315734287767 18.265534768924482 18.15366937791052 18.566954750441997 18.081980932157226 18.402390482950782 18.501143925199887 18.52308199175394 18.040174047891238 18.935199250962544 18.431709446933308
18.83317846972736 18.202551350258037 18.59965752752679 18.945313032543762 18.302587627560577 18.157716949648258 18.318831464799942 18.262945930672796 18.309815557482008 18.447375702379507 18.863308165972978 18.81728629758504 18.05649983955816 18.420677157413888 18.865244984762743
18.38164061904892 18.38418223739828 18.62103874710824 18.889716631112844 18.897273499596285 18.795367005883918 18.59415066919444 18.955235981739172 18.349253511843084 18.770448203013714 18.1865289725539 18.365051901554043 18.862232680922926 18.207440567857635 18.11589711039568
18.961802869480017 18.040115696601312 18.828050451355722 18.83784094267154 18.950332673824594 18.457364452684992 18.691474893390556 18.50759548567904 18.246950619974257 18.124721938656066 18.536418019593874 18.141486228518332 18.90814496248879 18.6984294299455 18.532166108942782
18.919461894450446 18.56773570761841 18.179549166968147 18.16116396160379 18.93831929906736 18.968678401582597 18.85879436351139 18.378386380356815 18.62463525119067 18.61420801815223 18.302307058116714 18.896901098787076 18.44708463071703 18.282737920479992 18.245113686647645
18.4343698882017 18.529737264178102 18.651906017355312 18.36152699899628 18.021837248751993 18.26109122385424 18.559386442846886 18.015552468553654 18.02400664267934 18.01801307889132 18.491561418619792 18.259395667801694 18.34930669716725 18.679420882467372 18.73587548295985
18.544457172507386 18.438400569991934 18.691458712982406 18.258669458129095 18.83673950640942 18.011393906966326 18.064076363210916 18.777519370002633 18.08738048619802 18.226847903463444 18.828341473041608 18.685581247725967 18.299066331186562 18.859805745926895 18.164475653060233
18.455169654242656 18.750366242172966 18.34139230386336 18.622519860023882 18.898774366353784 18.292570362786694 18.019148427968464 18.600698951344803 18.19794590998836 18.017400971591346 18.79511277947867 18.520968833182973 18.92395779507592 18.009006735699305 18.3777656652597
18.946893981999157 18.368879034744054 18.339938161363985 18.744300986844486 18.225917066043372 18.38166778124031 18.948342073585803 18.05129395080694 18.106246532194795 18.561123415925362 18.542401556706306 18.154683677205345 18.17800214621231 18.09601040151778 18.218087094311286
18.104091431362562 18.918922074160275 18.76239435512459 18.04757367604171 18.461846966475285 18.58685018119865 18.589207580744738 18.498217569934727 18.06369658089735 18.194384792658052 18.485286592297843 18.175775798325454 18.886018573748277 18.325485888700765 18.68460253746436
18.05058998554641 18.01347290350747 18.609500359213083 18.21113050612777 18.021745820694594 18.311363923816163 18.254979655882074 18.690780839402237 18.401758021049513 18.298595853648486 18.16382866380293 18.745042361924966 18.663119985743712 18.889953070858926 18.795737400227
18.889463553860683 18.578096222126543 18.130538388831592 18.13351268864227 18.329824401010967 18.704424943387206 18.78055392898258 18.81183996236532 18.29982853470657 18.02213696213565 18.625211275619165 18.71516981672796 18.616371314309163 18.410486332872345 18.682408610307274
18.124838064623304 18.941916293684063 18.56902714313398 18.059914422493843 18.8011919013385 18.838239482682507 18.933160014627813 18.074148870370923 18.223408991994905 18.071776445573 18.112010685619026 18.384255442394657 18.577860247593073 18.78803490834615 18.385292442985683
18.318006962362155 18.985281304962875 18.111011241979558 18.83584314342641 18.270191889857692 18.887681645999514 18.44327628694901 18.765816182801704 18.03947811601462 18.477834046336852 18.243372295038622 18.14704479884887 18.236353099883374 18.547352138087543 18.339389435225165
18.989886979055445 18.4425909948306 18.153776341756444 18.90106675994537 18.6798982987434 18.631798289534675 18.062754214472385 18.037489292841027 18.5279685687197 18.470942280410664 18.00831387837799 18.61342918935419 18.00709716433957 18.51436666312385 18.432394088192254
18.28460579529556 18.407771502419678 18.974651655600987 18.514208466866883 18.940615559530414 18.93395148138514 18.708776338454168 18.98068506403971 18.71400991845592 18.58295227693006 18.293393476796084 18.401136940246158 18.464975226807606 18.50505694687981 18.57962782752362
18.412483430663602 18.183295856309623 18.922478800161333 18.91566126554752 18.59575549786563 18.062757619709693 18.102333511977996 18.30446874759615 18.530283067524902 18.097876012495266 18.324568795157212 18.12442158548787 18.888876053516118 18.928809462543537 18.26333995377362
18.682075578003705 18.30547488800938 18.317544804445763 18.70910715730407 18.7893129951362 18.146160479886213 18.076919104853275 18.098770622998444 18.761109280145625 18.245077526847247 18.493767416813753 18.892448446591068 18.715546992771685 18.128739226429698 18.288463998411196
18.438040365070822 18.824300365080827 18.24534549000024 18.935350017103243 18.59851108791536 18.209666606688646 18.24016062752424 18.732017709871908 18.081864330912854 18.513320188926247 18.373661003802997 18.350147681935823 18.11006917069855 18.772319345854022 18.76607672978887
18.726572503314067 18.79073845890616 18.129494500041325 18.270115714463852 18.060465883773787 18.314148309050022 18.078200454853192 18.423072558937964 18.371034141566668 18.88822724754656 18.395515548825436 18.110188690778852 18.539812345322154 18.145431714513585 18.653322778363165
18.283044364466562 18.012644709576193 18.607964771531307 18.213308895866675 18.31992682900999 18.3686550890801 18.681582860676727 18.909769752733858 18.389533710390683 18.77698996715063 18.563275434179282 18.203211311225406 18.48503391161582 18.956843153987677 18.39439077992022
18.448087256221694 18.632423121700846 18.632247503723164 18.96832050577529 18.05961598254726 18.145274619951085 18.63034611211217 18.3106444982472 18.787471111127754 18.697400087697176 18.710331628776892 18.48967687368376 18.008241193821043 18.415599834579933 18.92996871575891
18.08664262611774 18.933906140748082 18.156595020105676 18.857591903872706 18.85725407617458 18.9001789085431 18.62539918804326 18.219696904808423 18.250244454765834 18.446413194408734 18.016800168309658 18.63772064642467 18.61345612776287 18.7278791285309 18.417287568803108
18.9523313482026 18.11436891120097 18.91156019995538 18.291675082145318 18.259526616638816 18.629494006839714 18.598226946435155 18.996831205928647 18.190064876041586 18.11584731158925 18.986393813432265 18.414345199912436 18.152230299716123 18.267755440055492 18.447867693806664
18.474620383423858 18.227660073071625 18.583536661097003 18.419947598660407 18.556799785348492 18.160937644558256 18.319138025596242 18.03593724432822 18.49209418279352 18.415883099452945 18.18959914931924 18.713483149987702 18.172495500644466 18.584948229870395 18.094251905131564
18.999353045431114 18.572524220791195 18.532850151148917 18.5878546415299 18.32962036659232 18.32857157848042 18.531554130303903 18.297398436356406 18.0058227069386 18.888563175826565 18.30094282699129 18.993112016041984 18.610513224556698 18.6440833346445 18.307985669599947
19.562230934344296 19.289725906220333 19.387764526083494 19.896948509288876 19.70538587224299 19.81522699432337 19.900659723443027 19.82416059414716 19.778003747369755 19.106026207532203 19.467479732410375 19.553082166595576 19.832904601154798 19.93647365953177 19.641991714718394
19.228892563341812 19.58531605579246 19.88736890520281 19.640539162374274 19.59654566315334 19.717816410138663 19.20686126878042 19.32855733624339 19.252215348602572 19.67025647339639 19.139521048756734 19.883122891682895 19.525281035780008 19.818499122231046 19.454813760246818
19.86398975052666 19.97647918132068 19.735854847227063 19.360310169417883 19.60622776132224 19.967573785464786 19.05238043858857 19.720317489898346 19.559494798393924 19.00887509770524 19.27974731296843 19.517217620213803 19.44213675955881 19.623162473077887 19.85317453668186
19.790650638148055 19.852723998399956 19.27804390706896 19.55696117326578 19.868783086377157 19.28729723381404 19.533511076239005 19.446441521353165 19.566251792743838 19.347509307776136 19.927425847580913 19.356725469771796 19.16497631982633 19.29301394940576 19.27890000187048
19.09737590685139 19.416883830590844 19.99086617786092 19.028007205854323 19.47221374926687 19.511692393651042 19.745363448010366 19.94999235304077 19.334730222276296 19.938249746472902 19.453670636023325 19.083120150660484 19.992125274610398 19.43452679115518 19.025735670686327
19.991531411679315 19.40478019421699 19.76921597767809 19.031417202698318 19.547952004982754 19.793010785993424 19.926986513624094 19.093409424972684 19.265825853812057 19.459237785281015 19.37980029717733 19.63146333829125 19.83642039296624 19.861249100502235 19.518293394708692
19.181567727958335 19.933678725953918 19.23101804311016 19.990079831811734 19.66316729562547 19.538070135799824 19.323580990739423 19.645936081265017 19.648159388768903 19.000416438537183 19.20176631425091 19.030175853454455 19.8973249609315 19.817648549152985 19.31510631013703
19.868126741881785 19.173012974125804 19.624674378706747 19.51505202334474 19.801471518000973 19.611312491996795 19.220015157765133 19.063650842961213 19.7013187766701 19.74260948317125 19.537594779963054 19.139135013212627 19.249218686063536 19.58634067175049 19.353042070027897
19.81940885409362 19.11794183541694 19.1139199571703 19.17009374155631 19.033211070982116 19.00669011198236 19.77322733141677 19.17116140813777 19.508768047556885 19.989510395324842 19.698714372635433 19.33585308726682 19.321042673084172 19.121033500107753 19.693094126589738
19.83221596960432 19.241222677901487 19.010262108581973 19.05974778271436 19.56769382981519 19.72588111978279 19.120983230678064 19.889393834098872 19.350269254920992 19.048281322255683 19.8864821635343 19.460230375761597 19.454986937987876 19.770586606154616 19.33658641070979
19.99767450517205 19.517031327756396 19.483275660652744 19.8266699367593 19.157987274373426 19.57975825467811 19.49685206490541 19.63109920868693 19.24948665021577 19.814556635022548 19.96097627324837 19.617704261769358 19.38571470655392 19.89914328527947 19.707437558908666
19.955209957102582 19.476839813071283 19.291869932802953 19.965921794591914 19.822163301071647 19.208738394643344 19.671848458763023 19.985320872588662 19.383745167904387 19.93361458340647 19.62817684037775 19.508367783741555 19.881955712391 19.70168093523765 19.276274901250154
19.99367111728613 19.54501457981832 19.50033656156429 19.85531510127366 19.456761434320207 19.163418760506538 19.135443829465924 19.51796115304878 19.810551096586433 19.602951747680972 19.088718272373573 19.46210260418931 19.625648356642504 19.229040356081182 19.115910854898015
19.27400090621787 19.302255194594352 19.20220619589721 19.312375475187842 19.85323893562769 19.747917921088018 19.870960576077223 19.865778907835878 19.572092111671626 19.789188480981235 19.03634360890042 19.74012408272467 19.385416226513684 19.710292955266798 19.691409282058707
19.090922388862612 19.45187367444928 19.50819383304164 19.9493100583806 19.298263696387064 19.453295714451126 19.680970559823965 19.265236203086992 19.122697744690463 19.206206048908957 19.625232880343862 19.73031664329984 19.638254425124774 19.348006327789733 19.008319917385712
19.169689272495887 19.27759396351034 19.850051870515163 19.802327281638764 19.012300922440122 19.536192973165306 19.8608215268918 19.019543583822024 19.416597980133453 19.625635689038145 19.914612943428903 19.572666504689924 19.934121061017578 19.64049414958244 19.854670477801093
19.09820824808719 19.072117685819045 19.60894493672496 19.914379847229934 19.02778829831441 19.476639391483037 19.134184373627903 19.276140143881012 19.669551591374425 19.099191081908042 19.201867831457246 19.08475038512253 19.570738258265216 19.63285106417391 19.128213187232994
19.330624229063492 19.972471045581166 19.707883473419084 19.55407241726939 19.237873189108374 19.739114638991822 19.822214614597097 19.85218904313199 19.79327529750543 19.747101163777753 19.748747594229727 19.30802402544985 19.83437245860879 19.35190450743606 19.209340383778237
19.95894567058678 19.67841651738405 19.216885335620805 19.934374560740103 19.032244273915087 19.618610617406475 19.48401791989099 19.837193044762337 19.50934530951626 19.74006894384616 19.99404868706394 19.92428713599594 19.461759983066816 19.415144530112862 19.02242586790268
19.734964506977224 19.45372497344897 19.526251034711855 19.787377934559977 19.558331406481553 19.487148386480555 19.934031995976028 19.80780863698966 19.410773667611657 19.676391994849578 19.959706038276103 19.041214533918385 19.77372340965267 19.083584645969545 19.682644571017203
19.61562051042452 19.389348797431804 19.919575229304453 19.667714192677966 19.88456775082895 19.99090670266103 19.621298190933047 19.331642832813767 19.48047746930296 19.704849320760637 19.153238000753724 19.53364536873028 19.01925330031133 19.00337720917482 19.248843869181364
19.13277068280921 19.117773560374424 19.50898296330838 19.207159097199735 19.192908969019715 19.42596430876143 19.65663159551732 19.290594421695936 19.23612467380801 19.446432858531146 19.204574379378062 19.73168814494846 19.44595672262056 19.01718053642683 19.851395535379574
19.849860275967565 19.0045546669633 19.466702673078014 19.76474193993954 19.803581588857462 19.810995329793265 19.61582239791543 19.656287883361305 19.059043133118102 19.672852111389115 19.996894723514337 19.147838547226797 19.74332527137074 19.68906439484535 19.888555591909636
19.565077168750133 19.66822942540508 19.94938213894629 19.02298009041215 19.968312792273466 19.960350366805386 19.864136713284406 19.11265312355941 19.183686645860114 19.913630007555952 19.407815789685618 19.664944629869282 19.833647028846556 19.89254847740579 19.31089662711237
19.905320627584096 19.882104200580816 19.857272210685412 19.766618642453707 19.013810724176963 19.007528017091634 19.356492222947214 19.53285280658554 19.29439114225691 19.19635304398431 19.639350778704706 19.403951845770187 19.343231975223876 19.309406971119785 19.8747678531109
19.903441790687765 19.759296099118878 19.01568006633595 19.334643465799104 19.705642218362442 19.449566631319996 19.410604969323366 19.796825685421187 19.73277859248718 19.12121810490134 19.84011735767317 19.35439810545507 19.093877332510143 19.124336599831338 19.937119973055054
19.279755143836024 19.03271033654549 19.411332317756713 19.643573775748795 19.585096892360426 19.834282018617817 19.012977635143226 19.039291747733323 19.445390029417982 19.202829584727485 19.09604240405857 19.127612343174604 19.705504531196844 19.9690323010252 19.36378756179379
19.338481028866354 19.280150939738206 19.11010325052447 19.288117304176026 19.401070183198225 19.3734061948136 19.973663374836995 19.420978308559857 19.410919025891907 19.094030490792147 19.284773497469093 19.822635203265452 19.37067675359741 19.22344175953749 19.985227641232346
19.465738263159654 19.218883658479164 19.605128012210276 19.20518682722899 19.32664086842921 19.37782690186025 19.867442446372277 19.699458971451442 19.759211133136336 19.149358506431387 19.966139719720065 19.89420782001194 19.66142262162458 19.866665164236974 19.33867616447924
19.284599656503765 19.891297591618866 19.570331232913862 19.29921078977314 19.299873367791573 19.366315087320917 19.118637064422238 19.67140778254981 19.90954627985063 19.28918584137017 19.064887201375615 19.555555452052648 19.182944049250757 19.98293425995959 19.33866411012491
19.557180602109984 19.73397050072 19.88951757698469 19.75325471061331 19.766251338510237 19.48400856890815 19.388750784345582 19.62809857856037 19.269225265818196 19.458071365285733 19.22809524767738 19.362958365557827 19.000614495220322 19.392797857170933 19.51890792697016
19.629614275032417 19.296402352444588 19.77961509611647 19.45103722718606 19.957236360031548 19.598561243547007 19.592364731427537 19.105190451768408 19.879189586607627 19.378084973549658 19.35591880576289 19.001287009296018 19.481878390222455 19.49336294673395 19.40078564786809
19.311050572837182 19.150339126808056 19.881387467088132 19.118434211548394 19.98438247671525 19.540640027277107 19.691200173886454 19.78304055590511 19.391597354079565 19.325750121961796 19.712146540208913 19.037587894289537 19.467391905701618 19.059390141098795 19.223922578226386
19.45572736253046 19.757455646344955 19.581479768081966 19.201061217247226 19.685533827833996 19.214922538103448 19.74914741981973 19.14142028868509 19.5572669812282 19.071400939481393 19.918870059091017 19.656397609903756 19.194475146825415 19.616108241653833 19.528162346065628
19.360013630903936 19.60625548022987 19.25667640613387 19.329335905478974 19.52466491776093 19.458210693318456 19.806482455258624 19.31320078624013 19.433267073565187 19.720619356885937 19.545898298638324 19.127183275180464 19.350668877296776 19.67456306378426 19.238642500534095
19.84018547199118 19.56163373183498 19.320230341181286 19.949455849185203 19.235613227913255 19.97834889618326 19.57634419631845 19.205611881017376 19.424351746153576 19.4073365846116 19.78563588182824 19.772312244384246 19.461068209684694 19.683805158084642 19.948514943920497
19.07080627032604 19.82007362136175 19.53089305773566 19.795561650909878 19.058112563634054 19.041076992798832 19.181921822984112 19.27919448739205 19.208510116163712 19.590516516176546 19.515688571061897 19.31584219815532 19.089505230076313 19.000754352399106 19.697992809419947
19.64217630939446 19.908769434788198 19.64727287338214 19.097005902714862 19.4624362323808 19.323583005099326 19.103111753120736 19.545756156999463 19.158606709873034 19.750607491871108 19.87013712215444 19.861916169593844 19.711182400407925 19.391349844202693 19.428335367855617
19.903243358714604 19.63548220440866 19.197469562763555 19.967175719370587 19.336438195493013 19.176952167652722 19.040119980463903 19.86718751593942 19.727849922197656 19.22862180805602 19.418802804995234 19.98524918624624 19.526371760428237 19.9348560208742 19.14775532245072
19.063688148237446 19.002033378077623 19.227771015615634 19.59167765208838 19.131141838317387 19.22821168880107 19.606158934174392 19.187647406160234 19.59223199705236 19.751044838113543 19.3114931158205 19.18635714149344 19.81345573007262 19.676548888389636 19.68156168381701
19.773350457215038 19.40429836850769 19.524100701244894 19.86950443431776 19.989719982230987 19.065425085947282 19.34436399394521 19.304504094517696 19.161771259004997 19.829909217681912 19.280400409069703 19.240109671917345 19.87044403581698 19.75880729940122 19.96262082261961
19.487146527101583 19.843822718281256 19.66899210416742 19.871396692428284 19.960393627514232 19.539856291727403 19.269006794143213 19.07556504913309 19.98168590624792 19.601446846242634 19.157804271826194 19.560724560780578 19.376825449804567 19.812355586296324 19.501588328412787
19.698134942829267 19.279662277842537 19.659913636839136 19.84557378731484 19.27319505137181 19.213931759356267 19.119314258062072 19.4403352242692 19.8918899247042 19.461912515032875 19.814302238335607 19.66651446543855 19.51426039965649 19.948694956517784 19.280365174720092
19.62700981060337 19.325863674797368 19.871827274265083 19.659070326165477 19.742370389246723 19.151356521315524 19.088332676746006 19.785980123531527 19.232971315953463 19.138747674691547 19.83456718709849 19.299618095469402 19.700646566665355 19.498529206566175 19.69911510371776
19.095246141907097 19.632808179464973 19.668811535529755 19.8948950074752 19.174753384845832 19.54368186685506 19.395750207672275 19.783875885739 19.702745653355453 19.64014073878222 19.867966584892066 19.29627973749306 19.868963582298395 19.353720413011285 19.22432965760732
19.35587334346451 19.9784469482627 19.815750406395377 19.466378489245816 19.673928713752122 19.043401115479863 19.369137880269534 19.0498307996122 19.30665782620082 19.03451123977067 19.50819207554098 19.204035660983486 19.18440448943632 19.864488572098338 19.21697867426638
19.33389344324841 19.41560192715691 19.122922335031777 19.537045323287543 19.695679442828563 19.544482218528866 19.559049678890688 19.336960640184746 19.906372372557737 19.098749258453314 19.31784542777951 19.67896135307001 19.745502274731333 19.701904176157434 19.974872266985294
19.882102987261735 19.13919698036811 19.744638548408112 19.48662103014064 19.36666135606327 19.17802021601452 19.1106872481276 19.275609891643388 19.63113423504948 19.51335821279569 19.734759007779687 19.803300527276463 19.26104288348123 19.501526124748214 19.83364025460846
19.148927794616764 19.697836186782382 19.02042940345667 19.49629322829579 19.308629380229743 19.60655039347949 19.970529487134478 19.944746680258675 19.15679997396871 19.07247996873145 19.090026910075423 19.184803999733095 19.270384497817584 19.529966110262546 19.863589474552484
19.954069519294652 19.106863250761613 19.280510938111078 19.98461690203461 19.844521286524962 19.34797157197885 19.69277775395442 19.042947213594022 19.227834336780305 19.573734747280803 19.693638073736007 19.85307480014962 19.143885399984363 19.81518923269257 19.95727892865639
19.11236361577225 19.626346755451223 19.949198986573066 19.278484555136238 19.884403158419502 19.03400286789001 19.345065764721816 19.976558809207013 19.739569147114242 19.832400759925356 19.65017090130945 19.817955643516505 19.2530146454989 19.927671119479005 19.110674892122205
19.868537219542006 19.95973150434066 19.092833841348494 19.36334095430033 19.890480011474562 19.796986176413494 19.24662833113187 19.205836782551508 19.384201407893 19.526347734305247 19.345885486085354 19.45540865122169 19.142280865832863 19.620690457382707 19.43468454334266
19.639610605956097 19.230200604272138 19.625966815551575 19.957015038955173 19.927810625528846 19.637833256367088 19.063211284844755 19.78439031230371 19.408484822022473 19.455954881548458 19.52314914180216 19.5358354073697 19.544849672974177 19.32366341559716 19.723948675283367
19.67489946118307 19.400171419210913 19.065434353408847 19.952069037996093 19.55681854001491 19.014130833748656 19.890646857700357 19.48682036811688 19.068681635630632 19.132910525628635 19.263765074047395 19.321166577326974 19.75642939230352 19.348211041224772 19.56996113386621
19.734465547281054 19.36474135525091 19.584191398492663 19.99881775483231 19.04725503106295 19.529344170678627 19.786368100044513 19.64784971138246 19.193857435524997 19.95599973496505 19.612796279495026 19.7079357745529 19.585489943929154 19.79640927742281 19.905395773300384
19.734353045135162 19.10473077841494 19.088494830392523 19.728073160073386 19.42995851653945 19.97160665112209 19.06699747075946 19.798331002323348 19.07116321195463 19.652230387777493 19.870057295265156 19.210343802338706 19.692696352796247 19.942831596436967 19.668416939194252
19.450019316119413 19.413758437260626 19.855187424678768 19.526117297553366 19.836353409840285 19.83601362881557 19.95387476676631 19.365030050752743 19.688425087268108 19.272973474656556 19.351428973272853 19.25029901723885 19.713667869236755 19.680675633936815 19.654408431087596
19.839737781535824 19.340592475257676 19.551162398894117 19.77152801029911 19.247459022590796 19.977925024108547 19.70311623129347 19.644439402340687 19.760486025455386 19.47216370661972 19.85810994422145 19.64239912039606 19.816824736121227 19.3568464011693 19.126281945947618
19.573980256181898 19.404450303662088 19.839360480684014 19.04184746424853 19.012146994956176 19.572889294527112 19.854915097603147 19.586708984089043 19.903426285431294 19.06255479985607 19.932335306778413 19.719530189235257 19.237573429767735 19.151718827530306 19.062626793677687
19.287989600296747 19.891044317104004 19.696982128233746 19.23879839033126 19.84353152165981 19.625749330176852 19.00032888460612 19.844219413095047 19.800783518330203 19.623979433234695 19.57433014024116 19.6068269407564 19.587911023621007 19.871057923303596 19.09678569923537
19.407788387780304 19.91953147064862 19.15918617687139 19.847071990622577 19.83576266013923 19.090412067900246 19.47911536567031 19.698688878109706 19.011693116624908 19.23602619704716 19.090690202491384 19.305975493263244 19.87410395032785 19.835145724280334 19.618975087337105
19.467691733916364 19.811161358817472 19.33999791545421 19.109586780852105 19.776138352393435 19.253299022130722 19.711116636880007 19.095022038550912 19.56771543935007 19.598997620666175 19.806870059764176 19.373182452805807 19.87929539651031 19.636346019541865 19.031747695069406
20.37996315765125 20.58451330293475 20.4443017028505 20.382841783659835 20.74968578760549 20.135053901395803 20.610106633267673 20.050559410187496 20.900320248590933 20.364241262346322 20.483103846986086 20.0274532115631 20.254853994716385 20.62371342015965 20.100239323926893
20.758160212030866 20.015831594265396 20.11869118639189 20.36482256648403 20.72378995802011 20.247001113692384 20.683326512159645 20.037658368427575 20.9957042553377 20.38416848655827 20.394842850368633 20.108451548434424 20.21648314252864 20.196774374669562 20.363656080923047
20.15542511066282 20.169972510652094 20.652372887538245 20.75639112380357 20.372381748748303 20.087660862320146 20.0981048340158 20.609686390924043 20.044977488468152 20.105233886254737 20.666422708188577 20.274904376858643 20.391765044936058 20.831007670479398 20.83673864672061
20.397343167867444 20.850604344642175 20.81704211829221 20.640330509322382 20.178270666753924 20.08732559110824 20.834088342289082 20.082755147119464 20.294079561760814 20.231070467313465 20.24312525774728 20.976182491044717 20.25408755403131 20.09952517252161 20.42909179917941
20.523477808964014 20.166984234241994 20.46729880040016 20.21652336472263 20.676523299743042 20.85565226647359 20.751988905421978 20.42215189785316 20.503184859929597 20.011067388319347 20.845016104721314 20.216131305735576 20.540493526417652 20.608207933841435 20.19809734853873
20.761401035922717 20.386025107481306 20.120381486279413 20.691268175230338 20.67980227194683 20.5851258351157 20.1631026633973 20.254651409235496 20.253912931452156 20.20854586294875 20.074632585677996 20.693710917281347 20.915168891669072 20.383206066289052 20.597517306038583
20.67651614792472 20.491690848115873 20.438238736797608 20.263938703893256 20.381583648169087 20.893337577430177 20.259105350697194 20.307418407337575 20.876150109619775 20.396857452003548 20.904509946078964 20.924391357223662 20.897270710786348 20.460612913881654 20.533989958655084
20.49139246898204 20.34192583174697 20.046202519628796 20.21848089959393 20.90707657325068 20.43735768368321 20.753407987597356 20.261814599872142 20.57301779884713 20.25914829865212 20.685244929040497 20.248025947623685 20.653211753417047 20.992088520241204 20.85149687645726
20.147505786923574 20.159430216753467 20.0876773719036 20.091964982230806 20.46445292020146 20.098054244956217 20.262129834191438 20.954765907466538 20.588741283074075 20.383738886691567 20.100060408033073 20.70036340878241 20.22723308000621 20.476238423806983 20.881548567332274
20.618619461120332 20.03273216553864 20.728948460610987 20.13408154730119 20.144003240510113 20.32318671735161 20.251197035890122 20.325909144916913 20.833197057824485 20.08941342804305 20.681043871609653 20.06363347534751 20.129690929390996 20.3265304396553 20.64132342701768
20.134396764348345 20.98155752683429 20.092449512207725 20.808893834961886 20.74181847658809 20.801452742076147 20.596192539324328 20.465530550372844 20.324872572474796 20.961986732451173 20.049461220608656 20.1186297002943 20.420184573769415 20.004963078949565 20.976802872421256
20.280863448886183 20.130767324969 20.00958524653534 20.172879827344516 20.7801553333686 20.89800317766132 20.112580266739545 20.519762939142876 20.034820915181736 20.43871969286644 20.002291913082967 20.43283505503041 20.573444901748367 20.905494644794615 20.31914697183712
20.790803127467274 20.70504318288089 20.55586548937087 20.286499641771954 20.8234828905096 20.6522842651606 20.47490754882789 20.568710731172665 20.58043286315522 20.649021329585764 20.18568378083656 20.307419979721868 20.28417970703799 20.473112658564666 20.30335856263808
20.522321278418765 20.083690068668066 20.636485029263312 20.741306773433823 20.579352179973874 20.466908672683246 20.986620555003864 20.361338525751325 20.22706064665817 20.865596232981687 20.78712483354059 20.375198940218368 20.781013517101933 20.791364964847467 20.4397602248889
20.250791452647576 20.396462658229687 20.178723293693018 20.88630497143206 20.354112287561556 20.01108675472565 20.479105912216234 20.385825139558875 20.066672511041 20.462477507219358 20.449278581244556 20.801423346198153 20.658223635444067 20.48914129926918 20.508172278569234
20.750254415394036 20.76589119667838 20.809138365684774 20.998114049015214 20.971574666701944 20.933360311381197 20.2370838776813 20.679587070525532 20.04981869219508 20.29754606903364 20.848085562617623 20.313066076355774 20.19317298218128 20.17522046775837 20.526295638539594
20.237137912295385 20.112843530344573 20.9983572222867 20.846105154973678 20.439032150273654 20.174190042090835 20.77449423608057 20.12561110447188 20.731849466369194 20.898126668311203 20.00720280381067 20.66483780485372 20.30219058618548 20.579665533864688 20.80179209927765
20.635296001977636 20.07255206987535 20.260205441079222 20.702665627895776 20.822814342580344 20.034769466782198 20.541145702210283 20.6612865540082 20.44217970205652 20.953952611052202 20.758630455194684 20.41749656201239 20.539974250129198 20.616771324503727 20.852706261223293
20.491973496257952 20.081098753834187 20.10361447866749 20.858901932769545 20.933900412966693 20.67482325839496 20.40105942629291 20.326216095483666 20.945459350021412 20.037807669275658 20.039251945728907 20.1227248573881 20.51355087849258 20.714386434311685 20.33821237239025
20.028497981797386 20.219180454319012 20.278513254911996 20.277746230100977 20.235239252300474 20.46624099943845 20.2271128395492 20.967552815685206 20.373042477566912 20.473960825196038 20.04118882003378 20.187288630624828 20.96688180580398 20.511074627560728 20.438888174057947
20.490756797318582 20.288931274510045 20.01481435347025 20.673824177297586 20.924057660981152 20.417535032636096 20.434106141294798 20.842311493634615 20.494449944636116 20.939626379777017 20.863898173272595 20.554768294190197 20.14483578105852 20.14062035764317 20.79633385746001
20.999392496737336 20.138196721714017 20.714281058107158 20.604523016278794 20.380320086613626 20.436972685320274 20.994791303098037 20.695953872080544 20.94782525365592 20.874288926402407 20.46422929195564 20.62512678748728 20.3547242502886 20.657100770283957 20.820882934962704
20.83878017315955 20.87099504462931 20.015739869976656 20.207309402659032 20.142118093862702 20.067728135329638 20.620009375527967 20.29177396553605 20.420737855445854 20.94187415766394 20.718890247078015 20.77267861192193 20.63049540290695 20.09485574757607 20.829083964231845
20.532817734837966 20.576334959655796 20.5009633797004 20.19703218418758 20.108774477266007 20.541148480520434 20.60555538122108 20.18971659179572 20.360498207399594 20.397019922651587 20.978434830716488 20.231457586073795 20.227079630546488 20.433747986381398 20.514377003575973
20.897093567774924 20.236967452680155 20.773330153588162 20.2206328967657 20.29633691828009 20.004345909639575 20.904130032668064 20.960335784753063 20.939767114160844 20.288120499910946 20.564738834288704 20.131089366024714 20.863834984677233 20.315934185745917 20.935081338482252
20.149617751543335 20.91041670917709 20.982864326159635 20.851105183189286 20.786208771340263 20.70586968168479 20.222926296788707 20.549431629337167 20.84678407003102 20.065206852566796 20.321236652348553 20.269635422673822 20.435780557439 20.258920087020524 20.185665098778774
20.894359398355622 20.049630033078753 20.823146993694362 20.629031313470698 20.691260024415918 20.048474173148332 20.36829003594556 20.526378963668886 20.135817328364173 20.632855294478347 20.146860410591316 20.306586093804047 20.740333764743703 20.31247316289941 20.978233699326285
20.613547190055098 20.791983513881135 20.99570104592129 20.496167937731883 20.129389502795195 20.91156475323999 20.251404827246834 20.584349070611687 20.49066205175026 20.384644908843867 20.99871108836588 20.295892801676782 20.948162568677407 20.288078839934084 20.865721504324533
20.514645749387213 20.922044434875282 20.537419042215717 20.724772382196434 20.109293036065438 20.886071954130827 20.114525214120256 20.459689706696263 20.35569347249623 20.078368721438093 20.899720524175546 20.849591886190417 20.958527489226032 20.38073089573297 20.729130263260863
20.56414350079625 20.090257221596637 20.334553400659246 20.52537825837042 20.65676547085465 20.483561813927157 20.668643593504395 20.60860485680862 20.615158132450485 20.762825648716355 20.902673758918127 20.584809845681416 20.982595514980716 20.880920668607374 20.55975012599244
20.529812384176356 20.79880062095033 20.73943856671884 20.27255277940147 20.53965944516043 20.625813216849913 20.813692258836074 20.599727405439193 20.102102957557914 20.722112900485786 20.878220238791776 20.68268635645888 20.158805123102574 20.00736198306874 20.73419175381579
20.967702868496904 20.174220520232588 20.820484387872305 20.177024280925345 20.094159425133775 20.004642246484615 20.11539800842157 20.31068943100785 20.70703699073182 20.869689023565517 20.661569860852346 20.714596799734462 20.39020904381911 20.268548795271887 20.020664581084937
20.89961016564793 20.136830880795337 20.254583586321914 20.555908937309603 20.951663706251278 20.774090501515108 20.08443930628636 20.49739587641274 20.254610364102476 20.54181521386682 20.891593522213817 20.13440365807539 20.70834873118483 20.587903150740093 20.69931315177486
20.534907153616444 20.913938384137992 20.488276857104484 20.784282814021243 20.802809934673803 20.384328119526955 20.025031791702368 20.129704066535858 20.77502691738389 20.957485219056895 20.36367921574077 20.465454763744138 20.233399714862493 20.238128507649662 20.458860152322174
20.182936380874665 20.16052772779278 20.07493112369345 20.987632704712645 20.233526836711263 20.303949634766216 20.79197405763067 20.36041244617377 20.972094970102965 20.329711973071095 20.136394713354452 20.391871620332346 20.79082204912289 20.144212541073404 20.6785891507865
20.02757957528844 20.303614728029817 20.542308267831007 20.70699092150323 20.11689363062461 20.787683013810856 20.20002834499701 20.49636294611795 20.598585877932113 20.566395763046827 20.171835618342946 20.196703669268842 20.62291800237363 20.026315150155153 20.47523013698432
20.489281934283955 20.072352995748926 20.001351055577125 20.049590741804895 20.586979908250456 20.662818969770292 20.328264956873745 20.361502016426495 20.118036859863828 20.308416887044324 20.48029211238917 20.195415360798652 20.92545097165529 20.71469059367097 20.31943995048229
20.716344826122853 20.838710239381534 20.229054329631033 20.173059557710793 20.720399493187458 20.03018778348133 20.821698912861418 20.636576294800363 20.099306089288394 20.655450631785058 20.696275111374828 20.731804457414743 20.936676999853187 20.094895734123252 20.43687829513052
20.309060374123558 20.326630242002125 20.263539941008627 20.78633628911632 20.871326757417552 20.95946973090244 20.136456092487887 20.120527603282937 20.32001076012121 20.754485660050296 20.84926019788352 20.434434632149387 20.474377146653165 20.336536376277586 20.476219606535373
20.187862867828667 20.600526549407537 20.950924535809225 20.862965706144394 20.672233355260875 20.60082865870787 20.49018239865497 20.696458827056194 20.6545825061615 20.961008529296596 20.666731858252657 20.331767171160248 20.930879935515105 20.02962380838789 20.00698728122624
20.76338551440545 20.078001399984874 20.713459275348715 20.265319931707946 20.528233763192173 20.13217057389539 20.212404344715992 20.06040522237577 20.258139029705163 20.14141002725933 20.98866864566933 20.02182445547803 20.06151962204832 20.54051805873322 20.767728917439587
20.501395681213562 20.90715245021566 20.07931502748517 20.00219061910578 20.951558488194717 20.707320836894567 20.598379016720422 20.89478570129377 20.40224000283414 20.853301990011744 20.291217299737106 20.77301796465463 20.077980713901116 20.54306925162917 20.21779695825759
20.335505699784843 20.088700147281163 20.359246741336268 20.741583945209218 20.04886092019317 20.30033401335368 20.204769375449064 20.250717229594095 20.76398330335122 20.945676235376073 20.88436435501973 20.993670369753815 20.441936092176086 20.2711106159807 20.33188465215846
20.11073022635876 20.732110188745708 20.531518525608515 20.726689310259985 20.974848597402264 20.029171910873206 20.94350040968243 20.516679062373672 20.768899047991834 20.550328769417586 20.786150840720694 20.67125977213035 20.821098400923976 20.92073675593181 20.69897812511612
20.32442088586954 20.596327955127915 20.73241167861926 20.36816088682001 20.33627941143875 20.398317069443642 20.55079616879563 20.215186128113377 20.200854322549834 20.776127623175896 20.88317318954216 20.406014327189986 20.158500550384545 20.348104426623472 20.69440530401713
20.48426884234681 20.3333453895051 20.257433889421765 20.15801922556989 20.198548686933147 20.209234479644515 20.755679001386905 20.46444279012589 20.64181494729768 20.782108530247868 20.474135696327654 20.673241827700537 20.64990303419448 20.282395779721245 20.78758209135046
20.79249253206936 20.516563947336103 20.44791992890548 20.300968906001252 20.495964605566204 20.474040266607755 20.945986291019643 20.896825360169814 20.14757927571153 20.061032951491743 20.69272401761463 20.969632113192038 20.09264522536616 20.454017687942983 20.49842554313316
20.44313879092323 20.496664712274853 20.07322028207834 20.679539058139092 20.917580587896097 20.36504136428418 20.291162532234036 20.021133339959444 20.825974778299383 20.7608097569466 20.869541789002792 20.748068636132047 20.79215469099281 20.652546281564035 20.82930830662913
20.968771393083454 20.477924995448245 20.270909906194703 20.819156659285653 20.392424613788364 20.08269915476547 20.329800189944468 20.689248811408874 20.98854951378318 20.316205989625413 20.976909360168417 20.89983818884169 20.657368446363435 20.103329147046075 20.878483883101428
20.59856516452226 20.910003233744312 20.4998698817182 20.414400539057365 20.685546611521243 20.019476579667334 20.298999667298474 20.56220058673218 20.95198314357068 20.0966488938302 20.590396518664686 20.68251497035692 20.42585965362668 20.06963661794399 20.097534439249316
20.083352555984153 20.387416150238597 20.60092222907782 20.463323088775567 20.93701212375945 20.127417230901866 20.56328015060755 20.780270393895616 20.85091858802883 20.412850685417872 20.813807062960848 20.568567720333366 20.152472058860617 20.797536589508308 20.654758726079944
20.093974287477877 20.73803845839359 20.369230303126038 20.550560146541073 20.387102976621286 20.157498410246255 20.260154211128267 20.382269107070954 20.576687436488953 20.45831102354642 20.26449437267199 20.763938345767386 20.1816359540208 20.19683791042512 20.204250418630178
20.719734124181468 20.820154957845407 20.93971166307025 20.263927728928095 20.326334771337056 20.388950784571524 20.52432258029228 20.37491332281152 20.762045314325285 20.141495712358335 20.3250358262737 20.871977890339473 20.57222949558503 20.251570063368007 20.780541018556377
20.067198143512066 20.86007366830074 20.386769302377566 20.477774587542882 20.090695514747487 20.54236181589441 20.536391367265363 20.159144867661524 20.332938046423806 20.771854636754586 20.83909609077815 20.122328610202587 20.08995483971348 20.121029642038575 20.43795509469575
20.615696820581878 20.5606631323874 20.146353711418847 20.45398701684617 20.997466758467713 20.174610127597045 20.50792285518948 20.013999949529875 20.622966357778232 20.33878334052192 20.906218917127582 20.894538766450903 20.65193558588987 20.083744228775522 20.715896357563558
20.750962246631428 20.22657952654074 20.762192013736435 20.345926255822786 20.08915121362128 20.761125843022445 20.90716597616301 20.036089563582188 20.107075309884497 20.404928959457614 20.59244588051958 20.011724460408146 20.284422921881774 20.093702597787516 20.15431209973248
20.661798088771164 20.130725162693707 20.98725037717872 20.931678089797007 20.67978546473825 20.81588118288138 20.507104731288337 20.760710247539418 20.91250430531967 20.50171902760627 20.633771824367976 20.320400388028947 20.998966478215483 20.069202701045764 20.600820544111762
20.06715945015112 20.74947278129347 20.59312233586672 20.631842010673292 20.419350695358183 20.614590317151325 20.3545813943357 20.906345258216106 20.056783877372528 20.524316862641 20.401321158434396 20.51194378954121 20.685542281739384 20.839649933518302 20.666899278280756
20.742727037690063 20.385116544547742 20.15194280986777 20.44196581142843 20.737499183957826 20.702670971223412 20.189843577182543 20.55435686611858 20.116607708358977 20.98836897379029 20.149277472846244 20.959452048341454 20.972372222911172 20.076036463568904 20.348846703606544
20.568219312978975 20.2956641215213 20.3050432215521 20.23118608700009 20.047596240187243 20.67997566238048 20.052133970386713 20.380227025859103 20.01633456557972 20.934356945288418 20.396042330038362 20.40498607747229 20.529160441833493 20.057888070714384 20.273072605166764
20.25240881547156 20.99307963361477 20.880892523337053 20.49843565113108 20.75496344706547 20.69188402135645 20.561887374555237 20.325976761645876 20.993092858427815 20.90839138586268 20.044304636701362 20.798035212087235 20.35829780592731 20.228677773020245 20.523307158907016
20.99752642067715 20.039538088870856 20.988538084053452 20.950561920172678 20.4559392662006 20.02380231329556 20.97963682563928 20.613621929262745 20.393793074544952 20.60111144837439 20.471287930861898 20.866607642274182 20.174199503166815 20.794884850045886 20.323528840621204
21.16016771134532 21.33552724613892 21.100511941208175 21.46813073330684 21.62123759292781 21.83576795058218 21.408136595499464 21.31641329735876 21.566904144223557 21.689053926852605 21.01007530678575 21.71620903988075 21.501722884638298 21.003879944458166 21.1489543644865
21.92504860613719 21.344124211389353 21.542932081983583 21.649565480888917 21.692615217767557 21.855083329355235 21.3160294162489 21.795602825968484 21.952742987786525 21.501018130636265 21.390534718863925 21.761859199802412 21.813710180272704 21.272918234090934 21.057692702910394
21.593122832555544 21.505305331254245 21.304997375962 21.728705539838003 21.93292982209554 21.692120536297015 21.488700404114862 21.45095703063108 21.44849248141057 21.09475263142925 21.661685315082256 21.732648429447398 21.172536729634825 21.67407022215569 21.366439787020553
21.443210243830965 21.788446472774787 21.728429853314235 21.61948050283361 21.917206312029954 21.222026643334768 21.129702754274728 21.60962306057575 21.03104762459514 21.771360751684938 21.58119862371171 21.752598987393004 21.94468514480492 21.40565290975698 21.21905054304558
21.06933535178253 21.404552351787203 21.79460811087542 21.09835121491893 21.42650198996657 21.98937981361933 21.091819086614127 21.10630736911756 21.780470159090214 21.447105735580994 21.48879137535713 21.62690567770466 21.199614919994456 21.318957793285044 21.080653218565153
21.845060320847715 21.104934164376715 21.37588345628122 21.640260167041323 21.922938580612357 21.865244213184354 21.002857034207814 21.484318766279785 21.40713756985914 21.610752835277694 21.55819406983122 21.733317728339127 21.132611816359805 21.88759827479536 21.907854198008142
21.91646878132437 21.577727963052542 21.565982930784546 21.78881616534071 21.053523855259204 21.094549209673453 21.23581844179005 21.390959621878828 21.05724916318725 21.68942897938532 21.176338801617806 21.563490131557863 21.543500307175442 21.061219662998916 21.869926775267796
21.349795216335497 21.91025777726024 21.417878992510143 21.945437964997595 21.133721133685462 21.852644855545815 21.186982879899777 21.382596231718622 21.5406113557299 21.317865128533352 21.111630499345964 21.786572688855543 21.378049235113743 21.27216033130382 21.380453813990233
21.55065018097283 21.324099375964273 21.551303228258305 21.378920024705373 21.764913772914948 21.77494310900741 21.49680487045646 21.368842442007278 21.800196946045663 21.24915562701788 21.04192877302107 21.903991548315897 21.599052568779626 21.01247359469449 21.40476957604918
21.07192461398718 21.83930595277251 21.134753523360576 21.570066878598233 21.71562909730382 21.300787746833187 21.01992320851831 21.297089833284588 21.63330075051534 21.962131618919408 21.560079517512847 21.477841555092617 21.380555357928714 21.582062844638546 21.4564879013532
21.28799663751649 21.706598132563663 21.778391131080046 21.92308987941141 21.72239942649326 21.84435210609949 21.90796111209008 21.942227522622524 21.787614089949578 21.844273606038616 21.372102812738778 21.477643752354382 21.835932545879132 21.892558781468924 21.32466344213904
21.566420873237643 21.268409249402993 21.08667231989424 21.143490509104495 21.009369316031044 21.10890698077494 21.454605727343772 21.441276237620688 21.458481933956303 21.75680088984892 21.098999252878038 21.837961191283753 21.060419145808435 21.5629030571314 21.223238026326626
21.194435040256767 21.456593278238977 21.741332912500066 21.45385955754598 21.516061153244017 21.863270786666487 21.5294737799761 21.312086357069173 21.27459013906244 21.159213159244032 21.43881922292764 21.907023932722115 21.46831783277198 21.393729219549783 21.901427475669465
21.924040988317437 21.34288081124561 21.894612138479264 21.60986581453299 21.76407535851287 21.328872890648146 21.20328706716434 21.372941106756848 21.253085417585062 21.417504062650615 21.39359608102678 21.365176771997014 21.68559362111837 21.89181315455962 21.940999105228784
21.234910326702863 21.092245509864938 21.05848418555803 21.200571079384943 21.65405000308574 21.528533313350305 21.38410547175414 21.72502691875768 21.541942583938066 21.87031085978205 21.22974964909302 21.10810727240549 21.376469270875145 21.07145231179341 21.199041935396302
21.774010604662603 21.717399633076685 21.08998413574027 21.967423036557108 21.150157099017658 21.310198699852048 21.721246304761404 21.344101550980742 21.958423084577145 21.912895501965167 21.390115047509607 21.23323102922336 21.93908490106345 21.294285903271053 21.54904620062104
21.107134606597576 21.182063668421183 21.688656413981327 21.70467498637932 21.581939949744267 21.381663496892244 21.360380031884272 21.25293402788806 21.694776178483274 21.753847036107608 21.83114860248514 21.241128629146047 21.521723469831574 21.059194647489466 21.75327112239179
21.895134357834365 21.84699477488196 21.160043927729532 21.374380613698484 21.25085887543736 21.696368926679845 21.806908999534635 21.03205682966274 21.511336644943366 21.681682527298612 21.89712959787252 21.141286027464318 21.814300999857974 21.268227951272827 21.277802211096567
21.69334274971163 21.93980555320572 21.27319310353243 21.27539662986361 21.371593125107367 21.113442842944433 21.130818218122798 21.526063298846648 21.007882871965194 21.467934834955752 21.718733699417857 21.353487949534852 21.2525875158032 21.914346706348645 21.829982220747656
21.895251681529796 21.012066092132937 21.143901420458917 21.696517231507414 21.414006701368358 21.419174138919043 21.232349649576193 21.322509398148224 21.74637869780377 21.8456552124579 21.851075918249833 21.769581005667455 21.640358908557 21.73964485489891 21.40259823367952
21.951128030680536 21.811050497869545 21.87718457672769 21.49284564053892 21.939178214789006 21.904985229670434 21.95355772178141 21.02857385043823 21.264772791001388 21.204827990145837 21.308422789174063 21.88550643564361 21.201648354320305 21.82913841146339 21.978134564803593
21.53126516671442 21.56303464415332 21.38596042203559 21.19930646347534 21.206879717433537 21.112672975878358 21.524361983106175 21.94958263070539 21.2716437703612 21.293699004819132 21.59464874542397 21.104751458440635 21.098310757678927 21.612822889997947 21.675827305464377
21.31574694163858 21.469099271700852 21.682278525437102 21.55799492127272 21.76474789676737 21.767704683445597 21.618303126516675 21.877684349344275 21.54649943086751 21.3884900885118 21.222446847890094 21.49579369392994 21.53914496896571 21.69125616346944 21.13080194991897
21.380583293979328 21.27827112498818 21.518466235596033 21.90627935718361 21.712322684046374 21.528532094512837 21.761529322511343 21.870350036971985 21.66152246123522 21.959133745425586 21.713720384119146 21.323207441189304 21.309287457377142 21.57262243488011 21.979543964482954
21.685096270438496 21.476179267026847 21.310836688462082 21.523823295727723 21.00659227251734 21.805077440711717 21.567545025022245 21.03852438257392 21.241906144441046 21.30388048773579 21.174206002425912 21.181300097801934 21.65682453463764 21.69548937946402 21.79345200225931
21.396967038336687 21.75168934702112 21.34536769610716 21.554311254237344 21.971603378188178 21.119856309479097 21.24107406660438 21.19384696817265 21.688683276200805 21.73336244841238 21.48351445498699 21.931806985897985 21.95763964772608 21.25007118354842 21.016262925706506
21.79804071657634 21.567473526736162 21.070353163714206 21.867151458655194 21.15685443705389 21.281505245772184 21.03639922938187 21.005430811090648 21.728140698461527 21.334088889465583 21.86355233455142 21.028155874839165 21.49203025656976 21.51608788685735 21.62058256919426
21.28105085532734 21.481980598536158 21.94313680931657 21.83462001645001 21.691960861096206 21.620628184718655 21.789190229154023 21.086498393605357 21.549097972952133 21.43339571625468 21.237586655556257 21.283551660052595 21.69164206744333 21.686760197956517 21.65283172994563
21.14944507525286 21.096857156129527 21.741251174160748 21.508531745935926 21.854410869760926 21.645736808350065 21.683663030830704 21.920384833498083 21.124298093709797 21.928292671927554 21.108628668789212 21.72786393036302 21.613134988699578 21.30995245520246 21.756616738355177
21.94420206199952 21.801441716989387 21.12213479613017 21.083578034441803 21.051517090562506 21.19131959870728 21.76292035075206 21.236880997334744 21.056389838901378 21.10938296979074 21.697839843071574 21.842840236603056 21.440935588089054 21.999888221502935 21.83615120806229
21.473056145247046 21.145385890998405 21.69295373691079 21.52458007426563 21.64994767043012 21.500424277922267 21.766553734415954 21.448348511532732 21.77627439439445 21.59099563389766 21.786007792746222 21.058419640195158 21.429108105411448 21.87803584433497 21.90097728763897
21.75423609858064 21.045628137978124 21.030544796995994 21.00751844884857 21.94283287726406 21.14627874022398 21.82765232213587 21.441531422657107 21.268056119185253 21.89024112108256 21.678803625560867 21.959983453994088 21.757720987617137 21.93883623949717 21.779916388613294
21.587573290570592 21.371893633830478 21.31438914735368 21.174339536054358 21.75904330811813 21.452083580292733 21.18524940277799 21.01966914772032 21.071134543304986 21.8689842035139 21.28207608690822 21.174954135989935 21.873219140287844 21.245501332381085 21.956160359757042
21.817550654929597 21.87193377407408 21.492160486488405 21.72747196801621 21.174860985272957 21.90267640892055 21.033585794168104 21.538280889895788 21.6134189431733 21.029618162046155 21.527594456174693 21.827618910643686 21.266260390294093 21.175920894796572 21.582552798103123
21.972509782866823 21.09924450610177 21.55714023483154 21.96399103884418 21.603811542836436 21.817967302252768 21.293332924698852 21.048075666933702 21.797677592078042 21.299135917119727 21.70917620257644 21.827389927071582 21.168057874098686 21.293748797244415 21.996446303678727
21.603574434976878 21.44132537569539 21.994153056145993 21.109491978446723 21.611731330303776 21.181027080483094 21.683027276643806 21.991878080044785 21.213097315122805 21.948922965321835 21.089564315459597 21.49116334673717 21.96534215777386 21.3378901829965 21.266605500239823
21.60881550931536 21.833950811804772 21.992933841035 21.772203742488067 21.053556147520737 21.04349910291227 21.94846031990694 21.69007007494169 21.418966259275265 21.584234451761116 21.353132100786944 21.555584602659543 21.68997322964595 21.18722428256818 21.92803831888493
21.56752913153236 21.197878423543 21.660436793593423 21.30957831229595 21.56042562564836 21.589873973941792 21.838470280172658 21.76537021741045 21.088341058158317 21.85653627403026 21.040248397373894 21.63966027932623 21.62824593384791 21.969572877667872 21.85185059633415
21.284122832259403 21.34948989637156 21.222138237743692 21.25574866117534 21.16060495169175 21.115685147368442 21.93532341185113 21.613071543884434 21.26428364652134 21.38626408214852 21.796963125168205 21.77212221322734 21.008867861057446 21.46720488046055 21.732693351974298
21.624222343374267 21.239891256523315 21.12389477100109 21.874231147835832 21.75706143129592 21.097806140510727 21.91382777348458 21.886137875613677 21.46607916546421 21.03950259495757 21.722809691996915 21.63986570016545 21.276011187772117 21.44504151742698 21.89557037218435
21.982676679645582 21.29757968994536 21.88580332905006 21.040159134882693 21.139062331418632 21.1984123101105 21.31091961327358 21.055226214452208 21.103581298860252 21.302624218408134 21.12076743400079 21.180269977874683 21.236571039319045 21.350099490024537 21.33947151519297
21.9011550265619 21.15797904996598 21.744359917744376 21.87277246719272 21.3566844571677 21.949598214323245 21.697010645169893 21.143284124372666 21.486734783937045 21.62227949224958 21.537103896224775 21.23207650614739 21.53843936965999 21.782234552354712 21.595363131446483
21.023685417406156 21.704132456475314 21.439330193954387 21.496062024613096 21.751063372581548 21.60324244719815 21.94031491481171 21.393453921409037 21.76765101389374 21.040049902923457 21.081207554080954 21.6749991519051 21.335661934179555 21.970201854609797 21.555616744233507
21.920239139466446 21.712837970420548 21.891101099401673 21.029549133395392 21.452017426987904 21.84434612878765 21.93476522945322 21.298303021886003 21.6458500768102 21.522152425128738 21.7864770101104 21.17733381804532 21.2735986216769 21.961121763415086 21.178524342411553
21.006516040375303 21.549201009696965 21.35925721418676 21.11555418846035 21.90601599389686 21.217066950359172 21.158906322966363 21.176541893118248 21.212028521442612 21.97784607068552 21.40642548087568 21.208103647626924 21.841919853826965 21.781628631877727 21.819708221069135
21.474856334076957 21.69085785286004 21.03524038469435 21.916146942487885 21.864755902505287 21.54580029175598 21.56814410028967 21.82801151185521 21.060821349221143 21.41775013104301 21.28056271202951 21.237892738900545 21.685378804023657 21.6394766770181 21.757789728530817
21.203772368399317 21.298935887227273 21.5534400142667 21.77625499651366 21.51144526724881 21.79302394113121 21.123445299752966 21.5497645767391 21.591433890565465 21.154821294170475 21.343592678221565 21.768435725589693 21.968199097924604 21.80109847728729 21.88937744401771
21.96819918573147 21.671364869962748 21.680001646802104 21.05833430347844 21.535342865608285 21.03183954768919 21.12141811481198 21.681408693038165 21.698421979540672 21.810129365332994 21.98014351066329 21.35127693211277 21.188963033303715 21.65980469965168 21.96079761434039
21.010126162528238 21.86273997713169 21.5159930662495 21.13941141057828 21.666944428532407 21.465002733722425 21.616937542759143 21.60383541955761 21.77315957197003 21.895889876393085 21.516072620446373 21.823595394203913 21.5755054935171 21.786358362861602 21.62273423661734
21.82954809175025 21.58628273802489 21.930315785839973 21.521534386945387 21.534666655804102 21.163719997127618 21.135240753128215 21.56359480920935 21.559511245912624 21.078931496825586 21.35142995769646 21.997248678541304 21.73941775738777 21.86100509358271 21.519111026930965
21.211482554101288 21.085163117626532 21.65804433384599 21.433012507221683 21.502305844053748 21.344843511236732 21.329527018683294 21.065583424756905 21.140398322943852 21.471926834054553 21.49413204847339 21.212906688014105 21.417800514676955 21.24291884489509 21.297225114838547
21.031451999705048 21.782076195925637 21.987807868443095 21.733482799035095 21.0191657752134 21.12828991035006 21.897429898911195 21.46267434935177 21.260996777773503 21.81230633110612 21.654122907937253 21.19040841582013 21.30680789536661 21.973333074371595 21.195514626249622
21.850692222820054 21.878726238619528 21.30929167645011 21.266016204321854 21.023438648222704 21.715334921933177 21.5355165671025 21.03656900210322 21.24759674308769 21.251711842748957 21.37544460626171 21.480419823755213 21.14936934530696 21.50717188695412 21.08137347953063
21.381175343990684 21.595021443563684 21.506671243787505 21.164029621947297 21.81911393216523 21.399070945346985 21.797183035310645 21.22160166261956 21.73270878381443 21.471193815869462 21.1369562619677 21.502058722697946 21.684543614330696 21.668963340696884 21.233420666623676
21.10698747442115 21.274278250203288 21.03858335169407 21.484601862603242 21.550845235843457 21.736048028041363 21.572063679809393 21.03926334570487 21.726441469865883 21.133658040067598 21.08682546696533 21.132592372146636 21.195622779523717 21.224158622327632 21.342513001394448
21.577099380741572 21.12355207444005 21.498866658066238 21.04982758517066 21.492501376767613 21.105635214484714 21.130622303109764 21.99748829978912 21.84371191915827 21.59806355490518 21.557048473921952 21.125963496473837 21.122661245475573 21.656104250194392 21.21180607409183
21.010405834573927 21.557522163833944 21.20868461884141 21.479315256264098 21.880262545132858 21.562018789778765 21.153480599338565 21.293139177811327 21.999322514474976 21.74784647102209 21.14363378480676 21.924203140385774 21.957499456391457 21.714833188167937 21.055385129825222
21.41224912310865 21.184441012124697 21.006324108324254 21.775327877245875 21.782401663911337 21.78509143730574 21.071372426646846 21.126646184028928 21.658447839994167 21.61862532796191 21.810671501119078 21.46561976558836 21.135411061060644 21.394708697954613 21.29976449535614
21.7228393579415 21.806224087406758 21.44483270571323 21.580919485027426 21.437991634615077 21.65078406952641 21.741504453800832 21.99415970427162 21.642735962114646 21.090398570908455 21.684368416570784 21.378289683388147 21.283110285512173 21.886608224584155 21.149870890927442
21.614360231363573 21.241066434709087 21.720597873457262 21.309869411365803 21.406866266554793 21.91415022569991 21.227885453244713 21.764627296477457 21.902073214044123 21.743004906184073 21.982703365730114 21.606923499414172 21.728219457856984 21.03829126292299 21.427464607792643
21.136546470943063 21.308943594146793 21.951781297700506 21.024931713228202 21.07822964355149 21.84913687167338 21.460796622459693 21.97418371426756 21.321125870501447 21.221523049617055 21.790826966507087 21.676202707052315 21.39420635040869 21.092619011207066 21.788077788846504
21.760877731694013 21.119509573691737 21.018331230608528 21.371860481548385 21.894451147339108 21.14395388700685 21.912295197674805 21.34615259016445 21.77490836664884 21.34046733436562 21.244165402195694 21.53031940100318 21.692538737214015 21.39047672902751 21.560416251050384
22.380902435711135 22.783872193457103 22.212337150482274 22.436815001970416 22.019544567936787 22.639422276667396 22.284072694543454 22.769579828995084 22.85653517295067 22.23914312541658 22.323837290305253 22.391337251985956 22.805123190656488 22.284234553793947 22.237794624673853
22.358345288007865 22.418659824742786 22.86990565870532 22.722654332231762 22.897049878830508 22.15079670986364 22.100934111043216 22.418891206509837 22.920893593448668 22.338379337467146 22.690335105735617 22.050713256669553 22.23239758048269 22.4373399203574 22.801179874139315
22.56013297113765 22.010889075412248 22.503807548890112 22.392580978838442 22.845035989729674 22.952848122367744 22.90581761015382 22.11308745461707 22.34492981623637 22.479699205306403 22.775416960875443 22.348210001812195 22.383094489304366 22.75697460440934 22.766624730289927
22.373522763455345 22.87014631704531 22.879128214085988 22.271623130905297 22.690764619647066 22.701564691341964 22.465879803847425 22.365716663650293 22.531589724403098 22.94052097401243 22.08882141990054 22.401012096149774 22.20209370002572 22.667387801768832 22.401119321881584
22.349435568832845 22.41096785113876 22.19859587698568 22.57849609355753 22.707617411461122 22.975111304362194 22.23004467817555 22.696279356953916 22.019339285435024 22.328756320396266 22.34406253937786 22.965155185666664 22.84565232841173 22.075639991011695 22.233950047487628
22.32736545275134 22.318438769326395 22.418480610672173 22.946430896256977 22.775440332463063 22.250104166138666 22.675994893491673 22.41987240059558 22.897158662139464 22.140250641146512 22.25491795866758 22.604927033528156 22.5732801437999 22.3195965277737 22.382964656367218
22.494286317615142 22.458695288843447 22.90207079424226 22.62839794894844 22.45952620257484 22.862990316968055 22.177925884230387 22.732845672806842 22.395562923191495 22.913026148899085 22.573875473920154 22.56623446662622 22.307027440033952 22.42798143827245 22.330678782624144
22.076185743714596 22.135904964747976 22.766412206593568 22.604256184009824 22.948945112475677 22.826075892587397 22.01523117248474 22.783335821117316 22.32489353538936 22.847932965601657 22.282112236346446 22.434794273820536 22.318914720073643 22.665039069586975 22.525676664849133
22.437268669816895 22.284370007771297 22.914828357250556 22.311919149183428 22.54428195636779 22.729158709297145 22.396643488473522 22.120683788705875 22.83003643597906 22.543317899653747 22.312939930996055 22.342601074837873 22.21419563330356 22.729842938116462 22.593277734641735
22.904749115563085 22.53638761589535 22.143885882504676 22.54576020610933 22.542403443251736 22.456827986854627 22.840216107396433 22.526868229348104 22.09459126303333 22.79637384975817 22.50480340222084 22.79817727239437 22.842768417281164 22.797484960071664 22.1036110453655
22.247234181798806 22.834787385706893 22.186981684627643 22.320162351072174 22.189909143940685 22.340427838422176 22.852153899429048 22.573170993521007 22.04282757943077 22.070111546334513 22.403688748061946 22.40650214795305 22.257026129764185 22.55502588089941 22.892049301453035
22.825957451598256 22.537764819182627 22.13473097826067 22.468350455576733 22.720854227636995 22.040468250678746 22.327427881407097 22.836442012735116 22.85309527868872 22.92905604983556 22.968416268675067 22.9298234682314 22.022402181875297 22.410463126140613 22.393871338679666
22.365178555976282 22.92361203281802 22.117938522747004 22.119922360242516 22.87373229917913 22.9004138585099 22.505751263550515 22.921115483125902 22.092296587881115 22.269627104508068 22.73922020732172 22.947695841885242 22.807785248225624 22.141101966914874 22.416524568636504
22.53774561186967 22.992142796469068 22.690547336061275 22.342539916389068 22.678065329420324 22.73904580246319 22.65606869872468 22.48998464432391 22.64678861178294 22.51939942988628 22.42392524088484 22.229450071171254 22.23107093581755 22.00956592789415 22.444991500759443
22.88742676377061 22.05479542626983 22.11442592074757 22.88063603030523 22.700228716089722 22.97408929650415 22.706787442264428 22.315205486753644 22.27175615202928 22.20254747698329 22.035321552222726 22.092029733554206 22.714326518213685 22.8134100377231 22.715117677954296
22.330839349126993 22.754342573773545 22.532542580166318 22.708115607545007 22.96671465562949 22.218355473356787 22.28392025022896 22.725085617696674 22.214160473470766 22.480119570977 22.77841689941269 22.036491299333328 22.704628600272404 22.645525224989143 22.54705328101102
22.766485091949555 22.171786049933065 22.479834444839582 22.211459405861746 22.362449421217026 22.966053603576643 22.34043348700277 22.457157623016794 22.081910766207468 22.868415936330443 22.668355661126448 22.129374664915876 22.019318502442516 22.643231104659463 22.91311664786102
22.106442714754458 22.407093603936172 22.52074383620125 22.117943318728354 22.122450457748116 22.668517132279224 22.33223327655772 22.776266920510192 22.508657571308408 22.97444188359275 22.334203001113654 22.985389442565072 22.90228654097625 22.861475123145347 22.85274698929457
22.369522272046055 22.331658529655257 22.806193971127552 22.75520249145241 22.721934120620535 22.728240449273848 22.518119499645902 22.41342662746819 22.824735281446667 22.83902252900333 22.113589202101643 22.261510659482763 22.444863657635295 22.716747217989287 22.26333190048711
22.270472077846158 22.076127286024118 22.450861814162202 22.868463126970315 22.663441553639466 22.59969730913738 22.56866841645312 22.812783074985845 22.977087878348815 22.66923407666521 22.5839968775462 22.863673153291227 22.1385010643014 22.291868477764552 22.499827689419856
22.849551441117786 22.571480164280246 22.772549271545774 22.681643296850275 22.828761292893315 22.472148666462097 22.916806793997942 22.409888189873893 22.082931334668913 22.301047395739616 22.145771740147325 22.592769067935453 22.417259578378346 22.22733106546647 22.96732750715249
22.574728810073037 22.43083750665212 22.73042109228953 22.068563289217153 22.71127861895343 22.132045266773194 22.815444279226977 22.14723400524715 22.397475063445928 22.51721213185285 22.3310130580031 22.48372279623598 22.53517972526785 22.50515114883562 22.691379948999412
22.170040105667066 22.0033410697314 22.92584043118016 22.899725091998402 22.858683188298876 22.5558895633561 22.09843802967751 22.145312538791423 22.871718270516904 22.713438756746367 22.901981267544667 22.404477585625518 22.519237295511335 22.637836235007626 22.14153510899031
22.41388350605661 22.516379755278084 22.68271067901628 22.443218974401972 22.10421333669108 22.45939914816954 22.298511843540542 22.873454618731436 22.083438500250274 22.4237934034627 22.237142589006428 22.9709424712092 22.04103239328964 22.881306500957553 22.549133535308936
22.904287243768547 22.00797432010017 22.297648805304267 22.69541194512129 22.023858319814007 22.252114890926062 22.96907147380552 22.206068789388254 22.163384094744575 22.21445139559569 22.883470585332066 22.710128916893343 22.664943470549932 22.299087434727962 22.650484772266534
22.833180988731606 22.250432004529593 22.51812829458087 22.83508955922101 22.413825691548904 22.54324434460686 22.962489714760956 22.35048062292542 22.725251667443036 22.25582795477525 22.820574474439965 22.918577502412052 22.90485079883459 22.80192838143002 22.198997509742753
22.99026777493853 22.592635772934482 22.366759098464097 22.31301742858384 22.932551412456114 22.858324235940238 22.273994109120487 22.709058074264803 22.73603356165657 22.85730592783045 22.82539471396078 22.05768075369961 22.973753657399232 22.297310027445494 22.65704641048298
22.712594683215798 22.251126872618567 22.720442291157497 22.055596042367295 22.66976887768988 22.926814361548498 22.809362337402053 22.60854269251662 22.780436037943048 22.45562629226153 22.411723877022666 22.024550678965465 22.072755294639002 22.30710198135222 22.743601209685174
22.952916713950835 22.81912707687806 22.047199859130856 22.280477967570878 22.155737239580798 22.549630158491375 22.835568772911184 22.173474567816516 22.441986084095866 22.556777439054706 22.28716254547393 22.638843545480633 22.35962709931079 22.562763537886884 22.37449679838066
22.66036225981934 22.760049539409593 22.127603743266686 22.80563778434206 22.51710522632584 22.998529080914 22.065040787335448 22.10305137394564 22.103178846363278 22.715080614547112 22.60282192384214 22.42972904722562 22.741353817228816 22.851983465619874 22.27492598699852
22.06154773328887 22.20913107422192 22.807423613129135 22.56554598694774 22.28860825383303 22.993629766065432 22.39911153893176 22.13810998821594 22.44333739945225 22.370786323518505 22.61739833853345 22.077349271937948 22.69942662215761 22.764705828813096 22.98432703673254
22.948399099002312 22.26322029978146 22.984608484873043 22.70321976561698 22.6341447232228 22.58795474789355 22.359665047939224 22.682815681913564 22.850500790189123 22.281289198810732 22.496117279254623 22.950638852902344 22.95904001130073 22.44785782681884 22.36643054078426
22.93218879685667 22.19736250859087 22.31111234221667 22.7068274244982 22.565710877302223 22.729824299002463 22.092512339819777 22.247403049275817 22.246717815289397 22.984720193938223 22.291160879247414 22.128123698542538 22.152097349354296 22.588742290426786 22.70327071767199
22.9643626828728 22.58055538827045 22.835512295383843 22.748386979107778 22.417228430008414 22.5643079878976 22.032212410768324 22.928079627249755 22.796791230759172 22.15634958745062 22.256815876873322 22.532859335366606 22.18041753322905 22.478288819613763 22.028144925881424
22.03435894017084 22.76377084188693 22.825657533665545 22.141960838154866 22.95236172799769 22.678641223471093 22.870762696099366 22.458516380393764 22.370046854185393 22.309615888472077 22.277564454816606 22.740478788566104 22.68586150848396 22.220705790228347 22.84872859936668
22.73485679651313 22.63671801224929 22.163393833895007 22.661914642657408 22.568542518415242 22.10475378935496 22.27917273569007 22.520525782569923 22.184305528053184 22.728680424866454 22.532491540629483 22.443560409299636 22.982552389028154 22.880787808706515 22.61413139549564
22.849869154107164 22.05389238318506 22.14195783947502 22.040383323439276 22.554035505605203 22.388526055665185 22.009581720459245 22.940001311624453 22.68426212325834 22.23069996259471 22.207063489121676 22.06875674388247 22.15705888621162 22.30994770281823 22.62863191582631
22.92052066079749 22.399193054739268 22.025563684991727 22.649471573626393 22.414152741935126 22.59427552922668 22.786732796309906 22.258723283209324 22.527077045492224 22.849521826003535 22.61796557330949 22.23169288976964 22.41927607842253 22.3276400686795 22.827965045795455
22.34764668335607 22.045536705078195 22.56946229939602 22.00977823628947 22.480860583724684 22.989132408398284 22.944849970115737 22.8910614107259 22.245129562711284 22.266728565933597 22.412567627673077 22.58551517094353 22.755732390112993 22.15214839874371 22.54423417878743
22.61002170181195 22.9878864660819 22.645739374314736 22.07312381011234 22.6267435300145 22.15701583009425 22.0764308599505 22.06550356104331 22.245418827114097 22.523695289591565 22.46517596576028 22.180358544386976 22.37831600892005 22.034922054866158 22.701321372414355
22.382769403646176 22.578786003830405 22.253405595461587 22.28755126497941 22.90687111180247 22.514077556715858 22.097855365779125 22.39440251876358 22.22623629907371 22.224057335084645 22.019785507596 22.231949928444752 22.282689737573573 22.099703543211383 22.376143881374094
22.294112120593933 22.2489756144742 22.578717603399774 22.922113010318984 22.860130052275906 22.65636255862035 22.400325645567822 22.54471818138298 22.248121553880836 22.80518559666199 22.887318045237844 22.58541837040794 22.70721723761401 22.99448867781392 22.13060133400281
22.35864382268311 22.507634399879226 22.256344780210654 22.140013965741904 22.76328339301186 22.742147056093547 22.96109534029311 22.994883644614664 22.20541417726545 22.58776200497103 22.871664505159746 22.778780548279048 22.403104358258098 22.29301243857986 22.968267524518282
22.615147275412852 22.02790985228648 22.954131677279317 22.639247233744637 22.433963217109074 22.55272431188425 22.222471992525655 22.639436229552604 22.194327149675093 22.12193058346997 22.445884190366677 22.554356405610164 22.163818736414594 22.73734148964309 22.38837573386207
22.376731773588787 22.512726071313686 22.56220648032675 22.59521671671763 22.20120455817059 22.919703143246675 22.685599690378286 22.674764171722348 22.973808213848226 22.105147191688342 22.260794328194088 22.253627302529097 22.694665742149088 22.209563077601477 22.533767086946145
22.12839731387011 22.465545180518816 22.716408024306848 22.91176538597865 22.185017356686004 22.298318415066948 22.182386480522148 22.886909640058455 22.985969672691233 22.65603354033219 22.382892017423444 22.32609104770629 22.535808272896624 22.285225192893027 22.60626899247338
22.365965492462987 22.627167593752244 22.016250847170472 22.73779390688625 22.910632352277112 22.34222845669909 22.857855754382296 22.462752432664868 22.519626352074418 22.738724979333643 22.892833032556293 22.387715239223155 22.295139955398422 22.48492695827002 22.1935589430379
22.130091430800704 22.22993232342877 22.224634064217106 22.21934861379106 22.458266220262328 22.361170391631653 22.75107015411009 22.931990398478494 22.378104495073448 22.990486397239707 22.647666816946213 22.171481522417924 22.65633013771573 22.176825262877646 22.91407741776712
22.67090224643302 22.64726590825486 22.68619470725249 22.237364152830768 22.457528823323916 22.446646684385108 22.591219248291694 22.99115239403493 22.286700560746453 22.334694445129358 22.75343911435133 22.749648151934792 22.185619717730308 22.190370288857867 22.492583639007854
22.088765690128607 22.146177327784425 22.059695504287937 22.84958796634546 22.713214460867714 22.499062003528095 22.34325992191329 22.98391104679479 22.49624569513199 22.525822932093988 22.13151261027561 22.41075155613689 22.84786052610412 22.42122212543738 22.06115638864897
22.98004811668257 22.93763348277909 22.805125409420718 22.69194448422943 22.726688476872397 22.689906159648938 22.60134521941556 22.81040350749272 22.980142138551813 22.141958084182125 22.250262851017922 22.25548446601455 22.411769195617037 22.709862658467976 22.90272138065056
22.830869372374273 22.01934799284381 22.142088450646302 22.454595033984695 22.619637748387895 22.40090273867797 22.457506687928113 22.02460431369496 22.549224047068083 22.053701422240607 22.96231840063469 22.752360728623888 22.368073392461444 22.849333368909353 22.519515232623462
22.599288735638257 22.290129716618097 22.282065265639336 22.604840535747147 22.17198669050147 22.439266860666166 22.56521278304873 22.324817742875336 22.455752653620138 22.882999801317972 22.159054609016867 22.495265799756197 22.745414810550134 22.483289686311334 22.85385470196502
22.082821951645805 22.9912708503292 22.011983095410653 22.102847139331768 22.797344524002902 22.23985360226193 22.97940218730357 22.902577732045874 22.389669363492715 22.842405914856798 22.40682930932079 22.151785050940465 22.257045491634504 22.62836011933319 22.337105850570985
22.08504282671208 22.287676867954236 22.296782787471958 22.222292159540313 22.073674753421642 22.486149035350287 22.865658832983826 22.453311272404996 22.81399171057454 22.81312048644143 22.13705334195162 22.203726377530113 22.681690514218964 22.845510708587973 22.78560355486364
22.448278154605294 22.821292379154688 22.317517935994868 22.85845727950593 22.486534684900565 22.360788352051355 22.338151537366556 22.186688599491692 22.55298351731206 22.994197954727422 22.09756557939951 22.45138510542417 22.12712133720183 22.058536470963126 22.172331072342924
22.422015518010422 22.3705743676406 22.14672524217548 22.11888683989471 22.190350274594387 22.713007933409433 22.244268483908 22.904759821992833 22.060121843069766 22.984561096761126 22.35505912385329 22.868747538214805 22.12077585233917 22.64976845851443 22.590465484771233
22.324106906494013 22.4330775284225 22.636407866890654 22.735889055392786 22.62289504393265 22.18500266496198 22.972439144545007 22.380273582802413 22.484959535573733 22.138256096740697 22.945176119278756 22.796583972812638 22.66167697451305 22.178924711129483 22.77905975235038
22.89506283170327 22.552390202052617 22.810186127080474 22.891877814831318 22.73611185051163 22.220596147783894 22.980658353998965 22.63400249277315 22.2859338171657 22.367288186896445 22.728889566513736 22.041194009462888 22.325610138551227 22.210457603188384 22.742651415393578
22.538744809561376 22.683078483304914 22.892611423970028 22.081113190258044 22.723215815406043 22.247513207049362 22.992264360273253 22.988638460966385 22.31774214578901 22.546901037099882 22.95071508933678 22.9408593893495 22.147863194106076 22.022143376267767 22.74201787133733
22.806848628624046 22.517057191807428 22.514805339922493 22.9119129260452 22.285622334518365 22.67463857977548 22.900671339839963 22.190579441814663 22.58087192407264 22.16340160983678 22.24755516916003 22.244427930016275 22.614736283908087 22.710370965500953 22.353352731085526
22.773749029801927 22.94959067103262 22.981246725769378 22.02911348334103 22.0858883409177 22.986241599009777 22.95760707099783 22.031946617505998 22.4777176312491 22.93758210704055 22.915659265250202 22.12386672359161 22.246525258165157 22.538675363112624 22.98630572309359
23.33522238283549 23.915049237540075 23.447398357899264 23.058518393638757 23.145140977736528 23.304228369828987 23.814192412511517 23.351491702956825 23.956461370337138 23.41634905626987 23.555130087167875 23.32577036788531 23.938915555584213 23.70161548128703 23.449423220286885
23.72952528801094 23.04185929223306 23.17277394469227 23.300660180413168 23.483377156783366 23.73664080916061 23.005272830590975 23.050474822877664 23.795643869208813 23.838735801310758 23.7145412921591 23.91401360415161 23.369614957651777 23.581066007201475 23.737321810331736
23.318481206910654 23.81543164063966 23.962457445660405 23.26059275551039 23.669209642741247 23.411379256480924 23.2789839412057 23.43946880729967 23.74210898142873 23.172873853903063 23.660980246123774 23.724569106088367 23.807022854318515 23.782152337244693 23.38479809471106
23.879693876582753 23.423425132960784 23.30765174598017 23.70591815466216 23.412252197453803 23.218058971390903 23.79928970114817 23.968818911533937 23.561735251971175 23.853532725828718 23.784334640487486 23.78904367047699 23.69563061795141 23.827552049927576 23.40828160698654
23.174195195800124 23.94752513363996 23.70438093535255 23.466124816953286 23.55312673052935 23.19874499994989 23.873288936096777 23.85164588791134 23.8163872912669 23.05273367302166 23.953155641427237 23.01581241541191 23.636018382260232 23.280469512650537 23.518067570558895
23.87010851654984 23.529087677882757 23.32557688641347 23.905656888176033 23.1965956058774 23.356885228497784 23.849385502839294 23.488095087705293 23.033727723596467 23.210495819349486 23.969045156460375 23.935069265790567 23.69542299941917 23.92350105549582 23.795903713618653
23.67873220740012 23.0506186112086 23.773853115699833 23.11670832873025 23.002531885340904 23.44151416370056 23.289501716046324 23.57679135096816 23.918990047978497 23.150933716148295 23.456144444478106 23.522253667641703 23.27591351837806 23.642714616205843 23.040509909578144
23.737260107794892 23.336185612189105 23.893756501255314 23.18887245001083 23.67291302913786 23.413199981894156 23.012341657205482 23.938035506501503 23.40577146747673 23.012162216395705 23.99456346116088 23.784810773782112 23.486935432410565 23.326899333012108 23.90917696119982
23.00005827477742 23.04671564242896 23.872481137077283 23.020911485551455 23.944642631269993 23.005261365716358 23.495871335571817 23.363262624167067 23.24719881243384 23.006120164223283 23.999990648083774 23.054006471365827 23.337390771796287 23.737554822324256 23.140987753912036
23.21015648849826 23.49338425343489 23.63554465215302 23.814178819544686 23.663809477057395 23.258545368307175 23.57274964750586 23.83102918350618 23.806303331186342 23.809914647482618 23.02931767991609 23.807716184832337 23.79533696909857 23.619795672471422 23.41426625966298
23.33522508550997 23.04817792341655 23.541836722718713 23.66027239396947 23.78159466882869 23.413810895065648 23.27427219808026 23.950055035930717 23.788843159562344 23.66785640556419 23.0055308201468 23.449136765973712 23.770268861545837 23.006315289943164 23.93120515637715
23.21762255201104 23.488234237609692 23.02767202299999 23.246417596984095 23.052734931715616 23.09820615700901 23.287615291547233 23.16390582434507 23.87419704853118 23.881738989557046 23.886611748665384 23.485690488928753 23.40615575969795 23.259251550879387 23.707795219552775
23.26497677074519 23.332189291330167 23.57286263096698 23.861109681355767 23.134980342287104 23.804045079432562 23.560213996705343 23.60937167598046 23.952657524077072 23.170105071307912 23.40212416947887 23.552893812729366 23.507858556124436 23.056177585965884 23.72007983860787
23.13153782243946 23.182211584902486 23.4790656975047 23.92398597038739 23.56654214883719 23.60708461639231 23.50246481342032 23.866260197937006 23.20919554449046 23.56626116553731 23.055092423571725 23.845270230206996 23.889404786642373 23.616504712373324 23.922555380345
23.61927815208008 23.264431278445382 23.15797614814947 23.597311585983558 23.24146857824548 23.356547596048227 23.976507324846885 23.62518381770297 23.20730224768243 23.438091905494435 23.601023025869218 23.322236222789883 23.617350880923283 23.17337448788294 23.171942409261746
23.25242410033203 23.801932253516572 23.459117226084523 23.900180623423502 23.654280615981243 23.12827975943431 23.71858388110728 23.611409877054285 23.0840042895637 23.516643762315816 23.49928465202975 23.3165282799443 23.902663995652702 23.528636694319314 23.10011608892297
23.226824303872075 23.876838445090517 23.759297703270427 23.611023158269298 23.141113283012135 23.084859781984964 23.66376656282358 23.186747557423097 23.672161590193546 23.5249319827981 23.880121069028508 23.595952079599325 23.35100342284916 23.3067462232472 23.571845953618887
23.087988385889442 23.250293884705034 23.074817061335324 23.30656495615267 23.401801235500667 23.401631090644564 23.359615215623112 23.512082708258472 23.304939263543908 23.946819471952082 23.881673585543133 23.60644642404028 23.395368855008055 23.659335125202794 23.444195125811547
23.485651653965288 23.02476418480368 23.19979322682115 23.94129298321004 23.170780323412473 23.10917312164091 23.22800669033636 23.181844126531704 23.065773820660212 23.281435130001253 23.28426428521452 23.683040157010375 23.45770712999307 23.309453996606052 23.17374530523731
23.323069977643 23.603344829536724 23.95540490225577 23.440527211477406 23.75897037321249 23.98892347837504 23.483181311655624 23.401431541217107 23.81353306848337 23.12451884456847 23.83486459802932 23.124992619036036 23.614257137213567 23.54002112622182 23.091725335325233
23.6871223356857 23.127688274156505 23.486654303247498 23.21124155187742 23.012583830279535 23.87408739280505 23.21614106615285 23.188846526641886 23.620175384605435 23.030222493525894 23.609027795587796 23.73159450859879 23.629565509792627 23.83218020698416 23.35434873152751
23.250659987122727 23.459008720752756 23.175443563207146 23.844722270439014 23.480561855843014 23.74571083462025 23.576085359171856 23.444136618595998 23.315231526319863 23.154401857066997 23.204777422767048 23.810095662473575 23.514519350006392 23.904713128220525 23.534417750783483
23.507460666112195 23.77946127641533 23.044244743980258 23.25252914346448 23.23823654357507 23.32060366766327 23.721748559040055 23.481184329684066 23.629716603118236 23.45091100371173 23.973640510225664 23.020064509477127 23.67281264612204 23.92325774597668 23.827095748411626
23.282359348616847 23.583062330324395 23.70223181993237 23.84426867560232 23.828568307841447 23.06871885444444 23.61095459451292 23.584719045170495 23.919864629785337 23.73349294067486 23.82584783767939 23.84691484244716 23.310535293343563 23.615930623705594 23.50575531093576
23.964721050918985 23.578110632325703 23.673074332764138 23.936552867844522 23.881072950794948 23.6501506476902 23.35296938523405 23.44835800535681 23.198571399204702 23.82825491289342 23.268741627814006 23.019675561759925 23.915526841584096 23.532715593723506 23.38638583050288
23.921293641489083 23.09601748430092 23.19533426038869 23.069069170890202 23.97246990961917 23.293816788206513 23.213274767942096 23.782667655132652 23.982925059796077 23.152583494653808 23.643426282931305 23.260417514955385 23.73638702694713 23.23849765880272 23.364601466577504
23.448977811577684 23.434905600565436 23.82656416939141 23.763997361408855 23.613864399405667 23.867884462645932 23.05809491349287 23.61469709281694 23.569129561299317 23.695753241922045 23.61441959570623 23.702592725357068 23.114325576172607 23.145429489387013 23.810664435843172
23.933961002377945 23.411204650757195 23.103196901677755 23.803476742799827 23.109025036505148 23.213271772331666 23.06035227460029 23.427862723133373 23.28218697816824 23.573220730658935 23.61795087018666 23.03084477290777 23.64621786904413 23.896448230894855 23.289205728106573
23.553433576285855 23.175542687698588 23.983254409854478 23.15157377723385 23.027449653729974 23.84286013667499 23.00800279835365 23.49528757446699 23.60001749364693 23.08368816771745 23.220426085667157 23.99106815698422 23.176095015927086 23.32502784804401 23.52242902300165
23.056981572755422 23.778190110646687 23.817189875999762 23.973152860091457 23.042877155580232 23.76245468315056 23.711929382183133 23.705730508274453 23.570573677696874 23.101635926780794 23.31538633240685 23.70107569110003 23.86893430385423 23.04790398963036 23.710930538902943
23.357212530650926 23.225199580589972 23.622363416071487 23.49486158367606 23.81706734926029 23.73742286249122 23.543095558657093 23.19701565261352 23.573307516530562 23.397579923145543 23.399868008320308 23.068683013245984 23.955726829714262 23.160900863273476 23.111185844869254
23.311840972366802 23.724840424883975 23.064199093668126 23.958149059661544 23.49655939529971 23.144767139899233 23.644448122774854 23.779619089708405 23.867536574243932 23.589140235210557 23.878584621418764 23.234487009156297 23.476075706881446 23.9457022993275 23.61649147879599
23.38937432985134 23.5904130461341 23.82840395267871 23.011342311176076 23.273887070904152 23.635160813335748 23.88023979379986 23.764964443952 23.460582324048847 23.989729278083626 23.255719352334424 23.100604528714765 23.173095799973392 23.33594428015441 23.708785028176234
23.25145769806708 23.90341814993889 23.886677456700735 23.580152524076375 23.910546905878416 23.02809635263548 23.75015870215169 23.377463804011402 23.52601651693018 23.453176045691116 23.888741559541895 23.572306730855928 23.545630406579136 23.88898941250415 23.61624355718379
23.700068956397164 23.715241268493415 23.958432583326672 23.344585842845895 23.84175863434962 23.318224655700323 23.97616523798635 23.338307087092016 23.09133773511246 23.806347662663352 23.90120448779991 23.564629089550344 23.667778288803827 23.61726883893566 23.66167381009598
23.337102235437175 23.917965967565312 23.09984241638019 23.778007345148133 23.34246132702362 23.5747389945521 23.375626470421466 23.969698588191697 23.813173107451842 23.283765238450737 23.653471191498316 23.220721402037327 23.06225904221723 23.59362337465193 23.983790313843723
23.600040949547324 23.332327974327395 23.315369354576525 23.690094534218545 23.986170737262846 23.927355119383908 23.401031937504833 23.747593537810104 23.72852081286552 23.893595279811905 23.264896590551363 23.192148368111678 23.193322163995195 23.095119893144812 23.77710021323497
23.237583651938607 23.088200126762477 23.38981878299452 23.99597336538899 23.15534517926562 23.437009897460797 23.753309460094837 23.073731017262904 23.127714939374698 23.08533540133718 23.621048034482012 23.669526434318765 23.22427225933116 23.657092384100736 23.423037485267155
23.634547668079367 23.371016490982097 23.953965419960543 23.27088065511933 23.695748999987114 23.682543063042335 23.891947528063007 23.02352686271282 23.357974943623578 23.809891162038333 23.203040495662517 23.505912428195348 23.268647685779257 23.020158127942803 23.29521255460914
23.483797354757908 23.844853357401906 23.56870225120644 23.859999565714677 23.108451502922186 23.049576125622977 23.55073163524589 23.04467473884012 23.936445531941082 23.82199373991708 23.82630422844224 23.264700989597447 23.30265317461477 23.816161747925324 23.801240007405717
23.022219142464895 23.778673249952746 23.783077788500066 23.816173156768617 23.41761402195238 23.684231144478268 23.143031768774375 23.646948643678787 23.393740041501857 23.135720993029317 23.038311086827164 23.151793887084896 23.136176460630097 23.913901836188746 23.43074490500175
23.41417333081445 23.467921658645324 23.511862014649893 23.614234950118362 23.824959574085163 23.523225195565217 23.08471778393336 23.849334740281556 23.423532050174046 23.4627949055392 23.66411410417783 23.695102993802504 23.474640063462385 23.501405762085916 23.923446453028614
23.012871202707416 23.696344098396743 23.058976322384503 23.983824589919507 23.547229102020314 23.77407559999244 23.417467080497005 23.23615067914641 23.451446437200566 23.79683219075781 23.868495197416582 23.921285280582858 23.117712686300166 23.033751549858227 23.97034771651222
23.25812712451922 23.19699118101337 23.03278414396238 23.198115657175894 23.238533365389998 23.748947739414355 23.36791101149091 23.96695995613327 23.8183588551978 23.049327948032982 23.487330232203508 23.736059151314453 23.12549477366079 23.700321746114106 23.022261060442638
23.659577873089226 23.478638191863592 23.338867271710512 23.604492582259596 23.04103457734728 23.464625753351328 23.418510858893487 23.71052924179745 23.668735525971513 23.057516422556933 23.252353334672218 23.301162738712954 23.962481402035817 23.77920954934382 23.747777482436916
23.057526346207318 23.745541858058893 23.199236313756455 23.03806510817818 23.82816372781156 23.37093258522829 23.650463933521298 23.521676533339317 23.49637176268516 23.87731816129624 23.897803807005065 23.656879262429733 23.85305271380294 23.827403400451523 23.638616087444007
23.22757664541356 23.217537749715436 23.490464714674403 23.13635511318938 23.69560132106844 23.487320956241863 23.070712250273978 23.99310101434394 23.685402624427095 23.01736871664862 23.75446248082665 23.051975450106987 23.608970821678962 23.230646588406014 23.451640010318805
23.687039675780643 23.932005251219067 23.143731894193 23.240916553045395 23.286125821692906 23.60674745482752 23.054857156289387 23.69283393289148 23.561153290445063 23.752564818996266 23.48645568713576 23.44154712477605 23.430833704560033 23.75228357836985 23.100257758682503
23.603362368429302 23.61226974458535 23.550434704924736 23.71021167832493 23.899034562032902 23.73080437550104 23.08899017641785 23.706981169015624 23.626826805123866 23.711578782509466 23.496830922231336 23.177496897419058 23.954624790378176 23.451608857365237 23.86110190556808
23.754016233959543 23.351937000636124 23.287791665868106 23.15177428820803 23.759372420293733 23.36640107772026 23.574104613460847 23.14514776879002 23.52857060908514 23.364456071333564 23.76036214153621 23.997691295894313 23.88161447302763 23.302128625737936 23.72524563099787
23.458533618370755 23.59842446185233 23.06942117140807 23.75792457815989 23.577079736234715 23.40393445653444 23.460578118241845 23.505437748050475 23.16164276754376 23.409930852052426 23.36254645594067 23.407105611998134 23.17564573218138 23.179924043411603 23.325234646730525
23.622595752795455 23.71986075573624 23.584319576436698 23.279714459460585 23.226865676216224 23.24231810487892 23.3953817109182 23.804297945385507 23.49305820636316 23.141930941943432 23.134960329216096 23.003461920963197 23.41352643388522 23.9875464130265 23.032676660487155
23.760880616533104 23.219516793728957 23.161046665690506 23.07824174909819 23.855366715925488 23.551640600603168 23.851288965533982 23.05880680805918 23.18731007765165 23.10611555048461 23.975086568134177 23.160722137491046 23.15324171021678 23.035860318553404 23.78209714111651
23.18480678819295 23.0274410674141 23.120877358513482 23.612399311953467 23.675208873025458 23.062042129388093 23.738960158133732 23.518701830656592 23.2941622166547 23.9008843896906 23.96561278273749 23.239543763590557 23.588421733330588 23.81739250410708 23.711171348556032
23.315508954376337 23.88788672813649 23.233058606341153 23.663468470596335 23.977390958447554 23.45289748449057 23.950639524451578 23.945983186890242 23.803409653581966 23.143917698530107 23.54497061849322 23.824270775022796 23.04199426277738 23.825791001271163 23.394336975587436
23.497567995984266 23.927311803549472 23.438487175856544 23.906631511858322 23.99782111476952 23.276633821906614 23.167229883663264 23.597069065191892 23.48498585640525 23.151798886897872 23.427124085740118 23.808013985762084 23.77529915753412 23.391441432857025 23.440878481032843
23.026518456709205 23.768325415778527 23.3763226281497 23.03294410886735 23.9514574210668 23.54893021307816 23.477012355686732 23.889367551816697 23.68968507293066 23.331936978317938 23.25133552568273 23.939883273967936 23.719427107826622 23.090073137853707 23.608410298475235
23.70724604374822 23.54916202123855 23.659914066165136 23.836769584915068 23.43853182022006 23.32153347178767 23.355884683847563 23.605971397369277 23.58411087237531 23.96437509988703 23.638979841596058 23.794267530488607 23.72222430556225 23.874718200552753 23.18471691353188
23.269314179122457 23.340571503229647 23.536691648063545 23.77393451465702 23.554572600127326 23.98104231364826 23.92051259443286 23.7904038147969 23.650960902862398 23.12970490993557 23.987305430071828 23.750820043332155 23.151483458705723 23.891386026499873 23.13327549729069
23.215593119356345 23.18597733557365 23.92665776577187 23.946803681458455 23.632958451970342 23.663780089334722 23.348770888934236 23.223315990837175 23.15428000239361 23.744036618800493 23.279051701745107 23.785322478432878 23.225019709994935 23.456527356462548 23.541505654172344
23.28880793201491 23.8036985253782 23.92031385637461 23.54084807890576 23.862196670161573 23.390276025615645 23.663162045643794 23.712907984551215 23.120402031019456 23.655727432765392 23.131617326541054 23.062328562451267 23.82401085566117 23.356197952673465 23.599769963215543
23.209713844592354 23.212442035502306 23.387966097453326 23.33416295573809 23.05884753556536 23.829957279792808 23.29354945591069 23.052959206007515 23.66433721052629 23.484691202794377 23.264637397073805 23.429398024459417 23.13101285660452 23.833407331248175 23.704137504160236
24.6327359533571 24.408635849238053 24.96847512650478 24.70747326383703 24.67428039227719 24.658950930525805 24.29860250957901 24.402372792853935 24.631788720192926 24.466839862096755 24.961147509115683 24.946739578247787 24.662419637137415 24.54331275462901 24.981371328093573
24.125797739038735 24.082587788536294 24.725299037206753 24.4027847457624 24.91255633567782 24.69248617993924 24.015676678539453 24.652778280442266 24.059738015024312 24.953705733832308 24.126705310662796 24.47901593317122 24.776669644353237 24.59029473735577 24.49100454595491
24.894611360067614 24.811233816005167 24.676765398381626 24.986446566611168 24.703894280702848 24.804831371982964 24.300968479381563 24.684807248655638 24.345614029372758 24.617407284242802 24.445421548659667 24.77874799474282 24.986716291604754 24.4299432454562 24.81758972047455
24.467675965420234 24.02736809053087 24.823422098886603 24.97778248683774 24.99025740638385 24.436694981993018 24.70612107927394 24.262743945460542 24.179835526128205 24.62873382417613 24.915191616766137 24.683677845842386 24.888730467039068 24.909393274698907 24.55383597439538
24.189363021419737 24.378375808613562 24.87775328910512 24.64199189360837 24.428178830816844 24.304472507324192 24.548824036666506 24.45628812591134 24.41727403164513 24.239817750111314 24.379923514307794 24.014135591033003 24.332777158672602 24.772192728581533 24.82912269587091
24.51716992476338 24.971859828761257 24.09066994791642 24.55174527529117 24.210863329747372 24.30562895114444 24.63092733845477 24.849699048004357 24.039974595417753 24.941237795247194 24.788632438547662 24.528454282872445 24.683608457041206 24.24226973617933 24.9296878275984
24.887774121844583 24.039006197896096 24.318362796693712 24.927103458672626 24.174840483855235 24.98979161763936 24.08820702913946 24.23649049811447 24.462208691201027 24.342247809766683 24.14446080858782 24.085645769635683 24.578062309216293 24.14230146109126 24.20479646238522
24.69842370076127 24.412529578024678 24.196243768652263 24.52019922430626 24.599068907638703 24.651361382951816 24.50981746497325 24.72980798687247 24.95040882447139 24.747059701277784 24.533152261867066 24.301000362364267 24.567782995192655 24.727584817783388 24.55313142314936
24.87408816648404 24.720311368563912 24.26405870905327 24.3101247025325 24.54290424765627 24.08208119859613 24.27142051401511 24.932623705026636 24.34572496206986 24.228058491365527 24.199779887769726 24.581167903112693 24.01538695376684 24.883006310596784 24.089252297169274
24.772050499774412 24.34312116747672 24.726419075052572 24.40734996986501 24.21164547826878 24.347540633242676 24.9324583567272 24.665540914189265 24.113798322806932 24.80838287219032 24.781102573768994 24.820377764782275 24.39557461463303 24.624021932685864 24.615198905636806
24.504637001130614 24.850762244367967 24.882429001111902 24.137833079713022 24.205198257023255 24.38587458724757 24.49717439056795 24.545408750943444 24.606932675428315 24.67000360342673 24.753228373147326 24.274054687982936 24.455658029007378 24.097723033608936 24.131731566779116
24.2004551143127 24.45825757508866 24.79334403180215 24.338570440889658 24.982924408610334 24.934348615258596 24.49517652152548 24.548506971198627 24.854524418890456 24.161425871233803 24.55005155917549 24.494775922105028 24.587249026946147 24.614193653109176 24.921211444080512
24.18347708581539 24.534777147875253 24.58884024771076 24.066775482347207 24.69275377587555 24.63102197456333 24.024296428991672 24.78134171085304 24.72866357003653 24.972680829905254 24.68505959025976 24.609885672540575 24.352810294524804 24.14621654478625 24.2539539313775
24.240969112226775 24.5712212640878 24.77317767349704 24.298235894665986 24.3653733393841 24.279617352775507 24.842491865188002 24.518743569849132 24.846623101610707 24.39713774486761 24.27434270594655 24.169327382258846 24.691468754011833 24.888745086075957 24.817467447075582
24.042588976838072 24.23124577554447 24.775951116213697 24.82018903578685 24.95799357805181 24.129132584835244 24.166166285414096 24.63522307448144 24.25971099936159 24.31367866985184 24.792892123220366 24.41927626557644 24.43407879599471 24.70557719034128 24.552137713500528
24.870679889934287 24.5903703345433 24.65250736788243 24.044856743574098 24.01177838354019 24.21359027091926 24.315973665653587 24.19086551788058 24.467519208559622 24.294307655480218 24.864420322938166 24.566615665920416 24.81766749611265 24.668077240088543 24.21850139699338
24.237360459946895 24.507294969936957 24.155788016517473 24.267238032485537 24.503666726273423 24.48866929032165 24.886316938259906 24.927896062338004 24.162889114683 24.23739662003452 24.004155347240516 24.157768988602005 24.59813685404192 24.03664696804148 24.8172142040527
24.042652452434105 24.25042795965289 24.455517952668792 24.323803518772067 24.38464837089421 24.804139367715532 24.761069518701884 24.972820609376182 24.79103820692555 24.721525695953787 24.598288844370675 24.457470171663324 24.126316092600888 24.598993298444658 24.648220677601337
24.320379459531868 24.331075070721074 24.185980801603442 24.131725687777195 24.15675940898708 24.03429000965584 24.806710544304682 24.964805039907894 24.2423029706263 24.089643415184515 24.35574024867503 24.09115703274737 24.483799998407626 24.151891074787386 24.000157615434702
24.018607178307196 24.69298778564407 24.67586677083363 24.214425438427323 24.868280411684502 24.317944851559016 24.26857620917663 24.798297646181386 24.30886036104071 24.931375128366472 24.153932287493657 24.083892172362226 24.593006940220008 24.971418327648987 24.620035353375997
24.624919486592166 24.538980964163088 24.458161808639638 24.710503414106295 24.279230273873086 24.707749662290322 24.667817628809047 24.09420901390283 24.74525969094952 24.214324943793578 24.036568475035185 24.001881243131447 24.293609536854905 24.581811984892934 24.887374275314443
24.353382372328664 24.646923940019015 24.797622290827118 24.9255710676368 24.716070670181306 24.704378115128705 24.263532506829204 24.8328822783718 24.532512399938884 24.08151388606619 24.64474619895845 24.70450205326034 24.1349073593388 24.241819559664606 24.7178424898624
24.520198901740685 24.423944037332753 24.33336599456795 24.193472846133155 24.317927447994986 24.731402208692348 24.71197480372042 24.146892045630715 24.24722454793037 24.30867185968683 24.531808289717045 24.12788824460747 24.2197059635038 24.087459358692946 24.714935399737815
24.241401487909286 24.44526777199684 24.844303339205776 24.073341495689004 24.491098111884813 24.74513669175317 24.667123759862758 24.35001407714487 24.460394080023214 24.16670201083541 24.669880073329576 24.4701507415404 24.968897433777812 24.0901011505195 24.230515035365208
24.349199185677445 24.686966321531795 24.712819740421246 24.637713172177467 24.191354090739782 24.81705564951188 24.52610639491516 24.92360352830588 24.330298772993153 24.857752115744674 24.155791043774016 24.83238897263198 24.313394100453095 24.154873779941976 24.73013529295363
24.328984770085324 24.11118125607115 24.413736954739527 24.758631996625148 24.787101548214885 24.045978723738976 24.59766983858046 24.35821000729414 24.012808952577053 24.27651814459891 24.67007860500303 24.547089950421444 24.55746798099274 24.44997772252283 24.450848690045476
24.24157520586882 24.353021290274572 24.438435708783963 24.452590169594448 24.537351350611537 24.562982916817887 24.913681031164955 24.938212688177227 24.834407199994896 24.68406962421268 24.882481534079503 24.598542330328456 24.373478491846114 24.356268452099002 24.203825082029436
24.187169116870567 24.79195515269529 24.043235802007473 24.540312162357797 24.16944026589702 24.378481824064423 24.730275776549504 24.157793361505714 24.943491101147327 24.808020578181964 24.053746463113892 24.480508320813964 24.473432250592587 24.2729334138859 24.823594553052686
24.333397796485414 24.238287750746505 24.090681714809516 24.729820307537665 24.35892373696828 24.245005779729684 24.065028436049747 24.134026645356407 24.182646680952786 24.4798402112064 24.105168418758787 24.238807171626664 24.519973973994343 24.57962738451158 24.866000470684614
24.600580122582095 24.565905854450076 24.692959585882363 24.46279465994681 24.905576115838446 24.690271366697747 24.470982764750097 24.63479720547976 24.164040039502254 24.67285904324185 24.878523083499353 24.084853872542073 24.994307900263006 24.456012499823068 24.048473066909086
24.1059225495079 24.46627200352759 24.666673979082024 24.715844719761442 24.02038432353791 24.052848732422547 24.96552427176095 24.86262394333017 24.404351497000658 24.598414990105027 24.617780079747746 24.080536577440125 24.546710221149457 24.85478120701974 24.548375067289516
24.816063346771248 24.101424127806585 24.058119559028775 24.54366441800265 24.10051731854202 24.431664929274902 24.224368822967307 24.192456836552672 24.587724435345983 24.715624583643677 24.32598762789191 24.621091860011095 24.72282357299825 24.486402628184717 24.279530243239584
24.07044492428452 24.6479298325674 24.912151920966412 24.721370364962564 24.887155839095662 24.01388103903709 24.78770448220572 24.87799964562603 24.557041409229548 24.212013550528606 24.905188374085522 24.44767999263377 24.995565951333262 24.66589126985947 24.198685870630495
24.301829233069746 24.428408477392864 24.73013658995579 24.816771862305174 24.987372220193166 24.844578593013 24.431990363380706 24.066810630860353 24.465390497540124 24.18519783493928 24.76095287534375 24.996178565288506 24.25675522372155 24.142976833901766 24.46283593944004
24.22811859434087 24.182030060253577 24.69058278123303 24.326781337743455 24.553722184349315 24.180781511886895 24.230506081616742 24.76727856908724 24.696572967795184 24.274536630037385 24.564698776473637 24.097940676752035 24.612875810738412 24.597978975422308 24.71917133617008
24.269773868984462 24.667433460334482 24.56457529753135 24.026899072265643 24.003902979353132 24.03462290686372 24.655677496307582 24.771802597435535 24.18719167140191 24.713561522686394 24.026245252536903 24.12723154505144 24.11892242168419 24.617943418370178 24.105686945056195
24.084294604581853 24.69767837108665 24.30356400890259 24.63891738807755 24.558542801556122 24.91979528353272 24.03034150066678 24.160583277403482 24.88792713494662 24.124228688119825 24.02068147032415 24.724507871029655 24.49061615065896 24.263407658100306 24.972320989585533
24.82075880466708 24.53817210845063 24.105623298218923 24.111327295308413 24.80434403112876 24.117749562994454 24.681726870769477 24.32971480918703 24.83239268597363 24.50639368777347 24.477388234324167 24.2421840758593 24.260778819573826 24.86117953469482 24.841893116072196
24.31777466246423 24.686498335021064 24.840847925864296 24.835432712091436 24.59476318369675 24.338709958066577 24.41775772908539 24.269067393650225 24.870927220310875 24.319203543701306 24.413387681621835 24.005021260778957 24.67633407846829 24.272160171069327 24.096286066875745
24.679692051240497 24.78210317685795 24.423419828988152 24.518279496878684 24.887736745095005 24.476129561606474 24.571074748778386 24.13291692259112 24.52282014213559 24.345545081070732 24.532057185394823 24.639538639811647 24.40909012224095 24.845732984445025 24.753492617529602
24.92702437345844 24.577169867899524 24.507000618183636 24.28294059294374 24.453188255404523 24.539433735783685 24.232554033879424 24.058247142781315 24.38895298712815 24.701560529855872 24.775207362624222 24.525584217083832 24.38084922296591 24.6108338043273 24.145298962623734
24.923353027655885 24.84105029561188 24.086385880148736 24.39857514701221 24.179979985774125 24.26106678798825 24.402558750155826 24.980341805393014 24.265235435327472 24.16338910654101 24.60378134804765 24.560972657480804 24.007556472718253 24.954780337382708 24.717839510104657
24.087902738635748 24.843957765292462 24.125586179105703 24.104141501683568 24.60052403482774 24.704464436692557 24.951342243815134 24.424558093852838 24.20693970046256 24.249604100051513 24.09612318481159 24.75664370679692 24.505322218403172 24.977345340833217 24.291492647366468
24.18252044993751 24.647659853078704 24.294972714986706 24.57057644316065 24.781434514048243 24.18996490909942 24.511738896351194 24.373695750065668 24.3299703293657 24.850556609485906 24.849736869128492 24.210161523756938 24.171134729021805 24.306819538172345 24.993286185508506
24.460244305253983 24.65199982714521 24.20087915693824 24.40122920254059 24.331999227295356 24.249319733725603 24.59592349823904 24.591884356170517 24.949538421220968 24.003513373566157 24.227440057356606 24.877005771753154 24.042508686756857 24.163631140378065 24.02742589652171
24.568949167096285 24.730944846981114 24.009401101424043 24.56466759641628 24.514346339544893 24.455334511050275 24.66117583219475 24.24047715373763 24.917941830767038 24.188643254512126 24.31457795123405 24.30680906500895 24.81184668973417 24.68521363046766 24.743869269177477
24.032472358527816 24.19831617214455 24.670865394751214 24.10654467159537 24.63319107109911 24.848259680137385 24.5591883862138 24.051378390912912 24.902555140408502 24.973042483104244 24.49093364912092 24.883127203415143 24.833443281743126 24.503740975717896 24.236572156676147
24.069321299856842 24.903287904082887 24.509864172891152 24.776505159354674 24.68805044868866 24.11159179014823 24.368655899412392 24.179073503902238 24.510379273177918 24.30439482301874 24.656443884916257 24.733427811524464 24.287002666676226 24.797928336176497 24.375103439515502
24.162485468226997 24.46597774274482 24.822483889614777 24.049554606546568 24.140614160183233 24.006847027164525 24.84756173163332 24.436313933065925 24.271345882758272 24.1761922905195 24.420654188893405 24.06847280728498 24.14233973988776 24.210636317783774 24.754557472876122
24.629076486466598 24.067975164299668 24.51553609777472 24.931894685592138 24.192729213949605 24.654372066081475 24.6310869848912 24.260572286963686 24.70435231750611 24.377297921805603 24.542284902849186 24.010180728844208 24.67437395277483 24.9503361840071 24.03516912339032
24.486889318210398 24.961230594103878 24.37885428015405 24.708995838803247 24.163174631375878 24.68491197251761 24.244723551916298 24.94246828952273 24.36876044059537 24.769382663373673 24.94740765521276 24.58187643665644 24.870436430553468 24.347065187918613 24.338950035289812
24.36997558063856 24.520962125597105 24.275171030261223 24.433554751324472 24.16665974088682 24.041051195658145 24.31151745876734 24.64686964187315 24.82596219125844 24.913470777208953 24.076569553045104 24.325744316021265 24.18864239656798 24.314579085579055 24.788798851371496
24.16614988599994 24.0255946882674 24.98616406056358 24.90205071576778 24.485110996788272 24.924541185437146 24.959234409544123 24.19646518592101 24.211915434359767 24.05094722200417 24.081454158273463 24.578596586447073 24.894530067277103 24.433825026732496 24.371199872727395
24.831729383602138 24.979065884429776 24.92806708744966 24.323759771488184 24.823989462695906 24.11329988187924 24.287177987148276 24.428982490320195 24.229700549896933 24.24967415636338 24.843749487199638 24.324722345290226 24.64853864223725 24.87885796762079 24.139750203987113
24.20671707623352 24.11738731537398 24.811871789139715 24.474678439416593 24.343073387584088 24.40139940189855 24.5469368448791 24.746852377616868 24.80032387197534 24.123621646077254 24.406627197084074 24.15158918325687 24.778058994399668 24.746640525714948 24.311566342699308
24.269750521244593 24.270426244221945 24.655059190333542 24.268823319123918 24.831109151628034 24.12532750454116 24.10421668179245 24.39632820963877 24.96921710840261 24.955935232693847 24.598412634855595 24.57904070944021 24.097933348060163 24.774186970197007 24.341001742691226
24.658269271827326 24.634494628156506 24.66220640746881 24.759074144412075 24.392452673241973 24.669990266223557 24.275138567607833 24.747039430936507 24.29587991519741 24.345328083310815 24.477676078112847 24.19628326108386 24.861238235553486 24.1292550009898 24.956591792492368
24.582167525978342 24.602543301656393 24.414722761997115 24.222882619235538 24.864996404433054 24.816919494588003 24.85086553310645 24.01966851055194 24.72817185774551 24.956862401628914 24.610082961103604 24.785779291748845 24.224614460362943 24.0290296765886 24.353198337193447
24.490001283070505 24.23162624115841 24.491270483709645 24.000388729538315 24.84724483852583 24.72472422001562 24.706517795509498 24.54155994333197 24.65543265795114 24.772574807714225 24.13033170426994 24.02706615332282 24.750698107078623 24.328010551366315 24.058296524991174
24.568150266677772 24.868521703022783 24.34421282145402 24.94013772833147 24.646207885430226 24.519722895995596 24.480494968003608 24.979339372267077 24.280954298116757 24.842763734350655 24.678722338567464 24.980206897890476 24.639800045861243 24.27760930010887 24.189257351094696
24.178733321870997 24.48421820136285 24.82142986656137 24.204418760691947 24.099292154677126 24.443611576473984 24.572717833088518 24.117796541178897 24.316093403861398 24.483166163646775 24.24793227086106 24.56936478272283 24.366503689641306 24.089402556040895 24.363572565181624
24.859186712250843 24.96274530227767 24.635614142253328 24.81662173050452 24.01660795655491 24.079153040239376 24.10910759730134 24.667589443033897 24.797184998907323 24.45408221267545 24.88313699561682 24.03292329743734 24.14619781277836 24.53872439174633 24.49865063031761
25.12734623047771 25.215447326272155 25.949502384830918 25.484444910264205 25.661717019848698 25.849139246036906 25.03637972171161 25.089047186452262 25.99830005095964 25.565008353057298 25.26633338809792 25.423625604865073 25.69286906006893 25.448437994312794 25.739403908861334
25.922450524527495 25.311859141854846 25.05018166536129 25.30414943865023 25.215908647361083 25.702820314110674 25.332394820988842 25.419995886771737 25.48079801895821 25.217714615076808 25.943036809566088 25.125888131566604 25.083607748035785 25.741138217366146 25.61530435661188
25.217812343596183 25.86471374163762 25.759338901284917 25.286609219976963 25.012172626418298 25.724897699773614 25.120938229361084 25.610715082548065 25.877670100324572 25.27032362011409 25.586556932868895 25.89699913037765 25.055245785778943 25.148082044435778 25.742081196168055
25.152406450707335 25.1538134527907 25.361639647730456 25.35909622892238 25.824516098840142 25.108922188656532 25.2940075778083 25.826052897115137 25.04823971838489 25.322152602455763 25.386168924767514 25.845022317364258 25.68402512320256 25.1609647045319 25.419282196733047
25.191431832831604 25.202038440243037 25.99187966234934 25.131404192527384 25.967965635068403 25.51465064127838 25.44429137864017 25.462952223228697 25.448851762432295 25.188655040019047 25.65786823653607 25.069852078982795 25.307046259203968 25.078994698684323 25.853419321630106
25.869295314331772 25.744365099036422 25.31737963495032 25.685263126544626 25.290254876012263 25.803402409481233 25.762025555998317 25.482551629909263 25.589385606554714 25.930113455355627 25.468847483348522 25.667665857653407 25.062662670344316 25.677229573694024 25.47979292127739
25.351713485917575 25.234086689601035 25.291211426195257 25.24060108675286 25.350323167065426 25.135011849396413 25.809235741768337 25.258126072196305 25.637344068134276 25.601129468016534 25.207750175275226 25.186463458655293 25.559723677480182 25.10886591751258 25.090419682664553
25.391471314607095 25.97375002517999 25.048930497965976 25.38082686106032 25.18487856887603 25.83100990554564 25.49197556020688 25.494078129322453 25.342024512789088 25.6418272257753 25.439807373526477 25.50150608902671 25.22137542342807 25.67461117887535 25.275313377826585
25.873948113092474 25.78931563737849 25.711456620874028 25.625247233974765 25.491619819935302 25.120311826202062 25.673504171529594 25.13224038270448 25.74239108025219 25.490400984290734 25.453980922281925 25.695884959008964 25.695312018396276 25.011054215254973 25.852507056328726
25.587459733368167 25.53252438385094 25.86081964554621 25.591167807419154 25.46884687751291 25.650233867798352 25.56374985100186 25.011013618819 25.753414598710062 25.09820708895541 25.436470399402644 25.197066496098312 25.935116534451907 25.317296543692287 25.279847518126257
25.960573517523766 25.48178591625874 25.45578591550709 25.626565235626256 25.319163356822244 25.639578676784055 25.89788688741451 25.372522817342773 25.85872510235544 25.027746617080247 25.02150768316968 25.417815780162595 25.63524332141826 25.216397772008072 25.617453158304787
25.022164827225566 25.08048677465539 25.574628416726167 25.848504507060518 25.94000888719318 25.712362892172813 25.552387048868358 25.104366362766065 25.04207977265213 25.318913412496045 25.216657439283306 25.61725799698529 25.053127685190596 25.684341453228036 25.301024798521365
25.24296382443036 25.239568383218426 25.856123837261585 25.24741496020628 25.38344873142197 25.36617421829831 25.414176648052486 25.719773679814807 25.629681112076966 25.007532973055582 25.196206016504988 25.851679423229136 25.337097281224892 25.347850006900757 25.457790557099184
25.053359521114665 25.01117862448845 25.93177056032579 25.501405494810076 25.548306218202974 25.076902823326922 25.43925086987569 25.395512564123212 25.935665965828527 25.333369015945916 25.449108273894414 25.52300433625206 25.98180117399007 25.153685984489144 25.328731952414607
25.347705235490007 25.53290102937708 25.280251783900706 25.84153737290649 25.968295645502305 25.91024408189804 25.886841709506776 25.799099666981824 25.740939674641314 25.400691758300198 25.431461209974685 25.101501880895604 25.495061092731728 25.487218837083947 25.707708831173683
25.807286305033447 25.641126296070336 25.277763528635948 25.41743392367218 25.453498376220015 25.77495672542544 25.18540585031024 25.53376226307408 25.706663989813876 25.220007592731733 25.288860062500245 25.70110240661552 25.56714315652088 25.317213933469507 25.959493533549157
25.9275342615358 25.772153914115666 25.17141865497354 25.279560275322446 25.86502055022515 25.746862640994742 25.99406155842752 25.496064861994892 25.044170923682792 25.4382873917593 25.143722424698527 25.255648427545317 25.53282757720566 25.6333639359801 25.45927535026629
25.64811510817496 25.621530136953357 25.910374510216545 25.504825152269486 25.149693864608047 25.30395676013363 25.20204112217654 25.901261321241822 25.40185742872285 25.516727437594366 25.05893742722397 25.006178838700233 25.387496215523747 25.330494718517468 25.09347395802826
25.822078805324143 25.973472064227312 25.54303562841948 25.757563584720266 25.162176778847364 25.97705283305893 25.415098226813967 25.561175190889724 25.783809869729673 25.883455825269806 25.611044948617803 25.07433587550334 25.411348325042894 25.09270427877125 25.758874024199176
25.571742477601358 25.31368111790772 25.106227796428776 25.427989414932973 25.976995728844862 25.375759217850756 25.377114345340356 25.73812850642427 25.842571486072615 25.409344180372518 25.642647685493127 25.259146268560144 25.46199508502514 25.78502384925651 25.433740873933466
25.338893215237007 25.85228624655555 25.33572111899185 25.113103084939716 25.50521408002566 25.26759415634865 25.881335424993583 25.232453344950603 25.128132432004826 25.10904295912777 25.65482113798127 25.218821618431775 25.099576424045082 25.58116050501882 25.371920652085734
25.400953879870574 25.890539170999798 25.211863720948664 25.679934551543507 25.169064768384356 25.97935678838314 25.40082635778407 25.245324702242232 25.62465769959791 25.30982585662968 25.490156163740984 25.795610632369982 25.421858992275205 25.134171472249044 25.461659724986745
25.017933367758094 25.627689133139512 25.323415793810824 25.256575472512242 25.33482522388885 25.33592078218619 25.98648627981176 25.88650623647622 25.227137825279684 25.457649840409303 25.029441767921227 25.95838484302315 25.954744703223607 25.581432042663433 25.107483593005345
25.97165746318358 25.237549259364208 25.046815067318263 25.274958099596304 25.762470886270595 25.702492334208824 25.407321346145952 25.522345919781557 25.767502212136034 25.676668485521926 25.272414500090523 25.304272319442354 25.359169806524307 25.21232318764517 25.112708297867737
25.10886224120958 25.364317003292726 25.066417891724797 25.988653708326282 25.09630258676459 25.020061121955013 25.72561418223026 25.32016635341619 25.843263231228235 25.04335185090164 25.46694108393957 25.753132751202788 25.269867486771293 25.194884836349676 25.875075296687722
25.89846104518045 25.897191888517472 25.703367833430733 25.199076980974315 25.220317809674274 25.685813890766685 25.182738287059173 25.424588081847872 25.63241926634623 25.839715527634553 25.222782522618992 25.96191458611203 25.424722337105734 25.124889759663304 25.66270916626996
25.40607791808315 25.987586337702787 25.44828566143117 25.66757952473248 25.911834368707026 25.426454149994964 25.67026755297466 25.119100814085094 25.344826377819714 25.567326930601688 25.882551818754507 25.50513848024257 25.51944281849385 25.041784094400924 25.673625041662596
25.446405960131287 25.514629579734844 25.11002593803366 25.224935509073383 25.234141767560864 25.270806381455916 25.631393357933447 25.43368920935188 25.269185302749985 25.414209021021374 25.124045851450926 25.64187098152971 25.090714040981155 25.52939084081476 25.168954861756646
25.966150017934726 25.76200713974201 25.90628118411072 25.508096698048398 25.669618401460376 25.740950900616994 25.125112508449188 25.0627057205046 25.49384993814458 25.004604283261617 25.710692009355036 25.75467471615156 25.378556263253195 25.119993144860175 25.486907685186097
25.45266640572745 25.536155566636452 25.15740446537888 25.193022656719826 25.584226248107456 25.419858938253544 25.82780243376211 25.385226121972845 25.956163339996078 25.72641783365017 25.992590548862694 25.640072506426613 25.10769299107373 25.208465841309152 25.741795074633785
25.600855350154863 25.08431078825153 25.736426504395656 25.56584681675848 25.463626052564923 25.86509474982602 25.74624816682379 25.75648989982725 25.086481590516694 25.802108602164004 25.936765917820836 25.06394749885072 25.023909721569588 25.33780603314434 25.83927983436941
25.81032646370657 25.437393937946744 25.954811870352096 25.67197756904376 25.113343816034984 25.014144740591437 25.782182988075952 25.71311855747471 25.60981007266366 25.737737643142687 25.533228769456773 25.279436218339193 25.08490588695409 25.597602571945067 25.482196231324554
25.28000342977045 25.711139569713062 25.098723180767198 25.0006030339992 25.2308456470513 25.179975561856214 25.738568986507733 25.76872679476947 25.56187536679254 25.869474335367023 25.455196903119237 25.153736915333873 25.025260169628094 25.332886699392965 25.418623105988523
25.4031804686932 25.023126343137903 25.815996731798776 25.436980050686895 25.24101132329759 25.71253834252408 25.215108794853005 25.679637643404064 25.17307757345662 25.816984143253716 25.87292619122501 25.381381732382568 25.309959102822127 25.17613513562902 25.876170453197552
25.68490653011884 25.79727386788312 25.19943840909277 25.066641168064894 25.803292803288674 25.0070476995269 25.554138567385074 25.80651906987872 25.23980628544634 25.488469170605676 25.614614576255775 25.649065297367677 25.889266319769803 25.30232775515534 25.427457374723907
25.45747249010069 25.46339730971842 25.77065978261767 25.20550166811783 25.18747395671442 25.831991164503503 25.861603477089318 25.654065666832043 25.503419478891352 25.552371374862783 25.39919096690657 25.753940502306964 25.632877477228416 25.07156499067212 25.038781345157147
25.978211081722016 25.381424794995983 25.82875153064888 25.48106595339085 25.303778331186066 25.027137267955045 25.759972727690577 25.711053230937402 25.793492536178512 25.89339536568465 25.512750782598417 25.14316724075147 25.971096195034573 25.758971136498484 25.015176834965487
25.429570276707302 25.688713797484528 25.905963839772546 25.912195588357562 25.346047058259195 25.695415374659756 25.529003928615083 25.781225762127256 25.608263750798965 25.655419258069344 25.43324544225021 25.969920640285643 25.690942707034896 25.93578897626477 25.434019911211767
25.360786511657956 25.72346908495115 25.086017999922266 25.637624862308364 25.36054104811267 25.317673383073846 25.565685147062 25.83057307360336 25.936508038028094 25.747009392376295 25.94140265657387 25.533729046000172 25.5780082776618 25.241074447340285 25.47056793210718
25.888111525608085 25.64762125260523 25.285394768987892 25.71696892852066 25.43074223044489 25.705355847730363 25.72362576761504 25.602082278293352 25.991772293994934 25.03818218218298 25.147793505144765 25.085942431258243 25.398219709213933 25.808041491302795 25.531929940940273
25.49274903951797 25.405002882126713 25.94336434096605 25.31543154761016 25.348918754150667 25.290556151713258 25.14229156712235 25.17469695428888 25.485076868941828 25.85216569314681 25.13020694581624 25.535076361433887 25.068523312443478 25.11526507796175 25.619854167024563
25.469891457381113 25.178996427669997 25.931281525091205 25.259224580109585 25.009261673016578 25.518096922802243 25.78022564685573 25.22056721914939 25.038698869999806 25.851523937334523 25.517068603352318 25.983285152076476 25.905909042898497 25.823313602727627 25.50505284522911
25.294147861071664 25.573966579683137 25.8525598709875 25.56443318751283 25.250162147855658 25.660002682476836 25.925636725394515 25.43174766048247 25.94260901788833 25.980776489399272 25.23072908707793 25.972568165821965 25.125167391834587 25.289973813371205 25.746519829100603
25.219783122924927 25.92470998829338 25.736805148729985 25.093168729912254 25.419815696684157 25.700270694486726 25.201450707969688 25.181258220322437 25.660782644139783 25.7738466384027 25.070127750519433 25.453170342932946 25.32945040729015 25.90611244381598 25.201030657721226
25.801397840927795 25.59794700690449 25.0707880287116 25.802122263768076 25.569581855113412 25.376539097001693 25.293315662179932 25.692730223773477 25.394607322475466 25.6853860529963 25.062665468828 25.953129783562133 25.031876475399468 25.196033507773965 25.09950354734915
25.279769979268966 25.720919944020515 25.772511402062314 25.069620028151856 25.458527689193694 25.09479398413222 25.202252086875184 25.168428878013238 25.244349896733098 25.114251155585787 25.948646463952247 25.370515383762935 25.592871385787966 25.016461314821694 25.679907266934585
25.537621310041445 25.62807173142783 25.808098465674068 25.533010055340824 25.50912140038818 25.949761436659617 25.40389822067973 25.55683447915089 25.76095933858927 25.885664725467876 25.114329645554363 25.545229666971267 25.212175554678755 25.07509174995603 25.819814479697285
25.51857886589889 25.28257245317002 25.334670633396044 25.833965460100796 25.4415408935125 25.36072784453718 25.10133561935885 25.154604887160133 25.374996318348213 25.428480357640254 25.873744565377894 25.528863421810005 25.15182907981212 25.706175632622937 25.98052542396259
25.51744824351881 25.839024857485988 25.83237517709888 25.692227775372174 25.533208651115647 25.702669568877845 25.272394787483353 25.163582511430295 25.65041654925403 25.127782782991726 25.361952875448317 25.94364865946922 25.833717914942795 25.961522568116628 25.635373131853793
25.82365347932693 25.119500756214364 25.046149481696315 25.862200513422653 25.605808292919487 25.197463708931817 25.287239309736776 25.521752762739712 25.971108924244994 25.786459294518018 25.462985700053075 25.282044967334127 25.000106599681047 25.176223732568193 25.122035231269603
25.41768708146124 25.057861134393534 25.315395478626346 25.340149030791686 25.00077008852024 25.69276550535988 25.866262808912378 25.81008691917123 25.12941923983381 25.918656802715425 25.71797033205587 25.72446111270917 25.420607782181765 25.750605443043373 25.552453186762015
25.177908668120843 25.486987863017355 25.147001258555953 25.191156792775455 25.362782763155316 25.14191005264912 25.57403113821774 25.61563922640878 25.6616651829093 25.632466598745328 25.25337003417728 25.751441771700176 25.850353221791703 25.287307545921518 25.779883243435396
25.332153263638897 25.01657644689767 25.584143435422412 25.20336455471436 25.419382033779062 25.472549822039372 25.79126133104254 25.856811890484106 25.444388407270445 25.893571336093643 25.018046420758658 25.18346764120708 25.958420605056304 25.150224380552913 25.72141395034542
25.565828544459354 25.63133472960042 25.818345727154014 25.458221656373674 25.692055652557116 25.421869503839748 25.148772434871532 25.948146010745084 25.308692175337754 25.257985208551638 25.357981954032553 25.317170043576304 25.303322978395983 25.011965164080088 25.461091641936623
25.72874465158415 25.936786377322083 25.032517396604703 25.510285249822815 25.477848991029695 25.701775582052875 25.00490307180099 25.024585564483935 25.02259004945109 25.723143205686558 25.450157331767404 25.600993961459956 25.358645268934474 25.83494946207106 25.745757468593382
25.182369239956273 25.603766198620246 25.470270458250567 25.15263179232653 25.22401947930493 25.652725347099754 25.282010574999127 25.967192680267164 25.04883251307561 25.287502298895372 25.97643826806694 25.582115134963043 25.009872006173442 25.18316939408422 25.185892333775083
25.93587217054266 25.689717563973524 25.836851026759113 25.333081503485033 25.558577063844755 25.257429054056757 25.56529522262289 25.346626963659247 25.180471468093092 25.27686697809725 25.366009656531755 25.775974177450816 25.659437547925673 25.714201966082356 25.61757850008282
25.323526822583336 25.805201566009444 25.62779824589784 25.306690836432885 25.062831937521114 25.53043501799937 25.040257568028288 25.7125751887884 25.643872392554847 25.64274872593203 25.79026135889274 25.253948546665004 25.59999917373039 25.50661433640699 25.740950761029318
25.50925295964261 25.465762430585887 25.75053687613821 25.581935516769175 25.25786618597374 25.79087677853423 25.17234049958392 25.603624347675467 25.75813735762038 25.292783350864013 25.00421943735089 25.24542115763513 25.377512559672926 25.328746894802315 25.739244603598596
25.923432491736843 25.12067920179006 25.588153512898764 25.792305819333496 25.628683855075614 25.563572261103744 25.4066508425472 25.37100805521926 25.053443798241595 25.194249452924605 25.38599886896325 25.065829980829513 25.551105839635607 25.186056524989993 25.066976642318064
25.833891521409228 25.064180660010024 25.184167755686946 25.24741623416035 25.24696636296761 25.265301919355284 25.773501037208117 25.16341209497777 25.101914696644023 25.547750700909543 25.91417086609949 25.15898044616836 25.750500000094565 25.17485571344117 25.78005662297184
25.65791997735342 25.795593269192214 25.851726835273585 25.116727432052464 25.221351551335765 25.12205684086327 25.218132549015746 25.446879499115752 25.22539136563284 25.583139113599238 25.277932049420663 25.194605032087278 25.225638366136415 25.047000569448002 25.57832528520638
26.074226841114324 26.38863347463375 26.9230303363853 26.03128535766148 26.895095962561367 26.465174617709934 26.733902175781072 26.62988927295513 26.270664343070088 26.656348196181483 26.77685698612966 26.953864837564552 26.588308103113743 26.380364019949262 26.426488631738287
26.281522722260828 26.995791737374343 26.386757672567924 26.171349002798387 26.329344457638623 26.090926702337278 26.884250332397958 26.04797654218771 26.125848826796084 26.462892721306098 26.349533036173455 26.738492552764104 26.292960386135476 26.226853853161128 26.466468810573225
26.23169770152381 26.055955612136753 26.217915354130156 26.20868253946587 26.612640989098523 26.63216362079132 26.56613158180574 26.423235251439518 26.241922029720826 26.258950118316836 26.9611893645095 26.39905563114114 26.313526591036965 26.013114680364314 26.033554820624953
26.81102893088988 26.538784751472118 26.746682935100477 26.92828643924342 26.119118822640424 26.49407958296602 26.91817704132436 26.328380568677265 26.971625599707096 26.991223761835887 26.833799320704337 26.896429895893682 26.412659744345902 26.681960415470087 26.829565127607868
26.346539622099424 26.7261367678065 26.991833408654834 26.223273361946326 26.132859862464233 26.562075913692812 26.393711741732783 26.44430354424421 26.046756932255306 26.58571171890404 26.97754120886468 26.6095811904871 26.851560389048434 26.26590395139848 26.25043627299467
26.95565345962413 26.451986742765264 26.576558254443402 26.110013378781886 26.959669720590885 26.994754413443715 26.323245939409105 26.973906670691715 26.686162581347666 26.72756921158933 26.526938586574108 26.1196957178373 26.88187684111569 26.405573251516785 26.79774890263429
26.392013979350985 26.607494920994494 26.52751427438877 26.913796580180048 26.567396046220935 26.74295977302858 26.708306616275628 26.88379389200317 26.832460497097628 26.532196561786222 26.05031919456904 26.616672637090435 26.027314281419258 26.44338742829853 26.462639292539063
26.94755065836279 26.533603744311833 26.012553751143493 26.495726159725603 26.17656228091171 26.945426555275862 26.011053175988753 26.40828108955833 26.465554327697298 26.95135734533345 26.231699435249777 26.863826049520775 26.407374996382643 26.17712964282135 26.423564425095748
26.866395982414588 26.833460402464752 26.09105535709309 26.42212475879044 26.287914548448526 26.45764934443823 26.458051843733084 26.31926484136101 26.61423686338112 26.26763404504469 26.243186403459777 26.59675144581331 26.342507048890308 26.67018066101555 26.311936565318824
26.50714595778001 26.799392104646802 26.272230303369415 26.751903426477593 26.627721473120605 26.01791845086368 26.83721769606328 26.149505083161053 26.435804241903533 26.710050197127416 26.39442113787452 26.695215644249494 26.958060317216837 26.302814162305765 26.698884180412982
26.562204348336362 26.031599433432195 26.467688629508448 26.240425723577204 26.60576905563188 26.4813700893651 26.566138592557767 26.782481982447813 26.06474644400665 26.56617135513819 26.95859344360933 26.97500029619973 26.611121343890634 26.374708444895536 26.179827197023492
26.93033152185171 26.790345716758633 26.463470377315563 26.570615607861054 26.777043591463528 26.622417765351376 26.919810080507276 26.073708626438385 26.11380646745313 26.892559939619247 26.206458612133286 26.551570324612058 26.973974347637 26.45037421047079 26.59780651944317
26.164002971666786 26.38121809587385 26.65764176309152 26.75363759178718 26.05568574833053 26.827537047122323 26.97747350927172 26.992600841816376 26.846822471199477 26.037206330546237 26.58130658017042 26.125559037438276 26.194507327275517 26.193692016987107 26.765281518746082
26.288053320738463 26.998080933039436 26.40129317308564 26.913823292651283 26.07147455479014 26.658663821021957 26.529246384601095 26.725789041816686 26.39413455447288 26.171217992278788 26.74325507719481 26.427333903524634 26.97628094524906 26.726901467182287 26.96788194122859
26.73568573548234 26.987201824295443 26.934144791330986 26.242970401769966 26.40930844512179 26.4179170355749 26.728792506171906 26.438236193669937 26.32247263143198 26.999555499253635 26.53681680924042 26.072398232615196 26.13604150308116 26.035368528702033 26.277524202085132
26.046693021881154 26.8013190914762 26.34343141867215 26.350840658001474 26.947344746687662 26.330096346610674 26.61743692019909 26.839174605781746 26.197538797982048 26.491570768927723 26.904585425395886 26.772520579759846 26.746673445533233 26.355603111380887 26.5724289010906
26.454881637835026 26.173140853968395 26.891814644148454 26.09062659901604 26.530751291464806 26.046615513791373 26.1553172764921 26.188922403268045 26.68231116374668 26.146803848064724 26.942407414821965 26.469255220509467 26.591163261022416 26.66783653257137 26.183344606178583
26.347765432541784 26.072830989256868 26.8509606711642 26.754373569939343 26.281561697161965 26.09792654742842 26.582915736523532 26.837438909451972 26.595464329849193 26.75079626189019 26.37335427030649 26.433579301397486 26.86554290388883 26.04461980302083 26.78189411146259
26.144778602082365 26.739117136283912 26.911353333225723 26.803866173823415 26.879088574747072 26.274991953756402 26.615570220153653 26.943547722532728 26.705128863703514 26.37304885892366 26.30316767979067 26.70464843037937 26.684607550242248 26.628917786762763 26.389071102388172
26.010042204692912 26.145294994460944 26.997304499386097 26.012482482580285 26.62621496260312 26.52192362357524 26.976650835550494 26.843883013866556 26.01262496197418 26.588773622428455 26.638156306814047 26.114914051699564 26.14214854834916 26.63524544881122 26.713790926141616
26.860425000699724 26.746011223354447 26.894507954807608 26.13078143759451 26.011390241643845 26.125080018880954 26.325349967037454 26.834153664917054 26.158061830583648 26.13912015152511 26.668653299452636 26.47426623764363 26.514638229978413 26.236595343122 26.552442780890445
26.552871775404547 26.859893826432398 26.419817308857258 26.30325904228478 26.919093560530044 26.002627842187117 26.853727492740806 26.03663836786153 26.085807300821244 26.62645527749505 26.421319654490038 26.545773269885537 26.69726895728916 26.20537677309835 26.904688898776644
26.48496595845466 26.62043117318777 26.049727936689465 26.62791962271807 26.353276707120656 26.55524269509322 26.441523656690443 26.33650077617417 26.823807624250886 26.763326340631508 26.248875490762583 26.807683957411683 26.035351510883757 26.499783015946495 26.37107583387362
26.18717590924459 26.565674737229397 26.99947054391396 26.8591056833736 26.32978418792286 26.939491910186433 26.416957629823493 26.58073718145483 26.485110690133755 26.689229174036257 26.948455328680677 26.85506604476479 26.51411457767295 26.18296241994823 26.47437915889329
26.56822326166448 26.4483430107655 26.661455121076894 26.452797228006435 26.900179483433377 26.610853872081442 26.185010074820934 26.466871087663513 26.941969162901902 26.70633209091319 26.480888263905474 26.783497411161527 26.16332628206503 26.257627220924267 26.00333693939184
26.515710405073854 26.902636881296747 26.516916492690505 26.870808313644666 26.49800632176769 26.794278253953436 26.511924490022224 26.728739199539344 26.78160300908472 26.32282814273431 26.201106679785973 26.00130103551081 26.735749087179478 26.499291862936968 26.80643101697296
26.441818815614095 26.101548484474094 26.991409105160034 26.268368170566532 26.36909630587269 26.9863684979311 26.908266055626186 26.424927390905665 26.485674392396316 26.7097500636179 26.83885310158157 26.955051919046134 26.714088117049737 26.615841286930447 26.67487148229341
26.34641418431193 26.058477119842667 26.452726433120905 26.210007722022546 26.148627563062767 26.101443272344728 26.68562429117351 26.5010569967591 26.55511813497561 26.37983843212269 26.158781337634643 26.500692417198213 26.92037646423252 26.548204280734865 26.849986695047477
26.52733991048062 26.164035847616162 26.934875112298272 26.071987427662393 26.724533033925802 26.139200275881617 26.823293573695903 26.3666844388068 26.780286286058875 26.949671461114203 26.54987875091662 26.510840429347688 26.826439159565968 26.889201568644314 26.29982447162684
26.50613331166553 26.618587231278333 26.145624179570436 26.303495189012487 26.16174000108995 26.80913113999358 26.663692689511773 26.98862580628299 26.894236641726817 26.369137769468615 26.59268250794746 26.527320622822252 26.66745358595171 26.989122387623862 26.55828898913907
26.131886021565712 26.574024258655058 26.594524403765266 26.593080665862505 26.399820321080508 26.420719319227246 26.948563583221926 26.935742883768135 26.985823189690077 26.82125848484944 26.683327481671423 26.06657428105093 26.887476520443055 26.723144352291126 26.999354991518608
26.285174864221954 26.67128718976179 26.99916385337607 26.704644991587955 26.8559907690133 26.03707145735757 26.71955489796569 26.22593306967762 26.24835771716222 26.221200165409716 26.987436598990094 26.718243532635395 26.279911418409508 26.873011900760112 26.76795417226138
26.42313758118638 26.035710167923288 26.203741799077974 26.970689972304466 26.981743201193957 26.280140760076105 26.403601464293768 26.155244440871467 26.49556564008462 26.704656321873337 26.55018524395245 26.621492161044287 26.74624227704594 26.761620097669226 26.490166965569983
26.318869516638408 26.13481871183865 26.023007091263842 26.466290318180896 26.963152473562584 26.581788147073045 26.972440800161113 26.5829450143114 26.98453395362628 26.841048988324808 26.890019708846783 26.556160107835332 26.447412516402345 26.424100714471365 26.021614271445465
26.577635000039145 26.88015506794971 26.605211334593328 26.537791925002626 26.537467069185833 26.032198177542945 26.78395439616041 26.882254264334794 26.296525041123026 26.936204157653577 26.818427008809298 26.98564671398702 26.1769550971093 26.29458916946747 26.810625127712303
26.477828178533642 26.348096700779145 26.13259317845385 26.22486550950415 26.47016409348983 26.32512368745535 26.86416184683155 26.15080863493972 26.69913340475156 26.36901518829553 26.402263031566903 26.984550639775623 26.823516114082466 26.1790005931376 26.711861941111483
26.794415951884414 26.449655019263545 26.902410888323256 26.251629757690626 26.16249729903189 26.02276134707557 26.151908870804487 26.079563426201155 26.348652839225664 26.06696112204985 26.416358690644454 26.008044845518793 26.210584935455525 26.382755068924155 26.9791350680352
26.08546943462926 26.431788941289547 26.717791936558424 26.21646138793778 26.8544261351164 26.258574102727792 26.115331388745833 26.93840439576082 26.290511833247063 26.128023372931178 26.61449912068397 26.256443278676645 26.06121512965674 26.2806724341686 26.22741374805716
26.314069181370833 26.76090566863084 26.6948525372179 26.150491280347072 26.100660250131334 26.07581739701361 26.45405600844599 26.98070962951191 26.483917274219483 26.412014517354567 26.96434669382234 26.302342232124964 26.5424326648748 26.37968210567736 26.27575269568191
26.385646283725844 26.257505991187063 26.66868313764151 26.129741578242083 26.8962179988667 26.632107169301143 26.273176862398202 26.254293495361196 26.45220319921311 26.34492835596697 26.72719368851822 26.858750958455612 26.586278987886864 26.118753933821026 26.99841435051082
26.242538164297752 26.170297893550785 26.08491774872481 26.954001816122144 26.925007047529405 26.64271340272575 26.5594051377692 26.860186809683846 26.728081451538664 26.442381235084543 26.81119701199527 26.206408567812463 26.79903411489346 26.897058464730026 26.599741454557655
26.255164654882634 26.64764620120743 26.44089829959715 26.485978643553075 26.110324798813817 26.890162415965854 26.442465189968 26.180132372461195 26.769515550960314 26.54186933469309 26.11327145554054 26.479522025266203 26.580283979888566 26.380788133020882 26.93656348399802
26.6709368457987 26.75510012890684 26.116887442573166 26.807061391680566 26.624653968490403 26.11685983979913 26.84438585838546 26.60458354587335 26.190970476975323 26.044400593115846 26.5291276474998 26.237962892513824 26.92515899439975 26.666645101233375 26.088679603431043
26.290389785108367 26.613045329268076 26.71433857706234 26.95971046098645 26.273291112558635 26.546945458448935 26.079947378876213 26.915378976204437 26.153083682573826 26.010488906096207 26.059138221079543 26.294870615699544 26.25361496861497 26.97089373619635 26.45135865476247
26.737886384504872 26.856831731990738 26.54854824019663 26.182391150002957 26.978802395026687 26.82519363206344 26.436292914959765 26.87835466036457 26.248381720986227 26.35157463222025 26.07458560609405 26.86847916790768 26.355335180755585 26.505872703045302 26.053771977565738
26.42308009626237 26.57569075217016 26.592274202295307 26.910971866341292 26.643511206146044 26.064846239824128 26.457095787823167 26.21663203442317 26.31247624981661 26.625343451882294 26.794354062731543 26.60458395746888 26.185930706990103 26.31281618040319 26.184688381539377
26.189485433719984 26.66190721736487 26.543228523348866 26.07299050290908 26.63681248886648 26.49694947989708 26.07643404611847 26.141069680814248 26.00310855184253 26.25744068786448 26.494250372817778 26.563909585513336 26.34798593818351 26.490964801298187 26.565657784146808
26.451549176246957 26.034413967156798 26.181940008591255 26.197394726787383 26.37334691527714 26.580117602736042 26.916115370245855 26.50513658660665 26.237363626909644 26.900448647887714 26.320123392961015 26.908609207860998 26.95482626457312 26.791881529736976 26.765132749258697
26.053401280562408 26.258111319051512 26.545324147808167 26.02774667070779 26.79290520287153 26.76041320742732 26.649723607188363 26.58664462540566 26.425729094699037 26.84623930796106 26.64898541812241 26.500065894971073 26.877087017919237 26.264100245075657 26.34901440333131
26.35708575355877 26.53708891093125 26.356240299334065 26.73672392378162 26.62473593085456 26.024514810429164 26.704979433073046 26.169149496908055 26.823373237230985 26.231573396059073 26.60121514476691 26.618341903584223 26.354301302755793 26.623307434432352 26.147858806812383
26.016503908483436 26.47650207598374 26.91472415898695 26.999457406557283 26.035873633662188 26.88343562619487 26.929391532715176 26.708979084849744 26.959146904071527 26.566217537963137 26.655156246661743 26.403716033486955 26.648770064319322 26.16608587908987 26.2558029598868
26.044486507308736 26.007223118213 26.816920249296547 26.071888221104413 26.835792595318146 26.735453218813916 26.55767753273337 26.44964705627365 26.44931844522257 26.642906528519323 26.754960596161343 26.573783929525003 26.599129184733407 26.24014623976411 26.617537147594945
26.348123670426364 26.16415772004316 26.853833370390383 26.80747847281867 26.76751260477653 26.4920433673953 26.04388579214325 26.35668838714889 26.15502356190684 26.73811215741714 26.673920471767527 26.58294478515944 26.100432998355444 26.094266266504068 26.588622701093062
26.466177913290927 26.92910211939376 26.544775351710964 26.485474880561856 26.99356058659323 26.05480825025946 26.34944019978242 26.233317257850395 26.311087243203033 26.625736750102675 26.7993250834286 26.586501272070297 26.129670755016186 26.459757473581984 26.916231918012826
26.970935511599617 26.725386844965737 26.383274389649145 26.674315716181322 26.777113642318636 26.046347812017128 26.737350542087047 26.010717989716248 26.385252406851777 26.892788976459936 26.99547498916212 26.361820411856026 26.96895678371683 26.872302487584186 26.14925205119335
26.71269828424014 26.97636868765952 26.84875506056998 26.76145760013932 26.179579900423516 26.0715446971663 26.901277220066984 26.360320918259685 26.95859391158019 26.233847078091696 26.388814183186444 26.154555010709494 26.068813918704695 26.659421518960887 26.57607872527013
26.885571793765926 26.69358599588667 26.086374533616745 26.41834908071494 26.00148347183681 26.081351153015827 26.17405148332185 26.525406100104533 26.23690451831392 26.9056513355061 26.606856616711127 26.029005212662327 26.11323354908868 26.70373468662994 26.664344221614908
26.06363051271594 26.836007908801157 26.514151333959674 26.101850202746093 26.83688009811984 26.55908828832501 26.115958570908607 26.31972149440652 26.813682788054937 26.009844116142077 26.335630262159697 26.964240755733552 26.367648399955783 26.025175379130662 26.732491917544245
26.29963167975931 26.363205171775892 26.6351198006371 26.599479541739328 26.918070655655768 26.523779346941566 26.94895894555556 26.62324713659553 26.61341828528708 26.114123588879632 26.248150359913563 26.73612370001492 26.534424451881268 26.419002759934532 26.371077670336017
26.662147950346192 26.05444871051172 26.735796404315828 26.686523477890425 26.410384664104534 26.147277680853836 26.115179788053695 26.69593539625174 26.50095394923091 26.44240953449318 26.881896158422123 26.578968222240366 26.022680573713085 26.54821518961221 26.046734732730584
26.802450351998537 26.71599768493699 26.67767450312065 26.081180574988558 26.2498360258563 26.150715251116562 26.088925342557037 26.16780408792298 26.196369317594574 26.725490627341262 26.361651572992496 26.962308845437825 26.8545996680373 26.654314694120224 26.07037643300233
26.107259226527837 26.14555303316236 26.325054166655427 26.987015178822606 26.222859524162736 26.812776568549168 26.416066663468 26.547581475762282 26.86675874952245 26.989638979839842 26.93913205449451 26.951730014245346 26.00270655260153 26.854682681638 26.940420021050684
27.928857456441527 27.846986994925416 27.06548793352026 27.935940398186425 27.900772560012076 27.571909247903537 27.248423221195612 27.28389942100349 27.998485697967457 27.237234670952393 27.939820353118982 27.603611415772775 27.149456656902046 27.49327273651284 27.023526407297588
27.03909228571214 27.241679189064673 27.05347819241452 27.89044914562801 27.635187475800826 27.192269230680672 27.669735123007957 27.25762653236813 27.34506384018134 27.60076337874798 27.360113677283994 27.827514579083665 27.220121308981874 27.551122667593688 27.936737569051335
27.742602619148744 27.1468566822994 27.041476527403187 27.460502100518266 27.096128220984312 27.089938908365276 27.466929835971534 27.10973334181864 27.59657894637328 27.176731027531343 27.558296066378016 27.091481554616728 27.851831531722624 27.115721280774878 27.188408066167945
27.64699255065413 27.6381934684572 27.379801949112007 27.497696870387934 27.90700327046362 27.950275863909347 27.305061230881012 27.86201861339824 27.33785838545283 27.589540740379622 27.75672992363491 27.328248140528313 27.786047221271087 27.5425297430222 27.296151556721632
27.2769472973032 27.676611225338526 27.424195336813266 27.846120638029884 27.236454750043652 27.74997388121978 27.81741996419008 27.696660815693946 27.969033237684734 27.832097049536557 27.426722056305778 27.31929079250833 27.17724957928201 27.524468222381213 27.582312566810717
27.865052957873797 27.437551253579365 27.373276124129575 27.78007920504134 27.410055639402326 27.258042878249793 27.031232216045474 27.62373994614044 27.98200702293708 27.478754822764024 27.160848448749327 27.747321243535566 27.15219488071766 27.585235145942185 27.344582272215856
27.039280558434974 27.509593190089763 27.890085340223486 27.065112063552537 27.764006934330325 27.647252999603186 27.95209940840219 27.89810747361195 27.982097158405004 27.38586150394077 27.048954252299016 27.42021051426938 27.00771937089905 27.835330268576985 27.996939690157344
27.97654534341666 27.509540077719425 27.55249929005275 27.1200040509167 27.37492571723372 27.261104063082072 27.491520889691266 27.71043133001909 27.778030906251143 27.47722168448574 27.663213814073018 27.89475469716445 27.55017251473293 27.134831213393408 27.420654084793455
27.421049839036325 27.581875789063627 27.66996825676905 27.070496265234905 27.51754145116555 27.66335119983947 27.966888784201615 27.07299497104503 27.6374943315677 27.80703309906447 27.611055492035415 27.4384232381522 27.601650446549797 27.029714010489347 27.964612154850002
27.053560868492138 27.377011802581148 27.996404803041614 27.741134086746808 27.579152203478877 27.489558277042722 27.100902251949172 27.405857065576384 27.247709852497863 27.858528647223554 27.012147501650983 27.908251436629975 27.360766925289862 27.66118192602329 27.450809935678436
27.965721624945907 27.535657264885355 27.68949543499886 27.977133077146846 27.36037578008782 27.784129382810384 27.54404501599802 27.86893036276049 27.485224174514677 27.318576929546524 27.925351416553838 27.74772029441122 27.68182903644125 27.57639419160248 27.229267014315727
27.47134196459206 27.748342690580213 27.328942898124183 27.63051475305801 27.952993766692074 27.365034564612515 27.898841835967055 27.847281319916668 27.989489344717065 27.08382239007653 27.447768389565933 27.819805087738164 27.885626418063477 27.958986116289804 27.016687147254387
27.607188606670064 27.64691618467178 27.85815776436228 27.501397622497876 27.90920435269621 27.77952169755528 27.985844335843964 27.028518974762893 27.75365174297452 27.284105994980095 27.176154895846473 27.260507479887856 27.054862214504073 27.259391893032294 27.067066790464427
27.003027536073233 27.945238387503817 27.641586949482722 27.35548083999379 27.113974727298082 27.009252431684008 27.99742873271538 27.9504780541486 27.120675594663236 27.808117618025555 27.961457238624625 27.991606009610294 27.140265120699855 27.37338637110575 27.862222436159787
27.379685866264722 27.667969795188437 27.669016879439553 27.317487023422274 27.679545740454625 27.54900086275764 27.373989814847945 27.095085603748917 27.997249925575318 27.98198816271276 27.721345272687426 27.333953269272786 27.70880766797946 27.715362542389585 27.544549475918597
27.298938158672954 27.72300919888019 27.69282046135259 27.128389761252876 27.203363891503884 27.29795069936747 27.279981725939102 27.939135332030176 27.274909633592856 27.298974193407474 27.861577187650724 27.81749036905814 27.163227067143623 27.185162113809138 27.03698049122675
27.757905188373627 27.991814770090095 27.942190556399325 27.86162373768127 27.969100417484977 27.84202248008497 27.64125914888128 27.582814333587393 27.513197451927027 27.22365916268689 27.296979936930732 27.100695992588566 27.454638657636547 27.134530212563092 27.221520868366174
27.94857435518227 27.115118729408792 27.64033078887738 27.127964659672624 27.931553332569976 27.72703869736806 27.516673983065267 27.822756974843973 27.688405382757736 27.505532119652475 27.38663382167845 27.4452822722975 27.348825674182898 27.917902884676355 27.960034778867403
27.86201984668602 27.14669582828282 27.719352790161313 27.4348211249341 27.003396374677802 27.31971053353527 27.14516600972344 27.856190979820006 27.643365605964963 27.87669598979143 27.502056850180622 27.245781298890925 27.364909709618868 27.846176345161492 27.285175949831142
27.611041684679314 27.229070951394743 27.43322059941067 27.862309819473516 27.524036951950094 27.9707862585528 27.10632861283769 27.71309662717255 27.819268867219787 27.38171174908081 27.012092412758793 27.18862112982118 27.101710222575466 27.908387837647325 27.272594593147062
27.765540351343343 27.179095185182447 27.393509675609483 27.658982430627304 27.80893051884888 27.23661171317331 27.318732332636795 27.854383393523058 27.929335162407817 27.55749337476905 27.869353196829312 27.020303480075533 27.122033043771616 27.85960941871674 27.634379105082296
27.662877148328178 27.010333821919605 27.86600355454762 27.779899109798244 27.85881340895395 27.67974852250653 27.55643346175305 27.08934814957442 27.745610057838615 27.786170462392697 27.65731460244744 27.351160893996532 27.806583749266476 27.848742047789564 27.319073313424607
27.192479167885086 27.888490946241944 27.896871311754747 27.6027661308746 27.606990121630876 27.07799055787357 27.93090143389757 27.35192339409791 27.105636953317457 27.532926309782624 27.977225600115812 27.260926977757066 27.630857240185023 27.1153833122981 27.871178189459307
27.467833621472725 27.118169050094554 27.20569930999682 27.284823057933966 27.797406626791727 27.863337820580078 27.390088488179302 27.93179803241869 27.859220732710657 27.65902226730025 27.809261690621838 27.327664150163763 27.56605579507725 27.001710725660818 27.83140362908169
27.961747369270398 27.27939725392895 27.53792396005915 27.370094363694434 27.24524916489643 27.71171250454772 27.318074240217147 27.60623857245713 27.140441776982943 27.919273682828468 27.357034664919556 27.09279314423431 27.94705281516779 27.20464967422518 27.462386669411135
27.222059754225544 27.324483036389175 27.514590631141893 27.284478069181336 27.817535833512476 27.26229012226549 27.966880825377583 27.066837335059986 27.17579411421156 27.376410569194793 27.4688368875517 27.631154759571807 27.228586914233997 27.604880187057503 27.000479616225235
27.717954469194805 27.621348666463543 27.10435399874823 27.02700993169724 27.92224576726439 27.411496020381872 27.907513863542608 27.67807022296537 27.112856165313584 27.778401981020817 27.69149264946955 27.7853748226676 27.40481249620415 27.606646616414917 27.828731769781495
27.605643978284178 27.466050700483667 27.05512399133284 27.744228548619507 27.072377955346514 27.182898925075108 27.256810936807685 27.486918806871387 27.717859172367106 27.483192351459273 27.10748026213742 27.33797894647217 27.98587179427069 27.421542647521726 27.696367568471267
27.225121300747794 27.515979926765766 27.468198936012932 27.307776886132565 27.689494821714607 27.121806966609004 27.311100663311194 27.07983785370284 27.160593347258345 27.60861044263519 27.380137731637607 27.34510244972291 27.334611484994642 27.279547846275722 27.73329659680756
27.39739739934525 27.522978289027705 27.965381047789798 27.906285369519065 27.930323198922306 27.9403374419664 27.67896791392763 27.82039514368571 27.675018966662098 27.03503161398588 27.5437419194088 27.86776845279278 27.828287629626782 27.13018812794345 27.474481181320378
27.848910340299838 27.70690293075201 27.83979183737834 27.199021227214303 27.52419102597614 27.689896849406278 27.951670295529752 27.601165882817682 27.159253747206964 27.917851487150028 27.728105202644777 27.03790352179879 27.593655026192096 27.40669697228218 27.864823630085326
27.238136670374463 27.04272879108299 27.203243189320638 27.670410695929714 27.625484807451475 27.05458005914181 27.96064954346192 27.380725739475153 27.42432171595327 27.78727752789512 27.844263644512957 27.90669154488796 27.706060533942072 27.045728831608162 27.991736665279433
27.728866772583416 27.61180066712256 27.32338621312916 27.846048869726296 27.098499510283528 27.347802849753982 27.43084427797386 27.556056635048368 27.182299909899108 27.191860046060526 27.161555710967594 27.29639741092814 27.29695817829799 27.671483075553965 27.84430486899816
27.797066788428502 27.91947395830329 27.278922104768345 27.56274312076627 27.592707794327882 27.73065143538699 27.573395956457066 27.28420408818194 27.50262930685819 27.551654345518177 27.287503451045076 27.13318079428673 27.634797003066474 27.667303504964188 27.102641838138446
27.56926066082264 27.770516705005097 27.694838813403535 27.087359778403002 27.284979159284863 27.331256838697993 27.853156824609027 27.402922945371273 27.22596546893477 27.255032943052488 27.215073844790222 27.77197284311233 27.25391942605533 27.017003972581968 27.283953703493225
27.37901010920795 27.622371506169497 27.717406559398444 27.02607833910324 27.325535939597632 27.615842450971524 27.629680092077056 27.311428463405495 27.498036113933317 27.41493331999904 27.85261189524505 27.568080608716972 27.72359423344176 27.493040079489553 27.74255844584379
27.339215906211933 27.385772017457608 27.62480184081402 27.615275037622997 27.346775025030524 27.252496091460966 27.89205514579852 27.801613006882537 27.61208268447163 27.128042534321505 27.909981112254705 27.51732020215132 27.16130452776683 27.08281164144705 27.864296473937355
27.16440647565792 27.8523875745071 27.43743702124554 27.849753068293406 27.620013398144582 27.90017531903287 27.381875051217552 27.43087505010981 27.78845323017719 27.747677027483537 27.095471774416513 27.307776640421046 27.193058955806144 27.034009888589445 27.500606275282085
27.463067584358082 27.666713884958053 27.54332224366555 27.330360692533386 27.190267407510337 27.263405840076263 27.184044535405654 27.019769243053567 27.95981380268999 27.35787724537843 27.24410397404203 27.040549664627886 27.165664123862637 27.526419546940502 27.395278120542404
27.690821946339803 27.413653725073083 27.209086192683838 27.178651391345433 27.024171669627126 27.162188181548764 27.342075918171258 27.993177598041864 27.556515362791252 27.20651103942262 27.118763621420957 27.93064106329268 27.62457846076356 27.709702558617664 27.788833393014293
27.15284708121899 27.78639687420615 27.226729013261256 27.93719479320976 27.890662630844346 27.452104994785042 27.44227619752451 27.997839429295997 27.559566490220895 27.012375034412383 27.148764971221073 27.85252223607328 27.932657097649436 27.0922232911837 27.327860283395708
27.24012788813478 27.789606188072938 27.199501412682544 27.06694992162678 27.35980948618225 27.968834162109072 27.960241486515553 27.441482537845776 27.489463315897932 27.290223584022012 27.337126002323124 27.424719099560363 27.660829972597007 27.38697481860138 27.71270470197435
27.348365811699054 27.43348846310205 27.087748238055873 27.48558249408895 27.430720240614082 27.592237185401654 27.624025428332864 27.875653645753818 27.413377382903835 27.155831130360447 27.60266151246413 27.96355941977607 27.40320528567682 27.4297724948682 27.379889568314947
27.599897575812324 27.603214877913445 27.96182706105528 27.200577162758748 27.711313860525042 27.734112189399653 27.1661668291008 27.225323970689722 27.703457492420064 27.597735379284046 27.07051441204437 27.358029025578393 27.114883360109282 27.414242942467617 27.11039240643452
27.607844451121597 27.41133619355342 27.27683383892935 27.14555679775176 27.571972128839217 27.82645289420269 27.310943847024124 27.905920737489325 27.50954869727246 27.452770965659003 27.899276994703612 27.88775055071082 27.39190331470125 27.36603267746222 27.639694669465122
27.31564350293559 27.26076154040558 27.426125729116535 27.539899185424527 27.16177282883048 27.20350794648205 27.53960342845159 27.321012687597698 27.37111191837489 27.263409305464297 27.591578343867933 27.601566209853367 27.379826726543403 27.64273849951426 27.958885060506375
27.16407789130176 27.733751482964962 27.628029495970218 27.501759767881772 27.468313423578273 27.114839535818984 27.769231718837347 27.197885113092788 27.068485629360953 27.365707894555932 27.978321880095628 27.130501004888547 27.616064524791874 27.16587039615639 27.377970285281208
27.371383361147025 27.685532983953234 27.857980707591796 27.927147346013555 27.409844243483313 27.747337111150447 27.548383919124724 27.078095531270932 27.170508626374865 27.23044505370855 27.013500673006384 27.97788086855176 27.33547445930714 27.766341183034253 27.13204555717902
27.01777705105281 27.64056413114078 27.386947449175732 27.532807314016058 27.855024545472062 27.050727532226748 27.660877204387543 27.89869527996736 27.384045813726168 27.236257590289625 27.495591233760173 27.899982863302945 27.517987261468168 27.569331530203396 27.607439531379395
27.043155737639733 27.056496988859447 27.939492448585437 27.467236532017974 27.81649860140082 27.36193716917139 27.047036846691846 27.865931678502836 27.38953112419675 27.043768474677066 27.474876317549302 27.113101030917598 27.78063029547218 27.35963298646389 27.76229198482158
27.280399791146987 27.845652972542766 27.581701673871503 27.90810298212799 27.83277985672496 27.66009857712297 27.14814067936842 27.21612087636677 27.452190280169596 27.868329280546085 27.02209061878588 27.162364157635125 27.851642702945774 27.35559066787083 27.314341596869454
27.01135816367866 27.9019380545599 27.162053028407517 27.890925745152366 27.237947330143733 27.449014639826995 27.902819819904533 27.383138470472474 27.421398623159615 27.786791672797715 27.083826374881134 27.74503843848331 27.170175838420185 27.868547069447022 27.610778456067425
27.26226521819642 27.808617001990168 27.98928140941434 27.476756987529345 27.70605292797207 27.01084755293007 27.852184698103002 27.083841562967045 27.147607152070606 27.30261455844716 27.644236728724565 27.905082414576512 27.800551272020684 27.36832821314856 27.98913496767313
27.225376268989628 27.142937670392143 27.398448376358555 27.420159393203438 27.513279050400758 27.48535822631825 27.291455964970226 27.321246242345367 27.570514108967682 27.097977638934378 27.385000019704478 27.12145813968341 27.981911758690405 27.986851924851724 27.53241310729687
27.89620082731204 27.54574219785192 27.418683922341998 27.76363945634912 27.42795175434261 27.302880519040137 27.333206501671214 27.473721269223304 27.209929406394416 27.502969315946846 27.8536729048249 27.067340749857774 27.83804621888958 27.34672025787094 27.20847338100372
27.254516630396736 27.729652565414717 27.62572359744791 27.510685796662575 27.74040558994466 27.131992438540188 27.444610147492455 27.007407028261216 27.88126083227495 27.938956398061652 27.055137519365633 27.607001543279353 27.98895094443901 27.92163097670072 27.4577486310494
27.7199416138655 27.3580445430362 27.596307749308224 27.833377039036904 27.707703813027287 27.76231725349234 27.103029628950047 27.056750539127066 27.52422471771194 27.121639227008544 27.148415787654017 27.512170599660543 27.455708081602758 27.27555317324288 27.27842049220287
27.183722175777884 27.2171146677555 27.31645396961273 27.48984600514321 27.524094591286975 27.04745544569571 27.733133267308393 27.463842413800936 27.91967111972378 27.861047171154567 27.694553094950944 27.51029289684621 27.664271366678815 27.958179042236583 27.164064869390145
27.648895468963737 27.229906640847968 27.276178077325234 27.175891300375635 27.120917605020605 27.280136153602978 27.670649504674163 27.528540358897086 27.025013314092647 27.310087053047834 27.256708207012938 27.35392217183061 27.70115669768309 27.016929059828662 27.411305667925607
27.506291005817772 27.94866004200825 27.50557038785033 27.640296453434768 27.481736454121286 27.157408448764325 27.216568326127348 27.147676811870745 27.62679888751942 27.95585736426309 27.02672449379461 27.609467678195305 27.723886588106843 27.035002782127837 27.317561314121747
27.35100263268022 27.65152283253594 27.39444888817061 27.932852819323564 27.853921332357707 27.70905322586954 27.37486113486625 27.8536092725212 27.2779571498932 27.368294841870263 27.490507216835013 27.107392215156903 27.472647332823524 27.668710526426448 27.25625255861809
27.898562182325904 27.775383044007956 27.208043114236194 27.91529055786634 27.19703899153575 27.7447552808652 27.696946054797664 27.217052321769078 27.055380015110075 27.861942341928508 27.343998103413337 27.16915469572546 27.737459335343353 27.147923172985063 27.91659191563294
28.99290893640037 28.336756488899674 28.59058989287644 28.18353750317232 28.348827020833788 28.93824058326222 28.25337229444181 28.586822936760104 28.266726491245816 28.535061842019267 28.94577584268384 28.41282692322003 28.11444841823837 28.849739359114796 28.376273857022465
28.437378586011345 28.369867894145795 28.92926044865332 28.77928345221886 28.00441205476449 28.922789567406156 28.884483034294938 28.110494391775703 28.764564578251775 28.126485733896278 28.426460087069156 28.03860828159533 28.84791872407068 28.8430478061153 28.91578051198687
28.12658546573518 28.074190520690152 28.282386655553356 28.485748497982367 28.79178518277552 28.91401725100511 28.521630789642494 28.42619892073872 28.861924457677226 28.30659988867237 28.209835921839016 28.42197403656132 28.80256939788891 28.111807056455024 28.112333239775044
28.42856213613081 28.98191246113045 28.92894846397073 28.829707883344927 28.937126346124174 28.659877706687197 28.24977803247756 28.23831297759386 28.13212763414959 28.74113540148113 28.429887654429468 28.942389127037714 28.976973238626908 28.71539627063568 28.76050485003284
28.30227258671022 28.576597647161353 28.623394994185436 28.00180874502319 28.408840197125766 28.260610417800898 28.33326113941296 28.099230248769636 28.711252729538923 28.70662131236112 28.889515429766718 28.445804461935733 28.87322223310792 28.08057987986121 28.2057177171419
28.97649396800535 28.832443798567017 28.609443463215932 28.911832315751372 28.58450422009115 28.968494962956527 28.221213426478588 28.738665638411405 28.834963177104495 28.746421649529147 28.888356954943575 28.424269768672048 28.717938891851887 28.196391867264 28.09285757942162
28.760994926728916 28.23062087813284 28.11421398668996 28.39461427140353 28.06691252156785 28.907591817493135 28.92317931738377 28.42963608569291 28.061620176035902 28.028468504069856 28.724603586728993 28.79045487975806 28.85397845582262 28.12379199202606 28.182605466141844
28.148406265312925 28.50811845656276 28.572898745872397 28.538074551448698 28.665904653974984 28.444098609035382 28.541605873307294 28.227445403577317 28.2165653980258 28.750877693106055 28.242895375564647 28.293807887559904 28.18200333434111 28.34181044774368 28.5203838875685
28.021048736267563 28.626363542641876 28.766661358565553 28.052215599458336 28.996132655919357 28.46311675383979 28.409170629679483 28.052118069852796 28.110295886629647 28.823378873532555 28.745496193571068 28.204711865140442 28.84683893631954 28.210989448384325 28.316393990602055
28.713766833535423 28.571369278204273 28.186811995047417 28.074788593870842 28.764948902201585 28.43975890235955 28.263194463717074 28.810424227878872 28.40870346287775 28.96974577036904 28.409255176808202 28.42457651787259 28.85427251056036 28.284022096034995 28.068636341044407
28.930343291530463 28.432444300440082 28.52581650103674 28.873593067507134 28.18782274227343 28.032486241435276 28.972391382840254 28.30276352052264 28.548525305087505 28.647812843322903 28.927540403927846 28.37469095682404 28.779655967992475 28.775292224049245 28.561085684471543
28.095146539545933 28.866441304269774 28.804696442768325 28.48153771543527 28.78352692702292 28.549465894915045 28.207652394876934 28.9774957538574 28.592078182994836 28.744021144826515 28.289551202693044 28.54402967061518 28.501423941490707 28.30975850689188 28.503226419772933
28.52219932057301 28.82685174632965 28.991478845196024 28.83981186854231 28.423030561760964 28.802038666264234 28.735677886668018 28.61004252853804 28.78168177450734 28.120373963568074 28.002507469454912 28.00836265221341 28.19319860496332 28.408762319299544 28.139100884141126
28.21255742560183 28.51816858917977 28.48476854496443 28.357749987578174 28.413225449161985 28.11475163165133 28.905190902323092 28.37121062234778 28.090261742247893 28.352975987851245 28.75262666036315 28.277452106721807 28.057621445593874 28.597854087770436 28.8263202217777
28.857455365743185 28.282987037597785 28.30978576325397 28.404560737726854 28.05220368191249 28.255562594207465 28.90388137994384 28.528122375699958 28.01879883203036 28.723070761625987 28.53425071683184 28.31771763714028 28.830674588097345 28.948129232060705 28.02496793951466
28.183159746341282 28.583168375246775 28.244535433291045 28.756336948690503 28.907907651746743 28.39325156508071 28.445589670827342 28.43324527478327 28.499892989104843 28.54100697980336 28.129438052174482 28.311809188477877 28.388005388467793 28.790482192972465 28.880518725920435
28.641176136468005 28.013338901148323 28.748835664547286 28.601546346889837 28.789265405844496 28.11527886820409 28.975232114794107 28.907070694372795 28.764391178462386 28.044734950797437 28.434732363203317 28.9274979010053 28.619127047166742 28.250303248545404 28.807462163055895
28.431563487182075 28.528434305972304 28.677866030745122 28.10963353008776 28.035598349960264 28.17099107012714 28.200115054202374 28.060531007762492 28.409530208321097 28.410822936644067 28.34971035774243 28.638364679010955 28.812415084600044 28.175750025977152 28.568263519353586
28.307930273232998 28.994393969699793 28.85982950832779 28.90306035742751 28.474306394834908 28.487322557951593 28.53888647283545 28.584415158088625 28.819357733742194 28.572922644061187 28.781390377130688 28.19877482369927 28.311601586017733 28.76515554890803 28.861347977297612
28.236167712655227 28.845035408709133 28.47261978468209 28.735548357448334 28.63531886928507 28.65881065917263 28.61712648689539 28.234408816346875 28.57572987136267 28.917178368605445 28.376207542143085 28.533835368003395 28.173247487522396 28.087920629842127 28.89016334765163
28.124924972118055 28.924123032509428 28.047520707231094 28.72835836583187 28.179001115204954 28.712289428268353 28.16261458974503 28.144824127333735 28.417388196228114 28.945561156009877 28.949804871509638 28.669831387499855 28.3384942704074 28.918687245209885 28.299707477641608
28.381944084708007 28.929185818181864 28.81466525475964 28.666140692691883 28.28416976044603 28.793102333152216 28.850450075927476 28.067654819943595 28.568172421741036 28.96547227573198 28.949168321545137 28.22614025796599 28.192115499848462 28.552156480509538 28.9781751684475
28.676040321159274 28.12055415276218 28.73005875112917 28.030767653318883 28.217734824801962 28.778897598628568 28.57670755734988 28.449094618778364 28.659948769134616 28.76031376545985 28.6587271072085 28.28678001846879 28.398580311909186 28.58955022513881 28.302079470409975
28.69200328101155 28.013130515160334 28.39599672935623 28.991374395488986 28.255256442638565 28.726957174254323 28.67741657589336 28.401206416654674 28.710724530549612 28.273863479815695 28.946125075043078 28.149394197287776 28.5062127516314 28.441071426986163 28.940995390797962
28.48015982881917 28.663769536568335 28.31741951831374 28.261523599012165 28.734700958267208 28.041632073259294 28.06566249905484 28.734285815857277 28.647271789008467 28.577846999946622 28.859040656634498 28.55747262679039 28.216803808384093 28.34689548882442 28.474824733526177
28.285786987516666 28.14726063677625 28.29287894571615 28.921332114167136 28.015843553936946 28.624335707284626 28.316297252161547 28.38994835693947 28.711308865532192 28.501765425702388 28.986179295296292 28.769977944522708 28.46737373091194 28.807444623181016 28.52530064026815
28.941686414334626 28.65575009992997 28.847695200760512 28.873451172644796 28.07168577065415 28.31423675491166 28.08745263740734 28.572190860901802 28.174853738166043 28.84899966011435 28.414799608933826 28.934259379017128 28.27826658750616 28.103064205688675 28.360189466623844
28.46178111842434 28.625164350871643 28.111118078741274 28.333866837722262 28.759634176729467 28.490756324398546 28.408575581355922 28.96940645132948 28.253828211118375 28.346713630084757 28.5919548670529 28.21695528224058 28.869462689958326 28.307485043508066 28.937972225323875
28.916677465398877 28.44881376870616 28.01911100295792 28.280358051147427 28.20106515161721 28.097324189631745 28.40999996746346 28.016251620390264 28.22419277295185 28.833747629956356 28.013170176589096 28.068132452935448 28.39665625893135 28.890425324575837 28.890749158642418
28.862598534035445 28.516852339425768 28.760649133832505 28.544062440051402 28.90390252369567 28.93241825755211 28.62229196085237 28.57643132047891 28.318008861951757 28.140064585905858 28.08036326365298 28.290839799147744 28.82203645083894 28.037699679875967 28.265873341273945
28.850918521017853 28.934302795420866 28.37965702652864 28.204367201649493 28.111233829568594 28.88178735324395 28.854001601742077 28.02471523448297 28.731657957226016 28.584683271326217 28.600304934475723 28.01722404712931 28.730636733902987 28.301808129311436 28.916942936722155
28.769858284769914 28.203458837589896 28.00599618885358 28.368884424219097 28.61233968031141 28.534170883061638 28.325195989166986 28.500102714177967 28.380117405002636 28.063570970895995 28.93284849322778 28.879155909270636 28.07367905565513 28.84075273896641 28.600223183005276
28.26214653154762 28.33339916144967 28.781960863052742 28.73374034976832 28.244184568966112 28.776098346335786 28.288057908451655 28.11190983034598 28.888642422995 28.146712597988543 28.13069200670706 28.709367858789268 28.47290379098702 28.92694896291553 28.207293128374058
28.949595384545844 28.66997343174106 28.512530485734928 28.586315381581677 28.463252393065076 28.197227917676674 28.321609756105172 28.11668177541435 28.445664927909913 28.206752225068882 28.22915676595861 28.759176395800708 28.004852688012743 28.4661205832289 28.535603851348352
28.7125689166343 28.47058637726093 28.684144584835845 28.272756583726274 28.35354460650462 28.49531639961133 28.173024902750516 28.025956089847664 28.987052308007936 28.919415056080187 28.4065078947957 28.608705253831722 28.41247250217617 28.79602673121804 28.933061673616056
28.864447337499584 28.351045424045555 28.67492173543065 28.533750645450596 28.589912221177453 28.85128952851618 28.230100985862883 28.476401842665368 28.07542234416299 28.8916789480812 28.582500622127373 28.210819502419085 28.039776483828117 28.533637528532132 28.216996905951472
28.87421974983982 28.800806692021766 28.142946903199785 28.222013225002613 28.531720040996376 28.367429473844425 28.393953994745186 28.690383187571364 28.16363291752001 28.76498976133547 28.99850356280184 28.51172445107083 28.029477402320296 28.312921931173392 28.360309371233857
28.459430396409978 28.188035127128714 28.762229483306584 28.645517611354723 28.429487495740368 28.633443174984933 28.170010773154 28.08150451284736 28.92367859052311 28.71922861931716 28.139235443279762 28.648489567668406 28.38633318597296 28.285354675558963 28.58420233845197
28.71233475537363 28.801637809906833 28.1777620475397 28.495586349870926 28.561938993398744 28.03762075031974 28.655552998905925 28.273708268753083 28.26092663693983 28.783277715760065 28.51788017779717 28.074638291680433 28.700867327752967 28.566905399063568 28.650765855301195
28.27097017606069 28.252053731880952 28.266562710753966 28.093491539670843 28.567579983452767 28.947903176574105 28.727679934265375 28.654861796210973 28.53240945578446 28.710337585200232 28.588188622029747 28.571560565319707 28.303291147665497 28.726035695613454 28.17814570588912
28.693981719068145 28.014058400916525 28.717240320615684 28.408677375098627 28.209330220397288 28.04666047927906 28.515842739705562 28.89416994753866 28.967454141151606 28.560728984932712 28.045754917767084 28.161985822321864 28.06178144749392 28.878019212970294 28.54611991684371
28.695585202861793 28.435900423476575 28.206375416560906 28.626699441005076 28.72978483376967 28.93573565702865 28.876346807636494 28.536816660076912 28.170987302460073 28.407936174032162 28.733306781900186 28.850521654920943 28.750565358029345 28.157006548943798 28.578904700437654
28.62318577660131 28.536188205856735 28.316875018724282 28.58790619740776 28.95852006316956 28.223727046671254 28.467007641687392 28.439954652614293 28.84005256461524 28.211479833085196 28.128841185427046 28.500512349653082 28.027387604578454 28.318806231899533 28.61522127774643
28.761217736206078 28.79510987535452 28.15286516319751 28.07369693303848 28.40711998691717 28.300984646592454 28.549999409889598 28.463936085713243 28.816730387051013 28.410145218327724 28.222412895618668 28.640191278394347 28.520555439702235 28.873246846945175 28.726138013510944
28.671658481883348 28.144753550838825 28.85910630951983 28.13289183988736 28.02673600078181 28.648783727779055 28.976134829080713 28.336271588062285 28.27160485609096 28.229391414653364 28.081911242540343 28.75184150107249 28.489215503566587 28.10800281674707 28.37653150298702
28.281014684330867 28.71168056867296 28.044575832734115 28.50290951112091 28.80023475073453 28.277236535027118 28.828182259737588 28.635993343664992 28.109814455943194 28.172351993485535 28.183072663220226 28.83290015979612 28.230889102875068 28.10022404243552 28.498701422156532
28.23726194318258 28.174294789409018 28.228817860524146 28.54316643008082 28.083613343326547 28.821782864723357 28.314769675568986 28.851744458041903 28.831442155988395 28.357833365229975 28.173886215027427 28.795679370532884 28.173561534444826 28.769432197515297 28.274638714502444
28.43110763081323 28.109752892663895 28.291527858454355 28.567963134857013 28.103981244897597 28.754166504021615 28.317485528477146 28.534842168834174 28.444075662700357 28.053756933942672 28.21670762489529 28.832559545385557 28.819646140559716 28.13506855910145 28.705691505631574
28.851179860448088 28.54402298130036 28.567976095847353 28.90414693983283 28.95372243014718 28.12641241601291 28.437524066047718 28.974396690769115 28.166661155007944 28.641396495395906 28.748797737793122 28.290136276978245 28.611796381601877 28.85510220292015 28.354797692092728
28.409729308862595 28.026209191540183 28.090735910044828 28.293579130772788 28.73956756786109 28.303922229852272 28.94215664942497 28.14845542978503 28.66462531632276 28.111055297652328 28.851387758588825 28.80385584883583 28.096190085879634 28.275678552103304 28.254442972465412
28.759464770574716 28.840852920108194 28.83422922367684 28.46956983959392 28.986560335897884 28.93019282811995 28.32827264424104 28.75298995681187 28.163008352799146 28.067192026154554 28.188552248365806 28.979441647774703 28.007157056962207 28.64326982311735 28.81768691378332
28.21830778231618 28.3459171001326 28.358924562871746 28.288538647865295 28.070837658278336 28.49860027403097 28.34132475175568 28.412187163819816 28.009948571223944 28.53562933222446 28.793792165624616 28.297612260219857 28.121319284348356 28.980020997348863 28.634970750684435
28.42459895816211 28.582963976621723 28.55958203495276 28.289577428716093 28.68204419592949 28.940202136776254 28.68904910010284 28.77798198661502 28.785758306353465 28.733916002705445 28.463940317532337 28.51846486061111 28.983018046829937 28.32221436790795 28.08167688645016
28.803853280658018 28.975542821505933 28.799097191677077 28.77057171329096 28.74333796498706 28.54822866617043 28.7584429148777 28.503570555483954 28.5706236036529 28.477889850384802 28.277616598923967 28.001171343902108 28.611168531194984 28.91442099881958 28.902223238571978
28.786735441226572 28.87412016123646 28.57620746793776 28.60200780304659 28.347444000390748 28.18865447476099 28.782275071726392 28.637629514556917 28.775441836338345 28.039779224877357 28.555585051755493 28.029015022211794 28.61624989830823 28.775262542480007 28.775043467105014
28.848220954428317 28.035316959257102 28.653199600608765 28.62820914239674 28.873213799464153 28.82861976551193 28.27883191725755 28.42234732141488 28.2337007444311 28.24951001401707 28.339585510084582 28.148391312514978 28.556122321021945 28.101546101902127 28.188895223516198
28.06053750788101 28.7721439280078 28.055835895011914 28.752234768240633 28.93361407109474 28.193459822739737 28.691456321705754 28.432872960871844 28.591026844460504 28.67545024973642 28.328804523203488 28.18022862240449 28.7580009669413 28.693208037005427 28.32827441649393
28.650297904149276 28.287999754031894 28.93567848848285 28.160441403293927 28.435479591620613 28.334617446722817 28.58713235132055 28.218977214601303 28.670225296276524 28.096905717902356 28.809918334481136 28.043806008383008 28.929293246351463 28.353008356037225 28.068418519073006
28.34955148025332 28.226985528589736 28.115142494924058 28.84135601779179 28.013114304334817 28.09860073670779 28.38837861645132 28.95808136278295 28.964258188839825 28.199435231945507 28.19633582729419 28.26419018243571 28.744371312570415 28.59201764429031 28.74882316814985
28.57280174991535 28.35111016948702 28.908863227303318 28.8696211657457 28.8900540273894 28.87042032898436 28.875885913641962 28.577012509976484 28.71684800586845 28.312469369409776 28.260707460340665 28.01533451518296 28.82360005227682 28.014314824361687 28.170454997186457
28.772740023362008 28.270738081484456 28.949670042955102 28.765239286807148 28.988517881315268 28.604903674812718 28.294919427926313 28.876358261847145 28.552737389569856 28.099298691845885 28.640573888850682 28.72237118102601 28.1316461883744 28.626341946074156 28.308645997045755
28.901541141399232 28.714164309106046 28.25177757234042 28.33896389305473 28.105744375810513 28.867981424140638 28.921603533797416 28.8412314950981 28.54879720940923 28.91817878056962 28.6766653742316 28.574682446235713 28.93125236464249 28.81696053218619 28.674486460547378
29.81346318133721 29.87406835134085 29.559994229747026 29.92388318925598 29.783420634839164 29.145156915941577 29.62302333655164 29.04513952108739 29.214758319049803 29.675665426748104 29.04182964936895 29.55699205412067 29.845064431232316 29.316952358909102 29.43928656427892
29.16140387324729 29.028503645070142 29.5245655181784 29.51515916699297 29.248080700093436 29.959504421113504 29.672134842929154 29.257470347874012 29.372911076794942 29.403061724989527 29.495942105552317 29.40866694066017 29.777987637788957 29.238815069348536 29.250032605682335
29.525483325276937 29.1155934711118 29.572349861809446 29.512084478709745 29.308314254274542 29.414514311729985 29.644709961255288 29.221853482568115 29.744072935479046 29.984263724971548 29.279898019273894 29.456862421415202 29.005924213164363 29.39128482619107 29.150179027949296
29.65410589375699 29.983946557978623 29.860919173550748 29.710292090731386 29.471892695578912 29.782691202347088 29.459909118464736 29.25421421512338 29.252549787337525 29.514770354985103 29.196427738717667 29.18190860968375 29.09456330683234 29.244020589913266 29.73810556534545
29.228529954051346 29.871833484306773 29.98745171043214 29.793251323399726 29.104847180718124 29.148072087665373 29.272105383565634 29.32643928057305 29.72518417148246 29.82597277720939 29.861111640422024 29.686863110997262 29.957967017551933 29.54363548240631 29.91264598583058
29.416332454109522 29.624006681504483 29.284828742263933 29.01615330012967 29.973514891612044 29.288933591215727 29.405024211812837 29.26211915248107 29.86200280472618 29.24874095681232 29.291740162296207 29.744833088448615 29.682010823706506 29.9911819613682 29.17558164940116
29.67200260516207 29.438986608533867 29.330805340149084 29.187467012867685 29.560740333846198 29.03714371570924 29.361702682009614 29.61788156492962 29.836361425109274 29.261902382383873 29.34958029685364 29.475601348503012 29.51859189134694 29.712450228732106 29.69355684713729
29.86618104481232 29.5792025522923 29.084111602815735 29.128127821435523 29.414601586919222 29.985748088596786 29.91994110726626 29.407026309170437 29.941825282131983 29.408003539224932 29.45193262143601 29.81324902541654 29.871606654820614 29.056855956046448 29.434462831571892
29.97330540472 29.391760127983876 29.149821906125275 29.936063911535065 29.618786622857087 29.223186104920543 29.053026201558183 29.900346776277214 29.13464057070812 29.96030895525907 29.23639128392133 29.912873365619486 29.96107800553023 29.338182630501226 29.796950155047004
29.018002291253204 29.174823671322766 29.454369719148264 29.454610758840076 29.61820923477476 29.865465735920356 29.927803020117565 29.605362867789083 29.45810984143378 29.243945888198674 29.21218886233198 29.228833284700606 29.44638946678879 29.77277117236123 29.798113896799684
29.19025865906359 29.601070554592624 29.991318016662067 29.835868060897088 29.75135986722203 29.717025473535067 29.124637927830285 29.79009851532825 29.91026536181598 29.449368246691137 29.010463327526097 29.09776018327395 29.52754551312655 29.38233658535722 29.356651003373926
29.44243093958545 29.063583552558352 29.31050040046859 29.85008976859715 29.180910480585936 29.15192320876424 29.397611588032223 29.178138215724307 29.662123508477293 29.163896845831577 29.09813427864769 29.59494707678313 29.66369973088284 29.381752211612483 29.72747336908594
29.267559991050295 29.938204396717847 29.390659784313975 29.349144133336544 29.270475716524768 29.908845035275 29.824396986431868 29.210603046686558 29.762393630313053 29.88358097780538 29.655169352747127 29.304186445508872 29.575153312298756 29.766914861779807 29.80494289806817
29.755579943165746 29.17241864716017 29.140245519809554 29.97382631148751 29.64946853774531 29.694445185439886 29.754514578789735 29.230454880923464 29.59049327720415 29.595309142267773 29.932979524796654 29.089993026055083 29.767367620777467 29.200265206923326 29.117298500278935
29.5172856962749 29.53898246572231 29.36343952449184 29.806712743323114 29.535853414792744 29.593556101305335 29.289853062264257 29.43796500503243 29.89783940886836 29.545361440127028 29.500809952520143 29.33269322697839 29.57568174316189 29.428289339911807 29.867974251934648
29.699390610453964 29.67319696963698 29.921484084021085 29.618997576418025 29.8186247260789 29.72192640087806 29.299512543361633 29.22634928853283 29.963059719698723 29.228009692433908 29.03800642799438 29.131039960209964 29.307927594328437 29.765514772013677 29.725442421315087
29.32421781060868 29.072945751323623 29.874067116748623 29.43270212000847 29.912156831945477 29.403279500096147 29.511785550338736 29.97428046310695 29.923944558667735 29.045000407454296 29.838945424275693 29.55848730618155 29.786216490237116 29.69959205397347 29.663454840994433
29.168713710490263 29.0855728662019 29.05240699082712 29.966142640534972 29.643811388331713 29.466853170181377 29.86157992793261 29.542022095296797 29.83285933810315 29.774232231290394 29.166754072220034 29.94310703528138 29.388069621722206 29.832141317670676 29.631078359681034
29.58902237622749 29.72930938694464 29.58430615060987 29.265286007226358 29.123564528220065 29.464693967212504 29.661733499690264 29.29926540146779 29.838530830045503 29.083931776353285 29.834266446121195 29.7643861941034 29.260552132163326 29.05457840712802 29.21536783255302
29.428945440235477 29.802326092544885 29.546084066434464 29.536080363129365 29.08944953439715 29.716562755857353 29.882495027293537 29.281651141575942 29.862049715074317 29.459118527744014 29.48189589526441 29.99309664763237 29.041300338252213 29.967208301757598 29.479157022389206
29.576024590968057 29.297510560037825 29.2892496475519 29.448276614970894 29.030316829501327 29.469311890239027 29.464807163291834 29.6415849941294 29.61681733433186 29.974665344145656 29.546269005077825 29.945304177678555 29.110958135474554 29.91138385055234 29.178301961654338
29.314432602565613 29.45829502140559 29.247346516258222 29.20679478346991 29.794651817770525 29.84321410204579 29.110933908578676 29.375914543091657 29.364928036871383 29.909609165933837 29.08381383840735 29.29006420158561 29.74170830578281 29.631119111063462 29.571059826433835
29.46694359243569 29.974087447866758 29.118553457785175 29.7776852674216 29.488580442667438 29.12904858115343 29.473423268298525 29.55602807340131 29.96911195089976 29.616856592573406 29.64903371710829 29.405022501375292 29.30126154932402 29.738910472087564 29.164383780742572
29.200245479445382 29.917869224861363 29.853836915014345 29.43115728307264 29.812727702854005 29.110498445475354 29.152334257606633 29.400379021925712 29.634869907563996 29.284056319161934 29.407252395505736 29.21284836362185 29.173407348510285 29.89452765522208 29.22262081729547
29.546251761390888 29.29221649981512 29.21633808514428 29.24381338520415 29.39189547406187 29.3918597690564 29.51652518639375 29.510765205771854 29.065287382535693 29.798115504232282 29.174810217769124 29.63713358679338 29.35733736425232 29.898342321717337 29.781828139663073
29.780521181325796 29.866733855531013 29.11237793198908 29.27218665908668 29.432356584338763 29.71909337595856 29.613774736939103 29.70468962436204 29.900753697116148 29.07476934168154 29.827525536316244 29.388974007483114 29.98564809064363 29.05474486110078 29.122034663331956
29.675973906965375 29.752734996130666 29.97282384576031 29.785941071958298 29.87903878019587 29.501210099069002 29.052373609908372 29.33450176637904 29.473197574542837 29.990040953218635 29.12716105345255 29.42559528942051 29.931974110474133 29.73847335402037 29.178363793055937
29.18200665075927 29.30432331877097 29.74870361087596 29.94362674808929 29.514506779255427 29.908672091956873 29.312124170600395 29.2490733593386 29.119340760649255 29.326712234564365 29.655276499937848 29.161470025762366 29.18409106848556 29.216507643839513 29.057622144291308
29.535281430215928 29.477483565105995 29.332641097356166 29.73046866950716 29.038143248515883 29.421555002455136 29.540540847009193 29.18486469920946 29.278317833947764 29.948703354258488 29.542790952672032 29.036003831009086 29.2289877221156 29.43149285146044 29.497143229838926
29.192654829531204 29.746780881067032 29.73968778204663 29.69911299773957 29.162360920679827 29.615710315384895 29.526840421320745 29.026454827160702 29.766628541426225 29.21274999329943 29.177860339674577 29.898478245239698 29.9050521501038 29.587558357786154 29.45934312295167
29.09007803500022 29.133297701896886 29.476398997102365 29.806039305298764 29.858517075601746 29.727095065173895 29.5290981439949 29.349694615379068 29.490414466195162 29.592865107333548 29.817916626877867 29.250595108248675 29.557055041288937 29.855334526627114 29.518503927660106
29.62750202940935 29.878051164755757 29.203467649547825 29.505640458813765 29.398262467036066 29.436551036926588 29.108271125079533 29.490263351496186 29.64123415542638 29.26360239154016 29.83950402701521 29.23931042552705 29.666763574726765 29.614944221071482 29.803052249186692
29.366205562600758 29.848308714289466 29.600413212443545 29.096703095155906 29.157348184617856 29.404398728183732 29.794315870529935 29.33928183556569 29.908758429530288 29.745475176759097 29.25453112402513 29.766589281033593 29.287068632868902 29.703760190467765 29.8087723965608
29.30730539908462 29.300340953565463 29.949649034358032 29.42835207443193 29.853001119047978 29.566729861550666 29.16472604798293 29.00295578582735 29.218626320001608 29.70279729814899 29.0893541584577 29.854347002784742 29.353319400056158 29.81832765830257 29.391890172028095
29.882587851896456 29.206109695986434 29.300778327762046 29.416929306959844 29.325275083521827 29.27706089364108 29.300040903204533 29.26158420442608 29.728454299378704 29.291630160190056 29.582977385695816 29.30165488637206 29.877290357659305 29.624494113610332 29.717234135872488
29.2436482654876 29.11523497905728 29.068819608316666 29.865126283940757 29.013956572539506 29.692347274362053 29.297933332312795 29.82092348473008 29.313106490246067 29.52658668627651 29.898571526436115 29.30865770565882 29.46084169666586 29.03631210045565 29.168367008382525
29.97261216823489 29.23690339831643 29.5078845903653 29.964957676226895 29.93894034363853 29.782724873225877 29.79918598204341 29.770077004860767 29.30440196037703 29.270857747206477 29.048028565409965 29.789213732529994 29.416993250869652 29.971799007370585 29.453846220978352
29.345904635645592 29.353286718469878 29.551989792477464 29.131720800724302 29.049450129092623 29.568585227448413 29.92210794236072 29.49971170681627 29.21582023759504 29.298534373001207 29.721378418317876 29.65362081977039 29.803743925071235 29.92462578700528 29.571477041091565
29.707738970142266 29.691451777242026 29.18106345521286 29.562704292895237 29.135784084712313 29.464268700681476 29.77675389194472 29.04545801439887 29.733155162975304 29.009229629031157 29.733720495121993 29.691635132070214 29.9397907549405 29.12011797418949 29.502030695215048
29.963443895328275 29.912333903151957 29.00480298188164 29.701364671125734 29.581209888939497 29.91497041167046 29.056478798454933 29.160642440644985 29.317111001049096 29.310220608768894 29.501384631006815 29.779665723527444 29.4583772598878 29.67412942871231 29.567811811531104
29.62052010974228 29.581343654935065 29.33471334154157 29.63468030469851 29.5515215801816 29.85684561518804 29.938186883471264 29.41269375133204 29.712781452900956 29.967797921896977 29.484405434981504 29.58705848579462 29.05000166934257 29.861399931094596 29.64112541260398
29.507978880235296 29.171902432496786 29.981261045911268 29.04609621682217 29.45361745123281 29.82672271809159 29.328842496192586 29.736663420481 29.70993548609247 29.364523559355373 29.68896235854175 29.808476004738374 29.212805362748842 29.654562556941823 29.620713199916
29.898054545691327 29.78001374905405 29.06079794890678 29.362992131331687 29.108391841251265 29.024249930956827 29.2436187662487 29.63294597483203 29.55242089059684 29.882901267340415 29.752187167106925 29.40598455064534 29.776099722180874 29.32645376154132 29.59931819911547
29.15761749117702 29.94102619484411 29.214522255694174 29.269610820721745 29.72022125058328 29.795910253924852 29.457011659929382 29.9015834788137 29.861944399569932 29.14689521197223 29.607636985317107 29.70585664005723 29.9303113217803 29.748633337463033 29.768006219239467
29.03396310890567 29.419685302345094 29.281185537079296 29.212697560983298 29.896157090687694 29.119604343468918 29.352228598299785 29.459237766709474 29.141630958812282 29.580103861188892 29.26971801802641 29.60161625395444 29.960838479954383 29.990492572684108 29.667067570025647
29.601945164764192 29.847161830068636 29.20964910976344 29.93107228871445 29.892102717356867 29.663949332394317 29.60875847291384 29.782213896224768 29.07567353447398 29.002989096978926 29.591509311946602 29.28765332594444 29.74022623559113 29.591773888112726 29.142123947039078
29.049127923488143 29.39094510699218 29.109450583020394 29.518195590833724 29.301135575847407 29.29885940148883 29.4051371629829 29.253157509021808 29.179201883203923 29.62038978481317 29.77732934471083 29.962311736185555 29.47369064825206 29.4896593206335 29.669407655654727
29.05669555801916 29.771531774114486 29.91099105964508 29.86379506980397 29.3606660503893 29.006405057920965 29.186242773813145 29.01610422221219 29.801934145844342 29.087332359378333 29.300104338125585 29.160652709373192 29.796881901387664 29.45629415258459 29.156211310361357
29.64001309170238 29.68934725989139 29.137401635995705 29.807903135910305 29.76380459454022 29.617663073610732 29.083318371427783 29.859682830014496 29.385721357111755 29.48258819870902 29.399040557036646 29.02890987098728 29.502831964505297 29.267870026572076 29.32880829433296
29.45198572289938 29.927473384398823 29.825529920779555 29.728834863719243 29.695267484156826 29.059602521713977 29.37956356194584 29.11670466278754 29.588171819805194 29.796256034574675 29.424601040545706 29.287704830128572 29.93440785012044 29.65481011218027 29.40017194173094
29.919019467681448 29.877004453322037 29.258019208495774 29.506573151075557 29.54462936784212 29.19377352749305 29.431352737019477 29.2949378316593 29.776924590375934 29.0820779341539 29.296937959537786 29.211956423079986 29.675450688132983 29.055248908039808 29.913455209277217
29.108801313619953 29.718874099720257 29.417724527121653 29.207622348538642 29.83415906281534 29.923165782752115 29.411957231495315 29.17044266955854 29.42287506558439 29.267166445528208 29.53736531312022 29.5501811148163 29.064567407222235 29.736110928411478 29.73007932510084
29.56407126709313 29.990668258278777 29.974352911961386 29.061961222711172 29.47204592624529 29.653702499603625 29.750445677135062 29.36835085459238 29.208322227191005 29.089215051021725 29.18089848937482 29.746220277437672 29.65046182771205 29.14860970812617 29.93334214271888
29.177893804214047 29.520565499966015 29.370264213621308 29.435501416313087 29.63021749590634 29.359550643482567 29.616637386910217 29.453286291335996 29.855038845829835 29.49299932304029 29.246686062223915 29.269477676872526 29.774083761493245 29.415853288078473 29.51576108983843
29.093897352001548 29.769794575478493 29.563271855854023 29.09925288583139 29.266616682765754 29.4234194903205 29.006257301610862 29.12160929959538 29.27767128752405 29.242620001773112 29.21319135985471 29.83894910353297 29.619914447656004 29.703090029659936 29.652216078258007
29.17134715971647 29.01605507495721 29.492156569964028 29.674430732013054 29.6099676346424 29.616590371338702 29.18705836464001 29.814165604647357 29.63457438822532 29.352257728728016 29.726575830395007 29.37013318631455 29.668548326905952 29.74279399349186 29.941911743037526
29.890045303487867 29.77139343595487 29.113204390772207 29.101199072424336 29.971324898124532 29.722815051631507 29.349407991034926 29.891738503835434 29.61182922389615 29.88780456732026 29.037039666722094 29.515045263508796 29.19704113040425 29.268767646180653 29.070353547849656
29.602011041325426 29.09397358516662 29.448583516856772 29.592586554829534 29.468963398455216 29.737071857841418 29.707584709176903 29.434804437957876 29.8301317045267 29.037687116594746 29.457798719665913 29.057167392538165 29.458005546383575 29.92623344512571 29.279393838653867
29.364716062668396 29.440297124115354 29.844930535379827 29.267123567917206 29.66919254898962 29.62069697607784 29.049072238970446 29.098665311045984 29.49907570083159 29.530337952900275 29.6460510315216 29.222100549987726 29.921923578950338 29.61785938649817 29.403906816375475
29.826385590079916 29.536280115856293 29.868189877118425 29.49495848171672 29.80651317887243 29.314817110336165 29.963643660383568 29.50511456246795 29.764166909338375 29.03604696489213 29.985652117175636 29.235749328224692 29.19502223117111 29.12885517499296 29.281428368884278
29.0525693278666 29.405449012080684 29.372266042073168 29.52708993820743 29.794684375322674 29.374222255439122 29.04226896271554 29.207240214185084 29.547136174182373 29.728949552862208 29.77819682357772 29.700737113414522 29.90142702791464 29.242274744547895 29.653061745416093
29.913352645509303 29.681129488214363 29.769519266888622 29.675418309147343 29.930254838195818 29.493447874736944 29.34727432572304 29.22473725852039 29.474719096234953 29.882640629916175 29.25155807637107 29.72793778428206 29.054203239199165 29.307502133275328 29.174504057432323
30.221640128418564 30.550896772039167 30.642641655461986 30.320148589995465 30.31286420718213 30.67108156653076 30.41208592589055 30.142736060131487 30.45031420836564 30.10611751975862 30.50377098991468 30.655063112617935 30.349053105423785 30.477593772037075 30.684778105433324
30.719733935118562 30.87328522539411 30.14016192294895 30.839707583374903 30.502800405232787 30.675128693889814 30.69779516701938 30.48837329437204 30.31711295263551 30.411674114723773 30.652692744048977 30.80403970078476 30.41180851349068 30.418289748765133 30.950776810140617
30.049712773757513 30.8747146497324 30.303047064251576 30.31370428381578 30.077534394977327 30.70604982285706 30.04530552281293 30.15454377337024 30.29511953424874 30.294651424152143 30.83090860835368 30.56274354696847 30.292714491148583 30.982064785348314 30.037107648145607
30.313743392834283 30.146343283608292 30.135178249038717 30.49224414375986 30.10955971765147 30.26464852884575 30.164690274770074 30.378384721488132 30.288899898285464 30.53092222208027 30.22454696806709 30.919517960863256 30.058838079524342 30.406860675913315 30.906589052648062
30.303585302081114 30.894811773929792 30.610867432213485 30.1049998562135 30.12353302166459 30.13167465312087 30.96126626165636 30.36674648804036 30.990736128979943 30.92576777493784 30.983576299662005 30.467058702976335 30.873558942792265 30.706447841746773 30.921039623287445
30.65309094636627 30.14448139965602 30.955238123740518 30.8588812213077 30.984265291153132 30.281134154027182 30.65174327660228 30.77532020348939 30.46439368496694 30.659749402566362 30.0076971457137 30.466139801170062 30.208530131480902 30.90394869822428 30.17398805554136
30.454663436697956 30.71660508031473 30.807452993798115 30.45023329465675 30.19527269359037 30.436245005870262 30.93621391873104 30.15245087162779 30.106142250178106 30.188782957531327 30.63363000928857 30.701603222550094 30.225655718838617 30.705316157188967 30.30192500100616
30.684264024733988 30.577006008070448 30.473769511855483 30.513429692945316 30.60638591105217 30.64677189654019 30.333274132810658 30.717423039221696 30.812123596276127 30.73580258292052 30.768773032304587 30.051351790960624 30.571892975328414 30.324530253038684 30.65661630777114
30.039662602002398 30.657324145409802 30.00987022640538 30.29101062659832 30.769144161676724 30.815491805873222 30.0171572343564 30.881538921762495 30.46659107320485 30.430784229131497 30.768105169639224 30.353568209742686 30.272765469339728 30.319997442850678 30.494567171086945
30.206214216223035 30.406046092067417 30.044718739531806 30.427911498112685 30.386634126706003 30.839818922857454 30.3447895133388 30.665118021762282 30.62476936419241 30.07957728667716 30.297614502206525 30.41523926890046 30.43926247041947 30.618863590646093 30.59031059538976
30.963658535554842 30.073123382686877 30.177598692140013 30.855165449446606 30.356617377938978 30.946822428281024 30.882009349538535 30.363602153026296 30.504773262022685 30.826838042261226 30.132277756827705 30.49982338753004 30.1320873014709 30.799289994066502 30.02220170826657
30.342534279426854 30.75513155620892 30.311139283887343 30.82456761866039 30.371620768594127 30.66794373517056 30.995538147458944 30.23660297327178 30.786385578684236 30.72884671623078 30.73326525467341 30.79178863675481 30.17292176208273 30.59818902245683 30.418781845550537
30.087475691883483 30.2904293712362 30.959751841253745 30.19729740549856 30.25216542081277 30.55975774567431 30.17360680691164 30.518333995583273 30.381974952377348 30.43218259060574 30.754498196808825 30.211630426810817 30.5127257980651 30.192403413827797 30.047361837563646
30.932828850140435 30.062255468502343 30.906973340482608 30.48038275730487 30.749237964852053 30.576967714276734 30.167850093238687 30.816031771737116 30.34006874818574 30.047299901329804 30.00048369585062 30.89181104797002 30.270889708293254 30.018700605485662 30.806832083362778
30.44497740503663 30.06865082942682 30.2178747557943 30.495923873654593 30.74930118866445 30.371476556575864 30.438467169926152 30.018062499541237 30.956957508443864 30.256529652850443 30.986019805591052 30.36349384262132 30.234936088812958 30.95959985482328 30.068952069358385
30.712334936073344 30.01289454563477 30.591672101036963 30.140477435953752 30.829788937312674 30.918169345722205 30.130581130946727 30.34578369042059 30.989147016988607 30.263697547351025 30.91996092578456 30.909468401869862 30.67480550877242 30.27589154966208 30.14304838686483
30.510135130147408 30.068502189117563 30.60204828927423 30.25550301117688 30.432219757957895 30.854202930975575 30.02066301736252 30.159255327307104 30.559530856645495 30.190546011477448 30.693057266303413 30.978498597865965 30.080651643828325 30.794478166805337 30.74101938163376
30.65928986869328 30.113265186718348 30.95569307950516 30.412695274408396 30.255828014090696 30.32262903132984 30.95870923511811 30.607755976805038 30.6893279017767 30.008838696155284 30.827901069121836 30.072907458037882 30.969511598409003 30.068184454400946 30.530523730467557
30.150097827669263 30.354088717599055 30.6958190546538 30.773747912501427 30.56231540328686 30.688199814149574 30.690118535733834 30.313948789202353 30.355660667538622 30.213648524929987 30.743532483046646 30.259968404263187 30.78141405284585 30.46684902449441 30.16038378707806
30.19679849704633 30.598110232682927 30.49476786524186 30.0289919150209 30.082106615038914 30.001169551927717 30.509739801538153 30.993658683655504 30.775255243634383 30.146425102293442 30.276889733372872 30.421468187660267 30.7469402397714 30.02392403378485 30.981993707622053
30.939517824790293 30.987301190476202 30.25967010027604 30.062964053466494 30.030110722977483 30.38133322044217 30.275513893596678 30.504744774087982 30.614604369111852 30.852656022545062 30.121186042106423 30.39525529598883 30.331023674590746 30.390172733331955 30.207507730703625
30.11912210003822 30.51621156226316 30.66687736603059 30.116102314060104 30.42628911637975 30.740203800545412 30.33604697736954 30.638470098185593 30.75419975899334 30.10867867375442 30.247279930694045 30.206078433128308 30.605094540369112 30.4487465952284 30.763319920727756
30.913157351519764 30.484070219967204 30.924008585577344 30.078329960530624 30.405180784359793 30.888897643569198 30.586726576298098 30.93925930066105 30.00855199608615 30.10919740379614 30.868112624891747 30.454170760604786 30.610801063919457 30.14042327272634 30.032158252126646
30.734874011391835 30.96564156448533 30.847206065529026 30.174089041484017 30.965936114731086 30.29352219992058 30.62096086800163 30.43144377743608 30.118117346403324 30.275848445788544 30.16826321393348 30.693941504620103 30.9315072948112 30.799838525190722 30.739350687794502
30.24771381517462 30.982112013879167 30.101016675332893 30.06020816206723 30.470143863530478 30.615370334938728 30.27163604108335 30.46704672644709 30.90346764956755 30.281053592813397 30.455862427556728 30.25858738935657 30.77845713636769 30.33622957655617 30.436339330428417
30.079412603991425 30.333918822519735 30.69644834108031 30.73179373620026 30.226750339744285 30.083405411458266 30.810033807598394 30.77163099598686 30.133406368100015 30.51745262887691 30.306341747316342 30.191006445136768 30.921162656723972 30.597816558634346 30.326071322282
30.79865038366785 30.84181103129436 30.799601779975706 30.98019402847624 30.309762055720526 30.627092823360965 30.387834173696483 30.603789993506837 30.507577355115135 30.254166612208525 30.076946161207555 30.472058912761486 30.099754079035996 30.399828566555705 30.21480692946449
30.427998691979692 30.169507623052112 30.90455994516877 30.15734328359914 30.434721872530375 30.78646895381521 30.89657950773987 30.555461734115994 30.4101064495002 30.038525913180873 30.83642895820898 30.862895690410635 30.827454035129 30.473447877637554 30.634221815764025
30.491766639301602 30.473055201330137 30.697882966835948 30.16453713989047 30.692061076838794 30.440038077813618 30.67135576864108 30.958041619838703 30.4118901148032 30.907602959571484 30.054183013266485 30.58427469388028 30.107312091631282 30.5057224762646 30.82076351909505
30.256633050046226 30.713662699279443 30.097613006605314 30.23348750968068 30.488442630647683 30.76475151164411 30.625759973278246 30.187550033734276 30.208107432317274 30.951947308588903 30.262005893461676 30.883241815179158 30.601676153672063 30.252089229157313 30.47818700221509
30.75983002794052 30.09276970655524 30.121324472005238 30.81103027175675 30.633930827679126 30.292663135036438 30.151387391181263 30.033500013747393 30.025314011616235 30.457418363834236 30.01549894917816 30.164508755471598 30.724369825272817 30.974314551889844 30.492979735687985
30.249884911493183 30.758006560495772 30.666425247025366 30.8548334244599 30.129715072176758 30.044536831694796 30.252042701004576 30.91697173967132 30.47065616347774 30.193149412498098 30.124751294710304 30.62341637965147 30.186539035253197 30.099852769693353 30.73030365312963
30.108727184386126 30.996561444832672 30.219315170491168 30.20805463979198 30.807069417105286 30.277595142228378 30.650815550617143 30.63755990592735 30.32474817735334 30.55560837122274 30.466558380039935 30.185047150111973 30.47370102247975 30.95093138293204 30.03189453537573
30.679820017569504 30.07535428863524 30.643069424279908 30.419529875266925 30.667255949144344 30.887412910800347 30.952994278657346 30.403591373524126 30.782910919009613 30.280567267273035 30.9543213528632 30.934460736714243 30.37134569860167 30.097764685974628 30.619506803087138
30.441573633278253 30.633639396435036 30.465607598888077 30.38317521847907 30.78892216411785 30.229158382188672 30.195603829133645 30.661914721883253 30.216787445278246 30.179999134819614 30.81240921387668 30.308353599648893 30.143267481323136 30.130626558603762 30.176866529880378
30.197058411480587 30.270455505851285 30.50057925528687 30.133558316627187 30.14077080318329 30.04266246449388 30.834716368538434 30.605756293861255 30.117725865347175 30.137866342215958 30.703330863864426 30.085062950663087 30.35427270890866 30.338610441811667 30.83355662885329
30.518705937598906 30.15174322554571 30.824861580260567 30.76384773060417 30.18435929249254 30.472492282070043 30.658878095047527 30.204910127317298 30.260529807144756 30.207259300366353 30.99092702047985 30.463317355878452 30.449961132605946 30.73447694037154 30.3047284186534
30.738143577748914 30.19417189854471 30.85188015999712 30.842794136042656 30.83629874399257 30.72915845444549 30.41174445807888 30.20436729574644 30.868852237186957 30.475456679423694 30.023309950626768 30.992457969938403 30.78848302916514 30.03017178585518 30.99942291614249
30.301509289817037 30.20729566728162 30.334248446144514 30.319154503234135 30.78351772479989 30.794593341071746 30.425168315791705 30.75413179054766 30.007969700129376 30.69580063408294 30.553425650768336 30.46354360178742 30.839746596045 30.83658000284948 30.340545936714477
30.3012596953007 30.599188516898337 30.68028779978043 30.087076442054133 30.798228494557968 30.8397965980425 30.992267396603697 30.300891838734643 30.28429553698155 30.681592825022644 30.431077835492765 30.009321728064595 30.895810625030638 30.771945000999636 30.33460882028254
30.443021510467602 30.27886905175717 30.110703910856298 30.898133899233866 30.235171669339714 30.642758099060238 30.17278861256454 30.05170539528912 30.366504556601903 30.444157146510054 30.98889504710345 30.735896249715324 30.704822424295536 30.389865887107785 30.10379184383828
30.94774546045561 30.137083656515745 30.634312052229067 30.621706635001853 30.882865396219106 30.972798929149523 30.017816166447297 30.869595233373854 30.735020623507882 30.509392798282377 30.942567942284974 30.561624611824847 30.231090039488187 30.393350109346848 30.015495033144997
30.731990435912124 30.777174644874528 30.685381090043933 30.9006817778687 30.118228407986205 30.170716092110418 30.343502774175654 30.91872175773355 30.12346783534196 30.193841570838117 30.174848365051403 30.806365040665238 30.963615054681835 30.044752936485676 30.175180598996203
30.70704692614197 30.114243332527035 30.48682922382735 30.574498874899607 30.90136236091045 30.712005003646308 30.79921321630221 30.837794081693502 30.006275721760158 30.13667025141959 30.09800444449615 30.331919309606704 30.37283344013334 30.602436788949454 30.363782476074388
30.36270813854861 30.19437241452727 30.220942876850813 30.559036036926152 30.81088732730838 30.40069432888507 30.66345593594881 30.548174713699776 30.650993218687667 30.75840257369317 30.24599758976979 30.143152146874794 30.224417003579546 30.72357454071376 30.98870500145395
30.489330421358122 30.25586650544633 30.500169181900908 30.959518150573683 30.179067823239826 30.251947256493875 30.446046070136845 30.002320560000484 30.934612859335118 30.10122921046843 30.438198593544723 30.7709512229609 30.437239380903655 30.407079575477596 30.059780684111388
30.84304371481591 30.89615945846858 30.327706372414426 30.503733118548553 30.57143820466215 30.2486015758987 30.472271415541694 30.901291651611622 30.245950179343115 30.461543984041118 30.70759529275836 30.37838610746439 30.084570165286376 30.265944024792677 30.56689132417861
30.51891616905542 30.55070620242992 30.795906170552477 30.320128983295884 30.07111574534066 30.50187141374402 30.028082976092495 30.665042169958145 30.671694817552346 30.715256658721895 30.620704676262466 30.42846070568809 30.082174152966346 30.406918592342187 30.73698473890588
30.62955868166974 30.93280428736323 30.46385154011397 30.704250148893973 30.749776074521222 30.251687801775347 30.242001155290268 30.9079971076273 30.078585495682432 30.12019937026777 30.94831701333594 30.14917394591328 30.559938677547148 30.640525326926703 30.821229629521717
30.803344856919423 30.651142196041192 30.027120894814377 30.55147746579179 30.51198951684393 30.32407591555264 30.041109467551543 30.64399780614316 30.809045593602583 30.488081194793597 30.175125552994736 30.71163453336462 30.039901923976156 30.79451068024625 30.965828838702723
30.012705372175255 30.165402494208788 30.994845004120826 30.56229391333762 30.89700961426355 30.56002256108222 30.767445818479988 30.21070634595446 30.20864684032382 30.71122970072289 30.202429261856963 30.629272948944102 30.109055974383004 30.80614455395022 30.93980700864511
30.341979865231476 30.229973293896258 30.55196700012485 30.292957234956145 30.915809308403425 30.54354673218398 30.218235701181026 30.557650751690165 30.703252065870217 30.845633259087194 30.811839925334187 30.106272691482772 30.130429486748366 30.288344985029862 30.499804744534774
30.797543467678945 30.790865141052716 30.969198633152466 30.8802214784875 30.69395694764071 30.605923251049216 30.1867623128323 30.46829765590814 30.072318124665102 30.09515697343833 30.606482301070404 30.81235174080997 30.237176406721996 30.363286664069687 30.24541191348921
30.98367967807479 30.702614457856278 30.755254850311214 30.880853331956573 30.794571726473972 30.894767193703057 30.256780561395015 30.21546253891512 30.990359903127814 30.64560913878918 30.62506308470546 30.890156350578064 30.834227558441142 30.397962449860405 30.922761220336326
30.226199761817405 30.95761429711986 30.222342198357794 30.598100664276295 30.399141027387543 30.084401346032806 30.45816933071796 30.504939232483718 30.59980034713791 30.25366338114506 30.035045906953854 30.288845336533317 30.62130811105979 30.463625013588434 30.30420136855562
30.378722744517432 30.226226474380308 30.238561200064776 30.515882274000695 30.418240155346673 30.594078312029414 30.480733139582114 30.915372639294123 30.347301503832647 30.127145726303702 30.111051394240548 30.798495422293797 30.501019038903152 30.90119000652701 30.425011435536266
30.76686008788984 30.03212785123553 30.087783314531386 30.794546729804726 30.85378537940868 30.682507282066705 30.746232375086304 30.331796693134606 30.153740101877272 30.43045092590276 30.48561247990699 30.397388774550116 30.081309116906333 30.822553565869786 30.63121990776662
30.383684702213767 30.410105694643466 30.86256036642314 30.694789709510278 30.032543158547703 30.79771535724517 30.174249369837167 30.14411473360099 30.65750233311391 30.58967049983082 30.78139575076175 30.695240879528182 30.031887441849953 30.313619269702325 30.25509241182496
30.609202982185813 30.377200055099873 30.424265781990258 30.16717793230551 30.765304213384667 30.84024736366481 30.540323448553327 30.758250073230545 30.604231299646166 30.082821121586015 30.626636791541237 30.479718686193813 30.386836991339536 30.124337966366696 30.31779124265901
30.601579307596328 30.59820997276187 30.375703552315276 30.85394475111683 30.391064770939103 30.741691669991695 30.88176562950003 30.905278822258087 30.462058878704298 30.213788701532057 30.150071403995963 30.89838060018473 30.771132707782378 30.428467923213926 30.585247559295482
30.326032178774057 30.393290761460406 30.868111481413845 30.47117142229383 30.921296703066 30.64899064355874 30.27844680684706 30.647204642194733 30.507455346577384 30.37372651441284 30.796056732370488 30.51011127611038 30.797263131530215 30.122443249340733 30.399613387317256
30.739884260058012 30.40815593075291 30.88327479410159 30.709768785787315 30.195555861925698 30.884454242801024 30.438576266503752 30.827673880042084 30.75616892339601 30.573274565089534 30.85594691531867 30.59838730597501 30.49243755876175 30.787772216304813 30.717916645030655
31.41297368994317 31.44622740225699 31.80950407886835 31.606195830264266 31.421880660461067 31.467837107809007 31.93111369467972 31.044864744138845 31.82222270540492 31.01516427816578 31.921205033919122 31.57660537852422 31.702889406007046 31.55419091531596 31.005185633583984
31.89705472631151 31.783933768610495 31.216824276370556 31.699023507378904 31.00458596316489 31.27048656765406 31.669981549641882 31.60727670698666 31.136299398749333 31.956480934364873 31.728907666872594 31.602417789073243 31.855732707658827 31.659760393446486 31.108067149116042
31.639390663052303 31.0337757897867 31.047683522292562 31.844552981736104 31.827499876404325 31.62150245010298 31.921126195081005 31.351806384943867 31.281147731433435 31.052107721739198 31.064822418057616 31.765543240295834 31.701598145093893 31.828865979620037 31.84327356062805
31.229134956573564 31.60386005239939 31.35700167517705 31.82399453163595 31.032291847803158 31.595947592755316 31.359591416919322 31.84365491627341 31.064750211609635 31.142188174839042 31.28109184101282 31.097712099255602 31.875764724206782 31.797913653663095 31.926815359974647
31.030421969096246 31.740559711224602 31.98978388576086 31.21265130359853 31.029652789189043 31.52649461254195 31.03415595934238 31.3065577787519 31.189715925874797 31.82455022139669 31.235326470481844 31.63182484143865 31.695466873330048 31.76584389265627 31.586138438227596
31.171837108580466 31.70221839991572 31.17823359912526 31.805358090811893 31.26704020675763 31.938547894125808 31.254672259528004 31.18939157021916 31.62704157825529 31.64286826759903 31.70282525673961 31.03032467262004 31.594253661101153 31.859672857828834 31.42456542054155
31.157933688576346 31.7902130958038 31.5676517964164 31.13431203853148 31.50022892141161 31.151686486648707 31.589418391089858 31.966780984711484 31.425256899106095 31.020900271896924 31.741371358348914 31.047565423794737 31.026301000486004 31.39270812375679 31.2222589440104
31.204067988792502 31.4432844271294 31.641236181132076 31.810299685283596 31.479656301906793 31.77509384048148 31.049522989686473 31.04125340962095 31.880516225816066 31.1307052527578 31.247897672135345 31.17362553910835 31.832527837032305 31.891408860745706 31.230316219252725
31.41222644406912 31.154591515517307 31.312092539487704 31.962602251393836 31.557597030478277 31.965182332807423 31.176458572149674 31.722515687822987 31.976350477504095 31.830513283358595 31.339211902909668 31.218798748268398 31.54626915179704 31.63553860713472 31.637672132356318
31.22482556485303 31.020035124624833 31.113130773877945 31.835925987287403 31.932208195879653 31.07276130392082 31.702115929008052 31.976550420018953 31.480688363506765 31.151029649602258 31.421453899990134 31.758101404254237 31.152870919250624 31.124931613096503 31.745701049849156
31.330976497755273 31.53583130824275 31.659645410409652 31.045995240233264 31.209924389623108 31.546356317553013 31.16937373568528 31.021154120504992 31.838387918613282 31.592553486725233 31.194003885117482 31.685079237742684 31.708031359217642 31.301791488302637 31.047642850325794
31.899510287157927 31.836217185459127 31.18341004752664 31.628216974218898 31.14527506079096 31.83486078677568 31.314364889778375 31.348616840561704 31.21053274984721 31.76600652743058 31.636949395889307 31.25240563602747 31.741109066917073 31.472632249556597 31.73996140557698
31.510898987608307 31.14587389058928 31.097603012313556 31.058160178004638 31.663463273541957 31.17921345714342 31.05935957879393 31.269585015028735 31.159168362547568 31.633000411257544 31.83984085188928 31.29628370060363 31.98546974355522 31.962067159161375 31.558303521040344
31.721225232220572 31.428384274879026 31.340038976450565 31.454116434821877 31.622648449657113 31.298662726776957 31.596485235411276 31.082270929502847 31.796823748319678 31.279751108277097 31.72169853247714 31.23726290688103 31.091182913773135 31.405872471308378 31.142013085905628
31.364166122383306 31.101997343086648 31.062349296985104 31.766425387905358 31.490130153444422 31.804262653383592 31.31532591063117 31.88438164486388 31.515201151650658 31.776173403413615 31.824339436798248 31.35494775579539 31.03827671350209 31.556548409903385 31.068726980562
31.16917999746967 31.762170954536035 31.330794360645662 31.127645261714164 31.39036525446711 31.921179711075222 31.579470786172198 31.793518905366952 31.680901384850976 31.105199572383608 31.543247123750543 31.370021727694553 31.109940566111288 31.31636907250135 31.359018553132604
31.10823485280411 31.70251900124231 31.087363953040782 31.50417396165611 31.86841485103802 31.238748668139074 31.014892480576844 31.749486166208587 31.259843272180973 31.140747991013598 31.117601439464174 31.165820844765214 31.20751911812445 31.895340247982563 31.014516775215156
31.855837106753988 31.621994009721213 31.352149446027898 31.038307125448828 31.989079795825017 31.607439017173593 31.4095757369708 31.047072914713397 31.40733914612494 31.433071790998827 31.055233310201523 31.879027352520502 31.536881237808785 31.314360695042605 31.462785821485323
31.106349782602503 31.5951279018767 31.90296275495237 31.863715671353706 31.987655923779233 31.11159270272254 31.26814025245235 31.210414874470164 31.292943931821974 31.596354791089578 31.067440890007568 31.226087414274605 31.980538630731168 31.784080164666154 31.550714658315528
31.297303649788212 31.54247090137167 31.25757572797248 31.01908018348091 31.80664994606681 31.202892974370705 31.41208820459903 31.369241878512717 31.925767242914542 31.053544683091534 31.660036871914578 31.39359901441754 31.59317460261067 31.640949101232994 31.49559523288709
31.577875968821484 31.38662489142662 31.481931562317676 31.539513497462078 31.24054280220168 31.266341678176676 31.47721793415861 31.966800208049225 31.992083883806792 31.71333749212217 31.217284425777894 31.78335829984119 31.657211433642424 31.616115709386822 31.730293241196733
31.262396667997926 31.99941005685167 31.369409445477455 31.30886394673961 31.477415647088527 31.814737369114322 31.04021279908609 31.67059355533349 31.275790981578893 31.220594735726603 31.129210816035457 31.85665283763084 31.225457533616506 31.2552211665225 31.409816723084717
31.953450263788632 31.036920361032845 31.224952940989873 31.562376113963005 31.93426931937683 31.71379785803366 31.588830018197882 31.83769952337591 31.660948204250303 31.217327386722115 31.553919577131857 31.781936155752803 31.36008636275149 31.743741338840998 31.969766285361473
31.13390353195537 31.69392482602079 31.808147232945778 31.55666754140385 31.36633889952751 31.88296253061117 31.204522848908727 31.98001158801031 31.984140223373526 31.205534439707517 31.56866337015984 31.79170468061931 31.61551576507591 31.598991013562983 31.709393981543307
31.799753323105364 31.136063041312518 31.017783576179237 31.093088848847653 31.998356120493156 31.551149669354427 31.66567293380424 31.867512651401015 31.79339926577157 31.12856964947283 31.212443866662998 31.593228560377465 31.892038063676203 31.32130087780211 31.629921248914904
31.414292341892185 31.890087074236124 31.34929047639017 31.33774839764662 31.744679274618463 31.28722923087302 31.919547058664513 31.936301427197254 31.672866914091088 31.387594450072857 31.45541938444714 31.922278362244178 31.194223423346923 31.30204649568577 31.378793767334464
31.431915233795166 31.069327536641538 31.05855657331311 31.443042937819463 31.237445537006128 31.576073138641213 31.648330626801933 31.84991156164068 31.934333776835505 31.674387674024896 31.68789683966241 31.900124494502098 31.499977443084504 31.13462037373618 31.261148591311002
31.22535601234506 31.17898623478035 31.994132685230042 31.42037728841536 31.228299202274286 31.955811130516732 31.301349965712994 31.771618638241797 31.21792690663718 31.712410213066985 31.482510126654123 31.547174830264428 31.86863648882725 31.53680187084376 31.823571221625812
31.576964295730516 31.054822916337468 31.547770382192308 31.498216916392902 31.61038967104567 31.816525820439765 31.03165303210225 31.292624835287242 31.51170373187922 31.19714773802482 31.649051278263325 31.678639908234928 31.95439207786993 31.960842505689957 31.962473548066292
31.16922099198552 31.373880515857284 31.745024356779837 31.560330642499007 31.953505712143354 31.10291381662732 31.032549385643648 31.608368786391942 31.65356517778265 31.810242236756107 31.438473388605384 31.746539814004418 31.67089645110074 31.590790414764175 31.197890807028013
31.867471696926522 31.997927781634488 31.31427305400249 31.4142117583348 31.46211690410196 31.55828735815581 31.129260526166114 31.581335174316376 31.89881990327494 31.109313850519797 31.34098648037883 31.128528122574934 31.21395945280512 31.491262657678327 31.233728857520283
31.25342233567177 31.735485283608952 31.539889093269828 31.792384791830447 31.106391272142613 31.135082586292206 31.292565820925702 31.69289849340619 31.46867188260829 31.31036236691319 31.212818575241858 31.377491014930936 31.426947454155098 31.835389040689357 31.034140736784888
31.508179161444453 31.188708804582415 31.5860215169592 31.481174206978828 31.60086011715391 31.105563392125507 31.54595721258131 31.564819686627562 31.182277788843063 31.175762719934298 31.730033416465872 31.367567401943262 31.38347523906319 31.78257074305815 31.623253564306342
31.236314522581193 31.48587721366764 31.19169678911512 31.527170920595005 31.082162969214693 31.569935586119342 31.378868613432484 31.72967549229976 31.050167511848557 31.081309633143185 31.08772273278616 31.4698945910747 31.16673068329407 31.82584207998489 31.62854013384101
31.256831187708098 31.698317687584865 31.632131017392364 31.819958157583223 31.218528345177862 31.86239072356418 31.6792868580349 31.64863951300414 31.807962396372663 31.219939310526076 31.277502378013764 31.67598235136178 31.372530957153693 31.548709105174606 31.71035319034181
31.95630566778486 31.805916599954013 31.247208527746658 31.60028479790802 31.247546862475165 31.744270420034198 31.351799554670592 31.142531835786006 31.593358931882634 31.5430746966594 31.062654422958513 31.467753716874483 31.93459721116563 31.576706629742162 31.269087989387234
31.339960145790716 31.268536634355588 31.239640576684838 31.940750880005446 31.373839342133405 31.015761786850405 31.396389213158027 31.40839574845453 31.964390168300653 31.67752449023466 31.926698663383327 31.496405416711916 31.161799147682913 31.570464271931915 31.443176535766842
31.188998010106268 31.795792023250137 31.410939214399114 31.22044585252369 31.013001179772555 31.256228608939406 31.787815966289223 31.868082032539945 31.602313520786453 31.470498809590673 31.11041939783469 31.304003972805692 31.972648459006802 31.783316784771177 31.447444002902664
31.140654441564866 31.87988192918527 31.6407991884639 31.78298034801642 31.6832191329407 31.261301963819196 31.20825257299892 31.607411985230822 31.3572976742962 31.166284977358174 31.309884044150845 31.433789388644993 31.532853981605882 31.771399870012466 31.368688288725828
31.784389074044835 31.39193725211823 31.044667730301327 31.346053374833982 31.427517879272255 31.699579506351668 31.37468145348856 31.03316639902153 31.161223793568777 31.080438782321735 31.01251631220388 31.43008962853862 31.238426025361637 31.67817212209889 31.48783880489476
31.363416130377786 31.607079098721144 31.880185485142146 31.25534799547414 31.939703926862645 31.49933694048472 31.12732292117452 31.703659568409886 31.909425730306136 31.54528447411738 31.696220431225953 31.31597035662933 31.52496116089315 31.5096561131562 31.74146463435679
31.210316414794562 31.016197047341347 31.95406171838714 31.81536006158836 31.50696542710233 31.378590439171987 31.61259250904042 31.545023152526742 31.971459960932545 31.771088337480712 31.035280534643466 31.139685103914456 31.16405520287782 31.4550868944604 31.101737572790412
31.92549952347559 31.88977100244928 31.870651819762074 31.336399962259442 31.16081527100235 31.088004776287367 31.142511455824703 31.567158397505573 31.97178875937481 31.426628510864393 31.035871985868088 31.360752359385362 31.366373788145392 31.772719267611322 31.14089445123209
31.841161348420645 31.934141734536777 31.400549656745035 31.85471120881141 31.95132571059164 31.020048127801292 31.267190901773528 31.55114956522221 31.953882282152236 31.87217642701649 31.9370579452383 31.180868528928418 31.983200842410643 31.5066533634237 31.76895241522718
31.428404203108094 31.758859715170757 31.807344671923524 31.792635986220027 31.46765822929137 31.14979961173528 31.683603857702444 31.296693101065017 31.303652719216778 31.138747134978164 31.94626068744531 31.52541876937132 31.66591426503118 31.87810035927493 31.930200285683814
31.039693520989996 31.427638582975014 31.951320740604043 31.791297832023496 31.235284152684635 31.56482664459058 31.657977058105025 31.836137581357193 31.231735691368442 31.74087176898708 31.125938828252252 31.204859518408416 31.84599638255668 31.704616550106184 31.32081795032183
31.720640443101036 31.64714412380142 31.82368775038382 31.570609071457717 31.743730795187442 31.152059167705463 31.239955661639943 31.05258057122544 31.423632470862213 31.06661493721821 31.330254195325438 31.79982000844314 31.829916633270994 31.102934549751893 31.38303670342641
31.176438752876898 31.06034527988903 31.310488429378154 31.660431604376157 31.443292889177705 31.574373450283684 31.04728345940381 31.305200937626648 31.990178349990074 31.680773894860035 31.687122049113388 31.87339429410707 31.04581024698155 31.320039709178715 31.909884983393894
31.626029064961724 31.193497704687477 31.02538428494107 31.95401950737595 31.09691783798539 31.81827726522174 31.220572369892157 31.523889582908787 31.868801846312405 31.690369078990525 31.818480021615596 31.139372603343283 31.93623933265359 31.250172400801098 31.42119494839888
31.59106335571611 31.511236390567955 31.80161748135534 31.29063349513767 31.821671838921862 31.636396488897855 31.743543461645366 31.6580636565129 31.992679245828366 31.510404877296114 31.17287294476132 31.871588544792612 31.71504210733025 31.001952205982022 31.67870521991058
31.342557995192113 31.42371133178555 31.430741413647954 31.913052645410545 31.24504048270727 31.65795989417974 31.328010487085415 31.571794959281775 31.446901730797848 31.57298874559594 31.554043518398196 31.748529031304063 31.206699733095483 31.353007822248514 31.846430183157338
31.234342269052824 31.757520902740662 31.321965107547697 31.600374729746875 31.228140163488597 31.017045506264925 31.455323254038994 31.441142698598203 31.09500920768716 31.312544665302898 31.684760259898848 31.93877409217538 31.26419881921926 31.19017563241338 31.85739688017177
31.636479974716583 31.0936570218892 31.08985560461889 31.46212992388787 31.41667901153222 31.544656045741824 31.910158818078457 31.267877717133185 31.112418981229844 31.807895998371755 31.262095564571368 31.832019906610267 31.18696804575485 31.6015760641174 31.516295651434465
31.432040658496824 31.250648994504655 31.722274239468387 31.585033332012237 31.34936111550274 31.16152918908024 31.571078278848276 31.74869441813473 31.591572861574914 31.465367721441694 31.800261991930068 31.73570031192384 31.07776149289029 31.970260507723275 31.929902808440072
31.69556829976232 31.031335329686748 31.322712957482818 31.769187610627778 31.666700595082993 31.82575118049184 31.55440915426218 31.743756000464092 31.633659830322898 31.810755681427466 31.702735412961864 31.778281391619636 31.293101526492126 31.71023704869155 31.773154925806093
31.21259171295566 31.203199205194387 31.0275087129935 31.507819642146565 31.33998361707448 31.07831115478807 31.5198232059452 31.652344683756603 31.54798505668038 31.608802355220114 31.211140603386976 31.671458671939803 31.714672994356416 31.33534872304688 31.60065318354447
31.154284061008685 31.467754611072046 31.787715402711857 31.69429342070941 31.471289018718533 31.148971690201275 31.309914409831936 31.23743055266965 31.59749239442329 31.842989502900355 31.736811374796527 31.059185742114128 31.4002922788745 31.627783388158665 31.361664801278618
31.752273929723835 31.105327315867562 31.282637353021588 31.439745798323507 31.007006112682983 31.100069378037997 31.05022051807639 31.810099952885505 31.79406273199843 31.712385260029897 31.690809696337226 31.085677044315794 31.24787525265429 31.110093776307533 31.989576601513278
31.26146875277349 31.540929840828653 31.007584121140177 31.081960798357287 31.52095800892909 31.25903322417753 31.436850079545128 31.447500748476305 31.48309839292855 31.788557601344095 31.44283414543901 31.189096406438132 31.12520518516646 31.008908189728082 31.196764018783917
31.262529616068576 31.14155460803559 31.146933174412013 31.686203716209423 31.650168292036298 31.553151347234305 31.99472262318019 31.83683022545607 31.083133827191286 31.971038495869713 31.8182197071313 31.648485663729407 31.80781132321377 31.03368838607493 31.191293404505785
31.686844084862713 31.065434599470404 31.18842664590744 31.67839944923351 31.062071107136042 31.407578990791478 31.167506063476118 31.758681934768855 31.847143715614177 31.70574714296694 31.221360442278417 31.635345035879777 31.741036318998606 31.729833657999873 31.414733454260958
31.606350769438194 31.665768558627974 31.46810698662354 31.065790872839308 31.485975295177905 31.90134938862338 31.94044791150878 31.713988896112372 31.161482675720208 31.30894063086341 31.11693539712543 31.839385403394374 31.745151808359125 31.170102808186854 31.695473142124328
